date,ticker,Close,High,Low,Open,Volume,SMA_10,STOCH_K_14,MACD_signal_9,RSI_14,CCI_20,daily_compound_sentiment,eps_surprise_pct,sue,volume,shares_outstanding,turnover,close,volatility
2020-01-02,LLOY,63.709999084472656,63.84000015258789,63.2400016784668,63.75,157613349,63.10399971008301,25.856906804003327,0.9881673583116314,56.34604733484489,47.09406146095385,-0.08816176470588236,,-0.018,138676108.0,70052557838.0,0.0019796009207928,63.71,
2020-01-03,LLOY,63.04999923706055,63.79999923706055,62.45000076293945,63.79999923706055,198856652,63.07899971008301,20.93887588108266,0.9516681551198316,57.72594531700598,17.945292467843313,0.14268333333333333,,-0.018,156449747.0,70052557838.0,0.0022333195507549,63.05,
2020-01-06,LLOY,63.25,63.32400131225586,62.071998596191406,63.20000076293945,136196286,63.06799964904785,19.55176431189242,0.9151060478445602,56.40409473390355,-0.3911291252602062,0.09807333333333332,,-0.018,140313894.0,70052557838.0,0.0020029803097908,63.25,
2020-01-07,LLOY,63.11000061035156,63.68999862670898,62.88999938964844,63.11000061035156,107254282,62.98699989318848,22.039483384415576,0.8761018393020366,45.501467084145645,13.72505740544777,0.059199999999999996,,-0.018,94541862.0,70052557838.0,0.0013495847249237,63.11,
2020-01-08,LLOY,62.790000915527344,62.869998931884766,62.0099983215332,62.58000183105469,157679455,63.03299980163574,29.31036183723737,0.8305094125142976,29.653272984961177,-37.5044986793402,-0.2743892857142857,,-0.018,129545702.0,70052557838.0,0.0018492644094392,62.79,
2020-01-09,LLOY,61.84999847412109,63.5,61.74599838256836,63.45000076293945,173659260,62.99799957275391,3.762661009954911,0.7662875596213183,40.8804904697264,-53.22117590023244,-0.07024999999999999,-0.516,-0.516,,,,,
2020-01-10,LLOY,60.33000183105469,61.7599983215332,60.09000015258789,61.5,224795444,62.68899993896484,5.429899790882187,0.667758575962553,33.9000929149512,-161.2464175930003,-0.04701428571428572,,-0.516,207690718.0,70052557838.0,0.0029647842193042,60.33,
2020-01-13,LLOY,58.7400016784668,61.75,58.64500045776367,59.75,250375742,62.24500007629395,1.6197986959137547,0.5260021188439195,25.191566296316736,-215.01383357780855,0.19702,,-0.516,225789352.0,70052557838.0,0.0032231421516705,58.74,
2020-01-14,LLOY,58.75,59.00600051879883,58.27999877929688,58.75,235807714,61.80800018310547,7.544156780911583,0.3635432786920161,29.796813390545225,-244.02371399999265,0.27598181818181816,-0.664,-0.664,213731936.0,70052557838.0,0.0030510225835616,58.75,
2020-01-15,LLOY,57.810001373291016,58.90999984741211,57.68999862670898,58.869998931884766,237998772,61.33900032043457,1.759570158790887,0.1807992290214564,27.300911662254972,-219.5965860285445,-0.20256666666666667,,-0.664,213182922.0,70052557838.0,0.0030431854107739,57.81,
2020-01-16,LLOY,57.900001525878906,58.18199920654297,57.2400016784668,57.959999084472656,152237722,60.7580005645752,9.07840173114834,-0.0040556300761423,17.681493075470314,-187.01711898282255,,-0.672,-0.672,136992063.0,70052557838.0,0.0019555611847436,57.9,
2020-01-17,LLOY,58.45000076293945,58.72999954223633,57.88999938964844,58.310001373291016,185978030,60.298000717163085,18.333323700257203,-0.1717589462533786,23.27682261819426,-131.8770633204946,,,-0.672,134990997.0,70052557838.0,0.0019269959751101,58.45,
2020-01-20,LLOY,57.900001525878906,58.709999084472656,57.76100158691406,58.709999084472656,72762048,59.763000869750975,10.0,-0.3283041658790355,22.055666034831404,-118.19798383205726,,,-0.672,67960120.0,70052557838.0,0.0009701304577223,57.9,
2020-01-21,LLOY,58.5,58.63999938964844,57.22999954223633,57.52000045776367,266967743,59.30200080871582,19.213318313084468,-0.4593284508316411,28.54075426288689,-102.28412135683077,,,-0.672,164835569.0,70052557838.0,0.0023530271283054,58.5,
2020-01-22,LLOY,58.09000015258789,58.560001373291016,57.84000015258789,58.380001068115234,163118813,58.83200073242188,13.089812028896478,-0.5729826044840844,17.018757849350663,-89.08355027512988,,-0.72,-0.72,128454906.0,70052557838.0,0.0018336933006366,58.09,
2020-01-23,LLOY,57.400001525878906,58.84999847412109,57.400001525878906,57.959999084472656,167221590,58.387001037597656,2.6316100268682274,-0.6794941396543128,16.95904528072407,-87.0910340123795,,,-0.72,157120324.0,70052557838.0,0.0022428920349111,57.4,
2020-01-24,LLOY,58.09000015258789,59.2599983215332,57.84999847412109,58.09999847412109,146725561,58.163000869750974,13.312704833328413,-0.7633880795695175,21.46014459576189,-64.72587878206983,,,-0.72,137547207.0,70052557838.0,0.0019634858632583,58.09,0.168291589251367
2020-01-27,LLOY,57.11000061035156,57.790000915527344,56.72999954223633,57.20000076293945,156667186,58.00000076293945,5.613013920544989,-0.8426032944770948,19.63559564166519,-91.3946462921256,,,-0.72,145947253.0,70052557838.0,0.0020833964883553,57.11,0.172797701415824
2020-01-28,LLOY,57.63999938964844,58.2400016784668,56.82099914550781,57.5,114274583,57.88900070190429,13.441651194698869,-0.9043570983999965,24.47964673368544,-74.55814462665019,,,-0.72,96303698.0,70052557838.0,0.0013747349272057,57.64,0.1778583491833732
2020-01-29,LLOY,57.5,58.44599914550781,57.43000030517578,57.959999084472656,105528590,57.85800056457519,15.308163909163165,-0.9521015874924158,26.58770080572772,-62.89251856941771,,-0.778,-0.778,,,,,0.1785474286820183
2020-01-30,LLOY,57.93000030517578,58.26499938964844,57.0,57.0,134419233,57.86100044250488,23.904395488323,-0.979532028604822,35.36582529222015,-60.73884345908123,,,-0.778,127733419.0,70052557838.0,0.0018233940764217,57.93,0.1785857401734206
2020-01-31,LLOY,56.790000915527344,58.47999954223633,56.34999847412109,58.47999954223633,179297410,57.69500045776367,15.120359604058,-1.0087475417601806,37.41933133918714,-76.88037660453865,,,-0.778,173795284.0,70285353360.0,0.0024727098277478,56.79,0.1873440462759928
2020-02-03,LLOY,56.54999923706055,57.20000076293945,56.18999862670898,56.97999954223633,153681928,57.56000022888183,11.726405411651852,-1.0390803249252167,36.21552009721273,-99.92566692708144,,-0.691,-0.691,146260866.0,70285353360.0,0.0020809579664607,56.55,0.1478463291843972
2020-02-04,LLOY,57.5,57.59000015258789,56.83000183105469,57.31999969482422,113644729,57.46000022888184,42.67105874634373,-1.0509983150973503,48.06006505519857,-70.98411913601834,,,-0.691,103607028.0,70285353360.0,0.0014740913013459,57.5,0.1619932472575993
2020-02-05,LLOY,57.13999938964844,58.32799911499024,57.13999938964844,57.65999984741211,194283019,57.36500015258789,30.94465333469188,-1.0540976707631724,45.39949974784188,-57.00792609956567,,,-0.691,134166824.0,70285353360.0,0.0019088873796052,57.14,0.1629738072307443
2020-02-06,LLOY,56.95000076293945,58.27000045776367,56.845001220703125,57.650001525878906,142821635,57.32000007629394,24.75577237065441,-1.0521360191279134,40.50632177913755,-71.35043775023775,,,-0.691,128432439.0,70285353360.0,0.0018273001821897,56.95,0.1538022435473367
2020-02-07,LLOY,56.91999816894531,57.08000183105469,56.20000076293945,56.81999969482422,124996718,57.202999877929685,23.778489081515243,-1.0451857022360052,43.360408389856005,-140.06133935911706,,,-0.691,111911096.0,70285353360.0,0.0015922392169929,56.92,0.1535735971118075
2020-02-10,LLOY,56.880001068115234,57.15999984741211,56.47999954223633,56.65999984741211,203893458,57.179999923706056,22.475651791416805,-1.0337288744529507,38.12316781154266,-118.82838914708584,,,-0.691,120003289.0,70285353360.0,0.0017073726354528,56.88,0.1535447757191548
2020-02-11,LLOY,56.72999954223633,57.5,56.34999847412109,57.5,164536871,57.08899993896485,17.589608117477777,-1.0200851483237854,39.6341378315764,-105.13923460202632,,-0.674,-0.674,118240639.0,70285353360.0,0.0016822941530132,56.73,0.1486678827925356
2020-02-12,LLOY,57.43999862670898,57.63999938964844,56.20500183105469,56.7599983215332,125454586,57.082999801635744,40.71661642531766,-0.9921333422314478,50.30392942923879,-64.30817550700452,,-0.987,-0.987,,,,,0.1481122654723714
2020-02-13,LLOY,58.02999877929688,58.150001525878906,56.20000076293945,57.43999862670898,171006145,57.092999649047854,80.3493195182489,-0.9450044082528524,49.53702640795012,-8.852976169449578,,,-0.987,159196787.0,70285353360.0,0.0022650065680768,58.03,0.153311226611213
2020-02-14,LLOY,56.61000061035156,58.20000076293945,56.54999923706055,58.130001068115234,141080959,57.07499961853027,18.340690643167697,-0.9088275838746024,46.38728228105728,-53.55587980377039,,,-0.987,137546602.0,70285353360.0,0.0019569738988931,56.61,0.1744310914328855
2020-02-17,LLOY,56.869998931884766,57.209999084472656,56.52999877929688,56.66999816894531,82623091,57.1069995880127,29.69432459895721,-0.8751922552597434,44.21052088131584,-85.3313399975182,,,-0.987,69366782.0,70285353360.0,0.0009869308281727,56.87,0.1708597032864617
2020-02-18,LLOY,55.880001068115234,56.9900016784668,55.880001068115234,56.20000076293945,166751570,56.94499969482422,0.0,-0.8587132039877923,39.200001627605,-167.60971319988457,,,-0.987,128748154.0,70285353360.0,0.0018317920853375,55.88,0.1743634607407526
2020-02-19,LLOY,55.77999877929688,56.400001525878906,55.630001068115234,56.20000076293945,115708021,56.80899963378906,5.263080403153484,-0.8534895311005603,35.00695903109856,-191.7143960893852,,-0.964,-0.964,96597931.0,70285353360.0,0.0013743678644571,55.78,0.1651407566639128
2020-02-20,LLOY,56.54999923706055,58.130001068115234,55.90999984741211,55.9900016784668,250479278,56.76899948120117,34.099289657044615,-0.8413641620236019,48.23528157798336,-44.01862303282495,,-0.875,-0.875,233650506.0,70285353360.0,0.0033243128878252,56.55,0.1696410915221807
2020-02-21,LLOY,55.34999847412109,56.060001373291016,55.16999816894531,55.68000030517578,325612555,56.61199951171875,5.69981796241111,-0.8427762475680636,42.26803464886343,-220.95186827063284,,-2.985,-2.985,294712910.0,70285353360.0,0.0041930913897592,55.35,0.1843626468838229
2020-02-24,LLOY,53.11000061035156,54.380001068115234,52.29999923706055,53.880001068115234,290401275,56.23499946594238,13.43731568835416,-0.8864163236588191,25.74584745755567,-366.4006389068629,,-2.976,-2.976,281053506.0,70285353360.0,0.0039987492779676,53.11,0.229459050392654
2020-02-25,LLOY,52.0099983215332,53.84799957275391,51.97999954223633,53.52000045776367,328451066,55.76299934387207,0.4769280593079206,-0.9697659731927952,23.799782495950524,-286.51545968241544,,-2.116,-2.116,259108225.0,70285353360.0,0.0036865180668987,52.01,0.2327742951041783
2020-02-26,LLOY,51.90999984741211,52.31999969482422,51.02000045776367,52.09999847412109,323387690,55.20999946594238,12.395534147914615,-1.0730206121359096,24.02060566400137,-246.7817264485417,,-1.469,-1.469,227772770.0,70285353360.0,0.0032406861331884,51.91,0.2266512024818641
2020-02-27,LLOY,50.34999847412109,51.290000915527344,49.58000183105469,51.16999816894531,318291781,54.441999435424805,8.932676780483616,-1.2057818137974805,20.74798666791672,-230.29025584005475,,-1.465,-1.465,,,,,0.2442667757922001
2020-02-28,LLOY,50.20000076293945,50.5,47.88100051879883,48.79499816894531,616992296,53.80099945068359,22.473109693522964,-1.3497225009834577,20.54672635626997,-199.7298768794425,,,-1.465,532386947.0,70426890295.0,0.007559427155877,50.2,0.2297906418031211
2020-03-02,LLOY,49.540000915527344,52.06900024414063,48.632999420166016,51.4900016784668,354681470,53.06799964904785,16.07714272194669,-1.5005782859354415,19.662439379282475,-145.12440617033175,0.03242727272727272,-1.615,-1.615,342308450.0,70426890295.0,0.0048604794073138,49.54,0.2309275575776669
2020-03-03,LLOY,48.67499923706055,50.79999923706055,48.54499816894531,50.5099983215332,276224597,52.347499465942384,7.694531441769954,-1.658240685805005,13.494371532850892,-137.05645289840044,0.0444,-1.835,-1.835,257154380.0,70426890295.0,0.0036513663875097,48.675,0.2333750081359896
2020-03-04,LLOY,48.3650016784668,49.14599990844727,47.68000030517578,48.005001068115234,271341849,51.60599975585937,6.511419614867891,-1.813070780557044,8.784641777802648,-135.38900479729313,0.20268999999999998,-2.217,-2.217,251250958.0,70426890295.0,0.0035675429789328,48.365,0.2322116996369308
2020-03-05,LLOY,47.0,48.55699920654297,46.20500183105469,48.3650016784668,255914487,50.65099983215332,6.666651738430431,-1.9756546414221183,8.826040624734418,-138.0683550205466,0.20807272727272724,,-2.217,245619846.0,70426890295.0,0.0034875861332391,47.0,0.2419698823919582
2020-03-06,LLOY,45.68000030517578,46.65999984741211,44.84600067138672,45.459999084472656,345739690,49.68400001525879,6.278226504678919,-2.1511324056570738,6.048707662627336,-146.6413143777432,0.43464,-0.327,-0.327,322661524.0,70426890295.0,0.0045815103101734,45.68,0.2363815285513962
2020-03-09,LLOY,41.23500061035156,44.01399993896485,39.367000579833984,40.75,496506848,48.49650001525879,9.955763907186748,-2.3915074925300366,4.7574939291284295,-190.08080548444264,0.14022222222222222,,0.644,486131439.0,70426890295.0,0.0069026395594597,41.235,0.3744223568699686
2020-03-10,LLOY,42.53499984741211,45.0,41.59000015258789,42.290000915527344,494209542,47.54900016784668,16.884289213533584,-2.633766646811365,11.9068156150484,-142.57825181143025,0.22518771929824563,0.656,0.656,467045508.0,70426890295.0,0.006631636098707,42.535,0.4075769179758646
2020-03-11,LLOY,42.119998931884766,44.21099853515625,41.625,42.63999938964844,372371693,46.57000007629394,16.491932074488627,-2.8651252831455936,7.633583853458262,-131.15978734842253,,,0.656,331367702.0,70426890295.0,0.0047051303928369,42.12,0.4076558502166238
2020-03-12,LLOY,36.994998931884766,41.165000915527344,36.61000061035156,39.86000061035156,543757343,45.23450012207032,2.1665633743132418,-3.1527596656808816,6.203766929711804,-174.24872621652057,,0.171,0.171,546002606.0,70426890295.0,0.0077527575577018,36.995,0.5562172495265794
2020-03-13,LLOY,37.88999938964844,40.13399887084961,37.08000183105469,38.54499816894531,408864062,44.00349998474121,7.425448754746243,-3.439123339468484,11.193266835828354,-149.4982735707595,,-0.321,-0.321,383268894.0,70426890295.0,0.0054420817445522,37.89,0.5656593657980347
2020-03-16,LLOY,35.11000061035156,35.96200180053711,32.20000076293945,35.5,536586936,42.56049995422363,14.46322068536766,-3.746193699781172,10.31000466758465,-170.81311980719985,,-0.172,-0.172,477687648.0,70426890295.0,0.006782745141793,35.11,0.5975415721347511
2020-03-17,LLOY,35.31999969482422,36.55400085449219,31.600000381469727,36.0,441849428,41.225,18.17382059852673,-4.038256728392702,11.238313254773146,-145.2636180975,,-11.366,-11.366,422043275.0,70426890295.0,0.0059926439067829,35.32,0.6010215286204518
2020-03-18,LLOY,33.6349983215332,34.435001373291016,32.150001525878906,33.625,358206359,39.75199966430664,9.941853308498384,-4.323282234517077,11.173050104658287,-136.60247821610005,,-43.036,-43.036,,,,,0.610171861082272
2020-03-19,LLOY,32.375,34.21799850463867,30.700000762939453,33.279998779296875,698106099,38.28949966430664,7.838454198728791,-4.599204152473673,10.625133455428369,-129.0076335419593,,,-43.036,405997738.0,70426890295.0,0.0057648113710456,32.375,0.6122377563831527
2020-03-20,LLOY,32.099998474121094,34.54499816894531,31.399999618530277,33.75,675068283,36.93149948120117,6.965163270953223,-4.848860806999018,10.80898327773876,-113.33448293110814,,-42.38,-42.38,,,,,0.6103838877726875
2020-03-23,LLOY,30.56999969482422,31.99099922180176,29.816999435424805,29.950000762939453,380314599,35.86499938964844,3.895702007200934,-5.082326191211887,10.495304750484806,-118.92087405548344,,,-42.38,330035285.0,70426890295.0,0.0046862112414387,30.57,0.6164845191323122
2020-03-24,LLOY,33.64500045776367,33.64500045776367,30.75,31.3700008392334,386440167,34.975999450683595,20.42690004851831,-5.232761068975492,21.339561826764623,-89.4222144843184,,,-42.38,360530979.0,70426890295.0,0.005119223317824,33.645,0.7571538497543778
2020-03-25,LLOY,36.72999954223633,38.492000579833984,33.0,35.2400016784668,431074933,34.43699951171875,41.04375668061781,-5.262122109423098,31.2591216867646,-48.29639309760192,,-41.605,-41.605,419590966.0,70426890295.0,0.0059578232723671,36.73,0.8491352094429881
2020-03-26,LLOY,37.560001373291016,37.93999862670898,34.400001525878906,35.13999938964844,337909827,34.493499755859375,50.99783738355444,-5.188821624813151,34.9126737682504,-37.0806687441802,,-41.642,-41.642,327686880.0,70426890295.0,0.0046528659525843,37.56,0.8581347955830007
2020-03-27,LLOY,34.39500045776367,36.97700119018555,33.52000045776367,35.5,391858874,34.143999862670896,30.152149457335906,-5.093686784736721,36.65626245116093,-51.12571359616173,,-47.062,-47.062,,,,,0.8565373236933518
2020-03-30,LLOY,33.5,36.97700119018555,32.38999938964844,34.1349983215332,266071926,33.98299980163574,25.587055682419145,-4.992523386228575,32.09118131296046,-55.16389862823009,,,-47.062,256931577.0,70426890295.0,0.0036482027805541,33.5,0.8947721692219204
2020-03-31,LLOY,32.0,36.97700119018555,31.71500015258789,32.0099983215332,434167505,33.65099983215332,19.236872399099035,-4.90543720985316,30.767771942881325,-60.1223020531979,,-51.097,-51.097,417688710.0,70442102615.0,0.0059295321192053,32.0,0.8479992922759296
2020-04-01,LLOY,28.270000457763672,31.0,28.209999084472656,30.0,633114108,33.11450004577637,0.5031983760983171,-4.880069045395551,32.4904712953802,-122.82273167920133,,-52.281,-52.281,580884712.0,70442102615.0,0.0082462716250083,28.27,0.9249713361491836
2020-04-02,LLOY,28.905000686645508,29.799999237060547,27.82900047302246,27.94499969482422,480846533,32.76750011444092,10.090970672838107,-4.873460653957551,31.77854704366385,-124.60284150763734,,-48.74,-48.74,451339513.0,70442102615.0,0.0064072407870444,28.905,0.9209405120744882
2020-04-03,LLOY,27.725000381469727,28.858999252319336,27.700000762939453,28.48500061035156,319660657,32.33000030517578,0.2316495455377726,-4.886675560675082,33.98395246114961,-135.9638905120133,,,-48.74,282782425.0,70442102615.0,0.0040143950067127,27.725,0.8402676972468148
2020-04-06,LLOY,29.940000534057617,29.940000534057617,28.14800071716309,28.524999618530277,334338098,32.267000389099124,20.75611387253284,-4.865145823539569,39.26576525047191,-104.33538395349692,,-43.22,-43.22,293350897.0,70442102615.0,0.004164425622036,29.94,0.8944633448833174
2020-04-07,LLOY,31.21999931335449,32.32500076293945,30.25,30.63999938964844,470424722,32.0245002746582,32.616740271850205,-4.791457156753713,45.10241545138791,-56.97393074743834,,-49.504,-49.504,447399653.0,70442102615.0,0.0063513103157248,31.22,0.8805533558797746
2020-04-08,LLOY,31.86000061035156,31.86000061035156,29.913000106811523,30.01499938964844,257197311,31.537500381469727,38.54707114523633,-4.667807618051043,48.9286471579359,-51.08208222918069,,-55.913,-55.913,250237975.0,70442102615.0,0.0035523921874914,31.86,0.8843214603843259
2020-04-09,LLOY,33.38999938964844,35.35499954223633,32.02000045776367,32.099998474121094,371893146,31.12050018310547,52.7242283473863,-4.484276371177222,52.5504169015971,23.80430524785797,,-41.327,-41.327,331487833.0,70442102615.0,0.0047058196830344,33.39,0.88637106629419
2020-04-14,LLOY,31.78499984741211,33.400001525878906,31.70499992370605,33.01499938964844,286063632,30.859500122070312,37.85210483489557,-4.288219698333052,52.39503266743196,-7.480336039839312,,,-19.601,234692031.0,70442102615.0,0.0033317011032834,31.785,0.8932679061761425
2020-04-15,LLOY,29.7450008392334,31.690000534057617,29.68000030517578,31.434999465942383,333883339,30.48400020599365,18.949222674119795,-4.117363218520191,41.98520421134427,-66.56855894287528,,-8.565,-8.565,316276990.0,70442102615.0,0.0044898857112287,29.745,0.922183296055508
2020-04-16,LLOY,29.434999465942383,30.899999618530277,29.13500022888184,29.725000381469727,246071360,30.22750015258789,16.94335024367129,-3.966819897713196,33.07817367781287,-75.93070205372096,,-5.031,-5.031,236450496.0,70442102615.0,0.0033566643700616,29.435,0.907181123872464
2020-04-17,LLOY,30.450000762939453,31.299999237060547,29.88999938964844,30.25,313340055,30.44550018310547,29.64320225666246,-3.81166526323892,33.64765395258931,-46.49264250426231,,,-5.031,269884084.0,70442102615.0,0.0038312894417,30.45,0.8373006691455208
2020-04-20,LLOY,30.1200008392334,30.94099998474121,29.600000381469727,30.649999618530277,184756278,30.56700019836426,26.08601880826182,-3.6583312089062057,38.69346875625841,-52.42165115014776,,,-5.031,169211695.0,70442102615.0,0.0024021386176506,30.12,0.7577989954805908
2020-04-21,LLOY,29.21999931335449,30.17099952697754,29.125,29.299999237060547,307829234,30.71650009155273,16.38459071264973,-3.5201972053104207,38.68323561744782,-69.22632484989202,,7.557,7.557,170047055.0,70442102615.0,0.0024139974345937,29.22,0.7518673790935207
2020-04-22,LLOY,29.915000915527344,30.18000030517578,29.399999618530277,29.530000686645508,158235468,30.714000129699706,28.935342988929158,-3.3797199256230988,44.24192571697542,-56.17759423826973,,13.568,13.568,148714075.0,70442102615.0,0.0021111532660061,29.915,0.7613256475516772
2020-04-23,LLOY,30.424999237060547,30.424999237060547,29.459999084472656,29.94499969482422,180356670,30.634500122070317,35.597634339157786,-3.229298186291972,57.23882589862568,-43.90129432107156,,25.814,25.814,170503465.0,70442102615.0,0.0024204766562957,30.425,0.7099329562846378
2020-04-24,LLOY,29.73500061035156,30.350000381469727,25.674999237060547,29.649999618530277,204121119,30.422000122070312,41.94216162493488,-3.084177109760252,52.77777742314656,-89.01330511755143,,,25.814,192380049.0,70442102615.0,0.0027310378574508,29.735,0.6972491952959085
2020-04-27,LLOY,30.53499984741211,30.899999618530277,30.0,30.68000030517578,173245463,30.13650016784668,50.20661629269761,-2.930192888523991,59.64972379468597,-13.980168121219696,,,25.814,169619803.0,70442102615.0,0.0024079321414787,30.535,0.5588160673234606
2020-04-28,LLOY,33.244998931884766,35.7599983215332,30.46999931335449,30.57999992370605,464384721,30.282500076293942,75.06197701573767,-2.728810572278847,60.9764156411473,113.36632526174934,,,25.814,423103091.0,70442102615.0,0.0060063949725132,33.245,0.6332852297661572
2020-04-29,LLOY,34.7599983215332,34.7599983215332,32.7599983215332,33.20000076293945,419861412,30.783999824523924,90.08428268932968,-2.4778864004129124,61.576191098132654,158.58941477957268,,,25.814,369809822.0,70442102615.0,0.0052498407666958,34.76,0.6450589955703394
2020-04-30,LLOY,32.2400016784668,34.92900085449219,31.597000122070312,34.7599983215332,612396060,31.064500045776366,65.09670835284497,-2.2436216832666367,51.10658472063277,108.45603188304878,,25.439,25.439,572882073.0,70453630525.0,0.0081313350175292,32.24,0.6866419971540371
2020-05-01,LLOY,31.684999465942383,32.08399963378906,30.395000457763672,31.979999542236328,348622494,31.18799991607666,59.5934633066563,-2.0358204016683383,44.736029155173405,29.510563404689545,-0.012723076923076924,21.544,21.544,327130741.0,70453630525.0,0.0046432062984166,31.685,0.6374042272223253
2020-05-04,LLOY,30.600000381469727,31.44499969482422,30.350000381469727,31.3700008392334,315203318,31.235999870300294,48.83491910268931,-1.8681696555505984,46.22009675339396,-4.296003007856593,0.03554021739130435,22.588,22.588,290436266.0,70453630525.0,0.0041223747283958,30.6,0.6332613038634995
2020-05-05,LLOY,30.57999992370605,31.709999084472656,30.322999954223636,31.0,342698821,31.37199993133545,48.63660021742074,-1.7305341754537285,53.05748502057227,-8.451055499000736,0.028659322033898305,12.175,12.175,301454930.0,70453630525.0,0.0042787707000142,30.58,0.6285029906770733
2020-05-06,LLOY,30.170000076293945,30.7549991607666,30.01000022888184,30.549999237060547,244033168,31.39749984741211,44.571157633064296,-1.6215238325748609,52.67175847733783,-44.36232847926054,-0.40014375,8.153,8.153,,,,,0.601029435934844
2020-05-07,LLOY,31.28499984741211,31.28499984741211,30.020000457763672,30.100000381469727,178698841,31.483499908447264,55.62718016493413,-1.514684722495451,53.01335020556146,-10.904555499951591,-0.013077777777777763,,8.153,169072060.0,70453630525.0,0.0023997636280788,31.285,0.5955930422992914
2020-05-11,LLOY,30.415000915527344,32.39500045776367,30.18000030517578,32.36000061035156,245474742,31.551499938964845,47.00051669577966,-1.4252352337319962,51.02466198046594,-2.441001933029143,,,8.153,228023858.0,70453630525.0,0.0032365096915635,30.415,0.5564153234987764
2020-05-12,LLOY,29.88500022888184,30.75,29.88500022888184,30.364999771118164,229354893,31.486499977111816,41.74517971254164,-1.3565817647434335,52.3707707840573,-47.88695492862036,,,8.153,218714890.0,70453630525.0,0.0031043806879815,29.885,0.5605412485626268
2020-05-13,LLOY,29.01000022888184,29.76499938964844,28.905000686645508,29.399999618530277,317689230,31.06300010681152,33.06892706570509,-1.3154299560627654,46.81449779100577,-105.64021880130102,,,8.153,251662918.0,70453630525.0,0.0035720361906786,29.01,0.569483010630958
2020-05-14,LLOY,28.614999771118164,28.780000686645508,27.1200008392334,28.5,351891252,30.44850025177002,29.152214188935144,-1.296976771729924,43.57700432436311,-157.96764922375982,,-7.56,-7.56,,,,,0.5553383564980185
2020-05-15,LLOY,28.5049991607666,29.333999633789062,28.07999992370605,28.899999618530277,202822408,30.075,16.03007783706602,-1.29251691488663,45.44780985917382,-118.24086429494814,,,-7.56,199265010.0,70453630525.0,0.0028283142900534,28.505,0.5455966958779117
2020-05-18,LLOY,29.684999465942383,29.684999465942383,28.18000030517578,29.0,252925271,29.875,29.687492756377864,-1.2752894744898409,46.94024285262509,-76.38064468994067,,,-7.56,241572083.0,70453630525.0,0.0034288095758852,29.685,0.5594765339918322
2020-05-19,LLOY,29.584999084472656,30.566999435424805,29.100000381469727,30.38500022888184,244544366,29.77349987030029,31.566119098766173,-1.2496514559681826,33.77659466537527,-40.71218632005227,,1.135,1.135,238963702.0,70465376199.0,0.0033912215458148,29.585,0.559620110684632
2020-05-20,LLOY,29.864999771118164,30.059999465942383,28.488000869750977,29.1200008392334,294630047,29.701999855041503,35.15173423640718,-1.2127703814446371,25.63465150205839,-56.75546979213586,,11.726,11.726,215687660.0,70465376199.0,0.0030609026962529,29.865,0.557203380518484
2020-05-21,LLOY,28.38999938964844,29.666000366210938,28.38999938964844,29.63999938964844,407927400,29.523999786376955,24.075803644681358,-1.1915443647042625,28.611107461248,-88.27888279786444,,14.251,14.251,357537511.0,70465376199.0,0.0050739459616348,28.39,0.5790384480914305
2020-05-22,LLOY,28.1200008392334,28.86000061035156,27.600000381469727,27.920000076293945,277027472,29.20749988555908,18.95734734249367,-1.182835236313977,29.546766699422434,-109.66650036478192,,19.607,19.607,,,,,0.4543465298906328
2020-05-26,LLOY,30.075000762939453,30.25,29.0,29.325000762939453,417226860,29.173499870300294,56.01895995073797,-1.148541195210289,47.26134812621174,-31.945296668416795,,,19.607,394654937.0,70465376199.0,0.0056006929684936,30.075,0.4976560114168025
2020-05-27,LLOY,31.815000534057617,32.04499816894531,30.11000061035156,30.3700008392334,591610487,29.36649990081787,89.00473998768449,-1.06963033896395,55.4621874259753,47.92076236541271,,17.252,17.252,461104139.0,70465376199.0,0.0065436979673223,31.815,0.4841537549204159
2020-05-28,LLOY,31.3799991607666,32.83000183105469,30.96500015258789,32.3849983215332,299899964,29.603499794006343,74.60591211166171,-0.9713934537797412,55.339800921991646,77.44073535886515,,,17.252,291601696.0,70465376199.0,0.0041382266260311,31.38,0.4654925909487102
2020-05-29,LLOY,29.8700008392334,31.065000534057617,29.8700008392334,30.88500022888184,492167786,29.728999900817872,48.16111247509341,-0.8880702670531407,43.96588928724052,8.277246355157391,,,17.252,465953399.0,70752109189.0,0.0065857174343071,29.87,0.4979820101595933
2020-06-01,LLOY,30.86000061035156,31.190000534057617,30.274999618530277,30.5049991607666,197136712,29.96450004577637,65.49910895768927,-0.8006436768067086,51.87842823539111,54.150845110381056,0.19012307692307692,,17.252,179052326.0,70752109189.0,0.0025306994809398,30.86,0.51230203379061
2020-06-02,LLOY,31.93000030517578,32.470001220703125,30.770000457763672,31.06999969482422,532592449,30.189000129699707,84.2381546488692,-0.6963321499611603,58.255954939447655,120.4179193173336,0.09122142857142856,,17.252,411387113.0,70752109189.0,0.0058144855003694,31.93,0.5227580153924122
2020-06-03,LLOY,33.7599983215332,33.974998474121094,32.439998626708984,32.595001220703125,396549439,30.60650005340576,96.86359990127973,-0.5561220232027406,67.80359339382423,205.2310817849466,0.009241935483870973,,17.252,378792035.0,70752109189.0,0.0053537914182619,33.76,0.5446502622399247
2020-06-04,LLOY,33.8849983215332,34.099998474121094,32.88999938964844,33.709999084472656,337816563,31.008499908447263,96.69230437419726,-0.3974995794442095,70.1606711650137,185.7377819800742,0.2255,,17.252,298443698.0,70752109189.0,0.0042181597329171,33.885,0.5312817922220819
2020-06-05,LLOY,35.54499816894531,35.959999084472656,34.209999084472656,34.5099983215332,457376990,31.723999786376957,95.03587344602968,-0.2082615927115176,74.07660889521308,213.86524158033947,0.022585714285714282,16.636,16.636,435064748.0,70752109189.0,0.0061491417427261,35.545,0.5446740998535552
2020-06-08,LLOY,36.880001068115234,38.119998931884766,35.0,35.20000076293945,513534214,32.599999809265135,88.21294643885088,0.0120193171207609,74.3485678102798,217.1556998396705,-0.3818,16.473,16.473,422863752.0,70752109189.0,0.005976694643412,36.88,0.5267725323742334
2020-06-09,LLOY,35.224998474121094,37.30199813842773,34.77399826049805,36.95000076293945,425439479,33.1149995803833,72.48098044985512,0.2137778462149531,67.2688265684174,150.46929844532087,-0.02390000000000001,,16.473,410193577.0,70752109189.0,0.0057976162364891,35.225,0.5645157269875323
2020-06-10,LLOY,35.02000045776367,36.970001220703125,34.665000915527344,35.935001373291016,305961335,33.435499572753905,70.53232983574136,0.389592523838245,65.85666242016094,122.57325485048952,-0.019806666666666663,,16.473,294943399.0,70752109189.0,0.004168687016978,35.02,0.5652497589861343
2020-06-11,LLOY,32.04499816894531,33.54499816894531,32.0,33.5,315551500,33.50199947357178,42.25283650158127,0.4915772179050697,60.29287118957314,29.71040098553652,-0.22680689655172415,,16.473,308417878.0,70752109189.0,0.0043591333394192,32.045,0.6469819617862281
2020-06-12,LLOY,31.93000030517578,32.93000030517578,30.65999984741211,31.239999771118164,338964066,33.70799942016602,32.12720009135197,0.5389853747505671,60.8238618845536,4.054974098138295,-0.0381,4.711,4.711,308964671.0,70752109189.0,0.0043668616319926,31.93,0.6469498086590973
2020-06-15,LLOY,31.530000686645508,32.939998626708984,30.88999938964844,30.44499969482422,224145197,33.77499942779541,20.121214923561546,0.542090584478632,54.53412252037249,-2.824067285725472,0.13087777777777776,,4.711,205552004.0,70752109189.0,0.0029052420677793,31.53,0.6191304245745143
2020-06-16,LLOY,33.150001525878906,34.08000183105469,32.36000061035156,32.935001373291016,343539819,33.896999549865725,39.75759327225963,0.5418754181590966,54.19152557577671,38.69027820533456,0.012114285714285713,,4.711,295794528.0,70752109189.0,0.0041807167502221,33.15,0.6364046164780667
2020-06-17,LLOY,32.57500076293945,33.73500061035156,32.279998779296875,33.095001220703125,183578500,33.77849979400635,32.78788544345866,0.529181538799161,53.71927034686199,22.596676117578724,-0.013106382978723404,,4.711,156252630.0,70752109189.0,0.0022084519004599,32.575,0.6426165977300045
2020-06-18,LLOY,32.43000030517578,33.1349983215332,31.895000457763672,32.23500061035156,140368209,33.63299999237061,27.469737097071047,0.5058121686039512,58.7074795949415,4.1624265028199385,0.07044545454545456,,4.711,136145285.0,70752109189.0,0.001924257616636,32.43,0.601247098648913
2020-06-19,LLOY,32.23500061035156,32.939998626708984,32.08000183105469,32.939998626708984,320598770,33.30200023651123,21.112613354305648,0.4727127140837625,54.944263730644295,-5.846531690169482,,4.661,4.661,,,,,0.5678369791083513
2020-06-22,LLOY,31.645000457763672,32.209999084472656,31.309999465942383,31.825000762939453,442958262,32.77850017547608,13.203763153292554,0.4247592435690351,48.93854829561922,-46.75242380749216,,,4.661,201158074.0,70752109189.0,0.0028431389015223,31.645,0.5696878782285697
2020-06-23,LLOY,32.744998931884766,32.95199966430664,31.76000022888184,31.864999771118164,171134869,32.53050022125244,27.949052819757068,0.386591084732072,46.00236664414008,-19.1500088897038,,4.128,4.128,144978006.0,70752109189.0,0.0020490980079861,32.745,0.5504737040203193
2020-06-24,LLOY,31.61000061035156,33.154998779296875,31.61000061035156,32.48500061035156,183221384,32.18950023651123,12.734596240323912,0.3375676530271227,41.70011890831479,-39.99928370106934,,4.221,4.221,159048756.0,70752109189.0,0.0022479719378419,31.61,0.5573675054221122
2020-06-25,LLOY,31.6200008392334,31.899999618530277,30.51499938964844,31.299999237060547,238814859,32.14700050354004,14.529934465453287,0.2837003987345118,33.72046201022643,-78.01649872135069,,2.16,2.16,231110818.0,70752109189.0,0.0032664866199625,31.62,0.543659122576891
2020-06-26,LLOY,31.084999084472656,32.18000030517578,30.993000030517575,32.06999969482422,165673375,32.062500381469725,8.398405774374694,0.2204386896386268,24.25587990364798,-79.59750324471563,,2.607,2.607,154119265.0,70752109189.0,0.0021782992304625,31.085,0.5022822158237167
2020-06-29,LLOY,31.2549991607666,31.48500061035156,30.399999618530277,30.989999771118164,219927377,32.035000228881835,13.013688489110262,0.156814829164334,29.682702648989437,-100.45758856097224,,0.145,0.145,203634655.0,70752109189.0,0.0028781425364441,31.255,0.4632883062829998
2020-06-30,LLOY,31.174999237060547,31.57999992370605,30.63999938964844,31.26499938964844,216798060,31.8375,21.059759580922584,0.094665482346429,30.06738704917261,-92.93153109999436,,,0.145,194478678.0,70762180096.0,0.0027483420908762,31.175,0.462937701676449
2020-07-01,LLOY,30.700000762939453,31.350000381469727,30.46999931335449,31.170000076293945,214762975,31.65,8.15220010977614,0.0289042185624257,40.58783738330331,-98.61665735114246,,2.488,2.488,187823208.0,70762180096.0,0.0026542880355747,30.7,0.433881193304575
2020-07-02,LLOY,31.850000381469727,32.084999084472656,30.915000915527344,31.15999984741211,246512863,31.592000007629395,39.402170955347856,-0.0173919169879489,49.51100281555492,-55.49442725857948,,4.084,4.084,229767703.0,70762180096.0,0.0032470410420974,31.85,0.4413672076455071
2020-07-03,LLOY,31.024999618530277,32.040000915527344,30.725000381469727,31.78499984741211,133792963,31.470999908447265,16.98368544108188,-0.0621835329752054,47.06565313782695,-71.70751871184723,,,4.084,122054665.0,70762180096.0,0.0017248573296415,31.025,0.3357797238098116
2020-07-06,LLOY,31.20499992370605,32.0,30.7450008392334,30.82999992370605,239588682,31.426999855041505,24.13793300661538,-0.1006705661322165,36.42706300480524,-65.32459146051025,,,4.084,220625149.0,70762180096.0,0.0031178399068639,31.205,0.3367321816441783
2020-07-07,LLOY,30.739999771118164,31.38999938964844,30.70800018310547,30.899999618530277,151273183,31.22649993896484,12.341207120124231,-0.1403778123058756,36.99502899684253,-91.13504352037953,,,4.084,147158225.0,70762180096.0,0.0020796168914009,30.74,0.3402103394904666
2020-07-08,LLOY,30.71999931335449,31.05500030517578,30.32999992370605,30.479999542236328,170320859,31.137499809265137,13.805293721680926,-0.1787674910940621,37.66232765394688,-117.99574553900683,,,4.084,154892675.0,70762180096.0,0.0021889189223659,30.72,0.3377921200035144
2020-07-09,LLOY,29.73500061035156,31.11000061035156,29.6299991607666,31.0,218302938,30.94899978637695,2.978764849589988,-0.2296265255216633,33.80828471486858,-158.7086469896929,,4.18,4.18,185671499.0,70762180096.0,0.0026238804223966,29.735,0.2927468526128293
2020-07-10,LLOY,30.45499992370605,30.51000022888184,29.2450008392334,29.475000381469727,225317607,30.88599987030029,30.94628444875888,-0.2736244620347371,42.42037544898642,-145.27132412069645,,0.117,0.117,196722631.0,70762180096.0,0.0027800532817546,30.455,0.3068225904996351
2020-07-13,LLOY,30.63999938964844,31.270000457763672,30.280000686645508,31.0,147069644,30.82449989318848,35.677731083213615,-0.3074403468328773,34.82335772686868,-73.183016306258,,-3.392,-3.392,142483103.0,70762180096.0,0.0020135488025764,30.64,0.3085153676445569
2020-07-14,LLOY,30.104999542236328,30.81999969482422,29.920000076293945,30.1200008392334,204167953,30.71749992370605,29.30149436081064,-0.3409365256779413,38.12153681439312,-111.99833392353096,,-4.99,-4.99,182705648.0,70762180096.0,0.0025819674825186,30.105,0.3128137895741646
2020-07-15,LLOY,30.38500022888184,30.48500061035156,29.665000915527344,30.299999237060547,193431901,30.685999870300293,38.841553563363306,-0.3672320832518281,40.65101668475351,-114.00577127539847,,-0.213,-0.213,,,,,0.310507797489763
2020-07-16,LLOY,30.530000686645508,30.649999618530277,30.049999237060547,30.23500061035156,126076131,30.55399990081787,45.24650145704064,-0.3844855805148989,45.5350076063796,-81.33095678038404,,,-0.213,114577445.0,70762180096.0,0.0016191904325807,30.53,0.2804010814253984
2020-07-17,LLOY,30.565000534057617,30.700000762939453,29.8799991607666,30.299999237060547,205731994,30.507999992370607,46.47889121188575,-0.393732510177002,44.325667336957714,-77.569449780009,,,-0.213,194538500.0,70762180096.0,0.0027491874859717,30.565,0.2550228026837204
2020-07-20,LLOY,30.40999984741211,30.700000762939453,30.104999542236328,30.149999618530277,116012735,30.42849998474121,41.02111718313984,-0.3990518884404651,43.78554393689231,-68.0161159667535,,0.694,0.694,109552467.0,70762180096.0,0.0015481782337878,30.41,0.2552148453368847
2020-07-21,LLOY,30.5049991607666,31.170000076293945,30.165000915527344,30.739999771118164,178419771,30.40499992370605,44.36616549483303,-0.3992055244438545,48.31167432853892,-34.38737812654,,,0.694,166142541.0,70762180096.0,0.002347900259356,30.505,0.249342747982507
2020-07-22,LLOY,30.31999969482422,30.790000915527344,30.045000076293945,30.5,284988418,30.364999961853027,38.46149646679883,-0.3981550077123257,34.0956251920732,-61.79813964298175,,,0.694,205346532.0,70762180096.0,0.0029019248943632,30.32,0.2488424094759797
2020-07-23,LLOY,30.165000915527344,30.530000686645508,30.0,30.43000030517578,148677270,30.407999992370605,33.393842342875615,-0.3979702603941041,39.61353591783838,-80.05075391981859,,7.209,7.209,101587588.0,70762180096.0,0.0014356198164355,30.165,0.2491647902434208
2020-07-24,LLOY,29.69499969482422,30.23500061035156,29.655000686645508,30.0,151008724,30.33199996948242,20.978981804148507,-0.4049293855807396,32.95710186235654,-129.86264302698797,,4.996,4.996,140447061.0,70762180096.0,0.0019847757772508,29.695,0.2028114240469771
2020-07-27,LLOY,28.899999618530277,29.82699966430664,28.71999931335449,29.684999465942383,352244425,30.157999992370605,7.058832329170827,-0.4277621887343725,30.67226048941941,-211.8518217059865,,,4.996,234338198.0,70762180096.0,0.0033116305586131,28.9,0.2184848845424293
2020-07-28,LLOY,29.21999931335449,29.229999542236328,28.559999465942383,28.875,165473357,30.069499969482425,24.354228998586027,-0.4532670076507102,35.17785846109308,-205.8902407729177,,16.397,16.397,161056808.0,70762180096.0,0.0022760294804583,29.22,0.2081007341999154
2020-07-29,LLOY,28.364999771118164,29.540000915527344,28.295000076293945,29.450000762939453,222117317,29.867499923706056,2.352930616756328,-0.4917175206700034,36.1054636464262,-202.51791181265943,,,16.397,188250401.0,70762180096.0,0.002660325059864,28.365,0.2244136856154056
2020-07-30,LLOY,26.20499992370605,27.607999801635746,25.709999084472656,27.0,714742095,29.434999847412108,8.902890593000032,-0.5696073168575793,16.640496761099897,-335.24171780131326,,16.399,16.399,661897494.0,70762180096.0,0.0093538312853282,26.205,0.3400630700018663
2020-07-31,LLOY,26.28499984741211,26.979999542236328,25.433000564575195,26.5,344278032,29.00699977874756,14.85095616788127,-0.6655591774922509,15.243416069345288,-252.75811990879245,,17.887,17.887,311517174.0,70774420907.0,0.0044015503059974,26.285,0.3293598070547301
2020-08-03,LLOY,27.8700008392334,27.975000381469727,25.88999938964844,25.96500015258789,430663048,28.75299987792969,42.47865577956274,-0.7409973260086608,34.723181545940506,-146.11181513515635,0.10221923076923077,17.49,17.49,374869022.0,70774420907.0,0.0052966738151427,27.87,0.3921056683176342
2020-08-04,LLOY,28.155000686645508,28.51499938964844,27.674999237060547,27.739999771118164,190376551,28.518000030517577,47.4464067237619,-0.7933873958782496,34.7677620546002,-79.91003122327214,0.1367357142857143,15.639,15.639,,,,,0.3907166556652989
2020-08-05,LLOY,28.174999237060547,28.61000061035156,27.8799991607666,28.424999237060547,162668620,28.30349998474121,47.79499574445449,-0.8264576469816619,33.63445327471581,-64.83496016618548,-0.046921428571428565,,15.639,144231124.0,70774420907.0,0.0020378990340242,28.175,0.3882972268078062
2020-08-06,LLOY,28.15999984741211,28.280000686645508,27.479999542236328,28.1200008392334,142120571,28.102999877929687,47.53354566732273,-0.844040655109531,33.24040709613705,-70.48419428657013,0.008266666666666663,12.757,12.757,124753818.0,70774420907.0,0.0017626964149085,28.16,0.388238531302604
2020-08-07,LLOY,27.78499984741211,28.155000686645508,27.48500061035156,28.06999969482422,106901984,27.91199989318848,40.99702776743444,-0.8550539956355196,32.25151324131285,-71.44998883051075,0.23979,,12.757,103746452.0,70774420907.0,0.0014658749682505,27.785,0.3882356986810754
2020-08-10,LLOY,28.415000915527344,28.559999465942383,27.934999465942383,28.21500015258789,178864436,27.863500022888186,55.66548731739639,-0.8493721181670765,36.82220260087362,-39.2159091927294,0.048778571428571435,-2.221,-2.221,,,,,0.3999788265215079
2020-08-11,LLOY,29.45499992370605,29.6299991607666,28.649999618530277,28.729999542236328,206300339,27.88700008392334,78.90914778901738,-0.8149953872693172,45.07683566336776,17.221216795047603,-0.24829259259259262,,-2.221,178594213.0,70774420907.0,0.0025234288138461,29.455,0.4238088948939552
2020-08-12,LLOY,29.690000534057617,30.06999969482422,29.280000686645508,29.45499992370605,197218699,28.019500160217284,88.65056078511903,-0.7588285263609738,47.3209227651801,44.973366025341946,0.21886666666666668,,-2.221,150522052.0,70774420907.0,0.0021267860629731,29.69,0.4246928194306157
2020-08-13,LLOY,29.18000030517578,29.684999465942383,29.020000457763672,29.28499984741211,106759883,28.31700019836426,80.80656552547937,-0.6983556258487404,47.10836911709773,26.543472762693064,-0.53593125,,-2.221,93685907.0,70774420907.0,0.0013237255183353,29.18,0.4284956833115673
2020-08-14,LLOY,28.950000762939453,29.100000381469727,28.017000198364254,29.01499938964844,137246251,28.58350028991699,75.84647095190165,-0.6404316871382549,50.29976711588471,-6.381758861477207,0.2385,-1.568,-1.568,126053859.0,70774420907.0,0.0017810652123263,28.95,0.4290894031213031
2020-08-17,LLOY,28.625,59.93999862670898,28.405000686645508,28.84000015258789,80176621,28.659000205993653,9.25029592454622,-0.5908673808819229,46.43499483335897,446.7420337143501,0.31853846153846155,-2.668,-2.668,76937130.0,70774420907.0,0.0010870753729104,28.625,0.4274968237158451
2020-08-18,LLOY,28.184999465942383,28.96999931335449,28.100000381469727,28.190000534057617,122824092,28.66200008392334,7.975190703091296,-0.5548142183892588,48.86506747636379,-32.66598019190856,0.3004315789473684,-1.933,-1.933,98479473.0,70774420907.0,0.0013914557228155,28.185,0.4204091397662792
2020-08-19,LLOY,28.65999984741211,28.65999984741211,28.09000015258789,28.13999938964844,77516764,28.71050014495849,9.351724183675246,-0.5202766579106408,69.6557213273923,-26.81601403167964,0.42564,,-1.933,72910660.0,70774420907.0,0.0010301837735388,28.66,0.4230873494126002
2020-08-20,LLOY,28.13500022888184,28.48500061035156,28.0,28.075000762939453,96885196,28.70800018310547,6.593247840046659,-0.4956898099486538,63.82660862321087,-36.29299698916123,0.07636,-2.644,-2.644,93063585.0,70774420907.0,0.0013149324827721,28.135,0.3026595576863723
2020-08-21,LLOY,28.100000381469727,28.350000381469727,27.71999931335449,28.209999084472656,122047261,28.73950023651123,1.910045769317282,-0.4780573837921035,52.2373498983242,-40.6923849927273,-0.0407,,-2.644,111209893.0,70774420907.0,0.0015713289006791,28.1,0.3031706739555071
2020-08-24,LLOY,28.600000381469727,28.6200008392334,27.729999542236328,28.315000534057617,193878351,28.75800018310547,3.4504031756709272,-0.4566413779530548,54.15499283720182,-24.799967099940385,-0.2444285714285714,,-2.644,97284140.0,70774420907.0,0.0013745663864609,28.6,0.2250521938909194
2020-08-25,LLOY,28.200000762939453,29.26499938964844,28.165000915527344,28.825000762939453,167338907,28.63250026702881,2.2181184257874484,-0.4393175423097211,50.21797317539757,-11.432774702390915,,,-2.644,132781601.0,70774420907.0,0.0018761241603725,28.2,0.2288205605766301
2020-08-26,LLOY,28.475000381469727,28.559999465942383,28.030000686645508,28.18000030517578,91481211,28.51100025177002,3.0503769269041427,-0.4200779919121917,52.62719341085111,-20.56313911124345,,,-2.644,65488793.0,70774420907.0,0.0009253172567254,28.475,0.2313246399929356
2020-08-27,LLOY,28.200000762939453,28.59499931335449,28.07999992370605,28.31999969482422,94257788,28.413000297546382,1.4897624451097078,-0.404076293228711,53.51993963783998,-29.710635030226083,,,-2.644,89669924.0,70774420907.0,0.0012669820939662,28.2,0.2342074737704652
2020-08-28,LLOY,28.350000381469727,28.7450008392334,28.06999969482422,28.23500061035156,184729851,28.353000259399412,1.9553106193087737,-0.3876287248429922,49.399810286581385,-31.470818500655792,,,-2.644,162910739.0,70787965706.0,0.0023013903193179,28.35,0.2349023708914953
2020-09-01,LLOY,26.940000534057617,27.989999771118164,26.854999542236328,27.809999465942383,259148859,28.184500312805177,0.2569170142766649,-0.3933761424670685,28.262753189410105,-96.93222006459864,,,-2.644,232914982.0,70787965706.0,0.0032903189076989,26.94,0.2948330759753091
2020-09-02,LLOY,27.01499938964844,27.280000686645508,26.649999618530277,27.0,174328488,28.06750030517578,1.0964246980857244,-0.4106405114660448,26.222203987021203,-107.7698152088333,,,-2.644,146302659.0,70787965706.0,0.0020667730389036,27.015,0.2921981374159911
2020-09-03,LLOY,26.8799991607666,27.84499931335449,26.739999771118164,27.280000686645508,192771558,27.889500236511232,0.6908968131234299,-0.4354363727312946,28.0952192379976,-93.1691121486196,,,-2.644,153045741.0,70787965706.0,0.0021620305015634,26.88,0.2783389827480643
2020-09-04,LLOY,26.940000534057617,27.625,26.71999931335449,26.799999237060547,198721877,27.77000026702881,0.8711352483251685,-0.4617032529785531,30.216532883179028,-92.70259086313531,,,-2.644,150089794.0,70787965706.0,0.0021202727399083,26.94,0.2787307692936265
2020-09-07,LLOY,26.96500015258789,27.16900062561035,26.36000061035156,27.0049991607666,353944866,27.656500244140624,20.82615478354046,-0.4860640167396009,32.63598042533087,-102.8769689054938,,-1.074,-1.074,214257521.0,70787965706.0,0.0030267506469936,26.965,0.2343419603610135
2020-09-08,LLOY,26.459999084472656,27.2549991607666,26.183000564575195,27.020000457763672,163059131,27.44250011444092,8.987625746122022,-0.5149021910074405,32.198135955199945,-105.86517530956432,,,-1.074,153797879.0,70787965706.0,0.0021726557256746,26.46,0.2354989628395015
2020-09-09,LLOY,26.475000381469727,26.600000381469727,25.95499992370605,26.315000534057617,169263018,27.270000076293947,15.709986152992435,-0.5436220715116798,25.08552620418503,-113.24108323052285,,,-1.074,125924540.0,70787965706.0,0.0017788975674621,26.475,0.2359293926448455
2020-09-10,LLOY,26.420000076293945,26.795000076293945,25.9950008392334,26.40999984741211,177914370,27.064500045776366,14.048345245140435,-0.5704007372652211,28.097065753088287,-103.42611734499454,,-2.489,-2.489,136906471.0,70787965706.0,0.0019340359570242,26.42,0.2346251913611668
2020-09-11,LLOY,25.8799991607666,26.5,25.8700008392334,26.350000381469727,184051169,26.83249988555908,0.2945014963844632,-0.6018742458738113,24.886875289662257,-108.02538158356816,,-3.121,-3.121,134302905.0,70787965706.0,0.0018972561742739,25.88,0.241249444419217
2020-09-14,LLOY,26.364999771118164,26.475000381469727,25.809999465942383,26.045000076293945,160823985,26.63399982452393,16.06368501972215,-0.6255308030722736,24.63110903273018,-90.52586967008196,,,-18.52,133166384.0,70787965706.0,0.001881200888765,26.365,0.2408562878472748
2020-09-15,LLOY,26.155000686645508,26.4950008392334,25.95499992370605,26.174999237060547,145267013,26.55549983978272,11.754720929356,-0.6449724322590815,25.74141071327564,-96.87847941205352,,,-18.52,130094417.0,70787965706.0,0.001837804147958,26.155,0.2407378636346714
2020-09-16,LLOY,26.584999084472656,26.729999542236328,25.905000686645508,26.165000915527344,211594957,26.512499809265137,26.40542609563643,-0.6524226679608734,28.375275354310677,-74.2219582999844,,,-18.52,135935078.0,70787965706.0,0.0019203133844045,26.585,0.2457484897963545
2020-09-17,LLOY,26.2549991607666,26.459999084472656,26.024999618530277,26.18000030517578,119767296,26.449999809265137,15.161822371661817,-0.6557443296876475,28.02258645028502,-81.4192132684368,,,-18.52,97621288.0,70787965706.0,0.0013790661594294,26.255,0.2480498044073664
2020-09-18,LLOY,25.239999771118164,26.315000534057617,25.239999771118164,26.200000762939453,414288810,26.27999973297119,0.0,-0.6710033027192781,20.60491425225456,-125.35132958952605,,-13.061,-13.061,343491648.0,70787965706.0,0.0048524017405247,25.24,0.2639609862371217
2020-09-21,LLOY,23.979999542236328,25.049999237060547,23.63999938964844,25.0,307397183,25.981499671936035,8.085616141658173,-0.7115176661293967,21.20622329851743,-208.77947382645755,,,-13.061,283129707.0,70787965706.0,0.0039996870114322,23.98,0.3009404632952398
2020-09-22,LLOY,24.290000915527344,24.739999771118164,23.584999084472656,24.26000022888184,252300413,25.764499855041503,16.549337867987305,-0.7591702055315033,24.65119497524884,-186.0503556308769,,-3.296,-3.296,212821433.0,70787965706.0,0.0030064634698488,24.29,0.3079112171055644
2020-09-23,LLOY,24.584999084472656,25.280000686645508,24.20499992370605,24.239999771118164,223024340,25.5754997253418,24.752469638227037,-0.8023619645424974,29.26829856630144,-137.7195617023581,,,-3.296,178249218.0,70787965706.0,0.002518072333655,24.585,0.2715790922601261
2020-09-24,LLOY,24.57999992370605,25.149999618530277,23.88999938964844,24.040000915527344,194865701,25.391499710083007,27.111738925034963,-0.8387446229176289,28.467145917055376,-135.59403964940478,,,-3.296,161100331.0,70787965706.0,0.002275815237707,24.58,0.270733525730883
2020-09-25,LLOY,24.71999931335449,25.229999542236328,24.625,24.81999969482422,196214677,25.275499725341795,30.926436111357976,-0.8648069527048471,29.937434184532503,-97.3352596051132,,,-3.296,158652099.0,70787965706.0,0.0022412298109952,24.72,0.2731601240099353
2020-09-28,LLOY,26.59499931335449,26.725000381469727,24.548999786376957,25.200000762939453,313030166,25.29849967956543,93.76944856250724,-0.8511488701855419,50.96913325839035,-3.3891650319549727,,,-3.296,306032018.0,70787965706.0,0.0043232209733364,26.595,0.3938829533490245
2020-09-29,LLOY,26.1299991607666,26.559999465942383,26.104999542236328,26.440000534057617,170484572,25.29599952697754,79.28346697643742,-0.8187896474077286,47.67362538372063,28.051286374896915,,,-3.296,151135620.0,70787965706.0,0.0021350468048157,26.13,0.3985357553346673
2020-09-30,LLOY,26.354999542236328,26.770000457763672,25.597000122070312,25.76499938964844,221981207,25.272999572753907,86.97014955762705,-0.77094929923984,49.57151906230331,30.05515486110293,,,-3.296,203260847.0,70802126471.0,0.0028708296929931,26.355,0.4000177897570585
2020-10-01,LLOY,26.530000686645508,26.96999931335449,25.934999465942383,26.739999771118164,147912748,25.3004997253418,87.00151855368327,-0.7113643612496987,54.50139722583703,56.26051260109887,0.29822000000000004,-3.243,-3.243,,,,,0.3950839822882462
2020-10-02,LLOY,27.19499969482422,27.19499969482422,26.01000022888184,26.1200008392334,167305647,25.4959997177124,100.0,-0.6353106687391079,55.60811077268541,88.77321898950572,0.01782592592592593,,-3.243,154646046.0,70802126471.0,0.002184200584192,27.195,0.404468627354845
2020-10-05,LLOY,26.98500061035156,27.94499969482422,26.70499992370605,27.815000534057617,159558443,25.796499824523927,77.98167545680118,-0.5548239514015995,55.60811077268541,123.89167420357782,-0.08804444444444444,,-3.243,125356148.0,70802126471.0,0.0017705138849374,26.985,0.3976768742136323
2020-10-06,LLOY,27.95499992370605,27.95499992370605,27.100000381469727,27.4950008392334,277883984,26.1629997253418,100.0,-0.4590376181700217,58.627212879653214,154.97834880861768,-0.02478936170212766,,-3.243,256862764.0,70802126471.0,0.0036278961777399,27.955,0.4149109245356951
2020-10-07,LLOY,27.899999618530277,28.81999969482422,27.600000381469727,27.82999992370605,182387381,26.49449977874756,82.42597957916644,-0.3585143181270883,60.73060065205718,172.38581457092724,0.0843,-3.206,-3.206,150487772.0,70802126471.0,0.0021254696645536,27.9,0.4117750042086463
2020-10-08,LLOY,28.375,28.614999771118164,27.71500015258789,28.030000686645508,186415374,26.873999786376952,91.49952926568362,-0.2518960962367463,72.00000749554751,161.98384919887792,-0.047146153846153845,-4.33,-4.33,179834526.0,70802126471.0,0.0025399593905369,28.375,0.4101389895124377
2020-10-09,LLOY,28.225000381469727,28.78499984741211,28.18000030517578,28.5,171781390,27.22449989318848,88.63420737376887,-0.1488658329308274,85.28680478857277,151.33300369565237,,,-4.33,148430258.0,70802126471.0,0.0020964096051662,28.225,0.4072237262738059
2020-10-12,LLOY,28.06999969482422,28.71500015258789,28.030000686645508,28.44499969482422,149113706,27.37199993133545,84.7870191972887,-0.0556190992895013,82.25256694764813,122.0447233195467,0.109,-3.372,-3.372,134556456.0,70802126471.0,0.001900457835191,28.07,0.4083920741334746
2020-10-13,LLOY,26.8700008392334,28.20400047302246,26.63500022888184,28.155000686645508,257931793,27.44600009918213,60.446273126117134,0.0075888459270727,66.88841541138268,51.813031442141714,0.01905454545454545,-4.224,-4.224,217565833.0,70802126471.0,0.0030728714495476,26.87,0.4142308683721505
2020-10-14,LLOY,26.959999084472656,27.325000762939453,26.770000457763672,26.8799991607666,142900459,27.50650005340576,56.45046475714463,0.0500741684974011,67.37226535492991,35.745721209492174,-0.21212857142857144,-5.104,-5.104,116844351.0,70802126471.0,0.0016502943742496,26.96,0.363208779568079
2020-10-15,LLOY,26.59000015258789,26.774999618530277,25.98500061035156,26.56999969482422,142107014,27.5125,47.78741301712997,0.0713265558232264,63.206227873868144,1.6281400656544194,0.08946666666666665,-17.383,-17.383,,,,,0.3688576917294444
2020-10-16,LLOY,27.01000022888184,27.07999992370605,26.11000061035156,26.86000061035156,163889626,27.494000053405763,43.84115091905455,0.0846947536960647,53.68889952860483,15.554687767903571,-0.3182,,-17.383,127518736.0,70802126471.0,0.0018010579957966,27.01,0.3700494667547296
2020-10-19,LLOY,27.1200008392334,27.670000076293945,26.770000457763672,27.065000534057617,133608836,27.507500076293944,47.254139592136255,0.0939824703566367,59.39281128166671,37.41311329921388,0.1998,-16.247,-16.247,108820784.0,70802126471.0,0.001536970560405,27.12,0.3700155542609143
2020-10-20,LLOY,27.174999237060547,27.440000534057617,26.76000022888184,27.020000457763672,157730479,27.429500007629397,42.98092453180711,0.1008890052459655,58.03922111280072,26.78247885312275,,,-16.247,151634896.0,70802126471.0,0.0021416714943174,27.175,0.2581384046642884
2020-10-21,LLOY,27.165000915527344,27.545000076293945,26.84499931335449,27.165000915527344,165557147,27.3560001373291,41.62259916197735,0.1055515457295396,56.43365024617786,24.627742359954443,0.33402666666666664,,-16.247,133632998.0,70802126471.0,0.0018874150348398,27.165,0.2486785492046761
2020-10-22,LLOY,27.915000915527344,27.920000076293945,26.915000915527344,27.149999618530277,157125926,27.31000022888184,68.07763416032229,0.1202884145585626,57.17133714448985,53.39784102958502,0.31655,-11.871,-11.871,,,,,0.2638291738959759
2020-10-23,LLOY,29.28499984741211,29.70199966430664,27.950000762939453,28.399999618530277,293985333,27.416000175476075,88.78127729274448,0.1621505173945732,68.60843012058902,178.11911517600876,0.160975,,-11.871,275779854.0,70802126471.0,0.0038950786896627,29.285,0.3105905854721781
2020-10-26,LLOY,29.049999237060547,29.84499931335449,28.20499992370605,28.8700008392334,242786482,27.514000129699703,79.40413618078509,0.2147008394826352,60.0551012437188,154.7233775367865,,,-11.871,234884606.0,70802126471.0,0.0033174795406209,29.05,0.3045763009743717
2020-10-27,LLOY,28.325000762939453,29.815000534057617,28.145000457763672,29.69499969482422,180792193,27.659500122070312,60.62178598058753,0.2591392817483802,53.47507514776123,113.23557663123812,,,-11.871,174854661.0,70802126471.0,0.0024696244267694,28.325,0.3187947590605852
2020-10-28,LLOY,27.649999618530277,28.07999992370605,27.03499984741211,27.739999771118164,312479477,27.728500175476075,43.13470382472943,0.2848039384509077,44.25968965907804,-1.4253777912914514,,,-11.871,190127857.0,70802126471.0,0.0026853410550864,27.65,0.3062748636486492
2020-10-29,LLOY,28.280000686645508,29.06999969482422,27.354999542236328,27.489999771118164,246260835,27.897500228881835,59.45598050353033,0.3067583396646891,50.40471192695985,55.89420524467795,,-8.345,-8.345,221300446.0,70802126471.0,0.0031256186364775,28.28,0.3169803213955064
2020-10-30,LLOY,28.024999618530277,28.47800064086914,27.674999237060547,27.95499992370605,178083538,27.99900016784668,52.84973299580828,0.3204687812117047,49.673675774828126,32.390487970578874,,-6.035,-6.035,168382511.0,70815383752.0,0.0023777674013557,28.025,0.3189169008606534
2020-11-02,LLOY,27.82999992370605,27.915000915527344,27.100000381469727,27.815000534057617,164977085,28.070000076293944,47.797925732958255,0.3244518251315452,58.14940412311442,-17.27246667031746,0.076975,3.695,3.695,,,,,0.3132234397252174
2020-11-03,LLOY,29.2450008392334,29.395000457763672,27.875,28.075000762939453,191093059,28.27700023651123,84.45599285682873,0.3439651487686064,65.8350818468215,101.69592768372767,-0.5859,,3.695,185858365.0,70815383752.0,0.0026245478757961,29.245,0.36148159645248
2020-11-04,LLOY,28.520000457763672,29.1200008392334,27.875,28.170000076293945,160111489,28.412500190734864,64.52478405078094,0.359838706387494,62.7476907726652,64.06744771261806,-0.3002234375,1.006,1.006,,,,,0.3367493777982727
2020-11-05,LLOY,27.709999084472656,28.7450008392334,27.21999931335449,28.61000061035156,280894568,28.392000007629395,30.794137358819064,0.3588555670271069,54.39697718825696,5.737340120605084,-0.09885,,1.006,246655949.0,70815383752.0,0.0034830842668847,27.71,0.3501943767220241
2020-11-06,LLOY,27.364999771118164,28.290000915527344,27.364999771118164,27.8700008392334,189650158,28.2,19.61101205123196,0.3410363473829134,51.49480744971535,-13.05962159069406,-0.044399999999999995,-0.424,-0.424,158681969.0,70815383752.0,0.0022407838606892,27.365,0.3501029955679908
2020-11-09,LLOY,30.780000686645508,31.81999969482422,27.364999771118164,27.71500015258789,555165909,28.373000144958496,79.09549892594235,0.367305765995308,65.59931094464662,191.28773045544096,0.0873,,-0.424,525395278.0,70815383752.0,0.0074192251762691,30.78,0.5620354641913445
2020-11-10,LLOY,32.1349983215332,33.07500076293945,30.81999969482422,31.280000686645508,434823444,28.75399990081787,84.74021972904502,0.4406130343414808,69.26355355863899,276.6547747661945,0.0,-1.881,-1.881,416004248.0,70815383752.0,0.005874489778335,32.135,0.5768560348962612
2020-11-11,LLOY,33.380001068115234,33.70000076293945,31.8700008392334,32.1150016784668,342572026,29.32700004577637,95.19880493821508,0.5584188729362233,70.399396825216,259.305080644232,0.3982,-2.4,-2.4,324310582.0,70815383752.0,0.004579662847493,33.38,0.585434386750084
2020-11-12,LLOY,33.470001220703125,33.73500061035156,32.290000915527344,32.88999938964844,242164742,29.846000099182127,96.04478567951422,0.6981031268605533,67.27197472445397,214.45428291951265,0.1366,,-2.4,223543957.0,70815383752.0,0.0031567146170225,33.47,0.582717145978942
2020-11-13,LLOY,34.720001220703125,35.0,32.619998931884766,33.06999969482422,335666802,30.515500259399413,96.48463560661828,0.8625297699552906,71.5917740863324,199.93317398428172,0.26335,,-2.4,325582513.0,70815383752.0,0.0045976240719136,34.72,0.589489321738765
2020-11-16,LLOY,35.59000015258789,36.44499969482422,35.025001525878906,35.099998474121094,335834224,31.2915002822876,90.91392607757092,1.0457593919307602,77.36345185279269,198.17404750522616,0.025733333333333334,2.489,2.489,332247891.0,70815383752.0,0.0046917473774279,35.59,0.572516571502304
2020-11-17,LLOY,35.595001220703125,36.150001525878906,35.077999114990234,35.720001220703125,265795860,31.92650032043457,90.9042425192434,1.2288654491692306,81.51526491101893,158.25012734566965,-0.128,,2.489,257501426.0,70815383752.0,0.0036362356928232,35.595,0.5584895930333487
2020-11-18,LLOY,35.665000915527344,36.0,34.85300064086914,35.54499816894531,253504305,32.64100036621094,91.6533029790359,1.4006113076508695,80.65586485366468,129.48714487713872,0.0,,2.489,240780904.0,70815383752.0,0.003400121431852,35.665,0.543822847301938
2020-11-19,LLOY,35.654998779296875,35.7599983215332,34.82500076293945,35.0,330453203,33.43550033569336,91.54627101578926,1.5528817572106397,82.33049133118493,109.37903516345273,,,2.489,225134481.0,70815383752.0,0.0031791747650261,35.655,0.5446716742214334
2020-11-20,LLOY,35.814998626708984,36.26499938964844,35.0,35.599998474121094,236741478,34.28050022125244,93.17072041123468,1.6839765016565291,83.93538135850827,101.28343986130064,,,2.489,233053714.0,70815383752.0,0.0032910040396895,35.815,0.5397868199228228
2020-11-23,LLOY,37.20000076293945,37.380001068115234,35.54999923706055,36.150001525878906,269962523,34.92250022888184,98.22834375898177,1.8131852983494483,83.89431457631284,108.95023588290056,,,2.489,262068693.0,70815383752.0,0.0037007310998663,37.2,0.541862337143581
2020-11-24,LLOY,39.5,39.86899948120117,37.29999923706055,37.45000076293945,383355000,35.65900039672852,97.08277748197716,1.9670012093559188,91.24716477250254,136.19051797224986,,4.968,4.968,374491444.0,70815383752.0,0.0052882781135733,39.5,0.5629797908489131
2020-11-25,LLOY,38.130001068115234,40.81900024414063,37.50400161743164,40.68000030517578,367835127,36.13400039672852,80.01338574785034,2.101836372215446,87.56308550915884,121.37715259641546,,2.45,2.45,,,,,0.5633767813902443
2020-11-26,LLOY,37.31999969482422,38.150001525878906,35.77299880981445,38.13999938964844,294316183,36.51900024414063,73.9928614070403,2.199992878729831,84.72269475340259,80.85308123709505,,,2.45,250854103.0,70815383752.0,0.0035423673460346,37.32,0.5758844306734117
2020-11-27,LLOY,37.29499816894531,37.41999816894531,35.83000183105469,36.20500183105469,361581226,36.77649993896485,64.75645682971549,2.264601274236518,79.76242237513146,69.89370169869119,,,2.45,285326547.0,70815383752.0,0.0040291604999166,37.295,0.5568149080746285
2020-11-30,LLOY,35.619998931884766,37.97999954223633,35.619998931884766,37.69499969482422,343886051,36.77949981689453,41.90410483874921,2.2729103659086043,65.46825760720935,55.75194987064416,,,2.45,306756647.0,70829127790.0,0.0043309392134475,35.62,0.5949367559965442
2020-12-01,LLOY,38.275001525878906,38.27999877929688,35.25,35.48500061035156,244156813,37.04749984741211,70.17236582811006,2.282675161578588,69.30965603939234,69.93341600217134,,,2.45,239639423.0,70829127790.0,0.0033833456725671,38.275,0.6244432571649946
2020-12-02,LLOY,38.744998931884766,38.93999862670898,37.36000061035156,37.85499954223633,222719388,37.35549964904785,74.70422026697759,2.295136333270166,70.2029722194869,91.51844934174606,,,2.45,217188020.0,70829127790.0,0.0030663658691934,38.745,0.4791471569125953
2020-12-03,LLOY,39.20000076293945,39.560001373291016,38.15999984741211,38.900001525878906,305393067,37.70999984741211,72.98966264046571,2.31066251451421,68.27078861204517,108.4267462937,,2.257,2.257,,,,,0.4639947167405076
2020-12-04,LLOY,39.025001525878906,39.4900016784668,38.29999923706055,38.79999923706055,242276964,38.0310001373291,70.07008886323412,2.319237398400709,64.85084096464786,105.50272201365188,,,2.257,236831444.0,70829127790.0,0.0033437012623136,39.025,0.4542161265456398
2020-12-07,LLOY,37.334999084472656,38.595001220703125,36.81900024414063,38.52999877929688,291946176,38.04449996948242,41.87518416384998,2.2907568211112337,56.56602589386223,51.62309250755284,,,2.257,280392962.0,70829127790.0,0.0039587239141406,37.335,0.4896146832533483
2020-12-08,LLOY,37.19499969482422,38.040000915527344,36.845001220703125,36.994998931884766,209227033,37.81399993896484,39.53952514206471,2.233088890900083,55.74323550301281,36.20816701387166,,,2.257,201574225.0,70829127790.0,0.0028459227339018,37.195,0.4761813990321708
2020-12-09,LLOY,37.25,37.970001220703125,37.19499969482422,37.244998931884766,159190277,37.72599983215332,38.666435909941946,2.155937777980616,55.96708030355444,35.16785590402364,,0.878,0.878,,,,,0.4695763125015553
2020-12-10,LLOY,35.66999816894531,37.0,34.564998626708984,36.92499923706055,400382461,37.56099967956543,17.66868014802534,2.040497547698178,49.50963684668021,-68.29176729564391,,,0.878,394591660.0,70829127790.0,0.0055710365539149,35.67,0.4961861413630075
2020-12-11,LLOY,34.06999969482422,36.16999816894531,33.2400016784668,35.7599983215332,356533901,37.23849983215332,10.951288737757256,1.8769322602194631,39.56666575961666,-144.3348902857628,,0.745,0.745,,,,,0.5216254944427795
2020-12-14,LLOY,35.72999954223633,36.387001037597656,34.60499954223633,34.9900016784668,280361772,37.24949989318848,32.853916545742905,1.713983901640348,36.87326150405816,-79.90789899242239,,,0.745,268567417.0,70829127790.0,0.0037917651308127,35.73,0.5514382345373331
2020-12-15,LLOY,36.650001525878906,37.01499938964844,35.222999572753906,35.630001068115234,380477148,37.08699989318848,53.95569639354157,1.5707358226705046,44.68009077384012,-40.8168811962285,,,0.745,187224391.0,70829127790.0,0.0026433248134171,36.65,0.5413742426961722
2020-12-16,LLOY,36.27999877929688,37.72200012207031,36.27999877929688,37.025001525878906,242091960,36.84049987792969,48.101222272521504,1.4378615959174392,46.13956855150914,-17.503619115256843,,,0.745,239547694.0,70829127790.0,0.0033820505980284,36.28,0.4898248453818376
2020-12-17,LLOY,36.220001220703125,37.0,35.95500183105469,36.51499938964844,177087736,36.54249992370605,47.15189376791912,1.3142205818569337,46.02000533294768,-46.48572782725413,,,0.745,171816385.0,70829127790.0,0.0024257871070983,36.22,0.4760363991622303
2020-12-18,LLOY,34.900001525878906,36.02899932861328,34.900001525878906,35.900001525878906,332540166,36.12999992370605,26.26582163875057,1.178793034162739,47.262368389371645,-117.67283730460784,,,0.745,318099103.0,70829127790.0,0.0044910775118271,34.9,0.491196516475593
2020-12-21,LLOY,33.58000183105469,36.02899932861328,32.0,33.36000061035156,343560165,35.754500198364255,20.89949132333136,1.0193307194024923,30.13119456340371,-176.27664242536432,,,0.745,316379199.0,70829127790.0,0.0044667950724739,33.58,0.5023306448323405
2020-12-22,LLOY,34.69499969482422,35.189998626708984,33.73500061035156,33.90999984741211,178730216,35.504500198364255,35.64813763586703,0.8686290351227137,33.74800042249446,-122.91848959171462,,,0.745,167596556.0,70829127790.0,0.0023662095133643,34.695,0.5200959171784483
2020-12-23,LLOY,37.125,37.70000076293945,34.724998474121094,34.724998474121094,403869991,35.49200019836426,68.42455075456121,0.7681078299806485,42.8126062849609,-4.364205040642775,,,0.745,354712926.0,70829127790.0,0.0050080092338801,37.125,0.5563261915490937
2020-12-24,LLOY,38.60499954223633,40.04999923706055,38.42499923706055,38.86000061035156,269729556,35.78550033569336,82.04969153075523,0.7261701198740527,48.66581340897452,133.06817337309798,,,0.745,253882551.0,70829127790.0,0.0035844370659586,38.605,0.5084567399449293
2020-12-29,LLOY,36.755001068115234,39.09799957275391,36.6879997253418,38.79999923706055,326575929,36.05400047302246,59.06834184808594,0.6919791198038887,48.176106604249576,43.97547453869881,,,0.745,321136047.0,70829127790.0,0.0045339545610688,36.755,0.5348292017670118
2020-12-30,LLOY,36.810001373291016,37.625,36.77999877929688,36.94499969482422,142842833,36.16200065612793,59.75157551750757,0.6637362935868504,48.78280633903121,17.737285264088996,,,0.745,138958743.0,70829127790.0,0.0019618869713036,36.81,0.5325442999041196
2020-12-31,LLOY,36.43999862670898,37.0099983215332,36.06100082397461,36.27999877929688,104467778,36.14100036621094,55.15526767093518,0.6332862361286511,47.48914656028085,-11.689522421588071,,,0.745,102307804.0,70839206060.0,0.0014442257288054,36.44,0.5330862262908076
2021-01-04,LLOY,34.834999084472656,37.24300003051758,34.60499954223633,37.0,396174544,35.996500396728514,35.21738326906792,0.5759987534817016,47.41566342442956,-58.48594053171608,,,0.745,302670346.0,70839206060.0,0.0042726388794312,34.835,0.5525768094942638
2021-01-05,LLOY,35.209999084472656,35.595001220703125,34.06999969482422,34.63999938964844,218145818,35.89550018310547,39.87576880373452,0.5095632854683525,53.817814354810274,-85.40494234304468,,,0.745,212163390.0,70839206060.0,0.0029949995461595,35.21,0.5360661111471368
2021-01-06,LLOY,37.15999984741211,37.560001373291016,35.60300064086914,36.470001220703125,397870600,36.12150001525879,64.09938306151047,0.4708264199476641,54.697766723009885,33.67031724949996,,-0.476,-0.476,391217999.0,70839206060.0,0.0055226197576048,37.16,0.5738341163469253
2021-01-07,LLOY,36.88999938964844,37.95000076293945,36.34000015258789,37.5,200698783,36.45249977111816,60.74533979004473,0.4461003440980059,50.82360284418807,55.40573408978968,,-0.589,-0.589,196463013.0,70839206060.0,0.002773365540455,36.89,0.5744895743146458
2021-01-08,LLOY,36.82500076293945,37.42499923706055,36.244998931884766,37.125,191583629,36.66549987792969,59.93790335688652,0.4293983734859874,51.91027743674727,42.70493146404432,,,-0.589,188554720.0,70839206060.0,0.0026617283067839,36.825,0.5522483848206977
2021-01-11,LLOY,36.165000915527344,36.82500076293945,36.06499862670898,36.06999969482422,153132933,36.56949996948242,51.73914671137524,0.4070927036353506,49.81500062872585,14.149058667421365,,-0.605,-0.605,146933968.0,70839206060.0,0.0020741899319925,36.165,0.5296459191970694
2021-01-12,LLOY,36.744998931884766,37.08200073242188,36.32500076293945,36.47499847412109,158929668,36.38349990844726,58.9440916968012,0.390769726723314,56.53096603284611,37.33732522082234,,-0.596,-0.596,157028086.0,70839206060.0,0.0022166833132912,36.745,0.504763870042694
2021-01-13,LLOY,36.244998931884766,37.04999923706055,36.15499877929688,37.04999923706055,112024586,36.33249969482422,39.7466170604897,0.3701844120343416,60.01502368954865,14.854600699156007,,,-0.596,112779071.0,70839206060.0,0.0015920431251654,36.245,0.499381686872336
2021-01-14,LLOY,36.45500183105469,36.98500061035156,36.22200012207031,36.70500183105469,119276836,36.29699974060058,39.88298191973698,0.350513411262961,57.09678193408819,17.598636441355257,,,-0.596,110617317.0,70839206060.0,0.0015615267752479,36.455,0.4983433311154743
2021-01-15,LLOY,35.935001373291016,36.79999923706055,35.70399856567383,36.21500015258789,185923864,36.24650001525879,31.18732142526797,0.3233514765416573,44.327938816484,-17.1913799753161,,,-0.596,179119903.0,70839206060.0,0.0025285419326733,35.935,0.5011372773230401
2021-01-18,LLOY,36.17499923706055,36.435001373291016,35.680999755859375,35.935001373291016,70657203,36.38050003051758,41.86554481586574,0.2960102853695424,36.864863215266055,-18.54703149096112,,0.625,0.625,,,,,0.4822559090599898
2021-01-19,LLOY,36.0,36.67599868774414,35.63999938964844,36.60499954223633,163559665,36.45950012207031,49.74226221317269,0.2665233322104003,45.01649510182848,-16.399633196764917,,,0.625,158518254.0,70839206060.0,0.0022377192351045,36.0,0.4466809992375445
2021-01-20,LLOY,35.78499984741211,36.084999084472656,35.029998779296875,36.03499984741211,177987106,36.32200012207032,44.20102269252664,0.2331995493667047,43.37426344538893,-59.74407054841022,,,0.625,168271547.0,70839206060.0,0.0023754013682405,35.785,0.3682090700220841
2021-01-21,LLOY,35.314998626708984,36.20000076293945,35.13999938964844,36.0,156158062,36.16450004577637,32.0875925039253,0.1911876998514748,42.82067561290775,-84.9795256531127,,,0.625,151700851.0,70839206060.0,0.002141481524673,35.315,0.335710062102474
2021-01-22,LLOY,34.77000045776367,35.209999084472656,34.44300079345703,35.0,185598595,35.95900001525879,18.04125181026016,0.1368017861122205,49.52030517588435,-164.49803798803316,,,0.625,181665325.0,70839206060.0,0.0025644743229636,34.77,0.2972350320987374
2021-01-25,LLOY,33.834999084472656,35.26599884033203,30.815000534057617,35.07500076293945,160164594,35.72599983215332,42.32653754081686,0.0622818483393414,40.62712902779555,-242.333293569629,,0.304,0.304,,,,,0.3083486257895088
2021-01-26,LLOY,34.40999984741211,34.72999954223633,33.654998779296875,33.79499816894531,115446667,35.492499923706056,50.38541272643917,-0.0119193989451823,26.92952665744141,-145.43810745944188,,,0.304,111238680.0,70839206060.0,0.001570298231544,34.41,0.2764310834573684
2021-01-27,LLOY,33.25,34.345001220703125,32.880001068115234,33.630001068115234,261696512,35.19300003051758,36.83812320320365,-0.1005110985626919,23.430655470945368,-173.25679108140298,,-0.11,-0.11,242935574.0,70839206060.0,0.0034293943638249,33.25,0.2034867770543714
2021-01-28,LLOY,33.470001220703125,33.54499816894531,32.244998931884766,32.84000015258789,230268973,34.894499969482425,42.36477744708683,-0.1897392555178276,26.052826333550986,-170.4360236518839,,,-0.11,221449524.0,70839206060.0,0.0031260870401686,33.47,0.207165680160003
2021-01-29,LLOY,33.0,33.665000915527344,32.3650016784668,32.939998626708984,203699900,34.60099983215332,34.865157121148435,-0.2817549850023844,26.77916521131681,-145.2350405919238,,,-0.11,195791393.0,70849366949.0,0.0027634882488214,33.0,0.2094742379394802
2021-02-01,LLOY,33.525001525878906,34.220001220703125,33.07500076293945,33.53499984741211,232310879,34.33600006103516,43.46433930316755,-0.3616760250311952,26.1834721050508,-94.79164653296672,,,-0.11,221676598.0,70849366949.0,0.0031288437363113,33.525,0.2226060606562679
2021-02-02,LLOY,33.994998931884766,34.34000015258789,33.59199905395508,33.91999816894531,139364758,34.13549995422363,51.53968166135319,-0.4215038881071501,33.283812201356966,-68.63371903163605,,,-0.11,137945639.0,70849366949.0,0.0019470271216297,33.995,0.2260790137497016
2021-02-03,LLOY,34.18000030517578,35.0,33.904998779296875,34.619998931884766,159443235,33.975,56.22390142590674,-0.4616891802111924,33.03504172555124,-42.74923680312717,,,-0.11,113622399.0,70849366949.0,0.0016037179143998,34.18,0.2278525915612401
2021-02-04,LLOY,36.11000061035156,36.65999984741211,33.83000183105469,34.42499923706055,412023812,34.05450019836426,90.3429746512278,-0.4556119992619919,51.07824523021917,24.407819264782844,,,-0.11,382628170.0,70849366949.0,0.0054005869985462,36.11,0.3043461822359176
2021-02-05,LLOY,37.0,37.52000045776367,36.36000061035156,36.98500061035156,380657321,34.27750015258789,92.24458667143054,-0.4056191199547032,54.70622054382374,103.13199193913049,,,-0.11,311373357.0,70849366949.0,0.004394864349658,37.0,0.3129956371153884
2021-02-08,LLOY,37.70000076293945,38.31999969482422,37.51499938964844,38.09999847412109,286839716,34.66400032043457,91.73885408107846,-0.3186288496845943,59.14962269829948,140.26672316191122,,,-0.11,253638096.0,70849366949.0,0.0035799627706282,37.7,0.3189534865494539
2021-02-09,LLOY,37.54499816894531,37.93000030517578,37.209999084472656,37.72499847412109,129770297,34.97750015258789,89.67352947978553,-0.2147562614879015,59.534111343611386,119.56979391742657,,,-0.11,115801571.0,70849366949.0,0.0016344757333309,37.545,0.3141414532492867
2021-02-10,LLOY,37.5,38.21699905395508,37.17300033569336,38.0,177399859,35.40250015258789,89.0739535440473,-0.1059757827381435,62.40772487749,115.56572238791236,,,-0.11,167480627.0,70849366949.0,0.0023638972966485,37.5,0.3142905610460439
2021-02-11,LLOY,37.06999969482422,37.7599983215332,36.75,37.47999954223633,213707092,35.7625,83.34443517949283,-0.0064404492023882,63.23358792431892,90.6344912006333,,,-0.11,185302654.0,70849366949.0,0.0026154454440416,37.07,0.3175346278141103
2021-02-12,LLOY,37.09999847412109,37.41999816894531,36.27000045776367,36.665000915527344,135270378,36.17249984741211,79.91767790144581,0.0825756918527008,70.96979996001552,74.20134240945012,,,-0.11,104459871.0,70849366949.0,0.0014743938513267,37.1,0.3166923929982517
2021-02-15,LLOY,39.09000015258789,39.185001373291016,37.29999923706055,37.82500076293945,290453462,36.72899971008301,98.63110681148586,0.1918933414683928,75.4347716117005,133.07239110882938,,,-0.11,280716964.0,70849366949.0,0.0039621661574205,39.09,0.3646189446155827
2021-02-16,LLOY,39.47999954223633,39.5,38.45500183105469,39.5,247123172,37.277499771118165,99.72432178057738,0.3139898202557669,86.95134340177611,139.55376709482292,,0.291,0.291,234653747.0,70849366949.0,0.0033120090849776,39.48,0.35079460683999
2021-02-17,LLOY,38.92499923706055,39.65499877929688,38.560001373291016,39.47499847412109,172194425,37.75199966430664,89.98628487584438,0.4281249703904153,81.11806059382172,115.96908796044114,,,0.291,146930758.0,70849366949.0,0.0020738471538604,38.925,0.3372398694193519
2021-02-18,LLOY,37.48500061035156,38.97499847412109,37.11000061035156,38.79999923706055,270616682,37.88949966430664,67.02129448138363,0.5073368403200489,73.03544082772068,66.23637592684771,,,0.291,249260628.0,70849366949.0,0.003518177207983,37.485,0.3715937986659368
2021-02-19,LLOY,38.18999862670898,38.5880012512207,36.90999984741211,37.59999847412109,225045181,38.00849952697754,75.83704075616954,0.5705985659976521,73.5249544371502,61.41757727040381,,,0.291,228344845.0,70849366949.0,0.0032229623895492,38.19,0.3723995267845091
2021-02-22,LLOY,38.41999816894531,38.54499816894531,37.53099822998047,38.10499954223633,153693215,38.080499267578126,78.79826167592672,0.6229157648826923,72.86821491473806,64.9468581456289,,0.497,0.497,146566679.0,70849366949.0,0.0020687083782344,38.42,0.3718365349143924
2021-02-23,LLOY,39.220001220703125,39.59000015258789,38.619998931884766,38.93000030517578,311824333,38.24799957275391,92.53222684133732,0.6769744228107222,74.48979818807456,92.16576273419416,,0.507,0.507,293468688.0,70849366949.0,0.0041421497557098,39.22,0.3443838005087938
2021-02-24,LLOY,39.334999084472656,41.0,38.369998931884766,40.84999847412109,486094094,38.43149948120117,64.79913157158285,0.7295825114579623,69.02654309595934,103.25392549269915,,4.289,4.289,433500084.0,70849366949.0,0.0061186161947226,39.335,0.3449005898004048
2021-02-25,LLOY,39.209999084472656,39.92499923706055,38.82500076293945,39.58000183105469,301035350,38.64549942016602,62.156425184746695,0.774866440327285,64.33203208106357,91.16587492683983,,4.083,4.083,200638817.0,70849366949.0,0.0028319069829435,39.21,0.3376342481041164
2021-02-26,LLOY,39.0,39.2400016784668,38.03499984741211,38.5,541710054,38.8354995727539,57.71669781062163,0.8080693792602929,59.00276803409347,64.09408340895014,,3.331,3.331,356069927.0,70859202885.0,0.0050250343286796,39.0,0.3401824350261796
2021-03-01,LLOY,39.005001068115234,39.720001220703125,38.9900016784668,39.595001220703125,162494230,38.82699966430664,57.8224286478147,0.8301976703747262,60.32534476628086,85.67639795647355,,3.645,3.645,152539109.0,70859202885.0,0.0021527070978707,39.005,0.3403913993436481
2021-03-02,LLOY,38.880001068115234,39.27000045776367,38.685001373291016,38.775001525878906,158880732,38.76699981689453,55.179722260978544,0.8403380947857654,59.65036020890676,63.97629781326528,,7.886,7.886,151002688.0,70859202885.0,0.002131024367365,38.88,0.3423324403889188
2021-03-03,LLOY,40.415000915527344,40.46500015258789,39.060001373291016,39.25,303428714,38.91599998474121,87.6321534653665,0.865007904341446,70.26046234793193,126.5605948534865,,5.86,5.86,,,,,0.3061823822119699
2021-03-04,LLOY,40.345001220703125,40.970001220703125,39.875,40.2599983215332,270262448,39.202000045776366,83.98536051685882,0.8944028866079758,69.55999676245031,148.18905429211148,,,5.86,260486555.0,70859202885.0,0.0036761146667533,40.345,0.3021199205837287
2021-03-05,LLOY,40.07500076293945,41.46200180053711,39.66999816894531,40.025001525878906,311713141,39.39050025939942,69.52986725663717,0.918872357335816,57.490502414719,135.4018810656822,,5.816,5.816,,,,,0.3029136803435467
2021-03-08,LLOY,41.77999877929688,42.03499984741211,40.29199981689453,40.5,289188721,39.72650032043457,95.02436940262956,0.9640798343480694,64.57541525347928,182.96267121448992,,,5.816,282697964.0,70859202885.0,0.0039895730193126,41.78,0.3272242291647458
2021-03-09,LLOY,41.1349983215332,41.95000076293945,40.89500045776367,41.95000076293945,275427000,39.918000030517575,82.43899461699695,1.0074277027409209,63.847119471793214,160.73852864685082,,3.917,3.917,246205946.0,70859202885.0,0.0034745796731523,41.135,0.283404970404869
2021-03-10,LLOY,40.77999877929688,41.29499816894531,40.50600051879883,40.81999969482422,156387940,40.0625,75.51217428067835,1.0393776957109435,73.89412453346701,114.69042198515034,,,3.917,144933034.0,70859202885.0,0.0020453664181802,40.78,0.2861391816433766
2021-03-11,LLOY,40.5,40.97299957275391,40.07500076293945,40.82500076293945,149291863,40.19150009155273,65.91919857507895,1.055672680748481,67.85164064476075,80.7679939845973,,,3.917,131463270.0,70859202885.0,0.001855274468912,40.5,0.2863695022091951
2021-03-12,LLOY,41.209999084472656,41.32500076293945,40.30500030517578,40.30500030517578,169006682,40.4125,79.37498092651367,1.0702227292008644,70.07195784620451,99.3556183143176,,,3.917,120778318.0,70859202885.0,0.0017044831593154,41.21,0.2856625078225461
2021-03-15,LLOY,41.09999847412109,41.79499816894531,40.76499938964844,41.65999984741211,195027863,40.621999740600586,76.62496566772461,1.0787220980475865,65.01596567988202,104.41880528373515,,,3.917,132486356.0,70859202885.0,0.0018697127628575,41.1,0.2449999542385517
2021-03-16,LLOY,41.47499847412109,42.084999084472656,41.07799911499024,41.31999969482422,325544367,40.881499481201175,84.93825369719586,1.0865077472975468,66.41104671368342,111.24752679444302,,4.324,4.324,202162994.0,70859202885.0,0.0028530238242744,41.475,0.2399774765761827
2021-03-17,LLOY,41.459999084472656,42.0,41.119998931884766,41.470001220703125,263694247,40.985999298095706,84.56789832746686,1.0907222368969196,67.55071289059012,98.74937413149924,,4.429,4.429,,,,,0.2322263896348291
2021-03-18,LLOY,41.60499954223633,41.93000030517578,40.96500015258789,41.869998931884766,252168435,41.11199913024903,85.8823569010725,1.092304883311681,70.52797956836487,89.75485995155366,,,4.429,245876734.0,70859202885.0,0.0034699336711286,41.605,0.232236717631489
2021-03-19,LLOY,41.025001525878906,41.43999862670898,40.38399887084961,40.900001525878906,528920741,41.20699920654297,68.82358023043031,1.0804118630800112,64.59539093788158,48.49031957696596,,,4.429,379928983.0,70859202885.0,0.0053617450878836,41.025,0.2390213425086497
2021-03-22,LLOY,41.0,41.93000030517578,40.41999816894531,40.77999877929688,220892629,41.12899932861328,64.13223453154852,1.0578346459100565,65.5425235524138,56.17616236354658,,4.929,4.929,213273941.0,70859202885.0,0.0030098269852982,41.0,0.2375939648217918
2021-03-23,LLOY,41.34000015258789,41.595001220703125,40.650001525878906,40.84999847412109,256548257,41.14949951171875,69.1511946395231,1.0327578008405829,58.22222101658868,57.35828558265612,,,4.929,166066558.0,70859202885.0,0.0023436131262937,41.34,0.2373723440655056
2021-03-24,LLOY,42.23500061035156,42.29999923706055,40.76300048828125,41.0,299872737,41.29499969482422,97.52857033037006,1.019354152734608,64.65116499135334,98.4879736592449,,,4.929,295004756.0,70859202885.0,0.0041632525344488,42.235,0.2077991101561817
2021-03-25,LLOY,41.76499938964844,42.33000183105469,41.277000427246094,42.0,260442706,41.42149963378906,74.94447122907627,1.004147770437735,62.70676096525067,95.58965779318446,,4.129,4.129,226472873.0,70859202885.0,0.0031960968198802,41.765,0.2131087384009755
2021-03-26,LLOY,42.255001068115234,42.4900016784668,41.7400016784668,42.29999923706055,194305088,41.52599983215332,90.26912955433612,0.9941376476717128,54.36984515912582,131.08454226351662,,4.272,4.272,190820333.0,70859202885.0,0.0026929506010629,42.255,0.2155540965867477
2021-03-29,LLOY,42.060001373291016,42.59999847412109,41.7400016784668,41.79999923706055,150612982,41.62200012207031,78.61395681909858,0.9825322398530664,59.27786297394834,123.72467268401502,,4.009,4.009,148057426.0,70859202885.0,0.0020894593782022,42.06,0.2145152663268925
2021-03-30,LLOY,43.09999847412109,43.15499877929688,42.45000076293945,42.5,187260463,41.78450012207031,98.21427465590294,0.98488846954169,70.45855770757477,207.1104709495642,,,4.009,183329317.0,70859202885.0,0.0025872336906969,43.1,0.1763296558602076
2021-03-31,LLOY,42.53499984741211,43.41999816894531,42.53499984741211,43.09999847412109,229740496,41.89200019836426,71.58911947174673,0.9846130825355142,67.08648635836899,175.31720419765966,,,4.009,226272637.0,70945784662.0,0.0031893739434697,42.535,0.1838992471794751
2021-04-01,LLOY,42.77000045776367,43.040000915527344,42.3849983215332,42.4900016784668,115971556,42.008500289917,78.59032076887026,0.9842078505150867,64.23359036134514,143.33230507371314,0.30274,4.107,4.107,113061583.0,70945784662.0,0.0015936335546734,42.77,0.1738904200440216
2021-04-06,LLOY,42.83000183105469,43.86000061035156,42.68000030517578,43.5,215733220,42.18900032043457,70.36828930228168,0.9824565551785862,65.93004843189958,159.9601858458418,0.14046666666666663,4.534,4.534,205143297.0,70945784662.0,0.0028915501883211,42.83,0.1660169061477804
2021-04-07,LLOY,43.34999847412109,43.630001068115234,42.8849983215332,42.98500061035156,167501972,42.42400016784668,85.32790906187687,0.9860104047471704,66.81615270292832,148.95859463184323,0.13296,,4.534,154985480.0,70945784662.0,0.0021845622081478,43.35,0.1607141293336622
2021-04-08,LLOY,43.415000915527344,43.720001220703125,43.209999084472656,43.52000045776367,129551520,42.63150024414063,87.197943839695,0.9914928765241138,67.37779405381946,137.8283695608365,0.05165,,4.534,126218539.0,70945784662.0,0.001779084403694,43.415,0.1595844872100494
2021-04-09,LLOY,43.255001068115234,43.6349983215332,43.17499923706055,43.630001068115234,158452410,42.73350028991699,82.59495858816764,0.993084254165489,64.62767468474635,113.39783353149672,0.20578181818181818,,4.534,127687154.0,70945784662.0,0.0017997849288485,43.255,0.1593199887147259
2021-04-12,LLOY,44.38999938964844,44.540000915527344,43.060001373291016,43.5,200067947,42.99600028991699,96.35918869220784,1.0079981421738942,77.15898328922364,146.84462761573556,0.198625,2.028,2.028,,,,,0.180349963520352
2021-04-13,LLOY,43.75,45.01499938964844,43.67499923706055,44.51499938964844,256620647,43.14550018310547,71.01947288111597,1.0179722627909082,70.19090298005825,137.23176791439252,0.147175,,2.028,161644477.0,70945784662.0,0.0022784225697144,43.75,0.1912125990239545
2021-04-14,LLOY,43.83000183105469,43.994998931884766,43.36000061035156,43.75,132548085,43.32250022888184,72.13081221134074,1.0232835908102422,69.00764861450762,94.531044804209,0.060484,,2.028,124340599.0,70945784662.0,0.0017526143320901,43.83,0.1810600275942676
2021-04-15,LLOY,42.810001373291016,43.619998931884766,42.78499984741211,43.5,143216883,43.29350051879883,41.01127264785783,1.0067881603020266,54.30712231206685,40.87511273369334,0.08241333333333335,,2.028,126677536.0,70945784662.0,0.0017855540904018,42.81,0.2041792525628924
2021-04-16,LLOY,43.459999084472656,43.775001525878906,43.02000045776367,43.13999938964844,214002182,43.38600044250488,52.519041467826646,0.9855650537244832,62.36324399163938,62.00008968582753,0.29134444444444446,,2.028,134546463.0,70945784662.0,0.001896468742167,43.46,0.208927277817664
2021-04-19,LLOY,43.755001068115234,43.92300033569336,43.27000045776367,43.27000045776367,100797545,43.48450050354004,61.52674192011611,0.9649515639309664,61.261267969468655,75.05260676012647,0.07264999999999999,,2.028,92622451.0,70945784662.0,0.0013055384677366,43.755,0.2084894661987171
2021-04-20,LLOY,42.04499816894531,43.915000915527344,42.04499816894531,43.89500045776367,233591142,43.4060001373291,0.0,0.9163193459841448,49.90823727372544,-14.924649826322552,0.0673025974025974,4.215,4.215,212157981.0,70945784662.0,0.0029904240542375,42.045,0.2444872519203169
2021-04-21,LLOY,41.6150016784668,42.72499847412109,41.22499847412109,41.994998931884766,167730389,43.23250045776367,10.29031952862834,0.8437260932596237,40.18508218619257,-101.2772902252904,0.0,3.646,3.646,161948680.0,70945784662.0,0.0022827103931763,41.615,0.2439691317598681
2021-04-22,LLOY,41.97499847412109,42.01499938964844,41.40999984741211,41.77999877929688,140802562,43.08850021362305,19.7889134255168,0.7637405025866509,46.19564118817506,-115.64246344332513,,4.646,4.646,135560948.0,70945784662.0,0.0019107681822935,41.975,0.2422314490053181
2021-04-23,LLOY,42.6349983215332,42.665000915527344,41.755001068115234,42.345001220703125,126375282,43.02649993896485,37.20315321390683,0.6921037075352225,49.13293381484621,-63.41533528577889,,4.161,4.161,117338196.0,70945784662.0,0.0016539135701863,42.635,0.2487638038755147
2021-04-26,LLOY,42.88999938964844,42.97499847412109,41.720001220703125,42.81499862670898,200403336,42.87649993896484,43.93141196103574,0.6319460437689882,50.37592475386108,-51.02242049706309,,10.874,10.874,116450840.0,70945784662.0,0.0016414060476573,42.89,0.2324772517490105
2021-04-27,LLOY,43.57500076293945,43.57500076293945,42.65999984741211,42.970001220703125,133293458,42.85900001525879,62.00532245759044,0.5916253052205765,51.38122944243601,31.900844881151624,,,10.874,124076125.0,70945784662.0,0.0017488864996154,43.575,0.2338757382521376
2021-04-28,LLOY,45.10499954223633,45.72700119018555,44.470001220703125,45.0,469783830,42.98649978637695,86.18388998901008,0.58891345002572,58.792919824246,223.8590300616463,,9.324,9.324,445746287.0,70945784662.0,0.0062829143285062,45.105,0.2627427635230985
2021-04-29,LLOY,45.45500183105469,45.86000061035156,45.0,45.70000076293945,194506124,43.25099983215332,91.26216628615732,0.6141581034654212,61.22449456230432,214.6723203068188,,8.363,8.363,,,,,0.2632654354797719
2021-04-30,LLOY,45.435001373291016,45.720001220703125,45.13999938964844,45.45000076293945,195838257,43.44850006103516,90.8306571481715,0.6538831022899176,56.01613021534039,176.93580040480958,,,8.363,184577185.0,70954353687.0,0.0026013510857166,45.435,0.2613217390339844
2021-05-04,LLOY,45.04499816894531,47.45500183105469,44.97600173950195,46.10499954223633,236622072,43.57749977111816,61.316173940304616,0.6928890457871107,57.67633297244104,172.08401550305763,-0.25615000000000004,6.491,6.491,229842644.0,70954353687.0,0.0032393029047083,45.045,0.2642584735343102
2021-05-05,LLOY,46.22999954223633,46.290000915527344,45.400001525878906,45.70000076293945,140325502,43.99599990844727,80.33705250808556,0.7467263138468245,62.57859811944315,151.87969330743456,0.04562666666666666,4.505,4.505,,,,,0.2636156380131919
2021-05-06,LLOY,46.20500183105469,46.4900016784668,45.75699996948242,46.310001373291016,314984716,44.454999923706055,79.93580535379921,0.8049365660597045,69.86541644029231,136.56702752407932,0.0924625,,4.505,115578943.0,70954353687.0,0.0016289196785563,46.205,0.2636815006131365
2021-05-07,LLOY,46.55500030517578,46.85499954223633,46.04499816894531,46.68999862670898,137431750,44.91300010681152,85.55375536231033,0.8665856503956896,68.76895202967737,132.3695371780941,0.42090000000000005,2.39,2.39,123457537.0,70954353687.0,0.0017399571778865,46.555,0.2570503622754901
2021-05-10,LLOY,47.84999847412109,48.0,46.790000915527344,46.95000076293945,194072250,45.43450012207031,97.78595583623212,0.9458441966720682,72.14709507365524,156.3472861192002,0.29353684210526315,,2.39,183178121.0,70954353687.0,0.0025816332822655,47.85,0.2513186732067538
2021-05-11,LLOY,46.67499923706055,47.54499816894531,46.630001068115234,47.310001373291016,205425959,45.81300010681152,80.44279757165717,1.0110829517533604,76.57866580124235,110.4457732697618,0.074,,2.39,199221007.0,70954353687.0,0.0028077347850819,46.675,0.2702999916463569
2021-05-12,LLOY,47.290000915527344,47.41999816894531,46.26499938964844,46.595001220703125,173579940,46.18450012207031,89.2261142938845,1.0716219800015947,81.89993785839175,98.55048945051024,-0.08782,1.705,1.705,,,,,0.2205607093867483
2021-05-13,LLOY,47.005001068115234,47.17499923706055,46.29499816894531,46.5,181473943,46.3745002746582,84.15606488388254,1.1190523052511123,78.51474258805048,82.76444935418726,0.035699999999999996,,1.705,129958365.0,70954353687.0,0.0018315770385744,47.005,0.2169395931492543
2021-05-14,LLOY,48.25,48.27000045776367,47.2599983215332,47.69499969482422,321795123,46.65400009155273,99.69464946422426,1.1730926576517569,79.8511436990588,113.43438590227515,0.3142,,1.705,313350303.0,70954353687.0,0.0044162237652431,48.25,0.2285438561807819
2021-05-17,LLOY,48.06999969482422,48.45500183105469,40.130001068115234,48.25,114563454,46.91749992370605,95.37535013877248,1.2228976472431976,77.7599104425375,21.0213506916603,-0.20190833333333333,,1.705,109107994.0,70954353687.0,0.0015377209195831,48.07,0.2292260875148182
2021-05-18,LLOY,48.59999847412109,49.03499984741211,48.31499862670898,48.5,121810917,47.27299995422364,95.11508778302871,1.2731057235006236,77.38418598927062,130.49509401430305,0.015170588235294113,,1.705,116314221.0,70962275982.0,0.0016390993579391,48.6,0.2286651476383286
2021-05-19,LLOY,47.959999084472656,48.709999084472656,47.34000015258789,47.970001220703125,145964512,47.44599990844726,87.92812004153544,1.307821974409185,67.22993116969164,99.90428201282371,0.0797,,1.705,137820438.0,70962275982.0,0.0019421648487565,47.96,0.2392835332208809
2021-05-20,LLOY,48.220001220703125,48.48500061035156,47.57600021362305,48.10499954223633,137951837,47.64749984741211,90.84785246008384,1.3321757574826905,66.87003961327022,97.9662528792066,0.12248,,1.705,120523739.0,70962275982.0,0.001698419862274,48.22,0.2361931279985541
2021-05-21,LLOY,48.470001220703125,48.55500030517578,47.665000915527344,48.165000915527344,257504751,47.83899993896485,93.65526441146132,1.3497101868859651,68.01187016172959,97.99589124784968,-0.2235,,1.705,245612675.0,70962275982.0,0.0034611724553803,48.47,0.2081150438134363
2021-05-24,LLOY,48.720001220703125,48.81999969482422,48.27999877929688,48.790000915527344,76212516,47.92600021362305,96.4626763628388,1.362963535212375,72.178665126974,108.7765109354,0.1589,,1.705,75599974.0,70962275982.0,0.0010653544147763,48.72,0.2076438443622867
2021-05-25,LLOY,49.06999969482422,49.31999969482422,48.80799865722656,49.0,189379841,48.165500259399415,97.27965138891943,1.3753163740823513,69.06042127609678,125.29757055625652,0.323,,1.705,184588933.0,70962275982.0,0.0026012262211942,49.07,0.2075782838908278
2021-05-26,LLOY,48.415000915527344,49.185001373291016,47.72200012207031,48.69499969482422,213999790,48.27800025939941,90.1523513108406,1.3728724876561704,63.67574672280445,83.5307617514959,0.14558666666666664,,1.705,188045140.0,70962275982.0,0.0026499310710904,48.415,0.2160536723892397
2021-05-27,LLOY,49.90499877929688,49.90499877929688,48.2400016784668,48.31999969482422,395645113,48.56800003051758,100.0,1.3819254046262044,68.16703255238178,124.00719673661608,-0.449788,,1.705,364360087.0,70962275982.0,0.0051345603274114,49.905,0.2319992332188754
2021-05-28,LLOY,49.88999938964844,50.20100021362305,49.505001068115234,50.0,221615971,48.73199996948242,96.91191688648556,1.394320732334662,62.84636176613873,139.66617601797424,-0.68629375,,1.705,209914524.0,70962362830.0,0.0029581106889419,49.89,0.2187983172100488
2021-06-01,LLOY,49.77999877929688,50.560001373291016,49.5,50.18000030517578,234369961,48.90299987792969,92.5215477356499,1.4032283002960564,72.58182738249478,132.11879905935217,-0.16076,,1.705,168486982.0,70962362830.0,0.0023743147110762,49.78,0.2194594242093027
2021-06-02,LLOY,50.0,50.20000076293945,49.51499938964844,49.79499816894531,175429504,49.043000030517575,94.63085947357912,1.4097946084308344,70.91050054983481,120.3666241521842,0.0,2.089,2.089,,,,,0.2188647665560804
2021-06-03,LLOY,49.54999923706055,50.10200119018555,49.15999984741211,50.02999877929688,131813661,49.202000045776366,90.31637481612282,1.4041565371048108,69.14973254050355,94.26469527063963,0.026475,,2.089,129282736.0,70962362830.0,0.0018218493697809,49.55,0.223183918575307
2021-06-04,LLOY,48.935001373291016,49.625,48.810001373291016,49.41999816894531,125488064,49.27350006103516,84.41994292949722,1.3781522656768757,55.6941136926487,57.817485440730096,-0.18406428571428574,,2.089,112884710.0,70962362830.0,0.0015907687610463,48.935,0.2096423859142099
2021-06-07,LLOY,49.630001068115234,49.83000183105469,49.02000045776367,49.02000045776367,170434798,49.389500045776366,71.11801389402254,1.3486932678965982,61.94488955771092,75.67042853075955,-0.10261666666666668,2.23,2.23,158707359.0,70962362830.0,0.0022365004866059,49.63,0.1872801672954129
2021-06-08,LLOY,48.900001525878906,49.92499923706055,48.83599853515625,49.5,105375649,49.40750007629394,48.447229251371866,1.303892542796666,52.22885023931148,51.55069193773637,-0.2832433962264151,,2.23,98143615.0,70962362830.0,0.0013830375862077,48.9,0.1968978979100317
2021-06-09,LLOY,48.23500061035156,48.935001373291016,47.85499954223633,48.70000076293945,148918120,49.32400016784668,22.084455114683767,1.2382429121990814,52.03554135969306,-16.959298782805245,0.08152941176470589,,2.23,144036810.0,70962362830.0,0.0020297634443917,48.235,0.2026153560453714
2021-06-10,LLOY,48.275001525878906,49.01499938964844,47.98500061035156,48.23500061035156,100447688,49.31000022888183,21.070829495577197,1.1607830388399742,50.42081360799948,-17.610539597209346,-0.19622222222222221,,2.23,97443169.0,70962362830.0,0.0013731669171366,48.275,0.1795907466260407
2021-06-11,LLOY,48.39500045776367,48.51900100708008,47.900001525878906,48.04499816894531,124037199,49.15900039672852,23.71388438972264,1.0792501622038166,49.41451349022144,-40.09740655157675,0.2150875,2.401,2.401,85925780.0,70962362830.0,0.0012108641337922,48.395,0.1747385637348431
2021-06-14,LLOY,47.84000015258789,48.744998931884766,47.80500030517578,48.560001373291016,128931040,48.95400047302246,4.157856888428891,0.9881239589876216,43.442610369048055,-54.77574092271958,0.37921,,2.401,119566791.0,70962362830.0,0.0016849324942355,47.84,0.173155733805529
2021-06-15,LLOY,47.915000915527344,48.19200134277344,47.58000183105469,48.185001373291016,164741804,48.76750068664551,11.24158174270247,0.8947062896655595,41.02564710568998,-102.85461371863344,-0.11368571428571428,,2.401,154044996.0,70962362830.0,0.0021707985734499,47.915,0.1720720888286721
2021-06-16,LLOY,47.69499969482422,48.435001373291016,47.52000045776367,48.0,238985854,48.53700065612793,5.756552117030862,0.7992002747724578,43.99998982747396,-94.62899853218067,0.074,1.598,1.598,,,,,0.1708755981917643
2021-06-17,LLOY,47.95000076293945,48.834999084472656,47.8650016784668,48.0,225143933,48.37700080871582,14.144742620947198,0.709638762472039,29.48586881773284,-62.05611963785815,0.2537615384615385,,1.598,171280096.0,70962362830.0,0.0024136752099183,47.95,0.1690287353499207
2021-06-18,LLOY,46.43000030517578,48.0,46.167999267578125,47.5,374567463,48.1265007019043,5.965412385774104,0.602629981861831,22.408319563117075,-182.04651103168368,0.07399999999999998,,1.598,351841522.0,70962362830.0,0.0049581427107054,46.43,0.1969170391732875
2021-06-21,LLOY,46.994998931884766,47.05500030517578,45.56999969482422,46.15499877929688,162030532,47.86300048828125,30.77751421860105,0.4979358760640308,29.293688479164388,-184.99931176679155,-0.027985714285714287,1.654,1.654,155591734.0,70962362830.0,0.0021925951701008,46.995,0.1642407162461633
2021-06-22,LLOY,46.76499938964844,47.33000183105469,46.46799850463867,47.27000045776367,114201711,47.6495002746582,26.368033992207312,0.3953763966708867,25.98366505431765,-135.88720118862912,0.12997,,1.654,106981138.0,70962362830.0,0.0015075757589454,46.765,0.1643599157252718
2021-06-23,LLOY,47.0,47.38399887084961,46.80500030517578,46.834999084472656,124173209,47.52600021362305,32.835831354449795,0.3023793518375439,30.44479249979084,-107.53583722295768,-0.0026071428571428582,1.714,1.714,112818060.0,70962362830.0,0.001589829530765,47.0,0.1647394773452514
2021-06-24,LLOY,47.19499969482422,47.55500030517578,46.89500045776367,47.18999862670898,165329025,47.418000030517575,37.31343675791867,0.2226728370259548,35.73769651155446,-86.26942444230522,,,1.714,150096267.0,70962362830.0,0.0021151531743605,47.195,0.1650389171296192
2021-06-25,LLOY,47.220001220703125,47.70500183105469,46.96200180053711,47.58000183105469,99477481,47.300500106811526,37.88752466852424,0.1553662844725418,27.80848969716385,-73.70528321259883,,,1.714,91832596.0,70962362830.0,0.0012941028502672,47.22,0.1609481430892398
2021-06-28,LLOY,46.505001068115234,47.220001220703125,46.505001068115234,47.119998931884766,102798517,47.167000198364256,27.140826012140597,0.0875985877074807,27.88551832285907,-103.96982280288567,,,1.714,89333418.0,70962362830.0,0.0012588844908393,46.505,0.1676221262607457
2021-06-29,LLOY,46.790000915527344,47.31999969482422,46.25,46.400001525878906,106743496,47.05450019836426,35.413681531991415,0.0274417005414406,35.65046033929946,-91.5047946581463,,,1.714,80012083.0,70962362830.0,0.001127528450422,46.79,0.1591962582651738
2021-06-30,LLOY,46.68999862670898,47.047000885009766,46.1510009765625,46.59999847412109,121885912,46.954000091552736,34.30318962495619,-0.0264493784826518,34.445521759475895,-94.43131799924028,,,1.714,115147412.0,70970030431.0,0.0016224793944811,46.69,0.152953288417678
2021-07-01,LLOY,47.619998931884766,47.64500045776367,46.75,46.97999954223633,142068363,46.920999908447264,62.78712466409628,-0.0586902157487891,43.437758808032754,-32.189576349894544,0.2769142857142857,,1.714,139877292.0,70970030431.0,0.0019709346487598,47.62,0.165749470792913
2021-07-02,LLOY,46.82500076293945,47.845001220703125,46.78499984741211,47.65999984741211,87010694,46.96049995422364,38.43801846010048,-0.0882209475478243,41.74126375959416,-42.5030054323033,0.25669,1.881,1.881,84806336.0,70970030431.0,0.0011949598370604,46.825,0.1751651746222139
2021-07-05,LLOY,47.709999084472656,47.994998931884766,46.900001525878906,46.91999816894531,81200498,47.03199996948242,65.54363827549948,-0.1001842832599972,48.52622733944271,1.590570476735532,0.14915,,1.881,75123354.0,70970030431.0,0.0010585222176709,47.71,0.1892037748496557
2021-07-06,LLOY,46.43999862670898,47.93999862670898,46.33000183105469,47.75,100673719,46.99949989318848,26.64622035284496,-0.120543352934149,42.16114365609496,-61.11334109756476,0.10943999999999998,2.154,2.154,98450301.0,70970030431.0,0.0013872095080432,46.44,0.2074618223589466
2021-07-07,LLOY,46.790000915527344,47.28499984741211,46.26800155639648,46.45000076293945,123009564,46.97849998474121,50.20580524638546,-0.139238625143632,42.83950913808117,-71.47594907890006,0.0,2.388,2.388,106210444.0,70970030431.0,0.0014965534515764,46.79,0.209665333395756
2021-07-08,LLOY,45.6150016784668,46.380001068115234,44.93999862670898,46.380001068115234,171421651,46.820500183105466,22.09502403696073,-0.1743400978560844,44.745335174356974,-201.7612515729205,-0.08289523809523809,9.238,9.238,170054334.0,70970030431.0,0.0023961428925317,45.615,0.2261944137323909
2021-07-09,LLOY,46.709999084472656,46.7400016784668,45.59000015258789,45.755001068115234,165241110,46.769499969482425,57.93781607042517,-0.2000171815680427,48.28002502920304,-102.47581794851544,-0.0313,,9.238,129685919.0,70970030431.0,0.0018273335690067,46.71,0.2434152484979737
2021-07-12,LLOY,47.16999816894531,47.32600021362305,45.88800048828125,46.59000015258789,102046957,46.83599967956543,72.9950677405257,-0.21064630932926,52.378149197457525,-34.97181886704125,0.1426777777777778,4.211,4.211,95366282.0,70970030431.0,0.0013437542779796,47.17,0.2176783332506392
2021-07-13,LLOY,46.75,48.310001373291016,46.71500015258789,47.59999847412109,172623882,46.83199958801269,53.70919579002656,-0.2175071933259789,48.563217886814826,44.04482152605034,0.22416666666666668,4.996,4.996,,,,,0.2160302227009504
2021-07-14,LLOY,46.935001373291016,47.77999877929688,46.61000061035156,46.75,95471802,46.8564998626709,59.19884630970789,-0.2181992245055471,48.5040370390043,28.65560846841553,0.24257,,4.996,94150734.0,70970030431.0,0.0013266266539301,46.935,0.2157492933733355
2021-07-15,LLOY,46.560001373291016,47.04499816894531,46.209999084472656,46.90499877929688,114491702,46.75050010681152,48.07125893962822,-0.2204740466449964,46.34955719536953,-59.33827104610172,0.023499999999999993,6.269,6.269,,,,,0.2168875357446782
2021-07-16,LLOY,45.720001220703125,46.959999084472656,45.61000061035156,46.73500061035156,121824323,46.64000015258789,23.145458702822875,-0.2365208884453706,45.717402641944034,-145.6573054979403,0.26474000000000003,,6.269,120510157.0,70970030431.0,0.0016980429100585,45.72,0.224895282067401
2021-07-19,LLOY,43.5,45.209999084472656,43.3650016784668,44.98500061035156,218332880,46.219000244140624,2.72999655944371,-0.2952383073439147,35.18017401895251,-364.7555222639806,-0.08663,6.755,6.755,198282833.0,70970030431.0,0.0027938952793993,43.5,0.2798322398185474
2021-07-20,LLOY,44.084999084472656,44.20500183105469,42.78200149536133,43.665000915527344,283626711,45.98350028991699,23.570868630324917,-0.3676165266269092,38.757010764464326,-274.37020587717547,0.38028,8.181,8.181,246385336.0,70970030431.0,0.0034716814196598,44.085,0.2830437250583046
2021-07-21,LLOY,45.63999938964844,45.834999084472656,44.1150016784668,44.1150016784668,113299851,45.8685001373291,51.70039720329135,-0.4191158909796642,41.891890625307546,-108.5378038114031,0.1793090909090909,,8.181,110621186.0,70970030431.0,0.0015587028119925,45.64,0.3122421061515696
2021-07-22,LLOY,45.22999954223633,46.369998931884766,45.07500076293945,46.27999877929688,96907443,45.829999923706055,44.28361253495196,-0.4604151699876349,43.25580705143342,-67.48629182348027,0.17160588235294116,5.672,5.672,86531539.0,70970030431.0,0.0012192687318082,45.23,0.3033477432204488
2021-07-23,LLOY,45.8849983215332,46.10499954223633,45.34199905395508,45.584999084472656,79890316,45.74749984741211,56.13236061311185,-0.4816567543812134,42.13022349623744,-42.89836853961617,0.14295,6.918,6.918,,,,,0.30404302396898
2021-07-26,LLOY,46.55500030517578,46.65999984741211,45.0,45.55500030517578,113182682,45.68600006103516,68.25251253854032,-0.477425761908946,50.52297266775216,-15.992712528639943,-0.13873333333333332,,6.918,104821206.0,70970030431.0,0.0014769784564473,46.555,0.300706513282935
2021-07-27,LLOY,46.52000045776367,46.61000061035156,45.6150016784668,46.32500076293945,116360165,45.66300010681152,67.61937490856596,-0.4569210995990268,48.73595249771672,0.8727260865742932,-0.23854444444444445,,6.918,113493973.0,70970030431.0,0.0015991816871255,46.52,0.2851535029900716
2021-07-28,LLOY,46.77999877929688,47.30899810791016,46.31999969482422,46.36000061035156,148437402,45.64749984741211,72.32267315882888,-0.422101767608066,55.96516963007381,46.86568358316241,0.20346666666666668,,6.918,132308635.0,70970030431.0,0.0018642888300384,46.78,0.2845757943164637
2021-07-29,LLOY,46.20000076293945,47.900001525878906,45.7400016784668,47.5,229195738,45.61149978637695,61.83066828970722,-0.3884270391963628,47.24325117915434,35.23128243714376,,4.67,4.67,212921136.0,70970030431.0,0.0030001556249438,46.2,0.2880406065330201
2021-07-30,LLOY,45.6349983215332,46.400001525878906,45.375,46.005001068115234,177334015,45.60299949645996,51.60992925420182,-0.3653639912140897,41.79583152045156,-30.51293992130012,,0.221,0.221,164244383.0,70978544624.0,0.0023140004330895,45.635,0.276838944012707
2021-08-02,LLOY,46.23500061035156,46.744998931884766,45.630001068115234,46.40999984741211,131446292,45.87649955749512,67.46774314968177,-0.339755717496758,47.2994274155606,12.354704182137445,0.38172666666666666,-0.573,-0.573,115071222.0,70978544624.0,0.0016212113478738,46.235,0.2669450504703172
2021-08-03,LLOY,46.84999847412109,47.31999969482422,46.2599983215332,46.47499847412109,128068426,46.15299949645996,79.48411399967056,-0.3033082698864893,49.57349273523169,72.29827289249182,0.28852500000000003,-1.287,-1.287,114336879.0,70978544624.0,0.0016108653622821,46.85,0.2689731000207079
2021-08-04,LLOY,47.30500030517578,47.30500030517578,46.55500030517578,47.125,119502780,46.3194995880127,88.37434120446942,-0.2540270841274106,53.70830654437866,93.44799486941676,0.581675,0.911,0.911,113566025.0,70978544624.0,0.0016000049818096,47.305,0.26910274931435
2021-08-05,LLOY,45.90499877929688,46.33000183105469,45.21500015258789,46.0099983215332,209014249,46.38699951171875,61.01987622731064,-0.2210425886898371,50.87221829341902,-27.147994076784634,0.09787499999999999,1.416,1.416,,,,,0.26910274931435
2021-08-06,LLOY,46.58000183105469,46.84000015258789,45.70000076293945,46.0,189035870,46.456499862670896,74.20868138035692,-0.1887285645513728,66.99779286626756,27.14799300358745,0.1027,,1.416,171304850.0,70978544624.0,0.0024134736899363,46.58,0.2932200667465198
2021-08-09,LLOY,46.63999938964844,46.744998931884766,45.99700164794922,46.5,145241106,46.464999771118165,66.7106423507002,-0.1571413567952027,64.96777509609367,38.05655054144819,0.0,1.389,1.389,143501327.0,70978544624.0,0.0020217564020251,46.64,0.2932449273982699
2021-08-10,LLOY,46.63999938964844,47.0,46.165000915527344,46.584999084472656,146480424,46.47699966430664,56.55167333580631,-0.1273074001540822,57.16332033713601,57.41144602115235,0.15134285714285717,1.382,1.382,126863356.0,70978544624.0,0.0017873479467921,46.64,0.2168469030190154
2021-08-11,LLOY,46.48500061035156,46.70500183105469,45.95500183105469,45.95500183105469,93376765,46.44749984741211,51.206890655048944,-0.1023190483318983,59.33085978425555,40.01500874356244,0.17170000000000002,,1.382,87301604.0,70978544624.0,0.0012299717395231,46.485,0.2148866091083523
2021-08-12,LLOY,46.55500030517578,47.005001068115234,46.3849983215332,46.6150016784668,120589951,46.48299980163574,53.62067196514684,-0.0803277483730001,55.45603936467306,68.29281774373283,0.47447999999999996,2.51,2.51,113984934.0,70978544624.0,0.001605906892059,46.555,0.1772106445580076
2021-08-13,LLOY,46.22999954223633,46.775001525878906,46.10499954223633,46.58000183105469,97244160,46.54249992370605,37.80256500965395,-0.0663698769124754,47.195852875833125,36.40653759642436,-0.28412499999999996,,2.51,80206835.0,70978544624.0,0.0011300152098762,46.23,0.1758438940689263
2021-08-16,LLOY,45.630001068115234,46.2400016784668,45.18000030517578,45.79499816894531,129649585,46.48199996948242,16.544138271494127,-0.0676002523410222,43.00315012391766,-53.7769351517161,0.08183,1.648,1.648,93801965.0,70978544624.0,0.001321553794839,45.63,0.1752518775981335
2021-08-17,LLOY,44.9900016784668,45.369998931884766,44.619998931884766,45.185001373291016,142452591,46.29600028991699,11.280562620881032,-0.0883425701851498,36.721093063308686,-175.33849860254676,0.0,,1.648,132978761.0,70978544624.0,0.0018735064476799,44.99,0.1725796504050011
2021-08-18,LLOY,44.665000915527344,45.150001525878906,44.150001525878906,45.0,210746042,46.03200035095215,16.246046912379843,-0.1252110957198995,38.16500539704295,-206.61698574629557,0.38948333333333335,,1.648,202348705.0,70978544624.0,0.0028508432523083,44.665,0.1736577379107021
2021-08-19,LLOY,43.83000183105469,44.415000915527344,43.56999969482422,43.58000183105469,121780565,45.82450065612793,6.933390299479167,-0.1832910480881777,36.63955436662765,-244.89591331036613,0.34984875,1.629,1.629,113773170.0,70978544624.0,0.0016029233989327,43.83,0.1778280054425184
2021-08-20,LLOY,43.98500061035156,44.290000915527344,43.52000045776367,43.775001525878906,94540376,45.56500053405762,12.236848577569376,-0.2487305924144808,32.171149995647255,-194.69944744595628,0.0,,1.629,89062673.0,70978544624.0,0.0012547830259383,43.985,0.1752565180237973
2021-08-23,LLOY,43.95500183105469,44.720001220703125,43.87300109863281,44.5,84657085,45.29650077819824,11.492771223978671,-0.3152642430236686,24.716179784564503,-140.89395257532755,-0.2869,,1.629,74257788.0,70978544624.0,0.0010462004876737,43.955,0.1662767456059501
2021-08-24,LLOY,43.7599983215332,44.21500015258789,43.040000915527344,44.14500045776367,130225067,45.00850067138672,18.15882416892037,-0.3813884704702551,17.5663139555094,-150.7099708501822,0.13682499999999997,,1.629,120938578.0,70978544624.0,0.0017038751448153,43.76,0.1555317667442552
2021-08-25,LLOY,44.51499938964844,44.637001037597656,43.709999084472656,43.84999847412109,104292224,44.811500549316406,37.20046449830239,-0.4308748755846161,35.58091828158166,-91.79155023751332,0.131675,,1.629,98425871.0,70978544624.0,0.0013866989175588,44.515,0.165896384435229
2021-08-26,LLOY,44.22499847412109,44.70399856567383,44.084999084472656,44.15499877929688,60504059,44.57850036621094,29.88644421161804,-0.4709836010958202,23.449778429186797,-77.49919036057248,0.1992,,1.629,55614058.0,70978544624.0,0.0007835333662391,44.225,0.1659546085942281
2021-08-27,LLOY,44.09000015258789,44.275001525878906,43.65999984741211,44.11000061035156,86397494,44.36450042724609,26.481694745338903,-0.5041923655175891,21.729487959170044,-87.34716756565162,0.32277500000000003,,1.629,74204436.0,70978544624.0,0.0010454488239099,44.09,0.1338275595845069
2021-08-31,LLOY,43.775001525878906,43.900001525878906,43.2599983215332,43.540000915527344,180138382,44.17900047302246,18.537215184514928,-0.5352119724240308,20.3108841880896,-97.42194211484788,0.13345,1.78,1.78,173460898.0,70986783092.0,0.0024435661181489,43.775,0.1193912399622347
2021-09-01,LLOY,44.02000045776367,45.0,43.946998596191406,44.06499862670898,114135172,44.08200035095215,24.716254842933573,-0.558104687544306,24.923686606329998,-51.84676963943442,,1.8,1.8,,,,,0.1224202276220017
2021-09-02,LLOY,43.625,44.16999816894531,43.45500183105469,43.97999954223633,124161702,43.978000259399415,15.66262353080559,-0.5797335185115087,22.041970422980214,-81.00433009202018,,,1.8,112112848.0,70986783092.0,0.0015793481985893,43.625,0.1237776324271824
2021-09-03,LLOY,43.40999984741211,44.025001525878906,43.27799987792969,43.6150016784668,104016579,43.93600006103516,11.56246386469272,-0.6015452242257497,22.51460814189194,-84.70203970224983,,,1.8,95158529.0,70986783092.0,0.001340510512734,43.41,0.1239115023497837
2021-09-06,LLOY,43.775001525878906,43.880001068115234,43.31499862670898,43.31499862670898,55784411,43.91500015258789,31.5451174289246,-0.6151337147844679,31.052100421214234,-74.28903466180913,,,1.8,52760862.0,70986783092.0,0.0007432490909134,43.775,0.1303852866390487
2021-09-07,LLOY,43.25,43.77999877929688,43.08000183105469,43.69499969482422,86413291,43.84449996948242,9.952560366210832,-0.6298298008206754,31.79915549990463,-89.82593217414957,,,1.8,78449098.0,70986783092.0,0.0011051225958264,43.25,0.1330217414446478
2021-09-08,LLOY,42.40499877929688,42.994998931884766,42.244998931884766,42.834999084472656,132109308,43.70900001525879,5.807614714340902,-0.656495704569881,28.679237406468005,-147.72500232451284,,,1.8,116901206.0,70986783092.0,0.001646802417409,42.405,0.144200014042464
2021-09-09,LLOY,42.505001068115234,42.8120002746582,41.34999847412109,41.8849983215332,189086621,43.508000183105466,31.643893456072476,-0.6861744228114957,35.487415694470315,-168.57754578415822,,,1.8,170839764.0,70986783092.0,0.0024066418642832,42.505,0.1453643508277477
2021-09-10,LLOY,42.56499862670898,43.48500061035156,42.369998931884766,42.73500061035156,151608361,43.34200019836426,33.28766149749275,-0.7136645510425981,34.11632680056495,-115.70441306786093,,1.715,1.715,114812041.0,70986783092.0,0.0016173720796898,42.565,0.1427254592863746
2021-09-13,LLOY,43.62799835205078,43.82500076293945,42.85900115966797,42.959999084472656,18630685,43.295800018310544,62.41092946888985,-0.7197557098591334,47.02886495029739,-47.29399280989834,,-0.074,-0.074,,,,,0.1375057857077409
2021-09-14,LLOY,43.55500030517578,44.1349983215332,43.45000076293945,43.57500076293945,192641762,43.27379989624024,60.410983815239135,-0.7116392729525451,48.09516821601067,-5.340870956883398,,,-0.074,177778440.0,70986783092.0,0.0025043878910472,43.555,0.1753900286662928
2021-09-15,LLOY,44.13999938964844,44.47999954223633,43.43000030517578,43.44499969482422,221126861,43.28579978942871,76.43834929234782,-0.6840879787484789,46.40184124530026,47.38937434948004,,,-0.074,162802981.0,70986783092.0,0.0022934266621013,44.14,0.1698732866748699
2021-09-16,LLOY,44.77000045776367,44.970001220703125,44.07500076293945,44.07500076293945,185598411,43.40029983520508,93.69864531273188,-0.634189102901865,54.90904442876081,137.53723105056255,,-0.334,-0.334,,,,,0.1765705416790539
2021-09-17,LLOY,45.04499816894531,45.45500183105469,44.35499954223633,45.0,385392982,43.5637996673584,90.01209922479468,-0.5670661042326821,58.39042645393907,164.00129245643487,,,-0.334,346674355.0,70986783092.0,0.0048836465029089,45.045,0.1762612667305756
2021-09-20,LLOY,43.14500045776367,44.65700149536133,43.14500045776367,44.31999969482422,204629300,43.50079956054688,43.72717456151926,-0.5216869530101637,45.67068915710151,-12.25598103631491,,,-0.334,197120367.0,70986783092.0,0.0027768601197849,43.145,0.2252767666524057
2021-09-21,LLOY,42.47499847412109,44.22999954223633,42.255001068115234,43.54999923706055,181988223,43.423299407958986,27.40558051188456,-0.5018157344564511,39.96882261534368,-94.19721765892425,,,-0.334,162390012.0,70986783092.0,0.0022876091143549,42.475,0.2301757762986082
2021-09-22,LLOY,43.97999954223633,44.025001525878906,42.900001525878906,42.900001525878906,129583974,43.58079948425293,64.06818312762174,-0.4738189234227244,52.01452450935188,-5.5731346387808784,,,-0.334,115699606.0,70986783092.0,0.0016298753227069,43.98,0.2654854792513106
2021-09-23,LLOY,45.060001373291016,45.130001068115234,44.09000015258789,44.400001525878906,205133028,43.83629951477051,90.37758502446796,-0.4238860599239628,58.526256196516,136.77320240132966,,,-0.334,170003328.0,70986783092.0,0.0023948588821058,45.06,0.2777231939778828
2021-09-24,LLOY,45.43000030517578,45.810001373291016,44.5,44.95000076293945,324395421,44.12279968261719,91.4798022174838,-0.3559524279909444,58.54766460610225,175.62596287093476,,,-0.334,306326477.0,70986783092.0,0.0043152607239997,45.43,0.2783773490183773
2021-09-27,LLOY,45.84000015258789,45.970001220703125,45.345001220703125,45.78499984741211,195196130,44.3439998626709,97.18612573961322,-0.2729448606850781,63.537532266020754,184.8960982587111,,,-0.334,189098034.0,70986783092.0,0.0026638484766231,45.84,0.2794771221454655
2021-09-28,LLOY,45.5,46.16999816894531,44.869998931884766,45.84000015258789,166065990,44.53849983215332,86.09962217083196,-0.1896430438702243,67.07870125955358,136.85893764592623,,,-0.334,153212720.0,70986783092.0,0.0021583274142939,45.5,0.2787073569907508
2021-09-29,LLOY,46.435001373291016,46.59000015258789,45.652000427246094,46.0,205461578,44.76800003051758,96.42447953790676,-0.0951739803655991,69.8565170597523,165.53291729492747,,,-0.334,179904238.0,70986783092.0,0.0025343342825782,46.435,0.2846106339150046
2021-09-30,LLOY,46.56999969482422,46.93000030517578,46.345001220703125,46.77999877929688,191716362,44.94799995422363,92.29945092829756,0.0037130127348747,70.08325308731952,158.18621279085056,,,-0.334,170086208.0,70995638276.0,0.0023957275704569,46.57,0.2840285734860823
2021-10-01,LLOY,45.2400016784668,45.90499877929688,44.6349983215332,45.73500061035156,215095589,44.96750030517578,63.85029085541439,0.0789574546565695,57.872651349992864,63.27792673429668,,,-0.334,187932488.0,70995638276.0,0.0026470990692329,45.24,0.3013790311055305
2021-10-04,LLOY,44.79999923706055,45.459999084472656,44.470001220703125,45.119998931884766,152963709,45.133000183105466,54.43847239097104,0.1282388235688887,55.8698679190241,37.375681467214406,,,-0.334,125310922.0,70995638276.0,0.0017650509952857,44.8,0.2938137429548728
2021-10-05,LLOY,46.52000045776367,46.64500045776367,44.845001220703125,45.0,281471241,45.53750038146973,91.22994835674238,0.1858129632134958,60.13628930088047,95.0572988608937,,-0.338,-0.338,,,,,0.3198513831698656
2021-10-06,LLOY,46.04999923706055,46.72499847412109,45.650001525878906,46.47499847412109,191400085,45.74450035095215,81.17644466892911,0.2376446190550658,55.52676414896687,96.41118922610286,,,-0.338,180106219.0,70995638276.0,0.0025368631562945,46.05,0.3237838938226869
2021-10-07,LLOY,46.5,46.720001220703125,45.59999847412109,46.55500030517578,154291815,45.88850021362305,90.80213100855715,0.2897977554466773,56.18886102370791,98.62022996129078,,0.094,0.094,,,,,0.310686756972392
2021-10-08,LLOY,46.86000061035156,47.02999877929688,46.5,46.69499969482422,208191732,46.031500244140624,96.43982721610053,0.3445015278069914,68.1840299678505,123.6309368589392,,,0.094,151925103.0,70995638276.0,0.0021399216443323,46.86,0.3089160165111746
2021-10-11,LLOY,47.93000030517578,48.025001525878906,46.77000045776367,46.900001525878906,244678652,46.24050025939941,98.14631764481707,0.4142223587725903,75.6947668777357,158.87138779344872,,,0.094,219691478.0,70995638276.0,0.0030944362686892,47.93,0.3144407758250623
2021-10-12,LLOY,48.525001525878906,48.525001525878906,46.95000076293945,47.19499969482422,174980639,46.54300041198731,100.0,0.4982495104000544,73.41576166744429,163.5090552765945,,0.177,0.177,,,,,0.3158973131804231
2021-10-13,LLOY,47.7599983215332,48.95000076293945,47.19499969482422,48.73500061035156,378238931,46.675500106811526,73.43744279017886,0.5734979537739835,64.37696980825777,142.29964047939438,,,0.177,364153315.0,70995638276.0,0.0051292350325006,47.76,0.2761947958459489
2021-10-14,LLOY,48.43999862670898,48.65499877929688,48.0,48.255001068115234,202565119,46.8625,88.61602258164773,0.6488413150171635,65.51544184184436,144.87232026599722,,,0.177,195376994.0,70995638276.0,0.0027519577081687,48.44,0.2665542011405248
2021-10-15,LLOY,49.1150016784668,49.22999954223633,47.95500183105469,48.0,221566294,47.25,97.58407764033645,0.729584984300773,66.4325023313075,146.19999500072493,,-0.313,-0.313,209043423.0,70995638276.0,0.0029444544492625,49.115,0.2459749687497994
2021-10-18,LLOY,49.275001525878906,49.51900100708008,48.95500183105469,49.31999969482422,140189076,47.69750022888184,95.1673699440526,0.8103705778355033,69.28971471477325,152.03141039764603,,,-0.313,136362210.0,70995638276.0,0.0019207125016593,49.275,0.2357915726761282
2021-10-19,LLOY,49.400001525878906,49.5099983215332,41.88999938964844,49.40999984741211,121304250,47.98550033569336,98.44016966873794,0.8870948378999746,66.51808844562416,24.626468263149903,,,-0.313,113209761.0,70995638276.0,0.0015946016367919,49.4,0.2351453712494152
2021-10-20,LLOY,49.04999923706055,49.494998931884766,48.4900016784668,49.459999084472656,114000700,48.28550033569336,93.852383397745,0.9496455696557676,63.4929042172058,127.19972566193974,,0.1,0.1,,,,,0.2267654905208577
2021-10-21,LLOY,48.31999969482422,49.244998931884766,47.78499984741211,49.0,146037620,48.46750030517578,84.28364060749128,0.9862224450455666,67.92777933947681,84.8451948596046,,,0.1,127964576.0,70995638276.0,0.0018024286999509,48.32,0.2353260328809836
2021-10-22,LLOY,48.72499847412109,48.875,48.1349983215332,48.38999938964844,108911852,48.65400009155273,89.59231400417121,1.0088157087554095,72.93976532175176,81.79163031449431,,,0.1,93009652.0,70995638276.0,0.001310075580114,48.725,0.2065829813182245
2021-10-25,LLOY,48.775001525878906,48.9379997253418,48.34999847412109,48.665000915527344,175889841,48.73850021362305,90.24774775900958,1.0199584137786086,66.37615555734085,79.03436590862162,,,0.1,146446993.0,70995638276.0,0.0020627604252345,48.775,0.2006894362084713
2021-10-26,LLOY,49.0,49.16999816894531,48.41299819946289,48.650001525878906,140396860,48.78600006103515,93.19699964548174,1.024605039145301,72.21382492291625,81.03069898154827,,,0.1,114726133.0,70995638276.0,0.0016159603010257,49.0,0.1553571153025117
2021-10-27,LLOY,48.959999084472656,49.31999969482422,48.59999847412109,49.05500030517578,158926004,48.9060001373291,92.67267264264107,1.021962990467983,69.74313600627005,79.66440067145157,,,0.1,135916322.0,70995638276.0,0.0019144320031551,48.96,0.155568376468033
2021-10-28,LLOY,49.58000183105469,50.34000015258789,49.14799880981445,50.0,197110071,49.02000045776367,91.00593783533782,1.022453563997119,70.95528290419546,110.10856490184828,,0.052,0.052,193629295.0,70995638276.0,0.0027273407170065,49.58,0.1518477998021161
2021-10-29,LLOY,50.220001220703125,50.47999954223633,49.630001068115234,49.82500076293945,261931165,49.130500411987306,96.97324427340232,1.0327623257408345,68.89435702972939,128.35975735274792,,2.109,2.109,244762166.0,71005038043.0,0.0034471098494697,50.22,0.1538937594878878
2021-11-01,LLOY,51.11000061035156,51.40399932861328,49.630001068115234,50.869998931884766,160606916,49.31400032043457,96.90983056392886,1.0605300815374314,70.33827392300267,158.12530695212976,0.09344782608695654,-0.547,-0.547,154467393.0,71005038043.0,0.0021754427186766,51.11,0.1606461145478439
2021-11-02,LLOY,51.02999877929688,51.58000183105469,41.44400024414063,51.54999923706055,200088158,49.47700004577637,94.57376711081136,1.0940916198577912,78.8359339836473,-24.72681109400107,-0.010633333333333297,-0.785,-0.785,191296960.0,71005038043.0,0.0026941322090997,51.03,0.1617679982446059
2021-11-03,LLOY,50.5,51.0,50.29999923706055,50.84999847412109,174756403,49.62200012207031,89.34489283773388,1.1185757604293889,68.65940539184555,152.19610024310387,0.28884,-0.788,-0.788,169303891.0,71005038043.0,0.002384392652497,50.5,0.1499655091353386
2021-11-04,LLOY,48.25,50.72999954223633,48.025001525878906,50.68999862670898,307214200,49.61500015258789,67.14679055147508,1.0976399685235267,43.90415035541985,24.355298304811168,0.21939032258064517,,-0.788,266318522.0,71005038043.0,0.0037506989551744,48.25,0.2234094999293237
2021-11-05,LLOY,49.10499954223633,49.334999084472656,48.09999847412109,48.09999847412109,252705505,49.65300025939941,75.58206490403795,1.0604726064972407,48.90884544021531,2.658010850641376,0.20069999999999996,-1.763,-1.763,223177150.0,71005038043.0,0.0031431171104344,49.105,0.2240627653727524
2021-11-08,LLOY,49.15999984741211,49.560001373291016,48.51499938964844,48.89500045776367,144957324,49.69150009155273,76.12468819295681,1.013540451475447,48.44558599789598,19.25383473923298,0.08018888888888889,,-1.763,126532248.0,71005038043.0,0.0017820178889753,49.16,0.2133950343525829
2021-11-09,LLOY,48.380001068115234,49.04499816894531,48.084999084472656,48.834999084472656,149628755,49.629500198364255,68.42935811029501,0.9481936858215922,45.88958255518204,-45.21969988134588,0.08075416666666667,,-1.763,141562407.0,71005038043.0,0.0019936952489803,48.38,0.2208289558558791
2021-11-10,LLOY,49.27999877929688,49.51499938964844,48.21799850463867,48.244998931884766,185145255,49.66150016784668,77.30857644372118,0.8869283970422025,55.769225478877495,3.831026215391709,0.16398181818181817,,-1.763,179279614.0,71005038043.0,0.0025248858241781,49.28,0.2309267934626501
2021-11-11,LLOY,49.880001068115234,50.2400016784668,49.310001373291016,49.82500076293945,135785483,49.69150009155273,83.22809296780089,0.8389841234356678,56.782161828222655,85.91598997431547,-0.413925,-1.846,-1.846,,,,,0.2330434997556
2021-11-12,LLOY,49.22999954223633,50.220001220703125,49.22999954223633,49.93000030517578,129816197,49.59249992370606,76.81529280883011,0.7896199128739133,52.495874561561,51.66506010102097,0.223925,,-1.846,124250700.0,71005038043.0,0.0017498856901499,49.23,0.2382748962544798
2021-11-15,LLOY,49.630001068115234,49.85499954223633,48.9379997253418,49.0,102041060,49.44449996948242,80.76163715821657,0.7465355540466617,53.39074675637976,40.206065875445205,0.06478000000000002,-1.853,-1.853,100017158.0,71005038043.0,0.0014085924148006,49.63,0.2313569805885458
2021-11-16,LLOY,49.970001220703125,50.01499938964844,49.53499984741211,49.81999969482422,122565303,49.33850021362305,84.1160185646564,0.7133688362315674,55.26591094057905,68.04718104430256,0.11272000000000001,,-1.853,111435137.0,71005038043.0,0.0015693976099627,49.97,0.2322800571772848
2021-11-17,LLOY,49.98500061035156,50.992000579833984,49.98500061035156,50.130001068115234,185774937,49.287000274658205,84.26399989161082,0.6867703524435916,52.25374931433103,106.24910327336956,-0.16065714285714286,,-1.853,206685982.0,71005038043.0,0.0029108636189284,49.985,0.2319719345655294
2021-11-18,LLOY,49.88999938964844,50.2400016784668,49.52999877929688,49.81999969482422,92350825,49.45100021362305,83.32673464072754,0.6626020694241986,48.04501341471352,54.484490743337886,-0.4208666666666666,,-1.853,92082877.0,71005038043.0,0.0012968499072451,49.89,0.2321225119983609
2021-11-19,LLOY,49.05500030517578,50.38999938964844,48.345001220703125,50.29999923706055,257598027,49.446000289917,75.08878126914688,0.6263918036357418,37.74597625743946,-16.76847569310141,-0.148,,-1.853,247180770.0,71005038043.0,0.0034811722775264,49.055,0.2360304738540146
2021-11-22,LLOY,49.72999954223633,49.81499862670898,48.93999862670898,49.20000076293945,101510147,49.50300025939941,57.31088708746753,0.5938736032773255,42.76169652934748,5.1996713524240485,0.0,,-1.853,97081686.0,71005038043.0,0.0013672506722862,49.73,0.2366870365943155
2021-11-23,LLOY,49.834999084472656,50.29999923706055,49.11000061035156,49.29499816894531,129421977,49.64850006103516,61.00431869639397,0.5656958241015447,46.11337877378556,31.60726273110407,,,-1.853,110269590.0,71005038043.0,0.0015529826198138,49.835,0.2271431733840413
2021-11-24,LLOY,49.51499938964844,50.150001525878906,49.40999984741211,49.96500015258789,104335977,49.67200012207032,49.191591660947466,0.535320919132936,59.54716520489386,20.72266944159135,,,-1.853,99035455.0,71005038043.0,0.0013947665930412,49.515,0.2279097346184119
2021-11-25,LLOY,49.685001373291016,49.69499969482422,49.09999847412109,49.51499938964844,121090724,49.65250015258789,55.03961010585878,0.5066533786945048,54.8821682884475,-3.917188983281777,,-1.225,-1.225,114647599.0,71005038043.0,0.0016146403432749,49.685,0.2259589683745168
2021-11-26,LLOY,46.0,47.970001220703125,45.40499877929688,47.5,499035260,49.32950019836426,10.64974098712344,0.4206119708695223,33.490079997002454,-293.3673379577823,,,-1.225,428317269.0,71005038043.0,0.0060322095558996,46.0,0.310713465234691
2021-11-29,LLOY,46.79999923706055,47.41999816894531,46.25,46.82500076293945,288599389,49.04650001525879,24.96867743320868,0.3149250280866537,41.76224620738102,-208.310177337266,,,-1.225,255210788.0,71005038043.0,0.0035942630978585,46.8,0.3104359159612511
2021-11-30,LLOY,46.79999923706055,47.185001373291016,45.505001068115234,46.0,347879561,48.72949981689453,24.96867743320868,0.2017471509277187,35.73073787780949,-205.33476361867628,,-0.164,-0.164,,,,,0.310301864255522
2021-12-01,LLOY,47.68999862670898,48.02299880981445,46.415000915527344,46.415000915527344,160559657,48.49999961853028,40.89849849685818,0.1035466704590357,37.80622704491911,-114.19503489912422,0.05775,,-0.164,147865291.0,71012823613.0,0.0020822336512884,47.69,0.3147017737277844
2021-12-02,LLOY,46.92499923706055,47.46500015258789,46.435001373291016,47.11000061035156,161779350,48.20349960327148,27.20601338659933,0.0074404412555411,37.32820233201912,-121.41777792096424,0.08107777777777778,,-0.164,147475736.0,71012823613.0,0.0020767479519431,46.925,0.3107768608234598
2021-12-03,LLOY,46.47999954223633,47.76499938964844,46.33000183105469,47.41999816894531,159110425,47.94599952697754,19.241102854774585,-0.0894317729859425,32.76804301843576,-107.2558636922156,-0.03565714285714285,,-0.164,136280707.0,71012823613.0,0.0019190999606309,46.48,0.3069223425824391
2021-12-06,LLOY,46.275001525878906,46.97499847412109,46.15499877929688,46.47999954223633,187595223,47.6004997253418,15.57190739581278,-0.1847726807873339,29.483615647846364,-110.80120129901746,0.006412686567164178,-0.763,-0.763,168238089.0,71012823613.0,0.0023691226519431,46.275,0.3048302216148261
2021-12-07,LLOY,47.48500061035156,47.85499954223633,46.56499862670898,46.75,187536547,47.365499877929686,41.72520714913207,-0.2544299044347576,37.74509437264667,-60.392604310270364,0.1586,,-0.763,174212043.0,71012823613.0,0.0024532476549504,47.485,0.3217976796123107
2021-12-08,LLOY,47.3650016784668,47.869998931884766,46.6870002746582,47.80500030517578,117947392,47.15050010681152,39.31800720545337,-0.3056721613187074,37.652816479202336,-54.09459709477644,-0.152925,,-0.763,106798022.0,71012823613.0,0.0015039258624895,47.365,0.3197423378334131
2021-12-09,LLOY,46.69499969482422,47.255001068115234,46.56999969482422,47.255001068115234,93239410,46.85149993896484,26.35343809787289,-0.3526788716633833,38.27037185344279,-68.92060331749141,-0.06167777777777777,,-0.763,91336795.0,71012823613.0,0.0012862014260658,46.695,0.3206022739638032
2021-12-10,LLOY,46.334999084472656,46.869998931884766,46.26499938964844,46.40999984741211,82200068,46.88499984741211,18.998983007259223,-0.3995064270555112,32.58080641417243,-77.73268297868896,-0.12218,,-0.763,73289274.0,71012823613.0,0.001032056891575,46.335,0.3207085817717004
2021-12-13,LLOY,44.34999847412109,46.33399963378906,44.29999923706055,46.33000183105469,315907539,46.63999977111816,0.8546874786034693,-0.4745258832098867,26.40859952536961,-133.78973148786,-0.21474666666666667,-0.715,-0.715,,,,,0.3474808501417749
2021-12-14,LLOY,45.18999862670898,45.542999267578125,44.6150016784668,44.75,143831905,46.47899971008301,16.49674354276809,-0.5487995804280624,32.194316179812475,-119.678391004353,0.080265,,-0.715,134956873.0,71012823613.0,0.0019004577783792,45.19,0.3516114609765851
2021-12-15,LLOY,44.35499954223633,45.525001525878906,44.35499954223633,45.17499923706055,114000489,46.145499801635744,1.4773116166408118,-0.6307833979138342,29.195929559412804,-133.1750356594912,,,-0.715,108630747.0,71012823613.0,0.0015297342292993,44.355,0.3540364049658123
2021-12-16,LLOY,46.40999984741211,47.43000030517578,44.35499954223633,45.0,323349438,46.0939998626709,56.67474758238538,-0.6790780296156085,51.83363137797623,-62.52964331684157,,,-0.715,293723355.0,71012823613.0,0.0041362016049482,46.41,0.3990063591397557
2021-12-17,LLOY,46.15999984741211,47.32500076293945,45.720001220703125,46.35499954223633,359113278,46.06199989318848,49.95973203874741,-0.7061660957348055,46.989654021581934,-39.54694552365131,,,-0.715,301243563.0,71012823613.0,0.0042421009005597,46.16,0.398940397886059
2021-12-20,LLOY,45.459999084472656,45.915000915527344,44.82500076293945,45.06999969482422,209209569,45.98049964904785,31.15766802395995,-0.7281009041648652,44.08649431953432,-97.58905681163778,,,-0.715,204566404.0,71012823613.0,0.0028806966628285,45.46,0.4003010237812017
2021-12-21,LLOY,46.35499954223633,46.45000076293945,45.90999984741211,45.94499969482422,135939459,45.86749954223633,57.5630386791102,-0.7297171927842939,44.11116368636758,-34.05661486174856,,,-0.715,126151644.0,71012823613.0,0.0017764628637707,46.355,0.3112159467185085
2021-12-22,LLOY,46.959999084472656,47.14500045776367,46.29800033569336,46.47499847412109,104721929,45.82699928283692,74.50980601675047,-0.7071979108633042,50.15659888054416,25.858842808181404,,,-0.715,94453238.0,71012823613.0,0.0013300870630738,46.96,0.3084733291627827
2021-12-23,LLOY,47.6349983215332,47.71500015258789,47.05400085449219,47.19499969482422,97487752,45.92099914550781,93.41734928738884,-0.6583503531936661,55.06356380060955,114.49793666108846,,,-0.715,91327461.0,71012823613.0,0.0012860699850172,47.635,0.3124513385165855
2021-12-24,LLOY,47.43999862670898,48.10499954223633,47.43999862670898,47.76499938964844,52779157,46.03149909973145,82.52297339837868,-0.5971720046547384,55.11187825374917,120.40444112285932,,,-0.715,40565991.0,71012823613.0,0.00057124881023,47.44,0.3129744020661523
2021-12-29,LLOY,48.0,48.73500061035156,47.72499847412109,48.470001220703125,95297983,46.39649925231934,83.42727434588929,-0.5211764547702806,52.39646001864568,148.9832010377025,,,-0.715,91245126.0,71012823613.0,0.001284910546541,48.0,0.3084399402061584
2021-12-30,LLOY,48.345001220703125,48.56499862670898,47.70000076293945,47.70000076293945,69823271,46.71199951171875,91.20632990111037,-0.4331854228975146,54.46672330173894,132.54802562145628,,,-0.715,60966443.0,71012823613.0,0.0008585272335071,48.345,0.3028859369811677
2021-12-31,LLOY,47.79999923706055,48.334999084472656,47.79999923706055,48.150001525878906,50362743,47.05649948120117,78.91767567600114,-0.3499963617344678,55.09450912484308,107.1970814218509,,,-0.715,49665200.0,71022593135.0,0.0006992873367154,47.8,0.3038248543315618
2022-01-04,LLOY,49.90999984741211,50.0,48.59999847412109,49.220001220703125,238638895,47.40649948120117,98.4210501659393,-0.2397164509252154,64.19213709280508,194.24475034297976,0.39596666666666663,,-0.715,231070590.0,71022593135.0,0.003253480051915,49.91,0.3391418442684266
2022-01-05,LLOY,50.68000030517578,51.2400016784668,50.0,50.20000076293945,268522660,47.85849952697754,91.86635875762246,-0.1054063056786649,77.81194690265487,215.07691313145008,0.3231888888888889,,-0.715,223806820.0,71022593135.0,0.0031512059771541,50.68,0.3400954007186155
2022-01-06,LLOY,52.0,52.0,49.66899871826172,49.935001373291016,320456504,48.51249961853027,100.0,0.0582248317024379,78.70994448749111,202.2350152572621,0.3360105263157895,,-0.715,304377320.0,71022593135.0,0.0042856407597148,52.0,0.3400103517138401
2022-01-07,LLOY,52.84000015258789,53.18000030517578,52.11000061035156,52.7599983215332,226744765,49.16099967956543,96.14730738590166,0.2449249899693501,85.75641248223667,215.89947518938652,0.17302307692307692,-0.325,-0.325,206354818.0,71022593135.0,0.002905481324904,52.84,0.3411580705253679
2022-01-10,LLOY,52.810001373291016,53.18999862670898,52.38999938964844,52.95000076293945,254924966,49.74599990844727,95.45729407697984,0.4352603862041518,82.52031984517917,175.98688500330084,0.07626666666666666,-0.33,-0.33,250566379.0,71022593135.0,0.0035279812794743,52.81,0.3340105299429653
2022-01-11,LLOY,52.88999938964844,53.04999923706055,52.380001068115234,52.880001068115234,184117239,50.27150001525879,96.41363641753092,0.6181808583502169,84.7983358929013,146.18369127444095,-0.5768573333333333,0.124,0.124,152929066.0,71022593135.0,0.0021532453160265,52.89,0.3304348369816275
2022-01-12,LLOY,53.18000030517578,53.40999984741211,52.630001068115234,53.310001373291016,139325708,50.84550018310547,96.93333943684895,0.7900826423289405,91.68466220163184,130.22315943040607,0.057600000000000005,-0.471,-0.471,,,,,0.2737230775483922
2022-01-13,LLOY,53.970001220703125,54.117000579833984,52.93999862670898,53.25,142086003,51.44250030517578,98.1199724448018,0.9568699955129818,91.58929284991348,125.44583522301777,0.0,,-0.471,129509703.0,71022593135.0,0.0018235000622101,53.97,0.2721865467392427
2022-01-14,LLOY,54.970001220703125,55.040000915527344,53.41999816894531,53.77999877929688,212668176,52.10500030517578,99.12346989369864,1.125481969580706,91.93717055805608,126.99902021661072,0.12465714285714287,-0.477,-0.477,181320871.0,71022593135.0,0.002553002685432,54.97,0.218684190314095
2022-01-17,LLOY,55.130001068115234,56.0009994506836,54.91999816894531,55.290000915527344,229444944,52.83800048828125,89.8259747840559,1.2863861654188224,91.4775855488264,130.2716841441323,,,-0.477,224895143.0,71022593135.0,0.0031665295939352,55.13,0.2135750025763608
2022-01-18,LLOY,54.369998931884766,55.84999847412109,54.369998931884766,54.91999816894531,220513159,53.28400039672852,80.35175549169898,1.4189670868718651,86.09372864168253,106.01812794050954,,,-0.477,185995873.0,71022593135.0,0.0026188268379114,54.37,0.2115517710319741
2022-01-19,LLOY,53.880001068115234,54.880001068115234,53.52999877929688,54.20000076293945,236887004,53.60400047302246,74.44887702849695,1.5157936749173335,80.8499447409429,80.53459055579503,,-1.025,-1.025,144625448.0,71022593135.0,0.0020363301537736,53.88,0.2175386150571233
2022-01-20,LLOY,52.97999954223633,53.709999084472656,51.91999816894531,53.5,221857195,53.70200042724609,63.163030974820025,1.5673205306136313,72.97965785371613,46.16475110001154,,,-1.025,205241961.0,71022593135.0,0.0028898122687505,52.98,0.2310865447534997
2022-01-21,LLOY,51.75,52.619998931884766,51.34999847412109,52.130001068115234,187327605,53.593000411987305,42.56183097197711,1.5645571039092343,68.33797862140318,16.42407648097373,,,-1.025,172217769.0,71022593135.0,0.0024248307671989,51.75,0.2506788302494904
2022-01-24,LLOY,49.27000045776367,51.75,49.22499847412109,51.06999969482422,282598008,53.23900032043457,0.6641377974742835,1.4847775569870525,47.12747116376352,-41.54159542369157,,,-1.025,269338334.0,71022593135.0,0.0037922909050651,49.27,0.3101218554401272
2022-01-25,LLOY,50.90999984741211,51.31999969482422,49.8650016784668,50.38999938964844,277583398,53.04100036621094,24.86719495937596,1.3836890976771126,50.9575336152377,-30.388157122734764,,-1.407,-1.407,,,,,0.3257271198578482
2022-01-26,LLOY,52.02999877929688,52.91999816894531,51.40999984741211,51.40999984741211,149908245,52.92600021362305,41.39610243383956,1.2892590704652034,50.127005865784646,9.433043826132948,,,-1.407,146244946.0,71022593135.0,0.0020591327286799,52.03,0.2971870484178803
2022-01-27,LLOY,52.25,53.27999877929688,51.04999923706055,51.43999862670898,249529611,52.75400009155273,44.64287322776487,1.2045241063354355,47.363716599662304,5.397358362810167,,,-1.407,241499643.0,71022593135.0,0.0034003213954882,52.25,0.2932330727301867
2022-01-28,LLOY,51.20000076293945,52.459999084472656,50.7599983215332,51.95000076293945,358298322,52.37700004577637,29.14701895188168,1.110810288090144,43.40704041329952,-34.72665971037851,,,-1.407,288575903.0,71022593135.0,0.0040631563881576,51.2,0.2880985317631321
2022-01-31,LLOY,51.04999923706055,51.84000015258789,50.810001373291016,51.470001220703125,156167834,51.9689998626709,26.933301356536777,1.011456383163667,42.5081442837488,-60.10573262498048,,,-1.407,146620197.0,71038165242.0,0.0020639637369647,51.05,0.2812466614337313
2022-02-01,LLOY,52.38999938964844,52.38999938964844,51.290000915527344,51.79999923706055,179517363,51.77099990844727,46.70897962492569,0.9328492831623976,47.036756162752766,-28.3269978970592,,,-1.407,164208133.0,71038165242.0,0.0023115480592806,52.39,0.2981184125269028
2022-02-02,LLOY,52.86000061035156,53.61000061035156,52.650001525878906,53.040000915527344,212887878,51.6689998626709,53.64524221297447,0.8767390353918316,45.73404908497128,25.175489818420537,,,-1.407,202084606.0,71038165242.0,0.0028447329025401,52.86,0.2998671802877734
2022-02-03,LLOY,53.29999923706055,54.5,52.185001373291016,53.18999862670898,261163021,51.70099983215332,60.138727503648056,0.8426924261710932,43.2931651353237,38.45555502779129,,,-1.407,248605836.0,71038165242.0,0.0034996094726418,53.3,0.3007066178550898
2022-02-04,LLOY,51.380001068115234,53.970001220703125,51.310001373291016,53.79999923706055,310615405,51.66399993896484,32.528341041420994,0.7917065417469165,36.80506600419966,-31.46308246909781,,,-1.407,282103039.0,71038165242.0,0.0039711475942401,51.38,0.3271791231922155
2022-02-07,LLOY,52.59000015258789,52.77000045776367,51.59999847412109,52.09000015258789,170499842,51.99599990844727,59.5048653388873,0.7502765814489445,43.92906118349323,-23.240861208107845,,,-1.407,137899677.0,71038165242.0,0.0019412054989065,52.59,0.3343273824076249
2022-02-08,LLOY,52.5,53.2599983215332,52.31999969482422,52.97999954223633,165211945,52.15499992370606,62.08531902430558,0.7138619842780279,45.16128600789744,0.4056741107836216,,,-1.407,122030318.0,71038165242.0,0.0017178134821513,52.5,0.334309107185707
2022-02-09,LLOY,53.09000015258789,53.09000015258789,52.0,52.70000076293945,170858759,52.26100006103516,73.27015280479603,0.6902859048933425,50.39426750686645,3.652387719220292,,,-1.407,159267511.0,71038165242.0,0.002241999219116,53.09,0.3295802101915636
2022-02-10,LLOY,53.400001525878906,53.400001525878906,52.5099983215332,52.97999954223633,184243619,52.37600021362304,79.14695438997404,0.6793652464208042,56.331549042431845,30.403090885365494,,,-1.407,142107260.0,71038165242.0,0.0020004353929453,53.4,0.3302670096759451
2022-02-11,LLOY,53.959999084472656,53.959999084472656,52.56999969482422,53.02000045776367,177202605,52.65200004577637,88.34949059164454,0.6843352627276259,71.10711061835539,62.50745010017009,,,-1.407,170764256.0,71038165242.0,0.0024038382103235,53.96,0.3294174727923639
2022-02-14,LLOY,51.709999084472656,52.95000076293945,51.209999084472656,52.52000045776367,224580586,52.71800003051758,25.401078518470165,0.6615475352772724,53.412966783809146,-36.871692778280114,,,-1.407,213182980.0,71038165242.0,0.0030009640490258,51.71,0.3608780006372558
2022-02-15,LLOY,52.630001068115234,52.77999877929688,51.22299957275391,51.27999877929688,151011097,52.74200019836426,50.000050998603655,0.6357266558003805,52.60417649729345,-7.416527783219309,,,-1.407,151187201.0,71038165242.0,0.0021282531789068,52.63,0.3667182484255368
2022-02-16,LLOY,51.93000030517578,52.84000015258789,51.58000183105469,52.650001525878906,213579368,52.64900016784668,31.283461458825258,0.5967411755811378,48.66666793823242,-8.076143378766231,,,-1.407,189838193.0,71038165242.0,0.0026723408797692,51.93,0.3649698377798412
2022-02-17,LLOY,51.290000915527344,52.06999969482422,50.91999816894531,51.900001525878906,189461870,52.44800033569336,13.0081225169568,0.5399771516303297,50.38826639949524,-74.99758952817047,,,-1.407,178784352.0,71038165242.0,0.0025167366216589,51.29,0.3580582956632829
2022-02-18,LLOY,51.220001220703125,52.16999816894531,50.65999984741211,51.0099983215332,182220365,52.43200035095215,14.583368516629198,0.4726980234271875,50.73849699580118,-76.17647738902933,,,-1.407,149000886.0,71038165242.0,0.0020974765535175,51.22,0.3107772537431356
2022-02-21,LLOY,50.91999816894531,51.92699813842773,50.540000915527344,51.310001373291016,118166880,52.26500015258789,9.595892456338085,0.396491366776292,42.979937682354894,-114.5245764781496,,,-1.407,115514265.0,71038165242.0,0.0016260873940998,50.92,0.2890220560871629
2022-02-22,LLOY,51.310001373291016,51.696998596191406,48.6150016784668,49.36000061035156,175512574,52.14600028991699,45.794400398776965,0.3240025764353276,42.54091068801477,-177.7089386635558,,,-1.407,168811442.0,71038165242.0,0.0023763485645346,51.31,0.2902388799387722
2022-02-23,LLOY,52.20000076293945,52.560001373291016,51.209999084472656,51.36000061035156,185341500,52.05700035095215,66.94676733764027,0.2711050078930565,44.92620815711479,-15.283357533353136,,,-1.407,172625349.0,71038165242.0,0.0024300367050856,52.2,0.2861182774459049
2022-02-24,LLOY,46.54499816894531,49.53300094604492,46.0,48.0,706276732,51.37150001525879,6.846711452623468,0.1424196488214656,33.413378678694315,-347.0974666700575,,-0.098,-0.098,645691127.0,71038165242.0,0.0090893553458253,46.545,0.4794105641194777
2022-02-25,LLOY,49.68000030517578,50.07899856567383,46.54499816894531,47.35499954223633,518677124,50.9435001373291,46.231164930084645,0.0226703949758027,41.181824760327366,-190.2616827845191,,-2.017,-2.017,484328362.0,71001520638.0,0.0068213801288755,49.68,0.5402702980270268
2022-02-28,LLOY,48.435001373291016,49.02000045776367,47.03499984741211,47.57500076293945,396856621,50.61600036621094,30.59047303210001,-0.105115328710518,38.48769109936897,-183.92513136385656,,0.325,0.325,,,,,0.5368568253919737
2022-03-01,LLOY,45.77999877929688,49.459999084472656,45.77999877929688,48.525001525878906,438016914,49.9310001373291,0.0,-0.2733588538569962,31.46552566281773,-191.4259546033913,,,0.325,421765458.0,70886257553.0,0.0059498903251403,45.78,0.564468279068722
2022-03-02,LLOY,46.07500076293945,46.58000183105469,45.20000076293945,45.3650016784668,402627643,49.34550018310547,9.988586388756918,-0.4528113170862543,31.41335745208981,-184.98848486329788,,0.011,0.011,326398889.0,70839780714.0,0.0046075649262349,46.075,0.5638505711096673
2022-03-03,LLOY,45.15499877929688,46.915000915527344,44.999000549316406,46.1349983215332,282139905,48.73199996948242,1.961995041997172,-0.6435281766389391,28.05882746594817,-157.7534384319617,,-5.245,-5.245,269954912.0,70784138620.0,0.0038137768893287,45.155,0.5555730234085879
2022-03-04,LLOY,43.02999877929688,45.06800079345703,42.62799835205078,44.70000076293945,490561743,47.9129997253418,3.936548730582384,-0.863744051673313,28.23472266754617,-177.96188889009113,,-3.26,-3.26,474361260.0,70722894793.0,0.0067073224503665,43.03,0.5625310536392917
2022-03-07,LLOY,41.25,45.104000091552734,38.095001220703125,40.82500076293945,652244747,46.94599990844726,21.397077028432108,-1.1173354515739644,22.64424726630365,-186.813849650249,,-0.57,-0.57,620971509.0,70635987880.0,0.0087911492093086,41.25,0.5728894805831466
2022-03-08,LLOY,41.959999084472656,43.59600067138672,40.130001068115234,40.400001525878906,384654494,46.01099967956543,26.71965311440426,-1.3646780494179294,26.04518241244166,-150.1257723416989,,-0.543,-0.543,,,,,0.5744954095666486
2022-03-09,LLOY,45.380001068115234,45.685001373291016,43.26499938964844,44.79999923706055,331892436,45.32899971008301,50.36294345360772,-1.537463399966359,37.473514229749405,-80.73046025278896,,,-0.543,310529476.0,70528737447.0,0.0044028787022219,45.38,0.6593333774449738
2022-03-10,LLOY,44.59000015258789,45.959999084472656,44.14500045776367,45.869998931884766,259040367,45.13349990844726,44.90147848856237,-1.6635598318591502,36.36364349630652,-70.43904065622999,,-0.401,-0.401,239547527.0,70485514865.0,0.0033985355354047,44.59,0.6483120499731723
2022-03-11,LLOY,45.46500015258789,46.66600036621094,44.54800033569336,45.0,212963198,44.71199989318848,50.95056242060406,-1.73603066740848,39.03959204452485,-50.60973210156097,,-0.068,-0.068,184875109.0,70475980215.0,0.0026232357242283,45.465,0.6492571376389268
2022-03-14,LLOY,47.73500061035156,48.040000915527344,46.13999938964844,46.59999847412109,297152997,44.64199981689453,66.64361761464464,-1.7309176805444977,43.32150323953396,-8.22519917418313,,-0.173,-0.173,,,,,0.6778274545373671
2022-03-15,LLOY,47.39500045776367,48.00699996948242,46.845001220703125,47.0,160710514,44.80349998474121,77.60348212162661,-1.6789240803968275,40.83540305245494,-0.1114215362204882,,,-0.173,143387148.0,70471585980.0,0.0020346803042107,47.395,0.6779842341423029
2022-03-16,LLOY,48.60499954223633,49.03300094604492,47.97999954223633,48.59999847412109,277001718,45.0564998626709,87.70027244660488,-1.5771407742176509,54.73128297666132,35.56499282850998,,1.216,1.216,265008069.0,70460029291.0,0.0037611121037931,48.605,0.6845339147751965
2022-03-17,LLOY,48.0,49.21699905395508,47.28499984741211,48.900001525878906,294112234,45.34099998474121,87.15354721599212,-1.4555436854855253,45.63409608751754,31.752037181952087,,,1.216,225692224.0,70412755417.0,0.0032052747071663,48.0,0.6816395260336964
2022-03-18,LLOY,49.13999938964844,49.13999938964844,47.91999816894531,48.119998931884766,393533448,45.952000045776366,97.18434003543156,-1.3063965190912985,51.84216827046046,54.74409377587018,,,1.216,380261620.0,70371852915.0,0.0054036039161752,49.14,0.5625350272533085
2022-03-21,LLOY,48.630001068115234,49.53200149536133,48.40499877929688,49.0,202484121,46.69000015258789,92.1133128828831,-1.1529592221024965,58.38729254638763,64.6824594999898,,,1.216,182995373.0,70311748492.0,0.0026026286776358,48.63,0.5104042824105106
2022-03-22,LLOY,50.2400016784668,50.448001861572266,48.76499938964844,49.0,242793033,47.5180004119873,98.31619709937266,-0.9765619443106666,61.376675351241815,97.97274963956276,,,1.216,224541140.0,70279075644.0,0.0031949927904205,50.24,0.5151448218252886
2022-03-23,LLOY,49.5099983215332,50.68999862670898,49.5099983215332,50.5,247762719,47.9310001373291,90.63119850574084,-0.8044418271401563,62.02042268484328,108.54482385771844,,,1.216,237283958.0,70251066387.0,0.0033776563147503,49.51,0.5185857704573221
2022-03-24,LLOY,49.494998931884766,49.970001220703125,49.0,49.45000076293945,190132342,48.42150001525879,90.51210844827654,-0.6424311931974147,70.19681262460927,87.1486636446992,,,1.216,181834401.0,70198574059.0,0.0025902862477971,49.495,0.4741256680356677
2022-03-25,LLOY,48.75,49.5,48.55199813842773,49.40499877929688,236818957,48.75,81.62879663612982,-0.5056716448348787,75.05009815773326,68.69005950848282,,,1.216,213269643.0,70127203204.0,0.0030411827829437,48.75,0.4789671844874646
2022-03-28,LLOY,48.77999877929688,49.54499816894531,48.63999938964844,48.900001525878906,151203320,48.85449981689453,74.27609368794694,-0.3902770082603356,73.86283855102377,68.02483594947316,,1.257,1.257,141368737.0,70089494189.0,0.0020169747069195,48.78,0.4712436757185965
2022-03-29,LLOY,50.0,50.22999954223633,47.959999084472656,49.27999877929688,339933264,49.11499977111816,89.45761925522167,-0.2739687348304769,69.10669509336543,73.84253243488654,,1.231,1.231,304694291.0,70069350641.0,0.004348467457064,50.0,0.4351623920588141
2022-03-30,LLOY,48.119998931884766,49.07500076293945,47.90999984741211,48.73500061035156,222324698,49.06649971008301,58.15694545888175,-0.1925547722738979,63.39149733521116,39.19849822022748,,0.754,0.754,,,,,0.4291667851472362
2022-03-31,LLOY,47.05500030517578,48.93999862670898,46.869998931884766,48.18000030517578,243453766,48.97199974060059,20.10991360338041,-0.1538323020105198,55.94614913841189,13.873099721351076,,,0.754,221154771.0,70176792699.0,0.0031513946775619,47.055,0.4411232774738234
2022-04-01,LLOY,47.38999938964844,48.26100158691406,46.845001220703125,47.0,224342983,48.79699974060058,14.17421421647851,-0.1382025982505458,48.49146788648046,4.221138343701106,,,0.754,195526573.0,70176792699.0,0.002786199902846,47.39,0.3398940265193541
2022-04-04,LLOY,46.88999938964844,47.709999084472656,46.165000915527344,47.470001220703125,297778711,48.62299957275391,16.022073830657703,-0.1455285443519174,47.82233212120574,-32.568859074754215,,1.054,1.054,272739960.0,70157743647.0,0.0038875246811285,46.89,0.3354396296536928
2022-04-05,LLOY,46.30500030517578,47.06999969482422,45.505001068115234,46.25,315833767,48.229499435424806,15.429115019246389,-0.1758602385980072,39.51686517354442,-83.79615470009625,,1.119,1.119,291410404.0,70112112644.0,0.0041563489247522,46.305,0.2790847505238275
2022-04-06,LLOY,45.185001373291016,46.60599899291992,42.125,46.0,314994133,47.79699974060058,35.72681685842594,-0.236489560323831,37.74488719154834,-170.11459949375842,,,1.119,304159145.0,70058522581.0,0.0043415009879538,45.185,0.2904802521615232
2022-04-07,LLOY,44.334999084472656,45.290000915527344,43.94499969482422,44.040000915527344,287353573,47.280999755859376,25.80267879531262,-0.325952841294411,28.539524626350484,-172.39341491017717,,1.151,1.151,,,,,0.2901037322982445
2022-04-08,LLOY,44.584999084472656,45.20000076293945,44.542999267578125,44.81999969482422,218503989,46.86449966430664,28.72153507183791,-0.4240673598460531,31.50433710267936,-152.16210369941237,,,1.151,208079144.0,69995212230.0,0.0029727625271892,44.585,0.2781217783937709
2022-04-11,LLOY,45.08000183105469,45.4900016784668,44.69100189208984,44.959999084472656,222249258,46.49449996948242,34.500902566870785,-0.513596966311504,23.72709774284212,-119.98439314965424,,1.668,1.668,215993773.0,69981607999.0,0.0030864362676988,45.08,0.2634924400494063
2022-04-12,LLOY,44.119998931884766,45.150001525878906,44.119998931884766,44.78499984741211,182370333,45.9064998626709,24.61442374535047,-0.6071981204817296,23.18409078141677,-127.02176998989228,,,1.668,170731223.0,69954291715.0,0.0024406111307019,44.12,0.269680233324364
2022-04-13,LLOY,44.13999938964844,44.56999969482422,43.869998931884766,44.0,173041476,45.50849990844726,24.861190665687065,-0.6967414917415751,23.37147017348046,-117.79898472591604,,,1.668,160895443.0,69903606021.0,0.0023016758670742,44.14,0.2310833307168622
2022-04-14,LLOY,44.97999954223633,45.28099822998047,43.970001220703125,44.20500183105469,271041803,45.30099983215332,35.22516598993635,-0.7640577851685124,31.428578945212337,-85.6742480923991,,,1.668,255922498.0,69880673259.0,0.0036622786539487,44.98,0.2455781880175009
2022-04-19,LLOY,45.369998931884766,45.58300018310547,44.61000061035156,45.345001220703125,238670995,45.09899978637695,40.0370032715561,-0.80595009075368,33.77736481152466,-62.991458770485096,,,1.668,217820332.0,69878595466.0,0.0031171252162041,45.37,0.2497262520685041
2022-04-20,LLOY,46.33000183105469,46.775001525878906,45.3849983215332,45.59999847412109,394130211,45.043000030517575,60.50361682660035,-0.8125578605670218,32.097583232910736,-24.847713178270453,,,1.668,282366634.0,69878276804.0,0.004040835677617,46.33,0.2616935237644313
2022-04-21,LLOY,46.92499923706055,47.152000427246094,46.137001037597656,46.45000076293945,384394005,45.10499992370605,70.43287166997573,-0.7853587568861924,43.33519706636506,1.6402433010128044,,2.084,2.084,127008930.0,69878276804.0,0.001817573870006,46.925,0.2671131077697142
2022-04-22,LLOY,46.11000061035156,47.05500030517578,45.7599983215332,46.34000015258789,280705858,45.19749984741211,64.94458245985741,-0.7496088174306372,44.578317471962094,-9.075168088919348,,2.724,2.724,108083608.0,69877018721.0,0.0015467690233258,46.11,0.2192250336995619
2022-04-25,LLOY,45.400001525878906,46.28499984741211,45.02999877929688,45.02999877929688,208369479,45.30400009155274,58.63924910899313,-0.719992561264668,39.05392191834285,-35.930674495260305,,,2.724,189429300.0,69842224768.0,0.0027122460750533,45.4,0.2240841424294045
2022-04-26,LLOY,45.8849983215332,47.02999877929688,45.8849983215332,46.470001220703125,228502090,45.43400001525879,74.79606130833406,-0.6863944627411115,44.46280449793754,4.213990673435099,,3.192,3.192,188460683.0,69821151961.0,0.0026991918309406,45.885,0.2167085752413274
2022-04-27,LLOY,45.77000045776367,47.22999954223633,45.2400016784668,46.47999954223633,157498181,45.50299987792969,71.40060302859342,-0.6523321823402941,46.89134296413298,2.259195377461206,,4.259,4.259,141470450.0,69817432281.0,0.0020262912195139,45.77,0.2145079304750945
2022-04-28,LLOY,46.310001373291016,47.435001373291016,45.79499816894531,47.33000183105469,180513125,45.72200012207031,68.4432193668784,-0.6096623665364908,57.00934446163104,41.458279039428106,,4.114,4.114,157937035.0,69792901187.0,0.0022629383836162,46.31,0.2168657065008298
2022-04-29,LLOY,45.880001068115234,47.10499954223633,45.369998931884766,47.10499954223633,236270368,45.89600028991699,56.38150798678286,-0.5693051964246781,60.15780458014502,24.98391697195192,,4.167,4.167,223439790.0,69666692662.0,0.0032072685161624,45.88,0.2190564320544068
2022-05-03,LLOY,46.18000030517578,46.61000061035156,45.45000076293945,46.095001220703125,263640585,46.01600036621094,64.7966280881371,-0.5264292630582111,60.41803706760113,30.254414598605468,,,3.809,250201291.0,69632548921.0,0.0035931657662548,46.18,0.1965562704110912
2022-05-04,LLOY,45.650001525878906,46.48500061035156,45.650001525878906,46.40499877929688,153014211,46.04400062561035,49.92991234227602,-0.4914782271605042,53.70611234960707,26.59478440420158,,,3.809,128473158.0,69611669353.0,0.001845569272998,45.65,0.2016133865263955
2022-05-05,LLOY,44.025001525878906,46.72100067138672,43.900001525878906,46.60499954223633,278830409,45.813500595092776,4.347895872211474,-0.4881323021514487,49.43149313011395,-59.34155169169142,,,3.809,244541649.0,69557869559.0,0.0035156575460175,44.025,0.2298610006275761
2022-05-06,LLOY,43.369998931884766,44.2599983215332,43.00400161743164,43.91999816894531,249267152,45.4580005645752,8.259926306002273,-0.5141088788526955,45.71745846793339,-156.4664297622642,,,3.809,208845106.0,69494335418.0,0.0030052104929678,43.37,0.2343815470008264
2022-05-09,LLOY,42.345001220703125,43.57799911499024,42.345001220703125,43.0,217928445,45.08150062561035,0.0,-0.5722839781878404,35.64032298769858,-192.32295156324363,,,3.809,188508524.0,69430790858.0,0.0027150565573354,42.345,0.2473305473019247
2022-05-10,LLOY,42.59000015258789,43.47700119018555,42.435001373291016,42.84999847412109,285482325,44.80050048828125,4.813338399610886,-0.6423776870688143,34.6068576748996,-164.26540111377997,,,3.809,266215712.0,69370299601.0,0.0038376036074689,42.59,0.2441641603755086
2022-05-11,LLOY,43.1150016784668,43.3650016784668,42.20000076293945,42.625,283221789,44.52350082397461,17.47852547940574,-0.7064271200583223,31.2972427184466,-139.08689859890873,,,3.809,260351175.0,69312696609.0,0.0037561830333721,43.115,0.2393665357338315
2022-05-12,LLOY,42.959999084472656,43.29999923706055,42.0,42.0,225911923,44.24250068664551,17.663272160156883,-0.7641934264586313,25.68974493669377,-125.44316237484954,,3.959,3.959,188167645.0,69254605526.0,0.0027170416114688,42.96,0.2394622832820421
2022-05-13,LLOY,43.875,44.09999847412109,43.32799911499024,43.38999938964844,198089223,43.999000549316406,34.498611338246,-0.7986533289970897,36.46274164763553,-64.81460317151192,,4.244,4.244,137152451.0,69227988291.0,0.0019811705407858,43.875,0.2421303738608068
2022-05-16,LLOY,43.665000915527344,43.869998931884766,43.02999877929688,43.869998931884766,183524453,43.777500534057616,30.634783713387517,-0.8182289043376406,38.8136607038328,-74.08188549484039,,3.984,3.984,,,,,0.2239684494819162
2022-05-17,LLOY,43.79999923706055,44.34999847412109,43.630001068115234,43.76499938964844,164574627,43.5395004272461,33.11865284719527,-0.8234303591828591,35.92167840525536,-48.940276233152375,,,3.984,156895988.0,69223201962.0,0.0022665231245172,43.8,0.2174802049489182
2022-05-18,LLOY,43.79999923706055,44.45500183105469,43.73500061035156,44.334999084472656,274192408,43.354500198364256,33.11865284719527,-0.8174729605651958,36.48833351648064,-41.27372461808676,,,3.984,118241591.0,69222431361.0,0.0017081398135723,43.8,0.2174802049489182
2022-05-19,LLOY,43.43000030517578,43.80500030517578,43.10499954223633,43.47999954223633,367472497,43.295000076293945,28.01176167293732,-0.8088736360866605,29.775270364030405,-61.60861913981076,,3.978,3.978,,,,,0.2070446058031373
2022-05-20,LLOY,43.59999847412109,44.25400161743164,43.29999923706055,43.93999862670898,143042487,43.31800003051758,33.89108762086068,-0.7945133863262155,33.38189752917606,-42.95655967489784,,,3.978,139678269.0,69155785185.0,0.0020197626073703,43.6,0.2028386323990289
2022-05-23,LLOY,44.505001068115234,44.505001068115234,43.667999267578125,44.18000030517578,153652513,43.53400001525879,53.06080728388099,-0.761045443682991,38.780983236283824,-12.048343480662712,,,3.978,150212219.0,69127183657.0,0.0021729833482777,44.505,0.218955495824327
2022-05-24,LLOY,44.0099983215332,44.56999969482422,43.71500015258789,44.30500030517578,209869467,43.67599983215332,42.57568387387664,-0.7235185173826046,38.9636453904569,-15.89120892631162,,,3.978,192984178.0,69126814232.0,0.0027917412388239,44.01,0.215850805070299
2022-05-25,LLOY,44.290000915527344,44.7599983215332,43.7400016784668,44.720001220703125,136685508,43.79349975585937,82.97109812208974,-0.679298399341701,52.17747820264953,-0.2722848029849707,,,3.978,130708806.0,69116960695.0,0.0018911249089321,44.29,0.2164295259828599
2022-05-26,LLOY,45.334999084472656,45.380001068115234,44.07899856567383,44.14500045776367,141324775,44.030999755859376,98.66858078634657,-0.6149806161255034,65.17374098833321,51.91729159539752,,,3.978,137761088.0,69105520245.0,0.0019934889066979,45.335,0.2343145060530624
2022-05-27,LLOY,45.23500061035156,45.54399871826172,44.70500183105469,45.060001373291016,115937021,44.16699981689453,91.28108860993844,-0.5416314022391957,76.03601622104611,80.3753092954964,,,3.978,113351416.0,69105511391.0,0.001640265931304,45.235,0.2328853721759669
2022-05-30,LLOY,45.13999938964844,45.650001525878906,44.83000183105469,45.6349983215332,222809031,44.31449966430664,86.02734457466666,-0.4667477510373034,73.6110806956023,93.58701038090912,,4.124,4.124,175850070.0,69105458068.0,0.0025446625334132,45.14,0.1884400072409162
2022-05-31,LLOY,44.88999938964844,45.32099914550781,44.58599853515625,45.005001068115234,210154728,44.42349967956543,79.17803236952173,-0.3977526604389895,67.31703795118531,81.82594501147418,,,4.124,203254410.0,69639383331.0,0.0029186704459159,44.89,0.1805442522246259
2022-06-01,LLOY,45.125,46.0099983215332,44.88999938964844,45.5,167384483,44.555999755859375,70.30206518524966,-0.3314093859474469,70.79731175703209,127.68839897162168,,,4.124,148094608.0,69623434290.0,0.0021270799050668,45.125,0.153726304018686
2022-06-06,LLOY,45.595001220703125,45.834999084472656,45.06900024414063,45.14500045776367,116237977,44.77249984741211,86.07392065172449,-0.2619520984913419,68.06723160491295,133.36139672695862,,,4.124,106078727.0,69622557857.0,0.0015236258227955,45.595,0.155614598163314
2022-06-07,LLOY,45.59000015258789,45.810001373291016,45.25600051879883,45.400001525878906,151939551,44.97150001525879,85.54222563057432,-0.1936668211196829,71.13059819926353,119.91900742014036,,,4.124,118233403.0,69617949152.0,0.0016983178108544,45.59,0.1524453576837303
2022-06-08,LLOY,45.935001373291016,46.09999847412109,45.36899948120117,45.59000015258789,233965670,45.11450004577637,94.4909128656602,-0.1237500651992591,72.40292750564798,124.43841441642084,,,4.124,118571281.0,69604685463.0,0.0017034956800864,45.935,0.1513429321718284
2022-06-09,LLOY,44.790000915527344,46.20000076293945,44.790000915527344,45.630001068115234,179885942,45.19250030517578,54.44267233304081,-0.0744616441492756,58.37563812188039,70.8480884470353,,,4.124,142048808.0,69575462973.0,0.0020416509201688,44.79,0.1669619057541194
2022-06-10,LLOY,43.70000076293945,44.900001525878906,43.375,44.52000045776367,189741358,45.133500289917,13.793148807315797,-0.0579070469112281,52.03619987606566,-42.74159675121637,,,4.124,180382482.0,69517383684.0,0.0025947823758723,43.7,0.1890410409374371
2022-06-13,LLOY,42.82500076293945,43.380001068115234,42.52999877929688,42.994998931884766,267597316,44.88250045776367,8.038196844509073,-0.0765653277081577,44.717132932777695,-141.34045706658654,,,4.124,167478204.0,69459397494.0,0.0024111669556947,42.825,0.2021019354621099
2022-06-14,LLOY,43.369998931884766,44.084999084472656,42.790000915527344,42.81999969482422,207140046,44.696000289917,22.8882751652948,-0.1074466250087083,41.86379108931252,-92.33844509908616,,,4.124,148305426.0,69402054990.0,0.0021369025170993,43.37,0.2074446375119755
2022-06-15,LLOY,44.06499862670898,44.79999923706055,43.93999862670898,43.93999862670898,200365636,44.58850021362305,41.82558631449511,-0.1330370168090986,50.38327722496443,-21.18531404364181,,,4.124,172664393.0,69355807684.0,0.0024895448379275,44.065,0.2155086841690413
2022-06-16,LLOY,42.2400016784668,44.14400100708008,42.15499877929688,43.875,356451945,44.32350044250488,2.1014303457368304,-0.1827832230754345,38.245413721977606,-138.35493280784323,,,4.124,263827010.0,69310511074.0,0.0038064502181829,42.24,0.2605138552897498
2022-06-17,LLOY,42.2599983215332,43.29800033569336,41.9630012512207,42.59999847412109,462801860,44.037000274658205,7.009608320488627,-0.2443264128391364,30.01947752252258,-148.37422408694394,,,4.124,408558197.0,69248592044.0,0.0058998773107243,42.26,0.2605496242938062
2022-06-20,LLOY,43.744998931884766,44.0880012512207,42.5,42.66999816894531,178986967,43.85200004577637,42.05801005488411,-0.2857883408636014,41.79514314990713,-73.66121642818442,,,4.124,143871090.0,69189396211.0,0.0020793806259162,43.745,0.2905800672762627
2022-06-21,LLOY,43.44499969482422,44.125,43.3650016784668,43.71500015258789,135749198,43.6375,34.977545772771144,-0.3166251634651779,40.87237254139883,-57.15718661789396,,,4.124,96749817.0,69178144052.0,0.0013985604604725,43.445,0.2812101994451186
2022-06-22,LLOY,43.84000015258789,44.42499923706055,42.7400016784668,42.80500030517578,364845777,43.427999877929686,44.30019159019865,-0.3321622042344091,44.432663691228655,-51.55214756493819,,4.377,4.377,296939366.0,69159830223.0,0.0042935236399878,43.84,0.2797468569207213
2022-06-23,LLOY,42.310001373291016,43.69499969482422,42.310001373291016,43.5,171396421,43.179999923706056,8.18976072833086,-0.360948332887986,36.87645674380125,-108.08231356867242,,,4.377,183082646.0,69125579846.0,0.0026485513236616,42.31,0.290168825681221
2022-06-24,LLOY,43.39500045776367,43.57500076293945,42.19499969482422,42.400001525878906,154135548,43.14949989318848,33.797483397917,-0.3783965157523126,40.299813873598886,-78.21398168739249,,,4.377,139851638.0,69065667337.0,0.0020249082270877,43.395,0.3078463580926011
2022-06-27,LLOY,43.310001373291016,43.900001525878906,42.97499847412109,43.375,174288024,43.19799995422363,31.79136835736614,-0.3883172998192196,40.01751020983525,-50.15107125569138,,,4.377,161582205.0,69041039433.0,0.0023403790894081,43.31,0.3077649924419761
2022-06-28,LLOY,43.435001373291016,43.9900016784668,43.42499923706055,43.47999954223633,144944851,43.20450019836426,34.74156931099555,-0.3901206365866447,38.839275070589,-31.15904749514243,,,4.377,93918989.0,69034115803.0,0.0013604721072695,43.435,0.3082504082498477
2022-06-29,LLOY,43.0099983215332,43.64500045776367,42.775001525878906,42.90999984741211,140907259,43.09900016784668,35.648517957130444,-0.3926330923801888,41.50761465849516,-59.862649030422816,,,4.377,126161256.0,69008683295.0,0.0018281939311996,43.01,0.3093105594428921
2022-06-30,LLOY,42.310001373291016,42.70000076293945,41.15499877929688,42.375,202685856,43.106000137329104,31.687309984667955,-0.4057314553970855,43.11198738766669,-129.2624486960541,,4.602,4.602,183073708.0,68945906436.0,0.0026553238250619,42.31,0.3120900382564038
2022-07-01,LLOY,42.40999984741211,43.51499938964844,41.85499954223633,41.994998931884766,164077179,43.12100028991699,34.43075200284663,-0.4222580608362923,47.77240211182587,-86.2188019468277,,4.99,4.99,150749436.0,68891012492.0,0.0021882308090261,42.41,0.308780004838543
2022-07-04,LLOY,42.665000915527344,43.1150016784668,42.560001373291016,42.60499954223633,121946765,43.01300048828125,41.426665201488206,-0.4350362655994663,46.094189522822056,-67.07080536695905,,4.765,4.765,92395740.0,68863123709.0,0.0013417303053292,42.665,0.3104145489001381
2022-07-05,LLOY,41.35499954223633,43.275001525878906,41.334999084472656,43.084999084472656,240981322,42.80400047302246,6.116230426347772,-0.4647039619910758,35.94397613675305,-131.80632842194777,,5.267,5.267,200379049.0,68821676769.0,0.0029115688313229,41.355,0.322420979024534
2022-07-06,LLOY,41.29499816894531,42.34999847412109,41.095001220703125,42.2599983215332,236946426,42.5495002746582,6.005917939283272,-0.5033005674011666,43.99997481087569,-163.63968761876922,,5.27,5.27,206847779.0,68754153236.0,0.0030085132208666,41.295,0.3045732518141858
2022-07-07,LLOY,42.29499816894531,42.494998931884766,41.91999816894531,42.13999938964844,298265424,42.547999954223634,36.03596585786636,-0.5283688024141038,50.19762760712278,-88.9815660628613,,,5.27,268799226.0,68703986365.0,0.00391242546789,42.295,0.3115084897218801
2022-07-08,LLOY,42.20000076293945,42.41999816894531,41.400001525878906,42.29999923706055,186397848,42.42849998474121,33.18318920336931,-0.543954967398807,39.65171515822953,-105.94070574184622,,,5.27,129197559.0,68684271530.0,0.0018810355867801,42.2,0.3076257527683123
2022-07-11,LLOY,42.01499938964844,42.47499847412109,41.94499969482422,42.005001068115234,244353890,42.29899978637695,27.62758909843643,-0.5544927075247652,40.27210474797561,-80.1827041083116,,5.256,5.256,203970475.0,68648828872.0,0.0029712156543896,42.015,0.2628710558237092
2022-07-12,LLOY,42.41999816894531,42.42499923706055,41.375,41.69499969482422,286282528,42.19749946594239,45.76845384217039,-0.553588466974588,40.35324319379448,-80.22335212191737,,,5.256,278625142.0,68610793113.0,0.0040609520653858,42.42,0.2651568047059178
2022-07-13,LLOY,41.915000915527344,42.54499816894531,41.51499938964844,42.20500183105469,122084806,42.0879997253418,28.324682734511608,-0.5523552125296359,46.88239342775645,-81.68582821360481,,,5.256,110050052.0,68579027037.0,0.0016047187712451,41.915,0.2339748410173054
2022-07-14,LLOY,41.02000045776367,42.14500045776367,40.96500015258789,41.77999877929688,160376313,41.95899963378906,1.818190989500445,-0.5640006681085856,30.67533525278823,-134.3942041192265,,,5.256,153336608.0,68534153825.0,0.0022373750815037,41.02,0.2434081958299144
2022-07-15,LLOY,41.900001525878906,42.20500183105469,40.89300155639648,40.94499969482422,198862299,41.90799980163574,32.515335156307735,-0.5677824009145256,39.84149764824417,-91.9033399103716,,,5.256,186371780.0,68486119212.0,0.0027213073560655,41.9,0.2580977022266754
2022-07-18,LLOY,42.77999877929688,42.85499954223633,42.04999923706055,42.09999847412109,133752465,41.9194995880127,68.5682404147376,-0.5511031267872367,45.74397046991444,4.866134269612931,,4.494,4.494,125483432.0,68476641745.0,0.0018324997955841,42.78,0.2679663921995208
2022-07-19,LLOY,44.06999969482422,44.34999847412109,42.77000045776367,42.83000183105469,162523267,42.190999603271486,91.90051984538158,-0.5006363583301725,56.191601331758136,132.0996435641251,,4.541,4.541,,,,,0.2430968657601847
2022-07-20,LLOY,43.45000076293945,44.45000076293945,43.06999969482422,44.380001068115234,280399425,42.4064998626709,71.88641487013726,-0.4403884637162703,56.72169790101575,124.26497024439186,,,4.541,266969824.0,68476641537.0,0.0038986991477341,43.45,0.2487102324396374
2022-07-21,LLOY,43.33000183105469,43.57500076293945,42.63999938964844,43.39500045776367,171479713,42.51000022888184,68.51281468310229,-0.3780790213928903,55.41177880310903,67.76070690173688,,,4.541,152679247.0,68476621105.0,0.0022296550930263,43.33,0.2487326474488612
2022-07-22,LLOY,43.22999954223633,43.64500045776367,42.970001220703125,43.52000045776367,105003022,42.613000106811526,65.70139182322623,-0.3184775643770135,53.38525345917038,75.78390438061568,,4.446,4.446,93078900.0,68476617489.0,0.0013592800493533,43.23,0.2382945539660228
2022-07-25,LLOY,43.810001373291016,44.04999923706055,42.810001373291016,43.040000915527344,347369205,42.79250030517578,82.00732267605845,-0.2537183616954233,66.11951752957832,102.25351787109648,,,4.446,172636546.0,68476465527.0,0.0025211077217753,43.81,0.2422184270923246
2022-07-26,LLOY,43.52999877929688,44.2599983215332,43.29999923706055,44.22499847412109,121457791,42.903500366210935,74.13544591322179,-0.1930101707514269,64.26292834405604,115.449434557308,,,4.446,109762742.0,68471444871.0,0.0016030440456863,43.53,0.2433127520631817
2022-07-27,LLOY,45.31999969482422,46.01499938964844,44.78300094604492,45.494998931884766,430832156,43.24400024414062,86.43108182685498,-0.1090251707820333,67.53624072973278,229.1513770381431,,3.167,3.167,251112080.0,68461443809.0,0.0036679343295852,45.32,0.2521467414345765
2022-07-28,LLOY,44.42499923706055,46.400001525878906,44.15900039672852,46.2599983215332,146966969,43.58450012207031,64.13651171666919,-0.0288840695040949,61.80370161103619,162.95157469136387,,3.493,3.493,139403292.0,68461440810.0,0.0020362307650942,44.425,0.2663787614089515
2022-07-29,LLOY,45.244998931884766,45.43299865722656,44.775001525878906,45.060001373291016,171585264,43.9189998626709,79.02664607963138,0.057795070437619,66.05367346575058,145.77783165568306,,2.924,2.924,148197082.0,68461440759.0,0.0021646795678999,45.245,0.2705945762287077
2022-08-01,LLOY,45.05500030517578,45.89599990844727,44.915000915527344,45.32500076293945,92978858,44.14650001525879,75.57651664869111,0.1408652188271461,63.38243681823677,132.34111165559963,0.06812380952380954,2.402,2.402,90284131.0,68461440734.0,0.0013187588521659,45.055,0.2615901470599616
2022-08-02,LLOY,45.400001525878906,45.66699981689453,44.79800033569336,45.05500030517578,466951554,44.27950019836426,81.84129279931727,0.2225018794361245,67.99173331715814,117.62775083651285,-0.0695578947368421,,2.402,92976723.0,68461440652.0,0.0013580889054411,45.4,0.2616797818887653
2022-08-03,LLOY,45.83000183105469,46.05500030517578,44.935001373291016,45.08000183105469,279571303,44.51750030517578,89.64954243720851,0.3053138059667826,76.08459190002023,121.09861360151174,-0.5465557142857143,1.973,1.973,,,,,0.2603229326236027
2022-08-04,LLOY,45.09999847412109,45.970001220703125,44.75,45.27000045776367,278450384,44.69449996948242,70.11488809788771,0.3721785792524382,67.64054225015646,92.40360704419405,0.2091,,1.973,210075831.0,68461440625.0,0.0030685277593075,45.1,0.2639030835546673
2022-08-05,LLOY,44.90999984741211,45.24700164794922,44.34000015258789,45.05500030517578,156912354,44.8625,60.37231829978228,0.4216632365400062,62.70882373158033,61.31397123440601,0.22067142857142857,1.989,1.989,144246027.0,68461376627.0,0.0021069694199387,44.91,0.2488193585633445
2022-08-08,LLOY,45.2400016784668,45.6349983215332,44.69499969482422,45.31999969482422,166802613,45.00550003051758,69.14895775630997,0.4619642369928259,57.88410018759854,72.2984831191177,0.296,2.931,2.931,,,,,0.2327899053571855
2022-08-09,LLOY,44.994998931884766,45.560001373291016,44.97999954223633,45.10499954223633,101392930,45.15200004577637,62.63293096416419,0.4894346685498338,60.96518966779438,64.43653942109118,0.07766666666666668,,2.931,96265355.0,68461356388.0,0.0014061269025174,44.995,0.2107553148680353
2022-08-10,LLOY,45.470001220703125,45.59000015258789,45.007999420166016,45.22999954223633,100816356,45.167000198364256,74.09470012124149,0.5138859661604475,64.45942253862373,68.09511604693064,0.18374,,2.931,92711770.0,68461336027.0,0.0013542208694764,45.47,0.2133256471612676
2022-08-11,LLOY,45.60499954223633,45.89500045776367,45.30199813842773,45.81999969482422,91697725,45.28500022888184,77.85509888991251,0.5361457209887687,65.97172767777434,78.07359454959753,0.14058333333333334,,2.931,78566245.0,68461322493.0,0.0011476004572951,45.605,0.2050891546650651
2022-08-12,LLOY,45.65499877929688,46.150001525878906,45.415000915527344,45.685001373291016,90989004,45.32600021362305,75.96767107981694,0.5554406902039916,63.35984557818958,85.0696187086949,0.1689166666666667,,2.931,75858840.0,68461317544.0,0.0011080540474735,45.655,0.2042313481892348
2022-08-15,LLOY,45.8650016784668,45.900001525878906,45.33300018310547,45.79999923706055,85931463,45.40700035095215,76.1267479764752,0.5739504269825949,67.08119460395578,80.32068833946016,0.4285,,2.931,78556336.0,68460445940.0,0.0011474704104155,45.865,0.2040790447335924
2022-08-16,LLOY,45.72999954223633,46.15999984741211,45.69499969482422,46.0,87539860,45.44000015258789,70.1025593014052,0.5875356549370976,53.95751850823583,90.73777946422692,-0.026537500000000016,,2.931,83144418.0,68460423853.0,0.0012144887998141,45.73,0.204307508407829
2022-08-17,LLOY,45.78499984741211,46.345001220703125,45.625,46.345001220703125,79019125,45.43549995422363,72.06977182224472,0.5968605212088933,65.66816793061136,94.17009780608232,0.08424374999999999,2.874,2.874,71685939.0,68460317776.0,0.0010471166557326,45.785,0.1981308755569989
2022-08-18,LLOY,45.71500015258789,45.90999984741211,45.48799896240234,45.790000915527344,158308286,45.49700012207031,68.57851708241454,0.6005490803080982,56.5459568589948,72.49139603244922,0.1471888888888889,,2.874,137767670.0,68453519615.0,0.0020125724838524,45.715,0.1363695118433879
2022-08-19,LLOY,44.81999969482422,45.6150016784668,44.69499969482422,45.18999862670898,171102566,45.488000106811526,23.940114041312864,0.5848635684867369,47.26426221587477,-28.35658382885191,0.054085714285714286,2.782,2.782,,,,,0.113664469374101
2022-08-22,LLOY,44.51499938964844,44.95000076293945,44.23699951171875,44.625,127196550,45.41549987792969,13.187839305103148,0.5516579006859315,39.6004755133913,-133.80872155316797,0.046842857142857144,,2.782,104343424.0,68424380283.0,0.001524945108285,44.515,0.120406687909432
2022-08-23,LLOY,44.369998931884766,44.94499969482422,44.1150016784668,44.45000076293945,123505002,45.35299987792969,11.434856760654212,0.5056408969535935,31.61211282627808,-178.89330661402835,0.15748333333333334,,2.782,102798969.0,68383213564.0,0.0015032778315366,44.37,0.1200984788586445
2022-08-24,LLOY,44.119998931884766,44.40999984741211,43.650001525878906,44.025001525878906,121580935,45.217999649047854,17.439608876709535,0.4488652215579348,35.95992939003263,-214.03240464142868,0.06093333333333333,,2.782,110467307.0,68340399846.0,0.0016164275779616,44.12,0.117002239483205
2022-08-25,LLOY,44.31999969482422,44.68999862670898,43.959999084472656,44.220001220703125,109529064,45.08949966430664,24.86078830480213,0.3904903346425162,41.57145395076005,-145.63889047679126,,,2.782,99804230.0,68299390409.0,0.0014612755604748,44.32,0.1188155917824912
2022-08-26,LLOY,43.66999816894531,44.917999267578125,43.66999816894531,44.73500061035156,256994629,44.89099960327148,0.741990550307299,0.322912799784821,29.45027576585817,-151.78299907746887,,,2.782,138820729.0,68260778087.0,0.0020336821948186,43.67,0.1209984324814886
2022-08-30,LLOY,43.75,44.83000183105469,43.29999923706055,43.29999923706055,254222677,44.6794994354248,14.778340551395653,0.2536501484261541,32.96859850188751,-140.4038514850346,,,2.782,247860119.0,68220108030.0,0.0036332413735112,43.75,0.11060587375095
2022-08-31,LLOY,43.880001068115234,44.375,43.70500183105469,44.22499847412109,315293103,44.49449958801269,19.047666772317218,0.1884581324449518,25.98193613223019,-117.2553401839446,,,2.782,235802542.0,68178786326.0,0.0034585910765923,43.88,0.1112028873047751
2022-09-01,LLOY,42.70000076293945,43.80500030517578,42.63999938964844,43.55500030517578,161709467,44.18599967956543,1.619469463904024,0.1099792351593507,16.647629725657822,-183.3117197903474,0.17321,,2.782,139092194.0,68134735580.0,0.0020414285432528,42.7,0.1393989309764995
2022-09-02,LLOY,43.71500015258789,43.95500183105469,42.775001525878906,43.0,162211138,43.98599967956543,29.014851056994942,0.043229429090249,31.766968376082477,-121.55963697021612,0.1777,,2.782,153455408.0,68090080458.0,0.002253711656203,43.715,0.1683664995749292
2022-09-05,LLOY,43.45000076293945,43.65499877929688,42.72499847412109,43.0,149622550,43.84899978637695,21.862374439378776,-0.01699611380507,27.534907091849263,-120.74775338926308,-0.017783333333333335,,2.782,101582914.0,68046921152.0,0.0014928363000155,43.45,0.1685732819917298
2022-09-06,LLOY,45.22999954223633,45.630001068115234,44.005001068115234,44.125,255655427,43.92049980163574,69.90550263373571,-0.0415376739579038,46.43874860616916,20.165681204002254,0.13152727272727274,2.687,2.687,216608625.0,68025405409.0,0.0031842312985516,45.23,0.223188477250327
2022-09-07,LLOY,44.67499923706055,45.04100036621094,44.5,44.78499984741211,361075744,43.95099983215332,62.23240252399934,-0.0511867288676009,42.619680985976935,3.862282476811192,0.024042857142857137,,2.687,353134128.0,68025379106.0,0.0051912114660872,44.675,0.2270733592757812
2022-09-08,LLOY,45.22999954223633,45.34000015258789,44.595001220703125,44.92499923706055,114521842,44.06199989318848,86.62203005571496,-0.0420242599712953,46.97064138341186,33.29864966319088,0.034075,2.677,2.677,99393614.0,68025365632.0,0.0014611257591424,45.23,0.2312857273868479
2022-09-09,LLOY,45.97999954223633,46.18000030517578,45.130001068115234,45.22999954223633,136190480,44.22799987792969,94.35026239506892,-0.0094898103980509,57.37912973506312,94.31382271428376,-0.07950135135135135,2.561,2.561,116929025.0,68025365620.0,0.0017189032934153,45.98,0.2389170223845535
2022-09-12,LLOY,46.959999084472656,47.1349983215332,46.29999923706055,46.62300109863281,294550070,44.55699996948242,96.10680136497452,0.0516451837951964,64.3233664074372,168.62608497798047,,,0.766,271798115.0,68025365608.0,0.0039955406717878,46.96,0.2502331222347905
2022-09-13,LLOY,46.46500015258789,47.130001068115234,46.36000061035156,47.08000183105469,166685872,44.828499984741214,85.09458669294098,0.119486519178342,61.78953695554172,143.47271630052342,,0.691,0.691,143934981.0,68025365532.0,0.0021159016180852,46.465,0.2536464078627986
2022-09-14,LLOY,46.209999084472656,46.58000183105469,45.80099868774414,46.345001220703125,276837791,45.06149978637696,79.42159161598083,0.1836341773362439,61.75477727368104,104.94842928570417,,0.622,0.622,271663041.0,68025364650.0,0.0039935550863673,46.21,0.2432518377459233
2022-09-15,LLOY,47.619998931884766,47.89500045776367,46.3849983215332,46.45500183105469,298191736,45.55349960327148,94.76686070441583,0.2641811685539174,66.33662618430272,168.40760632052664,,,0.622,294959089.0,68025364140.0,0.0043360163187507,47.62,0.261457332883546
2022-09-16,LLOY,47.80500030517578,48.310001373291016,47.09299850463867,47.119998931884766,539075195,45.96249961853027,91.09345870473918,0.3531340041884882,71.45823154870736,171.32618511979365,,,0.622,496220821.0,68025364105.0,0.0072946441011923,47.805,0.2602336748334898
2022-09-20,LLOY,49.0,49.0,48.040000915527344,48.040000915527344,465744186,46.51749954223633,100.0,0.4609530639931632,74.4186046511628,180.2914340906564,,0.683,0.683,411098244.0,68025364089.0,0.0060433082498778,49.0,0.2686827883789684
2022-09-21,LLOY,48.46500015258789,49.84999847412109,47.4119987487793,48.244998931884766,373021503,46.84099960327149,80.79058949513718,0.565358838955429,70.55132042229438,144.55222130726756,,,0.683,333756245.0,68025364080.0,0.0049063499992075,48.465,0.2653220271284909
2022-09-22,LLOY,47.959999084472656,49.42499923706055,47.60300064086914,47.79999923706055,233704494,47.1694995880127,73.47369277686404,0.652806545606455,75.09541293553707,115.22292315215223,,,0.683,193914396.0,68025364070.0,0.0028506190102923,47.96,0.2709830821095274
2022-09-23,LLOY,46.22499847412109,48.334999084472656,46.08000183105469,47.70000076293945,214101887,47.26899948120117,49.12280701754386,0.6958723107039027,61.20534888639798,49.536110258322985,,0.695,0.695,204246726.0,68025364061.0,0.0030025083852083,46.225,0.2872678528612325
2022-09-26,LLOY,44.69900131225586,45.77099990844727,43.76499938964844,45.72499847412109,521330757,47.140899658203125,15.349253297190351,0.682930328865201,55.011639098554575,-40.83882572355456,,,0.695,387484479.0,67995017303.0,0.0056987187351286,44.71,0.3055290445977785
2022-09-27,LLOY,43.290000915527344,45.22999954223633,43.1349983215332,44.7400016784668,414152355,46.77389984130859,2.3083036555763035,0.6115259015994542,41.97684614464739,-76.24105218727325,,0.76,0.76,,,,,0.3043467603584553
2022-09-28,LLOY,41.85499954223633,43.01599884033203,41.125,42.61000061035156,644489235,46.31289978027344,8.366758394302918,0.4829330841799483,39.12876087350382,-142.47630945051387,,,0.76,567083072.0,67813271490.0,0.0083624202097907,41.855,0.3088579786783944
2022-09-29,LLOY,40.71500015258789,42.23899841308594,40.43999862670898,41.97999954223633,432440428,45.76339988708496,2.922439217196542,0.3059480130775844,33.34563154556163,-157.75862699985444,,,0.76,359048232.0,67712367828.0,0.0053025502359042,40.715,0.3187826140195858
2022-09-30,LLOY,41.38999938964844,42.37900161743164,40.90999984741211,40.91999816894531,370821211,45.14039993286133,10.09565120450791,0.1179813659499545,32.97477630393743,-133.99034202498538,,1.289,1.289,,,,,0.3130637131477293
2022-10-03,LLOY,41.77999877929688,42.26499938964844,40.43000030517578,41.0,453429229,44.53789978027344,14.331196778483484,-0.0610614889529988,29.906902441998252,-126.28871684223876,,,1.289,437816639.0,67505272159.0,0.0064856658598276,41.78,0.3168469668337606
2022-10-04,LLOY,43.119998931884766,43.40999984741211,42.060001373291016,42.23500061035156,280583748,43.94989967346192,28.556254241927984,-0.203607270165646,37.82307582068063,-79.14772597485097,,1.301,1.301,259160259.0,67408409341.0,0.0038446280150148,43.12,0.3298905725592098
2022-10-05,LLOY,42.85499954223633,43.7130012512207,42.34000015258789,43.26499938964844,173548316,43.38889961242676,25.743096692470548,-0.3195687555940153,37.79556273935528,-69.0032637131084,,,1.301,153808765.0,67364166059.0,0.0022832430652416,42.855,0.3297414285213698
2022-10-06,LLOY,42.52999877929688,43.54999923706055,42.15999984741211,43.14500045776367,152321129,42.84589958190918,22.292981765581544,-0.4172456622860957,29.897313531056795,-69.60228045863829,,,1.301,140392321.0,67310006320.0,0.0020857570616255,42.53,0.3299650328994283
2022-10-07,LLOY,42.68000030517578,43.255001068115234,42.31499862670898,42.79999923706055,244851276,42.49139976501465,23.88535496129418,-0.4949975904030524,29.70297029702969,-62.79148684227327,,,1.301,214968223.0,67287334113.0,0.0031947799067056,42.68,0.3056041019099641
2022-10-10,LLOY,42.18999862670898,42.68000030517578,41.935001373291016,42.0,388395654,42.24049949645996,18.683637618267788,-0.5628745343696168,21.43456275159957,-69.28341687915099,,1.268,1.268,,,,,0.3043543448612288
2022-10-11,LLOY,41.494998931884766,42.01499938964844,41.31499862670898,42.0099983215332,145955871,42.0609992980957,11.83989720036387,-0.6308092173146682,21.15066157198345,-79.41260545480358,,,1.268,122363705.0,67268327459.0,0.0018190389091297,41.495,0.2830981419322669
2022-10-12,LLOY,39.09000015258789,41.07600021362305,38.75,41.0,331850142,41.78449935913086,3.5472111117744216,-0.7321514506850431,18.27611150813435,-120.286329759646,,,1.268,274008192.0,67268327459.0,0.0040733611545048,39.09,0.3339317339019593
2022-10-13,LLOY,41.77000045776367,41.98199844360352,38.505001068115234,38.90499877929688,295253645,41.88999938964844,44.93531393818992,-0.8046938012349741,35.075382766871,-83.89160182138592,,,1.268,262271436.0,67268327459.0,0.0038988844513765,41.77,0.4361512173438485
2022-10-14,LLOY,42.45000076293945,43.60699844360352,42.38999938964844,43.09999847412109,237548984,41.99599952697754,58.66171880938308,-0.8426990856293816,42.01292645403641,-24.657741458596,,1.661,1.661,185671451.0,67268327459.0,0.0027601615502208,42.45,0.4431553165488209
2022-10-17,LLOY,42.66999816894531,43.244998931884766,41.56900024414063,41.90999984741211,298575085,42.08499946594238,79.97305980021183,-0.8516342944419983,47.59502414298043,-29.5388143244704,,1.602,1.602,252458907.0,67268327459.0,0.003753012993431,42.67,0.4295587917558672
2022-10-18,LLOY,42.60499954223633,43.6150016784668,42.55899810791016,43.060001373291016,266762423,42.033499526977536,78.72500633585449,-0.8409765129522524,53.2552092819029,-7.741250003806661,,1.474,1.474,243346347.0,67268327459.0,0.0036175471606354,42.605,0.4155481804245758
2022-10-19,LLOY,40.61000061035156,41.71500015258789,40.45000076293945,40.80500030517578,264598142,41.80899963378906,40.418576578872965,-0.8485092104399554,49.57575929453203,-89.4394325650193,,1.55,1.55,226924080.0,67268327459.0,0.0033734164141112,40.61,0.4446552873595324
2022-10-20,LLOY,42.04499816894531,42.71500015258789,40.005001068115234,40.29999923706055,330100240,41.76049957275391,67.97229217298568,-0.8422199992233503,52.49333480480707,-49.054630790039134,,1.442,1.442,,,,,0.4375282944037167
2022-10-21,LLOY,41.3849983215332,42.1150016784668,40.928001403808594,41.84000015258789,186908554,41.630999374389646,55.29948448850976,-0.836207496603803,48.52666689242777,-47.79009987709744,,,1.442,172701119.0,67268327459.0,0.0025673467071893,41.385,0.4296418158068941
2022-10-24,LLOY,42.540000915527344,43.005001068115234,41.86100006103516,41.97499847412109,158492206,41.66599960327149,77.47695287149715,-0.8103503370495031,47.80636108107733,37.52174712401331,,3.465,3.465,,,,,0.4368551844661539
2022-10-25,LLOY,42.97499847412109,43.03499984741211,41.91999816894531,42.880001068115234,114760954,41.81399955749512,87.47547694907865,-0.7646233216900444,50.44809175332832,61.67982906629441,,,3.465,92174824.0,67268327459.0,0.0013702559210526,42.975,0.4370520059991965
2022-10-26,LLOY,42.54999923706055,43.68000030517578,42.1349983215332,43.46500015258789,444133025,42.159999465942384,78.16422734861915,-0.7138772347512861,50.07413071381246,67.89926863746742,,,3.465,186429592.0,67268327459.0,0.0027714319508483,42.55,0.4389887608232352
2022-10-27,LLOY,42.77999877929688,43.18000030517578,40.8650016784668,41.2599983215332,276735104,42.260999298095705,82.60866360262274,-0.65734890572678,50.36845443106723,20.10127590906824,,2.21,2.21,248642288.0,67268327459.0,0.0036962757569904,42.78,0.42412990154386
2022-10-28,LLOY,41.27000045776367,42.60900115966797,41.1150016784668,42.375,180666966,42.142999267578126,53.42994777365389,-0.6227525979877189,46.84715942100223,-35.81364762573314,,2.358,2.358,152936483.0,67268327459.0,0.0022735288474834,41.27,0.4419290269016841
2022-10-31,LLOY,42.02000045776367,42.43999862670898,41.60499954223633,41.60499954223633,167719157,42.07799949645996,67.92270353347904,-0.5903312608093592,51.79242717556425,-5.959729112096945,,2.217,2.217,148015053.0,67269682667.0,0.0022003233422804,42.02,0.4466699317786405
2022-11-01,LLOY,42.20500183105469,42.58000183105469,41.90499877929688,42.33000183105469,390847972,42.0379997253418,71.49760982459762,-0.5566756598941313,62.53522648878448,17.535974522987022,-0.11814285714285713,2.137,2.137,322114991.0,67269682667.0,0.0047884125244731,42.205,0.4467783617584008
2022-11-02,LLOY,41.775001525878906,42.57799911499024,41.54999923706055,42.53499984741211,134009654,42.15449981689453,48.16328776109921,-0.5296023558900094,50.02457529356323,-3.6273739988336766,0.13202727272727272,2.159,2.159,122522232.0,67269682667.0,0.0018213588520479,41.775,0.446368286647074
2022-11-03,LLOY,42.22999954223633,42.22999954223633,40.959999084472656,41.59999847412109,163806074,42.172999954223634,60.544188735689694,-0.4996076368938814,48.89446504084989,-16.04359892897175,-0.06101666666666667,2.276,2.276,140930898.0,67269682667.0,0.0020950135694505,42.23,0.4480778300075175
2022-11-04,LLOY,42.75,43.132999420166016,41.9900016784668,42.45500183105469,172539079,42.30950012207031,74.69386399329859,-0.459919193847313,50.39025312489068,73.38092570094716,-0.140675,1.953,1.953,146412662.0,67269682667.0,0.0021765029385492,42.75,0.4453213116314534
2022-11-07,LLOY,42.01499938964844,43.2400016784668,42.01499938964844,42.494998931884766,208317356,42.25699996948242,54.69384323303705,-0.4269137027205477,47.298532703186005,50.18439101707516,0.08022499999999999,1.882,1.882,182451210.0,67269682667.0,0.0027122353304857,42.015,0.3931399241421778
2022-11-08,LLOY,42.84999847412109,43.084999084472656,41.77000045776367,41.970001220703125,267421913,42.24449996948242,77.41491147305474,-0.3855322133711783,61.47540535089763,60.38142812993321,0.10581818181818181,1.779,1.779,199990627.0,67269682667.0,0.0029729681941566,42.85,0.3176851875738263
2022-11-09,LLOY,42.56499862670898,43.15399932861328,42.2400016784668,42.80500030517578,103256571,42.24599990844727,60.39068481641337,-0.3447383968704303,53.01974826533112,65.74570621833045,0.04257142857142858,1.81,1.81,,,,,0.3133857103676569
2022-11-10,LLOY,43.29999923706055,43.41999816894531,42.323001861572266,42.40999984741211,145619544,42.297999954223634,86.50084357023314,-0.2939391675914642,61.02476369514038,111.19233658816172,0.2622714285714286,,1.81,129015941.0,67269682667.0,0.001917891327638,43.3,0.3191689969284637
2022-11-11,LLOY,43.51499938964844,43.994998931884766,43.0,43.290000915527344,179249179,42.52249984741211,84.66453790934906,-0.2354315702753468,56.29437759074504,167.62280669320344,0.4404,1.856,1.856,163977228.0,67269682667.0,0.0024376096556263,43.515,0.2365089703919271
2022-11-14,LLOY,43.60499954223633,43.96500015258789,42.93999862670898,43.75,98066350,42.680999755859375,87.5399446685598,-0.1731870860980632,54.25676529036814,146.63542335725393,0.20928,,1.856,75589031.0,67269682667.0,0.0011236715858194,43.605,0.2364111579135402
2022-11-15,LLOY,43.71500015258789,43.82500076293945,43.27999877929688,43.60499954223633,81569717,42.83199958801269,91.05434424930836,-0.1097136284522839,58.22160244226804,146.87378853172834,0.0909857142857143,,1.856,71011399.0,67269682667.0,0.0010556226250021,43.715,0.2270550803071503
2022-11-16,LLOY,43.130001068115234,43.69499969482422,42.994998931884766,43.540000915527344,202488766,42.967499542236325,71.49924523037127,-0.0578805167549338,52.35216635364609,99.8819723120928,0.30006666666666665,,1.856,123658628.0,67269682667.0,0.0018382519895647,43.13,0.2134914117748363
2022-11-17,LLOY,44.41999816894531,44.76499938964844,42.84000015258789,43.18999862670898,217856455,43.18649940490722,90.93295156287282,0.0046525459799276,71.81439641904412,171.9347707490572,-0.40723157894736844,,1.856,177616186.0,67269682667.0,0.002640360099203,44.42,0.2371394032146137
2022-11-18,LLOY,45.47499847412109,45.66999816894531,44.53499984741211,44.65499877929688,183817838,43.45899925231934,95.85987828602622,0.0874353538604634,72.95680443346532,249.760419690375,0.13666,,1.856,168569899.0,67269682667.0,0.0025058821792643,45.475,0.2477777494019073
2022-11-21,LLOY,45.51499938964844,45.86000061035156,45.29800033569336,45.58000183105469,92791927,43.80899925231934,92.95916095370517,0.1790096065014308,72.42546606003654,217.17200072319744,0.05024000000000001,1.931,1.931,,,,,0.2434310235315307
2022-11-22,LLOY,45.56999969482422,45.97499847412109,45.3849983215332,45.52000045776367,83314627,44.08099937438965,91.9242506762246,0.2717631914001883,77.08779198374137,179.50903231325293,-0.0484,,1.931,66802386.0,67269682667.0,0.0009930533838057,45.57,0.1969235210040055
2022-11-23,LLOY,45.48500061035156,45.70500183105469,45.310001373291016,45.55500030517578,69709484,44.37299957275391,88.34725101264158,0.3584181486875765,74.5290270650971,142.08283809515092,0.35473333333333334,,1.931,55359009.0,67269682667.0,0.0008229414322353,45.485,0.1919837671506685
2022-11-24,LLOY,45.93999862670898,46.18000030517578,45.43600082397461,45.45500183105469,81675544,44.63699951171875,94.55778488047714,0.4431503284366813,74.2770215150222,140.14979563404515,-0.30652666666666667,,1.931,58181789.0,67269682667.0,0.0008649035745866,45.94,0.1931503676715715
2022-11-25,LLOY,46.310001373291016,47.35499954223633,45.79999923706055,47.35499954223633,110335789,44.91649971008301,81.28919713074612,0.5271286960840894,84.60921318846701,149.38902235452912,0.20032222222222223,2.025,2.025,83875402.0,67269682667.0,0.0012468529458538,46.31,0.1853087479428136
2022-11-28,LLOY,45.81499862670898,46.34000015258789,45.72499847412109,46.08000183105469,84750573,45.13749961853027,69.89244264527552,0.5971333914670738,75.27706141563277,104.95557660003033,,,2.025,74049442.0,67269682667.0,0.0011007847675833,45.815,0.1906625066119054
2022-11-29,LLOY,46.32500076293945,46.60499954223633,45.45000076293945,45.53499984741211,159989227,45.39849967956543,79.53101641412228,0.6614856964127274,80.87027657476739,99.35127631242736,,,2.025,146128742.0,67269682667.0,0.0021722823151012,46.325,0.1757447022625769
2022-11-30,LLOY,46.90499877929688,47.19499969482422,46.65599822998047,46.790000915527344,322356192,45.77599945068359,90.0332043461363,0.7266676082736481,80.3706715086851,120.1602073317777,,,2.025,266139311.0,67278416588.0,0.0039557903484825,46.905,0.1692835082496114
2022-12-01,LLOY,46.125,47.292999267578125,46.125,47.17499923706055,145222762,45.94649963378906,72.75748153905947,0.7748519107113102,70.07692777193509,91.62666652443995,0.25900833333333334,,2.025,134008433.0,67278416588.0,0.0019918487948466,46.125,0.1813433043512237
2022-12-02,LLOY,46.650001525878906,46.66999816894531,45.83000183105469,46.22999954223633,81679736,46.06399993896484,84.38542388347217,0.8164665885859616,71.95386720015577,78.02988357942384,0.4295857142857143,,2.025,72772667.0,67278416588.0,0.0010816643834774,46.65,0.1824394475707211
2022-12-05,LLOY,46.375,46.94499969482422,46.27099990844727,46.48500061035156,123022931,46.15,78.29458084793592,0.8455336616385432,68.7323872528977,79.02887998437036,-0.16555,,2.025,55503848.0,67278416588.0,0.0008249874300683,46.375,0.1797069829569964
2022-12-06,LLOY,46.42499923706055,46.75,45.56499862670898,45.67499923706055,153067676,46.235499954223634,79.40198381182515,0.8640829614523927,75.09517854984614,60.68657235168581,0.02965,,2.025,133690207.0,67278416588.0,0.0019871188083794,46.425,0.1794693285314036
2022-12-07,LLOY,46.23500061035156,46.59999847412109,46.06999969482422,46.095001220703125,100195784,46.31049995422363,60.28372152165856,0.8700668028393819,66.605682743062,60.11784587254732,-0.07733636363636363,,2.025,87217610.0,67278416588.0,0.0012963683514447,46.235,0.1813921659103508
2022-12-08,LLOY,45.900001525878906,46.59999847412109,45.900001525878906,46.39500045776367,97466662,46.30650024414062,29.265990393709547,0.8605334024863479,54.47842787935113,46.19143460064805,0.01750000000000001,,2.025,84804533.0,67278416588.0,0.0012605013212383,45.9,0.1850688888232352
2022-12-09,LLOY,46.43999862670898,46.43999862670898,45.81499862670898,46.20000076293945,90398849,46.31949996948242,55.25663888495087,0.8484278608978438,58.81791635301776,49.36530948429929,0.2739,,2.025,72041312.0,67278416588.0,0.0010707938095684,46.44,0.1878826847231995
2022-12-12,LLOY,45.775001525878906,46.415000915527344,45.64500045776367,46.34000015258789,88878353,46.31550025939941,22.738414129129016,0.8228013644377108,51.75065739237399,20.495081618620667,0.09444285714285715,,0.496,78454447.0,67278416588.0,0.0011661161332086,45.775,0.160250257932167
2022-12-13,LLOY,46.369998931884766,46.77999877929688,45.845001220703125,46.13999938964844,104218283,46.32000007629394,48.67111681847277,0.7976610840607424,56.95207501146208,53.00602926540111,-0.016424999999999995,,0.496,85779468.0,67278416588.0,0.001274992372744,46.37,0.1442407327823622
2022-12-14,LLOY,46.15499877929688,46.36000061035156,45.959999084472656,46.36000061035156,164442396,46.24500007629395,37.00779360171732,0.7688952167193622,51.75510437952431,23.93008695934069,0.083975,,0.496,152974535.0,67278416588.0,0.0022737534971547,46.155,0.1456056595304825
2022-12-15,LLOY,45.46500015258789,46.02899932861328,45.17499923706055,46.0,92514730,46.17900009155274,13.692205446119653,0.7266038631784533,43.44451310316091,-102.6963274171782,0.08758717948717949,,0.496,78409521.0,67278416588.0,0.001165448370763,45.465,0.155940057580661
2022-12-16,LLOY,45.18000030517578,45.64500045776367,44.619998931884766,45.22499847412109,310458569,46.03199996948242,20.950291917780653,0.671848896262062,44.90778328076771,-179.41658451119102,0.18642,0.519,0.519,,,,,0.1573236432243876
2022-12-19,LLOY,45.0,45.3650016784668,44.90999984741211,45.20500183105469,58932758,45.894499969482425,14.216274612500731,0.6077492445099476,38.78066380396872,-171.92710114438506,0.026971428571428584,,0.519,56989273.0,67278416588.0,0.0008470662047383,45.0,0.1529602705065629
2022-12-20,LLOY,45.52000045776367,45.790000915527344,44.59999847412109,44.67499923706055,256626712,45.80400009155274,34.16270748519025,0.5480638551403083,38.15226053024711,-124.2370844003832,-0.050335714285714296,,0.519,250229898.0,67278416588.0,0.0037193190727474,45.52,0.1593188481154049
2022-12-21,LLOY,46.244998931884766,46.26499938964844,45.40800094604492,45.630001068115234,68006226,45.804999923706056,70.14923673559689,0.5045918254843773,51.03626209060285,-15.906531453034711,0.14433333333333334,,0.519,62511535.0,67278416588.0,0.0009291469414746,46.245,0.1671269663365386
2022-12-22,LLOY,46.09999847412109,46.9900016784668,45.96500015258789,46.98500061035156,56008053,45.82499961853027,62.76142213000279,0.4700974267652583,44.91678160141476,49.22548234317401,-0.01248888888888889,,0.519,45179527.0,67278416588.0,0.0006715307715499,46.1,0.1628255916913824
2022-12-23,LLOY,46.02999877929688,46.34299850463867,45.84999847412109,46.21500015258789,21260125,45.783999633789065,59.832568532780016,0.4408500351974294,46.68585868653881,1.9846668423917049,-0.2294,,0.519,18217183.0,67278416588.0,0.000270773063991,46.03,0.1578415342619699
2022-12-28,LLOY,46.2400016784668,46.59199905395508,46.060001373291016,46.52000045776367,163534062,45.83049964904785,68.61928893499861,0.4187702498555973,48.27588168373152,41.53572155741776,0.209575,,0.519,72020670.0,67278416588.0,0.0010704869949755,46.24,0.1516951503793565
2022-12-29,LLOY,46.22499847412109,46.22499847412109,45.43999862670898,45.9900016784668,57363872,45.815999603271486,67.99154064083636,0.401146610598634,49.903640209742406,-20.66528302896916,0.22866666666666668,,0.519,50973096.0,67278416588.0,0.0007576441091375,46.225,0.1394944600000838
2022-12-30,LLOY,45.40999984741211,46.16999816894531,45.40999984741211,45.94499969482422,70883064,45.741499710083005,33.8912254099996,0.3733227363073399,45.67899324185676,-67.25927777119409,-0.06935999999999998,,0.519,60914088.0,67287852204.0,0.0009052761531951,45.41,0.1463444025909697
2023-01-03,LLOY,47.130001068115234,47.130001068115234,45.76499938964844,46.04999923706055,207335617,45.90799980163574,100.0,0.3671548626607713,55.036515292762765,125.15888214116416,,0.617,0.617,174990119.0,67287852204.0,0.0026006197741231,47.13,0.200595841960272
2023-01-04,LLOY,47.44499969482422,47.48500061035156,46.97499847412109,47.35499954223633,151327410,46.13449974060059,98.61348749018228,0.3790726797161347,62.84613976111779,213.38884415851197,,,0.617,116821851.0,67287852204.0,0.0017361506895156,47.445,0.200736268328317
2023-01-05,LLOY,48.31499862670898,48.470001220703125,46.85499954223633,47.375,227269311,46.46599960327149,95.99476785562908,0.4147178471857088,64.35423805732574,261.1478770728151,,,0.617,208042246.0,67287852204.0,0.0030918247378333,48.315,0.2066306942435617
2023-01-06,LLOY,48.005001068115234,48.4640007019043,47.83000183105469,48.40499877929688,307068898,46.71449966430664,87.98450070872491,0.4574752237829537,63.46435645158694,229.26144730364132,,,0.617,280179458.0,67287852204.0,0.0041638936126325,48.005,0.2060675867443257
2023-01-09,LLOY,48.25,48.685001373291016,47.85499954223633,48.22499847412109,213765647,46.91499977111816,89.35125912935317,0.5053151192355458,71.67315313710647,194.65960459499496,,,0.617,209905605.0,67287852204.0,0.0031195170914895,48.25,0.2062929302588099
2023-01-10,LLOY,48.03499984741211,48.310001373291016,47.744998931884766,47.744998931884766,101136392,47.108499908447264,84.08810123461632,0.5492508754344858,72.46262586851148,138.7930217591713,,0.662,0.662,95190682.0,67287852204.0,0.0014146785620591,48.035,0.1987826241753192
2023-01-11,LLOY,48.07500076293945,48.119998931884766,47.3380012512207,48.04999923706055,207144770,47.31300010681152,85.06731511805009,0.5878227452423767,74.73854133100093,104.2667507423477,,0.501,0.501,,,,,0.1935371584822578
2023-01-12,LLOY,48.75,48.84000015258789,47.790000915527344,48.150001525878906,163754936,47.56399993896484,97.37761732530971,0.6304400854800373,75.35321886844203,127.9811605741757,,,0.501,121966567.0,67287852204.0,0.0018126090074955,48.75,0.1868885989163461
2023-01-13,LLOY,49.6150016784668,49.97999954223633,48.755001068115234,48.9900016784668,176454914,47.90300025939941,92.01317531414912,0.6857226729120185,75.88326913002663,160.47677496522644,,,0.501,148136444.0,67287852204.0,0.0022015332507699,49.615,0.1895585074760386
2023-01-16,LLOY,49.75,49.90499877929688,49.375,49.755001068115234,185729358,48.3370002746582,94.9671869235174,0.7466365060313456,78.07693481445312,146.20820089477976,,,0.501,164374731.0,67287852204.0,0.0024428589353938,49.75,0.1888972217482823
2023-01-17,LLOY,49.5,49.90700149536133,49.31999969482422,49.900001525878906,366897570,48.57400016784668,89.49672703961109,0.8021963514498042,75.97306184263576,123.88730121564602,,,0.501,266197166.0,67287852204.0,0.0039560954508245,49.5,0.1895812277172952
2023-01-18,LLOY,49.46500015258789,50.06999969482422,49.15999984741211,49.45500183105469,118916752,48.77600021362305,87.01717678011708,0.8491011123196638,74.78862287318076,111.5626037692417,,0.917,0.917,109095941.0,67287852204.0,0.0016213318961236,49.465,0.1841392291586845
2023-01-19,LLOY,48.80500030517578,49.2869987487793,48.415000915527344,48.845001220703125,142937793,48.82500038146973,72.85408946202125,0.8756570235141367,68.04198624787124,67.95183219685586,,,0.917,122342184.0,67287852204.0,0.0018181912483859,48.805,0.192350986160582
2023-01-20,LLOY,49.275001525878906,49.5,48.87200164794922,49.09999847412109,233192896,48.95200042724609,81.53314488759715,0.8935693606988167,78.39826356908978,82.40231696918113,,,0.917,222983348.0,67287852204.0,0.003313872277034,49.275,0.1930056959878439
2023-01-23,LLOY,49.810001373291016,49.810001373291016,49.29800033569336,49.52999877929688,91787188,49.10800056457519,91.91296083379903,0.911624063611692,73.84343980103824,98.87491293744355,,,0.917,85092636.0,67287852204.0,0.0012646062136449,49.81,0.194758849304939
2023-01-24,LLOY,50.130001068115234,50.2599983215332,49.67300033569336,50.0,147224990,49.31750068664551,96.18216446336544,0.9318491738371936,73.8666950593364,110.43035598552576,,1.172,1.172,123329647.0,67287852204.0,0.0018328664530128,50.13,0.1774960738747199
2023-01-25,LLOY,50.95000076293945,51.5,49.95000076293945,50.130001068115234,174361498,49.60500068664551,86.78521378167497,0.9633331630728792,73.63231909087675,139.93942161772802,,,1.172,152740630.0,67287852204.0,0.0022699584694266,50.95,0.1808316447631501
2023-01-26,LLOY,52.5,52.66999816894531,51.0,51.20000076293945,183069130,49.98000068664551,96.81173542354826,1.0227572582270406,82.97872221329732,184.18705645735875,,,1.172,163523182.0,67287852204.0,0.0024302036198783,52.5,0.1645096843579398
2023-01-27,LLOY,52.59000015258789,52.86000061035156,52.41600036621094,52.77000045776367,107285597,50.277500534057616,95.11045836473676,1.095683390415785,82.58258447463999,189.72192600650445,,,1.172,94222131.0,67287852204.0,0.0014002844185655,52.59,0.1649646341468163
2023-01-30,LLOY,52.97999954223633,53.06999969482422,51.98199844360352,52.52999877929688,236093951,50.60050048828125,98.4298643226548,1.1769743578895264,86.17410649006504,174.93988987858722,,,1.172,214851243.0,67287852204.0,0.0031930168070846,52.98,0.1578411146695897
2023-01-31,LLOY,52.58000183105469,52.99300003051758,52.15999984741211,52.790000915527344,262819310,50.90850067138672,90.71973528306796,1.250182542720116,81.3064881701902,150.7894195808149,,,1.172,145948692.0,67406788337.0,0.0021651927884522,52.58,0.158944361409359
2023-02-01,LLOY,52.97999954223633,53.08000183105469,52.369998931884766,52.75,360728092,51.26000061035156,97.85632863467391,1.3180192129241088,80.56360544311438,136.10064366794464,,,1.172,253564070.0,67406788337.0,0.0037616993222152,52.98,0.1592957816847295
2023-02-02,LLOY,53.4900016784668,53.77000045776367,52.790000915527344,53.04999923706055,233055500,51.72850074768066,94.77126417867174,1.384065765301738,79.51258996359039,135.15158590742982,,,1.172,119589692.0,67406788337.0,0.0017741490872122,53.49,0.156335617049012
2023-02-03,LLOY,53.33000183105469,53.5,52.400001525878906,53.41999816894531,113217034,52.13400077819824,91.78340496131518,1.4398207671286611,77.1623962100759,106.7098516464274,,,1.172,95032803.0,67406788337.0,0.0014098402452418,53.33,0.1584053230582101
2023-02-06,LLOY,52.83000183105469,53.7400016784668,52.47999954223633,53.540000915527344,189494435,52.43600082397461,82.44633600255311,1.474943604373039,74.34213168074314,92.21155889798364,,2.181,2.181,167118001.0,67406788337.0,0.0024792458611808,52.83,0.1629082259847399
2023-02-07,LLOY,53.45000076293945,53.70000076293945,52.959999084472656,53.130001068115234,187980494,52.76800079345704,94.0242815652869,1.5018234294282429,76.83503748937792,94.6669191699812,,,2.181,174461527.0,67406788337.0,0.0025881892803997,53.45,0.1575302983855079
2023-02-08,LLOY,53.650001525878906,53.970001220703125,53.22999954223633,53.72999954223633,187038913,53.038000869750974,93.72303409881698,1.5218955452705818,84.78107514820641,94.14300860418976,,,2.181,76756749.0,67406788337.0,0.0011387094815473,53.65,0.1574812857223211
2023-02-09,LLOY,53.970001220703125,54.33000183105469,53.48199844360352,53.61000061035156,248265487,53.18500099182129,92.8457769600541,1.5382852078265092,84.44609881836654,97.33139063335992,,,2.181,540536879.0,67406788337.0,0.0080190273462902,53.97,0.1540829229568004
2023-02-10,LLOY,53.290000915527344,54.09999847412109,53.0099983215332,53.4900016784668,225038197,53.255001068115234,77.66801413821209,1.5371525359400304,75.00001370222651,72.78162532037013,,,2.181,203868040.0,67406788337.0,0.0030244437545483,53.29,0.1649379423123774
2023-02-13,LLOY,53.06999969482422,53.70000076293945,53.040000915527344,53.43000030517578,72370911,53.264001083374026,71.2328349551599,1.518083108272047,71.42857142857143,60.14114776195784,,,2.181,67397203.0,67406788337.0,0.0009998577986396,53.07,0.166601906651878
2023-02-14,LLOY,53.790000915527344,54.040000915527344,52.999000549316406,53.119998931884766,139594661,53.385000991821286,83.78376520723074,1.496798100964404,71.00592350401475,70.99351506265914,,,2.181,122993183.0,67406788337.0,0.0018246409009296,53.79,0.1574920804686409
2023-02-15,LLOY,52.380001068115234,53.24399948120117,50.91899871826172,53.0,217595392,53.32500114440918,42.83204387512945,1.4493329768119074,49.093663510225056,-1.3648963708353647,,,2.181,178288978.0,67406788337.0,0.0026449706683642,52.38,0.1910863619473074
2023-02-16,LLOY,52.93999862670898,53.060001373291016,52.45000076293945,52.650001525878906,88714159,53.2700008392334,59.24943020038605,1.393577973813866,52.46825567631551,26.014814786171303,,,2.181,81107798.0,67406788337.0,0.0012032586034881,52.94,0.1909980284947218
2023-02-17,LLOY,50.90999984741211,51.79999923706055,50.290000915527344,51.2400016784668,382886231,53.02800064086914,15.346504737210852,1.2999861137389874,38.14432584259844,-107.49272285022248,,,2.181,325430327.0,67406788337.0,0.0048278568824999,50.91,0.2412070892207631
2023-02-20,LLOY,51.540000915527344,51.93999862670898,51.02000045776367,51.09000015258789,112028222,52.899000549316405,30.940587047783797,1.1946734524074931,44.196422869453045,-90.89884276856444,,,2.181,92722489.0,67406788337.0,0.0013755660414561,51.54,0.243825967428464
2023-02-21,LLOY,50.970001220703125,51.560001373291016,50.73500061035156,51.560001373291016,232515990,52.651000595092775,16.831686907848642,1.0757181689651805,38.99234344805975,-141.70801415430066,,,2.181,147382209.0,67406788337.0,0.0021864594447544,50.97,0.2410757248763522
2023-02-22,LLOY,51.2599983215332,51.540000915527344,49.435001373291016,50.09999847412109,256234450,52.412000274658205,37.28287594636824,0.9566227418773812,37.4859464092594,-172.0022244025107,,5.943,5.943,187567397.0,67406788337.0,0.002782618807801,51.26,0.2143628525343359
2023-02-23,LLOY,52.0,52.310001373291016,51.07699966430664,51.29999923706055,221996856,52.21500015258789,52.400375624905024,0.8533086124030327,42.99261258987051,-73.8224553800975,,5.005,5.005,154758476.0,67389548831.0,0.0022964759177733,52.0,0.2212299568544014
2023-02-24,LLOY,51.65999984741211,52.15999984741211,51.5,52.0,340229657,52.05200004577637,45.45451003160081,0.7579324251306,43.729891573442345,-67.45383733525016,,6.662,6.662,221054053.0,67371599069.0,0.003281116316886,51.66,0.2201748804804504
2023-02-27,LLOY,51.790000915527344,52.29999923706055,51.70000076293945,51.84000015258789,124339369,51.92400016784668,48.11030279887313,0.6728779733897203,40.6108607536271,-49.15634445485425,,5.465,5.465,110728004.0,67353261192.0,0.0016439887548184,51.79,0.2192024223624723
2023-02-28,LLOY,52.619998931884766,52.93999862670898,51.31999969482422,51.400001525878906,301689386,51.80699996948242,65.0663383195851,0.6104601890045769,44.56175883775367,-18.751438542454256,,1.357,1.357,,,,,0.2170473327892275
2023-03-01,LLOY,51.959999084472656,52.88999938964844,51.959999084472656,52.619998931884766,363460753,51.76499977111816,54.12645831510482,0.5535813982212501,39.755338244352224,-18.480926820064685,-0.290405,,1.357,241606833.0,67352318782.0,0.0035872088351109,51.96,0.2261878795875962
2023-03-02,LLOY,51.34000015258789,51.869998931884766,51.02000045776367,51.79999923706055,307246676,51.60499992370605,41.36805577990893,0.4920025766848773,39.9999921749769,-78.26566542072831,-0.012257142857142855,1.358,1.358,174889861.0,67335319782.0,0.0025972975485408,51.34,0.2292905886411408
2023-03-03,LLOY,51.790000915527344,51.790000915527344,51.2400016784668,51.310001373291016,106907605,51.69300003051758,51.1400602896188,0.4367640564639233,43.58717771910056,-57.62313459613054,0.05357142857142857,0.76,0.76,84554543.0,67322278789.0,0.001255966739703,51.79,0.2303801436417264
2023-03-06,LLOY,51.77000045776367,51.9900016784668,51.16999816894531,51.7400016784668,112701267,51.71599998474121,61.30218546508484,0.3870806395273291,39.116370938403705,-50.29589827246728,0.23423124999999997,1.151,1.151,101879047.0,67305624833.0,0.0015136780507243,51.77,0.225534574357152
2023-03-07,LLOY,51.34999847412109,52.18600082397461,51.209999084472656,52.130001068115234,207997923,51.75399971008301,52.82750622979526,0.3359004190983463,43.78767820141332,-50.37511729737421,0.0156875,-1.908,-1.908,190333030.0,67288009401.0,0.0028286321990255,51.35,0.2239694328292382
2023-03-08,LLOY,51.59999847412109,51.880001068115234,50.7599983215332,50.880001068115234,243927689,51.7879997253418,61.768867257138005,0.2896880019522388,41.60400858737162,-59.568210614560094,0.12887083333333335,,-1.908,96330898.0,67272091250.0,0.0014319593193856,51.6,0.2219821018895395
2023-03-09,LLOY,51.459999084472656,51.68999862670898,51.29600143432617,51.56999969482422,148173542,51.73399963378906,57.77458767498101,0.2461179728805715,54.51559296617448,-48.87008336992919,0.11948064516129032,,-1.908,89497294.0,67253026591.0,0.0013307548899513,51.46,0.2218180068552774
2023-03-10,LLOY,49.775001525878906,50.23799896240234,48.90999984741211,49.70000076293945,255384226,51.54549980163574,21.46406800196888,0.1790440498056731,37.64870385655664,-228.28118734268452,0.029155555555555553,0.785,0.785,,,,,0.2254558461127946
2023-03-13,LLOY,47.22499847412109,50.060001373291016,47.18000030517578,50.0,389541898,51.08899955749512,0.7812184385035521,0.0596625802184629,29.479437005029965,-316.46590478686795,0.031573333333333335,,0.785,276582174.0,67156381646.0,0.0041184793942285,47.225,0.2784904426026088
2023-03-14,LLOY,48.23500061035156,48.76900100708008,46.53499984741211,47.435001373291016,225025720,50.6504997253418,26.541781216796345,-0.0702680611453501,34.63689099038325,-255.41077935251084,,,0.785,187381315.0,67124133085.0,0.0027915640230722,48.235,0.2656010276268204
2023-03-15,LLOY,46.01499938964844,48.58000183105469,45.573001861572266,48.275001525878906,259713819,50.055999755859375,5.9996975995410144,-0.2352582078561153,23.57616692636913,-242.78604613766396,,,0.785,238850579.0,67054039205.0,0.0035620610157395,46.015,0.3006338369090301
2023-03-16,LLOY,47.46500015258789,47.915000915527344,46.744998931884766,46.84999847412109,323320146,49.66849975585937,25.682083911984897,-0.3899038008292883,33.132296161498914,-161.46658036447587,,,0.785,295658016.0,67023218739.0,0.0044112774880499,47.465,0.326977987790593
2023-03-17,LLOY,46.25,48.70299911499024,45.79999923706055,47.81499862670898,587411174,49.11449966430664,9.189608194638192,-0.5484547985912135,29.51183740817362,-146.66542928931474,,,0.785,471298173.0,66947873551.0,0.0070397780840786,46.25,0.3342834731875844
2023-03-20,LLOY,46.10499954223633,46.72999954223633,43.65800094604492,44.810001373291016,275273771,48.54799957275391,26.50562184493038,-0.7022054813084376,24.62019485112731,-163.91022570886432,,,0.785,229192595.0,66893958270.0,0.003426207701373,46.105,0.3265207382137769
2023-03-21,LLOY,48.15999984741211,48.69499969482422,46.64500045776367,46.64500045776367,185822724,48.22899971008301,52.79079462721712,-0.8105007567155126,36.64793632488016,-72.16644277148225,,,0.785,149456185.0,66876697093.0,0.0022348021283432,48.16,0.3721849056021273
2023-03-22,LLOY,47.76499938964844,49.040000915527344,47.70000076293945,47.81999969482422,220510728,47.84549980163574,48.1589880674407,-0.8890831525852121,37.23670638071391,-54.857522637481146,,,0.785,206733946.0,66834431002.0,0.0030932251969619,47.765,0.3719312454568708
2023-03-23,LLOY,46.84999847412109,48.119998931884766,46.84999847412109,47.61000061035156,238689623,47.38449974060059,37.42961507700071,-0.9574945770094976,32.93020241873276,-75.23398740798324,,,0.785,221658449.0,66770334042.0,0.0033197145435961,46.85,0.3755510349118696
2023-03-24,LLOY,45.71500015258789,46.60499954223633,44.900001525878906,46.45000076293945,256017626,46.97849960327149,24.120535131179427,-1.03187070517048,30.574277520881083,-109.73503026474334,,2.554,2.554,,,,,0.3732856055954182
2023-03-27,LLOY,46.31999969482422,46.79999923706055,45.845001220703125,46.36000061035156,154546828,46.8879997253418,32.37653501893894,-1.0940822181270504,34.05200565455543,-83.71079691085716,,,2.554,138321208.0,66679416476.0,0.0020744213928414,46.32,0.3787357749155298
2023-03-28,LLOY,46.400001525878906,47.18999862670898,46.084999084472656,46.95500183105469,238545475,46.70449981689453,34.13846329207709,-1.1416379384574693,33.333349635452024,-70.75715269627506,,,2.554,218592511.0,66653416065.0,0.003279539503074,46.4,0.376193175445385
2023-03-29,LLOY,47.125,47.18000030517578,46.334999084472656,46.334999084472656,94511578,46.81549987792969,52.68997111148601,-1.1633457914440783,36.60797746394952,-56.207497550227,,2.612,2.612,,,,,0.3831458891587795
2023-03-30,LLOY,47.77000045776367,48.095001220703125,47.2400016784668,47.45000076293945,250162359,46.84599990844727,64.22991623397284,-1.1547726344385982,43.38065368939842,-23.531123355412284,,,2.612,213509176.0,66616281565.0,0.0032050599490707,47.77,0.3881339516380335
2023-03-31,LLOY,47.67499923706055,48.1349983215332,47.41299819946289,47.70000076293945,151161530,46.98849983215332,74.637649828934,-1.1265530746383243,51.773051777350446,-16.81476076156224,,3.289,3.289,134245178.0,66580235710.0,0.0020162917203346,47.675,0.3869764944398792
2023-04-03,LLOY,48.23500061035156,48.834999084472656,46.78799819946289,48.119998931884766,134199094,47.20149993896485,85.0427292876184,-1.0759967089557996,50.0,0.6512036941789464,,3.159,3.159,110994842.0,66563185917.0,0.0016675109592621,48.235,0.3908320838398224
2023-04-04,LLOY,48.10499954223633,48.83000183105469,48.03499984741211,48.3849983215332,186226167,47.19599990844726,82.62725049065853,-1.0137119912753951,60.2955618369618,33.64742949131978,,3.174,3.174,175660805.0,66528688780.0,0.0026403767791198,48.105,0.3746612424431838
2023-04-05,LLOY,48.43000030517578,48.96500015258789,48.025001525878906,48.30500030517578,122312644,47.2625,88.66591204365568,-0.9398455855616704,55.34625806950649,59.88718600683632,,,3.174,104836330.0,66495543866.0,0.0015765918120959,48.43,0.3258050232007847
2023-04-06,LLOY,49.02000045776367,49.303001403808594,48.305999755859375,48.369998931884766,143126790,47.479500198364256,94.98669755366086,-0.8510369951609393,66.48808748003529,111.72443090458307,,,3.174,114281448.0,66474538529.0,0.0017191762519741,49.02,0.3199238736088274
2023-04-11,LLOY,49.43000030517578,49.90299987792969,48.90999984741211,48.90999984741211,189565733,47.851000213623045,90.54567802206012,-0.7490374323687407,69.18637592511311,158.28029477984794,,3.253,3.253,165070731.0,66458616862.0,0.0024838123150044,49.43,0.24710283334636
2023-04-12,LLOY,49.880001068115234,50.29999923706055,49.47499847412109,49.57500076293945,251841134,48.20700035095215,92.22225283400338,-0.6352303020862233,62.18130281001417,173.2292413403697,,,3.253,243821846.0,66438418985.0,0.0036698923563344,49.88,0.2251569498994918
2023-04-13,LLOY,48.505001068115234,48.79999923706055,48.025001525878906,48.27999877929688,163910295,48.41750030517578,66.75927907842527,-0.5404778786631331,54.601997780454816,61.02962809457848,,,3.253,154337765.0,66366430466.0,0.0023255396428028,48.505,0.2505241818259663
2023-04-14,LLOY,48.935001373291016,49.18999862670898,48.220001220703125,48.345001220703125,154711084,48.598500442504886,74.72225106793908,-0.4545433928131037,63.79882039829357,78.614432140195,,3.32,3.32,127779089.0,66327760374.0,0.0019264797767857,48.935,0.1949374376883446
2023-04-17,LLOY,48.45000076293945,49.33000183105469,48.24100112915039,49.20500183105469,152695130,48.66650047302246,58.473640901108105,-0.3853425522890913,69.80447553900157,64.40856380623819,,,3.32,131576359.0,66260394923.0,0.0019857466764709,48.45,0.1845671900012508
2023-04-18,LLOY,48.82500076293945,49.244998931884766,48.69499969482422,48.79499816894531,100322887,48.78150062561035,65.00596866608684,-0.3233964792737246,68.76403364245208,75.08764960125136,,3.54,3.54,92553073.0,66224215492.0,0.0013975714519589,48.825,0.1578538820043488
2023-04-19,LLOY,49.255001068115234,49.380001068115234,48.720001220703125,48.78499984741211,100329243,48.88350067138672,73.64443559319261,-0.2616473797711244,70.32026599144314,83.62344608981971,,3.344,3.344,84935857.0,66190657267.0,0.0012832000845283,49.255,0.1584741128636416
2023-04-20,LLOY,49.005001068115234,49.834999084472656,48.834999084472656,49.56999969482422,132038364,48.97350082397461,63.12648672133818,-0.2066509859660738,64.35113814722386,83.24131861017004,,3.374,3.374,114013812.0,66150132826.0,0.0017235613464284,49.005,0.1576010758988947
2023-04-21,LLOY,48.86000061035156,49.595001220703125,48.6349983215332,49.54999923706055,111401952,49.016500854492186,58.99777331233368,-0.1606124573296191,59.008255499936006,62.793053108557125,,,3.374,105287939.0,66119119778.0,0.001592397771681,48.86,0.1511903675867176
2023-04-24,LLOY,48.90999984741211,49.3650016784668,48.59999847412109,48.70500183105469,145956656,49.00550079345703,60.42144137294303,-0.121438183880057,60.28309413941008,53.214894480118325,,5.074,5.074,,,,,0.1511903675867176
2023-04-25,LLOY,48.22999954223633,48.7239990234375,47.845001220703125,48.59999847412109,181788757,48.88550071716308,15.682225360998068,-0.0991920982779843,49.95917497958749,-10.171019547043723,,,5.074,170545578.0,66041188482.0,0.0025824123084411,48.23,0.1539687956965973
2023-04-26,LLOY,48.59999847412109,48.685001373291016,47.67300033569336,48.310001373291016,134294890,48.75750045776367,35.287343970539546,-0.0825932537139415,53.88844305854136,-17.216092184287117,,,5.074,105804218.0,66014920198.0,0.0016027318927699,48.6,0.1507097547220579
2023-04-27,LLOY,48.81999969482422,49.266998291015625,48.51499938964844,48.63999938964844,111447928,48.78900032043457,43.66196569530038,-0.0667058915699442,53.11501003642852,34.99773799974014,,,5.074,93693006.0,65994246740.0,0.0014197147573958,48.82,0.1513973933189199
2023-04-28,LLOY,48.20000076293945,48.61600112915039,47.244998931884766,48.560001373291016,227729312,48.71550025939941,31.260285946182183,-0.0618369992298172,43.48172038576348,-91.09603941781444,,,5.074,193291345.0,65954550028.0,0.0029306749104942,48.2,0.1583323779166
2023-05-02,LLOY,47.68000030517578,48.755001068115234,47.68000030517578,48.0,227428509,48.63850021362305,14.238996066679151,-0.0722848702515212,36.32812825962824,-94.73600768432826,-0.155675,,5.074,208136003.0,65908087259.0,0.0031579736517323,47.68,0.1608458557145879
2023-05-03,LLOY,45.97999954223633,48.05500030517578,45.29999923706055,47.59999847412109,359768316,48.354000091552734,14.994494554698218,-0.1187430646038897,24.50979903281238,-280.0988129422818,0.4954243243243243,5.104,5.104,296931045.0,65852819274.0,0.0045090103699969,45.98,0.1957509570139666
2023-05-04,LLOY,45.35499954223633,46.36000061035156,45.04999923706055,45.90499877929688,199743764,47.96399993896485,6.374092265451916,-0.1950372871755726,27.17390703418964,-300.0045471888642,-0.008210000000000005,4.331,4.331,158372948.0,65793295697.0,0.0024071289684189,45.355,0.1987976496847649
2023-05-05,LLOY,45.810001373291016,46.3650016784668,45.5099983215332,45.59000015258789,177734509,47.644499969482425,15.883012757910612,-0.2783288670956419,27.4368330479886,-206.5768811153037,-0.043789999999999996,2.608,2.608,142553520.0,65733208835.0,0.0021686682048008,45.81,0.2002345803772247
2023-05-09,LLOY,46.130001068115234,46.41999816894531,45.61299896240234,45.77999877929688,438134925,47.37150001525879,22.570571901664515,-0.3559001967633565,32.8402443662695,-155.00303105353817,-0.029024999999999995,,3.748,365759251.0,65704691746.0,0.0055667143590589,46.13,0.1778883942982235
2023-05-10,LLOY,46.16999816894531,46.84000015258789,45.900001525878906,46.52999877929688,144013742,47.09749984741211,23.40645700313865,-0.4243704681875873,29.33849876059432,-115.49722183406828,0.7393000000000001,3.769,3.769,,,,,0.1733505607518816
2023-05-11,LLOY,45.875,46.53499984741211,45.334999084472656,46.150001525878906,183347019,46.86199989318848,17.241395804550372,-0.4872863452066079,23.13193461035792,-118.02644733393008,-0.04622857142857143,,3.769,148534696.0,65608237957.0,0.0022639641091618,45.875,0.1718916355507239
2023-05-12,LLOY,45.560001373291016,46.29499816894531,45.560001373291016,46.040000915527344,236333824,46.55800018310547,11.221164216560563,-0.5473376761490149,22.895342164468488,-106.00384476726218,0.148,3.86,3.86,210325662.0,65570422729.0,0.0032076301058675,45.56,0.162255089506258
2023-05-15,LLOY,46.27000045776367,46.27000045776367,45.61000061035156,45.915000915527344,288425062,46.30300025939941,28.27347695093144,-0.5898704611080562,31.28611079720072,-81.10322330397666,0.025733333333333334,,3.86,241493706.0,65546945053.0,0.0036842862135639,46.27,0.1759959068530542
2023-05-16,LLOY,45.70000076293945,46.375,45.70000076293945,46.119998931884766,236238207,46.05300025939941,15.413840922474876,-0.6269429000914358,28.42741046478838,-77.73924380337628,0.4995333333333334,,3.86,216391086.0,65555872345.0,0.0033008650218427,45.7,0.1789484421933137
2023-05-17,LLOY,46.29499816894531,46.29499816894531,45.1349983215332,45.5,267678810,45.91450004577637,29.523339131819213,-0.6477277356969069,36.84565940913879,-70.66540763893252,0.1129,,3.86,158067504.0,65462360865.0,0.0024146318878718,46.295,0.1882463853517713
2023-05-18,LLOY,46.5099983215332,46.98500061035156,46.3849983215332,46.84999847412109,152617500,45.96749992370606,34.62175508679184,-0.6523077372245135,35.48609620993571,-30.60174900952944,0.0009000000000000119,,3.86,122693670.0,65452050078.0,0.0018745580902933,46.51,0.1898205953211201
2023-05-19,LLOY,46.720001220703125,46.92100143432617,46.44499969482422,46.65999984741211,143678822,46.104000091552734,45.07425528497473,-0.6416535565573359,35.39638394027209,-22.39702984633697,-0.09053333333333333,,3.86,129311897.0,65427220188.0,0.0019764235226322,46.72,0.1910547693463659
2023-05-22,LLOY,46.93999862670898,47.025001525878906,46.619998931884766,46.775001525878906,383664314,46.21699981689453,51.01210406447813,-0.617037007008519,40.72162457948399,-7.323291083491329,0.0815,,3.86,352881677.0,65402245503.0,0.0053955590406114,46.94,0.1873441159968667
2023-05-23,LLOY,47.59000015258789,47.59000015258789,46.8849983215332,47.15999984741211,162101962,46.362999725341794,84.52579077186341,-0.5731828084773931,49.349709349599095,32.08270303337197,-0.11234999999999999,,3.86,144149303.0,65399624896.0,0.0022041304247421,47.59,0.1924737833810334
2023-05-24,LLOY,46.76499938964844,47.459999084472656,46.59999847412109,47.21500015258789,382800439,46.42249984741211,67.51966670971966,-0.5314257395831437,56.49297419823444,11.830458352381797,-0.10235000000000001,,3.86,349516264.0,65335297322.0,0.005349577920759,46.765,0.1996886108055736
2023-05-25,LLOY,45.83000183105469,47.18000030517578,45.83000183105469,46.43999862670898,268083564,46.418000030517575,28.30969414075368,-0.5068781986781403,53.73723755539723,-36.66609920310768,-0.24408333333333335,,3.86,229961722.0,65268825099.0,0.0035233010805877,45.83,0.2064027438218817
2023-05-26,LLOY,45.505001068115234,46.095001220703125,45.30500030517578,46.0,261876412,46.4125,15.071383731843298,-0.4984339985816968,47.55019474900787,-89.13836880874112,-0.11274827586206898,,3.86,217963957.0,65214175121.0,0.0033422788311833,45.505,0.204829908844528
2023-05-30,LLOY,45.21500015258789,46.02000045776367,44.935001373291016,45.21500015258789,324448861,46.30699996948242,10.546098231014147,-0.5040164827808248,42.6149952585623,-112.79609206126868,,,3.86,259654215.0,65144461169.0,0.0039858218233841,45.215,0.1637496749285436
2023-05-31,LLOY,44.16999816894531,45.38600158691406,44.16999816894531,45.07500076293945,409055760,46.153999710083006,0.0,-0.5336216187119629,36.11110522423012,-194.52982731824844,,,3.86,363485029.0,65581009239.0,0.005542534846869,44.17,0.1766038789584146
2023-06-01,LLOY,44.665000915527344,45.5,44.0359992980957,44.4900016784668,411702007,45.99099998474121,17.698409290943047,-0.5676180258797965,41.82433219614138,-171.2522078698779,-0.37774,,3.86,338560495.0,65523640452.0,0.0051669976311529,44.665,0.1776465864920872
2023-06-02,LLOY,45.44499969482422,45.50199890136719,44.68000030517578,44.77999877929688,120367137,45.88450012207032,39.645471523946505,-0.588846507678452,49.26890239081796,-98.25192235382109,0.022887500000000005,,3.86,98543475.0,65520810198.0,0.0015040026932238,45.445,0.1896289880357448
2023-06-05,LLOY,44.72999954223633,45.869998931884766,44.52999877929688,45.76499938964844,121146438,45.68549995422363,19.52729536526201,-0.6110247786566956,40.216007763172826,-110.58850100551294,-0.28775,,3.86,93497144.0,65511568910.0,0.0014271852369838,44.73,0.195071213397858
2023-06-06,LLOY,45.17499923706055,45.44499969482422,44.150001525878906,44.56499862670898,302399488,45.50900001525879,32.04838675053131,-0.6241433781807192,46.6107079425466,-110.15154101816604,0.03557142857142857,,3.86,210459122.0,65474156170.0,0.0032143846413775,45.175,0.1991341968942982
2023-06-07,LLOY,45.5099983215332,45.790000915527344,45.11299896240234,45.400001525878906,149262992,45.30099983215332,41.47435759826546,-0.6241285887396077,44.75618314409354,-44.5525593477154,-0.07778048780487805,,3.86,122808310.0,65447866804.0,0.0018764295308169,45.51,0.2013622061845987
2023-06-08,LLOY,45.33000183105469,45.96500015258789,45.26499938964844,45.72999954223633,94021170,45.15750007629394,36.40974175128266,-0.6173320443955751,42.080561277600864,-35.17137722707353,0.030262499999999998,4.35,4.35,,,,,0.2006248823857889
2023-06-09,LLOY,45.26499938964844,45.775001525878906,45.18999862670898,45.5,97731521,45.10099983215332,34.58074834166971,-0.6062711649337265,40.04105564496842,-43.29501727253229,-0.06804444444444446,,4.35,79609572.0,65357545226.0,0.0012180624551414,45.265,0.199268222784958
2023-06-12,LLOY,44.97499847412109,45.56499862670898,44.97499847412109,45.40499877929688,122260019,45.04799957275391,26.42090462185776,-0.5963622930251089,36.677971957980944,-62.39660387926461,0.062033333333333336,,4.35,116110350.0,65305537288.0,0.0017779556653511,44.975,0.1912193873105253
2023-06-13,LLOY,45.29499816894531,45.400001525878906,44.755001068115234,45.05500030517578,276655969,45.05599937438965,36.7698291296273,-0.5812302780378416,33.71184288541562,-59.16013196784562,0.0625,,4.35,266895836.0,65268954420.0,0.0040891697802074,45.295,0.1888612407118258
2023-06-14,LLOY,45.28499984741211,45.375,45.0099983215332,45.35499954223633,173033551,45.16749954223633,39.72646785111523,-0.5624525193942164,38.12199317028308,-47.86844994778906,0.1826,,4.35,142083433.0,65242189864.0,0.0021777845485594,45.285,0.1821321065373854
2023-06-15,LLOY,44.95500183105469,45.23500061035156,44.77999877929688,45.23500061035156,173716601,45.19649963378906,44.63339848635029,-0.5463570229464035,42.22222222222222,-65.7298093413902,0.2051125,,4.35,144807272.0,65176243158.0,0.0022217799766236,44.955,0.1821179694353692
2023-06-16,LLOY,45.04499816894531,45.18199920654297,44.7599983215332,45.11000061035156,413600501,45.15649948120117,50.85676819959469,-0.5301053718181742,45.73280819275914,-61.73962146943846,0.0667,,4.35,380770259.0,65153640626.0,0.0058441900612388,45.045,0.1812083469982473
2023-06-19,LLOY,45.040000915527344,45.13999938964844,44.84000015258789,44.8650016784668,457173034,45.18749961853028,52.04775389775271,-0.5134792952561958,48.28599888062183,-57.77050433050624,0.03423333333333333,,4.35,121858553.0,65124678041.0,0.0018711578569844,45.04,0.1797272444615803
2023-06-20,LLOY,44.81499862670898,45.165000915527344,44.7599983215332,45.0,143254729,45.15149955749512,40.38356576147573,-0.4999095594192689,57.52627338565013,-66.68463837263715,0.1750625,3.122,3.122,126242622.0,65093967726.0,0.0019393904905504,44.815,0.1698621026009069
2023-06-21,LLOY,43.744998931884766,44.48500061035156,43.422000885009766,43.82500076293945,216406659,44.97499961853028,12.70146047594475,-0.5048986519082435,40.53493791684099,-218.62189468052384,0.011233333333333338,2.98,2.98,193133696.0,65019821696.0,0.0029703818153023,43.745,0.1675025358919023
2023-06-22,LLOY,42.90999984741211,43.560001373291016,42.90999984741211,43.27999877929688,241900678,44.73299942016602,0.0,-0.5334296785323216,24.21154346164144,-306.5629624166476,0.09617142857142857,,2.98,181298417.0,64943654936.0,0.0027916263286792,42.91,0.1772117655117899
2023-06-23,LLOY,42.31999969482422,42.7599983215332,42.17300033569336,42.65499877929688,190268748,44.4384994506836,3.876565565112419,-0.5834180035367593,24.843370097326755,-295.69965794003684,-0.2586804347826087,2.78,2.78,,,,,0.1769856598612749
2023-06-26,LLOY,41.959999084472656,42.18999862670898,41.2400016784668,42.02999877929688,307235863,44.13699951171875,15.238045259682067,-0.6486487487085377,15.834147488416022,-255.54286364285477,,,2.78,287358073.0,64807944871.0,0.0044339945290964,41.96,0.1589612002937195
2023-06-27,LLOY,42.5,42.69499969482422,42.040000915527344,42.04999923706055,175392127,43.85749969482422,26.66663975521342,-0.7099198431673097,19.34823735068467,-157.09467849908978,,,2.78,162691901.0,64730511022.0,0.0025133727268846,42.5,0.1517638359210535
2023-06-28,LLOY,42.650001525878906,42.79999923706055,42.275001525878906,42.55500030517578,139013995,43.5939998626709,31.091508155545444,-0.7614859355908707,22.540965025147315,-119.42428475963668,,2.992,2.992,130264073.0,64711501088.0,0.0020129972386648,42.65,0.1461328990736537
2023-06-29,LLOY,42.77000045776367,43.0,42.5,42.650001525878906,153320601,43.3754997253418,35.375719280419695,-0.8006158476287693,24.7213566889468,-92.42862124300704,,2.854,2.854,144059136.0,64691081675.0,0.0022268778364803,42.77,0.1402531221823609
2023-06-30,LLOY,43.59000015258789,44.10499954223633,42.93000030517578,43.209999084472656,198448419,43.22999992370605,56.49035000765691,-0.8149923664032441,37.32845181713161,-40.08733117216982,,2.777,2.777,159234914.0,64606619971.0,0.0024646841774337,43.59,0.1567335385229386
2023-07-03,LLOY,44.22499847412109,44.369998931884766,43.875,43.915000915527344,90072762,43.14849967956543,72.18858542480615,-0.8011117371517587,40.74393310409916,-0.944510048295046,,3.081,3.081,,,,,0.1672722285217762
2023-07-04,LLOY,43.880001068115234,44.435001373291016,43.880001068115234,44.32500076293945,167430547,43.054999923706056,66.08260564422568,-0.7739260568929451,38.5118477262746,-4.0403235850679,,,3.081,133413049.0,64594875839.0,0.0020653813056708,43.88,0.1689190256272739
2023-07-05,LLOY,43.83000183105469,44.26499938964844,43.52000045776367,43.70000076293945,191321250,43.06350021362304,65.70273406162937,-0.7388599212984476,40.35988305500494,-11.76360123685748,,,3.081,168322325.0,64560507183.0,0.002607202643605,43.83,0.1679209706337592
2023-07-06,LLOY,43.29999923706055,44.0099983215332,43.02899932861328,43.34999847412109,218259259,43.10250015258789,52.4840244335052,-0.7074645643661047,36.09562096910975,-34.56775594544565,,2.993,2.993,192939280.0,64511867349.0,0.0029907563976752,43.3,0.1691257409815142
2023-07-07,LLOY,43.095001220703125,43.275001525878906,42.685001373291016,43.209999084472656,92266441,43.18000030517578,47.2611440206431,-0.6816739456483993,34.98069379786047,-57.62758244478278,,,2.993,77210913.0,64483971141.0,0.0011973659753548,43.095,0.1683451885272693
2023-07-10,LLOY,43.04499816894531,43.345001220703125,42.900001525878906,42.98500061035156,84664497,43.288500213623045,55.62394713733032,-0.6599923517881043,35.95237561814754,-46.15761524822638,,,2.993,70437207.0,64466880638.0,0.0010926107530396,43.045,0.1677069537993209
2023-07-11,LLOY,43.369998931884766,43.369998931884766,42.720001220703125,42.97999954223633,237726887,43.37550010681152,66.66658706942869,-0.6353333466507969,46.62466265167799,-36.76323085971273,,,2.993,215755049.0,64445272254.0,0.0033478801695435,43.37,0.1711513239007077
2023-07-12,LLOY,44.525001525878906,44.887001037597656,43.48500061035156,43.54999923706055,376682366,43.56300010681152,90.07404509648664,-0.59022537857872,63.74468621132306,60.263077486927855,,,2.993,215931914.0,64409139802.0,0.0033525042356379,44.525,0.1980959593837883
2023-07-13,LLOY,44.72499847412109,44.84999847412109,44.07500076293945,44.380001068115234,128402399,43.75849990844726,95.55792180026128,-0.5301289533951272,71.92341396241636,85.61286733474577,,2.997,2.997,91882382.0,64405335919.0,0.0014266268576808,44.725,0.1777745470053163
2023-07-14,LLOY,44.36000061035156,44.84000015258789,44.36000061035156,44.665000915527344,135149204,43.83549995422364,81.48927275553245,-0.4684034642036632,71.85794589937255,87.9161690059897,,,2.997,122894025.0,64401563651.0,0.0019082459808891,44.36,0.1650366485616694
2023-07-17,LLOY,44.84000015258789,45.05500030517578,44.137001037597656,44.209999084472656,83672031,43.89700012207031,92.26617816565124,-0.4001669627942653,71.54697665726925,105.67454570233366,,,2.997,74734056.0,64401563651.0,0.0011604385322846,44.84,0.1679892132620181
2023-07-18,LLOY,45.68999862670898,45.83000183105469,44.744998931884766,44.994998931884766,113536894,44.077999877929685,95.79570188099984,-0.3169532645548792,74.79608772195121,165.25030146800472,,,2.997,89272219.0,64401563651.0,0.0013861809238635,45.69,0.1667726059298038
2023-07-19,LLOY,46.69499969482422,47.125,46.18000030517578,46.7599983215332,178293923,44.36449966430664,90.31530544651304,-0.2119577433864833,77.97577842440668,218.38779785388465,,2.742,2.742,150550500.0,64401563651.0,0.0023376839235744,46.695,0.1704342842002522
2023-07-20,LLOY,46.334999084472656,47.025001525878906,46.09999847412109,46.76499938964844,145067305,44.66799964904785,82.20718108390705,-0.1040743412163098,70.93821816588326,171.71687399439745,,,2.742,109726920.0,64401563651.0,0.001703792792899,46.335,0.1760962426117759
2023-07-21,LLOY,45.85499954223633,46.584999084472656,45.7869987487793,46.415000915527344,113659310,44.943999481201175,71.39637723930961,-0.007457203271466,62.73438789882227,128.3933063761856,,,2.742,103747409.0,64401563651.0,0.0016109454975692,45.855,0.1835328177685605
2023-07-24,LLOY,46.04499816894531,46.05500030517578,45.3120002746582,45.48500061035156,78816082,45.24399948120117,75.67562691218204,0.080081942093406,67.33384684644513,100.59069473543688,,,2.742,60832039.0,64401563651.0,0.0009445739443479,46.045,0.174076983372907
2023-07-25,LLOY,46.095001220703125,46.43000030517578,45.77999877929688,45.97999954223633,95683621,45.51649971008301,76.80182211992415,0.1579574774692803,68.13449474372209,106.37218352369374,,,2.742,81596624.0,64401563651.0,0.0012669975599068,46.095,0.168477336934759
2023-07-26,LLOY,45.33000183105469,45.459999084472656,43.70500183105469,44.2599983215332,313097530,45.59699974060059,59.572100807702256,0.2131285495616727,65.66360136881708,20.57220332414996,,2.061,2.061,267837076.0,64370387789.0,0.0041608740478299,45.33,0.1810827683643191
2023-07-27,LLOY,45.04999923706055,45.72700119018555,44.900001525878906,45.185001373291016,186380226,45.62949981689453,52.89440776483792,0.2462237042327465,64.91225619851545,40.63475277792314,,2.073,2.073,122906264.0,64370387789.0,0.0019093603164684,45.05,0.1800896674858306
2023-07-28,LLOY,45.125,45.47100067138672,44.810001373291016,44.8650016784668,245836995,45.705999755859374,54.59703622621118,0.2643825985916742,65.80548064012689,29.43192471060943,,0.949,0.949,184030097.0,64370387789.0,0.002858924783912,45.125,0.1798448149342
2023-07-31,LLOY,44.935001373291016,45.29499816894531,44.85499954223633,45.06499862670898,113386275,45.71549987792969,39.83519247456519,0.2685939165593772,62.14121423980093,18.77489580539145,,0.426,0.426,,,,,0.1798448149342
2023-08-01,LLOY,44.34000015258789,44.92499923706055,44.23500061035156,44.59999847412109,111305751,45.58050003051758,18.567212324824997,0.2537373227724915,48.42819519069278,-22.329705020206426,,,0.426,90131551.0,64354686801.0,0.001400543697442,44.34,0.1808121724676299
2023-08-02,LLOY,43.2599983215332,44.08000183105469,43.1349983215332,43.68000030517578,144873986,45.23699989318848,3.1328307623176905,0.2098990213717748,39.17221390488918,-95.04264286279611,,,0.426,139467316.0,64354686801.0,0.0021671664168185,43.26,0.2027352753008196
2023-08-03,LLOY,42.92499923706055,43.185001373291016,41.959999084472656,42.20000076293945,409948546,44.89599990844727,18.683445915505025,0.1443705062405337,39.34669316657048,-145.44371020728667,,,0.426,334683716.0,64294815395.0,0.0052054541869954,42.925,0.2027761790274624
2023-08-04,LLOY,43.13999938964844,43.275001525878906,42.72499847412109,43.13999938964844,119146267,44.62449989318848,22.846081239373877,0.0717832506739621,36.862446368758896,-120.40481981695213,,,0.426,81525216.0,64248325162.0,0.0012689080344808,43.14,0.1774341970089142
2023-08-07,LLOY,43.16999816894531,43.4900016784668,42.915000915527344,43.255001068115234,107514647,44.33699989318848,23.426890028907497,-0.0011081383109124,27.69913207279652,-110.99516712776288,,,0.426,96739188.0,64216186010.0,0.0015064611278056,43.17,0.1775303233682769
2023-08-08,LLOY,42.685001373291016,43.15499877929688,42.31499862670898,42.88999938964844,165406529,43.99599990844727,14.313957341688257,-0.0781043801155029,10.91620383417893,-140.00259117209552,,0.117,0.117,143319313.0,64155529635.0,0.0022339354661303,42.685,0.1792765785606768
2023-08-09,LLOY,42.77999877929688,43.43000030517578,42.69499969482422,43.19499969482422,306523528,43.74099960327148,17.72972313133446,-0.1519435501064405,13.463495722675702,-109.99231111509891,,0.79,0.79,332467251.0,64127769099.0,0.0051844506002811,42.78,0.1724623508489662
2023-08-10,LLOY,43.0,43.275001525878906,42.875,43.02000045776367,162978357,43.53599967956543,23.266233367241743,-0.216076856271568,19.001087665148248,-92.3400606856635,,,0.79,146851849.0,64122700754.0,0.0022901694294409,43.0,0.1560813598390242
2023-08-11,LLOY,42.95000076293945,43.20500183105469,42.720001220703125,42.92499923706055,135777375,43.31849975585938,22.147682508039026,-0.2710699669022372,15.341575585254844,-86.44418643838124,,,0.79,88135726.0,64090245536.0,0.0013751815937496,42.95,0.1558409667956216
2023-08-14,LLOY,42.84000015258789,43.08000183105469,42.685001373291016,42.810001373291016,574256117,43.10899963378906,23.360779830217204,-0.3185885225222563,14.033119176261025,-80.87027388688267,,,0.79,551183269.0,64035469124.0,0.0086074682756313,42.84,0.1248004442503013
2023-08-15,LLOY,42.47499847412109,42.96500015258789,42.23500061035156,42.755001068115234,98089646,42.92249946594238,13.671332672403055,-0.3640284315771621,15.393898703835234,-86.72360604990328,,,0.79,88340907.0,63975236870.0,0.0013808609599916,42.475,0.1251294872589163
2023-08-16,LLOY,42.09000015258789,42.41999816894531,42.01800155639648,42.26499938964844,168642832,42.80549964904785,3.702677566417641,-0.4110961790491283,15.011795813388076,-97.50585519929938,,,0.79,152681681.0,63914551792.0,0.0023888406742939,42.09,0.1243812159806911
2023-08-17,LLOY,42.415000915527344,42.66999816894531,41.95800018310547,41.994998931884766,121142791,42.75449981689453,13.694965785448584,-0.4505946863004938,19.75444565924504,-82.85029043138681,,,0.79,101301142.0,63854618339.0,0.0015864340690629,42.415,0.128172472244821
2023-08-18,LLOY,42.244998931884766,42.619998931884766,41.95500183105469,42.25,139696325,42.66499977111816,9.764220677218532,-0.4849636493279301,19.84301576684838,-82.66199335780638,,,0.79,116026638.0,63794867220.0,0.0018187456617767,42.245,0.1267239517196733
2023-08-21,LLOY,42.09000015258789,42.71200180053711,42.06999969482422,42.06999969482422,114254017,42.55699996948242,6.352862189797794,-0.5156834203201267,22.01490200395135,-78.74722972293269,,,0.79,104569856.0,63734998359.0,0.0016406975553837,42.09,0.1181323782884128
2023-08-22,LLOY,41.72499847412109,42.400001525878906,41.72499847412109,42.34000015258789,283173044,42.46099967956543,0.0,-0.5471536090591858,26.777587331267284,-101.672528383014,,,0.79,158282451.0,63673881888.0,0.0024858300814518,41.725,0.1191608361005253
2023-08-23,LLOY,41.869998931884766,42.25,41.76300048828125,41.90499877929688,137362304,42.369999694824216,8.215308471206113,-0.5738839544386641,33.065794082133,-98.63318884486792,,,0.79,113402781.0,63612238721.0,0.0017827195407691,41.87,0.1204283648855427
2023-08-24,LLOY,42.130001068115234,42.6349983215332,42.03499984741211,42.334999084472656,88778714,42.28299980163574,22.946280947080627,-0.5907860291043779,34.01901312811228,-71.08905907806093,,,0.79,85476950.0,63621527774.0,0.001343522436362,42.13,0.1248990153077963
2023-08-25,LLOY,41.79499816894531,42.505001068115234,41.73500061035156,42.11000061035156,89999773,42.16749954223633,4.105549539551991,-0.6046401541438533,30.15875287615735,-93.4583208087287,,,0.79,69693094.0,63602384851.0,0.0010957622762616,41.795,0.1259234256146512
2023-08-29,LLOY,42.90499877929688,42.959999084472656,42.16999816894531,42.16999816894531,192034758,42.17399940490723,69.20815471769033,-0.5967701186141484,52.68944972397127,-3.191612996893869,,,0.79,177660048.0,63602384851.0,0.0027932922392171,42.905,0.1600655688415075
2023-08-30,LLOY,42.82500076293945,43.57500076293945,42.80500030517578,43.095001220703125,110852442,42.20899963378906,59.45950961611821,-0.5756125221876824,50.55217044125893,76.81932399447807,,,0.79,103738719.0,63602384851.0,0.0016310507733794,42.825,0.1357010293739348
2023-08-31,LLOY,42.35499954223633,43.220001220703125,42.35499954223633,42.959999084472656,321802013,42.23549957275391,34.054069658347885,-0.5534223137815782,42.54336177813059,11.14888996941242,,0.946,0.946,,,,,0.1368805392096136
2023-09-01,LLOY,42.1150016784668,42.58000183105469,42.06999969482422,42.400001525878906,313465005,42.20549964904785,21.081228207280084,-0.5343157959317014,40.75306991826506,-58.03585033941683,,,0.946,304424902.0,63540750749.0,0.0047910183372328,42.115,0.137767616045872
2023-09-04,LLOY,41.97499847412109,42.57500076293945,41.79800033569336,42.31999969482422,64586808,42.17849960327148,13.513496794627263,-0.51915952639635,40.48405006685148,-75.8890310083315,,,0.946,52762315.0,63540750749.0,0.0008303697135783,41.975,0.132901902585456
2023-09-05,LLOY,41.7599983215332,42.2599983215332,41.46500015258789,41.685001373291016,66880505,42.14549942016602,13.98095182996941,-0.5095206449579246,41.86576977324509,-119.42228717297009,,,0.946,52595442.0,63540750749.0,0.0008277434776898,41.76,0.1337313393614401
2023-09-06,LLOY,41.494998931884766,41.70000076293945,41.22999954223633,41.459999084472656,102192028,42.12249946594238,11.300607748467614,-0.5069118514564103,43.04093629870756,-164.5679830000405,,0.912,0.912,83665332.0,63540750749.0,0.0013167192866589,41.495,0.1322530368812159
2023-09-07,LLOY,41.02999877929688,41.66699981689453,41.02999877929688,41.20000076293945,75967110,42.0384994506836,0.0,-0.515109589350553,34.31484195173877,-187.43587914732277,,,0.912,62189352.0,63540750749.0,0.000978731778692,41.03,0.1364043673351606
2023-09-08,LLOY,41.34000015258789,41.415000915527344,40.70500183105469,41.060001373291016,147483289,41.95949935913086,22.12538529121304,-0.5235309829936468,40.06589239473799,-178.07709855316008,,,0.912,126520093.0,63540750749.0,0.0019911645913625,41.34,0.1407551497104174
2023-09-11,LLOY,41.58000183105469,41.97499847412109,41.277000427246094,41.59999847412109,156914685,41.9379997253418,30.4878162245648,-0.5266287767390979,44.504341263336,-90.26217304172354,,,0.912,149124615.0,63540750749.0,0.0023469130163267,41.58,0.1407929770081681
2023-09-12,LLOY,42.47999954223633,42.4900016784668,41.665000915527344,41.95000076293945,165061570,41.895499801635744,61.84663316289029,-0.510668218386527,57.29468663132825,19.50979505827016,,0.396,0.396,,,,,0.1563073467755341
2023-09-13,LLOY,42.59999847412109,42.88999938964844,42.47499847412109,42.7400016784668,111797115,41.87299957275391,66.02778217140093,-0.4805205039623271,57.08736684683376,99.31973418920188,,,0.396,97364654.0,63540750749.0,0.0015323182816113,42.6,0.1557936109931608
2023-09-14,LLOY,43.22999954223633,43.35499954223633,42.3849983215332,42.630001068115234,174804740,41.9604995727539,87.97904706966013,-0.4319144454498987,59.96374658266968,139.26182479163757,,,0.396,153609649.0,63540750749.0,0.0024174981754117,43.23,0.1629134571263923
2023-09-15,LLOY,43.20000076293945,43.69499969482422,43.06999969482422,43.525001525878906,410881995,42.068999481201175,83.4448399484569,-0.3737812569799804,63.470781906851165,167.919958065652,,,0.396,375535369.0,63540750749.0,0.0059101500151209,43.2,0.1587894522161292
2023-09-18,LLOY,42.15499877929688,43.220001220703125,42.095001220703125,43.165000915527344,95176139,42.08699951171875,48.4949158597109,-0.3285445590514093,42.71844875937193,40.88456595839848,,,0.396,75162954.0,63540750749.0,0.0011829094417991,42.155,0.183351200432804
2023-09-19,LLOY,42.900001525878906,42.900001525878906,41.630001068115234,41.96500015258789,192122023,42.20099983215332,73.41141348030773,-0.2811276107891691,50.64488978718408,36.8218373851335,,1.008,1.008,,,,,0.1896125522218452
2023-09-20,LLOY,44.560001373291016,44.70000076293945,42.959999084472656,43.0,301530724,42.50750007629394,96.49563386535404,-0.2077047238958136,65.73876012895356,213.341131954669,,,1.008,258501107.0,63540750749.0,0.0040682727848327,44.56,0.2142819797974756
2023-09-21,LLOY,44.42499923706055,45.595001220703125,44.130001068115234,44.16999816894531,228768917,42.84700012207031,76.07357608020695,-0.1235112466997972,66.73909053315023,232.0456584729795,,,1.008,209862901.0,63540750749.0,0.0033028080173148,44.425,0.2145988850048195
2023-09-22,LLOY,45.34000015258789,46.05500030517578,44.24300003051758,44.34000015258789,341794656,43.24700012207031,86.63550735488103,-0.0221007210408416,71.92181542647283,220.74190548045183,,0.961,0.961,,,,,0.218657770525805
2023-09-25,LLOY,44.75,45.47499847412109,44.435001373291016,45.0,157412846,43.56399993896484,75.60746397427395,0.0754222738832478,68.57142315571392,158.18882446097518,,,0.961,103702800.0,63540750749.0,0.0016320675909173,44.75,0.2242266113335968
2023-09-26,LLOY,44.92499923706055,44.92499923706055,44.435001373291016,44.775001525878906,115017094,43.80849990844727,78.87847868403603,0.1680164313149118,71.54520987526526,124.8728037746694,,,0.961,94932212.0,63540750749.0,0.001494036675377,44.925,0.2229301943236127
2023-09-27,LLOY,44.56999969482422,45.29999923706055,44.27999877929688,44.84000015258789,146505711,44.00550003051758,72.242971329155,0.2466205963629529,72.54775900073476,106.1693291697896,,,0.961,133050389.0,63540750749.0,0.0020939379442584,44.57,0.2245677355593902
2023-09-28,LLOY,44.2599983215332,44.70000076293945,43.78499984741211,44.70000076293945,194582788,44.108499908447264,62.43193743193744,0.3068275559158345,68.59869999105855,69.50937569922489,,,0.961,98868988.0,63540750749.0,0.0015559933874649,44.26,0.2272869179955533
2023-09-29,LLOY,44.369998931884766,44.85499954223633,44.21500015258789,44.45500183105469,93860934,44.2254997253418,61.920866354536734,0.3534030285984259,68.06991762334633,73.48191252876863,,,0.961,85104733.0,63546314345.0,0.0013392552168794,44.37,0.2246126138252867
2023-10-02,LLOY,43.27000045776367,44.68999862670898,43.27000045776367,44.42499923706055,102276009,44.33699989318848,37.06213948949428,0.3706376759625533,54.987375865892304,29.33429041218526,,0.981,0.981,85909185.0,63546314345.0,0.0013519145191267,43.27,0.2409517742312141
2023-10-03,LLOY,42.81499862670898,43.5,42.67499923706055,43.03499984741211,77914964,44.32849960327148,26.77961046115172,0.3604745470411029,51.30224061818826,-16.124508760628103,,0.998,0.998,66992840.0,63546314345.0,0.0010542364366922,42.815,0.2443289332743322
2023-10-04,LLOY,42.459999084472656,42.9900016784668,42.20000076293945,42.45000076293945,254168072,44.11849937438965,18.75702055281654,0.3271863859691427,45.17544006413274,-47.52550720006825,,,0.998,249139254.0,63546314345.0,0.0039205932958974,42.46,0.2346318033116782
2023-10-05,LLOY,42.16999816894531,42.595001220703125,42.040000915527344,42.525001525878906,121200278,43.892999267578126,12.203326416589151,0.2757764039709248,43.74999131972174,-70.89888309827329,,,0.998,96720013.0,63546314345.0,0.0015220396965101,42.17,0.2359115711422736
2023-10-06,LLOY,42.625,42.90499877929688,41.8650016784668,42.18000030517578,80179745,43.62149925231934,22.485855444931712,0.2223337501656417,53.071899726937815,-66.27336604363768,,,0.998,65776105.0,63546314345.0,0.0010350892207987,42.625,0.2389681024999984
2023-10-09,LLOY,42.11000061035156,42.65499877929688,41.99800109863281,42.310001373291016,199447444,43.357499313354495,5.8472317943740935,0.1616953512045152,44.676547855905326,-85.22453238269853,,,0.998,166933536.0,63546314345.0,0.0026269585847843,42.11,0.2361344409559451
2023-10-10,LLOY,43.369998931884766,43.630001068115234,41.869998931884766,42.525001525878906,101122156,43.20199928283692,35.9188006369363,0.1194595645688061,41.524204293759766,-40.23685731488551,,0.684,0.684,94460414.0,63546314345.0,0.0014864813950839,43.37,0.2441923576362111
2023-10-11,LLOY,43.275001525878906,43.59000015258789,43.016998291015625,43.185001373291016,100458208,43.07249946594239,33.65155870038047,0.0891843479057493,41.76219350572342,-18.74171574676793,,,0.684,87138749.0,63546314345.0,0.00137126361927,43.275,0.236848414663592
2023-10-12,LLOY,43.41999816894531,43.65499877929688,42.994998931884766,43.40999984741211,159233092,42.98849945068359,43.07473326154793,0.0701029292581661,34.54103505531316,-15.723708878771893,,,0.684,146743700.0,63546314345.0,0.0023092401426038,43.42,0.2370456622062146
2023-10-13,LLOY,43.22999954223633,43.84999847412109,42.790000915527344,43.4900016784668,166940735,42.87449951171875,39.7379573197818,0.0558467499654059,36.91908696665583,-20.638563036018564,,,0.684,139829570.0,63546314345.0,0.0022004355632783,43.23,0.1901684410366021
2023-10-16,LLOY,43.5099983215332,43.8120002746582,43.2400016784668,43.40999984741211,111510390,42.8984992980957,47.88931039997157,0.0497022006473982,38.03886287711695,-7.433144864718751,,0.788,0.788,70895170.0,63546314345.0,0.0011156456630214,43.51,0.1745430913137048
2023-10-17,LLOY,43.79999923706055,44.02999877929688,43.415000915527344,43.79999923706055,141280133,42.99699935913086,64.71568364782281,0.0534774851423016,43.41879349818492,6.083069896724631,,,0.788,116558808.0,63546314345.0,0.0018342339630775,43.8,0.1771404618442746
2023-10-18,LLOY,42.84999847412109,44.0,42.84999847412109,44.0,91714127,43.0359992980957,32.94306018040086,0.0479938293054653,39.13712526736703,-34.33348539352566,,,0.788,84216680.0,63546314345.0,0.0013252803229905,42.85,0.1869187418159017
2023-10-19,LLOY,41.880001068115234,43.21500015258789,41.880001068115234,42.68000030517578,153457095,43.0069995880127,0.5309524195334316,0.0214091816091924,33.0612179227676,-103.34030414368614,,0.653,0.653,,,,,0.1985808438726451
2023-10-20,LLOY,41.584999084472656,42.040000915527344,41.35499954223633,41.54499816894531,285516284,42.90299949645996,8.59811618073827,-0.0217629280390763,37.12755670906452,-150.69788540722607,,,0.653,205994322.0,63546314345.0,0.0032416407485355,41.585,0.1986042952474973
2023-10-23,LLOY,41.415000915527344,41.8650016784668,41.16999816894531,41.6150016784668,122817827,42.83349952697754,8.566527772590739,-0.0757312035436788,38.81789302866085,-148.7380320468098,,,0.653,79568149.0,63546314345.0,0.0012521284644144,41.415,0.1975475486294275
2023-10-24,LLOY,40.57500076293945,40.93399810791016,39.41999816894531,40.0,154084778,42.553999710083005,25.054282886657997,-0.14686630557468,36.0266808584522,-213.10063590853764,,,0.653,117049498.0,63546314345.0,0.0018419557327042,40.575,0.1916210263084455
2023-10-25,LLOY,41.459999084472656,41.650001525878906,39.53799819946289,40.880001068115234,294434604,42.37249946594238,44.25164089884517,-0.2105778529429788,45.1634865347216,-145.3240168507461,,0.096,0.096,175640344.0,63546314345.0,0.0027639737380586,41.46,0.2110220746573145
2023-10-26,LLOY,41.16999816894531,41.5099983215332,40.60499954223633,41.40499877929688,195470449,42.14749946594238,37.96094942092738,-0.2704434411865702,39.8605971672834,-115.4813574265238,,0.422,0.422,161485629.0,63546314345.0,0.0025412273027083,41.17,0.209513626905732
2023-10-27,LLOY,39.755001068115234,40.93000030517578,39.60499954223633,40.755001068115234,210222754,41.79999961853027,7.266873206430536,-0.3467192607138686,35.41793331377559,-168.62515783417558,,-0.595,-0.595,145130519.0,63546314345.0,0.0022838542328681,39.755,0.2385453332857139
2023-10-30,LLOY,40.03499984741211,40.54499816894531,39.744998931884766,39.77999877929688,128456500,41.45249977111816,13.34059863432201,-0.4240247304704539,26.49749342440593,-142.99032631245026,,0.404,0.404,113700149.0,63546314345.0,0.0017892485216799,40.035,0.2408010211021421
2023-10-31,LLOY,39.93999862670898,40.380001068115234,39.869998931884766,40.16999816894531,130698761,41.06649971008301,11.27983490058619,-0.4984723354363928,26.49747917774472,-123.82680776083764,,0.726,0.726,107528046.0,63557085373.0,0.0016918341262653,39.94,0.2356550422234105
2023-11-01,LLOY,40.14500045776367,40.52000045776367,39.790000915527344,40.0,100469078,40.795999908447264,15.72672869479447,-0.5628192158793381,27.113906247417543,-102.96045930810484,0.21142,,0.726,75707561.0,63557085373.0,0.0011911742106437,40.145,0.2349154089251565
2023-11-02,LLOY,41.775001525878906,41.86000061035156,39.79499816894531,40.34000015258789,312062950,40.78549995422363,51.08466475352591,-0.590173494187361,41.535785599302656,-41.42523230656072,0.381725,,0.726,278156544.0,63557085373.0,0.0043764836346344,41.775,0.256412027135619
2023-11-03,LLOY,42.435001373291016,42.81999969482422,41.48500061035156,42.0,139741423,40.87050018310547,65.40136236805783,-0.5810325328047636,44.01115804452847,22.135540345906342,0.09866666666666667,,0.726,113901377.0,63557085373.0,0.0017921113961022,42.435,0.2638439263950587
2023-11-06,LLOY,42.130001068115234,42.584999084472656,42.005001068115234,42.43000030517578,77853902,40.942000198364255,59.170345321583845,-0.5530380575767063,40.71191009023735,21.807497421570517,0.294075,,0.726,58236344.0,63557085373.0,0.000916284056423,42.13,0.2642707247785809
2023-11-07,LLOY,42.04999923706055,42.59000015258789,41.90999984741211,42.09999847412109,83864994,41.08950004577637,69.3017047013732,-0.5147099786621534,45.0738956755327,21.4895315748252,0.21376666666666666,0.261,0.261,68321327.0,63557085373.0,0.0010749600394517,42.05,0.264043906965544
2023-11-08,LLOY,41.9900016784668,42.19499969482422,41.5,41.68000030517578,106611374,41.14250030517578,75.58830459222027,-0.4716983162324834,50.762833733144696,9.082166865462478,0.15703333333333333,,0.261,89894201.0,63557085373.0,0.0014143852014678,41.99,0.2624612849817733
2023-11-09,LLOY,42.27999877929688,42.540000915527344,41.70000076293945,41.90999984741211,90991161,41.253500366210936,84.11762725936563,-0.4223039865599244,54.82304131947864,32.27994954028506,0.48136666666666666,,0.261,71743283.0,63557085373.0,0.0011288007085119,42.28,0.2625640052608154
2023-11-10,LLOY,41.75,42.20000076293945,41.49300003051758,42.165000915527344,345691791,41.45300025939942,68.52943486407342,-0.3789917618655818,52.21413955195808,14.123694983687376,-0.3386166666666666,,0.261,330030982.0,63557085373.0,0.0051926701808796,41.75,0.2551978817867071
2023-11-13,LLOY,42.02000045776367,42.21500015258789,41.7599983215332,42.01499938964844,70595867,41.65150032043457,75.62465348686649,-0.3365906826316792,60.32881131877912,35.53915407825381,,,0.261,57695720.0,63557085373.0,0.0009077779394917,42.02,0.2433744780893419
2023-11-14,LLOY,42.255001068115234,42.345001220703125,41.45500183105469,41.970001220703125,139219947,41.8830005645752,82.42617107640903,-0.2924669706203594,56.26479360645656,48.067983356920685,0.06933333333333333,,0.261,121694280.0,63557085373.0,0.001914724051391,42.255,0.2440982769757567
2023-11-15,LLOY,43.095001220703125,43.275001525878906,42.47999954223633,42.51499938964844,157686991,42.17800064086914,95.09536218296194,-0.2355082804295187,63.95941978951935,130.83051428539534,0.5267,,0.261,124248671.0,63557085373.0,0.0019549145507667,43.095,0.2515716596144299
2023-11-16,LLOY,42.775001525878906,43.345001220703125,42.56999969482422,43.060001373291016,262838706,42.27800064086914,84.16668521032214,-0.1780593804571649,76.03449012946953,120.14884361324184,0.22693333333333332,,0.261,247785006.0,63557085373.0,0.0038986212873956,42.775,0.2529013822462541
2023-11-17,LLOY,43.375,43.51499938964844,42.415000915527344,42.77000045776367,131097373,42.37200050354004,96.24162558398174,-0.1133363341831421,77.28758770844487,121.57656894926323,-0.10725,0.583,0.583,122175242.0,63557085373.0,0.0019222914531556,43.375,0.2423860375555578
2023-11-20,LLOY,43.04999923706055,43.505001068115234,42.68999862670898,43.33000183105469,68951425,42.46400032043457,87.51676931364095,-0.0523737638925654,74.48819966670952,106.55511304576498,0.04821111111111111,,0.583,61271117.0,63557085373.0,0.0009640328319087,43.05,0.2329162420620539
2023-11-21,LLOY,42.54999923706055,43.275001525878906,42.380001068115234,42.79999923706055,97882442,42.51400032043457,74.05914419550932,-0.0048217833415641,68.09631297411056,76.26016842354892,0.22151,,0.583,80649028.0,63557085373.0,0.0012689226940897,42.55,0.1965136651748315
2023-11-22,LLOY,42.29999923706055,42.92499923706055,42.2400016784668,42.625,71422387,42.545000076293945,41.019340167698736,0.0278543318015405,54.98573743992662,53.3838316518882,0.01714,0.569,0.569,60247525.0,63557085373.0,0.0009479277510355,42.3,0.1980937624648469
2023-11-23,LLOY,42.345001220703125,42.6349983215332,42.01499938964844,42.13999938964844,109460887,42.55150032043457,43.20390506947943,0.0501481014591391,49.03225594744411,37.44043893475604,0.029625925925925924,,0.569,95433407.0,63557085373.0,0.0015015384428018,42.345,0.1979197357747927
2023-11-24,LLOY,42.47499847412109,42.619998931884766,42.01499938964844,42.35499954223633,123445468,42.62400016784668,49.514458830849456,0.0667254744485385,53.85472422050085,36.19864074435017,0.08537499999999999,,0.569,110588487.0,63557085373.0,0.0017399867591628,42.475,0.1977604020745726
2023-11-27,LLOY,42.04999923706055,42.83000183105469,41.994998931884766,42.375,113174343,42.62700004577637,28.88340345471245,0.0719182120045853,50.0,21.48553348985686,0.020325,,0.569,53387809.0,63557085373.0,0.0008399977545647,42.05,0.1440934098966471
2023-11-28,LLOY,42.45000076293945,42.57500076293945,42.13999938964844,42.38999938964844,121684970,42.64650001525879,48.300976267369855,0.0759209433183235,54.45735889675323,24.62902531635672,0.16547222222222221,0.542,0.542,,,,,0.1340075118518839
2023-11-29,LLOY,43.45000076293945,43.59999847412109,42.15999984741211,42.29999923706055,111953267,42.68199996948242,93.00708876787752,0.0947493487513331,59.9659471596097,124.4665334498644,-0.1521,,0.542,104117343.0,63557085373.0,0.0016381705106356,43.45,0.1571390383844857
2023-11-30,LLOY,43.470001220703125,43.810001373291016,43.06999969482422,43.43999862670898,290285051,42.75149993896484,85.56262341074498,0.1219863260668143,66.04478567951423,165.44506537689608,0.0,,0.542,221834832.0,63562569090.0,0.0034900230619359,43.47,0.1566667429123097
2023-12-01,LLOY,44.4900016784668,44.512001037597656,43.60499954223633,43.65999984741211,160245655,42.863000106811526,99.28036098001682,0.1690613060437273,70.21277392770182,224.0528004356587,0.17526666666666668,,0.542,131519795.0,63562569090.0,0.0020691390685259,44.49,0.1740151935562947
2023-12-04,LLOY,45.130001068115234,45.185001373291016,44.13999938964844,44.40499877929688,187178392,43.071000289917,98.27585382186932,0.2359281050837061,72.0644686825914,238.32766849550856,-0.04292,0.563,0.563,187178387.0,63562569090.0,0.0029447895149575,45.13,0.1782426341183465
2023-12-05,LLOY,45.0099983215332,45.16999816894531,44.595001220703125,44.60499954223633,103673064,43.317000198364255,94.51401511527791,0.309242463173862,66.5228338681807,202.07419244615565,-0.008788888888888902,,0.563,103695585.0,63562569090.0,0.0016313938609557,45.01,0.17004940952547
2023-12-06,LLOY,45.80500030517578,46.02999877929688,44.73500061035156,45.125,171340246,43.66750030517578,94.42382942677436,0.3947337327741017,74.16265322661111,209.7308076417156,0.11732727272727272,,0.563,171340254.0,63562569090.0,0.0026956156186417,45.805,0.1772666036115763
2023-12-07,LLOY,45.71500015258789,45.71500015258789,45.18000030517578,45.380001068115234,121355246,44.004500198364255,92.1933422894424,0.4810400830890503,70.31248033876597,168.28985235183228,0.25256249999999997,1.427,1.427,122447799.0,63562569090.0,0.0019264136228764,45.715,0.168204606462213
2023-12-08,LLOY,46.334999084472656,46.70000076293945,45.369998931884766,46.0,218162800,44.39050025939942,92.24226277537969,0.5721283219040685,77.12632214923237,169.72778160836168,0.00470000000000001,1.261,1.261,,,,,0.1637189439082223
2023-12-11,LLOY,46.1150016784668,46.422000885009766,45.40499877929688,46.28499984741211,102125509,44.79700050354004,87.56644300090483,0.6566248334959038,80.86581384810705,133.46272141055414,-0.021740000000000016,,1.261,102160742.0,63562569090.0,0.0016072468980186,46.115,0.1658633889159685
2023-12-12,LLOY,45.900001525878906,46.53499984741211,45.56499862670898,46.22999954223633,153936602,45.14200057983398,82.99683473489283,0.7276335487239817,81.35889578502659,115.57200941747296,-0.05875000000000001,,1.261,153994982.0,63562569090.0,0.002422730613389,45.9,0.1637523985911844
2023-12-13,LLOY,46.185001373291016,46.470001220703125,45.90499877929688,45.970001220703125,162422114,45.41550064086914,89.05421489425873,0.7893545623745815,82.10702714495405,108.96687869361384,,,1.261,162422121.0,63562569090.0,0.0025553108271948,46.185,0.1542234853667549
2023-12-14,LLOY,47.540000915527344,48.06999969482422,46.52899932861328,46.650001525878906,267269452,45.82250061035156,91.27574135413887,0.861837834681614,85.14920995283649,144.31307471431637,-0.02007500000000001,,1.261,267319454.0,63562569090.0,0.0042056112241387,47.54,0.1771986541890857
2023-12-15,LLOY,47.01499938964844,48.14500045776367,46.95000076293945,47.71500015258789,256590061,46.07500038146973,81.18233360331602,0.9269265938299526,83.98355477364315,125.36844628047518,0.07506153846153846,,1.261,256596749.0,63562569090.0,0.0040369159502769,47.015,0.1825144534510996
2023-12-18,LLOY,47.0,47.29999923706055,46.58000183105469,46.8650016784668,102858584,46.262000274658206,80.86883306606022,0.9816165953704928,82.87570760684594,97.20461763970998,0.2294,1.313,1.313,102888587.0,63562569090.0,0.0016186977410292,47.0,0.1838283028431968
2023-12-19,LLOY,46.72499847412109,46.97999954223633,46.58000183105469,46.79999923706055,71350424,46.43350028991699,72.01966955330842,1.0202971253347368,76.43257349368805,82.02207439093414,0.2083,,1.313,71350449.0,63562569090.0,0.0011225230512469,46.725,0.1798370613999385
2023-12-20,LLOY,47.46500015258789,47.84999847412109,46.845001220703125,47.435001373291016,152355344,46.599500274658205,85.02202273021358,1.0563963624243906,78.88645118652727,99.50172695115862,0.1186,1.101,1.101,148963909.0,63562569090.0,0.0023435791084699,47.465,0.1831517903306804
2023-12-21,LLOY,47.18999862670898,47.23500061035156,46.68999862670898,46.91999816894531,78173737,46.74700012207031,76.15476713208183,1.082190083759855,71.88001953716699,78.84313662223465,-0.02345,,1.101,78173749.0,63562569090.0,0.001229870820503,47.19,0.1745454809334584
2023-12-22,LLOY,48.04499816894531,48.06499862670898,47.15499877929688,47.30500030517578,84428889,46.918000030517575,97.18303351239132,1.1113468462093397,72.82689415823123,106.01364430646292,-0.04853333333333333,,1.101,84426530.0,63562569090.0,0.0013282428827012,48.045,0.1806820582467623
2023-12-27,LLOY,48.130001068115234,48.375,47.744998931884766,47.92499923706055,69861559,47.11949996948242,93.26925898445197,1.1399062393551145,74.56692714716186,115.84610884932418,0.381,,1.101,69861558.0,63562569090.0,0.0010990990295102,48.13,0.1673159851206271
2023-12-28,LLOY,47.970001220703125,48.22999954223633,47.810001373291016,48.16999816894531,61253154,47.32649993896485,87.32398065787118,1.1614433013963583,68.94137718819294,107.31314136491122,0.4588,,1.101,61253159.0,63562569090.0,0.0009636671373882,47.97,0.1645112847502613
2023-12-29,LLOY,47.709999084472656,47.935001373291016,47.59999847412109,47.775001525878906,63185526,47.47899971008301,77.87019370530744,1.1706545475157697,66.94984634272346,85.05739027654757,-0.27635,,1.101,63185969.0,63569225662.0,0.0009939710346003,47.71,0.166975328119733
2024-01-02,LLOY,48.06999969482422,48.22499847412109,47.709999084472656,47.84000015258789,104802741,47.531999588012695,89.730633676185,1.174732783232205,65.42220672986284,94.12252064932572,,0.15,0.15,104831427.0,63569225662.0,0.0016490908282789,48.07,0.1578876052290606
2024-01-03,LLOY,47.45500183105469,48.22999954223633,47.29999923706055,48.1349983215332,101964262,47.57599983215332,67.25986763957238,1.1628905742491198,61.12955442241315,66.60322239243742,,,0.15,101970958.0,63569225662.0,0.0016040931274227,47.455,0.1663667141786139
2024-01-04,LLOY,47.56499862670898,47.68999862670898,47.084999084472656,47.32500076293945,103495456,47.63249969482422,67.20643834093184,1.1407949989060893,64.07435138912267,45.44673864365616,,,0.15,103486597.0,63569225662.0,0.0016279354659791,47.565,0.1606199835992252
2024-01-05,LLOY,47.2599983215332,47.47999954223633,46.75,47.29499816894531,103322339,47.68599967956543,39.59906430428296,1.1059648944434424,59.056411192511234,15.050237830171774,,0.681,0.681,103322343.0,63569225662.0,0.0016253516056553,47.26,0.1629356248031921
2024-01-08,LLOY,47.56499862670898,47.56499862670898,46.93399810791016,47.28499984741211,85029299,47.69599952697754,54.87452927225278,1.0673242694942604,50.25586162466079,27.713246494965585,,0.859,0.859,85029300.0,63569225662.0,0.0013375859012677,47.565,0.1609635383240346
2024-01-09,LLOY,47.59999847412109,47.790000915527344,47.43999862670898,47.67499923706055,54516475,47.73699951171875,56.82438348478795,1.0264466437528834,56.65527321711899,50.59318108384931,,,0.859,54516469.0,63569225662.0,0.0008575921514266,47.6,0.1601597894345015
2024-01-10,LLOY,46.994998931884766,47.53499984741211,46.900001525878906,47.44499969482422,62875455,47.6319995880127,23.11963922915409,0.9743178880623116,49.949838879880375,-15.120829566296177,,,0.859,62875459.0,63569225662.0,0.0009890864383705,46.995,0.1301641585783442
2024-01-11,LLOY,45.2400016784668,47.23699951171875,45.22499847412109,47.1150016784668,225123886,47.342999649047854,0.4762919707322035,0.8876491938711515,38.51510625982071,-186.0098888589338,,,0.859,225138882.0,63569225662.0,0.0035416332298441,45.24,0.1816134227122919
2024-01-12,LLOY,44.97999954223633,46.02000045776367,44.97299957275391,45.400001525878906,103407389,47.04399948120117,0.2057603939834988,0.7777035372440947,29.239763099994136,-240.7146078248428,,,0.859,103407383.0,63569225662.0,0.001626689359877,44.98,0.1819783446721424
2024-01-15,LLOY,43.82500076293945,44.78499984741211,43.81499862670898,44.20000076293945,158625054,46.655499649047854,0.2193450267154211,0.6387319898825164,25.491632113037326,-302.589327235383,,0.381,0.381,158798953.0,63569225662.0,0.0024980476220418,43.825,0.1999734100014303
2024-01-16,LLOY,43.1150016784668,43.78499984741211,43.01499938964844,43.459999084472656,115578446,46.15999984741211,1.8657141311743288,0.4760692745577054,13.318464333985958,-263.76399762207615,,0.078,0.078,115651548.0,63569225662.0,0.0018193008770458,43.115,0.204958229288348
2024-01-17,LLOY,42.27000045776367,42.70000076293945,41.97499847412109,42.56999969482422,150656184,45.64149971008301,4.716257925939388,0.2925178833197379,10.828850551499457,-235.44400131541903,,0.622,0.622,,,,,0.1981075825128493
2024-01-18,LLOY,42.5,42.84999847412109,42.130001068115234,42.185001373291016,162393003,45.13499984741211,8.393308332992826,0.1084987428730858,13.774804389279224,-173.7569826425826,,,0.622,162399660.0,63569225662.0,0.0025546899196709,42.5,0.2020156883488757
2024-01-19,LLOY,42.665000915527344,43.119998931884766,42.380001068115234,42.790000915527344,215285260,44.675500106811526,11.031212207517056,-0.0637817836392009,16.163634521527598,-134.35612104079678,,,0.622,215285267.0,63569225662.0,0.0033866271731022,42.665,0.1859570979567806
2024-01-22,LLOY,43.41999816894531,43.875,42.959999084472656,42.959999084472656,92429369,44.26100006103516,23.101509961206578,-0.2074826326602097,20.382121343474765,-93.50112754459956,,0.629,0.629,92429360.0,63569225662.0,0.0014539953733501,43.42,0.2024769859024646
2024-01-23,LLOY,43.060001373291016,43.84999847412109,43.060001373291016,43.68000030517578,163007851,43.80700035095215,18.65868346750916,-0.3310079012808433,21.06644915245297,-85.25998250440713,,1.084,1.084,163017587.0,63569225662.0,0.0025644104565119,43.06,0.203551333429695
2024-01-24,LLOY,42.15499877929688,43.51499938964844,41.983001708984375,43.25,232089944,43.32300033569336,3.09544676875925,-0.4490964621369201,17.759221092058837,-97.843354631094,,,1.084,232134463.0,63569225662.0,0.0036516798904279,42.155,0.2102181761276412
2024-01-25,LLOY,41.525001525878906,42.0,41.255001068115234,41.9900016784668,180477468,42.95150032043457,4.131606183136995,-0.5666146589516191,17.096949421404247,-113.79785944431283,,1.086,1.086,,,,,0.2063979564628181
2024-01-26,LLOY,42.09999847412109,42.665000915527344,41.40499877929688,41.525001525878906,227073805,42.663500213623045,12.93033551240988,-0.6671496946614434,19.588165041367333,-89.23714984219457,,,1.086,227073803.0,63569225662.0,0.0035720712441482,42.1,0.2167794749825226
2024-01-29,LLOY,42.27999877929688,42.45000076293945,41.875,42.125,89192868,42.50900001525879,16.321622777391717,-0.7473774324657214,20.86524785950533,-77.30011732302074,,1.024,1.024,89192846.0,63569225662.0,0.0014030821528996,42.28,0.2198048355878995
2024-01-30,LLOY,43.01499938964844,43.05500030517578,42.400001525878906,42.42499923706055,144582087,42.49899978637696,29.421577723998737,-0.7972413489629895,28.509700092813404,-52.980297489878645,,,1.024,144582070.0,63569225662.0,0.0022744035104147,43.015,0.2308112995232727
2024-01-31,LLOY,42.53499984741211,42.81499862670898,42.3650016784668,42.4900016784668,142008721,42.5254997253418,26.86251717214414,-0.8313008996661309,33.061964878956715,-56.988162734388695,,,1.024,142008709.0,64086434019.0,0.0022158934441241,42.535,0.2308117441426748
2024-02-01,LLOY,42.33000183105469,43.40800094604492,42.0,42.125,168984386,42.50849990844726,30.453289934382862,-0.855045042859935,33.291289826481545,-52.54629023103864,,1.338,1.338,168984387.0,64086434019.0,0.0026368199383648,42.33,0.2292403778325971
2024-02-02,LLOY,42.31499862670898,43.03499984741211,42.28499984741211,42.84000015258789,89965838,42.47349967956543,40.45793857752502,-0.8693695280002588,38.88068019658913,-50.325741004779566,,1.352,1.352,89965780.0,64086434019.0,0.0014038194101005,42.315,0.1954581112934892
2024-02-05,LLOY,41.88999938964844,42.6150016784668,41.040000915527344,41.75,364068881,42.32049980163574,29.982319175217786,-0.8818381863793031,40.58413893604732,-80.74987206844072,,,1.352,364068847.0,64086434019.0,0.0056809034949902,41.89,0.1785190172399539
2024-02-06,LLOY,41.880001068115234,42.369998931884766,41.619998931884766,42.10499954223633,666773634,42.20249977111816,29.629644580436988,-0.8906396505983095,46.56084620487448,-74.66453610882542,,,1.352,666781588.0,64086434019.0,0.0104044108274508,41.88,0.1707312587758152
2024-02-07,LLOY,41.58000183105469,42.185001373291016,41.4900016784668,41.83000183105469,131726564,42.14500007629395,19.04765749255225,-0.899437565957551,41.98606503338863,-91.15821527436503,,,1.352,129839100.0,64086434019.0,0.0020259997609089,41.58,0.1584092821136086
2024-02-08,LLOY,41.51499938964844,42.01499938964844,41.42900085449219,41.58000183105469,69825516,42.143999862670896,16.754801676045307,-0.9067591315371636,39.80493611725476,-104.00409471571568,,,1.352,69832295.0,64086434019.0,0.0010896579918816,41.515,0.1584049985003162
2024-02-09,LLOY,41.400001525878906,41.70500183105469,41.22999954223633,41.40499877929688,233075851,42.07400016784668,12.811420751971156,-0.9125395773837178,29.80000274658623,-126.80099426003156,,,1.352,233075836.0,64086434019.0,0.0036368981917592,41.4,0.1567502228520007
2024-02-12,LLOY,41.400001525878906,41.91999816894531,41.185001373291016,41.64500045776367,163174147,41.98600044250488,14.54548817366054,-0.9149711964303956,32.11205355050821,-110.71147566030972,,1.622,1.622,148075987.0,64086434019.0,0.0023105668035156,41.4,0.13851026511736
2024-02-13,LLOY,41.185001373291016,41.869998931884766,41.0,41.22999954223633,141459585,41.80300064086914,7.682778264471843,-0.916521163656322,37.72153047851839,-117.99739733802828,,,1.622,141459257.0,64086434019.0,0.002207319835553,41.185,0.1385718500918075
2024-02-14,LLOY,41.43999862670898,41.76499938964844,41.09000015258789,41.09000015258789,207374101,41.69350051879883,18.27236104004321,-0.9112800073848476,48.81114597994159,-95.15317277585687,,,1.622,207368593.0,64086434019.0,0.0032357642639083,41.44,0.1402127255047838
2024-02-15,LLOY,41.58000183105469,41.72999954223633,41.04999923706055,41.685001373291016,139218909,41.618500518798825,24.08644531503716,-0.8977463957165723,41.719797067785,-83.3270171346891,,,1.622,139268907.0,64086434019.0,0.0021731417753515,41.58,0.1215453418998345
2024-02-16,LLOY,43.20000076293945,43.31499862670898,41.275001525878906,41.66999816894531,249754009,41.70700073242188,91.36212203541268,-0.8518324055077615,60.04369412777909,57.11123495491712,,,1.622,249753966.0,64086434019.0,0.0038971425048545,43.2,0.1759509903756445
2024-02-19,LLOY,42.880001068115234,43.43999862670898,42.6349983215332,43.30500030517578,74502420,41.80600090026856,77.04926746827468,-0.7911938184543168,48.37937076227138,112.52727197612346,,,1.622,74546867.0,64086434019.0,0.0011632238264013,42.88,0.1790259438632161
2024-02-20,LLOY,43.650001525878906,43.75600051879883,42.77000045776367,42.81499862670898,138030229,41.983000946044925,96.15388341921935,-0.7104167159527928,62.5140535907406,163.29558219310658,,,1.622,138030192.0,64086434019.0,0.0021538129576546,43.65,0.1832788171319909
2024-02-21,LLOY,43.290000915527344,43.93299865722656,43.08000183105469,43.78499984741211,202506236,42.15400085449219,78.07712117034393,-0.6253760673904625,60.4121361970866,149.16674589421274,,,1.622,202506194.0,64086434019.0,0.0031598917477599,43.29,0.1864634213286375
2024-02-22,LLOY,45.95500183105469,46.20500183105469,42.3650016784668,43.0,565618186,42.598001098632814,95.1969277223224,-0.498177190393102,75.06889838768578,244.25446528547292,,-1.584,-1.584,565618163.0,64086434019.0,0.0088258641888595,45.955,0.283701128027411
2024-02-23,LLOY,45.494998931884766,46.20000076293945,45.3849983215332,45.9900016784668,208409892,43.0075008392334,86.35921903170485,-0.357425958877455,74.70869473592836,252.19709135776296,,2.644,2.644,193326725.0,64066087405.0,0.0030176140424787,45.495,0.2836392440577184
2024-02-26,LLOY,45.915000915527344,46.19499969482422,45.48500061035156,45.48500061035156,269141007,43.459000778198245,94.42841856851796,-0.2080432538300827,76.18427573532506,207.1157434109219,,,2.949,252424243.0,64044978005.0,0.0039413588834442,45.915,0.2778939570418905
2024-02-27,LLOY,46.310001373291016,46.525001525878906,45.494998931884766,45.560001373291016,205541890,43.97150077819824,96.10859559801318,-0.0543052223706073,80.32048319456162,175.69088806109377,,2.118,2.118,,,,,0.2777596075402174
2024-02-28,LLOY,46.57500076293945,46.7509994506836,46.21500015258789,46.21500015258789,229599208,44.48500099182129,96.9396851929238,0.09845512473484,81.62499350309682,159.17031578084135,,,2.118,231779140.0,64004577237.0,0.0036212900702672,46.575,0.2722720174025728
2024-02-29,LLOY,46.56999969482422,47.505001068115234,46.542999267578125,46.57500076293945,467442708,44.98400077819824,85.62642244789171,0.2422905401426812,82.76295037803665,144.77755114187366,,3.65,3.65,467447853.0,64071230543.0,0.0072957526964662,46.57,0.2722360064943628
2024-03-01,LLOY,47.369998931884766,47.75,47.02000045776367,47.02000045776367,207501949,45.401000595092775,94.37035454644098,0.3852031825546461,84.3497877335403,137.82344673089355,,2.203,2.203,207534792.0,64052454759.0,0.0032400755409118,47.37,0.2704040566680022
2024-03-04,LLOY,47.39500045776367,47.630001068115234,46.900001525878906,47.040000915527344,344381130,45.85250053405762,94.7014999729555,0.519566660634432,86.5293735913682,115.57890692099896,,,2.203,344421068.0,64020390692.0,0.0053798651379214,47.395,0.2691140235553101
2024-03-05,LLOY,47.79999923706055,47.95299911499024,46.95500183105469,47.15499877929688,148437130,46.26750030517578,97.78357408901512,0.6468054540583994,86.76297039798055,108.20705864374553,,,2.203,151749316.0,63988504845.0,0.0023715090134952,47.8,0.2679075114480541
2024-03-06,LLOY,48.400001525878906,48.59000015258789,47.89799880981445,47.97499847412109,311140311,46.778500366210935,97.40261568860385,0.7710070509890763,87.43135854185736,115.36262008413937,,1.884,1.884,311140242.0,63961085793.0,0.0048645240796404,48.4,0.2670471432758735
2024-03-07,LLOY,48.60499954223633,49.04999923706055,48.27000045776367,48.55500030517578,225634715,47.043500137329104,93.34330804276571,0.8883074816484205,85.12016656751933,113.1825188915832,,,1.884,225664996.0,63933176409.0,0.0035297009889881,48.605,0.2645645961162001
2024-03-08,LLOY,48.55500030517578,49.07500076293945,48.34000015258789,48.709999084472656,149173020,47.349500274658205,92.25036469875258,0.9923109715194944,88.2154477371545,103.85584813017743,,,1.884,149173019.0,63899185268.0,0.0023345058058933,48.555,0.2660735040742042
2024-03-11,LLOY,49.04999923706055,49.130001068115234,48.2599983215332,48.42499923706055,154132465,47.66300010681152,98.81741554659853,1.088163903140687,87.76219355065888,100.70841472843232,,,1.884,154135699.0,63867090519.0,0.0024133821933558,49.05,0.2398552458685003
2024-03-12,LLOY,49.54999923706055,50.02000045776367,49.10499954223633,49.36000061035156,212228896,47.98699989318848,93.86020515151152,1.1793805160173885,92.93548874926675,116.27833261269096,,,1.884,212182703.0,63841213224.0,0.0033236007319521,49.55,0.2344188711293447
2024-03-13,LLOY,49.255001068115234,50.0099983215332,48.95000076293945,49.67499923706055,246059054,48.25499992370605,83.49516640631816,1.2555148782968613,83.53656409115263,104.24904015908,,,1.884,246059014.0,63812574941.0,0.0038559643491506,49.255,0.2354393600839105
2024-03-14,LLOY,49.33000183105469,49.619998931884766,48.95500183105469,49.20000076293945,145097694,48.5310001373291,84.78503528279651,1.31653991001363,92.28228256014562,95.00984775473918,,,1.884,145129238.0,63788420720.0,0.002275165874337,49.33,0.2300011654367249
2024-03-15,LLOY,49.56999969482422,49.92399978637695,49.13999938964844,49.13999938964844,350528629,48.75100021362304,90.05523511172633,1.3657240380315818,91.96328777298544,97.28924814599428,,,1.884,350557766.0,63769331289.0,0.0054972783768311,49.57,0.1040030907109419
2024-03-18,LLOY,49.38999938964844,49.70000076293945,49.12900161743164,49.39500045776367,119224181,48.950500106811525,83.44281162715623,1.3989236426629803,87.19808343507405,86.82684091574212,,,1.884,120906087.0,63750845210.0,0.0018965409258767,49.39,0.0948175316924521
2024-03-19,LLOY,49.54499816894531,49.59999847412109,48.79499816894531,49.20000076293945,126334621,49.125,86.33873666310102,1.4196485646153845,86.84864909379529,76.64471169676204,,,1.884,127144347.0,63728696183.0,0.0019950878429224,49.545,0.0936505977698491
2024-03-20,LLOY,50.040000915527344,50.22999954223633,49.47999954223633,49.540000915527344,134881078,49.28899993896484,94.29433213546422,1.4361299759577135,88.38499776350548,97.8290673889343,,0.943,0.943,136687237.0,63713913231.0,0.002145327920833,50.04,0.0942189933278402
2024-03-21,LLOY,51.4900016784668,51.88999938964844,50.63999938964844,51.11000061035156,184094142,49.57750015258789,91.98401037231156,1.4689483388350282,89.84530179652383,158.50450224717753,,0.435,0.435,,,,,0.1281330825320413
2024-03-22,LLOY,52.18000030517578,52.66999816894531,51.43000030517578,51.77000045776367,162388748,49.94000015258789,91.42610362633432,1.5179464883199114,91.00260262589984,181.5170591750828,,,0.435,162386901.0,63706486188.0,0.0025489853658038,52.18,0.1312918982891652
2024-03-25,LLOY,51.72999954223633,52.25,51.66999816894531,52.0,237240308,50.20800018310547,80.3017864009062,1.5638780441866362,83.41838555189223,155.5728976244486,,,0.435,237240316.0,63701527100.0,0.0037242484882281,51.73,0.1395358045122094
2024-03-26,LLOY,51.61000061035156,52.11000061035156,51.4900016784668,51.52999877929688,260161808,50.41400032043457,75.96377334988387,1.6000008032503792,79.72224733959887,135.98278455347608,,0.46,0.46,260161825.0,63676847411.0,0.0040856580621963,51.61,0.1409412450123627
2024-03-27,LLOY,51.66999816894531,52.2599983215332,51.34400177001953,51.459999084472656,211685995,50.65550003051758,77.32426225395851,1.6253924843143943,79.16272553382237,125.51818272459096,,,0.46,213698110.0,63652400185.0,0.0033572671160695,51.67,0.1343876503116433
2024-03-28,LLOY,51.7599983215332,52.540000915527344,51.56999969482422,52.22999954223633,248468932,50.89849967956543,79.36508211114523,1.6404583613200714,80.26441391562702,117.60180064322589,,,0.46,248611158.0,63692442233.0,0.0039033070374429,51.76,0.1337465420002372
2024-04-02,LLOY,51.959999084472656,52.400001525878906,51.31999969482422,51.31999969482422,174801073,51.13749961853027,81.67744298135081,1.647714405145308,79.10002067567495,99.50167157023068,-0.06237142857142857,,0.46,174801107.0,63670560863.0,0.0027453992022485,51.96,0.1298962906213625
2024-04-03,LLOY,52.380001068115234,52.47999954223633,51.560001373291016,51.560001373291016,145222987,51.43649978637696,92.51620384954636,1.6526404349483257,78.76019191345907,97.63383647494275,-0.37077499999999997,,0.46,145222986.0,63649533359.0,0.002281603310128,52.38,0.1301049451275666
2024-04-04,LLOY,53.959999084472656,54.119998931884766,52.5,52.81999969482422,177550360,51.87799987792969,96.99530846031676,1.6772890701940182,87.91296954450472,144.05601359316535,0.1311,,0.46,177549451.0,63641692188.0,0.0027898291968025,53.96,0.1598957569815555
2024-04-05,LLOY,53.31999969482422,53.73799896240234,52.880001068115234,53.400001525878906,121464585,52.205999755859374,84.97654230158383,1.69897363270661,79.4682410799712,119.32514980673562,-0.046000000000000006,,0.46,121500072.0,63640732876.0,0.0019091557640722,53.32,0.1698815467681182
2024-04-08,LLOY,53.720001220703125,54.27999877929688,53.2400016784668,53.29999923706055,162777728,52.428999710083005,89.79038293018792,1.7201731174050785,79.94228963294137,125.5430561900856,0.08623333333333334,1.418,1.418,162782751.0,63626442288.0,0.0025584135329015,53.72,0.1690025890489226
2024-04-09,LLOY,52.86000061035156,53.84000015258789,52.70000076293945,53.619998931884766,131247089,52.496999740600586,74.11124866120484,1.7223158227603788,72.79895494346628,90.9459652270472,0.08042000000000002,1.515,1.515,131247135.0,63607969630.0,0.0020633756393019,52.86,0.1825714602344169
2024-04-10,LLOY,53.119998931884766,53.70000076293945,52.45800018310547,53.119998931884766,148196613,52.63599967956543,75.8333326710594,1.7126243990796195,73.16915549081531,83.82861949198558,-0.009688235294117645,1.57,1.57,,,,,0.1796546029135322
2024-04-11,LLOY,50.65999984741211,51.619998931884766,50.31999969482422,51.2599983215332,276328543,52.54099960327149,8.585864424086543,1.6528723469529414,53.20247498278854,-31.704195512242485,-0.0673818181818182,,1.57,276344081.0,63536349208.0,0.0043493855791954,50.66,0.2525570027928198
2024-04-12,LLOY,50.97999954223633,51.720001220703125,50.97999954223633,51.040000915527344,180436946,52.47199974060059,16.666666666666668,1.566213741876069,47.01752977027033,-19.19305136527492,-0.01630000000000001,1.364,1.364,180436961.0,63481320856.0,0.0028423630536815,50.98,0.2524967049771756
2024-04-15,LLOY,51.15999984741211,51.74700164794922,50.91999816894531,50.959999084472656,160595956,52.41199989318848,21.21212996946315,1.466535499761747,43.6567112837742,-24.57752185235292,-0.4019,,2.026,160595984.0,63452732134.0,0.0025309545956327,51.16,0.2506768231013445
2024-04-16,LLOY,49.70000076293945,50.380001068115234,49.41999816894531,50.02000045776367,190548937,52.18600006103516,5.7613695232413935,1.337286135806424,38.78453145799068,-120.1883547745935,0.017511111111111106,,2.026,190548916.0,63410241956.0,0.0030050179611713,49.7,0.2493635284203368
2024-04-17,LLOY,50.41999816894531,50.84199905395508,49.619998931884766,49.66999816894531,154369436,51.98999977111816,20.5761291031538,1.204716823294819,43.83418034160734,-98.10774383499918,-0.3006625,2.776,2.776,154380137.0,63362950382.0,0.0024364417387334,50.42,0.250261226130499
2024-04-18,LLOY,51.0,51.29999923706055,50.619998931884766,50.720001220703125,102401053,51.6939998626709,32.510321659000645,1.0835239309060118,46.70600644260099,-62.776027734437136,0.148,,2.776,102415806.0,63353472450.0,0.0016165776245466,51.0,0.252946676111926
2024-04-19,LLOY,50.91999816894531,51.08000183105469,50.20000076293945,50.70000076293945,139824478,51.45399971008301,30.86419365473069,0.9720687372304202,45.86614091927448,-88.20523656785264,-0.09708571428571429,2.74,2.74,139824492.0,63332276986.0,0.002207791960976,50.92,0.2528925256583126
2024-04-22,LLOY,51.13999938964844,51.90800094604492,51.09600067138672,51.41999816894531,167919394,51.19599952697754,35.39096717476963,0.8738540595852877,45.97249670804377,-36.85099838553657,0.2748230769230769,-0.755,-0.755,167954572.0,63317832568.0,0.0026525635068071,51.14,0.2534241402396548
2024-04-23,LLOY,51.34000015258789,51.68600082397461,50.880001068115234,51.380001068115234,199643448,51.04399948120117,39.50620869374107,0.7902860617696833,44.7791113899364,-39.52590338576971,0.32662857142857143,,-0.755,199643091.0,63304927898.0,0.0031536737759448,51.34,0.2537831472736713
2024-04-24,LLOY,51.77999877929688,53.220001220703125,49.61000061035156,50.2599983215332,309563793,50.909999465942384,48.55967724211551,0.7254977909696284,37.64172119838589,-19.52177175358594,0.14523714285714287,-1.737,-1.737,309623699.0,63280455832.0,0.0048928803519052,51.78,0.2553484778773555
2024-04-25,LLOY,51.20000076293945,52.2400016784668,50.91999816894531,51.41999816894531,133826433,50.96399955749512,36.62556317797209,0.6649695116275922,37.899547157026646,-24.61001019034888,0.33115384615384613,-2.021,-2.021,133829316.0,63251838579.0,0.0021158170103284,51.2,0.2563760949235069
2024-04-26,LLOY,52.29999923706055,52.59999847412109,51.08000183105469,51.119998931884766,196220536,51.095999526977536,65.15836596393991,0.626318538001892,42.49470035054102,15.99358294255672,0.3484875,-2.726,-2.726,196220574.0,63222878824.0,0.0031036323819774,52.3,0.2408232118980173
2024-04-29,LLOY,51.880001068115234,52.92499923706055,51.720001220703125,52.68000030517578,174654445,51.16799964904785,57.47666841655399,0.5952776515437453,44.56762571277168,28.62035228265956,,,-2.726,174655482.0,63209719744.0,0.0027631111592862,51.88,0.239985058851796
2024-04-30,LLOY,51.900001525878906,52.619998931884766,51.47999954223633,51.880001068115234,128009937,51.3879997253418,65.26319382260468,0.5695961722933865,43.052402587217806,14.957061542362291,,-1.576,-1.576,128804337.0,63183794687.0,0.0020385660221591,51.9,0.2339371422945503
2024-05-01,LLOY,52.20000076293945,52.13999938964844,51.97999954223633,52.09999847412109,32667879,51.56599998474121,73.15790424716006,0.5521082189507888,61.63143543360809,23.099521682226293,,-1.378,-1.378,90401599.0,63156927517.0,0.001431380571445,52.2,0.2342368650955375
2024-05-02,LLOY,52.060001373291016,52.7400016784668,51.70000076293945,52.0,106053192,51.67200012207032,69.47371274148018,0.5371805815170775,58.385114138914325,35.6815314811399,,,-1.378,106053262.0,63129688354.0,0.0016799269054728,52.06,0.1616914066216604
2024-05-03,LLOY,52.18000030517578,52.91999816894531,51.7400016784668,52.380001068115234,86284744,51.79800033569336,72.63157683396443,0.5253304015821599,57.993742215886975,52.8469053866508,,,-1.378,86284756.0,63097963568.0,0.0013674729122915,52.18,0.1607019680306296
2024-05-07,LLOY,53.720001220703125,54.20299911499024,52.91999816894531,52.97999954223633,376963776,52.056000518798825,89.48403980973849,0.5394027993287935,81.11457740977141,172.3202876576075,,0.173,0.173,376963836.0,63076486269.0,0.0059762973224661,53.72,0.1893424618342454
2024-05-08,LLOY,53.93999862670898,54.380001068115234,53.560001373291016,53.84000015258789,369327358,52.316000366210936,90.77563104443522,0.571265790253697,79.53022861959693,187.9476761340918,,0.172,0.172,369327324.0,63071841869.0,0.0058556609900039,53.94,0.1893863654772073
2024-05-09,LLOY,53.93999862670898,54.43999862670898,53.59999847412109,54.15999984741211,236469110,52.53200035095215,89.6480288748218,0.6113072393951209,77.3234406342332,176.02722837610443,,-0.292,-0.292,,,,,0.1498960128048561
2024-05-10,LLOY,54.29999923706055,54.63999938964844,53.59999847412109,54.27999877929688,87842052,52.84200019836426,93.2405519860699,0.6587260554023133,79.85870773245591,162.95340704047774,,,-0.292,87845111.0,63064000816.0,0.0013929517611212,54.3,0.1452388632317336
2024-05-13,LLOY,54.29999923706055,54.540000915527344,54.09999847412109,54.18000030517578,274070760,53.042000198364256,93.2405519860699,0.706781719419804,79.04416430994186,147.7506365389077,,,-0.292,274070813.0,63055103880.0,0.0043465286096678,54.3,0.1428170054275377
2024-05-14,LLOY,54.540000915527344,54.63999938964844,53.880001068115234,54.18000030517578,141611290,53.30800018310547,98.01195828252123,0.7549355782185536,79.19713034101912,127.75231981338848,,-0.283,-0.283,141611333.0,63058054633.0,0.00224572949204,54.54,0.1417553113097084
2024-05-15,LLOY,54.5,55.040000915527344,54.20000076293945,54.7599983215332,267073545,53.56800003051758,86.89319039956149,0.7982678366197306,76.7716961154623,120.17600223460516,,,-0.283,267153545.0,63045591902.0,0.0042374658868342,54.5,0.1424898370460126
2024-05-16,LLOY,55.02000045776367,55.220001220703125,54.15999984741211,54.52000045776367,128477030,53.85,95.1690629848997,0.8427833504400906,88.0478311683772,114.70046054854,,,-0.283,128477085.0,63030220349.0,0.0020383410416244,55.02,0.1442404014935168
2024-05-17,LLOY,55.52000045776367,55.560001373291016,54.91999816894531,55.0,207520212,54.19599990844726,99.0195858437396,0.8917632632848769,86.42536826515781,124.971405899102,,,-0.283,297520247.0,63024216217.0,0.0047207290285943,55.52,0.144492750475328
2024-05-20,LLOY,56.20000076293945,56.43999862670898,55.65999984741211,56.0,188240464,54.59799995422363,95.16133249861178,0.949790265837316,96.15383988379844,145.0404661837816,,,-0.283,188240525.0,63024216217.0,0.0029867967631975,56.2,0.136535951340346
2024-05-21,LLOY,56.18000030517578,56.540000915527344,55.65999984741211,55.97999954223633,221100062,54.8439998626709,92.56197109499936,1.0079620778272833,95.72647970304052,131.29147257284674,,,-0.283,221088961.0,63023767795.0,0.0035080251266338,56.18,0.1367043209400892
2024-05-22,LLOY,56.380001068115234,57.39099884033203,55.59999847412109,55.93999862670898,280264588,55.08800010681152,82.23514120953628,1.0640687369563948,95.63317286068865,134.73745729517768,,,-0.283,280264684.0,63018847635.0,0.0044473152797599,56.38,0.1214473410108851
2024-05-23,LLOY,55.77999877929688,56.7400016784668,55.5629997253418,56.41999816894531,345190110,55.27200012207031,71.49175596996034,1.1039418805176662,86.90470153427889,105.69094918736958,,,-0.283,345190237.0,63005122765.0,0.0054787646123238,55.78,0.1251169926250108
2024-05-24,LLOY,54.79999923706055,56.119998931884766,54.220001220703125,55.220001220703125,210793024,55.32200012207032,42.04877624257068,1.1133985277615888,72.20336068059311,51.809684605947744,,-0.263,-0.263,210793047.0,62964267208.0,0.0033478202216449,54.8,0.145717965738341
2024-05-28,LLOY,55.58000183105469,56.040000915527344,54.81999969482422,54.959999084472656,327523091,55.45000038146973,52.72779413565833,1.1132017966723278,68.09336644347502,69.13053337547741,,,-0.263,327522983.0,62921514463.0,0.0052052622349481,55.58,0.1511709845208394
2024-05-29,LLOY,54.7400016784668,55.91999816894531,54.68000030517578,55.47999954223633,167372186,55.47000045776368,30.07130293382492,1.0910259041212793,56.94445916161573,42.94499281362376,,,-0.263,167371210.0,62904622226.0,0.0026607140155564,54.74,0.1635067803082851
2024-05-30,LLOY,55.540000915527344,55.71099853515625,53.68000030517578,54.220001220703125,166530625,55.57400054931641,51.17389221846108,1.0665132477684864,62.19512266037553,28.47389142192382,,,-0.263,166530680.0,62879650744.0,0.0026484033869397,55.54,0.1689951764054332
2024-05-31,LLOY,55.52000045776367,55.959999084472656,55.15999984741211,55.65999984741211,352448889,55.624000549316406,49.58234650745876,1.039071052039102,59.80706981376699,60.63948485714154,,-1.181,-1.181,352448906.0,62876536444.0,0.0056054122242229,55.52,0.1374228017442259
2024-06-03,LLOY,55.400001525878906,56.540000915527344,55.400001525878906,56.20000076293945,137984236,55.61200065612793,46.34874426407461,1.0069484770458546,58.675086266805856,72.58359083922177,0.29934,,-1.181,137984334.0,62865397826.0,0.0021949170572644,55.4,0.1379447578908693
2024-06-04,LLOY,55.63999938964844,56.20000076293945,54.91999816894531,55.5,262438113,55.556000518798825,52.815948750842914,0.9751102359480454,58.67506140214706,50.31061845149608,0.08895000000000003,-1.045,-1.045,262438670.0,62846459220.0,0.0041758704190686,55.64,0.1369981457171509
2024-06-05,LLOY,54.7400016784668,55.959999084472656,54.619998931884766,55.91999816894531,147742816,55.41200065612793,28.56377773391885,0.9285378117215198,51.66667814607851,-3.947454322140606,0.08559166666666666,,-1.045,147742753.0,62813822358.0,0.0023520739138904,54.74,0.1503453678130887
2024-06-06,LLOY,55.63999938964844,55.7400016784668,54.36000061035156,54.65999984741211,135516703,55.33800048828125,52.815948750842914,0.8874143027391264,54.08970378717004,4.663940032791498,0.2003,,-1.045,147838565.0,62785730128.0,0.0023546523182672,55.64,0.1606707527773196
2024-06-07,LLOY,54.79999923706055,56.09999847412109,54.5,55.65999984741211,116265881,55.240000534057614,30.18052745842996,0.8364375220253993,45.45453669720352,-17.276608173058182,0.23769090909090912,,-1.045,116265896.0,62766157486.0,0.0018523659987618,54.8,0.1702439232415139
2024-06-10,LLOY,54.220001220703125,55.13999938964844,53.59999847412109,54.119998931884766,157631432,55.18200073242188,16.354594742540662,0.7707972486479039,37.340149709873096,-126.97622042640045,0.263075,,-1.045,230907471.0,62721491297.0,0.0036814729086494,54.22,0.1745671387679816
2024-06-11,LLOY,53.380001068115234,54.65999984741211,53.29999923706055,54.540000915527344,166452852,54.96200065612793,1.955557047493032,0.6842486390615931,33.79629241258975,-186.45576070238675,0.18889999999999998,,-1.045,166452867.0,62668134620.0,0.0026561005526862,53.38,0.1786091422924333
2024-06-12,LLOY,54.97999954223633,55.119998931884766,53.040000915527344,53.81999969482422,254086293,54.98600044250488,52.4323845049091,0.6130996106555613,43.02787618487464,-110.52974133826991,0.28201,,-1.045,254086299.0,62643702424.0,0.00405605494516,54.98,0.2079347542266877
2024-06-13,LLOY,54.060001373291016,54.79999923706055,53.720001220703125,54.58000183105469,94191527,54.83800048828125,29.1428702218192,0.5392570795364644,41.69884553737027,-127.17791244956598,0.01206666666666667,,-1.045,94191534.0,62636832393.0,0.0015037723077855,54.06,0.2099782125161944
2024-06-14,LLOY,54.18000030517578,54.58000183105469,53.29199981689453,53.959999084472656,162745999,54.70400047302246,32.5714111328125,0.4682826975075178,46.73684379598974,-134.31839073238086,-0.2903,,-1.045,162746000.0,62598935749.0,0.002599820556895,54.18,0.2104209054968878
2024-06-17,LLOY,54.540000915527344,54.720001220703125,53.91999816894531,54.52000045776367,99062882,54.6180004119873,42.85714285714285,0.4075028986384815,44.27311424278987,-81.86107885014461,0.22791250000000002,,-1.045,99062886.0,62585919874.0,0.001582830230816,54.54,0.2117297318373391
2024-06-18,LLOY,55.02000045776367,55.13999938964844,54.400001525878906,55.060001373291016,102463660,54.556000518798825,56.57141549246652,0.3630283753021598,51.6055001723616,-26.110408098771867,0.2253125,,-1.045,102463669.0,62583654719.0,0.0016372273153439,55.02,0.2119327318146386
2024-06-19,LLOY,55.220001220703125,55.41999816894531,54.77999877929688,54.93999862670898,184600116,54.60400047302246,62.28572300502232,0.3334685910507523,48.02955549312555,13.923112340179976,-0.3287,,-1.045,184600116.0,62583199719.0,0.0029496752615535,55.22,0.2124616457075836
2024-06-20,LLOY,56.08000183105469,56.117000579833984,54.81999969482422,55.18000030517578,179094450,54.648000717163086,86.85716901506696,0.3277674141327787,53.125011974163904,90.95379111668942,-0.0030999999999999977,,-1.045,179094467.0,62582744719.0,0.0028617227928264,56.08,0.2095313349492684
2024-06-21,LLOY,55.560001373291016,56.41999816894531,54.96699905395508,56.220001220703125,246172446,54.72400093078613,74.55628714536266,0.3282758633511671,50.85470102886906,93.06920110359692,0.054300000000000015,0.077,0.077,246172459.0,62582266682.0,0.0039335817005619,55.56,0.1988869532227531
2024-06-24,LLOY,55.68000030517578,56.41999816894531,55.380001068115234,55.720001220703125,104466620,54.8700008392334,78.1065542872492,0.333816037960596,50.21645539937115,105.46007197096657,-0.030633333333333335,,0.077,104466637.0,62570641794.0,0.0016695791189729,55.68,0.1922302268721414
2024-06-25,LLOY,55.540000915527344,56.09999847412109,55.34000015258789,55.7599983215332,98819622,55.08600082397461,73.96455714488864,0.3392251326863095,54.71698113207547,81.64307941647519,,,0.077,98819626.0,62551390909.0,0.0015798150059326,55.54,0.1924711436230566
2024-06-26,LLOY,55.79999923706055,55.93999862670898,55.380001068115234,55.58000183105469,317766913,55.16800079345703,81.65682142913573,0.3476434740703302,51.02040816326532,80.17349978319588,0.0,,0.077,317766917.0,62528733808.0,0.0050819342988094,55.8,0.1931525938173999
2024-06-27,LLOY,56.08000183105469,56.27999877929688,55.459999084472656,55.959999084472656,120670478,55.3700008392334,89.94092857481441,0.3611815776494303,58.7912326877862,97.975215792266,0.17005294117647057,,0.077,120670481.0,62521085884.0,0.0019300765380801,56.08,0.1936091320815823
2024-06-28,LLOY,54.7400016784668,56.59999847412109,54.2599983215332,56.380001068115234,201729056,55.4260009765625,47.7528631680011,0.3550168335375059,53.23383485865925,14.328097036169082,0.12129999999999999,-0.27,-0.27,,,,,0.1936091320815823
2024-07-01,LLOY,55.619998931884766,56.08000183105469,54.400001525878906,55.15999984741211,129712755,55.53400077819824,72.47190409244432,0.3500565793171611,63.86138286652045,37.52665066199924,0.17304999999999998,,-0.27,129712773.0,62456975774.0,0.00207683403483,55.62,0.2113815811654674
2024-07-02,LLOY,54.93999862670898,55.959999084472656,54.880001068115234,55.400001525878906,194390185,55.526000595092775,49.81860576679136,0.3344644432773402,49.72066384293668,27.088630825052416,0.0,0.019,0.019,194390213.0,62437002556.0,0.0031133815692969,54.94,0.2078579547660319
2024-07-03,LLOY,55.880001068115234,56.040000915527344,55.220001220703125,55.52000045776367,323106648,55.59200057983399,78.23465241036381,0.3272606930497727,62.67409204364694,76.67681554760736,,-0.631,-0.631,,,,,0.2049161783649696
2024-07-04,LLOY,57.27999877929688,57.27999877929688,55.540000915527344,56.13999938964844,154028902,55.7120002746582,100.0,0.3472825055317796,68.32150596689058,170.0071999103969,0.24806666666666666,,-0.631,154028905.0,62412388696.0,0.0024679219657854,57.28,0.2105569305682872
2024-07-05,LLOY,58.27999877929688,58.5620002746582,56.91999816894531,58.09999847412109,302017954,55.98400001525879,93.44487756086488,0.3984820856548464,70.54944225763045,240.43712472116204,0.4372857142857143,-0.903,-0.903,302017942.0,62412388696.0,0.0048390703882698,58.28,0.1937963791385775
2024-07-08,LLOY,59.02000045776367,59.36000061035156,56.91999816894531,58.119998931884766,156999918,56.31800003051758,93.33333333333331,0.4774373932356313,71.36751997417744,235.84833551324067,0.09555714285714287,-0.859,-0.859,156999916.0,62412388696.0,0.0025155248706265,59.02,0.1823934561677878
2024-07-09,LLOY,57.84000015258789,59.34000015258789,57.59999847412109,58.93999862670898,176111990,56.547999954223634,70.19608283125208,0.5497360932883201,62.66924029604117,192.9686443922417,-0.050039999999999994,,-0.859,176111981.0,62412388696.0,0.002821747167182,57.84,0.2014613534712589
2024-07-10,LLOY,58.09999847412109,58.720001220703125,57.47999954223633,58.119998931884766,85646094,56.77799987792969,75.29408684790211,0.6169677049900255,60.369594897860864,147.35102290781532,0.0683,,-0.859,85646080.0,62412388696.0,0.0013722608890546,58.1,0.2003991008675624
2024-07-11,LLOY,59.13999938964844,59.39899826049805,57.7400016784668,58.20000076293945,101253674,57.08399963378906,94.96013088294023,0.6926853846986626,67.4463869494203,153.83605398917072,-0.0036999999999999997,,-0.859,101253684.0,62412388696.0,0.0016223330994939,59.14,0.207457737077138
2024-07-12,LLOY,59.09999847412109,59.70000076293945,58.619998931884766,59.560001373291016,69605254,57.51999931335449,88.97055111131057,0.7675357601912718,66.79763293919792,145.54458764795845,0.0,,-0.859,69605239.0,62412388696.0,0.001115247156122,59.1,0.2028998220889097
2024-07-15,LLOY,58.79999923706055,59.459999084472656,58.2130012512207,58.5,82739750,57.83799934387207,83.45586172850588,0.8313830639679776,65.76401486182422,111.28338673248074,-0.12150909090909091,,-0.859,82739739.0,62412388696.0,0.0013256941567003,58.8,0.2045899577630124
2024-07-16,LLOY,58.5,59.15999984741211,58.20000076293945,58.5,76128129,58.193999481201175,77.94117234570118,0.8783056716030779,63.00578268355473,88.81960389108768,0.21481111111111112,-0.588,-0.588,,,,,0.2001427442918024
2024-07-17,LLOY,58.77999877929688,59.19599914550781,58.5,58.63999938964844,73138654,58.483999252319336,83.08820641990822,0.914625827657383,63.00576908800781,87.46784294397074,0.10241333333333333,,-0.588,73138644.0,62400299291.0,0.001172088032125,58.78,0.2013889047405788
2024-07-18,LLOY,59.20000076293945,59.81999969482422,58.41999816894531,59.09999847412109,123711870,58.67599945068359,88.56090145127462,0.9470128789455866,73.57293613163853,91.6562276050772,0.07940000000000001,,-0.588,123711882.0,62395623682.0,0.0019827012649236,59.2,0.2018648301357297
2024-07-19,LLOY,59.13999938964844,59.58000183105469,58.41999816894531,58.84000015258789,99192792,58.76199951171875,86.23480780947513,0.97212123283826,70.37036546464012,79.11290475490382,-0.000372727272727272,,-0.588,99190286.0,62392149872.0,0.0015897879172859,59.14,0.2022154696558833
2024-07-22,LLOY,58.97999954223633,59.5,58.959999084472656,59.36000061035156,266395315,58.757999420166016,81.73912106028716,0.9865828537667722,74.8768445135558,76.97366217626026,0.0,,-0.588,266395307.0,62373301556.0,0.0042709829422902,58.98,0.2029279267083414
2024-07-23,LLOY,59.52000045776367,59.52000045776367,58.44599914550781,59.0,175542241,58.92599945068359,92.99067003215757,0.9999799840022356,73.57512185287526,72.60465783266093,0.40485714285714286,,-0.588,175542240.0,62345373153.0,0.0028156418210731,59.52,0.1780834467477729
2024-07-24,LLOY,59.65999984741211,59.99300003051758,58.93999862670898,59.08000183105469,115546240,59.08199958801269,89.16368430264819,1.011962064226378,68.42105263157895,86.29733196588259,0.44929230769230766,,-0.588,190187885.0,62339824227.0,0.0030508248516624,59.66,0.1725781508579546
2024-07-25,LLOY,60.63999938964844,60.79999923706055,56.70000076293945,57.0,233616653,59.2319995880127,96.09756324491296,1.0357579521614244,68.32297915896619,75.17539744243062,0.2720905882352941,-0.434,-0.434,232959916.0,62331283568.0,0.0037374477576071,60.64,0.1676998989143578
2024-07-26,LLOY,60.65999984741211,64.66999816894531,59.540000915527344,59.81999969482422,140446548,59.3879997253418,49.68632839815688,1.0636694798689523,64.33565594105627,196.44842085533207,0.17320000000000002,-0.947,-0.947,140325215.0,62330848233.0,0.0022512964122587,60.66,0.1621146929651866
2024-07-29,LLOY,61.09999847412109,61.720001220703125,58.93999862670898,60.900001525878906,173073957,59.61799964904785,55.20701559910151,1.0972930456556909,82.73090985134169,133.5070377891207,,-2.305,-2.305,172734222.0,62330848233.0,0.0027712477352193,61.1,0.1616890941718395
2024-07-30,LLOY,59.70000076293945,60.900001525878906,59.70000076293945,60.81999969482422,177951229,59.737999725341794,37.64116657979493,1.1078971047410289,63.07191640575671,99.6841851687355,,-1.825,-1.825,177951230.0,62318070695.0,0.0028555317585317,59.7,0.1604760134338943
2024-07-31,LLOY,59.58000183105469,60.380001068115234,59.18000030517578,60.0,164947185,59.81800003051758,36.13553331830428,1.0990774662086304,54.23079518878361,62.90283991222657,,,-1.825,164947201.0,62294473703.0,0.002647862502,59.58,0.1608423844541575
2024-08-01,LLOY,56.15999984741211,58.900001525878906,49.040000915527344,58.380001068115234,307162236,59.51399993896485,45.55342407579607,1.0214766162566564,32.867136908983,-349.206121393852,-0.11056363636363638,,-1.825,307010415.0,62255271035.0,0.0049314766427954,56.16,0.2575231383959511
2024-08-02,LLOY,55.34000015258789,56.380001068115234,55.040000915527344,55.540000915527344,323675617,59.13400001525879,40.30710392916328,0.8894222322385532,30.98901283163768,-230.346572476012,-0.18460000000000001,-1.644,-1.644,323675778.0,62199753286.0,0.0052038112838118,55.34,0.2533008045745064
2024-08-05,LLOY,54.560001373291016,64.66999816894531,52.68000030517578,53.34000015258789,347972476,58.692000198364255,35.31670779120935,0.715688338880082,29.43632858805601,-97.18087890673831,0.0625,-0.092,-0.092,347958113.0,62142702519.0,0.0055993398885993,54.56,0.2554837181571393
2024-08-06,LLOY,55.15999984741211,56.09999847412109,54.97999954223633,55.47999954223633,170607703,58.2560001373291,39.15547029636517,0.5328793810398129,31.717172884817305,-177.68328663686438,0.014674999999999994,,-0.092,170607739.0,62083775004.0,0.0027480245682387,55.16,0.2491924260634172
2024-08-07,LLOY,57.0,57.20000076293945,55.59999847412109,56.18000030517578,183281204,57.99000015258789,50.92770622676829,0.3821070841338059,40.28267860590962,-99.02076818080744,0.21392499999999998,,-0.092,183281214.0,62031862629.0,0.0029546301889428,57.0,0.28093089024613
2024-08-08,LLOY,57.08000183105469,57.09999847412109,55.79899978637695,56.59999847412109,128445480,57.63400039672852,51.43955424412602,0.2597239617440598,40.91711541514953,-82.73764467590759,0.10255999999999998,,-0.092,128445493.0,61987612030.0,0.0020721155210469,57.08,0.2810679241925821
2024-08-09,LLOY,56.959999084472656,57.47999954223633,56.58000183105469,57.41999816894531,302571827,57.26400032043457,50.67178221808943,0.1590436122753787,41.06194427368328,-58.9741091852063,0.13292,,-0.092,302571552.0,61971068002.0,0.004882464700951,56.96,0.2807357255399061
2024-08-12,LLOY,56.79999923706055,57.400001525878906,56.52000045776367,57.20000076293945,90262928,56.83400039672851,49.64811058963076,0.0743287740247306,37.54577986817633,-56.63508724342813,-0.23019166666666666,,-0.092,90262932.0,61952803909.0,0.0014569628217729,56.8,0.2798874860619286
2024-08-13,LLOY,56.900001525878906,57.27999877929688,56.47999954223633,56.959999084472656,66305320,56.55400047302246,50.28792061132792,0.0054877685089612,37.31618542933046,-51.91014031776127,-0.2997,,-0.092,66305331.0,61927943329.0,0.0010706851775739,56.9,0.2783140181329634
2024-08-14,LLOY,57.31999969482422,57.63999938964844,47.43000030517578,57.41999816894531,81031467,56.32800025939942,57.36659289519184,-0.0431067491593727,33.91472968507307,-139.84979408188755,0.49985,,-0.092,80939570.0,61918644132.0,0.0013071922219008,57.32,0.2802296426278546
2024-08-15,LLOY,58.47999954223633,58.47999954223633,49.040000915527344,57.52000045776367,126352321,56.56000022888183,64.0951311269157,-0.0578583864961715,40.48865410412859,-86.18502941422527,0.25405,,-0.092,126324968.0,61918644132.0,0.0020401765860811,58.48,0.2904704994414701
2024-08-16,LLOY,58.900001525878906,58.959999084472656,58.060001373291016,58.29999923706055,69518709,56.91600036621094,66.53133783042827,-0.043791899566503,40.38463077473017,33.318619298315035,0.3729,,-0.092,69518721.0,61918644132.0,0.0011227429472098,58.9,0.2897050826364157
2024-08-19,LLOY,59.220001220703125,59.220001220703125,58.5009994506836,58.880001068115234,96623948,57.38200035095215,68.38748478214403,-0.0071949403012619,47.68340088216677,46.18130974070937,0.17020000000000002,0.319,0.319,96612661.0,61918644132.0,0.0015603161592821,59.22,0.2835875885938585
2024-08-20,LLOY,58.380001068115234,59.47999954223633,58.18000030517578,59.47999954223633,58791998,57.70400047302246,63.51509350213592,0.0282198963460139,44.58483686152484,36.65292861978215,,,0.319,58791992.0,61918644132.0,0.0009495038663098,58.38,0.2873200107887796
2024-08-21,LLOY,58.29999923706055,59.400001525878906,58.119998931884766,59.400001525878906,98362099,57.83400039672851,63.05104570069846,0.0596965958387454,63.82427565160305,36.68461979186494,0.227525,,0.319,98362100.0,61918212678.0,0.0015885810611414,58.3,0.2853575818307867
2024-08-22,LLOY,58.29999923706055,58.68000030517578,58.04999923706055,58.619998931884766,140728100,57.9560001373291,63.05104570069846,0.0869188260399179,71.38725870130615,29.60573518077267,-0.0988,,0.319,140728090.0,61902405892.0,0.0022733864374435,58.3,0.2853575818307867
2024-08-23,LLOY,59.400001525878906,59.63999938964844,58.34000015258789,58.5,126472239,58.20000038146973,98.03441538276007,0.1273991915023613,83.42537244622417,71.04754099364791,0.02064,,0.319,126472239.0,61891383988.0,0.0020434546919248,59.4,0.2836426284209389
2024-08-27,LLOY,59.20000076293945,59.400001525878906,58.57400131225586,59.400001525878906,108241900,58.44000053405762,96.39640737345732,0.1705861877548558,79.53212036576416,75.44847530878869,0.48363333333333336,,0.319,108241894.0,61890956052.0,0.0017489129414814,59.2,0.2838048219296709
2024-08-28,LLOY,58.18000030517578,59.47999954223633,57.19200134277344,59.41999816894531,125480332,58.568000411987306,88.04259464417713,0.1965434020389328,59.8006476101159,47.78728357980491,-0.1896625,,0.319,125480328.0,61866174836.0,0.0020282541846596,58.18,0.1997173821883023
2024-08-29,LLOY,58.34000015258789,58.79999923706055,57.900001525878906,58.02000045776367,113812197,58.67000045776367,89.35299480313849,0.2124453446648835,60.32783830212478,56.96558607255798,0.209,,0.319,113812195.0,61827644848.0,0.0018407978385688,58.34,0.190030973278984
2024-08-30,LLOY,58.5,58.720001220703125,58.27999877929688,58.29999923706055,133560923,58.67200050354004,90.66339496209984,0.2232797299138265,62.54070973169165,58.22844519180219,0.09949999999999998,,0.319,133560916.0,61845839876.0,0.0021595780131337,58.5,0.1793823228429709
2024-09-02,LLOY,58.119998931884766,58.880001068115234,57.97999954223633,58.560001373291016,81091257,58.594000244140624,87.55118286866505,0.2237983172228877,60.37734264694063,43.618449009194144,,,0.319,81091240.0,61820815771.0,0.0013117141692271,58.12,0.1825425720977107
2024-09-03,LLOY,57.2599983215332,58.59999847412109,56.959999084472656,58.040000915527344,195841719,58.39799995422364,80.50777029834622,0.203593087936485,52.52806505553004,1.9991501189119243,,,0.319,195841718.0,61786536070.0,0.0031696503875557,57.26,0.1907590737976528
2024-09-04,LLOY,57.060001373291016,57.65999984741211,56.36000061035156,56.41999816894531,106283233,58.265999984741214,75.66039256839285,0.167802899069918,48.1159556500322,-38.9319013220728,,,0.319,106283232.0,61747137220.0,0.0017212657425934,57.06,0.1509519407257459
2024-09-05,LLOY,57.58000183105469,58.41999816894531,56.70000076293945,56.81999969482422,120454423,58.19400024414063,37.1951730105416,0.1320343871598445,42.8115267123008,-8.778554160277423,,1.505,1.505,120454411.0,61720599232.0,0.0019516079315307,57.58,0.1539953135348713
2024-09-06,LLOY,56.41999816894531,57.65999984741211,56.31900024414063,57.52000045776367,187178475,58.0060001373291,3.0411909301844746,0.0793463924350518,32.2857096146615,-59.89970762699211,,,1.505,187178472.0,61691597500.0,0.0030340999355706,56.42,0.1704789024001709
2024-09-09,LLOY,57.2599983215332,57.560001373291016,56.400001525878906,56.400001525878906,177753259,57.79199981689453,28.334788302051507,0.0320364507707773,36.96807984477445,-42.22121854631232,,1.035,1.035,177753250.0,61653948756.0,0.0028830797310886,57.26,0.176805403119443
2024-09-10,LLOY,56.47999954223633,58.06999969482422,56.2400016784668,57.400001525878906,181486740,57.51999969482422,7.058765450936789,-0.0219400086278053,37.26541678342561,-51.85345124880288,,,1.035,181486751.0,61612904156.0,0.0029455964377281,56.48,0.1659367599625265
2024-09-11,LLOY,57.43999862670898,57.59999847412109,56.74399948120117,57.36000061035156,233586461,57.44599952697754,35.29405164879181,-0.0618991465695916,44.84412349367555,-31.78370211366669,,,1.035,246706689.0,61574796387.0,0.0040066180235406,57.44,0.1762323804248295
2024-09-12,LLOY,57.900001525878906,58.5,57.5,58.5,205053215,57.40199966430664,48.823557791019525,-0.0834976166731132,47.72728750527229,3.753690357091816,,,1.035,205053204.0,61568877604.0,0.0033304684441198,57.9,0.1792203374583308
2024-09-13,LLOY,58.040000915527344,58.470001220703125,57.59999847412109,57.959999084472656,70242228,57.35599975585937,55.5555686375164,-0.0900318319342043,41.32653110874314,-2.2739693012354008,,,1.035,70242231.0,61568877604.0,0.0011408723649598,58.04,0.1781470182032814
2024-09-16,LLOY,58.15999984741211,58.27999877929688,57.68000030517578,57.79999923706055,51960051,57.35999984741211,59.25924181664481,-0.0846618161119887,43.29896501785927,1.334843114826087,,,1.035,51960030.0,61568877604.0,0.0008439333640966,58.16,0.1713394322969721
2024-09-17,LLOY,58.58000183105469,59.0,58.35499954223633,58.459999084472656,88268139,57.49200019836426,84.7826657839415,-0.0652181162200104,52.793305316278726,72.11484627699531,,0.586,0.586,88268134.0,61568877604.0,0.0014336485808256,58.58,0.1732206823361319
2024-09-18,LLOY,57.880001068115234,58.459999084472656,57.65999984741211,58.34000015258789,75864264,57.57400016784668,59.42030387675756,-0.0489920327444119,47.01299473373925,2.716682737434939,,,0.586,75864267.0,61565065350.0,0.0012322616173426,57.88,0.163676280491428
2024-09-19,LLOY,58.5,58.79999923706055,58.2599983215332,58.720001220703125,133526447,57.66599998474121,81.8840469539762,-0.0256299034078567,50.0,65.69156617683653,,,0.586,133526443.0,61556501790.0,0.0021691687980503,58.5,0.1688040262320912
2024-09-20,LLOY,58.20000076293945,58.41999816894531,57.7400016784668,58.2599983215332,243847294,57.844000244140624,71.01450276911254,-0.0037476170775557,50.49506072354593,19.296826088918507,,,0.586,243847285.0,61544345716.0,0.003962139529848,58.2,0.1580591888323238
2024-09-23,LLOY,58.09999847412109,58.52000045776367,57.7599983215332,58.41999816894531,70463054,57.92800025939941,67.39122923165593,0.0144730901827331,55.73770320939915,27.998018039517564,,,0.586,70263048.0,61520324155.0,0.0011421111472522,58.1,0.157847848206876
2024-09-24,LLOY,59.27999877929688,59.380001068115234,58.422000885009766,58.43999862670898,374555807,58.20800018310547,96.81521311284216,0.0482368596306174,63.37346728578079,145.82845044154882,,,0.586,374554957.0,61513420908.0,0.0060889957259926,59.28,0.1736563919549069
2024-09-25,LLOY,58.18000030517578,59.65999984741211,58.0,58.959999084472656,166563532,58.28200035095215,56.725136414539584,0.0723129919863288,53.378367929067295,87.65771228299434,,,0.586,166563521.0,61512990908.0,0.0027077779594413,58.18,0.1851956115753934
2024-09-26,LLOY,58.97999954223633,59.21500015258789,58.67100143432617,58.900001525878906,77995421,58.39000015258789,80.11693949574583,0.1016536951065043,65.02348143043976,122.43683365746126,,,0.586,77995413.0,61512990908.0,0.0012679502630046,58.98,0.1824079259178174
2024-09-27,LLOY,59.400001525878906,59.68000030517578,58.720001220703125,59.13999938964844,101433954,58.52600021362305,91.8604973524438,0.1392252380645272,63.20989259040006,147.84028087984464,,,0.586,101433784.0,61512566908.0,0.0016489928659896,59.4,0.1824118554133909
2024-09-30,LLOY,58.79999923706055,59.41999816894531,58.65999984741211,58.880001068115234,138802196,58.59000015258789,70.02721998817653,0.1700961410398273,64.64645199698293,103.43307472482972,,,0.586,138802195.0,61481119501.0,0.002257639355408,58.8,0.1873912452251304
2024-10-01,LLOY,58.20000076293945,59.380001068115234,57.68000030517578,58.79999923706055,188839955,58.55200004577637,32.1101222452815,0.1851886002007258,55.02646570559236,39.28990606582865,,,0.586,188839935.0,61452632528.0,0.0030729348317821,58.2,0.1896091991357614
2024-10-02,LLOY,57.65999984741211,58.31999969482422,57.459999084472656,58.0,148415314,58.52999992370606,9.009038421884666,0.1805627833079435,48.42930904577185,-35.07666496808185,,,0.586,148415319.0,61408843600.0,0.0024168395022504,57.66,0.1773646601534741
2024-10-03,LLOY,57.43999862670898,58.09999847412109,56.900001525878906,57.63999938964844,150665222,58.42399978637695,19.424364674241176,0.1598988958636898,46.11397734802616,-73.7875541681833,,,0.586,150665211.0,61368449892.0,0.0024550923359666,57.44,0.1782069633751305
2024-10-04,LLOY,58.79999923706055,58.900001525878906,57.540000915527344,57.540000915527344,138628645,58.48399963378906,68.34527141994622,0.1515994651400297,53.57142248932652,29.643590110974465,,0.934,0.934,138628642.0,61344208113.0,0.0022598489126249,58.8,0.189681120903263
2024-10-07,LLOY,59.15999984741211,59.400001525878906,58.540000915527344,59.20000076293945,113145255,58.589999771118165,81.29493934903122,0.156882979857118,53.25841386697344,99.45881001784304,,1.418,1.418,113145242.0,61344208113.0,0.0018444323511614,59.16,0.1734257351548846
2024-10-08,LLOY,58.2599983215332,58.81999969482422,57.97999954223633,58.65999984741211,105422259,58.487999725341794,48.92076952631868,0.1556864843102818,52.08789559641704,0.1102503230644141,,,1.418,105422257.0,61341834472.0,0.0017186029388821,58.26,0.1813340259735284
2024-10-09,LLOY,59.2400016784668,59.29999923706055,58.2400016784668,58.36000061035156,77641000,58.5939998626709,84.17270431966628,0.1657717063457198,53.91120959238029,81.29499048204714,,,1.418,77602777.0,61333892642.0,0.0012652511304469,59.24,0.1904670357574404
2024-10-10,LLOY,59.43999862670898,59.79999923706055,59.060001373291016,59.2400016784668,99900763,58.63999977111816,87.586176052364,0.1852124136453388,56.62391438131452,143.64684313520254,,,1.418,131026888.0,61333892642.0,0.0021362884753588,59.44,0.1906125159166342
2024-10-11,LLOY,59.93999862670898,59.93999862670898,59.15999984741211,59.29999923706055,88510516,58.693999481201175,100.0,0.2170529152836782,59.426224542480895,156.84403954781712,,,1.418,88510520.0,61333892642.0,0.0014430931445461,59.94,0.1922666027877355
2024-10-14,LLOY,59.63999938964844,59.97999954223633,59.29999923706055,59.81999969482422,92973497,58.77799949645996,88.96102689734866,0.249715215966483,52.02702934909616,132.31870384868307,,1.583,1.583,92973562.0,61333892642.0,0.0015158594701086,59.64,0.1924049346627467
2024-10-15,LLOY,60.08000183105469,60.119998931884766,59.540000915527344,59.880001068115234,141352890,58.96599960327149,98.75785301082924,0.2876312230775518,61.55717445399304,143.16491888209725,,2.563,2.563,141352887.0,61333892642.0,0.0023046456194304,60.08,0.1873617620006189
2024-10-16,LLOY,61.20000076293945,61.20000076293945,59.93999862670898,60.0,164722219,59.31999969482422,100.0,0.344065890939238,62.99765222145592,211.6517984344385,,2.676,2.676,164722212.0,61333892642.0,0.0026856637481248,61.2,0.1925105404884042
2024-10-17,LLOY,61.86000061035156,62.02000045776367,61.040000915527344,61.20000076293945,172317713,59.76199989318848,96.87500232830692,0.418895014382797,64.00909617809323,243.43433186287012,,,2.676,134579812.0,61333892642.0,0.0021942160558034,61.86,0.1939134145019854
2024-10-18,LLOY,62.18000030517578,62.27000045776367,61.29999923706055,61.619998931884766,180387256,60.1,98.32401917152148,0.5054814216900602,69.88235030124875,211.2106460921843,,,2.676,180347508.0,61333892642.0,0.0029404216858152,62.18,0.1833679128724844
2024-10-21,LLOY,61.79999923706055,62.540000915527344,61.560001373291016,62.0,244248601,60.363999938964845,86.87940144417419,0.5876832746861083,71.73910439454627,176.0222908507218,,,2.676,244248597.0,61333892642.0,0.0039822777664815,61.8,0.1692319116715273
2024-10-22,LLOY,62.0,62.41999816894531,61.34000015258789,61.459999084472656,159162198,60.738000106811526,90.42551464600416,0.6646792633206683,77.32995423808208,143.1715035545627,,2.723,2.723,159162193.0,61333229383.0,0.0025950401536188,62.0,0.1644850662415687
2024-10-23,LLOY,61.619998931884766,63.46900177001953,60.81999969482422,63.0,213089101,60.97599983215332,68.81425920635779,0.7267984264780056,75.80245157692873,124.36339742773244,,2.444,2.444,213089020.0,61325251265.0,0.0034747353757947,61.62,0.1663162263136577
2024-10-24,LLOY,62.20000076293945,62.619998931884766,61.70000076293945,61.900001525878906,263067192,61.25200004577637,76.88102583276635,0.7839337642952857,73.22403090110147,115.57497890806695,,2.77,2.77,308429163.0,61307993816.0,0.005030814805744,62.2,0.1620277951703886
2024-10-25,LLOY,57.65999984741211,62.52000045776367,57.58000183105469,62.380001068115234,312290651,61.02400016784668,1.3584312648419514,0.76073040146003,43.47826519625112,-31.855419539368423,,2.705,2.705,312350637.0,61277887002.0,0.0050972814547245,57.66,0.3125511371144427
2024-10-28,LLOY,56.119998931884766,57.5,55.47999954223633,56.59999847412109,302863589,60.67200012207032,8.011005272006605,0.6620849824552293,41.18616905949227,-158.58599568006846,,1.847,1.847,303164145.0,61225191316.0,0.0049516242984899,56.12,0.3250825242019077
2024-10-29,LLOY,54.540000915527344,56.380001068115234,54.275001525878906,56.27999877929688,239820524,60.11800003051758,2.882307837845912,0.4946081289057638,31.55415956151947,-191.63837694075,,1.884,1.884,239870516.0,61168370975.0,0.0039214795518755,54.54,0.3389177577189435
2024-10-30,LLOY,53.65999984741211,55.09000015258789,53.16899871826172,53.7599983215332,305260035,59.363999938964845,4.766999841486413,0.2776012640198715,28.464991497947395,-204.33781267196144,,1.411,1.411,305243185.0,61107330177.0,0.0049951975338449,53.66,0.3276208342442436
2024-10-31,LLOY,53.400001525878906,54.37300109863281,53.08000183105469,53.08000183105469,224377667,58.51800003051758,3.080178041237946,0.0361449752253875,25.18970008905781,-187.40034186766724,,1.205,1.205,224377677.0,61112988910.0,0.0036715218974224,53.4,0.3252737315977639
2024-11-01,LLOY,54.41999816894531,54.959999084472656,53.20000076293945,53.20000076293945,143210419,57.74199981689453,12.898222598547264,-0.1917871321590675,31.22301925296709,-142.52817329803997,-0.18105000000000002,,1.205,143210426.0,61043931830.0,0.0023460223106012,54.42,0.3335481878774279
2024-11-04,LLOY,54.81999969482422,55.65999984741211,54.20000076293945,54.31999969482422,197160827,57.0439998626709,16.748463509404004,-0.3924750545385949,31.024524153693207,-103.64524978866864,0.27892307692307694,,1.205,197147928.0,60975743998.0,0.0032332189010513,54.82,0.3276552236505783
2024-11-05,LLOY,54.86000061035156,55.119998931884766,54.12699890136719,54.400001525878906,135871229,56.329999923706055,17.133494944213403,-0.5640337357686886,25.195622591002746,-94.87310906526476,-0.40075333333333335,,1.205,136121234.0,60915431930.0,0.0022345935945495,54.86,0.3270354853095443
2024-11-06,LLOY,54.7599983215332,56.13999938964844,54.43999862670898,55.15999984741211,159048486,55.643999862670896,16.17091635718991,-0.708651314552226,20.94926610811447,-74.8693862176436,-0.12277142857142856,2.458,2.458,159048493.0,60864460082.0,0.0026131586936895,54.76,0.3239731035689086
2024-11-07,LLOY,54.540000915527344,55.400001525878906,54.31999969482422,55.119998931884766,155565870,54.87799987792969,14.053316902975457,-0.8306964102421206,18.481857845275652,-73.82962929237176,0.1591,1.995,1.995,155565876.0,60812663890.0,0.0025581164522145,54.54,0.3214992151643462
2024-11-08,LLOY,53.08000183105469,54.68000030517578,52.68999862670898,54.459999084472656,187872236,54.420000076293945,3.618175068329387,-0.9535958127797584,16.969708704531783,-89.89941490308024,0.03762000000000002,,1.995,187872247.0,60807976749.0,0.0030895987178703,53.08,0.3303138602786917
2024-11-11,LLOY,54.540000915527344,54.86000061035156,53.52000045776367,53.65999984741211,143481639,54.262000274658206,17.163018362848067,-1.0451212180995613,24.20470416044733,-66.26681337069851,0.0,2.861,2.861,143481643.0,60748195995.0,0.0023619078830227,54.54,0.3404149462601944
2024-11-12,LLOY,53.86000061035156,54.68000030517578,53.86000061035156,54.060001373291016,115216990,54.19400024414063,11.7824969555413,-1.1206510618487,23.712739823919136,-63.941941711787166,0.5238,2.368,2.368,115216998.0,60696051816.0,0.0018982618235083,53.86,0.3356167421183885
2024-11-13,LLOY,54.59999847412109,55.119998931884766,53.900001525878906,53.93999862670898,123684486,54.28800010681152,19.430310189547345,-1.1678353740960763,24.530813791311942,-51.47744345506384,0.03688571428571429,4.878,4.878,123684485.0,60661295216.0,0.0020389357754329,54.6,0.3416881304542964
2024-11-14,LLOY,55.040000915527344,55.040000915527344,54.2400016784668,54.7599983215332,105138172,54.452000045776366,48.85658249221001,-1.1850980617084343,37.892791453382586,-42.88077334746527,0.21877999999999997,,4.878,105138173.0,60661295216.0,0.0017332002659295,55.04,0.3438294172465375
2024-11-15,LLOY,56.47999954223633,56.47999954223633,54.79999923706055,54.79999923706055,163161083,54.65800018310547,100.0,-1.1570261008002565,51.67910832821504,-11.389244420881612,-0.11182857142857142,,4.878,163161082.0,60661295216.0,0.0026897065322958,56.48,0.361933782959919
2024-11-18,LLOY,56.2400016784668,57.08399963378906,55.7599983215332,57.0,102346631,54.80000038146973,80.79204001177226,-1.1032027682757295,59.06184409427108,8.822234620001819,-0.13077499999999997,,4.878,102346631.0,60661295216.0,0.0016871817628616,56.24,0.3584042304668181
2024-11-19,LLOY,55.31999969482422,56.459999084472656,54.880001068115234,56.20000076293945,140555210,54.846000289916994,59.85435742680757,-1.0482241550008673,58.81104481057101,-7.769250029449226,-0.16624166666666665,,4.878,140555209.0,60661295216.0,0.0023170492568534,55.32,0.2576613220719094
2024-11-20,LLOY,55.41999816894531,55.7400016784668,55.2400016784668,55.5,128349164,54.912000274658205,62.13015285698535,-0.9914189717547948,60.90711577407092,1.7615097396246522,0.0028499999999999984,,4.878,128348968.0,60661295216.0,0.0021158296660659,55.42,0.2406302205575964
2024-11-21,LLOY,55.02000045776367,55.52000045776367,54.63999938964844,55.459999084472656,75605300,54.96000022888184,53.026884320243504,-0.9405688368941194,53.47223724603441,-1.291598415837064,0.13436428571428571,,4.878,75605300.0,60661295216.0,0.0012463515612515,55.02,0.2192669057184653
2024-11-22,LLOY,54.41999816894531,55.41999816894531,53.86000061035156,55.400001525878906,156356317,55.0939998626709,39.3718512910846,-0.9035457985408272,47.73754699329235,-29.522736308013044,0.11190000000000001,,4.878,156356321.0,60661295216.0,0.0025775302100499,54.42,0.2147344905955521
2024-11-25,LLOY,54.65999984741211,55.09999847412109,53.81999969482422,54.5,352150566,55.10599975585937,44.83388186595431,-0.8712416749997244,48.89380073517342,-27.293719662487163,0.6204,,4.878,332150577.0,60661295216.0,0.0054754943134216,54.66,0.2150895995205441
2024-11-26,LLOY,53.41999816894531,54.560001373291016,53.2400016784668,54.47999954223633,119880964,55.06199951171875,16.613549725183855,-0.8613864779294256,43.41846456508502,-109.28049414291752,0.2348,4.242,4.242,,,,,0.219144056019372
2024-11-27,LLOY,53.18000030517578,53.47999954223633,52.900001525878906,53.31999969482422,100322878,54.91999969482422,11.151605966344896,-0.8679842105013948,43.33332834679947,-158.0036540119891,,,4.242,100322889.0,60661295216.0,0.0016538204244201,53.18,0.2173004304111524
2024-11-28,LLOY,53.2599983215332,53.7599983215332,52.86000061035156,53.5,65853223,54.7419994354248,9.46964497297922,-0.8812938233638825,51.02038874464828,-140.9696015895353,0.1409,,4.242,65853229.0,60661295216.0,0.0010855889041853,53.26,0.217419845271381
2024-11-29,LLOY,53.060001373291016,53.560001373291016,52.93000030517578,53.15999984741211,112998910,54.39999961853027,4.734867641533971,-0.8992947884734059,40.2116351390423,-136.3462831262991,0.3182,,4.242,112998923.0,60609645770.0,0.0018643719421955,53.06,0.2175790144015214
2024-12-02,LLOY,52.81999969482422,53.400001525878906,52.540000915527344,53.0,111970703,54.05799942016601,6.161946705037518,-0.9210719738250028,42.69661777564421,-137.00842022374704,,,4.242,111981039.0,60609645770.0,0.0018475778496535,52.82,0.2177614654599787
2024-12-03,LLOY,52.93999862670898,53.52000045776367,52.86000061035156,53.119998931884766,114764926,53.819999313354494,8.802769014306797,-0.9400606026101388,37.23076291055703,-104.57404402131267,,,4.242,114764926.0,60609645770.0,0.001893509268071,52.94,0.2180227935395201
2024-12-04,LLOY,53.0,53.560001373291016,52.7400016784668,53.02000045776367,123358921,53.57799949645996,10.123222144055232,-0.9532061277292188,33.333312556098534,-93.55670753275312,,,4.242,123358934.0,60609645770.0,0.0020353020122922,53.0,0.1963802618203304
2024-12-05,LLOY,53.65999984741211,53.70000076293945,52.79999923706055,52.81999969482422,212730770,53.441999435424805,24.647870770377654,-0.9492977368471172,23.595490367525613,-64.13299695212275,,,4.242,212730772.0,60609645770.0,0.003509850112097,53.66,0.1744594190806529
2024-12-06,LLOY,53.08000183105469,53.84000015258789,53.0,53.70000076293945,104208608,53.30799980163575,13.775539994005474,-0.9419950541533204,22.18308274741652,-68.84898345885277,,4.242,4.242,,,,,0.1730760393041968
2024-12-09,LLOY,53.2400016784668,53.58000183105469,53.20000076293945,53.41999816894531,77299528,53.16599998474121,21.87501862644705,-0.9282480124115536,28.861784520529994,-60.32080378545056,,,4.242,77299536.0,60609645770.0,0.0012753668994096,53.24,0.1652406629451515
2024-12-10,LLOY,52.93999862670898,53.33000183105469,52.77999877929688,53.02000045776367,111467937,53.11800003051758,13.422744047855256,-0.9138531224002968,25.781249417923263,-75.56301814617397,,,4.242,111467945.0,60609645770.0,0.0018391122994349,52.94,0.1621751322296208
2024-12-11,LLOY,54.220001220703125,55.54399871826172,52.540000915527344,52.65999984741211,490155283,53.22200012207031,55.92548382181135,-0.8773022276387048,43.33334392970789,0.4130002688199343,,4.929,4.929,,,,,0.1576282152901851
2024-12-12,LLOY,55.0,55.70000076293945,54.47800064086914,54.58000183105469,100438646,53.39600028991699,77.84807605251245,-0.8143364624280126,54.69257121693774,65.6967185601087,,,4.929,100438642.0,60609645770.0,0.0016571395645693,55.0,0.1576942112614915
2024-12-13,LLOY,55.380001068115234,55.619998931884766,54.97800064086914,55.09999847412109,118032599,53.62800025939941,89.87342688999547,-0.7301964049942067,55.69621246416176,89.30719627144958,,3.634,3.634,118032603.0,60609645770.0,0.001947422749308,55.38,0.1573059423104448
2024-12-16,LLOY,55.380001068115234,56.119998931884766,55.15999984741211,55.400001525878906,89541373,53.88400039672852,79.32965715655718,-0.6355312069441654,69.29137465072603,113.94232096167912,,,3.634,89541373.0,60609645770.0,0.0014773452618381,55.38,0.1515955058058227
2024-12-17,LLOY,54.220001220703125,55.59999847412109,53.79999923706055,55.0,222377220,54.01200065612793,46.92740882815205,-0.5562901766676335,58.6666742960612,44.2623287901905,,,3.634,222377227.0,60609645770.0,0.0036690072046266,54.22,0.1695093680553705
2024-12-18,LLOY,54.81999969482422,55.41999816894531,54.040000915527344,54.34000015258789,141994525,54.19400062561035,63.687152028556966,-0.4800301386157396,61.963199875495775,67.9560961965036,,,3.634,141995026.0,60609645770.0,0.0023427793414077,54.82,0.151952570781857
2024-12-19,LLOY,54.29999923706055,54.31999969482422,53.720001220703125,53.84000015258789,152444095,54.2580005645752,49.161991528810034,-0.4168384237608813,59.06430661224963,18.674724504282555,,,3.634,152444101.0,60609645770.0,0.0025151788805777,54.3,0.1567159501120425
2024-12-20,LLOY,54.20000076293945,54.31999969482422,53.36000061035156,53.86000061035156,349339807,54.37000045776367,46.36873651402541,-0.3657956529879204,60.298514260987886,7.9365236691814225,,,3.634,349339834.0,60609645770.0,0.0057637663042227,54.2,0.1557940322498928
2024-12-23,LLOY,53.959999084472656,54.5,53.720001220703125,54.08000183105469,193151547,54.442000198364255,39.6647753003543,-0.3280387157114378,57.47800537301511,20.328780490386727,,3.042,3.042,193151554.0,60609645770.0,0.0031868121244754,53.96,0.1561063023921853
2024-12-24,LLOY,54.220001220703125,54.58000183105469,54.18000030517578,54.58000183105469,70289585,54.57000045776367,46.92740882815205,-0.2956925137046212,58.68946209540867,42.470636861136185,,,3.042,70289591.0,60609645770.0,0.0011597096486379,54.22,0.1553320464432205
2024-12-27,LLOY,54.36000061035156,54.459999084472656,54.016998291015625,54.13999938964844,63634119,54.58400039672851,50.838008471189966,-0.2655257455532381,55.38461809327458,33.68472607363533,,,3.042,43634135.0,60609645770.0,0.0007199206404469,54.36,0.1553602519454377
2024-12-30,LLOY,54.41999816894531,54.68000030517578,53.979000091552734,54.08000183105469,43336037,54.52600021362305,52.5139188577213,-0.2367439832640009,61.203976468817096,37.406819341130905,,,3.042,43336055.0,60609645770.0,0.0007150026113739,54.42,0.1553608849722139
2024-12-31,LLOY,54.77999877929688,55.060001373291016,54.400001525878906,54.720001220703125,32226362,54.46599998474121,62.56980740030368,-0.2040559164483074,62.45951516341152,70.5052482762109,,,3.042,32226368.0,60617012971.0,0.0005316389973787,54.78,0.1511619541081832
2025-01-02,LLOY,55.040000915527344,55.27999877929688,54.09999847412109,54.58000183105469,42442125,54.43199996948242,69.83244092810145,-0.1660197491697627,67.10098691261304,70.02910524288347,,,3.042,42442133.0,60617012971.0,0.0007001686642049,55.04,0.1448950702250791
2025-01-03,LLOY,54.36000061035156,55.15999984741211,54.15999984741211,54.84000015258789,131283503,54.44599990844726,36.2319060920476,-0.1370960299987584,51.26353218874072,37.79291747452722,,,3.042,131283518.0,60617012971.0,0.0021657866589831,54.36,0.1533801173512165
2025-01-06,LLOY,55.7599983215332,55.7599983215332,54.2400016784668,54.400001525878906,185826184,54.53999977111816,86.95649169266237,-0.0927514305137618,56.16881769771867,109.62754063039488,,,3.042,160826205.0,60617012971.0,0.002653152920566,55.76,0.1763899314017433
2025-01-07,LLOY,55.34000015258789,55.91999816894531,54.900001525878906,55.560001373291016,169652241,54.643999862670896,71.73915747660386,-0.0475553653966532,49.67741181276965,113.08933477621407,,,3.042,169652244.0,60617012971.0,0.0027987562515025,55.34,0.1776565207366974
2025-01-08,LLOY,53.86000061035156,55.7400016784668,52.880001068115234,55.52000045776367,171903554,54.60999984741211,32.23685779071095,-0.0276990105453456,40.104159164342505,-42.228307392160346,,2.705,2.705,171903552.0,60617012971.0,0.0028358961218072,53.86,0.18615236124429
2025-01-09,LLOY,53.900001525878906,54.040000915527344,52.86000061035156,53.380001068115234,101445847,54.604000091552734,33.986985140121675,-0.0240646752164049,47.5609770280706,-119.60763004034747,,,2.705,101445858.0,60617012971.0,0.0016735542222862,53.9,0.1780306340627528
2025-01-10,LLOY,52.880001068115234,54.13999938964844,52.435001373291016,53.77999877929688,195490326,54.47000007629394,12.769013026902124,-0.0470071686289929,36.10316078840725,-182.6546705898571,,,2.705,195490309.0,60617012971.0,0.0032250072944624,52.88,0.1890249060781141
2025-01-13,LLOY,53.18000030517578,53.63999938964844,52.720001220703125,53.459999084472656,155457937,54.35200004577637,21.3773204272027,-0.0805113685427292,41.71598217475042,-157.89131347790692,,,2.705,155457925.0,60617012971.0,0.0025645923047111,53.18,0.1883109264401444
2025-01-14,LLOY,53.619998931884766,54.060001373291016,53.20000076293945,53.65999984741211,175172666,54.27200012207031,34.002830650272394,-0.1116756731500124,45.91547918518049,-93.14631599350824,,2.994,2.994,,,,,0.1774853134275493
2025-01-15,LLOY,57.119998931884766,57.15999984741211,54.70000076293945,54.70000076293945,209760980,54.5060001373291,99.15341950380665,-0.0836447050771997,65.25096923165862,210.05674024552184,,,2.994,209760778.0,60617012971.0,0.0034604274892323,57.12,0.2918097771622361
2025-01-16,LLOY,57.2599983215332,57.97999954223633,56.720001220703125,57.86000061035156,103256947,54.72799987792969,87.01530282308329,-0.0175564648585904,64.843744470269,267.3566165487836,,3.073,3.073,,,,,0.2882001113461258
2025-01-17,LLOY,58.540000915527344,58.91999816894531,57.5009994506836,58.040000915527344,180340227,55.14599990844727,94.14036328171186,0.0893825900332567,68.36555937621304,261.2259857740034,,,3.073,180340216.0,60617012971.0,0.0029750759260651,58.54,0.2960312000859622
2025-01-20,LLOY,58.65999984741211,59.0,58.29999923706055,58.43999862670898,108078956,55.43600006103516,94.82101715597264,0.2180310140551059,68.53147809199757,211.45799584282491,,,3.073,108078921.0,60617012971.0,0.0017829799870162,58.66,0.294468138314207
2025-01-21,LLOY,61.0,61.84000015258789,60.540000915527344,61.0,271182833,56.00200004577637,91.06857776061624,0.390378886082215,73.17437432702705,251.14700428968317,,,3.073,271182757.0,60617012971.0,0.0044737070289117,61.0,0.3203929692186298
2025-01-22,LLOY,61.70000076293945,62.060001373291016,60.720001220703125,61.5,211020378,56.78600006103515,96.25973391842533,0.5913603161704467,74.02597903016942,201.0548993046821,,,3.073,212020333.0,60617012971.0,0.0034977034104506,61.7,0.3206537273991721
2025-01-23,LLOY,62.540000915527344,62.540000915527344,61.040000915527344,61.040000915527344,213818158,57.65,100.0,0.8118068091116105,79.17261862976694,173.81170380456803,,,3.073,213817983.0,60617012971.0,0.0035273592762199,62.54,0.320914294862421
2025-01-24,LLOY,61.81999969482422,62.41999816894531,61.31999969482422,62.41999816894531,100919100,58.5439998626709,92.87480204532714,1.0195599860251408,72.7136480658713,139.9381845431065,,,3.073,100918969.0,60617012971.0,0.0016648621245702,61.82,0.3277078104208513
2025-01-27,LLOY,61.29999923706055,61.86000061035156,60.36000061035156,61.02000045776367,162717101,59.35599975585937,87.72882993924043,1.1978463864897102,72.17261161393455,105.4351956378364,,,3.073,258468680.0,60617012971.0,0.0042639626621597,61.3,0.3318172946617668
2025-01-28,LLOY,61.58000183105469,61.79999923706055,61.18000030517578,61.31999969482422,169466479,60.15200004577637,90.49976122749828,1.3500546582644108,81.53593854600261,99.6646302753088,,,3.073,169466459.0,60617012971.0,0.0027956913528727,61.58,0.3250378851184667
2025-01-29,LLOY,62.52000045776367,62.63999938964844,61.63999938964844,61.880001068115234,138268536,60.692000198364255,98.82411606849486,1.4898587365078677,82.80059676482398,102.6092693166034,,,3.073,112110003.0,60617012971.0,0.0018494808223829,62.52,0.3188488562438926
2025-01-30,LLOY,62.34000015258789,62.560001373291016,61.93999862670898,62.220001220703125,89430194,61.20000038146973,96.97581358432406,1.6082918565896616,88.45527129003725,91.75524361018644,,,3.073,89343657.0,60617012971.0,0.0014739039853834,62.34,0.3166643350467423
2025-01-31,LLOY,62.34000015258789,62.59999847412109,62.060001373291016,62.29999923706055,122019963,61.58000030517578,96.82204151797494,1.7034559917986831,88.16665389803127,84.27869736062792,,,3.073,122019913.0,60753502794.0,0.0020084424335785,62.34,0.293167520879278
2025-02-03,LLOY,61.27999877929688,61.70000076293945,60.29999923706055,61.119998931884766,113008056,61.84200019836426,82.87152587436576,1.758252693264901,80.34863654871037,53.3591774350745,,,3.073,113008001.0,60753502794.0,0.0018601067560364,61.28,0.3049110766641026
2025-02-04,LLOY,61.58000183105469,61.720001220703125,60.8759994506836,61.52000045776367,76487003,61.90000038146973,82.09463029643815,1.7856542955995982,73.67302732365243,54.28792220904155,,3.07,3.07,76486997.0,60753502794.0,0.0012589726268022,61.58,0.2900184430090028
2025-02-05,LLOY,61.97999954223633,61.97999954223633,61.060001373291016,61.20000076293945,75820898,61.92800025939941,87.15703725917821,1.7967606057811474,74.38015161044721,55.245148795255744,,,3.07,75820885.0,60753502794.0,0.0012480084524029,61.98,0.2899531812289193
2025-02-06,LLOY,63.34000015258789,63.36000061035156,62.380001068115234,62.59999847412109,167947965,62.008000183105466,99.60473414356676,1.8146739659692788,74.59014503266918,81.51198549205937,,,3.07,167947668.0,60753502794.0,0.0027644112730334,63.34,0.2942520186470709
2025-02-07,LLOY,62.560001373291016,63.58000183105469,62.41999816894531,63.36000061035156,124271192,62.08200035095215,68.90244966173664,1.819334371277492,68.71400842454555,75.46147637227091,,,3.07,124271172.0,60753502794.0,0.0020454980582991,62.56,0.302124570180007
2025-02-10,LLOY,62.79999923706055,63.400001525878906,62.52899932861328,62.540000915527344,107969780,62.23200035095215,76.2194519168257,1.815126169773268,60.81729854440933,78.48817720945802,,2.598,2.598,107969769.0,60753502794.0,0.0017771776775752,62.8,0.2134921280657555
2025-02-11,LLOY,62.79999923706055,63.18000030517578,62.380001068115234,62.84000015258789,94599581,62.354000091552734,76.2194519168257,1.8014428585058604,57.217835155075896,79.85351399016031,,,2.598,94587635.0,60753502794.0,0.0015569083369682,62.8,0.2134921280657555
2025-02-12,LLOY,63.900001525878906,63.900001525878906,62.86000061035156,62.959999084472656,204042858,62.49200019836426,100.0,1.795982075187165,58.62944014995431,122.06366697901028,,,2.598,204042696.0,60753502794.0,0.0033585338559302,63.9,0.2088295720831882
2025-02-13,LLOY,64.22000122070312,64.22000122070312,63.13999938964844,63.91999816894531,111306322,62.68000030517578,100.0,1.7969732781723065,66.04278374858096,138.74346073638705,,,2.598,111306036.0,60753502794.0,0.001832092486542,64.22,0.2086385250722252
2025-02-14,LLOY,64.16000366210938,64.41999816894531,63.47999954223633,64.30000305175781,170368157,62.86200065612793,93.68945208155677,1.7969036090812498,70.3704005594889,143.59080065994354,,,2.598,170367981.0,60753502794.0,0.0028042495192034,64.16,0.162275351497582
2025-02-17,LLOY,62.91999816894531,64.81999969482422,61.29999923706055,64.37999725341797,141336733,63.026000595092775,57.96457226867282,1.7722935878691914,58.3959634974736,61.92092308265386,,,2.598,141337484.0,60753502794.0,0.0023264088077232,62.92,0.176119336013393
2025-02-18,LLOY,63.2599983215332,63.68000030517578,62.7400016784668,63.13999938964844,114328877,63.19400024414063,65.48669877651193,1.7349773356254476,55.01353234530327,71.99882417944494,,,2.598,114328601.0,60753502794.0,0.0018818437743031,63.26,0.1706702915850085
2025-02-19,LLOY,62.84000015258789,63.36000061035156,62.41999816894531,63.18000030517578,101806411,63.28000030517578,56.19470482938937,1.6809980537512768,53.28083871245502,35.49224965640262,,,2.598,101802086.0,60753502794.0,0.0016756578850306,62.84,0.166907834649126
2025-02-20,LLOY,65.9000015258789,67.5999984741211,63.81600189208984,64.0999984741211,666438787,63.536000442504886,76.71236813818193,1.6643935910087853,66.66666666666666,243.52869686605865,,-1.226,-1.226,666438286.0,60753502794.0,0.0109695450525663,65.9,0.2342806335017205
2025-02-21,LLOY,67.19999694824219,67.30000305175781,65.37999725341797,65.9000015258789,283408993,64.0,94.05113646678647,1.6890325522430982,77.1062232674215,252.7240481471025,,-0.26,-0.26,257249802.0,60745740291.0,0.0042348615848231,67.2,0.2410833969491382
2025-02-24,LLOY,67.31999969482422,67.63999938964844,66.58000183105469,67.13999938964844,177521351,64.45200004577637,95.13678128733898,1.736295404438239,76.7225279584688,225.1239929050608,,,1.609,177521048.0,60732092988.0,0.0029230187741936,67.32,0.236958807410059
2025-02-25,LLOY,68.62000274658203,69.2300033569336,66.87999725341797,67.4000015258789,227974016,65.03400039672852,92.30768860733798,1.812044297366384,78.52234268228857,217.1551344763502,,3.679,3.679,227973693.0,60727109288.0,0.0037540679224303,68.62,0.2425334949302804
2025-02-26,LLOY,71.76000213623047,72.0,69.5999984741211,70.0999984741211,301841650,65.82000045776367,97.7570294704951,1.9476436474897465,81.37109068204902,249.9671171013445,,1.111,1.111,301841195.0,60727109288.0,0.0049704522171228,71.76,0.2682470305429083
2025-02-27,LLOY,71.72000122070312,71.87999725341797,70.77999877929688,70.77999877929688,155728220,66.57000045776367,97.38318916511967,2.1085704976009523,86.11986147960266,197.18891750733408,,1.113,1.113,155727967.0,60721740247.0,0.0025646163362008,71.72,0.2697935712672355
2025-02-28,LLOY,72.9800033569336,72.98200225830078,71.13200378417969,71.77999877929688,338012901,67.45200042724609,99.98288905281436,2.2922328221283674,87.15327694824406,175.85571566806806,,,1.113,338033705.0,60752892201.0,0.0055640759271446,72.98,0.2719458890008439
2025-03-03,LLOY,72.33999633789062,73.31999969482422,71.73999786376953,73.0,244900531,68.39400024414063,91.84689417960368,2.4650820185529865,83.26355246892315,149.0564017042544,,,1.113,244891267.0,60747217609.0,0.0040313166040993,72.34,0.273416844652333
2025-03-04,LLOY,71.41999816894531,72.95999908447266,71.0,72.08000183105469,134878965,69.21000022888184,84.19299955474042,2.60179626125178,76.55363928833323,116.4687614379762,,1.426,1.426,134878846.0,60737089315.0,0.0022206998643033,71.42,0.2737942802722434
2025-03-05,LLOY,73.08000183105469,74.13999938964844,72.45999908447266,73.04000091552734,295216104,70.23400039672852,91.74456739877758,2.729249397436248,78.58061899431881,126.18112872863394,,0.472,0.472,295214692.0,60729074764.0,0.0048611755266688,73.08,0.2785462134018256
2025-03-06,LLOY,72.73999786376953,74.45999908447266,72.3280029296875,74.31999969482422,257764007,70.91800003051758,86.93008175800732,2.8325714713025056,77.1862560852557,109.31673436671402,,1.799,1.799,257763714.0,60721697101.0,0.0042450018083528,72.74,0.2818176636784463
2025-03-07,LLOY,70.91999816894531,72.91000366210938,70.91999816894531,71.95999908447266,188578570,71.2900001525879,70.59800127621257,2.879859313438841,74.44985403434157,71.72710546817817,,,1.799,188578457.0,60710598618.0,0.0031061867498056,70.92,0.3015649004103211
2025-03-10,LLOY,69.18000030517578,71.62000274658203,69.05999755859375,71.18000030517578,349889268,71.47600021362305,56.146192875388046,2.8552226462767365,66.66665950695506,37.49996366762811,,,1.799,350110053.0,60694763364.0,0.0057683733092476,69.18,0.3197512859153909
2025-03-11,LLOY,67.22000122070312,68.62000274658203,67.05999755859375,68.37999725341797,196281942,71.33600006103515,31.980460602237784,2.749018314271493,61.34714450358867,-10.330260074577572,,0.776,0.776,320180404.0,60660973279.0,0.0052781943099953,67.22,0.3394473552265814
2025-03-12,LLOY,68.19999694824219,68.4000015258789,67.27999877929688,67.45999908447266,206727078,70.97999954223633,31.05725909855529,2.6066260474121385,56.67826434464996,-8.770521829992726,,0.755,0.755,,,,,0.332020677550817
2025-03-13,LLOY,68.31999969482422,69.44000244140625,68.0199966430664,68.23999786376953,112868480,70.63999938964844,22.08119886101233,2.444989867690213,53.49127686160131,-0.4719866293463576,,,0.755,112868255.0,60608617557.0,0.0018622476398484,68.32,0.3297914638706561
2025-03-14,LLOY,69.55999755859375,69.81999969482422,67.80000305175781,68.18000030517578,102579078,70.29799880981446,35.356196012988086,2.2939760270568224,56.52679600764184,4.688770730832155,,,0.755,102578550.0,60586263073.0,0.0016930991415727,69.56,0.2908982376314991
2025-03-17,LLOY,69.81999969482422,70.19999694824219,69.54000091552734,69.73999786376953,81117818,70.0459991455078,37.29731847457505,2.1564562046809166,53.72207250570548,17.2600131382483,,,0.755,81117578.0,60564989259.0,0.0013393476824227,69.82,0.2840621291312034
2025-03-18,LLOY,70.16000366210938,70.81999969482422,69.73999786376953,69.91999816894531,355043864,69.91999969482421,41.89196573371563,2.035112752679412,43.99400646435811,20.5545152277214,,,0.755,355043759.0,60556811943.0,0.0058629863034102,70.16,0.2841184326671157
2025-03-19,LLOY,70.58000183105469,71.0,69.9000015258789,69.94000244140625,123062339,69.66999969482421,47.5676154950909,1.932331752367783,45.83942199313021,19.900624802861127,,-0.032,-0.032,,,,,0.2774606842138867
2025-03-20,LLOY,71.54000091552734,71.62000274658203,69.9000015258789,71.41999816894531,153445921,69.55,60.54057342105073,1.857485336810168,44.62686023300383,32.60503692655113,,,-0.032,153445644.0,60542706930.0,0.0025345025318642,71.54,0.2287042285819842
2025-03-21,LLOY,70.58000183105469,71.27999877929688,70.0,71.0,267646157,69.51600036621093,47.5676154950909,1.784521541052121,43.58602642039072,9.75135623072518,,,-0.032,267633656.0,60533727369.0,0.0044212320574374,70.58,0.2335704038030355
2025-03-24,LLOY,72.36000061035156,72.4000015258789,71.05999755859375,71.22000122070312,100425696,69.83400039672851,71.62164809321881,1.7408941730122325,53.22360193194247,63.02714833458501,,1.445,1.445,100430469.0,60526944296.0,0.0016592687796835,72.36,0.2510819506815774
2025-03-25,LLOY,73.37999725341797,73.62000274658203,72.5,72.58000183105469,154240079,70.45,85.40538367083087,1.730246928997104,51.07602415355558,112.04186650320374,,1.492,1.492,,,,,0.2458986950986594
2025-03-26,LLOY,73.36000061035156,74.05999755859375,72.9800033569336,73.66000366210938,170809473,70.96600036621093,90.00004359654018,1.7365665164092003,52.276076784717,112.2785741005633,,,1.492,170820469.0,60524030284.0,0.0028223578006694,73.36,0.2407193640975266
2025-03-27,LLOY,74.0,74.0,72.19999694824219,72.66000366210938,145705643,71.53400039672852,99.14289202008928,1.7594421319538065,62.37944133639654,98.40233420051511,,1.668,1.668,305811272.0,60516055361.0,0.0050533907105432,74.0,0.2284929112900119
2025-03-28,LLOY,73.4000015258789,74.27999877929688,73.16000366210938,73.44000244140625,122117702,71.91800079345703,87.81167445104296,1.777912817875877,68.67259194443093,100.8195320729478,,1.748,1.748,122128206.0,60509222678.0,0.0020183403553191,73.4,0.2306365156647325
2025-03-31,LLOY,72.08000183105469,72.91999816894531,71.27999877929688,72.73999786376953,138963541,72.14400100708008,68.57147216796875,1.7675422682331607,72.79552484708988,39.50271292436432,,2.407,2.407,138766002.0,60509029338.0,0.0022933106598828,72.08,0.2206871741146221
2025-04-01,LLOY,72.5999984741211,73.4000015258789,71.94400024414062,72.66000366210938,115463759,72.38800048828125,74.074052270806,1.7439058886068497,71.56865751686884,59.23118095602644,,,2.407,115464180.0,60495836053.0,0.0019086302055374,72.6,0.1999495263966634
2025-04-02,LLOY,72.45999908447266,72.9000015258789,71.77999877929688,72.33999633789062,84774862,72.57600021362305,71.91356643817714,1.706985479054091,70.25442796632312,51.40549549476594,,,2.407,84774638.0,60489977523.0,0.0014014658538725,72.46,0.1648507725410619
2025-04-03,LLOY,69.69999694824219,71.41999816894531,69.45999908447266,70.73999786376953,167018827,72.39199981689453,4.979209107155011,1.6157495384637777,50.59625002599456,-34.82906182847328,,,2.407,167018690.0,60461495358.0,0.0027623976054687,69.7,0.2169902144606792
2025-04-04,LLOY,65.0,68.90699768066406,63.720001220703125,68.62000274658203,325638829,71.83399963378906,12.121203363870183,1.4165840877243825,35.10505516227096,-185.91058683575696,,2.368,2.368,325638749.0,60406639117.0,0.0053907774668489,65.0,0.3263196188145085
2025-04-07,LLOY,64.0199966430664,67.27999877929688,60.77999877929688,61.220001220703125,334145339,70.99999923706055,23.9999841760706,1.1413470301240165,31.74788138956714,-209.8736268399757,,,2.198,334265485.0,60344593564.0,0.0055392780903476,64.02,0.3197523286236889
2025-04-08,LLOY,66.31999969482422,67.4800033569336,64.91999816894531,65.13999938964844,193350831,70.29399948120117,41.03704381872107,0.8669519890939565,38.60961345058944,-129.94918772706518,,,2.198,168390652.0,60329494982.0,0.0027911828542612,66.32,0.3490768093203451
2025-04-09,LLOY,64.4000015258789,65.79299926757812,63.53799819946289,64.76000213623047,180728014,69.3979995727539,26.8148351598669,0.5748605408361223,31.841292977460284,-162.2672324456052,,,2.198,180733587.0,60300080471.0,0.0029972362489121,64.4,0.360283668836878
2025-04-10,LLOY,66.33999633789062,69.23999786376953,66.0,69.23999786376953,191915978,68.63199920654297,41.18516710069444,0.3166305044655548,39.72866096630201,-81.18763925362407,,2.04,2.04,272174833.0,60230285317.0,0.0045189032654835,66.34,0.3788871595868474
2025-04-11,LLOY,66.76000213623047,67.4800033569336,65.77999877929688,66.86000061035156,398027737,67.96799926757812,44.29632116247107,0.0991402725153514,35.47717571397989,-86.73189448298966,,,2.04,398029059.0,60174642215.0,0.0066145646130785,66.76,0.3755727311435637
2025-04-14,LLOY,68.73999786376953,69.0,67.54000091552734,67.95999908447266,86826609,67.63399887084961,58.96295618127893,-0.0500501272508909,38.53754538436485,-37.58541316975847,,2.208,2.208,86926414.0,60153165346.0,0.0014450846185732,68.74,0.3784084072167374
2025-04-15,LLOY,70.80000305175781,70.95999908447266,68.76000213623047,68.76000213623047,115490880,67.45399932861328,74.22225387008102,-0.1156304541091398,44.25494232752705,6.6326752999746414,,,2.208,115497187.0,60147671487.0,0.0019202270702193,70.8,0.3914911000248278
2025-04-16,LLOY,70.77999877929688,71.0999984741211,70.0199966430664,70.36000061035156,106517222,67.2859992980957,74.07407407407408,-0.1254233892538386,42.56694211382801,18.053805500006234,,,2.208,106517156.0,60147316167.0,0.0017709378038457,70.78,0.3914780785373264
2025-04-17,LLOY,70.31999969482422,71.0999984741211,66.94000244140625,70.95999908447266,84202176,67.3479995727539,75.59428557264881,-0.1067896576691929,42.843863337434016,-9.811876739688772,,,2.208,84202835.0,60143152323.0,0.0014000402663928,70.32,0.3918410008752169
2025-04-22,LLOY,71.27999877929688,71.4000015258789,70.05999755859375,70.31999969482422,197232243,67.97599945068359,83.20124972115234,-0.0557558331544016,48.10963394777111,26.77307724998604,,,2.208,197231922.0,60142799310.0,0.0032793937805154,71.28,0.3939843219618135
2025-04-23,LLOY,73.54000091552734,73.54000091552734,72.0,72.0,152942297,68.9279998779297,100.0,0.0490945574657291,52.05240625676734,77.55096197614843,,,2.208,152942134.0,60142455568.0,0.002542997829995,73.54,0.4102385653911748
2025-04-24,LLOY,72.66000366210938,73.37999725341797,72.30000305175781,73.33999633789062,120151468,69.5620002746582,93.10347095539018,0.1680279597401354,50.42302140070349,72.31395648908165,,,2.208,120151235.0,60142110883.0,0.0019977887911806,72.66,0.4125920712576678
2025-04-25,LLOY,73.0,73.23999786376953,72.44000244140625,72.76000213623047,86609543,70.42200012207032,95.76801861189288,0.2945951086996889,57.7756900610783,76.52484060130762,,2.088,2.088,,,,,0.4067664900751511
2025-04-28,LLOY,72.9000015258789,73.5999984741211,72.9000015258789,73.08000183105469,77187035,71.07800064086913,94.53980526594869,0.4170452240063614,73.76654699260978,83.25353549518067,,,2.088,77186646.0,60141424903.0,0.0012834189765954,72.9,0.4067254391765566
2025-04-29,LLOY,73.18000030517578,74.04000091552734,73.13999938964844,73.44000244140625,109899014,71.72000045776367,91.81107990920572,0.5340125115625509,78.76885903158436,91.78701568256731,,,2.088,109898840.0,60141084016.0,0.0018273505008782,73.18,0.3801632268343359
2025-04-30,LLOY,73.27999877929688,73.5199966430664,70.33999633789062,73.4800033569336,467866561,72.1740005493164,92.76326471456797,0.6417899451292497,75.36443999828728,63.8834739236082,,1.751,1.751,467865950.0,60128363954.0,0.0077811189134953,73.28,0.2759457637952741
2025-05-01,LLOY,71.33999633789062,72.86000061035156,71.0999984741211,72.0,77820492,72.22799987792969,67.3123017027585,0.705743110082576,75.25471576058801,50.15896364551418,-0.1259341463414634,1.429,1.429,77820433.0,60109006870.0,0.0012946551116425,71.34,0.2988303027927638
2025-05-02,LLOY,70.58000183105469,72.12000274658203,69.69999694824219,71.44000244140625,191448540,72.20800018310547,58.111402062522224,0.7251417421115974,66.87900604034347,28.09054006699541,0.33851,1.504,1.504,191446720.0,60083548442.0,0.0031863417684927,70.58,0.2721224635724499
2025-05-06,LLOY,71.62000274658203,71.68000030517578,70.58000183105469,70.9800033569336,88777942,72.33800048828125,65.91551142206572,0.7305374102106538,68.43703835769955,38.92993095102761,0.1951,,1.504,88775838.0,60069707854.0,0.001477880302261,71.62,0.2465252724680391
2025-05-07,LLOY,72.23999786376953,72.5999984741211,70.80000305175781,71.76000213623047,137274246,72.43400039672852,74.64783889294237,0.735100059422151,64.8054244902438,49.81545996527549,0.2557,0.875,0.875,137274087.0,60067758288.0,0.002285320626447,72.24,0.2459055947659572
2025-05-08,LLOY,72.63999938964844,73.12000274658203,72.16000366210938,72.68000030517578,168990983,72.34400024414063,80.28166441187564,0.7436077559174941,59.055110423597085,67.80415093148216,0.14011,0.873,0.873,168990795.0,60067198468.0,0.0028133623559958,72.64,0.2291113596256877
2025-05-09,LLOY,73.0199966430664,73.0199966430664,72.5,72.86000061035156,74741640,72.37999954223633,85.63373955390598,0.7585099458639428,60.64639651890128,70.74807163346937,0.4148,,0.873,74741550.0,60066590579.0,0.0012443115096019,73.02,0.2285525784808159
2025-05-12,LLOY,73.04000091552734,74.2770004272461,72.55999755859375,73.94000244140625,96104258,72.38399963378906,72.97359468059749,0.7752292418882242,63.492087520171,83.76819773854257,0.22885,,0.873,96103887.0,60063950921.0,0.001600026064326,73.04,0.2087469289254319
2025-05-13,LLOY,73.4000015258789,73.80000305175781,71.69999694824219,71.69999694824219,81960193,72.43399963378906,80.83901606388883,0.7961877069003503,61.18146312333962,65.49438307262093,0.09682857142857142,,0.873,81959601.0,60072396578.0,0.001364347115627,73.4,0.1834194252319207
2025-05-14,LLOY,74.94000244140625,74.94000244140625,73.44000244140625,73.5199966430664,121072846,72.60999984741211,100.0,0.8414596658798152,57.99088825968547,134.47595115585125,-0.07636,,0.873,121072229.0,60068428636.0,0.0020155717695508,74.94,0.1952601297969434
2025-05-15,LLOY,74.77999877929688,75.04000091552734,74.30999755859375,74.68000030517578,132893628,72.7599998474121,95.13104975533092,0.8951269991814353,63.18406024569708,144.0235234457549,0.15061999999999998,,0.873,132892888.0,60068084317.0,0.0022123710038542,74.78,0.1930668825860473
2025-05-16,LLOY,75.0,75.08000183105469,74.5199966430664,74.80000305175781,104857710,73.12600021362304,98.51297846754248,0.9527128756588864,62.62626554537661,143.6062260686187,0.20495,,0.873,104839985.0,60067463186.0,0.0017453706122957,75.0,0.1890407472716749
2025-05-19,LLOY,75.83999633789062,75.83999633789062,74.54000091552734,74.5999984741211,98566048,73.65199966430664,100.0,1.0209662979003216,66.97457366553812,163.40906178507475,0.102675,,0.873,98563876.0,60063164538.0,0.0016410037126439,75.84,0.1587770431678557
2025-05-20,LLOY,78.0199966430664,78.0199966430664,76.0,76.33999633789062,243945017,74.29199905395508,100.0,1.124781616920952,72.91665462532151,243.2708601921578,-0.013769230769230765,,0.873,243992865.0,60061686701.0,0.0040623711787291,78.02,0.1773555673627583
2025-05-21,LLOY,77.9800033569336,78.69999694824219,77.95999908447266,78.08000183105469,181142677,74.86599960327149,92.0000712076823,1.2422425989773755,72.38099044145162,225.04361100554692,-0.41355,,0.873,232844669.0,60061366701.0,0.003876779397298,77.98,0.1779026350857119
2025-05-22,LLOY,78.4800033569336,78.5999984741211,77.31999969482422,77.86000061035156,173830624,75.45,97.55562676323784,1.3672448053040385,89.40405604663873,173.64862751487712,0.23726666666666668,0.537,0.537,,,,,0.177299302246547
2025-05-23,LLOY,77.81999969482422,78.9800033569336,75.83999633789062,78.37999725341797,265113370,75.93000030517578,86.19043510247455,1.4767746822602947,90.40177792158582,126.6976646048926,0.046585714285714286,,0.537,265116587.0,60042444933.0,0.0044154861997348,77.82,0.1824766362757167
2025-05-27,LLOY,78.4800033569336,79.19000244140625,78.18000030517578,78.41999816894531,103375583,76.4740005493164,91.53755499257066,1.578029170511476,89.97668500210742,139.45114420124193,0.36782499999999996,,0.537,103374803.0,60030353817.0,0.0017220422074328,78.48,0.1833045882296874
2025-05-28,LLOY,76.62000274658203,78.73999786376953,76.62000274658203,78.5,116810465,76.79600067138672,65.68761268373179,1.63551700675891,72.30143389002492,86.95451754541443,0.015755555555555537,0.182,0.182,116809666.0,60018132927.0,0.0019462395829952,76.62,0.1774613470711881
2025-05-29,LLOY,77.22000122070312,77.62000274658203,76.33999633789062,77.27999877929688,198915839,77.02400054931641,73.69826734438186,1.6684040971997718,72.85429080924847,70.74296910803602,0.295925,,0.182,198911847.0,60005826769.0,0.0033148755331,77.22,0.1696803917266564
2025-05-30,LLOY,77.19999694824219,77.86000061035156,77.05999755859375,77.22000122070312,241372205,77.26600036621093,73.43118780112658,1.6800261342357936,71.63558705594961,71.908200874628,0.29453888888888885,,0.182,241371840.0,60228786944.0,0.0040075826236451,77.2,0.1660636181836964
2025-06-02,LLOY,77.80000305175781,77.95999908447266,76.9000015258789,76.9000015258789,102317832,77.54600067138672,81.44194432277713,1.68345402894068,73.24216814597756,69.5113263537152,0.015642857142857132,,0.182,102316110.0,60216540336.0,0.0016991363075508,77.8,0.1657505291840865
2025-06-03,LLOY,77.04000091552734,78.12000274658203,76.44000244140625,77.91999816894531,118194151,77.66600112915039,62.60866911514945,1.6656039756072087,67.10523674036001,52.80284004213468,0.011642857142857137,,0.182,118193382.0,60204200534.0,0.0019632082305162,77.04,0.1721959592184453
2025-06-04,LLOY,76.58000183105469,77.4000015258789,76.31999969482422,77.13999938964844,107346909,77.52200164794922,46.51643444980864,1.6242177808474283,58.57739116555605,33.1827921350412,0.1266142857142857,0.479,0.479,94368047.0,60191841842.0,0.0015677879943881,76.58,0.1749976482486391
2025-06-05,LLOY,76.68000030517578,76.68000030517578,75.7300033569336,76.22000122070312,121681757,77.39200134277344,46.252697649267205,1.5681426177121247,60.0,12.862043732486738,0.012283333333333328,,0.479,121680664.0,60190051220.0,0.0020216075835397,76.68,0.1748664852773332
2025-06-06,LLOY,76.91999816894531,77.27999877929688,76.36000061035156,76.66000366210938,80805117,77.2360008239746,51.18271983723964,1.5060551580013637,60.084019470975456,26.755512246976004,0.0526875,,0.479,80804780.0,60186158612.0,0.0013425807837466,76.92,0.1746504671605495
2025-06-09,LLOY,76.9800033569336,77.18000030517578,76.35800170898438,77.04000091552734,78074284,77.15200119018554,36.127177189427336,1.440978777887216,56.52176949311742,20.192300034646003,0.2983,,0.479,78074034.0,60181698400.0,0.0012973052618269,76.98,0.1602778978996185
2025-06-10,LLOY,75.68000030517578,76.95999908447266,75.5,76.81999969482422,103482213,76.87200088500977,4.8780538233786,1.3534153402038405,35.11455716598657,-31.63488606361064,-0.1393,,0.479,103481694.0,60166120935.0,0.0017199329521641,75.68,0.1726600033465093
2025-06-11,LLOY,76.05999755859375,76.87999725341797,75.72000122070312,76.05999755859375,137687116,76.81600036621094,15.176075557834494,1.2593255974923223,38.292675892008965,-38.1649615149946,0.0,,0.479,137686967.0,60148116644.0,0.0022891318079821,76.06,0.1731822973922046
2025-06-12,LLOY,76.81999969482422,77.12000274658203,75.45999908447266,75.4800033569336,132619247,76.77600021362305,36.46110955432513,1.1753327654491712,40.18912913302888,-31.872603012412927,-0.030274999999999996,,0.479,132618590.0,60140713210.0,0.0022051382985253,76.82,0.1722670454714661
2025-06-13,LLOY,76.5,76.54000091552734,75.33999633789062,75.81999969482422,85908285,76.70600051879883,30.12991748377022,1.0942872950962208,41.87194108466824,-73.04325457226246,0.2519,,0.479,75177013.0,60130821707.0,0.0012502242754359,76.5,0.1372530234360243
2025-06-16,LLOY,77.16000366210938,77.66000366210938,76.54000091552734,76.72000122070312,103355633,76.64200057983399,53.529603159465495,1.0273735822876418,41.87194108466824,9.83421287818497,,,0.479,103355264.0,60124508770.0,0.0017190205145022,77.16,0.1414087687792265
2025-06-17,LLOY,75.73999786376953,77.31999969482422,75.69599914550781,77.18000030517578,109818169,76.5120002746582,14.388510926749747,0.9478281533505885,44.27081884613703,-95.5208257812598,,0.535,0.535,,,,,0.1523546143405335
2025-06-18,LLOY,76.5999984741211,77.0,75.91999816894531,76.05999755859375,71508436,76.51399993896484,45.32371336595487,0.8760958276598784,46.09571304343649,-59.54170204526025,,,0.535,71508275.0,60096706591.0,0.0011898867518092,76.6,0.1569473835510773
2025-06-19,LLOY,75.4800033569336,76.66000366210938,75.4800033569336,76.55999755859375,41980242,76.39400024414063,5.036212096679026,0.7931552631900393,40.48677813102112,-121.08562401148605,,,0.535,41980017.0,60089137768.0,0.0006986290461028,75.48,0.1603267448479521
2025-06-20,LLOY,75.55999755859375,76.55999755859375,75.4800033569336,75.69999694824219,202054195,76.25800018310547,7.913694731613338,0.7070059727190071,36.85443444902725,-112.99117672194068,,0.725,0.725,212223216.0,60071072380.0,0.0035328687767967,75.56,0.1382379038043037
2025-06-23,LLOY,74.87999725341797,75.9000015258789,74.73999786376953,75.12000274658203,81415546,76.04799957275391,4.794490124918023,0.6109011857728922,37.203773475748655,-170.06943125952225,,,0.725,81415444.0,60049868145.0,0.0013557972151314,74.88,0.1374337052213777
2025-06-24,LLOY,76.66000366210938,76.91999816894531,75.77999877929688,76.22000122070312,100002889,76.14599990844727,65.75349266194794,0.5406010535143649,50.40984503589564,-16.010215724639817,,,0.725,100002722.0,60039391437.0,0.0016656185148867,76.66,0.1641831535590019
2025-06-25,LLOY,76.0199966430664,76.62000274658203,75.4800033569336,76.44000244140625,63065900,76.14199981689453,43.835487587888096,0.478716950644366,46.796104423263245,-66.28672178786675,,,0.725,63065793.0,60037105194.0,0.0010504469327129,76.02,0.1636419876157508
2025-06-26,LLOY,75.76000213623047,76.4800033569336,75.62000274658203,75.95999908447266,86863304,76.03600006103515,34.93158380167794,0.4201127656076669,44.37987232611179,-72.19213604958935,,,0.725,86861873.0,60029662281.0,0.0014469825366232,75.76,0.16071011861025
2025-06-27,LLOY,76.62000274658203,77.0,75.87999725341797,76.04000091552734,98600772,76.04800033569336,64.38360101481197,0.3793997832304664,48.38129373004318,14.583904806142494,,,0.725,98599875.0,60023643970.0,0.001642683923843,76.62,0.1663997405339882
2025-06-30,LLOY,76.69999694824219,77.13999938964844,75.95999908447266,76.9000015258789,86783208,76.00199966430664,67.12312302896812,0.35244643379783,55.151497403309,43.07862608740282,,,0.725,86782906.0,60023948300.0,0.0014458046905921,76.7,0.1650423968765593
2025-07-01,LLOY,76.36000061035156,77.30000305175781,75.9800033569336,76.83999633789062,103026972,76.06399993896484,55.479435948486014,0.3293025551291236,51.521313555715466,42.75247138138033,,,0.725,103026001.0,60017313000.0,0.0017166046903832,76.36,0.1657555137998492
2025-07-02,LLOY,73.54000091552734,77.5999984741211,72.85099792480469,76.9800033569336,270311976,75.75800018310547,14.327348070680886,0.2640176240400466,36.24161374520122,-257.0019578551954,0.1199875,,0.725,270326610.0,59983646047.0,0.0045066718649977,73.54,0.210243844712172
2025-07-03,LLOY,75.87999725341797,75.9800033569336,73.54000091552734,73.54000091552734,113286062,75.79799957275391,62.98597868404603,0.2124733670037126,47.77617296511549,-149.7376303933285,0.29787272727272723,0.535,0.535,113285965.0,59966638104.0,0.0018891498436768,75.88,0.2424104960131983
2025-07-04,LLOY,75.36000061035156,76.05999755859375,75.0199966430664,75.5999984741211,65462622,75.77799987792969,52.83222563341318,0.16346302086851,43.478244043538446,-88.7099332966108,0.23770000000000002,0.417,0.417,65462530.0,59953269982.0,0.0010918925693236,75.36,0.2352298436992711
2025-07-07,LLOY,75.68000030517578,75.83999633789062,75.16000366210938,75.5,152870985,75.85800018310547,59.57047911435415,0.1233429272730727,49.76378879883119,-69.04971473751519,0.19063333333333332,,0.417,152870903.0,59943855303.0,0.0025502347526244,75.68,0.2327479100335558
2025-07-08,LLOY,75.66000366210938,76.05999755859375,75.31999969482422,75.44000244140625,82252537,75.75800018310547,59.14940855732327,0.0902980750961952,46.03711392199862,-46.78639134765253,0.29403999999999997,,0.417,82252376.0,59937528882.0,0.0013723017537464,75.66,0.2323769084917859
2025-07-09,LLOY,75.55999755859375,76.36000061035156,75.30000305175781,76.05999755859375,184166593,75.71200027465821,57.04357381426306,0.06161876637337,50.36897732927277,-34.678830100387266,0.39737999999999996,,0.417,184166359.0,59930239918.0,0.0030730122097289,75.56,0.2298925766430763
2025-07-10,LLOY,76.04000091552734,76.9800033569336,76.04000091552734,76.12000274658203,178289236,75.7400001525879,67.15103436199216,0.0446968440497491,52.13524665552123,52.93768084490795,-0.0258,0.795,0.795,178288525.0,59924679271.0,0.0029752103335208,76.04,0.2216067447686409
2025-07-11,LLOY,75.68000030517578,76.19999694824219,75.05999755859375,75.87999725341797,60673496,75.64599990844727,59.57047911435415,0.0301858262428565,53.66301825046496,-43.49939381312184,0.276725,0.876,0.876,60672918.0,59914266374.0,0.0010126622868293,75.68,0.2182867893199641
2025-07-14,LLOY,76.5,76.54000091552734,74.81999969482422,74.81999969482422,64842231,75.62600021362304,76.8372637000551,0.0309604248215719,49.19676807539932,8.71928186282627,-0.15465714285714285,,0.876,64838761.0,59902748240.0,0.0010824004391288,76.5,0.2151466921357417
2025-07-15,LLOY,76.23999786376953,77.12000274658203,75.83999633789062,76.76000213623047,81239796,75.61399993896484,71.36238254284204,0.0370563985804493,51.148233450243225,77.55548399497694,0.23556999999999997,,0.876,81239341.0,59902299653.0,0.0013561973658874,76.24,0.2156433433352969
2025-07-16,LLOY,76.4000015258789,77.36000061035156,76.04000091552734,76.04000091552734,75069499,75.9,74.73158960963016,0.0486364521439463,53.37552572829363,107.05660326671024,-0.14835,,0.876,75070617.0,59900645263.0,0.0012532522257547,76.4,0.2157049510452574
2025-07-17,LLOY,78.19999694824219,78.95999908447266,77.5999984741211,77.76000213623047,105260269,76.13199996948242,87.55930607366629,0.0916537985136165,57.581552956612725,270.59437877598737,0.008764285714285724,,0.876,105259417.0,59899316075.0,0.0017572724347671,78.2,0.2270685297004887
2025-07-18,LLOY,77.80000305175781,78.5199966430664,77.22000122070312,78.36000061035156,150515034,76.37600021362304,81.01169074294478,0.1455298240429254,55.12107590188903,179.1160244332479,0.25451,1.155,1.155,150514808.0,59898851302.0,0.0025128162682307,77.8,0.2108181497976593
2025-07-21,LLOY,78.81999969482422,78.81999969482422,77.16000366210938,77.48400115966797,170174629,76.69000015258788,97.70830965669604,0.2193293478267046,60.77058284747679,189.28160198154225,0.0,,1.155,170174560.0,59897917543.0,0.0028410764009923,78.82,0.2141100711468287
2025-07-22,LLOY,77.9000015258789,78.5199966430664,77.33999633789062,78.19999694824219,75529349,76.91399993896485,80.44284286538759,0.2865699119352883,72.89918929575478,134.9574916073934,0.21725714285714284,,1.155,75527958.0,59896850951.0,0.001260967092607,77.9,0.216454893464949
2025-07-23,LLOY,77.63999938964844,78.30000305175781,77.26000213623047,78.19999694824219,134766315,77.12200012207032,68.11594469978144,0.3413732526803955,61.82797959340631,103.84786132956384,-0.0512,,1.155,125302417.0,59889052229.0,0.0020922424439257,77.64,0.2169789998780588
2025-07-24,LLOY,78.04000091552734,79.30000305175781,76.0199966430664,78.0,140580670,77.3220001220703,71.87497339080352,0.3911120331209538,68.30601377668594,95.45240350117122,0.21794000000000002,1.532,1.532,140580174.0,59879493378.0,0.0023477181597473,78.04,0.2166399781184201
2025-07-25,LLOY,79.04000091552734,80.0,77.08000183105469,78.27999877929688,280158764,77.65800018310547,81.46720023330039,0.450132048736429,71.00000381469727,137.42360263106738,0.036072727272727256,1.538,1.538,280158602.0,59876585888.0,0.0046789341417034,79.04,0.1668146696241274
2025-07-28,LLOY,78.23999786376953,79.81999969482422,78.0,79.69999694824219,112590183,77.83199996948242,66.02312678491737,0.4980859125636533,64.69243917126414,115.2287531525213,-0.059739999999999994,1.527,1.527,72589932.0,59874439805.0,0.0012123692887384,78.24,0.136629861770173
2025-07-29,LLOY,79.22000122070312,79.55999755859375,78.0,78.19999694824219,102168223,78.13000030517578,84.94210939490657,0.5510900487012497,68.9441111521803,111.41655586692698,0.01731627906976744,2.852,2.852,,,,,0.138097371396038
2025-07-30,LLOY,78.69999694824219,79.80000305175781,78.4800033569336,79.80000305175781,135023233,78.35999984741211,74.90341746777759,0.5949286231254789,63.711313285601136,103.6354361015112,0.40458571428571427,,2.852,135021266.0,59850393439.0,0.0022559795891336,78.7,0.1416087848726248
2025-07-31,LLOY,77.80000305175781,79.45999908447266,77.62000274658203,77.94000244140625,198367912,78.32000045776367,57.529018945346735,0.6150094708683407,60.35157807055255,59.644033501464456,0.018940000000000002,1.836,1.836,198373168.0,59864290819.0,0.003313714491328,77.8,0.1493163528711028
2025-08-01,LLOY,75.73999786376953,77.5,74.4000015258789,77.18000030517578,164670629,78.11399993896484,23.928512553763404,0.5848788539451109,46.68988713417296,-79.80896833652227,-0.2202,3.337,3.337,164670072.0,59822468912.0,0.0027526458702704,75.74,0.1791937542184071
2025-08-04,LLOY,82.55999755859375,82.56400299072266,79.68000030517578,80.72000122070312,466266950,78.4879997253418,99.9509378808155,0.6323322151777411,67.5166279769545,219.68213236965383,,2.861,2.861,465265415.0,59822210361.0,0.0077774694748377,82.56,0.3661560922048662
2025-08-05,LLOY,80.76000213623047,83.91999816894531,80.58000183105469,83.91999816894531,258192353,78.77399978637695,66.80675265766686,0.695767038547786,61.077241445615726,203.51212130988463,,1.688,1.688,258213079.0,59821903535.0,0.0043163634679215,80.76,0.3766433655669783
2025-08-06,LLOY,80.95999908447266,81.33999633789062,80.0199966430664,81.13999938964844,163354662,79.10599975585937,68.9075616783071,0.7674984151928759,57.63275171840773,135.43173147899188,,,1.688,163353416.0,59796594255.0,0.0027318180581219,80.96,0.375654855401817
2025-08-07,LLOY,80.4800033569336,81.41999816894531,80.12000274658203,81.04000091552734,86656239,79.35,63.86558797247967,0.8312622977749105,57.378857077798415,116.02967567037236,,,1.688,86656155.0,59785199884.0,0.0014494583135648,80.48,0.3763414900085419
2025-08-08,LLOY,80.94000244140625,81.0199966430664,80.30500030517578,80.36000061035156,194250259,79.5400001525879,68.69751283253393,0.8921341031530838,56.02273559767424,106.44633935644852,,,1.688,194251627.0,59769940942.0,0.003249988605284,80.94,0.3764498791400094
2025-08-11,LLOY,82.44000244140625,82.44000244140625,81.16000366210938,81.26000213623047,169210484,79.96000061035156,84.4538209095171,0.9699004797952716,62.48625093321594,145.01227650875143,,,1.688,169208122.0,59766545836.0,0.0028311511002209,82.44,0.3732432079125401
2025-08-12,LLOY,83.04000091552734,83.33999633789062,82.58000183105469,82.73999786376953,72394771,80.34200057983398,90.75632811216497,1.061541430281074,64.57884045540737,156.85123854310936,,,1.688,73393018.0,59763231356.0,0.0012280630805052,83.04,0.3733883365583668
2025-08-13,LLOY,83.44000244140625,83.9000015258789,82.94000244140625,83.19999694824219,52548412,80.8160011291504,94.95802629417256,1.1610370478818446,64.57884045540737,147.38813531910782,,,1.688,52547649.0,59759938230.0,0.0008793123044698,83.44,0.3720958992469462
2025-08-14,LLOY,83.58000183105469,83.9800033569336,83.16000366210938,83.16000366210938,57366305,81.39400100708008,95.82461952583084,1.2598274641867877,62.85391261446794,130.7460841256842,,,1.688,57366177.0,59756650625.0,0.0009599965259097,83.58,0.3704934871710911
2025-08-15,LLOY,82.77999877929688,84.16000366210938,82.77999877929688,83.9800033569336,85740480,82.0980010986328,85.86060880366273,1.3373621340350748,62.85391261446794,105.73327549646424,,,1.688,85740189.0,59753249287.0,0.0014349042106176,82.78,0.3694498845641124
2025-08-18,LLOY,82.9800033569336,83.41999816894531,82.4000015258789,82.81999969482422,238602929,82.1400016784668,87.90983558502043,1.3976524556835468,61.1374488981896,86.38722503898127,,,1.688,238595981.0,59742159367.0,0.0039937622531232,82.98,0.368644618081076
2025-08-19,LLOY,82.87999725341797,83.73899841308594,82.86000061035156,83.31999969482422,79553556,82.35200119018555,86.88518310933718,1.4391927640370752,62.697449992931446,86.57011649575625,,,1.688,79553086.0,59734752780.0,0.001331772248108,82.88,0.368974966691235
2025-08-20,LLOY,83.45999908447266,83.73999786376953,82.55999755859375,82.68000030517578,184896809,82.60200119018555,92.82782352026128,1.4727766947384209,67.53405691223315,82.58481891457646,,,1.688,184892668.0,59724944692.0,0.0030957361108241,83.46,0.3675523319228892
2025-08-21,LLOY,83.69999694824219,84.12000274658203,83.30000305175781,83.81999969482422,86999236,82.9240005493164,89.73200068800739,1.500085466673195,77.79329348501905,90.00459712537467,,,1.688,86998864.0,59718057409.0,0.0014568267585155,83.7,0.3642940148245569
2025-08-22,LLOY,84.0999984741211,84.62000274658203,83.63999938964844,83.94000244140625,129810324,83.2400001525879,88.69557429361852,1.5249923122243163,59.74683935492033,96.5735321170787,,,1.688,129809874.0,59712441077.0,0.0021739167191742,84.1,0.3628167135270324
2025-08-26,LLOY,83.04000091552734,84.27999877929688,82.9800033569336,84.05999755859375,270173252,83.3,65.65217968195418,1.5267006109365522,65.921771041561,66.98384436434175,,1.792,1.792,270172921.0,59691414744.0,0.0045261604563855,83.04,0.3656022944054504
2025-08-27,LLOY,82.62000274658203,83.95999908447266,82.19999694824219,83.36000061035156,145282073,83.25800018310547,55.55555555555556,1.5035984730798342,61.24662983608184,43.08611569792349,,,1.792,145280437.0,59652075790.0,0.0024354632269872,82.62,0.3629700154728882
2025-08-28,LLOY,82.30000305175781,83.12000274658203,81.77200317382812,83.0,129086340,83.14400024414063,46.23410470034089,1.4576242731772886,62.60386055343687,16.069677728171577,,,1.792,75085340.0,59623007385.0,0.0012593349999129,82.3,0.3469307675791481
2025-08-29,LLOY,79.5199966430664,81.5999984741211,77.94000244140625,81.27999877929688,237182612,82.7379997253418,23.652606728714503,1.3520487522516964,42.557634219935714,-117.45644349007512,,,1.792,237181600.0,59551442311.0,0.0039828019405701,79.52,0.1793573741671397
2025-09-01,LLOY,80.05999755859375,80.33999633789062,79.66000366210938,79.80000305175781,83956870,82.46599960327148,31.736452400232537,1.2201845278648868,36.13053530144051,-135.82764567519266,0.3508,,1.792,83953243.0,59503026640.0,0.0014109071040692,80.06,0.1818698744553414
2025-09-02,LLOY,78.5,80.41999816894531,78.0199966430664,80.31999969482422,140465038,82.01799926757812,8.383196601950065,1.0510856966884257,26.2054862771097,-166.3118874984206,0.1933,,1.792,140462433.0,59454166832.0,0.0023625330314846,78.5,0.1785913452658601
2025-09-03,LLOY,78.80000305175781,79.05999755859375,77.37999725341797,78.55999755859375,171791383,81.60999984741211,19.61332487496865,0.8699041120430657,25.423778127278112,-161.8177148858074,-0.015333333333333329,,1.792,171790922.0,59410760937.0,0.0028915792238744,78.8,0.179037627047846
2025-09-04,LLOY,80.4800033569336,80.63999938964844,78.68000030517578,78.83999633789062,71708142,81.3120002746582,42.81773137385902,0.7154678658981817,35.883455289947776,-88.61464274808202,-0.18730238095238094,,1.792,71707808.0,59404908327.0,0.0012071024098762,80.48,0.1950819002945119
2025-09-05,LLOY,79.36000061035156,80.9000015258789,79.18000030517578,80.80000305175781,88938849,80.87800064086915,27.34809191516625,0.5663911973190905,34.867289260260506,-88.72722838960173,-0.028311111111111113,,1.792,88938486.0,59395516354.0,0.0014973939357631,79.36,0.1999358866593937
2025-09-08,LLOY,80.12000274658203,80.18000030517578,79.5199966430664,79.77999877929688,84965111,80.48000106811523,37.84535102564697,0.4393231235302112,37.94267797822602,-79.11327723440843,0.539153488372093,,1.792,64273350.0,59388845915.0,0.0010822461526191,80.12,0.1906997168257133
2025-09-09,LLOY,81.58000183105469,81.66000366210938,80.33999633789062,80.73999786376953,156255088,80.33400115966796,58.01106893637469,0.3550028553988393,45.08322786654686,-26.213296283810383,0.5051692307692307,,1.792,156259299.0,59385449644.0,0.0026312724739264,81.58,0.2009543149994417
2025-09-10,LLOY,81.62000274658203,81.9800033569336,81.25299835205078,81.76000213623047,583767076,80.23400115966797,58.56356735043131,0.30172535940679,42.7444984759271,-6.899135021896609,0.5217857142857143,,1.792,583761380.0,59382080161.0,0.0098305983626251,81.62,0.199931778142317
2025-09-11,LLOY,82.18000030517578,82.37999725341797,81.36000061035156,82.22000122070312,143717980,80.22200088500976,66.29833439062892,0.2789445068264357,44.153862496089936,10.839021012824109,0.20201666666666665,,1.792,143720560.0,59378725931.0,0.0024204049134871,82.18,0.2017002944369375
2025-09-12,LLOY,82.5999984741211,82.87999725341797,82.22000122070312,82.30000305175781,166467992,80.53000106811524,75.65217487452966,0.2825376239859208,44.23963322664685,39.038808279716726,0.14824,,1.792,166483112.0,59375397683.0,0.0028039073167785,82.6,0.1999252153753282
2025-09-15,LLOY,84.45999908447266,84.45999908447266,82.97599792480469,83.5,96521867,80.97000122070312,100.0,0.3315043403072597,55.13747256290107,96.01566795966356,-0.539225,,1.792,96521513.0,59372117563.0,0.0016257044040509,84.46,0.2153312961933625
2025-09-16,LLOY,82.94000244140625,84.72000122070312,82.9280014038086,84.45999908447266,519724867,81.41400146484375,75.74934853944987,0.3813372092265391,51.07238461951479,74.9789731328913,0.15512,,1.792,519723277.0,59368835140.0,0.0087541430748038,82.94,0.2255881864215995
2025-09-17,LLOY,83.12000274658203,83.41999816894531,82.45999908447266,83.0999984741211,61959943,81.84600143432617,78.2016674479689,0.431103299584665,52.774016709295935,53.47668416256245,0.09240000000000001,,1.792,127132442.0,59365519790.0,0.0021415198999304,83.12,0.2242866177258848
2025-09-18,LLOY,83.80000305175781,83.91999816894531,83.05999755859375,83.26000213623047,74695669,82.1780014038086,87.4659717754132,0.4880851498381575,66.87699647351101,76.88163297708472,0.1904,,1.792,74695571.0,59362227297.0,0.0012583013542649,83.8,0.2260069243780639
2025-09-19,LLOY,82.13999938964844,84.37999725341797,81.36000061035156,84.37999725341797,252775174,82.45600128173828,64.85013029211002,0.5190057821561322,57.536236851736575,40.22854479673828,0.08205714285714286,,1.792,252773857.0,59357135481.0,0.0042585251958614,82.14,0.2359699164609251
2025-09-22,LLOY,81.9800033569336,82.58000183105469,81.69999694824219,82.16000366210938,124710281,82.64200134277344,62.67034900823122,0.5282352749031876,64.03226987380123,22.761933489712817,0.20868333333333333,2.128,2.128,124709377.0,59346920257.0,0.0021013622351412,81.98,0.2320626947877336
2025-09-23,LLOY,82.08000183105469,83.0,81.5199966430664,82.19999694824219,80462567,82.69200134277344,56.29140745886885,0.5237768185420029,63.44262131053019,31.765335247168835,0.19473333333333334,,2.128,80461985.0,59338896180.0,0.0013559737403258,82.08,0.2315110087282031
2025-09-24,LLOY,82.36000061035156,83.0,81.04000091552734,81.55999755859375,82081022,82.7660011291504,57.400718044341374,0.5142461641821334,58.70369467715285,31.1951135375756,,,2.128,82080751.0,59327479063.0,0.001383519952244,82.36,0.2314330414837603
2025-09-25,LLOY,81.37999725341797,82.36000061035156,81.18000030517578,82.05999755859375,89039714,82.68600082397461,35.76921101859664,0.4852285148089782,59.474659450468685,9.53913889991006,,,2.128,89039358.0,59308746876.0,0.0015012854374778,81.38,0.1997702609183238
2025-09-26,LLOY,83.0,83.18000030517578,81.51000213623047,81.69999694824219,115990917,82.7260009765625,60.73060951478498,0.4702582113462379,62.4999917215747,50.59342182406321,,,2.128,115989710.0,59307518892.0,0.0019557336433381,83.0,0.2097848093769788
2025-09-29,LLOY,82.80000305175781,83.62000274658203,82.5999984741211,83.41999816894531,69134985,82.56000137329102,47.82614104012688,0.460614632113621,55.945428235318616,68.28001288048507,,,2.128,69134509.0,59307207461.0,0.0011657016399813,82.8,0.1949422354494119
2025-09-30,LLOY,83.81999969482422,84.0199966430664,82.55999755859375,82.95999908447266,99152808,82.64800109863282,75.54343882490748,0.4700388895875217,59.78647179565152,89.57036014976781,,,2.128,99152236.0,59283467654.0,0.001672510733999,83.82,0.1978779303561649
2025-10-01,LLOY,83.41999816894531,84.05999755859375,82.76000213623047,83.4800033569336,171949071,82.67800064086914,64.67383304481233,0.4834673581193223,55.5956611583052,83.34690530016702,,2.32,2.32,171948136.0,59282795531.0,0.0029004728009171,83.42,0.1782830695760272
2025-10-02,LLOY,83.76000213623047,84.94000244140625,83.5999984741211,83.94000244140625,91325825,82.6740005493164,69.74359375641896,0.5030242908734994,55.27274391867897,121.69522198644329,,,2.32,88501276.0,59282481117.0,0.0014928740216748,83.76,0.1764707679988537
2025-10-03,LLOY,84.36000061035156,84.88999938964844,83.81999969482422,84.16000366210938,63734323,82.89600067138672,85.12816399670567,0.5338233506607949,49.48666069787826,132.5027572865248,,2.339,2.339,63733166.0,59281866994.0,0.0010750870246115,84.36,0.1674094970694617
2025-10-06,LLOY,84.33999633789062,84.72000122070312,83.26000213623047,84.5,139393600,83.13199996948242,84.61523413428903,0.5685183723879492,58.495102931944736,104.5547381286078,,,2.339,139392154.0,59272216051.0,0.0023517284030693,84.34,0.1664030448304517
2025-10-07,LLOY,83.30000305175781,85.63300323486328,83.05999755859375,84.08000183105469,132788497,83.25400009155274,49.20533409522038,0.5859482833650619,50.98901283163768,88.14794353203206,,2.591,2.591,131662493.0,59258444175.0,0.0022218351297104,83.3,0.1725781665298112
2025-10-08,LLOY,86.37999725341797,86.63999938964844,84.25700378417969,84.30000305175781,168075543,83.65599975585937,95.3571034450813,0.6394470666373782,61.21737353606749,206.55430295762707,,2.761,2.761,168074910.0,59258444175.0,0.0028363031183141,86.38,0.202159560339883
2025-10-09,LLOY,83.5,84.81999969482422,82.81999969482422,84.5,333028579,83.86800003051758,43.92856704945348,0.6653425223321572,55.345920248747326,36.08724231132322,,3.092,3.092,,,,,0.2271751217056679
2025-10-10,LLOY,82.9000015258789,84.31999969482422,82.9000015258789,83.62000274658203,72798782,83.85800018310547,33.21430566360083,0.6614901890674305,53.49543685279082,3.764941340486295,,,3.092,72797834.0,59225722528.0,0.0012291590696185,82.9,0.2266752233640951
2025-10-13,LLOY,83.68000030517578,84.44000244140625,83.0199966430664,83.0199966430664,108901859,83.94599990844726,47.14285908913179,0.6501312186909883,55.78034602419468,36.03954694486243,,3.348,3.348,108900168.0,59216977864.0,0.0018390024605798,83.68,0.2170913561341784
2025-10-14,LLOY,84.18000030517578,84.19999694824219,83.0199966430664,83.5,87298233,83.98199996948242,54.9450641581884,0.6411581170193794,56.472265286067234,42.09798577064353,,,3.348,87298002.0,59202728907.0,0.0014745604402312,84.18,0.217477170668952
2025-10-15,LLOY,84.86000061035156,85.31999969482422,83.81999969482422,84.19999694824219,105188882,84.12600021362304,65.30214946780112,0.6435384951232404,62.64537309493671,108.3090137886935,,3.381,3.381,,,,,0.2187476713238892
2025-10-16,LLOY,84.4800033569336,85.08000183105469,83.80000305175781,84.30000305175781,65744751,84.19800033569337,47.05894452609888,0.6453808423959136,55.91056532556906,81.99210352804722,,,3.381,65744616.0,59196971472.0,0.0011106077619375,84.48,0.2142191383781695
2025-10-17,LLOY,82.44000244140625,84.04000091552734,81.81999969482422,82.19999694824219,125348100,84.00600051879883,12.86312833687103,0.6127714068379656,48.74651470200702,-58.19714941859509,,,3.381,125346802.0,59158239789.0,0.0021188392766092,82.44,0.2221896057823364
2025-10-20,LLOY,83.0,83.88899993896484,82.77999877929688,83.4800033569336,65265746,83.87200088500977,24.4813356823006,0.5678155057363832,47.050357895799934,-26.84980446699232,,3.639,3.639,65265433.0,59153526296.0,0.0011033227786525,83.0,0.2187778419845107
2025-10-21,LLOY,83.33999633789062,83.77999877929688,82.91999816894531,83.5,90882361,83.87600021362304,31.535202060253223,0.5216080184475282,49.710975648747485,-22.651770454438864,,,3.639,90882288.0,59145998183.0,0.001536575436918,83.34,0.2193599135716347
2025-10-22,LLOY,84.4800033569336,84.73999786376953,83.58000183105469,83.5999984741211,225710283,83.68600082397461,55.18680146319767,0.4940376300099485,52.45902322798781,60.6061330784851,,,3.639,225710075.0,59145234953.0,0.0038162004966141,84.48,0.2239838773884816
2025-10-23,LLOY,85.45999908447266,86.54000091552734,83.52200317382812,83.86000061035156,262060724,83.88200073242187,75.5186643176994,0.4941031471699288,53.66178374652499,142.99387676532783,,3.141,3.141,262057608.0,59144881373.0,0.0044307740909533,85.46,0.2270479386695448
2025-10-24,LLOY,85.86000061035156,85.86000061035156,83.9739990234375,85.5,189509936,84.17800064086914,83.8174516870935,0.516742509751292,54.935085652457815,133.9498319204614,,2.732,2.732,175419382.0,59143505224.0,0.002965995697002,85.86,0.2273541941232605
2025-10-27,LLOY,87.83999633789062,87.83999633789062,85.4209976196289,85.5999984741211,194368221,84.59400024414063,100.0,0.5827558432375664,63.89228440398672,256.9654695368,,3.234,3.234,194367796.0,59143216755.0,0.0032863920270885,87.84,0.2394400362638473
2025-10-28,LLOY,87.86000061035156,87.86000061035156,86.16000366210938,87.77999877929688,100561949,84.96200027465821,100.0,0.6714855514079565,55.572305509196354,217.880539952353,,3.248,3.248,,,,,0.2334153991139072
2025-10-29,LLOY,88.58000183105469,88.94000244140625,87.76000213623047,88.0,150424830,85.33400039672851,94.94381360281945,0.7797588327834222,72.84174488171689,227.3402896417236,,,3.248,150424425.0,59141939506.0,0.0025434476152872,88.58,0.1969953276323199
2025-10-30,LLOY,88.81999969482422,89.13999938964844,87.87999725341797,89.05999755859375,139509667,85.76800003051758,95.62841928736032,0.8966575805369248,77.50929921564679,185.4638191665819,,2.934,2.934,139509296.0,59131228364.0,0.0023593167241716,88.82,0.1484086351388017
2025-10-31,LLOY,89.08000183105469,89.26000213623047,88.27999877929688,88.66000366210938,85541900,86.43199996948242,97.580641853368,1.0149390962191007,76.36720045120725,160.87145704628702,,4.284,4.284,,,,,0.1433361237775906
2025-11-03,LLOY,89.4000015258789,89.54000091552734,88.76000213623047,89.30000305175781,110062034,87.0720001220703,98.1865366902664,1.1306789482824615,75.944346359428,145.54408546322966,0.256425,,4.284,110061656.0,59128396430.0,0.0018614009958869,89.4,0.1426918349825253
2025-11-04,LLOY,88.9000015258789,89.04000091552734,87.4000015258789,89.0,325730720,87.62800064086915,91.70985377654968,1.228204206520379,70.44535444647877,100.30843618175687,-0.18966666666666665,4.315,4.315,304649381.0,59114957303.0,0.0051535075875719,88.9,0.1448189031002557
2025-11-05,LLOY,89.55999755859375,89.55999755859375,88.41999816894531,88.5199966430664,195068630,88.13600006103516,100.0,1.316931000441521,74.9999812268762,108.28998345374332,0.13756,3.259,3.259,,,,,0.1444825682941057
2025-11-06,LLOY,91.13999938964844,92.0189971923828,90.55999755859376,91.23999786376952,196133174,88.70400009155273,90.48600547988644,1.4176983365156928,94.84535920301904,146.67411216545352,0.12891,,3.259,196132204.0,59079535835.0,0.0033197993387721,91.14,0.1533469370624539
2025-11-07,LLOY,90.5999984741211,92.08000183105467,90.37999725341795,91.4800033569336,125847700,89.1779998779297,83.84276457163799,1.5088834403782851,89.25618922789427,123.70199233237692,0.1332,,3.259,107244261.0,59069093700.0,0.0018155731581844,90.6,0.1544425696175419
2025-11-10,LLOY,92.91999816894533,92.95999908447266,91.2979965209961,91.73999786376952,106639986,89.68600006103516,99.5761715102861,1.6228577024776123,91.08061244520056,142.8314693875612,0.2789,,3.259,106634663.0,59058780845.0,0.0018055683079517,92.92,0.1359818220100212
2025-11-11,LLOY,94.62000274658205,95.12000274658205,93.23999786376952,93.23999786376952,153595500,90.3620002746582,95.68891172254736,1.7685648074893,91.48935506024849,168.6105384455323,0.014950000000000005,,3.259,153590681.0,59048681012.0,0.0026010857205902,94.62,0.1406388203838322
2025-11-12,LLOY,95.16000366210938,95.86100006103516,94.5199966430664,94.5199966430664,188622617,91.02000045776369,94.10283218863545,1.9311077187387795,91.17147411091372,164.89682567259268,0.22575714285714282,,3.259,188611472.0,59038754815.0,0.0031947061314389,95.16,0.1407077689894235
2025-11-13,LLOY,94.12000274658205,95.73999786376952,94.12000274658205,95.4800033569336,80264328,91.55000076293943,83.32378441265368,2.0746882268639864,83.25281111114523,138.09517134872308,0.038500000000000006,,3.259,80264222.0,59028759045.0,0.0013597477449731,94.12,0.1541402600314001
2025-11-14,LLOY,91.5,91.77999877929688,90.12000274658205,90.27999877929688,150556292,91.79200057983398,55.04585424319854,2.1523274928262444,64.01225141692788,52.573352772274966,0.029625000000000002,,3.259,148105329.0,59018304114.0,0.0025094812740454,91.5,0.192819238821633
2025-11-17,LLOY,90.83999633789062,91.9800033569336,90.58000183105467,91.45999908447266,226193713,91.93600006103516,40.6570784490532,2.169130524396402,60.8758871251576,45.68445743562053,0.28544,,3.259,226193526.0,59007900291.0,0.0038332752883006,90.84,0.1946293064015137
2025-11-18,LLOY,89.08000183105469,89.13999938964844,87.9000015258789,88.31999969482422,111242007,91.95400009155271,19.855816050495942,2.113898168488064,51.69606449682764,-23.75531825758714,-0.11704444444444444,,3.259,111340561.0,58997154173.0,0.001887219181344,89.08,0.210193535799236
2025-11-19,LLOY,87.62000274658203,89.12000274658203,87.44000244140625,88.87999725341797,119681922,91.76000061035155,2.600180342651037,1.988299364419064,46.24061264585953,-49.628478394567615,0.03215714285714285,,3.259,119681720.0,58986370991.0,0.0020289724217524,87.62,0.2041420846667257
2025-11-20,LLOY,87.41999816894531,88.69999694824219,87.41999816894531,88.4800033569336,84605418,91.38800048828124,0.2363390441839495,1.8174576380515537,44.77986570354014,-62.62909859706058,-0.20095,,3.259,84605347.0,58975584107.0,0.00143458260365,87.42,0.2042917446994624
2025-11-21,LLOY,87.12000274658203,87.31999969482422,85.81999969482422,86.0999984741211,90232708,91.04000091552734,12.94694755845707,1.6182857247433444,42.82116474106189,-101.08461971684382,0.13954999999999998,,3.259,90232524.0,58964635769.0,0.0015302820550523,87.12,0.2046162849445142
2025-11-24,LLOY,87.37999725341797,88.16000366210938,87.0199966430664,87.95999908447266,322917616,90.4860008239746,15.53627628421678,1.4122575799149186,45.14065111323798,-78.52987225230967,0.4019,,3.259,323264163.0,58953795370.0,0.0054833477805993,87.38,0.2025579738679466
2025-11-25,LLOY,90.68000030517578,90.6999969482422,88.72000122070312,89.13999938964844,105398180,90.09200057983398,48.40155794342957,1.2621632184377949,53.06346376894462,-3.525667616018644,0.5258237288135593,,3.259,105996646.0,58943151672.0,0.0017982860263366,90.68,0.2441235190322828
2025-11-26,LLOY,93.8000030517578,95.3000030517578,89.81500244140625,90.83999633789062,237528005,89.95600051879883,79.47418649427776,1.2018963595093166,56.71040030055647,83.66208286339008,-0.37366666666666665,,3.259,237581185.0,58938852696.0,0.0040309774305485,93.8,0.2712335931245908
2025-11-27,LLOY,96.5999984741211,96.5999984741211,93.41999816894533,93.63999938964844,255834317,90.20400009155271,100.0,1.2430238539785936,63.58695539499736,143.2126716547379,0.48091999999999996,,3.259,255832490.0,58938595600.0,0.0043406614527476,96.6,0.2874706544439524
2025-11-28,LLOY,96.13999938964844,96.94000244140624,95.91999816894533,96.5999984741211,110022728,90.66800003051758,92.80572972876548,1.3353752740690752,57.96241598988181,145.43543812604003,0.21703333333333333,,3.259,110119903.0,58933895530.0,0.0018685325653374,96.14,0.289234783695593
2025-12-01,LLOY,95.5,95.83999633789062,94.44000244140624,95.5,303224784,91.13400039672852,87.05034095563632,1.4417372374806798,52.29644424747118,100.98231452723414,0.0,,3.259,304042077.0,58928391817.0,0.0051595176386993,95.5,0.2897172484380921
2025-12-02,LLOY,97.36000061035156,97.73999786376952,95.23999786376952,95.66000366210938,99174451,91.9620002746582,96.81210308900918,1.5776942807551246,55.371087419915554,121.9147835148753,,,3.259,99173831.0,58918552113.0,0.0016832360511812,97.36,0.294860753624621
2025-12-03,LLOY,95.95999908447266,97.08000183105467,95.54000091552734,96.81999969482422,81719120,92.79599990844729,85.06712204088895,1.6991417627875447,54.41457932155487,95.84142832097868,,,3.259,81708294.0,58908706776.0,0.0013870325537903,95.96,0.3020036600423799
2025-12-04,LLOY,96.95999908447266,97.3219985961914,95.91999816894533,96.66000366210938,115038191,93.75,93.45638507454662,1.8172101834157703,64.2039565688037,96.6670060078231,,,3.259,115037870.0,58898828965.0,0.00195314358573,96.96,0.2986283657445569
2025-12-05,LLOY,95.76000213623048,97.45999908447266,95.76000213623048,97.1999969482422,88627417,94.61399993896484,83.38929503615643,1.9036842920628825,62.449415652083935,78.95905703600013,,,3.259,88627212.0,58889057382.0,0.0015049860863809,95.76,0.3021196048944257
2025-12-08,LLOY,95.6999969482422,96.0,95.0199966430664,95.76000213623048,180313050,95.44599990844726,82.88589573073865,1.96052635307086,68.32778519407222,57.31256028501095,,,-0.079,172431677.0,58879081892.0,0.0029285727878074,95.7,0.2833861928234313
2025-12-09,LLOY,94.31999969482422,96.1999969482422,94.31999969482422,95.54000091552734,198866911,95.80999984741212,71.30873578609018,1.9693303795923571,68.63180906650643,43.11721940658997,,,-0.079,198863676.0,58879081892.0,0.0033774928142522,94.32,0.2876598429710921
2025-12-10,LLOY,94.83999633789062,95.54000091552734,93.73400115966795,93.83999633789062,281700134,95.91399917602538,75.67112440139326,1.9513713155796013,70.27323256411196,38.78647824935396,,,-0.079,281700044.0,58879081892.0,0.0047843824147379,94.84,0.2855061533019338
2025-12-11,LLOY,95.0199966430664,95.0999984741211,93.08000183105467,93.72000122070312,85150003,95.75599899291991,74.62685717376513,1.9160033385093516,71.72716468419833,32.75957110089562,,,-0.079,85149754.0,58879081892.0,0.0014461800568865,95.02,0.2650981116030032
2025-12-12,LLOY,93.72000122070312,96.0,93.72000122070312,95.31999969482422,111083279,95.5139991760254,55.43239313557236,1.8464702129188788,66.49325203248804,31.413576709588384,,,-0.079,129081209.0,58879081892.0,0.0021923101524709,93.72,0.269050908485776
2025-12-15,LLOY,95.13999938964844,95.66000366210938,94.1999969482422,94.1999969482422,101837649,95.47799911499024,67.19242932577293,1.7776148377904446,62.86044402753096,39.08132324819047,,,-0.079,101837109.0,58879081892.0,0.0017295974347357,95.14,0.2609788696010446
2025-12-16,LLOY,95.0199966430664,95.0999984741211,94.0199966430664,95.0,131272370,95.24399871826172,41.63082539968402,1.7068276585392708,54.25381642938734,28.82389908781067,,,-0.079,131272129.0,58879081892.0,0.0022295206511675,95.02,0.2510832611963658
2025-12-17,LLOY,95.94000244140624,96.95999908447266,95.375,95.58000183105467,161980289,95.24199905395508,61.37345590582765,1.6493283924934865,47.35154060509798,59.54345099367441,,,-0.079,161979352.0,58879081892.0,0.0027510509130749,95.94,0.2505905522681146
2025-12-18,LLOY,96.33999633789062,96.33999633789062,95.0770034790039,96.13999938964844,70326403,95.17999877929688,69.95702322383124,1.6057944555267478,50.806439704373126,53.57228409787538,,,-0.079,70319761.0,58879081892.0,0.0011943080418438,96.34,0.2487334995512447
2025-12-19,LLOY,97.41999816894533,97.41999816894533,96.16000366210938,96.87999725341795,331404971,95.34599838256835,93.13304791296588,1.5868667052467995,57.476630516160775,96.88257948726998,,,-0.079,331403071.0,58879081892.0,0.0056285366610824,97.42,0.2494928882194537
2025-12-22,LLOY,97.08000183105467,97.33999633789062,96.2490005493164,97.16000366210938,54035416,95.4839988708496,91.32425818026633,1.5753126268183033,48.76325540831444,95.45010350242912,,,-0.079,54034196.0,58879081892.0,0.0009177146494762,97.08,0.2201299946305079
2025-12-23,LLOY,97.5199966430664,97.9739990234375,96.33999633789062,97.37999725341795,131618177,95.80399856567382,90.72328073506624,1.572415311057086,57.52895639161531,120.38546747836432,,,-0.079,131621866.0,58879081892.0,0.0022354605705542,97.52,0.1876570414700278
2025-12-24,LLOY,97.0,98.02999877929688,96.9800033569336,97.58000183105467,24322694,96.01999893188476,79.19193102406575,1.5632156732069524,50.20243415195032,118.01092098224838,,,-0.079,24322666.0,58879081892.0,0.0004130951981318,97.0,0.1575794442786179
2025-12-29,LLOY,97.26000213623048,97.87999725341795,96.5500030517578,97.0,47048532,96.24399948120116,84.44450267106038,1.551133419690738,58.38927377276661,98.04650096780158,,,-0.079,47047880.0,58879081892.0,0.0007990593346258,97.26,0.1566494964936134
2025-12-30,LLOY,98.33999633789062,98.62000274658205,97.0999984741211,97.1999969482422,38062581,96.70599899291992,94.94573353035712,1.551573100111005,63.25304065802919,140.18745989677686,,,-0.079,38062453.0,58879081892.0,0.0006464511975546,98.34,0.1583755392840848
2025-12-31,LLOY,98.23999786376952,98.72000122070312,98.0,98.54000091552734,27897581,97.01599884033205,91.4893012610146,1.5547064711612602,72.58069336258528,142.30466002927324,,,-0.079,27897521.0,58885743602.0,0.0004737567922815,98.24,0.1435606996988261
2026-01-02,LLOY,99.23999786376952,100.2249984741211,98.1999969482422,98.23999786376952,132175167,97.43799896240236,86.21412073989679,1.571774864246683,74.01752598872079,173.28705566130404,0.0627111111111111,,-0.079,183485775.0,58885743602.0,0.0031159626044659,99.24,0.1360992201013918
2026-01-05,LLOY,99.95999908447266,100.3219985961914,97.9000015258789,99.9000015258789,132608434,97.839998626709,94.5168183031582,1.6045875119175903,75.46397817831738,153.81546216985302,0.0,,-0.079,133914405.0,58885743602.0,0.0022741396611225,99.96,0.1338593223558084
2026-01-06,LLOY,100.3000030517578,101.75,99.83999633789062,100.5,120174189,98.2359992980957,81.24196224388983,1.647315645340422,87.64307313053438,180.8687944282832,0.148,-0.094,-0.094,,,,,0.1233809564090668
2026-01-07,LLOY,98.9000015258789,100.5500030517578,98.55999755859376,100.3000030517578,94973475,98.38399963378906,63.13069551820148,1.6679279615246445,71.55966112164431,107.43827097357028,-0.02067777777777778,,-0.094,94971412.0,58885743602.0,0.0016128082315118,98.9,0.1360660855118066
2026-01-08,LLOY,100.0500030517578,100.5009994506836,98.30500030517578,98.83999633789062,152869111,98.68099975585938,74.52423445908788,1.688144037724303,75.7949248445363,107.19937645140126,-0.05741428571428571,0.852,0.852,152868319.0,58885743602.0,0.0025960157696778,100.05,0.1262458101102816
2026-01-09,LLOY,100.3000030517578,100.5,99.45899963378906,100.3000030517578,54519625,98.95900039672853,78.2706772934786,1.7071929805084154,74.00884943854967,113.84993489641052,0.024794117647058824,0.493,0.493,54519101.0,58885743602.0,0.000925845504618,100.3,0.1262641770215329
2026-01-12,LLOY,101.0,101.1999969482422,99.31999969482422,100.0500030517578,70742254,99.35900039672852,86.58317546800019,1.731788813968031,74.84013228636451,115.21502611172146,0.0,,0.493,70738373.0,58885743602.0,0.0012012818158179,101.0,0.1110074746164699
2026-01-13,LLOY,101.3499984741211,101.5999984741211,100.6999969482422,101.1999969482422,287130200,99.76800003051758,92.72856633662818,1.7602089010369302,72.71680083544207,127.94696022410952,0.22261999999999998,0.107,0.107,,,,,0.1019150153714349
2026-01-14,LLOY,101.0,102.8499984741211,100.8499984741211,101.5,106333877,100.03400039672852,71.58221402378355,1.7799402348752476,72.63281419315962,127.75434971599876,0.05147499999999999,,0.107,106332802.0,58885743602.0,0.0018057478006678,101.0,0.1015839106053482
2026-01-15,LLOY,102.1999969482422,102.6500015258789,101.3000030517578,101.4499969482422,450477104,100.43000030517578,89.68250796545698,1.808279684009588,74.84079089849575,131.25910180077736,0.0,,0.107,450476598.0,58885743602.0,0.0076500111987156,102.2,0.1067295186816957
2026-01-16,LLOY,102.0999984741211,102.33599853515624,101.0999984741211,102.25,182061276,100.71600036621092,88.09522944512463,1.83481207986406,78.33334887470573,114.35979883783207,-0.068,0.068,0.068,153105760.0,58885743602.0,0.0026000480020226,102.1,0.1010573041315496
2026-01-19,LLOY,102.3000030517578,102.3000030517578,100.10700225830078,101.0,210707596,100.95000076293944,90.43486221976902,1.8578300260478229,78.1879409412835,96.24691016100576,-0.15713333333333335,,0.068,210705479.0,58885743602.0,0.0035782086819541,102.3,0.1007980326469178
2026-01-20,LLOY,102.4000015258789,102.4000015258789,101.1999969482422,101.9499969482422,218968670,101.16000061035156,90.9091469561009,1.8747995913110809,75.50254808388118,104.914794543255,0.15171634615384616,0.465,0.465,190889954.0,58885743602.0,0.0032417006617118,102.4,0.0972590347659482
2026-01-21,LLOY,101.4000015258789,102.1500015258789,100.25,102.1500015258789,96371059,101.41000061035156,70.70711429918958,1.8668611124820211,67.83297654865504,66.35360088608995,0.19737142857142856,,0.465,95304058.0,58885743602.0,0.0016184572388886,101.4,0.1011787588111773
2026-01-22,LLOY,101.9000015258789,103.5500030517578,100.4499969482422,102.9499969482422,206313045,101.59500045776367,70.79644105720423,1.8474491562175168,65.9091116501576,89.66664945867483,0.0193,,0.465,292120385.0,58885743602.0,0.0049607997985794,101.9,0.1013779715324861
2026-01-23,LLOY,101.6500015258789,102.3499984741211,101.3499984741211,102.1500015258789,92585999,101.73000030517578,63.77501370962932,1.8136641390826287,60.70977548885181,74.86246837533952,0.420732,0.258,0.258,92585393.0,58885743602.0,0.0015722887635718,101.65,0.0974533383865857
2026-01-26,LLOY,103.0,103.5999984741211,101.6999969482422,102.0,85482133,101.93000030517578,88.66858013964895,1.7900461620263992,65.16853258353764,115.72716977731324,0.14602727272727273,0.078,0.078,72224103.0,58885743602.0,0.0012265125407628,103.0,0.1044967598314972
2026-01-27,LLOY,105.25,105.25,103.25,103.9499969482422,111204857,102.32000045776368,100.0,1.8058563407123869,82.56412022057184,191.70562588062853,,0.526,0.526,,,,,0.126988692595083
2026-01-28,LLOY,104.5,105.5,103.8499984741211,105.25,181089543,102.67000045776368,83.81877102558563,1.8294688040220093,73.79679842548725,179.51303182681022,,,0.526,181088846.0,58885743602.0,0.0030752578624794,104.5,0.1172265464722211
2026-01-29,LLOY,105.4499969482422,107.0999984741211,103.25,104.9499969482422,213085093,102.99500045776368,78.79175083844902,1.8677207008337453,75.6218913026315,192.75779202074028,,0.664,0.664,213084443.0,58885743602.0,0.0036186083416082,105.45,0.1150128338627305
2026-01-30,LLOY,108.9499969482422,108.9499969482422,105.6999969482422,106.4000015258789,158372522,103.68000030517578,100.0,1.964726625874717,80.93386230506438,257.9210677006075,,1.174,1.174,158483141.0,58998437233.0,0.0026862260838216,108.95,0.1573841698858918
2026-02-02,LLOY,111.4499969482422,111.4499969482422,106.6999969482422,107.9499969482422,270945497,104.59499969482422,100.0,2.1288812571520928,83.66667870416194,246.80001865796467,0.4497807228915663,1.362,1.362,270944382.0,58989311114.0,0.0045931097835061,111.45,0.1704468502690483
2026-02-03,LLOY,112.5999984741211,113.60099792480467,111.3499984741211,111.9499969482422,158690388,105.61499938964845,92.58188993517784,2.3400135912662376,86.70886656619685,240.82138372115887,0.4799,1.634,1.634,158688862.0,58986330189.0,0.0026902650409262,112.6,0.1712833075362496
2026-02-04,LLOY,112.0500030517578,114.5999984741211,112.0500030517578,113.4499969482422,165261509,106.67999954223632,82.40532610103251,2.555414513523234,82.5082840653862,195.43307662677148,0.07675833333333333,1.003,1.003,,,,,0.1751237400260112
2026-02-05,LLOY,105.8000030517578,111.6500015258789,105.5999984741211,110.5999984741211,349818456,107.06999969482422,39.28104795364983,2.65665982555539,58.68545862162959,73.26510356490017,-0.14516666666666667,,1.003,350076079.0,58974330189.0,0.0059360755413089,105.8,0.277527837827338
2026-02-06,LLOY,106.75,107.4000015258789,105.6999969482422,106.0,121026827,107.57999954223632,45.29617206386575,2.6901487474418326,60.09070161404169,44.72439502310556,0.0,,1.003,121026733.0,58964330189.0,0.0020525414706157,106.75,0.2764117957666125
2026-02-09,LLOY,105.25,107.16899871826172,100.75,107.0,293309438,107.80499954223632,34.843209279896726,2.649350714933059,56.07675857624046,-7.345222740013946,0.2157888888888889,,0.512,293301377.0,58956830189.0,0.0049748498360538,105.25,0.2823172277977377
2026-02-10,LLOY,102.8000030517578,106.8499984741211,101.8499984741211,105.9499969482422,329522328,107.55999984741212,16.607815195056368,2.519003082279302,52.81124959440095,-23.494972286358408,-0.12147142857142858,0.511,0.511,,,,,0.2823765382784306
2026-02-11,LLOY,103.0500030517578,104.5999984741211,101.6999969482422,104.1500015258789,218042089,107.4150001525879,16.606522058868084,2.337607819833836,52.332661595463584,-42.69403877489098,-0.12668181818181817,,0.511,218037156.0,58928830189.0,0.0037000082184,103.05,0.2959476327890412
2026-02-12,LLOY,102.4000015258789,105.9499969482422,102.3499984741211,105.0,297147110,107.11000061035156,11.913369730415177,2.1180276556049824,51.49700671752525,-34.50985766379376,0.10664444444444444,0.483,0.483,243014209.0,58918830189.0,0.0041245592999803,102.4,0.2941815706532324
2026-02-13,LLOY,100.4000015258789,104.0,98.18000030517578,103.75,485862767,106.25500106811523,13.52010638406618,1.849288444381775,44.94163510757896,-97.234089897379,-0.027721875,,0.483,473654949.0,58904470945.0,0.0080410695724991,100.4,0.3025142464302443
2026-02-16,LLOY,101.4000015258789,102.3499984741211,101.0999984741211,101.3499984741211,132302732,105.2500015258789,19.61024104614716,1.5755645619113987,42.12678904699304,-79.35706980707118,-0.09431818181818183,,0.483,132301816.0,58893470945.0,0.002246459817652,101.4,0.3007405316183168
2026-02-17,LLOY,102.75,102.75,100.5999984741211,101.3000030517578,105445006,104.2650016784668,27.831913547148456,1.3310128491522104,46.50698432577439,-69.51837500353209,0.010099999999999998,,0.483,105444857.0,58881470945.0,0.0017907986214966,102.75,0.2937354441480758
2026-02-18,LLOY,104.5999984741211,105.3000030517578,102.3499984741211,103.1500015258789,371033596,103.52000122070312,39.098653379190246,1.1440474897462602,48.36223733336234,-24.983244010456264,0.23156666666666667,,0.483,371032728.0,58876470945.0,0.0063018846416016,104.6,0.3014300105511195
2026-02-19,LLOY,102.0,105.8499984741211,101.75,105.5,406997141,103.14000091552734,23.264312550587725,0.9588882012916118,36.12774384226851,-49.06505189235634,-0.10276666666666667,,0.483,406996688.0,58869343214.0,0.0069135591766413,102.0,0.3132231649218236
2026-02-20,LLOY,104.1500015258789,104.8499984741211,102.5,103.6500015258789,156634925,102.88000106811523,36.35811136686984,0.8166837974544571,35.222674941011164,-36.75641130589479,0.3007142857142857,,0.483,156634770.0,58849343214.0,0.0026616230776002,104.15,0.3211468738135311
2026-02-23,LLOY,103.8000030517578,105.9000015258789,102.8000030517578,104.8000030517578,136108917,102.735001373291,34.22657352794951,0.7014118641398409,31.589957157254048,-30.477089616429783,0.06499999999999999,,0.483,136107133.0,58844343214.0,0.0023130028404772,103.8,0.2955967601139521
2026-02-24,LLOY,102.5999984741211,103.8499984741211,101.0,103.8000030517578,240678629,102.71500091552734,32.81364341787781,0.5883193951040583,30.753551242970005,-69.95417562273404,-0.17025714285714286,,0.483,240678018.0,58829343214.0,0.0040911219614419,102.6,0.2816321866735587
2026-02-25,LLOY,104.5,104.55500030517578,102.5500030517578,103.5999984741211,394306624,102.86000061035156,68.5466253587139,0.5114939819099817,46.78217017782535,-33.33782620488072,0.0,,0.483,394306503.0,58823343214.0,0.0067032317691551,104.5,0.2885709983039214
2026-02-26,LLOY,104.9000015258789,105.1709976196289,103.6999969482422,104.8499984741211,158508762,103.11000061035156,74.75806437923418,0.4666433642923772,45.29262511332465,-14.183246067291044,,0.496,0.496,,,,,0.2896979820058422
2026-02-27,LLOY,102.4499969482422,105.0999984741211,101.6999969482422,104.5,206585507,103.31500015258788,49.25026003305192,0.4040331058337132,43.20387810157017,-48.84336148983898,,,0.496,206585277.0,59022409081.0,0.003500115976569,102.45,0.2277935774498285
2026-03-02,LLOY,99.91999816894533,100.1999969482422,98.4980010986328,99.5999984741211,397858960,103.16699981689452,22.393804575478505,0.2922880556994824,43.03674134960544,-145.20539872892385,,,0.496,397856302.0,58994234680.0,0.0067439861565808,99.92,0.2383458707948598
2026-03-03,LLOY,96.94000244140624,98.66000366210938,95.45999908447266,98.27999877929688,290600128,102.58600006103516,14.108709802937572,0.1073938552378074,36.9500220962353,-223.23409477256035,,,0.496,290599321.0,58955750514.0,0.0049291090091541,96.94,0.255909923317681
2026-03-04,LLOY,98.27999877929688,98.86000061035156,96.12000274658205,96.5,223619573,101.95400009155271,27.01148501306643,-0.0925222693707201,41.4522759181787,-181.69702457979827,,,0.496,223618098.0,58935562917.0,0.0037942811934268,98.28,0.2614454318109327
2026-03-05,LLOY,96.9000015258789,99.58000183105467,96.4000015258789,98.5,208235062,101.44400024414062,13.793123607855058,-0.3131800846435069,42.54684702541291,-157.13479611693666,,,0.496,191589454.0,58907559057.0,0.0032523746878497,96.9,0.2638415351443451
2026-03-06,LLOY,95.41999816894533,98.1999969482422,94.49099731445312,97.5999984741211,242372375,100.57099990844726,8.142698848001306,-0.5581699309027055,37.52086063139929,-172.61964420407233,,0.917,0.917,242371647.0,58876669466.0,0.0041165991418717,95.42,0.2569255406733697
2026-03-09,LLOY,95.16000366210938,95.16000366210938,92.36000061035156,93.5999984741211,220609636,99.70699996948242,20.67948938280231,-0.8084437285562089,33.40621347097161,-180.49280044339216,,,0.917,220608521.0,58839760030.0,0.0037493103453773,95.16,0.2565849560549536
2026-03-10,LLOY,99.0199966430664,99.31999969482422,97.68000030517578,97.87999725341795,305639713,99.34899978637696,49.18755969268305,-0.9854830981576266,38.78616527704097,-59.55832289098664,,,0.917,282620691.0,58833526806.0,0.0048037353247906,99.02,0.3007677156967889
2026-03-11,LLOY,98.37999725341795,99.16000366210938,97.72000122070312,98.31999969482422,172123493,98.73699951171876,44.46082892182689,-1.1153045518940303,42.102957589935855,-58.787586229721,,,0.917,172123433.0,58826026806.0,0.0029259741367139,98.38,0.2938789304966236
2026-03-12,LLOY,95.5,98.41999816894533,94.58000183105467,98.13999938964844,166278234,97.79699935913088,23.19054045297414,-1.2521319450565696,31.71245972790305,-99.77605472820343,-0.00463235294117647,,0.917,166277865.0,58819680927.0,0.002826908653353,95.5,0.3074190222696417
2026-03-13,LLOY,94.18000030517578,95.95999908447266,94.0,94.37999725341795,128896609,96.96999969482422,14.206542187982942,-1.404383769485572,30.463022673444087,-115.60401359699937,-0.12004285714285715,,0.917,128896386.0,58800411851.0,0.0021921000541054,94.18,0.3036031097513279
2026-03-16,LLOY,94.9000015258789,96.12000274658205,93.89600372314452,94.23999786376952,169978969,96.46800003051756,19.826723194829807,-1.5436339627396525,34.051362862333264,-98.26479675970285,0.1589,,0.917,169978172.0,58787375464.0,0.0028914060316247,94.9,0.2956903765192249
2026-03-17,LLOY,96.1999969482422,97.0999984741211,94.66000366210938,94.95999908447266,127819237,96.39399948120118,29.97421929854338,-1.6431763384729814,32.37041036717062,-71.10494850653515,-0.4314986666666667,,0.917,127818839.0,58778432187.0,0.0021745874165774,96.2,0.2924681242523083
2026-03-18,LLOY,96.54000091552734,98.33999633789062,96.13999938964844,96.6999969482422,142687818,96.21999969482422,32.81005499273291,-1.703442751654647,32.197598883274054,-45.869543448944064,0.08108571428571429,,0.917,142684347.0,58771961518.0,0.0024277622069207,96.54,0.2798587887586078
2026-03-19,LLOY,92.77999877929688,95.4000015258789,91.62000274658205,95.23999786376952,204305277,95.807999420166,13.519776417685623,-1.7920386349151118,30.496154215467342,-116.74709012091635,0.10703181818181819,,0.917,204357419.0,58749549039.0,0.0034784508535434,92.78,0.3066186173488878
2026-03-20,LLOY,90.77999877929688,94.73999786376952,90.77999877929688,94.33999633789062,320796400,95.34399948120117,0.0,-1.921570951957372,31.162392399028363,-132.36272805026724,0.6760833333333333,,0.917,320795703.0,58729049039.0,0.0054623003138867,90.78,0.3112915968855221
2026-03-23,LLOY,92.68000030517578,94.12000274658205,87.61599731445312,88.91999816894531,484030756,95.09599914550782,42.3269899613939,-2.0352780709709446,40.811033467654205,-137.50079812533176,0.1671375,,0.917,484028786.0,58706109964.0,0.0082449473538072,92.68,0.3139087507861737
2026-03-24,LLOY,93.1999969482422,93.76000213623048,88.91999816894531,92.77999877929688,269225011,94.5139991760254,46.673332712642825,-2.120170494217824,38.64041780175026,-116.77460779073408,0.09012222222222221,,0.917,268003855.0,58684109964.0,0.0045668896599847,93.2,0.3146966801116121
2026-03-25,LLOY,95.36000061035156,96.05999755859376,94.23999786376952,94.23999786376952,146150315,94.21199951171874,66.16542823748898,-2.143258328975807,46.67242553177459,-33.52621340382263,0.14606666666666668,,0.917,147199147.0,58668837286.0,0.0025089835389515,95.0,0.3265860615042751
2026-03-26,LLOY,92.31999969482422,94.83999633789062,92.31999969482422,94.37999725341795,136235560,93.89399948120118,40.19139972374088,-2.17001446241376,43.72469673143623,-82.92211497859527,-0.2787,1.018,1.018,,,,,0.3226849714341787
2026-03-27,LLOY,90.44000244140624,93.08000183105467,90.26000213623048,92.68000030517578,184502356,93.51999969482422,24.12854197372084,-2.2227155699358825,41.03342962837996,-129.54830419116902,-0.030293333333333335,,1.018,180871304.0,58624637286.0,0.0030852438901689,90.44,0.3141823184840423
2026-03-30,LLOY,91.27999877929688,91.86000061035156,89.50800323486328,89.77999877929688,192654015,93.15799942016602,31.73942697621301,-2.27044813606762,33.39055926092436,-127.2658461795693,-0.0548,,1.018,190960628.0,58601869211.0,0.0032586098459152,91.28,0.3113076454900161
2026-03-31,LLOY,92.33999633789062,93.26000213623048,90.05999755859375,91.1999969482422,177706237,92.77199935913086,43.72453396718598,-2.2904778441945486,37.2681227921147,-85.19733383667909,-0.176525,,1.018,177705310.0,58601539373.0,0.0030324341630157,92.34,0.3131047377676172
2026-04-01,LLOY,97.6999969482422,97.6999969482422,94.5,96.0,271379348,92.88799896240236,94.0320827309877,-2.201357805643648,54.19846794751209,64.95909118130088,0.12065000000000001,1.096,1.096,270975948.0,58593021000.0,0.0046247137180381,97.7,0.3793549189227503
2026-04-02,LLOY,97.94000244140624,98.36000061035156,95.45999908447266,95.77999877929688,538057257,93.40399932861328,96.09085964162308,-2.039650152944541,57.48407986687437,85.88454057553133,,1.321,1.321,,,,,0.3743676346926607
2026-04-07,LLOY,95.7300033569336,98.73500061035156,95.7300033569336,98.4000015258789,177714148,93.89899978637696,72.97422103898064,-1.8715334416920164,51.55956747842352,67.10501631188535,,,1.321,177405591.0,58570283457.0,0.0030289351618085,95.73,0.3539638995505283
2026-04-08,LLOY,102.13999938964844,105.2519989013672,101.76000213623048,103.54000091552734,400162167,94.84499969482422,82.35427970233424,-1.6016792662478627,59.36318129384135,215.88965577371687,,,1.321,388527573.0,58570283457.0,0.0066335272781331,102.14,0.4283197392739378
2026-04-09,LLOY,100.62000274658205,101.08000183105467,99.58000183105467,100.54000091552734,130290302,95.5870002746582,73.7355651055163,-1.302804328678885,56.20061183581355,137.91428660276435,,1.302,1.302,130290174.0,58569283457.0,0.0022245478569949,100.62,0.4171866606056953
2026-04-10,LLOY,100.9000015258789,101.87999725341795,100.66200256347656,100.91999816894533,147792950,96.14100036621092,75.32321964227158,-0.9939706861435352,63.80014506746,145.14169522753798,,,1.302,147788644.0,58568283457.0,0.0025233562480707,100.9,0.4124160462885085
2026-04-13,LLOY,100.66000366210938,100.66000366210938,99.06999969482422,100.05999755859376,371164805,96.97500076293946,73.96237907653014,-0.6966482556259717,67.85974154932491,106.55481579947612,,1.271,1.271,371164457.0,58567283457.0,0.0063374026434486,100.66,0.4110298172015706
2026-04-14,LLOY,103.0,103.0,100.4800033569336,101.22000122070312,134499764,98.23100051879882,86.21112662028862,-0.3832058857031299,68.36299974939732,131.0550426626185,,1.163,1.163,134499457.0,58566283457.0,0.0022965339280705,103.0,0.4175401229387946
2026-04-15,LLOY,103.27999877929688,103.68000030517578,102.61000061035156,102.66000366210938,184197318,99.43100051879884,87.47458927300244,-0.0707503963067687,68.09046505921684,131.2593218398535,,1.169,1.169,195639177.0,58565283457.0,0.0033405315479031,103.28,0.3862963573401907
2026-04-16,LLOY,102.86000061035156,105.04000091552734,102.86000061035156,103.66000366210938,87423412,100.48300094604492,84.80691724207779,0.2181675314093456,64.3568257721847,120.75324863519988,,1.12,1.12,,,,,0.3714551246390002
2026-04-17,LLOY,105.12000274658205,105.36000061035156,101.77999877929688,103.13999938964844,122946430,101.22500152587892,98.48600868341906,0.5127467824819629,75.25653632455601,112.24122739975792,,,1.12,114855737.0,58563283457.0,0.0019612243409188,105.12,0.3760439897693146
2026-04-20,LLOY,102.77999877929688,103.79900360107422,102.23999786376952,103.54000091552734,164941696,101.70900115966796,83.72443692777726,0.7569300599816794,73.91473290009392,83.837676621825,,,1.12,164934225.0,58562283457.0,0.0028163899230654,102.78,0.3857869246384225
2026-04-21,LLOY,100.62000274658205,103.33999633789062,100.62000274658205,102.9800033569336,249510693,102.19800109863282,69.01962798481301,0.9205389547941556,67.2197792707117,55.821421540146176,,,1.12,172902113.0,58557283457.0,0.0029527003780318,100.62,0.3785430280456231
2026-04-22,LLOY,100.26000213623048,103.0199966430664,100.15799713134766,101.26000213623048,149549392,102.01000137329102,53.03869072290968,1.0172270449412553,64.98866130645197,44.57962048497543,,1.256,1.256,149548864.0,58552283457.0,0.0025541081435334,100.26,0.3684282629818871
2026-04-23,LLOY,98.87999725341795,99.69000244140624,98.12000274658205,99.2699966430664,105076459,101.83600082397462,34.54543072549366,1.0425662836217136,52.62923479943085,2.352921901446893,,,1.256,105076150.0,58544741125.0,0.0017948008306271,98.88,0.3742564708227227
2026-04-24,LLOY,97.7699966430664,98.66000366210938,96.95999908447266,98.0,126546373,101.52300033569335,21.18373694664097,1.0017714888000395,49.63533704035006,-20.58757868352508,,,1.256,126545655.0,58532570149.0,0.002161969902874,97.77,0.3770784442130739
2026-04-27,LLOY,97.5,98.70500183105467,97.31999969482422,97.9499969482422,368096376,101.20699996948242,6.4285811599402365,0.9150728149528344,54.1413141773655,-26.019230159690306,,1.311,1.311,368095967.0,58521677488.0,0.0062899079930762,97.5,0.3165199947066581
2026-04-28,LLOY,98.56999969482422,98.6750030517578,96.70999908447266,98.1500015258789,116713493,100.76399993896484,21.502893436340432,0.8191329509410267,38.86462362505432,-33.69945479988979,,,1.311,116712936.0,58509541619.0,0.0019947675673141,98.57,0.3188034196024958
2026-04-29,LLOY,97.0500030517578,99.4499969482422,96.30999755859376,98.05999755859376,230506680,100.14100036621092,8.176853520732557,0.6963125857887047,38.86462362505432,-57.27378767772361,,1.646,1.646,229706577.0,58478396340.0,0.003928058759759,97.05,0.3128996450339585
2026-04-30,LLOY,99.69000244140624,99.69000244140624,96.37999725341795,97.52999877929688,326409592,99.8240005493164,37.34810765788626,0.6036151009249588,46.710169585046216,-47.15968691183679,,1.998,1.998,265723394.0,58475418872.0,0.0045441896633807,99.69,0.2193602005213336
2026-05-01,LLOY,98.23999786376952,99.27999877929688,97.6999969482422,98.7300033569336,392552213,99.13600006103516,21.325963031591584,0.5101476720996005,43.82651533994989,-57.67288881315749,,2.912,2.912,,,,,0.2190833906193767
2026-05-05,LLOY,94.9000015258789,97.4530029296875,93.48699951171876,97.19000244140624,254011089,98.34800033569336,11.900967602225396,0.3666469537841136,30.33980807256665,-146.8126198906657,,,2.912,244883619.0,58422220940.0,0.0041916177622123,94.9,0.2474860141242893
2026-05-06,LLOY,99.45999908447266,100.26000213623048,96.1500015258789,96.1500015258789,208957934,98.23199996948242,50.30741194357089,0.2712253189280953,42.32315089122561,-50.57136664364345,,2.503,2.503,208953432.0,58402220940.0,0.0035778336617484,99.46,0.2937058526061949
2026-05-07,LLOY,97.97000122070312,100.27999877929688,97.97000122070312,99.81999969482422,163570389,98.00299987792968,37.7579490791136,0.1865506588589223,40.57803475005865,-41.56377909646791,,,2.503,163941568.0,58382220940.0,0.0028080735086882,97.97,0.2969669907706859
2026-05-08,LLOY,98.9499969482422,100.0999984741211,96.7699966430664,97.2300033569336,154902984,98.0099998474121,52.97706817399925,0.1282608527655631,37.49491656989465,-42.12983554506944,,,2.503,150328874.0,58362210552.0,0.0025757912967682,99.03,0.3005851717466131
2026-05-11,LLOY,98.33999633789062,100.0999984741211,98.08000183105467,98.9800033569336,143750152,98.06699981689454,49.25401795808129,0.079539674041478,40.32256991675508,-31.363148267711967,,,2.503,139370060.0,58345575338.0,0.0023886997290303,98.34,0.3010714647028719
2026-05-12,LLOY,94.05999755859376,98.3000030517578,93.91999816894533,96.86000061035156,430174656,97.7229995727539,6.01068099549503,-0.0290961975416729,36.91139699871798,-127.13982261256184,,2.07,2.07,,,,,0.3149174868951275
2026-05-13,LLOY,95.05999755859376,96.27999877929688,93.22000122070312,95.72000122070312,130769782,97.37199935913084,26.06228008748952,-0.1535698338935732,39.883255371971735,-136.0702329547176,,,2.07,130769553.0,58323427809.0,0.0022421445020044,95.06,0.3125807569843089
2026-05-14,LLOY,96.5999984741211,96.5999984741211,95.4000015258789,95.45999908447266,125794431,97.3269989013672,47.87533175990525,-0.2565253287816058,45.591647194883045,-92.49271350698656,,,2.07,125793886.0,58315427809.0,0.0021571287517946,96.6,0.3196157551712316
2026-05-15,LLOY,94.05999755859376,95.0199966430664,93.3000030517578,94.72000122070312,312591198,96.76399841308594,11.897969240345462,-0.3805361303247278,43.20263643385865,-155.06653040346674,,,2.07,285640566.0,58285427809.0,0.0049007200725374,94.06,0.3312110165356724
2026-05-18,LLOY,95.23999786376952,95.72000122070312,93.33999633789062,93.4800033569336,113148046,96.46399841308592,28.611860362580074,-0.4915496045244961,45.99290249603041,-121.17483670375424,,,2.07,112310982.0,58269752729.0,0.0019274319306336,95.24,0.3330106708455078
2026-05-19,LLOY,96.3000030517578,96.87999725341795,95.62000274658205,95.66000366210938,253517435,96.60399856567383,43.62610334483146,-0.5705649913249252,45.97375476972567,-54.17567345819326,,,2.07,245371992.0,58259752729.0,0.004211689554217,96.3,0.3339511348935972
2026-05-20,LLOY,99.86000061035156,100.1500015258789,95.41999816894533,95.68000030517578,142214573,96.64399871826171,94.05101537982726,-0.5672843648314283,54.647697578127485,46.67117589505417,,,2.07,142214394.0,58252826875.0,0.0024413303461678,99.86,0.3592734940658121
2026-05-21,LLOY,98.5199966430664,99.8499984741211,97.63999938964844,99.16000366210938,115922191,96.69899826049804,75.07078265079406,-0.532680192263142,47.97786763567624,64.4361729039136,,2.074,2.074,,,,,0.3611166351953112
2026-05-22,LLOY,99.5999984741211,100.1999969482422,98.58000183105467,99.31999969482422,87415656,96.76399841308594,90.36826430133742,-0.4618121514073512,52.38095365302707,98.88422216109043,,,2.074,87415226.0,58242370230.0,0.001500887166075,99.6,0.3580916812130937
2026-05-26,LLOY,101.5,101.8499984741211,84.63999938964844,101.1999969482422,125740938,97.07999877929689,97.96630742161472,-0.340563662296427,62.16813754739184,-55.214512234551485,,1.445,1.445,124858603.0,58238370230.0,0.0021439233705699,101.5,0.3466214790056598
2026-05-27,LLOY,102.0,102.375,101.2249984741211,101.4499969482422,114692992,97.8739990234375,97.88553714635272,-0.1853403089509569,55.507372818915066,177.85746270785995,,,1.445,114692620.0,58233370230.0,0.0019695342987535,102.0,0.3467119137065554
2026-05-28,LLOY,101.1500015258789,101.75,100.25,101.4499969482422,118880616,98.482999420166,93.09276328185696,-0.030098034744729,57.09188109445372,129.34081251693024,,,1.445,118857785.0,58225623689.0,0.0020413312467867,101.15,0.3223796387079043
2026-05-29,LLOY,101.9000015258789,102.25,101.0,101.1500015258789,261739739,99.0129997253418,97.32168898915153,0.1290524536260786,56.64714564847933,134.19635555765254,,,1.445,261739265.0,58380486955.0,0.0044833347348018,101.9,0.3224200184616374
2026-06-01,LLOY,100.0999984741211,101.6500015258789,99.26000213623048,101.6500015258789,189165876,99.61699981689452,87.17225008410186,0.2532974692830422,53.76390332407126,81.02766560836382,,,1.445,189164002.0,58370486955.0,0.0032407473685431,100.1,0.2848886901652846
2026-06-02,LLOY,100.0999984741211,101.5,99.12000274658205,101.0500030517578,271000478,100.10299987792968,87.17225008410186,0.3485739656791492,65.81150935279214,72.17741140330894,,,1.445,261173726.0,58362986955.0,0.0044749890234606,100.1,0.2790116796221683
2026-06-03,LLOY,98.9000015258789,100.8000030517578,98.9000015258789,99.95999908447266,158041376,100.3629997253418,80.40598615997337,0.4007592830046705,59.94819130083477,45.48347182295469,,,1.445,148628884.0,58352986955.0,0.0025470655703472,98.9,0.2803503129577323
2026-06-04,LLOY,100.5,101.0,98.86000061035156,99.44000244140624,66317235,100.42699966430663,89.42768573176366,0.4478138732485827,60.07231370354534,61.18367217041692,,,1.445,66317058.0,58350486955.0,0.0011365296411518,100.5,0.2846354443856078
2026-06-05,LLOY,99.16000366210938,101.0500030517578,99.16000366210938,100.4000015258789,149365664,100.49100036621094,81.87202578378206,0.4667864264291679,64.04186419344376,47.70282788891373,,,1.445,147537987.0,58345486955.0,0.0025286957860818,99.16,0.238021537259841
2026-06-08,LLOY,99.05999755859376,100.6750030517578,98.0,98.44000244140624,200022948,100.4370002746582,81.30813460772394,0.4645036905690528,61.18266270188514,28.70573359951279,,,1.445,200354754.0,58335486955.0,0.0034345261256592,99.06,0.238202921903703
2026-06-09,LLOY,98.18000030517578,100.8000030517578,97.94000244140624,99.26000213623048,142096164,100.10500030517578,76.3462105979535,0.4339196760174159,55.56212154933577,19.743528444075324,,,1.445,140095764.0,58330486955.0,0.0024017588625323,98.18,0.2396520574960172
2026-06-10,LLOY,97.22000122070312,98.6999969482422,96.4000015258789,98.54000091552734,146610619,99.62700042724607,70.93319085487933,0.370895017425194,40.769234873261375,-34.66943021836329,,,1.445,146599028.0,58325486955.0,0.0025134642787141,97.22,0.236559987884708
2026-06-11,LLOY,98.16000366210938,98.76000213623048,96.83999633789062,97.41999816894533,193790160,99.32800064086912,76.23345817405601,0.304992893554063,48.70506136173151,-26.001785991776547,,,1.445,193790031.0,58320486955.0,0.0033228465864753,98.16,0.2162584224117989
2026-06-12,LLOY,102.3499984741211,102.5500030517578,99.83999633789062,100.8000030517578,137096021,99.37300033569336,98.883280085197,0.3068957080028481,58.08348291616095,103.69475116749182,,,1.445,136577345.0,58316354495.0,0.0023420075925992,102.35,0.2578111731103854
2026-06-15,LLOY,102.6500015258789,105.0500030517578,102.0999984741211,104.75,122036349,99.62800064086916,72.25432251429518,0.3552844915911378,53.731349195150656,161.1023140768644,,0.707,0.707,107186271.0,58311354495.0,0.0018381715178506,102.65,0.223445924206236
2026-06-16,LLOY,104.0500030517578,104.6999969482422,102.6500015258789,102.8499984741211,104141542,100.02300109863282,88.43930839771276,0.451799601516509,56.28449834033747,168.3218689068734,,,0.707,104141108.0,58308722422.0,0.0017860296654468,104.05,0.2201479953335051
2026-06-17,LLOY,105.8000030517578,105.8499984741211,103.9000015258789,104.75,105409865,100.7130012512207,99.47094774064894,0.6003103641208469,63.50959260094984,194.7998774667176,,,0.707,113155052.0,58303722422.0,0.0019407860647556,105.8,0.2253201399571733
2026-06-18,LLOY,106.0500030517578,106.0999984741211,104.5500030517578,105.8499984741211,143177282,101.26800155639648,99.48458311244788,0.7762461901615291,62.41771918986875,171.7341930717876,,,0.707,143177042.0,58298722422.0,0.0024559207483759,106.05,0.2236883520261066
2026-06-19,LLOY,105.0999984741211,105.1999969482422,104.0,105.0,272953521,101.86200103759764,89.69071840603807,0.943222677655066,65.76292499237542,124.38806136900656,,,0.707,273164163.0,58293722422.0,0.0046859962213857,105.1,0.2276322411882914
2026-06-22,LLOY,109.1999969482422,109.1999969482422,104.23500061035156,105.0500030517578,223116460,102.8760009765625,100.0,1.1590937277204014,72.79558840561319,176.35115421738436,,,0.707,215050109.0,58288722422.0,0.0036893947930969,109.2,0.2558053978754682
2026-06-23,LLOY,109.0500030517578,109.94000244140624,104.08100128173828,107.5500030517578,129195238,103.9630012512207,93.42688826093205,1.3892597511250655,76.83766170103661,157.11367634745795,,,0.707,129194138.0,58283722422.0,0.002216641844949,109.05,0.2564091717174666
2026-06-24,LLOY,107.75,109.0500030517578,107.5500030517578,108.4499969482422,177262180,105.0160011291504,83.82568468740051,1.5924127101800496,69.47877421338526,139.11166905958106,,0.781,0.781,,,,,0.2530052094904104
2026-06-25,LLOY,110.0500030517578,110.3499984741211,107.4000015258789,107.4000015258789,197719671,106.20500106811524,97.8494947097384,1.8010505647283652,77.82318680119138,139.84389624583784,,,0.781,190542675.0,58273722422.0,0.003269787257113,110.05,0.2545334157438486
2026-06-26,LLOY,109.1999969482422,110.1500015258789,108.1500015258789,109.3000030517578,193811050,106.89000091552734,91.75625965980002,1.9845227949273163,74.95077690637174,119.27130815048513,,,0.781,193811036.0,58268722422.0,0.0033261590085391,109.2,0.2579470253341897
2026-06-29,LLOY,108.8000030517578,109.9000015258789,108.29900360107422,108.75,106141480,107.50500106811523,88.88891927278455,2.131698983961665,76.76411447319695,103.51270782753004,,,0.781,222003175.0,58263722422.0,0.0038103156779453,108.8,0.2525321070117819
2026-06-30,LLOY,111.0999984741211,112.12000274658205,109.1999969482422,110.0,157247918,108.21000061035156,93.32458216849471,2.280246809017725,82.76675413934271,121.3826824019903,,0.807,0.807,157246681.0,58268474878.0,0.0026986579162958,111.1,0.2560606442058951
