date,ticker,Close,High,Low,Open,Volume,SMA_10,STOCH_K_14,MACD_signal_9,RSI_14,CCI_20,daily_compound_sentiment,eps_surprise_pct,sue,volume,shares_outstanding,turnover,close,volatility
2020-03-02,RR,211.32290649414065,223.40240478515625,206.3126983642578,221.6179962158203,52046965,217.50680236816407,23.718012666670468,-3.855738924805136,26.720154891319595,-93.48237383884184,0.3774666666666667,-8.019,-8.019,46708645.0,1930995313.0,0.024188896102204,211.324086,0.2986808323087121
2020-03-03,RR,218.1862945556641,222.71609497070312,211.8719940185547,213.4506072998047,36047082,216.16158142089844,39.74370941905473,-4.189175417145098,33.57592321430552,-57.83599002242922,0.0,-6.563,-6.563,27087405.0,1930995313.0,0.0140276907031519,218.187486,0.3274872759334147
2020-03-04,RR,208.4403076171875,219.5590057373047,207.3421936035156,218.5980987548828,46502232,214.28102264404296,21.20007541156216,-4.527630391476018,34.1437901430992,-87.12121147744267,0.212475,-7.641,-7.641,,,,,0.3524867942886437
2020-03-05,RR,201.50830078125,210.7052001953125,193.82130432128903,208.3717041015625,30602888,211.62490234375,18.85528022702315,-4.9517652190217305,27.454985399827308,-133.568700530314,-0.05882500000000001,,-7.641,23393038.0,1930995313.0,0.0121144975560072,201.509424,0.3627632454017899
2020-03-06,RR,201.85150146484372,205.00860595703125,194.23309326171875,196.29220581054688,30328629,209.65512237548828,20.383385047038104,-5.390607029123197,25.66743901044433,-127.18696005297492,0.003250000000000003,-7.903,-7.903,23884739.0,1930995313.0,0.0123691335961311,201.852594,0.3369804742482628
2020-03-09,RR,194.98809814453125,198.69430541992188,189.222900390625,192.17410278320312,31554850,207.5892517089844,13.228271251193886,-5.912877385739911,24.17800689368836,-146.6222400962537,0.4938666666666667,-8.974,-8.974,26654774.0,1930995313.0,0.0138036451049635,194.989194,0.350197725059978
2020-03-10,RR,191.2819061279297,201.09649658203125,188.87969970703125,194.78219604492188,33864983,205.80478210449215,5.618039276421978,-6.505714349353724,24.41414730903773,-137.35982558492972,0.0,-8.952,-8.952,32438931.0,1930995313.0,0.016799072883094,191.282958,0.3418533099915377
2020-03-11,RR,184.48719787597656,193.82130432128903,182.70269775390625,192.7917938232422,51212957,203.0937515258789,3.8748661014405217,-7.205281364649369,21.42222794980768,-163.19887714083822,0.048328571428571436,,-8.952,25433196.0,1930995313.0,0.0131710293799144,184.488192,0.3467965270077823
2020-03-12,RR,154.83740234375,170.0054931640625,154.83740234375,155.11199951171875,54795049,197.96681213378903,0.0,-8.391695126888921,16.436527178620125,-256.1700478739151,-0.19833333333333333,-8.896,-8.896,54645374.0,1930995313.0,0.0282990712779632,154.838304,0.6325940700383149
2020-03-13,RR,164.720703125,171.1721954345703,156.14149475097656,160.80859375,38216511,193.1624618530273,14.414497818615256,-9.64425256612546,25.365291967112316,-191.53347477895332,0.296,-8.452,-8.452,35354576.0,1930995313.0,0.0183089911000731,164.7216,0.6977741144616796
2020-03-16,RR,147.5623016357422,155.9698944091797,119.18229675292967,154.42559814453125,34083354,186.7864013671875,27.23083425900589,-11.124377522012503,22.998280050594616,-229.71830092960235,-0.18076666666666666,-8.975,-8.975,,,,,0.7643008759530673
2020-03-17,RR,133.32080078125,154.08250427246094,127.96739959716795,152.02349853515625,34500945,178.2998519897461,13.566004003707668,-12.8714069144874,18.881333781738363,-190.94491994477053,0.0,,-8.975,31971556.0,1930995313.0,0.0165570344913623,133.321545,0.8123668233866044
2020-03-18,RR,118.87339782714844,129.78619384765625,107.27429962158205,127.69280242919922,49171760,169.3431610107422,9.98819208255254,-14.89530800564938,17.62610574918223,-199.89647624964527,-0.31122500000000003,-9.862,-9.862,46360095.0,1930995313.0,0.0240083933336818,118.874088,0.8622153283547216
2020-03-19,RR,125.35929870605467,128.5164031982422,105.043701171875,119.38819885253906,63970908,161.72826080322267,17.16443059443922,-16.8492224936985,17.521110092269552,-159.9326494669499,-0.17773333333333333,-11.715,-11.715,,,,,0.9051576623012324
2020-03-20,RR,123.33460235595705,131.81089782714844,118.18710327148438,130.197998046875,86335114,153.87657089233397,15.543918665708478,-18.650743370068568,17.445471715635733,-124.4753858239146,0.3612,,-11.715,40191910.0,1930995313.0,0.0208140898786324,123.335298,0.9055750967224676
2020-03-23,RR,115.33879852294922,118.11840057373048,102.95040130615234,114.2750015258789,140638081,145.9116409301758,10.623913455812938,-20.3473677452255,12.263976065145314,-127.95322202783692,0.25812500000000005,-11.462,-11.462,95461223.0,1930995313.0,0.0494362789786844,115.339437,0.8914134024696272
2020-03-24,RR,120.14309692382812,121.82469940185548,110.5687026977539,120.55490112304688,56664010,138.79776000976562,15.955387411896808,-21.766279630322945,16.38361413766168,-102.85061078725508,,-11.154,-11.154,52541131.0,1930995313.0,0.0272093519058686,120.143817,0.9231295735088654
2020-03-25,RR,136.23770141601562,136.27200317382812,117.43209838867188,124.22679901123048,37677717,133.97281036376953,32.615996159968326,-22.630355232345213,26.77090606724205,-71.47679649844741,0.0,-11.151,-11.151,36631086.0,1930995313.0,0.0189700543307325,136.23849,1.0675938557733655
2020-03-26,RR,139.05169677734375,139.70370483398438,130.40390014648438,133.8011932373047,45344284,132.3942398071289,36.78322134947321,-23.0048991205126,28.036497753458136,-54.00839383715357,0.18575,,-11.151,44902867.0,1930995313.0,0.0232537420975086,139.052484,1.073610336412264
2020-03-27,RR,125.15339660644533,139.77439880371094,124.19249725341795,136.3406982421875,34786607,128.43750915527343,22.62239291118262,-23.22228624819642,26.72159565784581,-60.77254091738298,-0.03532,,-11.151,31397695.0,1930995313.0,0.0162598504453231,125.154099,1.111762476614111
2020-03-30,RR,110.25990295410156,139.77439880371094,105.38690185546876,120.10880279541016,50541158,124.70726928710936,8.043830759260361,-23.51446347559192,24.86695459525295,-75.95326060778847,0.06939230769230768,-16.684,-16.684,46791797.0,1930995313.0,0.0242319578328256,110.260521,1.1603640155268236
2020-03-31,RR,116.88300323486328,139.77439880371094,105.84329986572266,111.56390380859376,41481038,123.0634895324707,20.422508828314843,-23.678939359966773,29.00681157885485,-65.95850720483085,0.08421666666666666,-18.006,-18.006,39867878.0,1930995313.0,0.0206462841890906,116.883702,1.200382112318812
2020-04-01,RR,104.66619873046876,113.79450225830078,103.08769989013672,112.83370208740234,53832757,121.64276962280272,2.515028292991911,-23.895695307018546,32.52867978410511,-91.62010980423106,0.19046666666666665,-18.573,-18.573,39276297.0,1930995313.0,0.0203399235283384,104.66685,1.2349865588799829
2020-04-02,RR,95.50370025634766,103.19059753417967,90.08159637451172,102.95040130615234,60513507,118.65720977783204,8.229236516297671,-24.22557586823736,25.77466945216865,-114.85129994597098,-0.006436363636363634,-39.167,-39.167,53143337.0,1930995313.0,0.027521214910375,95.504211,1.2488527143187842
2020-04-03,RR,86.34110260009766,99.58740234375,85.44879913330078,96.08699798583984,49389350,114.95785980224608,1.3000951427402332,-24.700036768404125,27.302784263754788,-126.50656743954984,0.04046,-39.965,-39.965,49518165.0,1930995313.0,0.0256438556150964,86.341572,1.269909423940175
2020-04-06,RR,102.16110229492188,104.63189697265624,89.7041015625,89.77269744873047,94655093,113.64009017944336,30.76321892995851,-24.93155056401176,38.58146440137684,-100.21984671425042,0.240976,-39.45,-39.45,60759888.0,1930995313.0,0.0314655802585057,102.161709,1.3958765122520014
2020-04-07,RR,115.20149993896484,122.1685028076172,103.02899932861328,104.66619873046876,63837455,113.14593048095703,54.76736747715947,-24.733777510331524,48.64040532663544,-48.098130348135285,0.19676666666666667,-31.425,-31.425,60187242.0,1930995313.0,0.0311690254216582,115.202169,1.461686961398755
2020-04-08,RR,111.94139862060548,113.6801986694336,103.3240966796875,110.84329986572266,77421173,110.71630020141602,48.76632682940188,-24.272943096876173,44.910162484239606,-58.35363546651001,-0.035899999999999994,-39.426,-39.426,75472707.0,1930995313.0,0.0390848732215436,111.942054,1.423766611949872
2020-04-09,RR,120.17749786376952,121.6874008178711,111.42669677734376,113.96610260009766,69550580,108.8288803100586,63.92694961705988,-23.484659520508664,48.85630467410233,-13.424040059512135,-0.0903,-46.804,-46.804,31620284.0,1930995313.0,0.0163751220871036,120.178134,1.4542248325666336
2020-04-14,RR,115.13289642333984,120.17749786376952,111.70120239257812,120.17749786376952,39936492,107.82683029174804,54.64108536331035,-22.55941766042174,49.92377998840037,-14.435641144834504,-0.20464000000000002,-42.475,-42.475,33619535.0,1930995313.0,0.0174104694991561,115.133535,1.366902987508779
2020-04-15,RR,106.3821029663086,116.38480377197266,106.03890228271484,115.99079895019533,30917859,107.43905029296874,38.5330377575375,-21.68503203121336,45.05062128706935,-47.672136561512005,0.34779999999999994,,-42.475,28901777.0,1930995313.0,0.0149672952624095,106.3827,1.378653717061007
2020-04-16,RR,106.0731964111328,113.24549865722656,105.42120361328124,109.02449798583984,29381164,106.3580696105957,37.96441714948182,-20.84386269104977,37.76106002492288,-49.86741013249844,0.4588,,-42.475,27273374.0,1930995313.0,0.0141239980316824,106.073847,1.378561754263972
2020-04-17,RR,114.78970336914062,118.94200134277344,110.5344009399414,112.42179870605467,40604185,107.37042007446288,54.00935178598889,-19.88103400710039,40.60589943989907,1.6087972268860022,-0.16212,,-42.475,34702890.0,1930995313.0,0.0179715040043704,114.790365,1.411624872338994
2020-04-20,RR,112.35320281982422,116.84870147705078,110.91190338134766,115.44170379638672,74773672,109.05537033081056,49.52435656440184,-18.88598471922589,44.561089248089786,-6.936414004858449,0.0,,-42.475,21653664.0,1930995313.0,0.0112137320345738,112.353858,1.3933913997524148
2020-04-21,RR,105.48989868164062,112.28459930419922,105.0302963256836,111.25509643554688,26825397,110.97024993896484,36.89071021751785,-17.989357338564528,47.82474095095799,-47.91089987329919,0.0258,,-42.475,24204834.0,1930995313.0,0.0125349004407448,105.490458,1.4025810888557957
2020-04-22,RR,107.27429962158205,109.29900360107422,103.3279037475586,106.24479675292967,81874960,111.48156967163088,59.43811715329036,-17.131951132423215,45.41584848763242,-51.71386010739391,0.0,-36.855,-36.855,19770486.0,1930995313.0,0.0102384950739649,107.274942,1.3096012581005203
2020-04-23,RR,108.99019622802734,109.26470184326172,105.18099975585938,106.3821029663086,15502109,110.86043930053712,64.11107590498501,-16.27765133849096,52.29261827520416,-38.24256345277944,0.35359999999999997,-36.836,-36.836,,,,,1.308319239094092
2020-04-24,RR,106.45069885253906,107.34300231933594,103.84259796142578,104.66619873046876,55482528,110.31136932373047,57.19517756873419,-15.473498527824477,56.24261410273155,-47.70559001696618,0.229375,,-36.836,36434478.0,1930995313.0,0.0188682374083007,106.451334,1.265181866788362
2020-04-27,RR,105.6270980834961,111.66999816894533,104.56330108642578,109.81379699707033,31709981,108.85632934570312,49.04755951225496,-14.72080473003296,62.153924886713874,-27.886005144188804,-0.25937142857142853,,-36.836,29920147.0,1930995313.0,0.0154946761385536,105.627726,1.1918580481974987
2020-04-28,RR,109.64219665527344,110.74030303955078,105.90170288085938,106.72530364990234,50630741,108.30725936889648,34.5526065183188,-13.942211652827996,55.53862160586713,-2.072871218321912,-0.20224444444444445,14.208,14.208,24747603.0,1930995313.0,0.0128159829458892,109.642815,1.1141971980248864
2020-04-29,RR,122.71690368652344,122.71690368652344,109.39299774169922,110.4657974243164,39196409,109.94073944091797,100.0,-12.947824109675306,55.561197339321225,117.42160482454844,0.141575,,14.208,37257883.0,1930995313.0,0.0192946522185577,122.717592,1.1291317451895715
2020-04-30,RR,113.24549865722656,129.71749877929688,111.70120239257812,124.0552978515625,41278869,110.65796966552736,37.58145927491597,-11.991908239348351,50.883760320515705,121.6701405362154,-0.6249,,14.208,38637867.0,1930995313.0,0.0200093012861704,113.2461,1.1064408369339405
2020-05-01,RR,107.4458999633789,111.94139862060548,107.10269927978516,109.81379699707033,14524102,109.92358932495117,15.60462072596292,-11.175413583066256,41.07741933000175,-0.5075542932661438,-0.45164444444444446,,14.208,14086170.0,1930995313.0,0.0072947717196245,107.446527,0.9358771690465536
2020-05-04,RR,99.99919891357422,109.02449798583984,95.40070343017578,108.23519897460938,48077681,108.68818893432618,13.40013085900287,-10.582444179712688,39.73943726958265,-104.98587663904672,-0.4272888888888889,14.645,14.645,,,,,0.8440822195927838
2020-05-05,RR,102.95040130615234,105.34329986572266,99.72460174560548,101.2345962524414,30571312,108.43423919677734,22.000008448253663,-10.089456269019443,47.47473386457118,-108.7083596516988,-0.06382,,14.645,28033100.0,1930995313.0,0.0145174355480167,102.951,0.8036893603783739
2020-05-06,RR,100.78839874267578,104.52899932861328,99.94120025634766,101.2345962524414,20176435,107.78564910888672,15.69987890095334,-9.696475638332696,46.21435124142504,-128.12548445603173,0.0,,14.645,17919287.0,1930995313.0,0.0092798190028543,100.789029,0.8048914221403797
2020-05-07,RR,98.52349853515624,103.46520233154295,95.09190368652344,100.99430084228516,72532185,106.7389793395996,9.910572914164892,-9.40081325795224,37.16139789017705,-153.61950865973097,0.054157142857142855,-8.616,-8.616,57891791.0,1930995313.0,0.0299802856124281,98.524107,0.796764898760257
2020-05-11,RR,96.97930145263672,99.99919891357422,93.75350189208984,99.38150024414062,37877531,105.79183959960938,8.969524635050625,-9.18485758960065,37.69231520955744,-159.66628238537783,-0.11111666666666668,-105.722,-105.722,35925716.0,1930995313.0,0.0186047660282435,96.979842,0.7548139757802459
2020-05-12,RR,95.743896484375,97.01360321044922,93.68489837646484,96.94499969482422,24778214,104.80351943969728,5.714264540697225,-9.028957313541383,41.4250923658547,-160.3779787031862,,,-105.722,20306270.0,1930995313.0,0.0105159602735918,95.74443,0.6839293140377989
2020-05-13,RR,88.50299835205078,97.1509017944336,87.91960144042969,94.19960021972656,91684800,102.689599609375,1.3957566020398888,-9.013816624587486,34.931148771520824,-181.380727257166,-0.03577999999999999,,-105.722,47435005.0,1930995313.0,0.0245650544466132,88.503543,0.7238096797175816
2020-05-14,RR,84.76249694824219,89.56680297851562,80.81610107421875,87.50779724121094,44465208,98.89415893554688,8.070108543367109,-9.126828221678007,31.16326656268689,-200.73333138244536,-0.14614545454545455,,-105.722,42850336.0,1930995313.0,0.0221908026971995,84.76299,0.709434494086574
2020-05-15,RR,85.68900299072266,88.185302734375,81.9708023071289,86.27239990234375,55252300,96.13850936889648,9.964749772372834,-9.278655183805771,33.44275860222676,-163.67757754403314,0.012657142857142867,,-105.722,53043101.0,1930995313.0,0.0274693059288642,85.689549,0.7067423809036287
2020-05-18,RR,93.4103012084961,93.65049743652344,85.62039947509766,86.34110260009766,30819520,94.7349494934082,25.75427436702798,-9.302515109006093,41.22286195389548,-102.16336049474324,0.453,-112.094,-112.094,26461304.0,1930995313.0,0.0137034532512094,93.410874,0.7875732531474535
2020-05-19,RR,91.83180236816406,95.29779815673828,89.0864028930664,93.85649871826172,56207339,93.91820983886718,22.5263526420665,-9.248898711331574,36.73989577972645,-82.51633784085952,0.1806,-100.533,-100.533,49607736.0,1930995313.0,0.0256902415381471,91.832292,0.786092546398665
2020-05-20,RR,93.92510223388672,97.73429870605467,87.3019027709961,90.76789855957033,64260489,93.01567993164062,26.807007109955624,-9.095054827809856,24.373763692330257,-66.5360358242089,-0.07729384615384616,,-100.533,54042480.0,1930995313.0,0.0279868519805153,93.925629,0.7927513861503831
2020-05-21,RR,97.21949768066406,101.9208984375,92.65540313720705,93.06719970703124,40620959,92.65878982543946,52.701172035380445,-8.81316542350813,33.97380828201996,-26.62161083565329,0.010999999999999998,-91.003,-91.003,31662473.0,1930995313.0,0.0163969704052823,97.220061,0.8051819855671569
2020-05-22,RR,96.29290008544922,98.1895980834961,93.79810333251952,96.60179901123048,81330684,92.43572998046876,54.86592896335221,-8.460493012545278,37.642489832298864,-32.58585496962091,-0.13085,-62.158,-62.158,29898315.0,1930995313.0,0.0154833700520742,96.293502,0.7906700088555859
2020-05-26,RR,108.029296875,109.60790252685548,100.1707000732422,101.09729766845705,47524903,93.54072952270508,94.51716956838452,-7.87541232370422,58.12498156959006,54.59624749488368,0.4958,,-28.185,43549616.0,1930995313.0,0.0225529371857154,108.029916,0.7493950692108952
2020-05-27,RR,118.77050018310548,126.90350341796876,110.0602035522461,110.5000991821289,77211975,95.84338989257812,82.35308821659763,-6.986014242148388,63.82728305956241,149.27226846735263,0.29688,,-28.185,71202587.0,1930995313.0,0.0368735162227708,118.771137,0.8050821801427228
2020-05-28,RR,109.47059631347656,114.03469848632812,104.04850006103516,109.81379699707033,133343128,97.94014968872072,62.17424671829807,-6.084951626631248,56.74670313624025,72.02068270758089,0.15011666666666665,,-28.185,114059378.0,1930995313.0,0.0590676617556347,109.47123,0.8168192844180114
2020-05-29,RR,93.20439910888672,103.9456024169922,93.20439910888672,103.2936019897461,160134961,98.78433990478516,26.88000929683113,-5.469461939029849,46.60534868717362,-23.02360014202996,0.11052000000000002,-29.638,-29.638,133587836.0,1930995313.0,0.0691808183586202,93.204972,0.9839179763953986
2020-06-01,RR,98.31759643554688,100.34230041503906,94.33689880371094,95.46929931640624,53966994,100.04719924926758,37.974575418224966,-4.97118472952762,50.81688728284586,-6.415908771944626,0.01759999999999999,-88.845,-88.845,,,,,0.9956088454560512
2020-06-02,RR,103.08769989013672,104.83779907226562,97.8948974609375,99.62169647216795,46690944,101.01493911743164,48.32469977327386,-4.4850599949750585,54.2971852337832,46.89025728550089,0.14331999999999998,,-88.845,43442704.0,1930995313.0,0.0224975709197902,103.088268,1.005581719572108
2020-06-03,RR,112.62779998779295,114.58380126953124,104.49469757080078,106.3821029663086,78465920,103.09453887939452,69.02471672476082,-3.86960657398899,63.74660778421144,129.6857875547446,0.3787666666666667,,-88.845,68270897.0,1930995313.0,0.0353552888193882,112.628394,1.0529945329917758
2020-06-04,RR,111.1864013671875,113.00520324707033,106.4293975830078,112.55909729003906,54349477,104.8206687927246,65.02079407153745,-3.2195325802022703,65.46178101683002,113.64679824726775,0.0032500000000000085,,-88.845,45677533.0,1930995313.0,0.023654916556496,111.18708,1.052155933270816
2020-06-05,RR,122.1334991455078,122.47979736328124,110.5344009399414,113.21109771728516,70058489,107.31206893920898,88.44562589319392,-2.3998445176029497,69.0869462127928,161.21912359526823,0.020992307692307696,,-88.845,66993889.0,1930995313.0,0.0346939676906403,122.134203,1.0948940821188184
2020-06-08,RR,136.71820068359375,141.4196014404297,119.7656021118164,121.41290283203124,112358385,111.35459899902344,91.31263732119608,-1.2786549193503298,71.16026142691535,214.8028095462108,-0.25251999999999997,,-88.845,91417472.0,1930995313.0,0.0473421511613995,136.718928,1.1007584776536932
2020-06-09,RR,126.97219848632812,159.42770385742188,125.01719665527344,142.34609985351562,135709859,113.24888916015624,55.001532208698144,-0.1798420707653145,65.90054609600116,193.8385968410612,-0.21072000000000002,,-88.845,104802943.0,1930995313.0,0.0542740535383163,126.9729,1.1284984833561649
2020-06-10,RR,121.24130249023438,133.4875946044922,116.81439971923828,126.93789672851562,84184061,113.49596939086912,42.8110145145458,0.7563206773571635,61.966284012221394,102.76620715996872,-0.031975,-67.952,-67.952,63149508.0,1930995313.0,0.0327030871462296,121.241961,1.1249925731004395
2020-06-11,RR,110.36280059814452,119.11360168457033,108.21289825439452,117.63800048828124,58847633,113.58518981933594,25.90991427324888,1.366178343414683,55.39888876945116,37.36167123921521,0.14805000000000001,,-67.952,55737975.0,1930995313.0,0.0288648939874459,110.363472,1.1849006725332925
2020-06-12,RR,112.3874969482422,118.6332015991211,105.69580078125,108.1666030883789,49443102,115.50349960327148,28.96729166899481,1.768733609973815,56.55208635189459,29.91876596907052,0.09261666666666667,,-67.952,48232089.0,1930995313.0,0.0249778384625214,112.388175,1.1804764559047882
2020-06-15,RR,111.1177978515625,127.9272003173828,105.6531982421875,105.55850219726562,39339674,116.78351974487305,27.049992160157217,1.9959645271776252,51.37445451794679,39.76535144999608,-0.1396,,-67.952,31818186.0,1930995313.0,0.0164776091302713,111.118446,1.1828476888190462
2020-06-16,RR,115.37310028076172,121.37850189208984,112.83370208740234,116.6427993774414,38850480,118.01205978393554,33.47567937911671,2.164735376709219,48.39545169953037,44.81983963277942,0.24171,,-67.952,35133170.0,1930995313.0,0.0181943320957195,115.373754,1.1837685354290313
2020-06-17,RR,113.96610260009766,119.31950378417967,111.39230346679688,115.30449676513672,26466514,118.145890045166,31.351053182935846,2.260635645521852,52.29421345118837,28.22782204685992,0.0,,-67.952,24825375.0,1930995313.0,0.0128562585485674,113.966757,1.1844266540449244
2020-06-18,RR,115.13289642333984,115.68190002441406,110.25990295410156,113.21109771728516,23653419,118.54053955078123,31.949209419777013,2.319297863592078,63.2297846861762,13.196730383221064,-0.26516666666666666,,-67.952,20945306.0,1930995313.0,0.0108468963435542,115.133535,1.183709014099794
2020-06-19,RR,114.68679809570312,116.71150207519533,114.05979919433594,115.75060272216795,32296886,117.79586944580078,27.289346314822097,2.339141435219396,60.46511877458924,19.28149884453543,0.5451400000000001,,-67.952,31792770.0,1930995313.0,0.0164644470061435,114.687414,1.110251138868095
2020-06-22,RR,109.57360076904295,115.78489685058594,109.3676986694336,112.83370208740234,74848321,115.0814094543457,9.245631254445202,2.2467045449867267,54.12843947590788,-20.85593035679513,-0.0683,,-67.952,24572532.0,1930995313.0,0.0127253193389807,109.574181,1.065160454179402
2020-06-23,RR,109.05879974365234,114.927001953125,108.95590209960938,111.152099609375,24903610,113.29006958007812,6.333115409433041,2.075404087212484,47.43334091230312,-30.08746187253468,0.0,,-67.952,23724305.0,1930995313.0,0.0122860500179784,109.059426,1.0264369359429657
2020-06-24,RR,103.0189971923828,112.3874969482422,103.0189971923828,109.05879974365234,37605901,111.46783905029297,0.0,1.7625615382901494,44.49075914364215,-71.72199934746087,0.2411,,-67.952,34985555.0,1930995313.0,0.0181178870629397,103.019634,0.8894629470058157
2020-06-25,RR,101.3718032836914,103.0189971923828,98.52349853515624,102.12680053710938,45209050,110.56873931884766,4.676696352023266,1.3471056210723356,33.98627302526005,-112.85127149306484,0.0,,-67.952,38057927.0,1930995313.0,0.0197089691227023,101.372418,0.8737715635557596
2020-06-26,RR,97.80290222167967,104.97509765625,97.6313018798828,103.2593002319336,38830903,109.1102798461914,0.2776866230160876,0.8291024600017562,13.839336732248768,-124.97009053205358,0.07908,,-67.952,35181513.0,1930995313.0,0.0182193673714007,97.80345,0.8842184982702965
2020-06-29,RR,99.38150024414062,101.3375015258789,95.98410034179688,97.25379943847656,29727096,107.93665008544922,9.058888962576322,0.2972751720761065,19.77453563166129,-138.58073936216914,0.0,,-67.952,27596984.0,1930995313.0,0.014291585181077,99.382032,0.8685609024624007
2020-06-30,RR,97.94020080566406,100.8227996826172,96.22429656982422,99.75890350341795,28226587,106.19336013793944,6.123702663054719,-0.2390101865145387,21.82582747025225,-139.08927945657655,0.0,,-67.952,27104018.0,1930995313.0,0.0140362940383791,97.940718,0.7967179691892549
2020-07-01,RR,98.00879669189452,100.51390075683594,92.41510009765624,97.32240295410156,54460580,104.59762954711914,15.75152288833384,-0.7483376529004242,29.77536959201117,-133.36191210049068,0.1764,-28.517,-28.517,50600291.0,1930995313.0,0.0262042536609719,98.009352,0.6972742178296493
2020-07-02,RR,100.37660217285156,104.97509765625,97.97450256347656,100.1707000732422,33149986,103.12200012207032,22.41912482205936,-1.1745860808754056,30.5555102676024,-87.82771705715612,0.2164,,-28.517,31339071.0,1930995313.0,0.0162294909723584,100.377225,0.5228964606038842
2020-07-03,RR,90.3218002319336,102.09249877929688,88.70890045166016,100.99430084228516,65021510,100.68550033569336,4.937004766386351,-1.6841589033783109,23.788885061708957,-127.13057647774475,-0.18660000000000002,,-28.517,56431920.0,1930995313.0,0.0292242656520627,90.322344,0.5720271298473469
2020-07-06,RR,96.3958969116211,97.28810119628906,93.10150146484376,93.95939636230467,54169274,99.36772994995115,25.112201731073256,-2.1184979889385858,27.12982829855736,-100.8905965077078,0.0129,-54.225,-54.225,46464752.0,1930995313.0,0.024062591808062,96.396453,0.642787178723889
2020-07-07,RR,95.2291030883789,97.71880340576172,94.30259704589844,96.08699798583984,41204553,97.98476028442384,23.284274526973807,-2.4967002816707096,27.28781332307419,-91.96372791617138,0.3062,-41.603,-41.603,37251811.0,1930995313.0,0.0192915077262023,95.229675,0.5597094701754709
2020-07-08,RR,98.76380157470705,99.31279754638672,94.13099670410156,95.8125,41854054,97.55924072265626,35.90702484799163,-2.75780659617708,31.235282737611087,-70.98961769769231,0.1027,,-41.603,34415085.0,1930995313.0,0.0178224591060931,98.764326,0.5746367615060343
2020-07-09,RR,87.9540023803711,102.09249877929688,87.9540023803711,100.47959899902344,91162426,96.21746063232422,0.0,-3.098010229244011,25.23841687941332,-101.88551186254308,-0.14867741935483872,-41.837,-41.837,75189550.0,1930995313.0,0.0389382353720917,87.954471,0.6825667032855908
2020-07-10,RR,91.5229034423828,91.5229034423828,86.3760986328125,87.50779724121094,40797155,95.58946075439454,18.02676697065702,-3.405955768590803,32.78790636212966,-115.32045485030346,0.0709,-54.48,-54.48,39692604.0,1930995313.0,0.0205555154550496,91.523439,0.6847844956257665
2020-07-13,RR,91.90039825439452,94.98889923095705,91.16429901123048,92.99849700927734,25904061,94.84135055541992,21.23799556867758,-3.663753974306399,33.59579256083161,-85.37761270257036,0.0,-49.689,-49.689,23482040.0,1930995313.0,0.0121605888123665,91.900926,0.6837236813628869
2020-07-14,RR,88.60600280761719,91.83180236816406,87.09600067138672,90.97380065917967,27933157,93.90793075561524,11.989377342268137,-3.9208163137498495,35.457101243098606,-113.348764826049,-0.172,,-49.689,23744249.0,1930995313.0,0.0122963783703394,88.606494,0.689139884635573
2020-07-15,RR,93.4103012084961,94.00260162353516,90.04560089111328,90.42479705810548,40389667,93.4480812072754,37.820328754356375,-4.078355685325631,42.447894503122654,-76.59455016855713,0.5692714285714285,,-49.689,36544587.0,1930995313.0,0.0189252592970949,93.410874,0.7157101322743341
2020-07-16,RR,91.86609649658205,95.69239807128906,89.93609619140625,94.37120056152344,31150186,92.59703063964844,29.51770607037141,-4.180599001262026,44.14351981120757,-72.48195565749951,0.02041428571428571,-52.753,-52.753,22774213.0,1930995313.0,0.0117940281090677,91.866609,0.7164479344745669
2020-07-17,RR,90.7335968017578,93.4364013671875,88.77760314941406,93.3416976928711,30081441,92.63821029663086,23.428670346475197,-4.251363997643184,41.39335424545666,-87.23323476539568,0.06337499999999999,-10.191,-10.191,27012678.0,1930995313.0,0.0139889920074601,90.734148,0.6933602649060447
2020-07-20,RR,90.87090301513672,91.31700134277344,88.2970962524414,90.80229949951172,20755271,92.08571090698244,24.166915524110184,-4.286809016165075,42.77695121325692,-93.2760937573505,,,-10.191,16978229.0,1930995313.0,0.0087924755102706,90.871416,0.6840455499970368
2020-07-21,RR,98.00879669189452,98.00879669189452,91.11109924316406,92.0719985961914,117792220,92.363680267334,62.54475331937544,-4.174606640747888,50.0,2.781741488518563,0.21075,,-10.191,59562496.0,1930995313.0,0.0308454896803781,98.009352,0.740458249868393
2020-07-22,RR,96.60179901123048,100.52210235595705,93.89080047607422,98.14610290527344,31257978,92.14748001098631,65.06388411537976,-3.988676626413887,46.57111520550051,39.92777496917499,0.3008436363636363,-25.792,-25.792,,,,,0.7404192823777238
2020-07-23,RR,93.20439910888672,98.8323974609375,93.06719970703124,96.4301986694336,22412348,92.67251968383788,43.44697521335159,-3.811394845282285,52.97870501999952,5.236536489354395,-0.05335,,-25.792,20358262.0,1930995313.0,0.0105428852483185,93.204972,0.751078283862257
2020-07-24,RR,92.00330352783205,93.03279876708984,89.91000366210938,91.35130310058594,21838816,92.7205596923828,35.8046680064855,-3.659302851771848,44.95264084574953,-65.08216097310256,-0.07555,,-25.792,16428111.0,1930995313.0,0.0085075871957851,92.003877,0.745836296012925
2020-07-27,RR,89.22370147705078,91.79740142822266,86.30670166015625,91.79740142822266,33012707,92.45289001464845,18.478634907562604,-3.566978878660859,43.34604938906126,-114.35480928423569,-0.3723,,-25.792,31471081.0,1930995313.0,0.0162978546804996,89.2242,0.6619094562332968
2020-07-28,RR,90.11589813232422,90.80909729003906,86.42859649658203,89.80709838867188,23419554,92.60387954711912,24.130529763043988,-3.4945917751244,39.82218467752566,-104.93027687725922,0.22567142857142858,-20.341,-20.341,21175513.0,1930995313.0,0.010966113101073,90.116442,0.6145193573704892
2020-07-29,RR,86.85579681396484,92.17489624023438,86.82150268554688,89.91000366210938,31957586,91.94842910766602,3.862677989589109,-3.4825434977252074,48.42818830641287,-107.73118573704184,0.09635454545454546,-7.052,-7.052,,,,,0.6252836019152026
2020-07-30,RR,84.1791000366211,87.57649993896484,81.74259948730469,87.16470336914062,30576933,91.17972946166992,12.974254783834192,-3.5437137308937885,39.213671428606645,-193.11133237940425,-0.15632222222222222,,-7.052,27452309.0,1930995313.0,0.0142166626791807,84.179601,0.6126322622153417
2020-07-31,RR,79.47769927978516,84.76249694824219,79.47769927978516,84.31639862060547,30744959,90.05413970947265,0.0,-3.714500526136942,33.81031355891757,-219.64379537988955,0.09663333333333333,,-7.052,27312399.0,1930995313.0,0.0141442078166245,79.478172,0.5159368007819028
2020-08-03,RR,79.06590270996094,79.68360137939453,72.78589630126953,79.51200103759766,40554962,88.87363967895507,22.64190854477037,-3.943143808542596,36.55698734780339,-243.5749923844069,,-7.605,-7.605,35594072.0,1930995313.0,0.0184330183301692,79.066368,0.4876328512585076
2020-08-04,RR,84.1791000366211,85.38020324707031,79.03160095214844,79.1344985961914,27835199,87.49067001342773,41.077008560174285,-4.105499258194278,37.10451935251461,-123.99319660752998,,,-7.605,26833822.0,1930995313.0,0.013896368271506,84.179601,0.5491775510896452
2020-08-05,RR,88.70890045166016,88.70890045166016,84.45359802246094,84.45359802246094,37669930,86.70138015747071,57.408731817881744,-4.136168254255537,45.929138561569935,-40.36852650710512,,,-7.605,35260958.0,1930995313.0,0.0182605093666532,88.709445,0.5715878271627666
2020-08-06,RR,86.85579681396484,90.04730224609375,84.2134017944336,89.53250122070312,24499922,86.06651992797852,50.72755980018925,-4.102829035075397,45.09121701690058,-40.22510340887453,,,-7.605,20087032.0,1930995313.0,0.0104024240062979,86.856327,0.5395242899557591
2020-08-07,RR,86.68419647216797,86.7645034790039,83.08100128173828,86.13520050048828,17185829,85.53460922241212,50.108872653654025,-4.024505009530036,44.70477959354291,-61.58096613226975,,,-7.605,15822936.0,1930995313.0,0.0081941866422334,86.684742,0.5371843147235918
2020-08-10,RR,91.17970275878906,91.17970275878906,86.71859741210938,87.74810028076172,19016424,85.73020935058594,66.31695200580947,-3.841195415486056,40.74410105161798,15.514578717097734,,-9.092,-9.092,,,,,0.5687859569830355
2020-08-11,RR,93.92510223388672,96.96209716796876,91.70719909667967,91.93470001220705,76676232,86.11112976074219,81.15948396689248,-3.549136186307539,46.499118493124165,88.34666261300593,,,-9.092,74116283.0,1930995313.0,0.038382425115705,93.925629,0.5782110846880741
2020-08-12,RR,93.13580322265624,95.98410034179688,90.83660125732422,93.68489837646484,24415575,86.73913040161133,84.17330346314704,-3.208728625508312,49.90371371004965,71.70357877784495,,,-9.092,22250619.0,1930995313.0,0.0115228757160634,93.136338,0.5036484262603446
2020-08-13,RR,91.86609649658205,93.9936981201172,90.97380065917967,92.65540313720705,22043281,87.50783004760743,78.92141656381565,-2.8688060815972856,49.80777625429628,54.2024843878759,,,-9.092,20007331.0,1930995313.0,0.0103611494369277,91.866609,0.5034211444246464
2020-08-14,RR,88.22850036621094,92.24359893798828,86.75289916992188,91.62590026855467,18530694,88.38291015625,63.875230645574085,-2.598503970700981,48.63847897258254,0.8013392737926325,,,-9.092,18282285.0,1930995313.0,0.009467803923147,88.229007,0.5206231532987802
2020-08-17,RR,88.2970962524414,89.39530181884766,84.89669799804688,88.19419860839844,19883929,89.30602951049805,64.15896375405,-2.378991358278409,47.45435557482397,-23.80478081335512,,,-9.092,19642658.0,1930995313.0,0.0101722970883254,88.297641,0.5075682599623647
2020-08-18,RR,87.50779724121094,89.15499877929688,85.98519897460938,87.16470336914062,19466314,89.63889923095704,60.89418689526048,-2.209990435625249,50.98036336504657,-17.55673430204214,,-25.438,-25.438,,,,,0.4955942620173246
2020-08-19,RR,90.01300048828125,90.06439971923828,85.9636001586914,87.98829650878906,10645485,89.76930923461914,71.2564570504569,-2.036502499279768,58.81746535275466,12.657498824757251,,,-25.438,10184383.0,1930995313.0,0.0052741624650437,90.013491,0.5051530958730849
2020-08-20,RR,87.85099792480469,88.15989685058594,86.37539672851562,87.57649993896484,17473166,89.86882934570312,62.3137676039337,-1.899148601032548,63.70779485988137,-5.390366797475635,,,-25.438,16589582.0,1930995313.0,0.0085912078026882,87.85152,0.4952164090136607
2020-08-21,RR,88.64029693603516,89.7384033203125,86.95880126953125,88.12550354003906,33443268,90.06443939208984,53.58856703256679,-1.774721787587755,65.48272199116884,22.330778513408752,,,-25.438,23342716.0,1930995313.0,0.0120884374202517,88.640811,0.4959954107820233
2020-08-24,RR,89.7384033203125,91.0082015991211,86.95880126953125,89.25800323486328,14994204,89.9203094482422,47.96020496607991,-1.6433554836640272,60.33154219183203,41.435415367518615,,,-25.438,14346787.0,1930995313.0,0.0074297368323027,89.738955,0.4822031885777279
2020-08-25,RR,88.26280212402344,93.54759979248048,88.26280212402344,90.80229949951172,19299431,89.35407943725586,37.32991173575359,-1.5343228959771036,49.06479588523625,58.673114621491536,,,-25.438,16261217.0,1930995313.0,0.0084211581926299,88.263324,0.4357794319960038
2020-08-26,RR,86.82150268554688,89.42960357666016,85.83899688720703,89.42960357666016,17847507,88.72264938354492,26.946729814891864,-1.4645023758805606,49.92684236001501,-3.9184310744897854,,-23.584,-23.584,17215359.0,1930995313.0,0.0089152774655129,86.82201,0.4423715573781118
2020-08-27,RR,85.79199981689453,89.36090087890625,78.09339904785156,83.5614013671875,84495086,88.11523971557617,40.80091122362583,-1.436006546961821,48.16393370554359,-75.76256443520747,,-12.885,-12.885,73182792.0,1930995313.0,0.0378990003276098,85.7925,0.4449947401672111
2020-08-28,RR,82.73780059814453,86.5469970703125,81.81120300292969,85.44879913330078,46552263,87.56616973876953,24.61431902045886,-1.4803610476688709,31.53169663497087,-100.47782123651145,,-102.943,-102.943,31934265.0,1930995313.0,0.0165377226889208,82.738287,0.405644808967032
2020-09-01,RR,70.93280029296875,81.74259948730469,70.93280029296875,81.1592025756836,114135336,85.82974014282226,0.0,-1.7530194303574396,13.978520842671443,-315.5120653246811,,-55.163,-55.163,97350525.0,1930995313.0,0.0504146873607662,70.933239,0.6063347129684278
2020-09-02,RR,74.67330169677734,76.14900207519531,71.9280014038086,72.75160217285156,52272647,84.54629058837891,16.220103101992365,-2.090808059168088,23.523565382077905,-258.95714804283114,,-39.711,-39.711,46827942.0,1930995313.0,0.0242506761589431,74.673792,0.6445270888907257
2020-09-03,RR,74.9135971069336,80.09539794921875,74.2958984375,75.32540130615234,50693133,83.03635025024414,17.60261820605924,-2.443112478954613,24.94939141171467,-166.7971440972016,,-39.417,-39.417,43334921.0,1930995313.0,0.022441753591144,74.914011,0.6083509701445737
2020-09-04,RR,74.63899993896484,77.28140258789062,73.6781997680664,74.63899993896484,31186730,81.71515045166015,16.388381626271393,-2.784859425373849,27.7027597107122,-150.5916520115584,,,-39.417,30437526.0,1930995313.0,0.0157626099841289,74.639475,0.6077680510973759
2020-09-07,RR,77.3843994140625,78.0707015991211,72.61430358886719,75.49700164794922,19224809,80.5895606994629,28.528217202337117,-3.0519257092410528,33.5405793729317,-117.20794100503856,,,-39.417,16919596.0,1930995313.0,0.0087621113764971,77.384835,0.6139246143415881
2020-09-08,RR,75.11949920654297,78.55110168457031,73.47229766845703,77.3843994140625,28528477,79.12767028808594,18.513093223155103,-3.2873627486926256,32.11123002004854,-104.28559507641106,,,-39.417,26045843.0,1930995313.0,0.0134882994405279,75.119913,0.6181613534219335
2020-09-09,RR,72.30549621582031,74.77870178222656,71.310302734375,74.2958984375,96503428,77.53193969726563,6.069900919887442,-3.528036401397031,24.656286730486077,-119.24550798679871,,-31.38,-31.38,38697158.0,1930995313.0,0.020040006176856,72.305919,0.617626117466423
2020-09-10,RR,71.48190307617188,74.02130126953125,70.24649810791016,72.40840148925781,32896108,75.99797973632812,5.301916557360839,-3.764474590189118,25.638543951290032,-111.30229622670164,,,-31.38,29339997.0,1930995313.0,0.0151942352228795,71.482311,0.6165445477009777
2020-09-11,RR,72.06529998779297,73.17890167236328,70.48670196533203,72.27120208740234,21265581,74.62530975341797,7.805647580548518,-3.9679758356429895,25.179993538283384,-98.403454433216,,-29.881,-29.881,20187991.0,1930995313.0,0.0104547074061178,72.0657,0.6198207093804979
2020-09-14,RR,72.16819763183594,73.06050109863281,70.21150207519531,73.06050109863281,21407176,73.5683494567871,8.384844717166622,-4.129479480168329,22.881456922137065,-89.04955808874529,,,-29.881,19181143.0,1930995313.0,0.0099332934010078,72.168651,0.6053345699255328
2020-09-15,RR,69.76599884033203,72.85040283203125,69.76599884033203,72.27120208740234,29027209,73.45166931152343,0.0,-4.285107313823994,22.24517939450305,-89.85883541480896,,,-29.881,27165352.0,1930995313.0,0.0140680569326684,69.766461,0.6090127955930611
2020-09-16,RR,66.0083999633789,69.9719009399414,62.66249847412109,69.73169708251953,76314852,72.58517913818359,12.532216117388831,-4.479077703973353,20.799352622638292,-122.8461626431374,,,-29.881,69422685.0,1930995313.0,0.0359517625613211,66.0087495,0.6227538871359365
2020-09-17,RR,65.1676025390625,66.05979919433594,64.2238998413086,64.75579833984375,38071063,71.61057968139649,10.488409689039347,-4.690117925071021,20.910072505268037,-124.65699439225504,,,-29.881,28803933.0,1930995313.0,0.0149166250203114,65.167983,0.6150484081450225
2020-09-18,RR,61.82170104980469,64.87590026855469,60.44900131225586,64.61849975585938,68685722,70.32884979248047,6.446537246848749,-4.943486285029712,20.73941410840285,-144.59136750170774,,,-29.881,62258122.0,1930995313.0,0.0322414671754306,61.8220755,0.6283810482665061
2020-09-21,RR,55.147098541259766,60.980899810791016,54.64950180053711,60.620601654052734,62393014,68.1051197052002,1.955508809024346,-5.30532529383744,24.215371927171688,-185.01970735167987,,,-28.825,60981904.0,1930995313.0,0.0315805551621243,55.147419,0.7100482537524482
2020-09-22,RR,55.147098541259766,55.98780059814453,53.43119812011719,55.64469909667969,57385522,66.10787963867188,6.435221878549785,-5.704091495664132,13.665666409752504,-183.2531963630068,,,-28.825,49121549.0,1930995313.0,0.0254384610202313,55.147419,0.711480966556359
2020-09-23,RR,55.72980117797852,59.36980056762695,53.97959899902344,54.97959899902344,53359100,64.4503101348877,9.150525008838226,-6.082801504865195,14.751983460844611,-149.17857038293673,,-23.201,-23.201,43441848.0,1930995313.0,0.0224971276250839,55.730808,0.54737816551512
2020-09-24,RR,51.509498596191406,55.027000427246094,51.509498596191406,54.18619918823242,43512482,62.45306968688965,0.0,-6.4825566044001,12.883877981772685,-154.69460730040078,,-24.568,-24.568,42621074.0,1930995313.0,0.0220720753246074,51.509817,0.5376007578144552
2020-09-25,RR,53.105201721191406,58.68170166015625,48.59260177612305,52.14440155029297,73495454,60.55705986022949,15.062836787084796,-6.834312966779684,9.546264994138497,-126.87998281470716,,-22.033,-22.033,,,,,0.5605567172400187
2020-09-28,RR,51.21780014038086,52.950801849365234,49.50199890136719,52.93360137939453,44574306,58.46202011108399,10.025159774253996,-7.152080609037217,9.667883900013068,-128.31552921833764,,,-22.033,42209578.0,1930995313.0,0.0218589748591481,51.2181225,0.5623389303796886
2020-09-29,RR,48.18080139160156,51.45800018310547,48.18080139160156,51.45800018310547,43322838,56.30350036621094,0.0,-7.46403937796582,9.595669449501614,-125.29650073241277,,,-22.033,42815257.0,1930995313.0,0.0221726364179942,48.181068,0.5411423127480876
2020-09-30,RR,44.61180114746094,48.02629852294922,44.5260009765625,47.85480117797852,69768654,54.16384048461914,0.2994467185341968,-7.795933122347878,8.787558373949935,-131.74232779944313,,-22.669,-22.669,65564801.0,1930995313.0,0.0339538892500667,44.6121,0.5707661683355751
2020-10-01,RR,40.08200073242188,44.26860046386719,38.62350082397461,41.18009948730469,179219247,51.65528030395508,4.235269903925282,-8.177425116101649,6.242295379367434,-144.6620306533893,,-23.947,-23.947,126259941.0,1930995313.0,0.0653859386141347,40.082256,0.6230060403056151
2020-10-02,RR,38.9838981628418,39.12110137939453,34.59299850463867,39.12110137939453,93164631,49.37150001525879,11.477254495959649,-8.568887470178709,5.802720548568516,-146.66863744351912,,-16.604,-16.604,87927989.0,1930995313.0,0.0455350608093371,38.984112,0.6224646726864894
2020-10-05,RR,42.346900939941406,42.346900939941406,37.628299713134766,39.77310180664063,116878257,48.09148025512695,21.91674105628988,-8.872892976472878,14.392553050882752,-114.41294926850988,,-5.645,-5.645,,,,,0.7449389647317474
2020-10-06,RR,51.47520065307617,51.86360168457031,41.33700180053711,42.792999267578125,129573982,47.7242904663086,53.65083763970007,-8.940285945437186,33.4370494662916,-60.9372804355629,,,-5.645,112479604.0,1930995313.0,0.0582495479107359,51.4755,1.1305177477025803
2020-10-07,RR,53.75719833374024,56.45109939575195,49.1416015625,51.20059967041016,161986348,47.52703018188477,63.283895243938986,-8.799057248847129,37.409574833031606,-22.1415207952584,,,-5.645,133065425.0,1930995313.0,0.0689102786030428,53.7575805,1.1485979793764882
2020-10-08,RR,67.03790283203125,68.97679901123047,54.06610107421875,54.18619918823242,188852142,49.07987060546875,94.3610184138094,-8.302531260535675,54.720662587703984,61.16238837558237,,,-5.645,175757580.0,1930995313.0,0.0910191644778994,67.0382595,1.4673332615322394
2020-10-09,RR,76.59510040283203,86.6156005859375,67.08930206298828,67.22660064697266,218123987,51.42886047363281,80.7381795946196,-7.437937872227954,68.4479218077547,160.3580054180328,,-1.425,-1.425,208137296.0,1930995313.0,0.1077875718282491,76.595544,1.532769821828984
2020-10-12,RR,66.86630249023438,81.44539642333984,64.05370330810547,77.4530029296875,188090609,52.99371070861817,62.0370813731314,-6.526235106024073,58.63483780372189,115.59814337627188,,2.896,2.896,129315380.0,1930995313.0,0.0669682516210229,66.8666745,1.5946656171645426
2020-10-13,RR,62.83399963378906,68.63359832763672,60.740699768066406,66.9177017211914,77169084,54.45903053283691,54.28602184299911,-5.68225648703464,54.981234807795936,69.23590166964227,,,2.896,75573564.0,1930995313.0,0.0391371037988635,62.834427,1.6131568777741148
2020-10-14,RR,61.77019882202149,64.10379791259766,59.36800003051758,62.78260040283203,47783580,56.174870300292966,52.24113987014986,-4.928990114007755,57.52768299929996,53.892257389847295,,,2.896,45501958.0,1930995313.0,0.0235639919442932,61.7706,1.5597700845173372
2020-10-15,RR,66.95210266113281,68.24579620361328,59.41949844360352,63.07429885864258,50306425,58.86188049316407,62.202010014656,-4.17815947256271,59.650846031831286,80.17028692177435,,,2.896,47244252.0,1930995313.0,0.0244662696392572,66.952467,1.5809354496809385
2020-10-16,RR,76.14900207519531,76.14900207519531,67.58689880371094,69.28559875488281,77626387,62.57839088439941,79.88067091610411,-3.3119612540629446,65.76949876535619,135.66707782494169,,,2.896,74267223.0,1930995313.0,0.0384605920584127,76.149423,1.6400685972103464
2020-10-19,RR,75.49700164794922,81.53669738769531,72.85459899902344,76.90390014648438,64807169,65.89340095520019,78.62736869522101,-2.421714071624961,67.81557686491658,136.05537184892128,,-0.18,-0.18,52397942.0,1930995313.0,0.0271351989552964,75.4974,1.6066814337586637
2020-10-20,RR,77.89910125732422,79.58070373535156,72.09960174560547,75.11949920654297,45853058,68.535791015625,83.24478403638578,-1.519218020299942,72.04547183976283,116.00375153866072,,,-0.18,40101666.0,1930995313.0,0.020767355430655,77.89959,1.6047879318476996
2020-10-21,RR,77.07550048828125,79.95809936523438,76.18329620361328,77.418701171875,38288440,70.8676212310791,81.66162453245347,-0.6660324136462409,75.76482355751777,107.6787575855048,,,-0.18,36477296.0,1930995313.0,0.0188904114652296,77.075982,1.594937019918074
2020-10-22,RR,77.86479949951172,78.17369842529297,74.15859985351562,76.0459976196289,35246611,71.95031089782715,82.13659268726083,0.1256317895991666,77.19632353682806,91.4388853955775,,,-0.18,34086502.0,1930995313.0,0.0176522966008877,77.865273,1.564918298558893
2020-10-23,RR,83.62999725341797,83.62999725341797,77.89910125732422,79.61499786376953,60999654,72.65380058288574,93.40614901386434,0.9289292461227958,77.93773983164427,107.05211987173354,,,-0.18,59268362.0,1930995313.0,0.03069316719776,83.630529,1.5237626918139742
2020-10-26,RR,77.59030151367188,83.62999725341797,77.59030151367188,80.61019897460938,36248875,73.7262004852295,75.91583682696661,1.598930984645563,68.44404067868211,87.70407564063616,,,-0.18,35458466.0,1930995313.0,0.0183627923699678,77.590737,1.4918735496896622
2020-10-27,RR,75.15380096435547,80.91899871826172,75.0165023803711,77.65889739990234,52844967,74.95818061828614,64.78655649542182,2.107745720852387,65.07864862616864,68.26114483399539,,,-0.18,48815680.0,1930995313.0,0.0252800613607703,75.15423,1.494250177268913
2020-10-28,RR,84.54000091552734,101.9499969482422,70.2040023803711,77.0,211643223,77.23516082763672,59.11418605765763,2.6338060168716524,63.05045750997429,104.55445026450955,,1.724,1.724,207611814.0,7992500197.0,0.0259758284495166,84.54,1.517146404909347
2020-10-29,RR,72.4000015258789,84.69999694824219,71.73999786376953,84.0,99090492,77.77995071411132,30.604486493532207,2.943408969063154,46.9879369575742,48.90523209407191,,1.944,1.944,97953197.0,7992500197.0,0.012255638984753,72.4,1.4990748748093865
2020-10-30,RR,71.31999969482422,74.97200012207031,64.86000061035156,70.0,74632938,77.29705047607422,28.068199073425,3.077171330395428,53.65119984748592,4.504899984695587,,,1.944,72820359.0,7992500197.0,0.0091110862940401,71.32,1.501740587723496
2020-11-02,RR,76.55999755859375,77.26000213623047,66.5,69.41999816894531,50408751,77.40335006713867,40.37386400946373,3.170295781571714,61.03425764792339,18.281423082461888,0.4588,-1.405,-1.405,48701580.0,7992500197.0,0.0060934099217514,76.56,1.257653279339333
2020-11-03,RR,84.0,84.0,74.69599914550781,75.0,73734226,78.01343994140625,57.79499987218716,3.344542588618819,66.20876435690602,83.47264206511004,0.3818,-14.976,-14.976,,,,,1.2031677408648087
2020-11-04,RR,83.9000015258789,86.4000015258789,78.19999694824219,79.13999938964844,73683608,78.69589004516601,51.33459907106096,3.5512827048281457,63.34659023111992,102.41304324880328,0.1953,,-14.976,76653211.0,7992500197.0,0.0095906423660486,83.9,1.0947890789340908
2020-11-05,RR,74.5199966430664,81.72000122070312,72.08000183105469,78.58000183105469,82070405,78.36140975952148,26.044747874095435,3.6098047480170288,48.720835729203976,13.418547185143096,0.0,,-14.976,79113727.0,7992500197.0,0.0098984954707533,74.52,1.154561411663835
2020-11-06,RR,69.55999755859375,73.19999694824219,67.31999969482422,72.91999816894531,86207079,76.95440979003907,12.671872235912668,3.4849973885545342,45.63343832047508,-63.97465113968472,0.296,,-14.976,82043411.0,7992500197.0,0.0102650496062289,69.56,1.1836077367832396
2020-11-09,RR,100.0,137.4499969482422,69.0,69.58000183105469,273517274,79.19537963867188,48.408873346789264,3.7295347658209215,61.50842721113234,300.2150656612115,-0.4723,-26.796,-26.796,259355327.0,7992500197.0,0.0324498367979208,100.0,1.9193217930483544
2020-11-10,RR,107.0,128.802001953125,101.75,104.6500015258789,141284399,82.37999954223633,58.0520753761936,4.295931762819495,64.6406102745232,305.1451269021345,0.32563333333333333,,-26.796,135793229.0,7992500197.0,0.0169900814079391,107.0,1.8821498133655563
2020-11-11,RR,98.41999816894533,114.4499969482422,96.76000213623048,109.0,96648953,83.76799926757812,46.23226236626225,4.887692451932443,59.34432529301044,179.92004736175485,,,-26.796,91306414.0,7992500197.0,0.0114240114794456,98.42,1.9149264373394577
2020-11-12,RR,90.0,106.5999984741211,89.1510009765625,95.9800033569336,149794913,85.52799911499024,34.632870447640215,5.318853345825572,52.82753323650044,98.33073662515224,0.0,,-26.796,139091308.0,8367646356.0,0.016622512721306,90.0,1.9497863794077608
2020-11-13,RR,93.6999969482422,96.1500015258789,86.37999725341797,89.37999725341797,109640019,87.76599884033203,39.72998731622292,5.673659780566287,57.30249344358495,64.20868306433648,,,-26.796,101900931.0,8367596989.0,0.0121780400196087,93.7,1.9499641992171344
2020-11-16,RR,103.0,104.4219970703125,95.63999938964844,95.77999877929688,167541565,90.40999908447266,52.54167421653398,6.097453878704807,61.88320416815321,109.87635810686322,,-29.857,-29.857,149449678.0,8367596989.0,0.0178605253331949,103.0,1.9627510536089636
2020-11-17,RR,102.6999969482422,105.0,97.9000015258789,104.4499969482422,87319592,92.27999877929688,52.12838992545706,6.523588416583955,58.401181737201966,99.65243634782628,-0.054266666666666664,,-29.857,82697807.0,8367596989.0,0.009883101099242,102.7,1.936297524007959
2020-11-18,RR,102.5999984741211,104.75,100.1999969482422,104.75,64319082,94.14999847412108,51.99063199851679,6.912387225282527,65.72261258916716,90.28889421773792,-0.11046666666666667,,-29.857,55896943.0,8367596989.0,0.0066801667280919,102.6,1.9285247063820956
2020-11-19,RR,98.55999755859376,102.8499984741211,98.12200164794922,100.1500015258789,72678770,96.55399856567382,45.18674973584766,7.177192662451299,63.75757361844969,66.53545005220188,0.06306,,-29.857,64007767.0,8367596989.0,0.007649480141568,98.56,1.8999909929909065
2020-11-20,RR,99.44000244140624,101.1999969482422,98.66600036621094,99.55999755859376,45155090,99.54199905395508,45.80066163487063,7.348081607977129,62.08791279661443,59.646218525955526,-0.0015166666666666698,,-29.857,42259567.0,8367596989.0,0.0050503826911781,99.44,1.899408979178243
2020-11-23,RR,107.0,108.1269989013672,100.5,101.0,82517941,100.24199905395508,56.58063861287528,7.555014816416408,62.13592107941268,81.57147011172937,0.0,,-29.857,76752878.0,8367596989.0,0.0091726308163381,107.0,1.815825456291477
2020-11-24,RR,115.75,118.9000015258789,108.5,108.8000030517578,126871616,101.11699905395508,69.05746784813316,7.896073822441279,65.39986219725802,120.06924048755717,0.14709999999999998,,-29.857,121633091.0,8367596989.0,0.0145362033042339,115.75,1.8200627101637177
2020-11-25,RR,110.9000015258789,122.0,109.0,121.0,78583941,102.36499938964845,62.14174181923372,8.207945760787924,68.39603715934693,106.07352858855126,0.07733333333333332,,-29.857,71664059.0,8367596989.0,0.0085644730612873,110.9,1.8294298951542736
2020-11-26,RR,108.3000030517578,112.8000030517578,106.5,111.0500030517578,39317850,104.19499969482422,57.41417794579908,8.424985942386714,70.0683815677251,75.99055197144801,0.0,-28.886,-28.886,36341987.0,8367596989.0,0.0043431808496244,108.3,1.8155502842710172
2020-11-27,RR,107.6500015258789,111.4000015258789,102.60299682617188,108.0,75209228,105.59000015258788,50.13908329656997,8.54163716921406,55.73205540314426,61.08937090544863,0.6539999999999999,-16.504,-16.504,65487235.0,8367596989.0,0.0078262893260859,107.65,1.816466034239967
2020-11-30,RR,105.6999969482422,110.3000030517578,105.6999969482422,107.3000030517578,54663828,105.85999984741213,54.23918642644714,8.538672190931782,48.94617146196151,58.11677215997436,0.347,,-16.504,52609153.0,8367596989.0,0.0062872474701111,105.7,1.7571246463174672
2020-12-01,RR,112.0999984741211,112.4000015258789,103.0500030517578,105.0,41118607,106.8,72.20662335061478,8.543536447032563,61.49579710172802,68.98774474336308,0.1296,-14.25,-14.25,,,,,0.8116056670977423
2020-12-02,RR,116.75,118.0,109.75,116.5999984741211,80221417,108.21500015258788,85.26109041217362,8.60776853401458,73.99963639569567,109.21921060554531,,,-14.25,78408608.0,8367596989.0,0.0093705048298902,116.75,0.8201992558306156
2020-12-03,RR,134.89999389648438,134.89999389648438,119.3000030517578,120.0,171564312,111.84899978637696,100.0,8.975797781641905,79.35308655611257,215.2778639976616,,,-14.25,165702681.0,8367596989.0,0.0198028993530438,134.9,0.9502418629667254
2020-12-04,RR,130.25,134.5,127.4000015258789,133.85000610351562,112258235,114.92999954223632,87.4324463369929,9.420302907160965,70.7920040497614,209.01154914033108,,,-14.25,84516642.0,8367596989.0,0.0101004675668659,130.25,0.9032801063516496
2020-12-07,RR,130.85000610351562,133.22900390625,127.47599792480467,130.6999969482422,56197149,117.31500015258788,88.9880128159251,9.8775419092629,71.38083576810257,170.86242512010284,,,-14.25,53734844.0,8367596989.0,0.0064217772522552,130.85,0.8224612265336274
2020-12-08,RR,126.25,130.39999389648438,125.0999984741211,129.0,43340720,118.3650001525879,76.48051628802848,10.222889707668145,66.81359188439944,125.2846791781428,,-17.185,-17.185,,,,,0.8409656564583452
2020-12-09,RR,129.64999389648438,132.0500030517578,128.0,128.0,77884105,120.23999938964845,85.51084357948666,10.510947448381788,72.30592283594076,122.26182961151596,,,-17.185,47098725.0,8367596989.0,0.0056287038037223,129.65,0.7835568601411802
2020-12-10,RR,127.0,130.4499969482422,125.25,129.5500030517578,35231954,122.10999908447266,77.03489738906104,10.681760747784027,69.28351585090714,94.80888050636098,,-14.245,-14.245,34769260.0,8367596989.0,0.0041552264103669,127.0,0.7906181230075274
2020-12-11,RR,117.0,125.8499984741211,114.0999984741211,125.5,92092627,123.04499893188476,44.57690955752012,10.586243134377906,56.76590042348821,33.78888915401483,,-11.786,-11.786,90012419.0,8367596989.0,0.0107572603124086,117.0,0.8530036095490512
2020-12-14,RR,118.75,124.40399932861328,117.4000015258789,118.8000030517578,80854603,124.34999923706054,49.995369967911046,10.332593694080984,52.24215267092696,36.44445359134689,,-2.592,-2.592,47747392.0,8367596989.0,0.005706225104145,118.75,0.8346652072848671
2020-12-15,RR,115.3000030517578,117.3000030517578,112.1999969482422,117.1999969482422,55739540,124.6699996948242,39.31327175075687,9.914534253556337,53.35878018197564,-5.374318604519574,,3.602,3.602,52799005.0,8367596989.0,0.0063099364213416,115.3,0.8464921601612708
2020-12-16,RR,114.8000030517578,117.9020004272461,113.0,113.0,71740253,124.475,37.76514020493089,9.384766739677575,55.12618345879717,-8.342812558239892,,3.753,3.753,,,,,0.8084852149707983
2020-12-17,RR,112.4499969482422,117.6999969482422,111.75,116.5,43667315,122.23000030517578,29.513333119342928,8.753871301428548,53.68663251526143,-25.628131588392986,,,3.753,42923029.0,8367596989.0,0.0051296721216887,112.45,0.7437380532157778
2020-12-18,RR,113.9499969482422,114.66999816894533,109.0,111.8499984741211,90483435,120.6,34.222910611257205,8.096643201245563,56.38051104321035,-46.077240040084185,,,3.753,89680528.0,8367596989.0,0.0107175964757735,113.95,0.7386960918381426
2020-12-21,RR,110.25,114.66999816894533,95.0999984741211,104.5500030517578,153227199,118.53999938964844,38.0653348451549,7.37987810375985,48.50686134536729,-100.58359582230182,,,3.753,89359125.0,8367596989.0,0.010679186045584,110.25,0.7491259665133791
2020-12-22,RR,112.6500015258789,113.6999969482422,107.51799774169922,109.5999984741211,37373568,117.17999954223632,44.09549012635468,6.684840768237248,46.56616481769897,-56.15232386176928,,,3.753,35902637.0,8367596989.0,0.004290674735793,112.65,0.7522552882919904
2020-12-23,RR,115.5999984741211,116.4000015258789,111.4499969482422,112.4499969482422,36332635,115.775,52.03045483776209,6.071686352660704,28.314608167088224,-27.83473009907006,,,3.753,35747911.0,8367596989.0,0.0042721836444792,115.6,0.7519715434382744
2020-12-24,RR,115.75,121.0500030517578,114.62000274658205,117.3000030517578,21508186,114.65,54.15824853506001,5.530551717988816,31.875,-7.862494816303602,,,3.753,21127144.0,8367596989.0,0.0025248759025767,115.75,0.7233163434173195
2020-12-29,RR,112.8499984741211,121.0999984741211,112.6500015258789,120.5500030517578,49485693,114.23499984741213,48.0378830879573,5.004051781771842,28.723392934602728,-28.172287682483507,,,3.753,48365115.0,8367596989.0,0.0057800483297152,112.85,0.7299224428115926
2020-12-30,RR,112.0500030517578,115.02999877929688,111.9000015258789,113.0,21556313,113.56500015258788,45.87280778821712,4.4901558817253004,31.558438212778952,-58.0059644368296,,,3.753,21054553.0,8367596989.0,0.0025162006520722,112.05,0.7146552494235704
2020-12-31,RR,111.25,112.6500015258789,109.13999938964844,111.75,15415469,113.15999984741212,45.68600345966618,3.988101664650628,24.37326319672961,-80.0278500499628,,,3.753,15141921.0,8367596989.0,0.0018095901391887,111.25,0.4104024328960078
2021-01-04,RR,103.1999969482422,113.0,102.1999969482422,112.0,79652536,111.99999923706056,26.34145845242632,3.382265309189691,21.1864391124484,-119.4420945625399,0.5157666666666666,,3.753,76749131.0,8367596989.0,0.0091721830175251,103.2,0.4602719335150032
2021-01-05,RR,107.75,108.25,101.1500015258789,102.6500015258789,96349873,111.52999954223633,43.168172116469584,2.8080230373127875,37.09902590631233,-116.87388028704468,-0.4253,,3.753,41620694.0,8367596989.0,0.0049740318582162,107.75,0.4980018632063885
2021-01-06,RR,111.0500030517578,111.6999969482422,106.6500015258789,109.5500030517578,36904788,111.2400001525879,61.34617145244892,2.3299356225612864,39.70588895276183,-71.2308100337673,0.14049999999999999,3.432,3.432,34842883.0,8367596989.0,0.0041640249937711,111.05,0.5071645529004889
2021-01-07,RR,111.0999984741211,113.4000015258789,108.0500030517578,113.0500030517578,49868927,111.325,61.53846153846154,1.932665594892978,43.82352406590987,-55.76575118168055,0.11139999999999999,6.63,6.63,26838277.0,8367596989.0,0.0032074055472893,111.1,0.5072365105393469
2021-01-08,RR,107.3000030517578,112.5,106.8499984741211,112.5,38353998,110.7900001525879,46.923094529372,1.5418442476413392,39.94638151960345,-76.5210596854911,0.10655454545454544,6.598,6.598,,,,,0.4929417009594319
2021-01-11,RR,105.75,108.25,104.1999969482422,107.9499969482422,42569368,109.80500030517578,40.96154433030348,1.1473087408259968,40.821921988709335,-112.63612015115076,-0.2997,,6.598,39816239.0,8367596989.0,0.0047583839246013,105.75,0.4260157064052728
2021-01-12,RR,107.75,108.9000015258789,105.3499984741211,106.1500015258789,23311202,109.00500030517578,48.653852022611176,0.8004213571694223,41.621625745618665,-85.91187823867175,0.6013714285714286,,6.598,22821842.0,8367596989.0,0.002727406928178,107.75,0.4286588537843494
2021-01-13,RR,105.5999984741211,108.8000030517578,103.75,108.5500030517578,40257713,108.28000030517578,22.30575252611395,0.4654569630386385,43.44146554946806,-100.95045654425029,0.0,,6.598,33797141.0,8367596989.0,0.0040390498065847,105.6,0.4229241942057586
2021-01-14,RR,106.6500015258789,109.1999969482422,104.6999969482422,106.9499969482422,29157151,107.7400001525879,27.568926522991823,0.171216369668805,41.20234761573633,-78.29790950463548,0.3963833333333333,5.73,5.73,26511529.0,8367596989.0,0.003168356343506,106.65,0.4258201299505941
2021-01-15,RR,105.9000015258789,106.78099822998048,104.0,106.0999984741211,35871297,107.2050003051758,23.80952745167476,-0.0944308049270149,34.7962473912979,-93.87574297156851,0.3847375,,5.73,34225305.0,8367596989.0,0.0040902190969513,105.9,0.4212928893383201
2021-01-18,RR,104.25,105.6500015258789,103.6500015258789,105.5,26624130,107.31000061035157,15.53884184626022,-0.3543400984918806,32.78443585668255,-104.37634651956964,0.0,,5.73,25092725.0,8367596989.0,0.0029987970301374,104.25,0.4192311899553642
2021-01-19,RR,104.6500015258789,109.25,104.4000015258789,106.5,51765836,107.00000076293944,25.216143318314565,-0.5898387212529901,36.73140045519571,-65.85258422264184,0.45528571428571435,,5.73,45392626.0,8367596989.0,0.005424810260302,104.65,0.4062553850740277
2021-01-20,RR,107.4000015258789,108.6500015258789,104.3499984741211,105.3000030517578,41279033,106.63500061035155,51.02040816326531,-0.7524729758869384,42.92237506552335,-46.79805654974262,0.3971,,5.73,39292154.0,8367596989.0,0.0046957512475389,107.4,0.4100940760456201
2021-01-21,RR,103.3000030517578,108.3499984741211,103.3000030517578,108.3000030517578,45447164,105.85500106811524,17.5510328643176,-0.9246097427748112,39.004156383342895,-82.04589173110682,-0.004725000000000007,-14.963,-14.963,,,,,0.4146540742510289
2021-01-22,RR,102.9499969482422,103.8000030517578,100.3499984741211,103.0999984741211,39661216,105.42000045776368,19.923355295850897,-1.0971555768153751,49.56063287744704,-122.96969226749552,0.40948,,-14.963,37590926.0,8367596989.0,0.0044924398306248,102.95,0.4080752263352313
2021-01-25,RR,98.0,103.9000015258789,95.56099700927734,103.5999984741211,78202247,104.64500045776369,13.672304351135962,-1.337386339277447,33.102256607821175,-175.86403719386325,0.018275,,-14.963,71213292.0,8367596989.0,0.0085106025174989,98.0,0.4367755506381288
2021-01-26,RR,96.31999969482422,98.23999786376952,86.69999694824219,96.5,128922237,103.50200042724607,36.02996665640842,-1.6312026597480436,22.952622950773744,-271.540276511154,0.012442857142857141,-10.069,-10.069,116589904.0,8367596989.0,0.0139334989667007,96.32,0.4384672505531509
2021-01-27,RR,95.16000366210938,99.45999908447266,92.05999755859376,94.62000274658205,58815581,102.45800094604492,32.790719818503234,-1.9579922512175605,21.877218453440648,-202.4531982656986,0.5397391304347826,-6.147,-6.147,56570503.0,8367596989.0,0.0067606629566848,95.16,0.3649902193050158
2021-01-28,RR,96.94000244140624,99.77999877929688,91.58000183105467,94.55999755859376,56342260,101.48700103759764,45.41021777097203,-2.255456498446869,30.31915325339091,-156.16099898619703,0.7351,-4.592,-4.592,,,,,0.3031777344153621
2021-01-29,RR,91.6999969482422,96.45999908447266,91.12000274658205,94.62000274658205,111939875,100.067000579834,22.172946001487308,-2.5974072063060825,26.591138820868693,-167.00488613974366,0.09726666666666665,,-4.592,93354251.0,8367596989.0,0.0111566380554325,91.7,0.3451960779871333
2021-02-01,RR,94.0999984741211,95.5,92.0199966430664,93.31999969482422,48381135,99.0520004272461,32.81596684884734,-2.905104905629689,27.55673058613347,-128.34329182101135,0.16293333333333332,,-4.592,42855174.0,8367596989.0,0.0051215628640262,94.1,0.3664184780549818
2021-02-02,RR,94.76000213623048,96.81999969482422,94.1999969482422,96.4800033569336,52354916,98.06300048828123,35.742811960994345,-3.158052166270378,31.258659569820523,-94.67538043542396,,,-4.592,49259943.0,8367596989.0,0.0058869879924615,94.76,0.3564163911112234
2021-02-03,RR,91.87999725341795,96.44300079345705,90.55999755859376,95.36000061035156,58482797,96.51100006103516,22.97117341087008,-3.4021739554144954,25.98374480767237,-107.81416519832206,,,-4.592,57041335.0,8367596989.0,0.0068169314410082,91.88,0.3658277527138119
2021-02-04,RR,93.9000015258789,95.12000274658205,91.9800033569336,92.5199966430664,43147170,95.57099990844726,31.92906254208008,-3.58798461139733,31.26172286014913,-88.08456206726798,,,-4.592,41070895.0,8367596989.0,0.0049083261364035,93.9,0.3688366800561896
2021-02-05,RR,93.9000015258789,95.1999969482422,92.1999969482422,94.1999969482422,47764367,94.66600036621094,31.92906254208008,-3.7193287344608352,32.96017066520895,-78.26685066117663,,,-4.592,44474409.0,8367596989.0,0.0053150754103556,93.9,0.3660419922401031
2021-02-08,RR,93.0,94.9000015258789,91.13999938964844,94.4000015258789,40071772,94.16600036621094,28.701602450581863,-3.815530910090531,31.13055599149324,-79.49607014432807,,,-4.592,31309992.0,8367596989.0,0.0037418140526079,93.0,0.365678868542626
2021-02-09,RR,91.58000183105467,93.41999816894533,91.44000244140624,93.41999816894533,39344590,93.692000579834,22.54043666915811,-3.898622591563521,23.222763993306582,-82.8410973990012,,,-4.592,33254865.0,8367596989.0,0.0039742431481483,91.58,0.3619615259599716
2021-02-10,RR,92.8000030517578,95.22000122070312,91.1999969482422,93.0999984741211,96274619,93.45600051879885,35.46514232587353,-3.940790909609829,30.30759087014529,-65.72367947065266,,-4.743,-4.743,53673611.0,8367596989.0,0.006414459380699,92.8,0.3693250340375228
2021-02-11,RR,92.5999984741211,93.26000213623048,90.6999969482422,92.83999633789062,38191008,93.02200012207032,34.3023253235062,-3.949307819967122,30.479080190898785,-72.81216865275228,,-6.127,-6.127,32390950.0,8367596989.0,0.0038709978554871,92.6,0.3668706519869728
2021-02-12,RR,92.86000061035156,93.08000183105467,90.6999969482422,91.73999786376952,27054558,93.13800048828124,47.09482262826772,-3.9231367557915866,38.22182843740232,-69.14191720316641,,,-6.127,21290399.0,8367596989.0,0.0025443862829421,92.86,0.3486236643262671
2021-02-15,RR,96.08000183105467,97.5999984741211,92.26000213623048,93.9000015258789,51964728,93.33600082397462,59.86988656862648,-3.816281010542083,49.48630645901409,-16.744822474601026,,-4.688,-4.688,,,,,0.3291593015409262
2021-02-16,RR,99.94000244140624,100.25,96.36000061035156,97.26000213623048,61688441,93.85400085449218,96.8008515945352,-3.5941730933550176,59.17113129219437,59.79832168547661,,,-4.688,56384992.0,8367596989.0,0.0067384927923899,99.94,0.3899799641389794
2021-02-17,RR,102.3000030517578,102.8000030517578,100.0999984741211,102.5,56930121,94.89600143432617,95.9150345130217,-3.2656263327415305,60.06004991176375,138.49539564906962,,,-4.688,50942374.0,8367596989.0,0.0060880530057755,102.3,0.3573214758786878
2021-02-18,RR,93.33999633789062,102.2699966430664,93.27999877929688,102.0,57722418,94.84000091552734,22.712398134539075,-3.0230973823073533,52.70091849171347,30.36075578764805,,,-4.688,53166639.0,8367596989.0,0.0063538718547143,93.34,0.4761339674840182
2021-02-19,RR,98.66000366210938,99.86000061035156,94.26000213623048,94.94000244140624,75707351,95.3160011291504,66.17649075434981,-2.7554286370183787,56.85096173133878,82.80547663300948,,,-4.688,70375561.0,8367596989.0,0.0084104864386412,98.66,0.5165031240608353
2021-02-22,RR,105.4499969482422,105.6500015258789,96.27999877929688,97.4800033569336,82699712,96.5610008239746,98.6745889658457,-2.37142383683853,63.562531857685656,213.35118927187645,,,-4.688,80659432.0,8367596989.0,0.0096394977083665,105.45,0.5658658104709208
2021-02-23,RR,106.6500015258789,115.5,104.5500030517578,106.0,130456618,98.06800079345705,64.3145266730368,-1.910081690627572,69.57327590564874,283.04711217914024,,,-4.688,124727528.0,8367596989.0,0.0149060152112925,106.65,0.5660200263428611
2021-02-24,RR,111.9000015258789,112.27999877929688,106.25,109.0,58165274,99.97800064086914,85.48387890675713,-1.3363361655303896,71.97264446295499,225.82489986694875,,-4.454,-4.454,,,,,0.5382382348040607
2021-02-25,RR,112.0500030517578,118.9499969482422,112.0500030517578,117.4499969482422,81938484,101.9230010986328,75.57524284430309,-0.7167761014858364,72.07491018160769,218.7462216621367,,,-4.454,79197746.0,8367596989.0,0.0094648136261955,112.05,0.5389273720097572
2021-02-26,RR,107.6999969482422,113.1999969482422,105.6999969482422,110.0,71533590,103.40700073242188,60.17699115044248,-0.1687468633914153,66.49460018642009,123.26188941883323,,,-4.454,69475755.0,8367596989.0,0.0083029518619661,107.7,0.547849446496577
2021-03-01,RR,111.4000015258789,113.4499969482422,107.8239974975586,110.5,48409647,104.93900070190428,73.27435248720963,0.365135660844064,71.15711475535869,123.7766781245827,0.08053333333333333,,-4.454,46985272.0,8367596989.0,0.0056151451918354,111.4,0.553603074635498
2021-03-02,RR,110.1500015258789,112.1999969482422,109.1500015258789,110.8000030517578,27420410,105.96000061035156,68.84957372614768,0.8413890568072501,68.50862615814273,103.0519672035766,-0.29295,,-4.454,26612954.0,8367596989.0,0.0031804775056668,110.15,0.5574860487651265
2021-03-03,RR,114.4499969482422,114.4499969482422,110.1500015258789,111.0,42463056,107.175,84.070796460177,1.3232418613577908,71.43416533161057,111.24302560933596,0.0,,-4.454,40548415.0,8367596989.0,0.0048458852706822,114.45,0.5631338501675399
2021-03-04,RR,114.3499984741211,115.8499984741211,111.9800033569336,113.0999984741211,42311956,109.27600021362304,82.76508292144409,1.7787333933764875,71.14740131454971,106.80944746185516,0.0,,-4.454,40724499.0,8367596989.0,0.0048669288271813,114.35,0.5564949494508735
2021-03-05,RR,108.5500030517578,114.6999969482422,108.1500015258789,113.5,60860191,110.26500015258787,59.48580195433776,2.097234938996084,61.67821483363094,67.25317278608766,-0.148,,-4.454,57314119.0,8367596989.0,0.0068495314814211,108.55,0.5989188936752032
2021-03-08,RR,116.5,116.5,109.4499969482422,111.3000030517578,102980391,111.37000045776368,90.45579617062026,2.435234973253164,64.40500556143998,89.38899196630248,0.16441666666666668,,-4.454,69590737.0,8367596989.0,0.0083166932025387,116.5,0.6400567583093271
2021-03-09,RR,113.8499984741211,118.29000091552734,112.4499969482422,115.6500015258789,45799454,112.09000015258788,80.1324548581741,2.7199081424002496,59.99653197405029,87.41747399349124,0.20791904761904761,,-4.454,44385429.0,8367596989.0,0.005304441533017,113.85,0.6502801026375672
2021-03-10,RR,113.0,115.8499984741211,112.0500030517578,115.5999984741211,61019940,112.2,75.90118186113386,2.9364735776285213,69.79460552991257,70.89764951958237,0.20547500000000002,,-4.454,35636385.0,8367596989.0,0.0042588553257102,113.0,0.6530521463897901
2021-03-11,RR,113.8000030517578,117.6500015258789,112.38200378417967,117.5500030517578,50945720,112.375,77.28277762483837,3.105068450912068,66.77004828794965,75.91174223645315,-0.08146,-36.643,-36.643,49621765.0,8367596989.0,0.0059302288417131,113.8,0.6520004731530781
2021-03-12,RR,114.8499984741211,114.8499984741211,113.1500015258789,114.5,40282876,113.09000015258788,71.52777630605753,3.2444332680937578,61.92893548456432,70.27017034627328,0.26866666666666666,-24.668,-24.668,34448101.0,8367596989.0,0.0041168451402816,114.85,0.6459870049214245
2021-03-15,RR,118.0,119.11599731445312,114.4499969482422,114.5999984741211,64553483,113.75,91.68159448427092,3.401033233286546,63.72430337721112,103.16618022192132,0.0,17.723,17.723,60052554.0,8367596989.0,0.0071767980794181,118.0,0.6395775902268251
2021-03-16,RR,122.8499984741211,125.33999633789062,118.22699737548828,119.1500015258789,75769735,115.01999969482422,87.3218027436298,3.6298538767452686,63.3699606401463,162.88868652821026,0.21764666666666665,0.112,0.112,72279544.0,8367596989.0,0.0086380288265577,122.85,0.647795074505613
2021-03-17,RR,127.1999969482422,128.5500030517578,125.0500030517578,128.5500030517578,74363709,116.2949996948242,94.09187858681614,3.953074399783895,66.77740414674125,203.07521971911987,0.17925454545454544,-0.99,-0.99,68063889.0,8367596989.0,0.0081342216994289,127.2,0.5402765367680809
2021-03-18,RR,124.5500030517578,128.70799255371094,123.0999984741211,128.3000030517578,59445940,117.31500015258788,80.09006662387522,4.267230223516337,69.39011876224303,176.48935059916323,-0.017842857142857143,-2.228,-2.228,56226402.0,8367596989.0,0.0067195399197541,124.55,0.532797069174641
2021-03-19,RR,117.0,123.8499984741211,117.0,123.0,86618916,118.15999984741212,43.048946086899726,4.429054131941957,55.91966260319244,82.1883198537204,0.23713333333333333,-4.629,-4.629,,,,,0.5483352809458303
2021-03-22,RR,111.9000015258789,115.8499984741211,108.6999969482422,115.8499984741211,73655650,117.7,18.24108199543008,4.395454063036627,51.71065565090024,-47.51893613077314,0.05228333333333333,,-4.629,73765739.0,8367596989.0,0.0088156419455874,111.9,0.5484883968274689
2021-03-23,RR,105.3000030517578,113.1500015258789,104.8499984741211,110.5,81043170,116.84500045776367,1.886179433759232,4.125810152392099,41.44060146769903,-124.13810083687936,-0.2290333333333333,-5.767,-5.767,78726207.0,8367596989.0,0.0094084606492751,105.3,0.5878418198054342
2021-03-24,RR,108.0,110.0,99.0,103.6999969482422,76788137,116.34500045776367,30.294877662057903,3.756027032521016,44.33541416465315,-151.71351318344628,0.27612,-5.787,-5.787,73768082.0,8367596989.0,0.0088159219542928,108.0,0.5961531869922057
2021-03-25,RR,106.0500030517578,108.3499984741211,102.8000030517578,107.5999984741211,39039849,115.57000045776368,23.730997774459755,3.3031914307115056,47.605363144691374,-132.0302071624931,0.068025,,-5.787,37849243.0,8367596989.0,0.0045233109397783,106.05,0.5688020617676842
2021-03-26,RR,106.1999969482422,109.9499969482422,105.0999984741211,106.0500030517578,47153072,114.7050003051758,24.235891857131925,2.8169029563167656,38.40089188352314,-107.06607965481112,0.3168166666666667,-0.326,-0.326,,,,,0.5476532568204266
2021-03-29,RR,106.0500030517578,109.8499984741211,104.75,106.25,38109484,113.51000061035155,23.730997774459755,2.3263255582033557,40.6921231272236,-102.29551249406956,0.1317125,,-0.326,36194464.0,8367596989.0,0.0043255505789273,106.05,0.5476266711589167
2021-03-30,RR,108.5500030517578,109.25,105.89099884033205,106.1999969482422,38498473,112.08000106811524,32.14624156947584,1.8933606970147767,44.89093024714349,-82.96438247151603,0.25480909090909093,,-0.326,32794476.0,8367596989.0,0.0039192226923824,108.55,0.5251464474276043
2021-03-31,RR,105.3000030517578,109.6500015258789,105.3000030517578,108.5500030517578,45301198,109.8900016784668,21.20642463595493,1.4630357874265452,40.76086343573756,-88.43754289246637,-0.2252,,-0.326,41573389.0,8367596989.0,0.0049683785027711,105.3,0.4592290245416605
2021-04-01,RR,108.91999816894533,109.83999633789062,105.3000030517578,105.31999969482422,42760061,108.32700119018554,33.391681215115185,1.1113442445471664,43.89540450032461,-64.38343165678968,0.1833,,-0.326,38876476.0,8367596989.0,0.0046460741418482,108.92,0.4738865233167037
2021-04-06,RR,111.76000213623048,113.99099731445312,110.5,111.45999908447266,59606095,107.8030014038086,42.95141152052217,0.8701524506310001,43.53501706022783,-13.591926584242188,0.52394,,-0.326,51805910.0,8367596989.0,0.0061912530046683,111.76,0.4834107248330473
2021-04-07,RR,111.87999725341795,113.94100189208984,111.55999755859376,112.5999984741211,44466998,107.8010009765625,43.35532678665991,0.7107946295801042,37.39948401208645,-7.63233087000155,0.19226,,-0.326,41913775.0,8367596989.0,0.0050090575651647,111.88,0.4826963462633579
2021-04-08,RR,111.12000274658205,113.26300048828124,108.58000183105467,112.0999984741211,38189066,108.38300094604492,40.79711116350094,0.5973372444145388,29.86979396986941,-24.481890996494588,0.6124,,-0.326,34554220.0,8367596989.0,0.0041295272759222,111.12,0.4818050877630659
2021-04-09,RR,111.87999725341795,113.5999984741211,110.5199966430664,111.33999633789062,39746474,108.77100067138672,51.830978045456455,0.5293608029087118,33.35083116364916,-10.145126785436332,0.17,,-0.326,38041688.0,8367596989.0,0.0045463097768701,111.88,0.4709983473438897
2021-04-12,RR,108.22000122070312,112.8000030517578,106.81999969482422,112.4000015258789,36773548,108.98800048828124,54.71811308982356,0.433854753720035,37.14869788677125,-42.73280398153143,-0.083725,,-0.326,35834511.0,8367596989.0,0.0042825330912934,108.22,0.453470985486774
2021-04-13,RR,107.6999969482422,109.94200134277344,106.08000183105467,108.0999984741211,27769988,109.13800048828124,58.03481093185404,0.316815057483172,42.900592065471535,-56.60843879085135,0.3820333333333334,,-0.326,26816697.0,8367596989.0,0.0032048265511894,107.7,0.4265186968416198
2021-04-14,RR,107.73999786376952,108.9000015258789,106.93000030517578,107.54000091552734,24383119,109.30699996948242,58.301643849559774,0.1923300083720221,55.29973588733933,-52.76688353455079,,,-0.326,23861683.0,8367596989.0,0.0028516768949757,107.74,0.4246526991568695
2021-04-15,RR,107.0,109.87999725341795,106.5999984741211,108.8000030517578,38660501,109.15199966430664,37.53015013369002,0.0574594755785204,47.62582724357442,-48.81234310409419,,-1.087,-1.087,36693633.0,8367596989.0,0.0043852055791211,107.0,0.3743109030328554
2021-04-16,RR,104.55999755859376,108.2300033569336,104.37999725341795,107.0,53048138,109.07799911499023,1.8728571848161475,-0.1159101166424859,46.54290628259314,-80.71294717160795,0.288675,-0.83,-0.83,49025751.0,8367596989.0,0.0058590000288552,104.56,0.3518924769727434
2021-04-19,RR,105.18000030517578,106.95700073242188,104.55999755859376,106.05999755859376,30950376,108.70399932861328,8.323827350716382,-0.2941658886441535,47.68392937017944,-87.96302325342543,0.0,,-0.83,29492698.0,8367596989.0,0.0035246317477731,105.18,0.284227429030097
2021-04-20,RR,99.27999877929688,105.72000122070312,99.27999877929688,104.31999969482422,68603074,107.45599899291992,0.0,-0.5596003762609812,37.81057444940311,-214.03023769524157,-0.2084375,,-0.83,66068073.0,8367596989.0,0.0078957044760703,99.28,0.3310207374047462
2021-04-21,RR,99.87000274658205,102.04000091552734,96.5,99.9000015258789,58919666,106.25499954223632,19.26707028762355,-0.855073668280599,33.217318907302825,-235.8273598751641,0.494325,,-0.83,57382695.0,8367596989.0,0.0068577269048013,99.87,0.3326393743532292
2021-04-22,RR,102.81999969482422,102.87999725341795,100.13999938964844,101.73999786376952,41011122,105.42499923706056,36.13287213532352,-1.1048711385072632,45.148661318327655,-137.98593812126606,0.28666,,-0.83,36274359.0,8367596989.0,0.0043350987204195,102.82,0.3479360344879897
2021-04-23,RR,101.76000213623048,102.4000015258789,99.33000183105467,101.4000015258789,34408976,104.4129997253418,30.07262560085144,-1.3273385095051478,34.43478607004781,-139.31707827862922,-0.05135,,-0.83,33012575.0,8367596989.0,0.0039452874037072,101.76,0.349202746943953
2021-04-26,RR,107.81999969482422,107.81999969482422,102.16000366210938,102.23999786376952,42402441,104.37299957275393,64.90452649946829,-1.4213048018921437,42.48664273289597,-23.87978145378404,0.34154615384615383,7.348,7.348,,,,,0.4117794355260946
2021-04-27,RR,102.94000244140624,107.76000213623048,102.94000244140624,107.55999755859376,51134921,103.89700012207032,37.66083635125736,-1.504421304260082,35.57133917597089,-52.296200524355385,0.053671428571428585,,7.348,47079410.0,8367596989.0,0.0056263954946551,102.94,0.4339518958060371
2021-04-28,RR,102.76000213623048,104.4800033569336,101.44000244140624,102.0,39356265,103.3990005493164,36.60820289372699,-1.5758231833169485,36.24999623549536,-80.43535455665955,0.22711428571428574,,7.348,35737874.0,8367596989.0,0.004270984136423,102.76,0.4214906025640688
2021-04-29,RR,102.0199966430664,104.63999938964844,100.94000244140624,103.0999984741211,33746221,102.90100021362304,33.8650037398068,-1.6443542946016858,33.77222016851968,-78.89950813040868,0.02064,,7.348,31177290.0,8367596989.0,0.003725955019223,102.02,0.400680296568281
2021-04-30,RR,104.62000274658205,105.5,101.45999908447266,102.4000015258789,35820685,102.90700073242188,60.40769182743336,-1.6622641552514483,43.8608515721827,-46.95961484084474,-0.043666666666666666,,7.348,34346591.0,8367596989.0,0.0041047138198878,104.62,0.4001192243465568
2021-05-04,RR,101.22000122070312,106.63999938964844,100.5,105.0,56543473,102.5110008239746,35.2765485022606,-1.6979631345481343,39.93789864756001,-62.91582315186248,,,7.348,52052370.0,8367596989.0,0.0062207071000704,101.22,0.4131282855426214
2021-05-05,RR,101.76000213623048,103.1999969482422,100.62000274658205,102.08000183105467,33696096,102.75900115966796,39.312430612695245,-1.7304551886273618,40.85627905934967,-74.88533199343769,,,7.348,30283325.0,8367596989.0,0.003619118492419,101.76,0.4145429842510049
2021-05-06,RR,103.4000015258789,104.31999969482422,102.0,102.62000274658205,37055372,103.11200103759764,58.82352558578188,-1.7291246271059308,44.642861603066834,-39.61153738483278,,,7.348,34665172.0,8367596989.0,0.0041427869967411,103.4,0.4190629566091869
2021-05-07,RR,106.73999786376952,106.88999938964844,104.0199966430664,104.63999938964844,39761593,103.5040008544922,90.45934752499603,-1.6494357399605053,53.15942003345876,30.948784971291477,,,7.348,36008137.0,8367596989.0,0.0043032828955954,106.74,0.422690055286663
2021-05-10,RR,109.68000030517578,110.41999816894533,105.16000366210938,107.0,45288222,104.29600067138672,94.68392269317664,-1.4741453759556855,56.11080812718915,109.25753629671912,,,7.348,43537208.0,8367596989.0,0.0052030718086965,109.68,0.4336240975420826
2021-05-11,RR,104.33999633789062,108.47699737548828,102.12000274658205,108.0,63816992,103.94800033569337,56.32182018084737,-1.329959637890053,56.97738030312212,21.1034543048134,,,7.348,59180405.0,8367596989.0,0.0070725687527492,104.34,0.4685292168055696
2021-05-12,RR,104.86000061035156,106.45999908447266,103.91999816894533,106.0,24789242,104.14000015258787,49.86474847068082,-1.2015005199125544,56.89416479023808,30.524543506094258,,,7.348,23495272.0,8367596989.0,0.0028078876206498,104.86,0.4685116782288642
2021-05-13,RR,104.3000030517578,105.94000244140624,100.58000183105467,103.45999908447266,34621302,104.29400024414062,44.815174588673,-1.09582855322386,52.18935338644564,-11.897510108037023,,6.998,6.998,,,,,0.461581298559661
2021-05-14,RR,107.63999938964844,107.75900268554688,102.43800354003906,105.16000366210938,35353298,104.85600051879882,71.97581358432406,-0.9541933248139198,58.148552815463646,80.0710307440965,,,6.998,33840060.0,8367596989.0,0.0040441789972062,107.64,0.4749179513468404
2021-05-17,RR,102.9800033569336,108.68000030517578,102.5199966430664,107.6999969482422,39596230,104.692000579834,25.00003845461663,-0.8696144888467714,43.021921524611386,36.58593822353493,,,6.998,38623677.0,8367596989.0,0.0046158624812804,102.98,0.4560978670730005
2021-05-18,RR,102.94000244140624,105.0,101.83999633789062,104.63999938964844,33419325,104.8640007019043,24.596803344628736,-0.8238874205579322,50.0,-17.128231649909065,,,6.998,31806905.0,8367596989.0,0.0038011994413465,102.94,0.4559668915067473
2021-05-19,RR,103.36000061035156,103.66000366210938,99.94499969482422,101.4000015258789,43630481,105.0240005493164,32.60144547003268,-0.796330344471947,50.99733757549179,-58.86199461417231,,-9.79,-9.79,40131525.0,8367596989.0,0.0047960633205395,103.36,0.4424466251295474
2021-05-20,RR,103.26000213623048,104.9800033569336,100.53800201416016,104.12000274658205,31088993,105.01000061035155,31.646805959887224,-0.7813868742666215,52.10598741564648,-45.04682958940707,,,-9.79,29220916.0,8367596989.0,0.0034921514550011,103.26,0.3849053468689967
2021-05-21,RR,105.1999969482422,105.27999877929688,102.18000030517578,103.18000030517578,56221555,104.85600051879882,50.16704552655212,-0.7424003063372042,51.00763443365778,10.290479089933669,,,-9.79,41349017.0,8367596989.0,0.0049415641138497,105.2,0.3918346636993139
2021-05-24,RR,105.72000122070312,106.0,104.0780029296875,105.0,18948836,104.46000061035156,55.13128751423,-0.6803992859284433,58.68726073447226,54.529326512877134,,,-9.79,17848944.0,8367596989.0,0.0021331027322974,105.72,0.3553367734878615
2021-05-25,RR,105.41999816894533,106.87000274658205,104.95899963378906,105.9000015258789,23763826,104.56800079345705,52.26729614946769,-0.6104590543834023,57.13171589747829,80.66190375578276,,,-9.79,22693861.0,8367596989.0,0.0027121120950056,105.42,0.3554928248592007
2021-05-26,RR,103.04000091552734,105.94000244140624,102.58000183105467,105.76000213623048,28971549,104.3860008239746,29.54655533697165,-0.575789168097851,49.318180504580525,-16.606541701993546,,,-9.79,27866669.0,8367596989.0,0.003330307259854,103.04,0.3645687037123798
2021-05-27,RR,107.05999755859376,109.31999969482422,102.31999969482422,103.08000183105467,79688012,104.6620002746582,67.92361718569622,-0.4995944650860667,50.59084151281798,95.41637064859428,,,-9.79,75947336.0,8367596989.0,0.0090763616005694,107.06,0.3795958211214161
2021-05-28,RR,107.0199966430664,109.18000030517578,105.87999725341795,108.41999816894533,34976651,104.6,75.46663411458333,-0.4008665780586974,44.4995771963702,133.8224843468772,,,-9.79,32988567.0,8367596989.0,0.0039424182406689,107.02,0.3580313969418488
2021-06-01,RR,108.94000244140624,109.4800033569336,106.23999786376952,106.54000091552734,44497168,105.19599990844726,94.3366470044136,-0.2616445796487802,61.07901570494374,150.45279284171755,,,-9.79,43390122.0,8367596989.0,0.005185493763268,108.94,0.361881612398689
2021-06-02,RR,112.3000030517578,112.63999938964844,108.95999908447266,109.0,46285021,106.13199996948242,97.32180901091914,-0.0501367156687615,65.76272315179462,233.188266405842,,,-9.79,45126749.0,8367596989.0,0.0053930356659532,112.3,0.3722301869402503
2021-06-03,RR,109.68000030517578,112.55599975585938,109.4000015258789,112.31999969482422,35872514,106.76399993896484,76.6837404046614,0.1539045948066034,60.483238669559455,173.85200064494595,,,-9.79,32489068.0,8367596989.0,0.0038827238026293,109.68,0.3692914187418769
2021-06-04,RR,107.31999969482422,110.36599731445312,105.81999969482422,109.5,39848238,107.1699996948242,58.093739088523215,0.3045666204455463,49.351702409101854,69.22598024416943,,,-9.79,36738423.0,8367596989.0,0.0043905583703775,107.32,0.3646429761072316
2021-06-07,RR,110.12000274658205,110.76000213623048,105.8489990234375,108.0999984741211,75895892,107.6620002746582,80.14969118830452,0.4578518365623163,65.64416542073322,93.29774758104158,,,-9.79,23609989.0,8367596989.0,0.0028215972914371,110.12,0.3293950329576555
2021-06-08,RR,111.4000015258789,112.76000213623048,109.31999969482422,110.23999786376952,39237289,108.23000030517578,89.38743385676388,0.6241238493269097,67.58104168800476,149.94314144236574,,,-9.79,37199339.0,8367596989.0,0.0044456418071881,111.4,0.3307913454002087
2021-06-09,RR,112.55999755859376,113.1999969482422,110.31999969482422,111.4000015258789,31100497,108.94400024414062,94.94550903723896,0.8069040356852181,68.54837866157055,145.84119212258852,,,-9.79,27527348.0,8367596989.0,0.0032897554741447,112.56,0.3300998468203827
2021-06-10,RR,111.04000091552734,113.44000244140624,110.94000244140624,112.44000244140624,22080833,109.74400024414062,78.68560328104556,0.964359829826731,64.83600003258933,120.30816228803027,,-7.198,-7.198,,,,,0.3182267233787027
2021-06-11,RR,111.94000244140624,112.44000244140624,110.8769989013672,111.76000213623048,34108912,110.23200073242188,86.51079469866987,1.1098497202108697,63.38364449820234,105.91801604444532,,,-7.198,17405205.0,8367596989.0,0.0020800720951165,111.94,0.2704571263061053
2021-06-14,RR,107.36000061035156,112.5,107.22000122070312,112.0,96220106,110.2660011291504,45.32373804562679,1.164611967176872,52.804375994443376,37.68750522563528,,,-7.198,46733032.0,8367596989.0,0.0055850003365882,107.36,0.3144833319082248
2021-06-15,RR,108.0,110.0,107.16000366210938,107.83999633789062,32482065,110.17200088500977,51.07912681875596,1.1671935876816926,54.3610575918661,19.02864600539701,,-3.873,-3.873,27255276.0,8367596989.0,0.0032572405238719,108.0,0.3146192349354331
2021-06-16,RR,110.0,110.31999969482422,108.13999938964844,108.1999969482422,21291970,109.942000579834,69.06473388719614,1.1661826312380963,61.91780478315932,40.963442147754805,,,-3.873,19443531.0,8367596989.0,0.0023236696300694,110.0,0.3195075091791879
2021-06-17,RR,111.91999816894533,113.4800033569336,109.12000274658205,109.12000274658205,32574488,110.16600036621094,79.63440676007856,1.190947396478304,58.96678877448866,87.83164051586434,,,-3.873,30692027.0,8367596989.0,0.0036679619059507,111.92,0.3186877908073111
2021-06-18,RR,107.5199966430664,112.23999786376952,106.6999969482422,112.04000091552734,54500342,110.18600006103516,22.19316103791588,1.15765581023108,50.79465971598093,4.67311607422197,,,-3.873,50936512.0,8367596989.0,0.0060873524462233,107.52,0.3525671491764023
2021-06-21,RR,109.26000213623048,109.72000122070312,104.0199966430664,106.31999969482422,36844347,110.1,55.39113926296552,1.1148430672124812,50.51150835879513,-41.22482741840668,,,-3.873,35672517.0,8367596989.0,0.0042631734113025,109.26,0.3562099926763031
2021-06-22,RR,108.1999969482422,112.45999908447266,107.81999969482422,109.8000030517578,34202398,109.77999954223633,44.18601837827899,1.0488542457760373,42.92614812076869,16.56243807055722,,,-3.873,33787550.0,8367596989.0,0.0040379035993747,108.2,0.3472323293425034
2021-06-23,RR,109.44000244140624,110.66000366210938,107.9000015258789,108.76000213623048,26743336,109.46800003051756,57.29388955289844,0.9891913628797704,49.56522147761949,4.037561795009245,,-8.071,-8.071,23376346.0,8367596989.0,0.0027936749380653,109.44,0.3218090778689868
2021-06-24,RR,107.77999877929688,110.6999969482422,107.6999969482422,109.9000015258789,26858801,109.14199981689453,39.74629458474671,0.9078821264963648,50.85501635213633,-36.490544907973714,,,-8.071,26468858.0,8367596989.0,0.0031632567910232,107.78,0.3205808488836514
2021-06-25,RR,106.5,109.5,105.4000015258789,108.41999816894533,39517921,108.5979995727539,26.215661700305336,0.7947768596771315,42.86839842013293,-118.7650807402744,,,-8.071,36000706.0,8367596989.0,0.0043023948270126,106.5,0.3007167334775166
2021-06-28,RR,100.5,107.0,100.5,106.41999816894533,74198115,107.91199951171876,0.0,0.5701336689999207,31.89369343383176,-284.7026731569555,,,-8.071,70856941.0,8367596989.0,0.0084680154999276,100.5,0.3498828175646534
2021-06-29,RR,98.58000183105467,103.0999984741211,98.04000091552734,100.0999984741211,92294773,106.96999969482422,3.4974147029873226,0.2554249363808638,27.34933807743312,-301.12883014745296,,,-8.071,84176672.0,8367596989.0,0.0100598382200598,98.58,0.3483939228452549
2021-06-30,RR,98.91999816894533,99.9000015258789,94.69000244140624,98.62999725341795,80524026,105.86199951171876,22.51195061967003,-0.0943953033719043,29.582216322525795,-264.1094644105352,,,-8.071,74181050.0,8367596989.0,0.0088652751916133,98.92,0.3313038531994284
2021-07-01,RR,100.86000061035156,101.94000244140624,99.16000366210938,99.6999969482422,61514984,104.75599975585938,32.83660387608954,-0.4167178486614036,31.966152527210756,-154.79685689520986,0.40363333333333334,,-8.071,32280146.0,8367596989.0,0.0038577558219444,100.86,0.3378134036352257
2021-07-02,RR,102.58000183105467,103.4800033569336,101.05999755859376,101.5,45208258,104.2620002746582,41.99041514217512,-0.6765172921557117,41.42139975485176,-99.12878033177144,0.28758,-29.306,-29.306,,,,,0.3336152056371441
2021-07-05,RR,104.9800033569336,105.45999908447266,101.4800033569336,102.5,29593378,103.83400039672853,54.76317410407403,-0.8436768082030597,44.90210194585503,-59.900744489275546,0.1608375,,-29.306,27945671.0,8367596989.0,0.0033397486801452,104.98,0.3543920820442803
2021-07-06,RR,103.66000366210938,106.29299926757812,102.23999786376952,105.0,30657627,103.38000106811523,47.73816276555184,-0.9631455484978426,39.04631572176295,-50.76006306684169,,,-29.306,28315828.0,8367596989.0,0.0033839856337756,103.66,0.3537384225103637
2021-07-07,RR,100.87999725341795,104.77999877929688,100.33999633789062,103.87999725341795,32911588,102.5240005493164,34.83396725585182,-1.088618060766661,31.47652465508382,-77.67111796911854,0.2406,,-29.306,30515014.0,8367596989.0,0.0036468073259401,100.88,0.3371644598460917
2021-07-08,RR,100.72000122070312,101.66200256347656,98.16000366210938,100.1999969482422,51353991,101.81800079345705,33.933595489167935,-1.2113476070614932,36.697985166869,-97.4674137704653,-0.05717777777777777,-22.025,-22.025,47856015.0,8367596989.0,0.0057192064893793,100.72,0.3355972132323852
2021-07-09,RR,101.0,103.0,100.63999938964844,101.31999969482422,34263752,101.26800079345703,35.50927828146675,-1.3186961065876253,32.86307587254423,-66.19163265604774,-0.21075,,-22.025,32786255.0,8367596989.0,0.0039182402119868,101.0,0.3265748160983755
2021-07-12,RR,95.73999786376952,100.8000030517578,95.73999786376952,100.8000030517578,56885664,100.79200057983398,6.558374657248976,-1.4916913650802104,27.98587565062131,-124.84242053230108,0.0324125,,-22.258,53204763.0,8367596989.0,0.006358428001485,95.74,0.3379765768030552
2021-07-13,RR,93.61000061035156,97.58100128173828,93.5199966430664,96.2300033569336,59253630,100.29500045776368,0.5238880424119722,-1.7273470387962502,22.88454863470703,-149.9799022960353,0.14595,-20.356,-20.356,57260369.0,8367596989.0,0.0068431078928961,93.61,0.3335900354343922
2021-07-14,RR,92.76000213623048,94.3499984741211,90.5500030517578,93.0,51974687,99.6790008544922,11.66226617613074,-1.9995478429305995,23.537705960740595,-166.1426688604653,0.02485000000000001,,-20.356,50766905.0,8367596989.0,0.00606708294708,92.76,0.33261785460592
2021-07-15,RR,91.13999938964844,93.0999984741211,91.0500030517578,93.0,36680355,98.70700073242188,3.586604543131364,-2.3016740345363758,23.25905299878758,-162.03037029143056,0.56225,-24.432,-24.432,,,,,0.3264030560844604
2021-07-16,RR,93.05999755859376,94.97000122070312,91.0709991455078,91.61000061035156,48974187,97.75500030517578,15.94356291792547,-2.570840494929743,34.90259207447082,-126.18920254523192,-0.17206666666666667,,-24.432,46325343.0,8367596989.0,0.0055362779852924,93.06,0.3427135703875689
2021-07-19,RR,87.0,92.9800033569336,86.69000244140625,92.6999969482422,80560965,95.95699996948242,1.5813784052644115,-2.8960625399220072,29.881858370013447,-162.50954524434084,-0.1549076923076923,,-25.843,75053589.0,8367596989.0,0.0089695511266454,87.0,0.3584214784865333
2021-07-20,RR,90.0199966430664,90.86000061035156,87.4800033569336,88.22000122070312,46922443,94.59299926757812,16.987169008844074,-3.1845874673951564,35.8550512001261,-134.2251961061092,-0.009840000000000005,-17.571,-17.571,42861546.0,8367596989.0,0.0051223243729765,90.02,0.3754290938254708
2021-07-21,RR,97.0,97.3000030517578,90.79000091552734,90.79000091552734,58146934,94.20499954223632,52.59398677669997,-3.316366203151909,44.71232793102526,-51.631904890852525,0.26435000000000003,,-17.571,55228521.0,8367596989.0,0.0066002845348076,97.0,0.4772874380672767
2021-07-22,RR,95.27999877929688,99.1500015258789,95.16000366210938,97.45999908447266,33227624,93.6609992980957,43.819811909688006,-3.362874349045083,39.99999581950985,-23.977816570236488,-0.23835,,-17.571,32107752.0,8367596989.0,0.0038371532522668,95.28,0.475300320627117
2021-07-23,RR,95.62999725341795,98.86000061035156,95.33000183105467,96.61000061035156,27430224,93.1239990234375,45.60524541878194,-3.340249815198272,36.42959806707224,-16.250068531606203,0.0,-11.444,-11.444,23871166.0,8367596989.0,0.0028528101952544,95.63,0.4656882233473439
2021-07-26,RR,97.0199966430664,98.04000091552734,94.6999969482422,95.0,24293337,93.2519989013672,57.10335153591679,-3.245690539031786,40.38237592010794,-12.13319317495951,0.1041666666666667,,-11.424,22484382.0,8367596989.0,0.0026870775480174,97.02,0.4606273291354379
2021-07-27,RR,98.2699966430664,98.38999938964844,94.70899963378906,96.27999877929688,42938563,93.71799850463869,70.99936195611905,-3.0836603082781453,46.04425373907508,-0.0637604312785115,-0.743,,-11.424,41095240.0,8367596989.0,0.0049112355738479,98.27,0.4634639876815782
2021-07-28,RR,101.6999969482422,103.27999877929688,97.72000122070312,98.0,45174880,94.61199798583984,90.47617733678426,-2.82608254556179,51.35134566464745,64.18816397806663,0.0,,-11.424,40303069.0,8367596989.0,0.0048165643078869,101.7,0.4805388813626772
2021-07-29,RR,102.18000030517578,104.43000030517578,101.5999984741211,101.9000015258789,33575595,95.71599807739258,87.31679666887004,-2.5080207058280743,51.61821219803364,92.09820394192684,0.26489999999999997,,-11.424,31394599.0,8367596989.0,0.003751925318735,102.18,0.4806878485445873
2021-07-30,RR,99.70999908447266,101.22000122070312,98.3000030517578,100.4800033569336,34598635,96.38099822998046,73.3934510198403,-2.2024130859762843,55.89545802881088,44.52159151070014,-0.20015999999999998,,-11.424,32286227.0,8367596989.0,0.0038584825538853,99.71,0.4889525700768749
2021-08-02,RR,103.4800033569336,104.30999755859376,101.0,101.0,40770581,98.02899856567385,94.64488690732952,-1.8554640250553596,63.97621254094236,104.00763792320596,,,-11.424,37780535.0,8367596989.0,0.0045150997412597,103.48,0.4660090667513872
2021-08-03,RR,103.13999938964844,104.12000274658205,101.86799621582033,103.12000274658205,31802249,99.34099884033203,92.72829159601018,-1.5019861797540597,64.91378457972681,108.64215770459384,,,-11.424,28806768.0,8367596989.0,0.0034426571975047,103.14,0.4665569232656969
2021-08-04,RR,104.54000091552734,105.33999633789062,103.0999984741211,103.73999786376952,44352416,100.09499893188476,95.71047890522856,-1.137186574626938,69.37535838618714,125.71826645271928,,,-11.424,40205179.0,8367596989.0,0.004804865608711,104.54,0.4569160457353033
2021-08-05,RR,110.68000030517578,110.68000030517578,103.84600067138672,105.5,97643488,101.63499908447264,100.0,-0.6838621254283797,72.70618285569338,169.3736148993865,,-10.724,-10.724,91384400.0,8367596989.0,0.0109212238734888,110.68,0.4896102215573493
2021-08-06,RR,112.41999816894533,112.8000030517578,109.4000015258789,111.37999725341795,61814789,103.3139991760254,98.49919080808608,-0.1694967258938785,86.86193455539319,184.7912412831748,,-6.834,-6.834,56083232.0,8367596989.0,0.0067024298700961,112.42,0.4888211590142816
2021-08-09,RR,109.08000183105467,112.37999725341795,108.73999786376952,112.31999969482422,35415633,104.51999969482422,83.09858764357108,0.3032627010223879,77.38505651998429,137.93415932440794,,-22.506,-22.506,,,,,0.4989138648999915
2021-08-10,RR,110.0199966430664,110.18000030517578,106.73999786376952,108.5999984741211,32975976,105.69499969482422,84.64085375003583,0.7394673511727754,72.63559748951556,109.68159048345233,,,-22.506,29123731.0,8367596989.0,0.0034805370094049,110.02,0.4979172656782064
2021-08-11,RR,111.5999984741211,111.5999984741211,108.77999877929688,110.77999877929688,26418958,106.68499984741212,93.3701426907053,1.153416217624324,78.5115271289994,114.93422928297484,,,-22.506,25157295.0,8367596989.0,0.003006513701971,111.6,0.4141545333789347
2021-08-12,RR,109.55999755859376,112.41999816894533,108.73999786376952,111.4800033569336,25667092,107.42299957275392,82.0994232011074,1.4965398143963695,72.97921135080534,99.6844673278151,,,-22.506,23897870.0,8367596989.0,0.0028560015535423,109.56,0.4265702382405731
2021-08-13,RR,111.18000030517578,112.41999816894533,109.37999725341795,109.8000030517578,33545238,108.56999969482422,91.04525763909272,1.7997196790295154,73.1827107076299,98.43719341469291,,,-22.506,31245955.0,8367596989.0,0.0037341610788707,111.18,0.4182378931769488
2021-08-16,RR,109.6999969482422,110.45999908447266,108.5199966430664,109.44000244140624,29794176,109.19199905395509,79.44293284413473,2.0342558823468213,68.57327897960049,75.77651934602363,,-18.465,-18.465,,,,,0.3332022052070534
2021-08-17,RR,111.45999908447266,111.45999908447266,107.8949966430664,108.8000030517578,27753500,110.0239990234375,90.75859332906788,2.236916118788029,66.76975520666605,76.52599971587621,,,-18.465,26198191.0,8367596989.0,0.0031309097503668,111.46,0.3343187622010633
2021-08-18,RR,113.0,113.0,110.76000213623048,111.36000061035156,28383513,110.86999893188477,100.0,2.428444763117166,67.93765856094393,92.13340721658592,,,-18.465,26908825.0,8367596989.0,0.0032158366416755,113.0,0.3335869811985759
2021-08-19,RR,111.22000122070312,112.9229965209961,108.76000213623048,110.0,32093046,110.9239990234375,85.1666768391927,2.5690223353811543,69.5283316587676,68.89263749826961,,,-18.465,30823439.0,8367596989.0,0.003683666773211,111.22,0.3435985700729584
2021-08-20,RR,110.16000366210938,111.5199966430664,109.5999984741211,111.1999969482422,22923236,110.6979995727539,74.4880041998665,2.647528490606909,62.48131496994857,56.48575629563272,,-16.662,-16.662,22209873.0,8367596989.0,0.0026542713552286,110.16,0.3308778436713108
2021-08-23,RR,113.73999786376952,114.3000030517578,110.96299743652344,112.0,46712145,111.16399917602538,94.99995572228198,2.7340965254117124,67.66666861640132,90.81680966471536,,,-16.662,43145264.0,8367596989.0,0.0051562311206811,113.74,0.3458043508989012
2021-08-24,RR,118.27999877929688,118.27999877929688,114.0999984741211,114.3000030517578,46354380,111.98999938964845,100.0,2.8873810547282126,70.73023729632976,154.23147520615018,,,-16.662,44108130.0,8367596989.0,0.005271301911168,118.28,0.3474550501582313
2021-08-25,RR,116.4800033569336,120.56999969482422,113.7959976196289,118.54000091552734,55529088,112.47799987792968,70.42663921629634,3.0391479608086227,60.069454010626046,150.93345881105753,,-3.729,-3.729,,,,,0.3386205453456549
2021-08-26,RR,116.05999755859376,117.94000244140624,114.5,115.68000030517578,26115670,113.12799987792968,67.38972133681538,3.1683799978771554,56.62299846357075,130.73293872813636,,,-3.729,24156471.0,8367596989.0,0.0028869066031449,116.06,0.3392254450946652
2021-08-27,RR,116.73999786376952,116.77999877929688,114.13999938964844,115.68000030517578,23153722,113.68399963378906,72.30657032557596,3.28034068749842,65.43109614604911,121.65358467445088,,,-3.729,20998998.0,8367596989.0,0.0025095613504815,116.74,0.2749041222727252
2021-08-31,RR,114.86000061035156,116.23999786376952,113.37999725341795,115.4000015258789,45427815,114.2,54.95070840491218,3.3381360486394267,59.39441685930196,86.69844763314049,,7.205,7.205,,,,,0.2533407686862053
2021-09-01,RR,114.94000244140624,117.05999755859376,114.62000274658205,115.76000213623048,31972441,114.54800033569336,55.58188640722117,3.3526199981118987,56.883766844968896,92.22729690791256,-0.46317142857142857,,7.205,30776808.0,8367596989.0,0.0036780939665783,114.94,0.2532541901332978
2021-09-02,RR,114.23999786376952,115.54199981689452,113.44000244140624,114.9000015258789,26275422,114.67200012207032,50.05916917568851,3.3203884579244667,60.20942216671421,54.690745548643015,-0.32985,,7.205,23378953.0,8367596989.0,0.0027939864970473,114.24,0.2541063764746967
2021-09-03,RR,111.6999969482422,114.37999725341795,111.6510009765625,113.91999816894533,20848875,114.71999969482422,30.019719045733016,3.212474116372298,51.09059680480754,-0.9656278542604512,-0.14423333333333332,,7.205,19783352.0,8367596989.0,0.0023642811700906,111.7,0.2635312810659161
2021-09-06,RR,112.04000091552734,113.9800033569336,112.04000091552734,112.58000183105467,13227179,114.90799942016602,32.702195459322546,3.06088299564069,55.15419272115577,0.5769040919903972,-0.2732,,7.205,12339649.0,8367596989.0,0.0014746944691793,112.04,0.2544397869349067
2021-09-07,RR,110.87999725341795,113.45999908447266,109.1999969482422,112.54000091552734,18397655,114.62199935913084,17.950851443189748,2.864379220486459,48.68777902517769,-47.01476912988159,,,7.205,17155169.0,8367596989.0,0.002050190636876,110.88,0.252328626676017
2021-09-08,RR,111.26000213623048,113.63999938964844,109.86000061035156,110.87999725341795,20066783,113.9199996948242,21.168505646140726,2.6495603725607824,45.8452793052955,-40.52615197426276,0.5256,,7.205,18319237.0,8367596989.0,0.0021893068014726,111.26,0.2475816811352089
2021-09-09,RR,111.0199966430664,111.87999725341795,108.1520004272461,110.0,23476579,113.3739990234375,23.095477411633446,2.4246551193141563,49.484524730425015,-79.10667616619101,0.08785000000000001,,7.205,22425935.0,8367596989.0,0.0026800926274868,111.02,0.2477948220647582
2021-09-10,RR,109.18000030517578,111.66000366210938,108.63999938964844,111.05999755859376,19281201,112.68599929809572,8.278305190544415,2.1703354612284698,47.57184687537216,-94.37098352489552,-0.098,,7.205,16253290.0,8367596989.0,0.0019424083188239,109.18,0.2480779088678124
2021-09-13,RR,111.89199829101562,112.0999984741211,109.20999908447266,110.3000030517578,1467972,112.20119934082032,30.11755584117489,1.9492329911653008,45.215416007411314,-55.414253511851015,0.024253260869565217,10.533,10.533,,,,,0.2537067195235685
2021-09-14,RR,109.16000366210938,111.3000030517578,109.0739974975586,111.05999755859376,22788269,111.63119964599608,8.117275683008407,1.7125108928950354,23.94884508731693,-95.014122731513,0.07224,,10.533,21787084.0,8367596989.0,0.0026037444237146,109.16,0.2691280818538606
2021-09-15,RR,105.5,109.36000061035156,104.94000244140624,109.0,57219545,110.68719940185548,4.307673527644231,1.416111698272871,21.648442267996955,-179.41372533367905,0.17014285714285715,,10.533,52600751.0,8367596989.0,0.0062862433586546,105.5,0.2919669979740912
2021-09-16,RR,109.05999755859376,110.36000061035156,106.0999984741211,106.36000061035156,50087452,110.1691993713379,33.99337274769104,1.1514158681895563,34.447218411972145,-108.64110057725594,0.1522416666666667,,10.533,36620632.0,8367596989.0,0.0043764813300809,109.06,0.293946220534079
2021-09-17,RR,111.0,112.94000244140624,109.4290008544922,109.91999816894533,172599853,110.09919967651368,50.0,0.9487941818367378,37.92292081955903,-37.15052579589344,-0.07196,29.412,29.412,128921207.0,8367596989.0,0.0154071960169065,111.0,0.260783724451881
2021-09-20,RR,115.6999969482422,117.3000030517578,100.16000366210938,109.0999984741211,71596376,110.46519927978515,90.66507490961791,0.868524342248269,51.579889909941976,-40.45567725832717,0.0,14.341,14.341,66533104.0,8367596989.0,0.0079512796908675,115.7,0.3019352108369622
2021-09-21,RR,119.58000183105467,120.44000244140624,115.73999786376952,116.13999938964844,64109814,111.33519973754883,95.7593655714146,0.929073816638539,57.63559216912819,143.37120383681787,0.26466666666666666,-5.329,-5.329,61529223.0,8367596989.0,0.0073532727592982,119.58,0.3242775831245505
2021-09-22,RR,122.18000030517578,122.18000030517578,119.28099822998048,119.9000015258789,44820144,112.42719955444336,100.0,1.1140759153829636,62.2971123919717,185.1116128059184,0.2679333333333333,,-5.329,43820891.0,8367596989.0,0.0052369743735993,122.18,0.3317989904184097
2021-09-23,RR,126.94000244140624,127.37999725341795,122.68000030517578,123.3000030517578,64345828,114.01920013427734,98.3835601924895,1.4407882419667044,72.08439561217111,234.22145008497333,0.3508,6.942,6.942,60490968.0,8367596989.0,0.0072291923331777,126.94,0.348051157342966
2021-09-24,RR,132.5,134.22000122070312,126.7509994506836,127.0,78220971,116.35120010375977,94.95008413390462,1.9246176598611584,75.75268812041396,258.2779764933494,0.05993,-1.953,-1.953,72521202.0,8367596989.0,0.0086669090415487,132.5,0.3731284394661059
2021-09-27,RR,147.47999572753906,148.44900512695312,135.74000549316406,135.97999572753906,145272228,119.90999984741212,97.99331241065414,2.716172379024641,84.17749827268531,301.4822510982572,,48.56,48.56,140631428.0,8367596989.0,0.0168066684120749,147.48,0.5249815975290626
2021-09-28,RR,142.66000366210938,148.0,138.13999938964844,147.66000366210938,85407275,123.2599998474121,88.01175984337061,3.576017884447247,77.07644277814553,212.19606436728853,,,48.56,79649869.0,8367596989.0,0.0095188462236777,142.66,0.5355783723391343
2021-09-29,RR,144.60000610351562,145.67999267578125,138.2530059814453,141.0,50306531,127.17000045776368,92.0292428779259,4.456393347253181,78.13150853666909,166.92432312407053,,,48.56,48892477.0,8367596989.0,0.0058430726365375,144.6,0.5343295986101115
2021-09-30,RR,140.13999938964844,145.24000549316406,138.10000610351562,141.47999572753906,52496281,130.27800064086915,82.79317135320356,5.22217202895725,74.84591876207476,128.91443486675036,,,48.56,46974701.0,8367596989.0,0.005613881866174,140.14,0.5510768559521041
2021-10-01,RR,142.8800048828125,144.0800018310547,135.66600036621094,137.44000244140625,47965325,133.46600112915038,88.46735265752996,5.907793085455584,74.85722119270794,109.02200599585032,,48.929,48.929,,,,,0.549850906496936
2021-10-04,RR,142.13999938964844,145.67999267578125,141.10000610351562,144.0,35949826,136.11000137329103,86.93490122818571,6.4819600957575805,77.32846319949485,103.9470178918631,,,48.929,34426664.0,8367596989.0,0.0041142832339149,142.14,0.5431009617446262
2021-10-05,RR,144.0399932861328,144.4600067138672,141.39999389648438,143.0,32333796,138.55600051879884,90.86953196986224,6.971710680392785,82.8951793116041,92.97896213843106,,49.637,49.637,,,,,0.5414097179098936
2021-10-06,RR,140.5,144.0,137.55999755859375,143.55999755859375,46016425,140.38800048828125,83.538683994656,7.310508685681435,76.84426549877169,72.12989024865934,,,49.637,42972837.0,8367596989.0,0.0051356246072189,140.5,0.541169705197939
2021-10-07,RR,141.22000122070312,143.74000549316406,140.3800048828125,143.55999755859375,28173078,141.81600036621094,85.02970927756087,7.531757258302958,76.35158977219324,69.63927374062565,,,49.637,27359998.0,8367596989.0,0.0032697557059652,141.22,0.5135591531360677
2021-10-08,RR,143.6999969482422,144.24000549316406,141.3800048828125,141.44000244140625,27997320,142.93600006103514,85.48103847818,7.690130393159732,75.3991314226995,69.24285813672633,,,49.637,26782855.0,8367596989.0,0.0032007821403455,143.7,0.5089871366045483
2021-10-11,RR,145.47999572753906,145.47999572753906,141.05999755859375,142.47999572753906,25187485,142.73600006103516,89.82100693440862,7.811663718500624,74.42474468431683,67.92208902106229,,,50.075,23506465.0,8367596989.0,0.0028092252806751,145.48,0.4997983240274297
2021-10-12,RR,143.89999389648438,144.43299865722656,141.66000366210938,144.1999969482422,49212461,142.85999908447266,82.34696581443305,7.860723219031051,70.88461228658417,59.62553741550007,,,50.075,48314106.0,8367596989.0,0.0057739523143279,143.9,0.5047108646097727
2021-10-13,RR,143.32000732421875,144.4199981689453,141.05999755859375,143.47999572753906,21466406,142.73199920654298,76.36189298105029,7.834616224837907,67.1267386316861,53.27309016131135,,,50.075,19811657.0,8367596989.0,0.002367663861685,143.32,0.5004835748534119
2021-10-14,RR,143.44000244140625,145.24000549316406,141.6199951171875,143.97999572753906,29669886,143.06199951171874,60.81513869939253,7.746822676600168,62.90704230626043,52.98175424145957,,,50.075,27016661.0,8367596989.0,0.003228723973623,143.44,0.4992277977349068
2021-10-15,RR,144.55999755859375,145.44000244140625,143.0399932861328,143.47999572753906,26744855,143.22999877929686,72.10959507423412,7.625179766290444,44.88078391298416,57.61426813142076,,50.537,50.537,25706858.0,8367596989.0,0.0030721912197485,144.56,0.4665217032497918
2021-10-18,RR,142.63999938964844,143.9969940185547,141.5,143.10000610351562,28173686,143.27999877929688,69.64254423056119,7.440685677447203,49.96095962492652,41.02632953017861,,,50.537,26895154.0,8367596989.0,0.0032142028392806,142.64,0.4706811833280939
2021-10-19,RR,139.44000244140625,143.05999755859375,138.55999755859375,142.83999633789062,51320496,142.81999969482422,37.68728753255104,7.15845626240803,40.40176974874064,3.4328538085600924,,50.926,50.926,,,,,0.2206171602950966
2021-10-20,RR,138.27999877929688,139.9600067138672,132.75999450683594,139.9600067138672,39260850,142.5979995727539,42.72449732794001,6.794940419892725,46.05597355140012,-87.77278325190505,,,50.926,36529648.0,8367596989.0,0.0043656079574603,138.28,0.2149626164182377
2021-10-21,RR,138.0,139.33999633789062,135.36000061035156,137.77999877929688,20997452,142.2759994506836,40.55732380643066,6.379577659877577,38.4469387725613,-120.67435654420044,,,50.926,19800297.0,8367596989.0,0.0023663062437195,138.0,0.1863710052574359
2021-10-22,RR,135.10000610351562,139.1199951171875,135.05999755859375,138.0,22365336,141.41600036621094,18.3963158185164,5.892684201817128,34.87970898127058,-193.91013619189025,,,50.926,20871667.0,8367596989.0,0.0024943441979146,135.1,0.1835014886295908
2021-10-25,RR,132.5399932861328,136.33999633789062,131.24000549316406,135.6199951171875,31818838,140.12200012207032,9.129134020265058,5.332206319026052,25.98159255033684,-232.40471708983608,,,51.333,27701393.0,8367596989.0,0.0033105553525601,132.54,0.1922388299968637
2021-10-26,RR,134.9600067138672,137.5,131.39999389648438,132.5399932861328,23333979,139.2280014038086,26.12362199324498,4.781445045188561,37.86153546800434,-160.3657652011843,,,51.333,21901388.0,8367596989.0,0.0026174047374403,134.96,0.198583700586879
2021-10-27,RR,133.9199981689453,135.39999389648438,133.5,134.0399932861328,18310879,138.28800048828126,18.820186191643664,4.23815516029889,34.22644069942493,-139.80393010342908,,51.76,51.76,,,,,0.1828783576336836
2021-10-28,RR,132.02000427246094,136.25999450683594,131.1199951171875,133.0,21605841,137.14600067138673,6.267472959748039,3.688055444930412,24.113488608663417,-136.1176009687471,,,51.76,21140858.0,8367596989.0,0.0025265148438424,132.02,0.1852669409893965
2021-10-29,RR,131.83999633789062,134.0,131.2729949951172,132.0800018310547,23526139,135.8740005493164,5.027938913728215,3.1512468499833166,17.461843939620067,-126.83023321308391,,,51.76,22008547.0,8367596989.0,0.0026302111620495,131.84,0.1684196300738019
2021-11-01,RR,133.4199981689453,135.0,131.2729949951172,132.9199981689453,17559373,134.9520004272461,16.061465610202074,2.668934942824399,25.0000181998857,-98.05433110886088,0.25294,28.257,28.257,,,,,0.1684196300738019
2021-11-02,RR,132.89999389648438,134.41299438476562,131.96800231933594,133.0800018310547,14304686,134.2979995727539,12.430152715679464,2.231684683885089,25.071767330751754,-89.7911325429611,0.219475,,28.257,13681527.0,8367596989.0,0.0016350604621596,132.9,0.1660785098638267
2021-11-03,RR,132.60000610351562,133.27999877929688,131.5,132.47999572753906,15275679,133.7300003051758,10.335266964738576,1.8357269833077825,24.28845457835685,-89.88944268653,,,28.257,14428592.0,8367596989.0,0.0017243411721391,132.6,0.1661815296442495
2021-11-04,RR,135.0800018310547,137.74000549316406,133.0,133.27999877929688,19218740,133.43800048828126,30.752559227497816,1.5217903055733095,28.877031528686015,-41.52384902497452,-0.17921428571428571,28.284,28.284,,,,,0.1839797639104485
2021-11-05,RR,142.94000244140625,143.94000244140625,132.8000030517578,135.10000610351562,51747231,134.2220001220703,92.19969244392814,1.3976531465546471,50.52854622769989,37.18142002501568,0.24625000000000002,,28.284,50659339.0,8367596989.0,0.0060542278824609,142.94,0.2831684454112902
2021-11-08,RR,141.75999450683594,144.1999969482422,140.47999572753906,143.33999633789062,28273300,135.1440002441406,81.34554969546588,1.3769742521872228,54.40058673332056,79.03927762154645,-0.004239999999999999,,28.313,27269765.0,8367596989.0,0.003258972084321,141.76,0.2680963336773276
2021-11-09,RR,146.86000061035156,150.47999572753906,142.0,142.0,65677219,136.33399963378906,81.30167870319212,1.500454231488088,64.15840317704757,144.0411844876686,0.10162916666666666,,28.313,63412384.0,8367596989.0,0.0075783267386516,146.86,0.2954142021219139
2021-11-10,RR,147.1999969482422,148.8800048828125,145.69200134277344,147.10000610351562,41345717,137.66199951171876,83.0578580790793,1.7098217797202515,65.15149459082514,144.56919957527603,0.21389999999999998,28.343,28.343,40902275.0,8367596989.0,0.0048881745922718,147.2,0.2921239245924427
2021-11-11,RR,145.39999389648438,147.94900512695312,143.83999633789062,146.67999267578125,27335518,138.9999984741211,73.7603219478285,1.929431572293704,67.6007751412453,115.2909258631975,0.12123333333333332,,28.343,25718507.0,8367596989.0,0.0030735833757062,145.4,0.2839388641820427
2021-11-12,RR,143.27999877929688,145.5279998779297,142.44000244140625,145.0,25603579,140.1439987182617,62.80993429105351,2.1057278482222745,68.63288875334945,86.57588741062685,0.04409090909090909,,28.343,24868289.0,8367596989.0,0.0029719749926641,143.28,0.2911715199205349
2021-11-15,RR,144.0,146.39999389648438,141.86000061035156,142.1199951171875,16980838,141.20199890136718,66.52894874355383,2.252322128191873,66.66664791201669,88.98664482991013,,,28.375,16537334.0,8367596989.0,0.0019763540263399,144.0,0.2746637663230723
2021-11-16,RR,143.9199981689453,145.86000061035156,142.39999389648438,143.4199981689453,19505462,142.3039993286133,66.1157161581586,2.3662051779082693,69.11314717146654,81.75228449526433,0.07595,28.408,28.408,18939657.0,8367596989.0,0.0022634523418011,143.92,0.271993711006834
2021-11-17,RR,140.44000244140625,144.24000549316406,140.44000244140625,142.8000030517578,19933194,143.08799896240234,47.72742800397219,2.392701164983554,65.17663392500091,43.756286280907645,0.0,,28.408,18710194.0,8367596989.0,0.0022360295344764,140.44,0.2828277606566763
2021-11-18,RR,141.47999572753906,142.5800018310547,138.0,140.39999389648438,17084798,143.72799835205078,53.14208540218471,2.37417470626717,66.85315118103598,27.153282986075705,0.0,,28.408,16749207.0,8367596989.0,0.0020016746769733,141.48,0.2826459639607556
2021-11-19,RR,136.0,142.66000366210938,132.50399780273438,142.25999450683594,74157325,143.03399810791015,23.709172881797414,2.2355588826703987,53.9692354497988,-23.08941522083721,0.0027333333333333376,28.442,28.442,70963880.0,8367596989.0,0.0084807956326396,136.0,0.3202739693944847
2021-11-22,RR,135.82000732421875,139.74000549316406,134.27999877929688,136.32000732421875,26956818,142.43999938964845,22.76084455567409,2.0209728732901016,54.539825662495794,-32.4791674836939,0.2023,28.478,28.478,25166384.0,8367596989.0,0.003007599915852,135.82,0.3175992373519855
2021-11-23,RR,135.86000061035156,138.5800018310547,134.22000122070312,134.77999877929688,17563491,141.33999938964843,18.669354667572097,1.7660510399893865,55.10971268015787,-39.90079246770809,-0.41169999999999995,,28.478,17034470.0,8367596989.0,0.0020357660655016,135.86,0.3173518912508467
2021-11-24,RR,135.02000427246094,136.843994140625,131.72000122070312,135.55999755859375,35207404,140.12200012207032,17.5906397550134,1.481784078899677,49.900863186154325,-64.77576794947835,0.2473,,28.478,32132034.0,8367596989.0,0.003840055160668,135.02,0.311600663273321
2021-11-25,RR,137.5399932861328,137.7100067138672,134.61099243164062,136.94000244140625,15515279,139.33600006103515,31.023420946679625,1.2308535713253987,39.16529661912066,-38.37150330084946,-0.1791625,28.515,28.515,,,,,0.2365131322184583
2021-11-26,RR,121.55999755859376,127.95999908447266,116.46900177001952,124.55999755859376,117186690,137.16399993896485,14.968676878226445,0.756215035778133,24.57197934606104,-224.9377746027112,-0.06453,,28.515,106814426.0,8367596989.0,0.0127652450447144,121.56,0.4694897701993362
2021-11-29,RR,122.5,125.37999725341795,121.0,123.44000244140624,51169659,135.01399993896484,18.6078727924344,0.179515601493733,15.747984193658157,-185.65168579796855,0.074,,28.553,49859686.0,8367596989.0,0.0059586624529772,122.5,0.4459085604415488
2021-11-30,RR,122.5,126.5999984741211,118.04000091552734,120.76000213623048,82792063,132.87200012207032,19.158188014144915,-0.4313312419431842,14.934656167751584,-169.52290303107594,0.0,28.58,28.58,,,,,0.4459085604415488
2021-12-01,RR,126.13999938964844,128.16000366210938,123.27999877929688,123.41999816894533,47520748,131.44199981689454,32.310982471836795,-0.9725022634961366,24.015084234307125,-120.42580010728815,0.3905666666666667,,28.58,34329756.0,8367596989.0,0.0041027018922074,126.14,0.4653141885510036
2021-12-02,RR,125.44000244140624,126.93000030517578,122.63200378417967,123.87999725341795,23878973,129.83800048828124,29.972279680814864,-1.4505842636482704,24.9719142013101,-114.2307394931005,0.05365000000000002,28.088,28.088,23002933.0,8367596989.0,0.0027490488643561,125.44,0.4643748230567047
2021-12-03,RR,124.9000015258789,127.95999908447266,124.5,126.73999786376952,22257379,128.72800064086914,28.685652371534477,-1.8693706632450044,23.06821260004988,-92.66355926726312,-0.054083333333333344,28.098,28.098,20684629.0,8367596989.0,0.0024719915439512,124.9,0.4638644314067918
2021-12-06,RR,129.6999969482422,129.6999969482422,124.0749969482422,124.9000015258789,33875734,128.1159996032715,47.643201196922746,-2.1481964566576983,32.30460426403589,-65.5686669120911,0.2835666666666667,37.827,37.827,32134812.0,8367596989.0,0.0038403871556247,129.7,0.4892473928007459
2021-12-07,RR,131.8000030517578,133.0,129.47999572753906,130.74000549316406,30225004,127.7099998474121,58.53537541215069,-2.286280599630798,38.86596790774243,-28.604053344473662,0.0,,37.827,23963183.0,8367596989.0,0.0028638070202833,131.8,0.494727175902819
2021-12-08,RR,128.63999938964844,131.45700073242188,124.8000030517578,130.94000244140625,42177584,127.07199935913086,46.47014906025709,-2.3741171206685507,34.31084251179554,-49.959285748770846,-0.04189090909090908,,37.827,34607872.0,8367596989.0,0.004135939152602,128.64,0.4946165835674172
2021-12-09,RR,124.3000030517578,131.0,122.66000366210938,129.9600067138672,40545363,125.74800033569336,33.65132580830555,-2.4896858838224887,35.2941097498293,-64.39708909270963,0.07306153846153846,45.38,45.38,38014153.0,8367596989.0,0.004543019106916,124.3,0.5036323343583318
2021-12-10,RR,122.8000030517578,161.9080047607422,121.7959976196289,122.5,34668445,125.87200088500975,13.932966977798545,-2.6348354997299053,34.16056933508766,33.667651707260184,0.0,50.446,50.446,20336321.0,8367596989.0,0.0024303657342405,122.8,0.4893000064894099
2021-12-13,RR,116.94000244140624,123.36000061035156,116.37999725341795,122.9000015258789,42067942,125.3160011291504,1.2300234924583326,-2.8784044025069897,29.83801677296657,-124.4114788134206,-0.13941666666666666,,50.446,38100663.0,8367596989.0,0.004553357797954,116.94,0.5123345788594963
2021-12-14,RR,117.13999938964844,120.5199966430664,116.13099670410156,117.1999969482422,42089204,124.78000106811524,2.204169141632017,-3.1611410228569143,30.68278819190867,-123.41203798819927,0.01004999999999999,45.383,45.383,40271797.0,8367596989.0,0.004812827034206,117.14,0.5126241039248112
2021-12-15,RR,113.0199966430664,118.0,112.6999969482422,117.63999938964844,29174494,123.46800079345704,0.6503000406834825,-3.512133046665986,24.3943211678902,-147.21430857174474,-0.155325,71.475,71.475,27274810.0,8367596989.0,0.0032595750053277,113.02,0.5136936488220818
2021-12-16,RR,113.37999725341795,117.54000091552734,112.91999816894533,116.4000015258789,30283693,122.2620002746582,1.3818895244993947,-3.873758192035239,37.32176106090673,-135.28407828046258,-0.00020000000000000573,,71.475,27664573.0,8367596989.0,0.0033061550450347,113.38,0.5145777703774392
2021-12-17,RR,114.3000030517578,115.94000244140624,112.72000122070312,113.3000030517578,35573907,121.20200042724608,3.2515157077933674,-4.199583750635588,37.28288531157221,-127.8283658396647,0.0,,71.475,31815843.0,8367596989.0,0.0038022676094253,114.3,0.3261033167608007
2021-12-20,RR,110.4800033569336,112.5999984741211,107.12000274658205,112.3000030517578,61855646,119.28000106811524,6.13273068341342,-4.537264670840214,33.333340385832344,-152.85655162773816,-0.05827692307692308,,71.475,61863303.0,8367596989.0,0.0073931982003106,110.48,0.343322739695136
2021-12-21,RR,114.55999755859376,114.86000061035156,111.36000061035156,113.45999908447266,36799851,117.55600051879884,13.579606005871186,-4.789239241629476,34.13698379307577,-104.2668470052066,0.13171000000000002,,71.475,40069451.0,8367596989.0,0.0047886449422307,114.56,0.3716440703270285
2021-12-22,RR,118.33999633789062,118.33999633789062,114.6999969482422,114.87999725341795,29730360,116.52600021362304,20.47892454338588,-4.903062491816833,41.03081635288744,-60.23972583082327,0.1741666666666667,,71.475,31017460.0,8367596989.0,0.0037068539558938,118.34,0.393110866090416
2021-12-23,RR,120.83999633789062,123.8000030517578,118.31999969482422,118.4800033569336,31442443,116.17999954223632,25.04196737775291,-4.873267256735471,45.11313782076653,-9.554189262437864,0.16925833333333337,71.49,71.49,27470696.0,8367596989.0,0.0032829850715937,120.84,0.4012017862195363
2021-12-24,RR,121.62000274658205,123.23999786376952,120.6780014038086,122.0199966430664,5480584,116.06199951171877,26.465648439328785,-4.73146494436727,39.232420524284834,1.20837423771625,0.3161,66.221,66.221,,,,,0.3860195971981018
2021-12-29,RR,121.87999725341795,125.86000061035156,121.77999877929688,123.91999816894533,24630669,116.55599899291992,26.94019486788579,-4.511960251231817,36.09864670194407,17.542599205670793,0.09025833333333333,,66.221,22365387.0,8367596989.0,0.0026728566193378,121.88,0.386023675569596
2021-12-30,RR,123.08000183105467,123.31999969482422,120.87999725341795,122.0,11207784,117.14999923706054,29.13046378356293,-4.2258309676380925,41.7556385567684,8.246244943973624,0.3182,,66.221,10768897.0,8367596989.0,0.0012869760594537,123.08,0.3879193697082554
2021-12-31,RR,122.87999725341795,122.87999725341795,121.0199966430664,121.6999969482422,5261705,118.1359992980957,28.7654120016326,-3.9065014839815744,47.599720513547325,8.67297089194259,0.0,,66.221,5094510.0,8367596989.0,0.0006088378786283,122.88,0.3597042621676229
2022-01-04,RR,127.08000183105467,128.33999633789062,126.0999984741211,126.62000274658205,38946726,119.50599975585938,94.06222955999375,-3.5071902101926207,56.62948717160884,68.82454276909604,0.15208947368421052,,66.221,42574926.0,8367596989.0,0.0050880708112459,127.08,0.3773062113163081
2022-01-05,RR,128.5399932861328,128.875,124.94000244140624,126.73999786376952,25212468,120.92999877929688,98.4600930537256,-3.047393549771157,70.80342326603704,70.28183273995161,0.554725,67.566,67.566,,,,,0.3479412661224539
2022-01-06,RR,126.27999877929688,129.3800048828125,125.0,125.4800033569336,25022673,122.5099983215332,86.07364867018569,-2.60290038761484,65.26385879148769,64.3737468005313,0.31832499999999997,,67.566,27365428.0,8367596989.0,0.003270404637792,126.28,0.3547507493856503
2022-01-07,RR,127.13999938964844,127.5,123.45999908447266,126.5999984741211,22908008,123.76799850463868,89.93708320666232,-2.1716468837888603,76.46177396003033,59.80843059695964,0.09866666666666667,44.451,44.451,20920867.0,8367596989.0,0.0025002240222016,127.14,0.3518240052012009
2022-01-10,RR,127.66000366210938,129.6199951171875,126.22000122070312,127.4800033569336,32665032,124.69999923706057,91.28892391253116,-1.7580527756046451,76.60209444472713,83.9824960541226,-0.04879,49.027,49.027,33450416.0,8367596989.0,0.0039976131790254,127.66,0.2988440534185344
2022-01-11,RR,127.0,129.00100708007812,125.37999725341795,128.10000610351562,26391968,125.31599960327148,88.35557330850332,-1.383731536135834,73.89013557817775,73.22523720832692,-0.6597,,49.027,24159928.0,8367596989.0,0.0028873197444571,127.0,0.3007074171302177
2022-01-12,RR,126.87999725341795,128.5,126.5999984741211,128.0,22263355,125.84199905395508,84.99453073360034,-1.0524090775090915,85.83913985264067,87.39472324145055,0.23309999999999997,,49.027,21373581.0,8367596989.0,0.0025543272492804,126.88,0.2634805680433316
2022-01-13,RR,127.6999969482422,127.9000015258789,125.73999786376952,126.0199966430664,24820726,126.4239990234375,87.13137798541005,-0.7499246230731287,83.48621926759407,76.8828179684031,0.0,,49.027,23261708.0,8367596989.0,0.0027799747084592,127.7,0.2632843847247862
2022-01-14,RR,125.23999786376952,126.66100311279295,125.16000366210938,125.54000091552734,28278764,126.639998626709,61.23894665700726,-0.5189106246433834,68.85245218185965,52.94907451444759,0.0,49.032,49.032,,,,,0.2398997895338785
2022-01-17,RR,125.9000015258789,126.9800033569336,125.44000244140624,126.66000366210938,14345123,126.94199905395509,58.39861097483458,-0.3330903837206117,65.3705977481718,54.20638587317619,,,49.032,12738393.0,8367596989.0,0.0015223478158359,125.9,0.2110432956080422
2022-01-18,RR,125.66000366210938,127.05999755859376,123.33999633789062,126.0,25345640,126.79999923706056,54.691162208474566,-0.1884075639221852,62.68844046510535,38.04679827810692,0.041999999999999996,,49.032,24405280.0,8367596989.0,0.0029166414243041,125.66,0.183838055221017
2022-01-19,RR,123.13999938964844,125.16000366210938,122.77999877929688,124.4800033569336,28830049,126.2599998474121,25.85815433203936,-0.1168691726317107,53.46534944317637,4.234159036184593,0.0,54.761,54.761,,,,,0.1871666550913369
2022-01-20,RR,123.72000122070312,124.86000061035156,122.77999877929688,123.94000244140624,21634524,126.00400009155274,31.39540763596072,-0.085406493818395,51.822320394364674,-8.49619903321598,,,54.761,20930985.0,8367596989.0,0.0025014332104564,123.72,0.1876834022911663
2022-01-21,RR,119.72000122070312,123.5199966430664,118.3939971923828,123.5,23958427,125.2620002746582,11.811903380014057,-0.1443348259454936,42.603008394831015,-106.98540397918096,-0.07636000000000003,50.467,50.467,,,,,0.2180016513867537
2022-01-24,RR,113.0,119.0,112.23999786376952,118.5199966430664,60870869,123.79599990844729,4.37285532988796,-0.3637140984456221,20.519265175718843,-247.55858752834075,-0.6531857142857144,,50.467,56668670.0,8367596989.0,0.0067723947597495,113.0,0.2922972379663719
2022-01-25,RR,115.83999633789062,117.77999877929688,114.08000183105467,115.0,51174801,122.67999954223632,20.71345824530044,-0.6260212270629033,24.861456772821725,-190.79553255640195,-0.08281111111111111,,50.467,45742976.0,8367596989.0,0.0054666801066224,115.84,0.2780324583579684
2022-01-26,RR,117.68000030517578,119.94000244140624,116.9000015258789,117.4800033569336,34337653,121.7599998474121,31.3003642180462,-0.8707011134601516,32.68922741997358,-125.00308909079251,0.07945,50.887,50.887,,,,,0.2722155852510906
2022-01-27,RR,115.5,118.02300262451172,114.6999969482422,114.94000244140624,23679868,120.5400001525879,18.757207430452,-1.124302189658253,27.752310835773898,-143.1867178334801,0.10307272727272729,,50.887,22006113.0,8367596989.0,0.0026299202780594,115.5,0.2824016979826286
2022-01-28,RR,113.0199966430664,115.21399688720705,111.5199966430664,114.4800033569336,51618873,119.31800003051758,8.58073968552825,-1.407205200332832,23.96870973509576,-160.8302676715235,0.19476,,50.887,40048348.0,8367596989.0,0.0047861229517443,113.02,0.2854738274093173
2022-01-31,RR,114.5,115.58000183105467,112.77999877929688,114.77999877929688,27112879,118.1779998779297,17.55007519310497,-1.6668239580994877,28.40360685073867,-122.02464996992605,0.2787,,50.887,25560795.0,8367596989.0,0.003054735431642,114.5,0.2913049223982487
2022-02-01,RR,117.22000122070312,117.23999786376952,115.13999938964844,115.54000091552734,25425345,117.33399963378906,34.798552371725606,-1.851043893116664,34.68612701508195,-78.5533477727807,0.2125166666666667,51.271,51.271,23866954.0,8367596989.0,0.0028523068249313,117.22,0.3089845829691639
2022-02-02,RR,115.1999969482422,118.36000061035156,115.0199966430664,118.0,21938682,116.53999938964844,23.680824249493952,-2.0063572782822345,30.91021368815976,-74.01915118811617,,,51.271,20504376.0,8367596989.0,0.0024504497559998,115.2,0.3123678562714497
2022-02-03,RR,116.66000366210938,117.31999969482422,114.62000274658205,114.94000244140624,23459460,115.83399963378906,33.07597629487363,-2.107544365229339,36.48395316700115,-66.53577534599958,,,51.271,22941565.0,8367596989.0,0.0027417148591356,116.66,0.3160495158760651
2022-02-04,RR,113.5999984741211,117.9800033569336,111.94000244140624,117.5,42482203,115.22199935913086,13.38482437910528,-2.213518818423343,31.98595155718621,-81.25402223330597,,,51.271,34008600.0,8367596989.0,0.004064320980648,113.6,0.3213412946938881
2022-02-07,RR,115.58000183105467,115.58000183105467,113.23999786376952,114.5999984741211,24527151,115.47999954223631,29.765418612468903,-2.28030368979963,35.953188564935274,-70.55678628277839,,,51.271,22374443.0,8367596989.0,0.0026739388894342,115.58,0.3305241599819772
2022-02-08,RR,117.22000122070312,117.77999877929688,114.6999969482422,115.0,43362500,115.61800003051758,42.72865728987287,-2.2876618114121205,41.54286713268421,-41.23441930979224,,22.679,22.679,41887084.0,8367596989.0,0.005005867760489,117.22,0.3352517633423669
2022-02-09,RR,119.86000061035156,121.13999938964844,117.91999816894533,118.33999633789062,40747911,115.83600006103516,69.50003306070964,-2.210052980270009,44.79223194000574,11.294880086096894,,24.501,24.501,37530086.0,8367596989.0,0.0044851689259576,119.86,0.3411456642459441
2022-02-10,RR,122.72000122070312,122.72000122070312,119.66000366210938,120.05999755859376,38618415,116.55800018310546,100.0,-2.032590095238489,54.175943212881606,54.2640854560557,,,24.501,35354074.0,8367596989.0,0.0042251167266392,122.72,0.3525156084288212
2022-02-11,RR,120.9000015258789,122.12000274658205,119.33100128173828,121.0999984741211,22797073,117.34600067138672,83.75000936644035,-1.8262478695908293,62.73371149059104,45.81729473943679,,,24.501,22112677.0,8367596989.0,0.0026426555950375,120.9,0.3559093316345347
2022-02-14,RR,117.6999969482422,119.0,113.63999938964844,117.62000274658205,42429612,117.66600036621094,55.17855160091199,-1.6595132489444775,52.96366875725132,-26.687310461119814,,23.79,23.79,37276420.0,8367596989.0,0.0044548536514131,117.7,0.349596883241277
2022-02-15,RR,120.31999969482422,120.31999969482422,116.13999938964844,117.05999755859376,23416138,117.97600021362304,78.57142370574527,-1.4807614321162614,54.10447230077243,32.606259102733546,,,23.79,25558310.0,8367596989.0,0.0030544384527121,120.32,0.2901902486091074
2022-02-16,RR,121.72000122070312,121.72000122070312,119.18000030517578,121.0199966430664,81515802,118.62800064086916,91.07143222069104,-1.278136773632813,59.91076195635155,92.09905823059154,,,23.79,80892758.0,8367596989.0,0.0096673821775046,121.72,0.2805170247204522
2022-02-17,RR,118.0199966430664,121.6999969482422,118.0199966430664,119.8000030517578,21791237,118.76399993896484,56.40069471377736,-1.1272892797300018,57.6687030418315,60.51027100066207,,,23.79,20811964.0,8367596989.0,0.0024872091745526,118.02,0.3040574889977318
2022-02-18,RR,117.05999755859376,119.63999938964844,116.91999816894533,117.95999908447266,32293505,119.10999984741213,47.49532186423357,-1.0295492888038735,53.99001710904268,24.02421599443598,,,23.79,25514173.0,8367596989.0,0.003049163700587,117.06,0.3005083316413989
2022-02-21,RR,114.72000122070312,119.4000015258789,114.72000122070312,117.94000244140624,19718702,119.02399978637696,25.788488813522857,-1.0052064675331729,46.05678575090265,-32.65920352338993,,,23.79,17765023.0,8367596989.0,0.0021230734490862,114.72,0.3017424889205682
2022-02-22,RR,118.0199966430664,119.1999969482422,110.55999755859376,111.44000244140624,30155004,119.10399932861328,61.34865820573761,-0.9732030926907176,54.27531549888185,-44.88368486974012,,,23.79,27059848.0,8367596989.0,0.0032338851925556,118.02,0.307338380495234
2022-02-23,RR,117.6999969482422,122.0999984741211,117.3000030517578,118.0999984741211,41688152,118.88799896240236,58.71708256056458,-0.940963182600905,51.63315469118935,58.98555045555022,,,23.79,39219458.0,8367596989.0,0.004687063448629,117.7,0.3051190850889907
2022-02-24,RR,102.37999725341795,107.6520004272461,95.06999969482422,102.0,225538654,116.85399856567383,26.437602731240315,-1.152542088283654,37.278911941229104,-382.76034197799817,,-3.993,-3.993,193946637.0,8367596989.0,0.0231782956630154,102.38,0.5585117825195205
2022-02-25,RR,106.08000183105467,108.16000366210938,102.0999984741211,105.27999877929688,86773538,115.3719985961914,39.81917370212693,-1.4441922996644347,39.6333495401051,-235.6534789301384,,-3.979,-3.979,70687555.0,8367596989.0,0.0084477724121902,106.08,0.5685939453099632
2022-02-28,RR,103.5,105.6439971923828,99.93000030517578,104.83999633789062,83595380,113.9519989013672,30.488245352484903,-1.808611684202863,35.329343075983275,-217.61461263115677,,-9.101,-9.101,68915107.0,8367596989.0,0.0082359495910947,103.5,0.5712772024964379
2022-03-01,RR,92.0,104.94000244140624,92.0,102.62000274658205,100521449,111.11999893188477,0.0,-2.378891501994321,24.955056263001996,-234.4980211680978,-0.8481,-8.736,-8.736,89327262.0,8367596989.0,0.0106753781423064,92.0,0.6785285947840594
2022-03-02,RR,98.2300033569336,98.66999816894533,87.0199966430664,91.69000244140624,114508982,108.77099914550782,31.93733551158668,-2.94348760089085,29.242250876526583,-189.37433519081557,0.14647272727272728,,-8.736,99918057.0,8367596989.0,0.0119410694768583,98.23,0.7268257498872108
2022-03-03,RR,95.0,99.36100006103516,94.6500015258789,99.3000030517578,46842142,106.46899948120117,22.74801294300181,-3.519748207882923,28.559607343972303,-138.9260380178126,-0.5859,-8.77,-8.77,,,,,0.7230612659396896
2022-03-04,RR,90.2300033569336,94.47100067138672,87.30000305175781,93.31999969482422,92849318,103.78600006103515,9.150531773990725,-4.1411916617332025,27.83605803756045,-151.0859823970854,-0.2594714285714286,,-8.77,90100317.0,8367596989.0,0.0107677648814164,90.23,0.7312508154636981
2022-03-07,RR,88.20999908447266,92.58999633789062,83.48500061035156,86.72000122070312,66690932,101.1349998474121,12.236174376573816,-4.781167130838054,23.83901321375602,-140.75238380611032,,,-8.77,63035982.0,8367596989.0,0.0075333434536661,88.21,0.7186135170412179
2022-03-08,RR,91.37999725341795,94.81999969482422,85.5,86.0,62927221,98.47099990844728,20.44541520090016,-5.337736820095933,25.97402550324817,-108.43193530671554,0.02561818181818182,,-8.77,60543677.0,8367596989.0,0.0072354915132254,91.38,0.7413401723428185
2022-03-09,RR,94.37999725341795,98.63500213623048,93.08999633789062,93.08999633789062,46702334,96.13899993896484,28.21441731397484,-5.752824049796103,31.069828262873443,-71.68359539393684,0.2656875,-8.985,-8.985,45741732.0,8367596989.0,0.0054665314378945,94.38,0.7565816690577374
2022-03-10,RR,91.7300033569336,96.37899780273438,89.5,95.58000183105467,47418290,95.0740005493164,21.35181458683413,-6.0866405115512485,30.25105622446433,-80.60033175646052,0.18350714285714287,,-8.985,40580620.0,8367596989.0,0.0048497340459091,91.73,0.7493102471978329
2022-03-11,RR,93.51000213623048,96.3000030517578,91.5500030517578,92.27999877929688,34078394,93.817000579834,25.961419346043392,-6.309747294054247,33.31760328276394,-66.97300259491001,0.2202,,-8.985,32469202.0,8367596989.0,0.0038803496443105,93.51,0.7531090185733093
2022-03-14,RR,93.77999877929688,97.23999786376952,92.41999816894533,95.66000366210938,36611358,92.84500045776367,26.66062084287872,-6.433078939036042,29.9801804615166,-57.5397106487505,0.10441,,-8.985,34902564.0,8367596989.0,0.0041711573879433,93.78,0.7515788282027722
2022-03-15,RR,92.2699966430664,94.25,90.22000122070312,93.3000030517578,46417588,92.87200012207032,35.602816397986274,-6.496837126152686,29.402236414815093,-66.55109886611446,-0.2263,,-8.985,46352087.0,8367596989.0,0.0055394741239252,92.27,0.7518042367217735
2022-03-16,RR,94.37999725341795,96.98999786376952,93.23400115966795,93.8000030517578,85690370,92.48699951171876,44.15398296086639,-6.471442081097903,41.755977642668256,-44.27407505857429,0.401475,,-8.985,82144340.0,8367596989.0,0.0098169570197975,94.38,0.7601362990345953
2022-03-17,RR,94.18000030517578,96.19000244140624,90.88999938964844,95.23999786376952,70475204,92.40499954223633,48.26481946162131,-6.379939876489196,36.78364903020085,-48.06104117624481,-0.0353,,-8.985,69772221.0,8367596989.0,0.0083383821056059,94.18,0.7478219896041804
2022-03-18,RR,93.18000030517578,94.80999755859376,90.9000015258789,94.80999755859376,50517795,92.69999923706057,45.187596678697794,-6.253212924193153,38.121545893957375,-51.06295428344867,0.06035,,-8.985,46572345.0,8367596989.0,0.0055657968543685,93.18,0.7473102669662374
2022-03-21,RR,93.0999984741211,94.01100158691406,92.0999984741211,93.83000183105467,29122935,93.1889991760254,60.56310277432975,-6.098075064049774,51.717674249599405,-47.187626124923895,0.07498,,-8.985,26568806.0,8367596989.0,0.0031752014389468,93.1,0.5989491955290103
2022-03-22,RR,94.79000091552734,94.9499969482422,92.19000244140624,93.5,38257763,93.52999954223633,71.20811726085697,-5.892400631761408,43.74089705923998,-32.10885553089576,0.064,-7.103,-7.103,,,,,0.580235458513921
2022-03-23,RR,92.05999755859376,95.5,92.05999755859376,94.77999877929688,29548689,93.29799957275392,56.60063422168349,-5.695958284873688,44.55151425690308,-37.71244901557953,-0.10063333333333335,,-7.103,25843874.0,8367596989.0,0.0030885658133361,92.06,0.5883860076758756
2022-03-24,RR,92.3000030517578,93.3499984741211,90.37999725341795,92.13999938964844,29501223,93.35499954223631,58.18482873647671,-5.498788874114912,54.61024336913993,-61.55741856680172,0.0258,,-7.103,27484430.0,8367596989.0,0.0032846264030319,92.3,0.4353855609436903
2022-03-25,RR,110.13999938964844,111.0,91.02999877929688,92.33000183105467,139583676,95.01799926757812,96.62744858685662,-5.014340125791606,78.65168830521569,263.36862371479486,0.43016000000000004,-6.987,-6.987,115276123.0,8367596989.0,0.0137764908075211,110.14,0.7823358481892453
2022-03-28,RR,98.37999725341795,103.66999816894533,96.8479995727539,100.1999969482422,159095323,95.47799911499024,41.3023128065952,-4.551421128372031,57.469056667546944,161.8841870558836,0.376415625,-7.232,-7.232,,,,,0.870985023539335
2022-03-29,RR,102.37999725341795,104.16000366210938,97.61000061035156,99.41999816894533,60054698,96.4889991760254,59.9069639693859,-4.052072267273377,58.35770988087879,181.55348690348916,0.2697,,-7.232,56687481.0,8367596989.0,0.0067746428364703,102.38,0.8568267240529286
2022-03-30,RR,103.05999755859376,103.38400268554688,99.56999969482422,101.94000244140624,45935741,97.35699920654297,61.79016887471197,-3.535982065753114,62.34472920973683,159.09695664394988,0.22524000000000002,,-7.232,35314412.0,8367596989.0,0.0042203767756052,103.06,0.8494965314051554
2022-03-31,RR,101.0999984741211,105.3000030517578,99.72000122070312,103.9800033569336,38591769,98.0489990234375,52.35802643192509,-3.0596644398330284,58.23745944348983,136.25100135470328,0.0,,-7.232,37652440.0,8367596989.0,0.0044997912841043,101.1,0.8488636888735789
2022-04-01,RR,99.37000274658205,101.76000213623048,99.1999969482422,101.1999969482422,32598947,98.66799926757812,44.03273370254024,-2.6538723280762526,55.88049990906687,84.80082500940368,0.012811111111111119,,-7.232,31419255.0,8367596989.0,0.0037548719233614,99.37,0.8527253770906719
2022-04-04,RR,100.36000061035156,102.15699768066406,98.05500030517578,101.23999786376952,42124803,99.39399948120118,48.39962186032142,-2.291712985757319,58.60455605154102,74.22148771715904,0.08777826086956524,,-7.232,41111726.0,8367596989.0,0.0049132057930186,100.36,0.8468452815721137
2022-04-05,RR,98.66000366210938,100.54000091552734,97.0,100.12000274658205,42864667,99.78099975585936,40.15521486806736,-1.9977859901521848,54.59228170476043,40.98923892038469,0.031414285714285714,,-7.232,41096543.0,8367596989.0,0.0049113912935846,98.66,0.8420978622697548
2022-04-06,RR,96.45999908447266,99.68800354003906,94.9000015258789,98.66000366210938,41744723,100.22099990844728,29.485940936950204,-1.792580276139114,52.34567746189228,7.699283197070991,0.019016666666666668,-4.731,-4.731,,,,,0.845638054116621
2022-04-07,RR,94.75,97.7699966430664,94.75,96.91000366210938,34175796,100.46599960327148,21.193026985927062,-1.676936948850344,51.59196869766976,-19.590810959646955,0.33524000000000004,,-4.731,33513382.0,8367596989.0,0.0040051381590266,94.75,0.8461365099536867
2022-04-08,RR,94.27999877929688,96.50800323486328,94.27999877929688,96.25,50595805,98.87999954223632,18.913680923371214,-1.6271683212148988,51.18712293409601,-35.64142422906452,0.0,,-4.731,48668049.0,8367596989.0,0.0058162515551333,94.28,0.8430539593472
2022-04-11,RR,95.0,96.81999969482422,92.13800048828124,94.18000030517578,30544713,98.54199981689452,22.40544195537434,-1.6061017881074149,50.21547206033876,-43.22403140701009,0.0258,0.031,0.031,27874418.0,8367596989.0,0.0033312333321793,95.0,0.843255141030557
2022-04-12,RR,89.79000091552734,91.37999725341795,88.05999755859375,90.0,91530285,97.28300018310549,7.541426211058164,-1.6835913759340897,47.7836392465835,-133.52386707293078,0.11789444444444443,-8.743,-8.743,,,,,0.8661202118341104
2022-04-13,RR,90.02999877929688,90.02999877929688,87.8499984741211,89.0,46586862,95.98000030517578,9.416847349831938,-1.8111256277255736,47.78363146725752,-127.44877553375244,0.021999999999999992,,-8.743,44216631.0,8367596989.0,0.0052842687163503,90.03,0.8661916774980701
2022-04-14,RR,93.43000030517578,93.5199966430664,89.5999984741211,90.31999969482422,53922130,95.21300048828124,31.97707946853958,-1.904968388896524,27.277671185722557,-73.16427846994047,0.08744999999999999,-10.372,-10.372,,,,,0.8675933308495988
2022-04-19,RR,95.5,95.8499984741211,93.0,93.5,39404027,94.82600021362305,43.83953879119817,-1.9354071394002488,44.682426384638205,-29.779393310687023,-0.041338461538461546,,-10.372,36754656.0,8367596989.0,0.0043924983538664,95.5,0.8705214820231045
2022-04-20,RR,93.41999816894533,96.75,93.38999938964844,95.3499984741211,107908388,94.13199996948242,31.91976065130965,-1.953283864793796,32.19395767626072,-36.4415045095263,0.15417142857142857,,-10.372,105214431.0,8367596989.0,0.0125740318443054,93.42,0.5053401834251049
2022-04-21,RR,96.5999984741211,97.4489974975586,93.8000030517578,94.06999969482422,35334551,93.9259994506836,50.14325332162765,-1.907162852089624,38.32248732640436,-12.447025317521934,-0.040325,-10.37,-10.37,,,,,0.3676059438456708
2022-04-22,RR,91.56999969482422,95.80999755859376,91.56999969482422,95.0,35688823,93.43699951171877,26.00126809961568,-1.8992509195411489,34.493979654614066,-67.54580770118343,-0.10561818181818182,,-10.37,33589851.0,8367596989.0,0.0040142768639738,91.57,0.3766302329728624
2022-04-25,RR,86.83000183105469,91.5199966430664,86.83000183105469,90.0,64466554,92.64499969482422,0.0,-1.986997575296439,31.41671353068909,-143.2806378010266,0.021883333333333338,,-14.726,66124437.0,8367596989.0,0.0079024404601377,86.83,0.4067515354330774
2022-04-26,RR,84.11000061035156,89.01000213623047,84.11000061035156,88.20999908447266,49558373,91.62799987792968,0.0,-2.1689686177657768,27.09331908548792,-172.45839959270376,-0.12906,,-14.726,44804289.0,8367596989.0,0.0053544989151484,84.11,0.414373968236198
2022-04-27,RR,82.37999725341797,85.79000091552734,82.37000274658203,84.4000015258789,52761665,90.36599960327148,0.05771166634727,-2.42311613260056,27.070418436739544,-180.70262925894028,-0.2049,,-14.726,51187415.0,8367596989.0,0.0061173375184405,82.38,0.4110042322699108
2022-04-28,RR,83.30999755859375,84.88999938964844,82.11000061035156,83.19999694824219,41356160,89.71799926757812,7.662817702733185,-2.6888192458181703,30.79170283923554,-153.1411147423725,0.0,,-14.726,38244642.0,8367596989.0,0.0045705645300886,83.31,0.4164066298719807
2022-04-29,RR,83.29000091552734,86.19000244140625,82.3499984741211,85.0,35423960,89.04399948120117,7.692812729885357,-2.942027259792292,32.390905405592335,-127.2004405556875,0.0,,-14.726,32875943.0,8367596989.0,0.003928958701431,83.29,0.4137761848201565
2022-05-03,RR,84.19999694824219,84.5999984741211,82.23500061035156,82.98999786376953,41494535,88.12099914550781,13.625378199494358,-3.15290607467317,34.71800615996192,-115.08215513040962,,,-14.726,39539533.0,8367596989.0,0.0047253151713662,84.2,0.4180184801706647
2022-05-04,RR,83.22000122070312,85.41999816894531,83.22000122070312,85.4000015258789,33702964,86.89299926757812,7.236461539915434,-3.3346483004376903,32.28038170854418,-98.52204872196194,,,-14.726,28078002.0,8367596989.0,0.0033555633758307,83.22,0.416393391600004
2022-05-05,RR,81.73999786376953,86.22000122070312,81.69000244140625,85.23999786376953,27009954,85.72499923706054,0.3172500669309046,-3.504613299988001,36.360548034170186,-98.05443091307592,,,-14.726,26354049.0,8367596989.0,0.0031495361254425,81.74,0.4183968034550165
2022-05-06,RR,80.30999755859375,82.0,78.44000244140625,81.5,49341713,84.09599914550782,9.83742229225457,-3.673113813242421,34.16937754572045,-125.57036773714032,,,-14.726,44488116.0,8367596989.0,0.0053167135150609,80.31,0.4164197112223148
2022-05-09,RR,78.5,80.70999908447266,78.5,80.19999694824219,34503598,82.78899917602538,0.315627198684191,-3.8523690240710673,24.35588473871742,-124.26658670365572,,,-14.726,32157689.0,8367596989.0,0.0038431211544096,78.5,0.3826785450438534
2022-05-10,RR,78.25,80.69999694824219,78.13999938964844,79.76000213623047,38987295,81.93099899291992,0.5696857482548484,-4.024176492357908,18.39500871411822,-113.550028354749,,,-14.726,31921997.0,8367596989.0,0.0038149539278677,78.25,0.382136755036748
2022-05-11,RR,80.5,81.87999725341797,77.86499786376953,78.91000366210938,50353999,81.56999893188477,13.454872270750013,-4.137240080389584,26.47486855543788,-91.04551540384097,,-4.412,-4.412,36674203.0,8367596989.0,0.0043828835265622,80.5,0.4012464504545121
2022-05-12,RR,81.37999725341797,83.2699966430664,78.30999755859375,79.62999725341797,40624080,81.46999893188476,19.587625797855267,-4.18408771298146,19.75356073953006,-73.2242048738278,,-5.516,-5.516,,,,,0.3734125028978807
2022-05-13,RR,83.8499984741211,84.7699966430664,81.23999786376953,82.0,34762041,81.5239990234375,43.83010725292605,-4.138032828072566,32.920344362651605,-37.6840412005253,,,-5.516,34709775.0,8367596989.0,0.0041481174398849,83.85,0.3828028753307051
2022-05-16,RR,80.68000030517578,84.25,80.66999816894531,84.0,39566306,81.26299896240235,25.25797543534424,-4.077306773692989,35.37802160247827,-53.76607722688701,,-1.069,-1.069,31676069.0,8367596989.0,0.0037855634110535,80.68,0.395468008970471
2022-05-17,RR,81.20999908447266,81.55000305175781,78.91000366210938,81.20999908447266,45440378,80.9639991760254,40.03590516725763,-3.992819646760757,42.30360067951867,-69.15477933323321,,-9.482,-9.482,,,,,0.365967531061425
2022-05-18,RR,84.77999877929688,86.12999725341797,81.22000122070312,81.6500015258789,43140638,81.11999893188477,82.76478919411528,-3.831810790955429,55.802715815547074,-7.342850636202074,,,-9.482,39585279.0,8367596989.0,0.0047307822128669,84.78,0.3753581825107006
2022-05-19,RR,83.02999877929688,83.6500015258789,80.39299774169922,83.22000122070312,39627716,81.2489990234375,61.8192560179051,-3.6504667042725303,49.34883958601102,-34.65794942880018,,-9.544,-9.544,,,,,0.3366276163928277
2022-05-20,RR,83.30999755859375,85.11000061035156,82.38999938964844,83.37000274658203,42166916,81.5489990234375,65.17052671565428,-3.453095876491113,50.045948196520136,12.372853482667626,,,-9.544,36816315.0,8367596989.0,0.0043998671360963,83.31,0.3186167202567831
2022-05-23,RR,83.13999938964844,84.83300018310547,82.04000091552734,84.66000366210938,24904995,82.01299896240235,63.1358396942034,-3.250868220317685,47.47859630681942,23.390513782756912,,,-9.544,22482570.0,8367596989.0,0.0026868609983912,83.14,0.3096356793501371
2022-05-24,RR,80.08000183105469,82.31900024414062,80.0199966430664,82.20999908447266,43225959,82.19599914550781,26.511108046976236,-3.097608593714683,43.20346183088367,-64.34439839288933,,,-9.544,41267801.0,8367596989.0,0.0049318581014657,80.08,0.333814804857128
2022-05-25,RR,83.5199966430664,83.5199966430664,80.18000030517578,81.0,28545423,82.49799880981445,68.42104291477047,-2.92113211757536,53.55147652939632,10.35343115664384,,,-9.544,24915984.0,8367596989.0,0.0029776749564725,83.52,0.3697183742403573
2022-05-26,RR,86.44000244140625,86.48999786376953,83.2699966430664,83.9000015258789,26385718,83.00399932861328,99.42034292912138,-2.6861101203483164,61.54427062380027,135.53362563524277,,,-9.544,24977809.0,8367596989.0,0.0029850635771339,86.44,0.3881825192410165
2022-05-27,RR,86.91000366210938,87.5,85.19200134277344,86.02999877929688,20696735,83.30999984741212,93.87653132247824,-2.413092382886125,66.6799018498186,163.79433353553426,,-7.893,-7.893,,,,,0.3778945680076458
2022-05-30,RR,88.98999786376953,89.98999786376953,87.04000091552734,88.43000030517578,36551544,84.14099960327148,91.75257731958764,-2.091886674147484,69.85947403987095,209.9927152441793,,,-7.893,35153851.0,8367596989.0,0.0042011883514721,88.99,0.3762103506343581
2022-05-31,RR,86.69000244140625,89.5979995727539,86.13999938964844,88.4000015258789,52757469,84.68899993896484,71.74661527276717,-1.7892430633743366,61.42489251530245,146.884320673174,,,-7.893,45652127.0,8367596989.0,0.005455822867666,86.69,0.3796373098205766
2022-06-01,RR,88.7300033569336,89.77999877929688,87.30999755859375,87.91999816894531,24408913,85.08400039672851,88.62820247101621,-1.4774738241481464,63.00886738673787,157.91105003783082,-0.18189090909090908,-7.378,-7.378,22337283.0,8367596989.0,0.0026694979489768,88.73,0.3835934867206129
2022-06-06,RR,92.91999816894533,93.80999755859376,89.02999877929688,90.0,43645348,86.07300033569337,94.02684728710908,-1.106111894709728,65.13180889587537,199.4110122533648,0.37481818181818183,,-7.793,40478873.0,8367596989.0,0.0048375744019714,92.92,0.4035040035114992
2022-06-07,RR,91.86000061035156,93.2699966430664,91.37999725341795,91.5,26031036,86.92800064086914,86.91276679849993,-0.7312564167451976,70.06462535014869,168.00739822739354,0.17,,-7.793,24211154.0,8367596989.0,0.0028934416932158,91.86,0.4081184230286844
2022-06-08,RR,92.38999938964844,94.22000122070312,92.22000122070312,92.22000122070312,28060336,87.85300064086914,87.11266731606047,-0.3637392915480269,70.06462535014869,153.76042776686222,0.04137499999999998,,-7.793,26138404.0,8367596989.0,0.0031237646882804,92.39,0.3981812763089201
2022-06-09,RR,91.69000244140624,93.40799713134766,90.52999877929688,91.95999908447266,37795402,89.0140007019043,82.18311293165837,-0.0304265657507568,63.82555138382518,117.02651117901262,0.0,,-7.793,36244435.0,8367596989.0,0.0043315225443633,91.69,0.3682537594728174
2022-06-10,RR,87.98999786376953,90.8550033569336,87.98999786376953,90.63999938964844,31027021,89.46100082397462,56.126751066368726,0.2050126375256794,59.2056474554364,56.36463775383479,-0.027357142857142875,,-7.793,28893531.0,8367596989.0,0.0034530261242245,87.99,0.4040645442975257
2022-06-13,RR,86.16999816894531,89.88999938964844,85.70999908447266,87.55999755859375,42629567,89.43400039672852,43.30985593881013,0.3372602034918424,55.02107193066676,20.43307823088992,0.21075,-0.868,-0.868,40946051.0,8367596989.0,0.0048934062017837,86.17,0.3849211292226358
2022-06-14,RR,87.91999816894531,89.66999816894531,85.7699966430664,87.56999969482422,25494755,89.53499984741211,55.63379562792852,0.4250481581052112,57.95076778759103,27.0512209769316,-0.6093500000000001,,-0.868,27941968.0,8367596989.0,0.0033393061397116,87.92,0.3816879824846503
2022-06-15,RR,90.69000244140624,91.6999969482422,87.70999908447266,87.70999908447266,34660240,89.70500030517579,74.85756019151735,0.5235927296325273,67.81996057418584,65.60557023668167,-0.057499999999999996,-13.459,-13.459,33318737.0,8367596989.0,0.0039818764029625,90.69,0.3947565330244909
2022-06-16,RR,87.08999633789062,90.5,86.54000091552734,90.11000061035156,35142748,89.74499969482422,34.885827377879224,0.5650841024178858,55.96391523291575,19.00462515258477,-0.10473333333333334,,-13.459,33968495.0,8367596989.0,0.0040595280872937,87.09,0.4245904275811644
2022-06-17,RR,87.70999908447266,90.43000030517578,84.52999877929688,87.11000061035156,40797109,89.64299926757812,32.817332342325884,0.5772444299509469,52.29822071898559,4.13846526212727,0.0,,-13.459,38227880.0,8367596989.0,0.0045685613265378,87.71,0.398246488992022
2022-06-20,RR,91.5,91.87000274658205,87.4000015258789,88.45999908447266,80120436,89.5009994506836,71.92981903616128,0.6295347563469098,57.415180598509416,64.31236393711353,0.0654,,-13.459,78570721.0,8367596989.0,0.0093898787314074,91.5,0.3985690654326541
2022-06-21,RR,90.83000183105467,93.0,90.83000183105467,92.36000061035156,18973838,89.3979995727539,65.01549498932357,0.6921123767399704,53.11442774248186,89.31257638956784,0.22097777777777777,,-13.459,18320628.0,8367596989.0,0.0021894730379682,90.83,0.3842335007628424
2022-06-22,RR,86.11000061035156,89.72000122070312,84.56999969482422,89.72000122070312,43418663,88.76999969482422,16.305484344391886,0.6809751245598106,49.092613095724055,-44.11724100444142,-0.004223076923076937,,-13.459,40473286.0,8367596989.0,0.0048369067072907,86.11,0.4302007876751638
2022-06-23,RR,81.8499984741211,86.02999877929688,81.8499984741211,86.0,42480289,87.7859992980957,0.0,0.5547007254037759,39.93563006775383,-156.81605521097373,-0.06773846153846153,-0.654,-0.654,39589071.0,8367596989.0,0.004731235389568,81.85,0.4645027790354317
2022-06-24,RR,80.94000244140625,82.68299865722656,79.08000183105469,82.16999816894531,46659037,87.08099975585938,12.28534138266404,0.3470973753823637,30.61489938831532,-217.4210589426855,0.4531230769230769,-1.825,-1.825,,,,,0.4540312336501415
2022-06-27,RR,81.80999755859375,84.19999694824219,81.0,81.29000091552734,48517384,86.64499969482422,18.03167660234929,0.1124906840673778,33.6372503181191,-160.6452684791781,0.2274875,,-1.825,44712117.0,8367596989.0,0.0053434835662829,81.81,0.4396639454006444
2022-06-28,RR,87.13999938964844,89.0999984741211,82.71600341796875,83.0,39811343,86.56699981689454,56.2534910827961,-0.041962030773931,42.60771816925521,-51.8667628119558,0.38208181818181813,,-1.825,35239266.0,8367596989.0,0.0042113961805671,87.14,0.5031463834311691
2022-06-29,RR,84.19999694824219,86.5199966430664,84.0199966430664,85.91999816894531,26970098,85.91799926757812,36.78157895602246,-0.1848895013701282,40.0794669329038,-80.70992572858775,0.206125,,-1.825,24175012.0,8367596989.0,0.0028891224125373,84.2,0.4831276982865116
2022-06-30,RR,82.94999694824219,83.9800033569336,81.7699966430664,82.83000183105469,33259962,85.50399932861328,27.801692717325416,-0.3326222973395705,42.861190664995554,-116.4003958463075,0.0,-0.374,-0.374,,,,,0.4827198978025834
2022-07-01,RR,86.08000183105469,87.66000366210938,81.76000213623047,82.63999938964844,31136406,85.34099960327148,50.287362936703424,-0.424927067538799,49.87708781906528,-56.86483433285305,-0.33235,,-0.374,28281214.0,8367596989.0,0.0033798489622741,86.08,0.505680855955221
2022-07-04,RR,86.54000091552734,88.52999877929688,85.94999694824219,86.4800033569336,15921348,84.84499969482422,53.59195449547882,-0.4693443449511585,48.0464373313115,-9.663499971457831,0.15843333333333334,1.525,1.525,,,,,0.4861552921800789
2022-07-05,RR,79.12000274658203,88.0,79.12000274658203,88.0,61267269,83.67399978637695,0.2873629367034215,-0.5987302490092005,35.5266485701617,-117.1609274872742,-0.21563333333333332,,1.525,57855724.0,8367596989.0,0.006914257949571,79.12,0.5698274791883783
2022-07-06,RR,82.12000274658203,82.93000030517578,79.30000305175781,79.30000305175781,30748018,83.275,21.83908990957632,-0.7253623440307051,43.688095955568514,-117.74227635167632,0.03845,,1.525,27420205.0,8367596989.0,0.0032769509616735,82.12,0.5829198953382131
2022-07-07,RR,85.26000213623047,85.72000122070312,82.33000183105469,82.33000183105469,29744911,83.61600036621094,44.3965597564732,-0.7918800373607853,47.075677985271575,-38.61228896239842,0.41284,1.596,1.596,,,,,0.5886290086225504
2022-07-08,RR,87.12999725341797,87.5199966430664,85.08000183105469,86.22000122070312,24038787,84.23499984741211,57.83043449188335,-0.7855926862021887,44.53339573773127,19.849853190826902,-0.250175,,1.596,22356815.0,8367596989.0,0.0026718321914153,87.13,0.5774127708703145
2022-07-11,RR,86.73999786376953,87.55000305175781,83.97599792480469,85.5,20691723,84.72799987792969,71.99244804625823,-0.7384338248067784,44.84756298576365,8.596984681480071,0.4135333333333333,,1.596,19971079.0,8367596989.0,0.0023867161654957,86.74,0.5771592080665086
2022-07-12,RR,88.77999877929688,88.77999877929688,85.12999725341797,85.12999725341797,19665814,84.89199981689453,96.8063892012813,-0.633899574838087,53.607131268895685,49.18966567289947,-0.10242499999999999,0.946,0.946,19145029.0,8367596989.0,0.0022879960668717,88.78,0.5616663370263152
2022-07-13,RR,88.58000183105469,90.1999969482422,87.13999938964844,88.6500015258789,33150428,85.33000030517579,85.43169218947253,-0.5006294501217817,60.21245150007375,82.60055330248294,0.26533333333333337,,0.946,27908798.0,8367596989.0,0.0033353420386628,88.58,0.5274668618402578
2022-07-14,RR,85.31999969482422,89.58000183105469,85.12000274658203,88.51000213623047,34455578,85.56700057983399,55.95668044043939,-0.4072048702860969,56.20396291984099,30.20557003841409,-0.09600000000000002,1.583,1.583,33143166.0,8367596989.0,0.0039608941543874,85.32,0.5128002685949146
2022-07-15,RR,89.79000091552734,90.48999786376952,84.8499984741211,85.4800033569336,30074722,85.93800048828125,93.8434718658407,-0.2714078158365874,60.25707332122436,76.79230427691044,0.1611888888888889,2.249,2.249,,,,,0.539173253417811
2022-07-18,RR,92.19000244140624,92.7699966430664,88.41000366210938,88.41000366210938,26995727,86.50300064086915,95.75095632966152,-0.0772620052310613,57.0197426749755,150.82498861084315,0.05077142857142858,,2.249,23037096.0,8367596989.0,0.0027531316374682,92.19,0.5440973701143694
2022-07-19,RR,93.8499984741211,94.41500091552734,90.2699966430664,91.37999725341795,19068452,87.97600021362305,96.30596594281768,0.1699385940541516,63.90891174555251,192.3029760574552,0.0,,2.249,18173293.0,8367596989.0,0.0021718652348924,93.85,0.5007675685909867
2022-07-20,RR,92.02999877929688,94.8000030517578,91.56099700927734,94.8000030517578,28348429,88.96699981689453,82.33415676945751,0.4080098865485494,62.875784523015625,164.71716311054837,0.2585,,2.249,25441585.0,8367596989.0,0.0030404888086084,92.03,0.4887991981354103
2022-07-21,RR,92.3499984741211,94.0999984741211,91.4000015258789,93.02999877929688,19689475,89.67599945068359,84.37497110999416,0.6320544870369655,59.66101495667466,140.58573337443403,0.21075,,2.249,18669112.0,8367596989.0,0.0022311198811967,92.35,0.4832705881908568
2022-07-22,RR,92.5999984741211,94.16999816894533,91.4000015258789,92.18000030517578,16156353,90.2229995727539,85.96935883406505,0.8381106645056334,59.39826208776647,125.802059410155,0.0,,2.249,14698170.0,8367596989.0,0.0017565580679043,92.6,0.4829327854095488
2022-07-25,RR,91.9499969482422,93.08999633789062,90.95999908447266,92.18000030517578,17370381,90.74399948120116,81.6128638482863,1.0098096231529483,75.18648886907903,96.79195604815396,0.50935,,2.249,16397075.0,8367596989.0,0.0019595918662855,91.95,0.4698381910987376
2022-07-26,RR,87.69000244140625,93.63999938964844,87.69000244140625,91.31999969482422,66967494,90.6349998474121,42.98316026988598,1.0807061148013688,60.4190089317901,40.98961585917816,0.10086111111111111,,2.249,65320921.0,8367596989.0,0.0078064133688406,87.69,0.5021731275345365
2022-07-27,RR,87.37000274658203,88.80999755859375,87.06999969482422,88.36000061035156,23842806,90.51399993896484,31.3562750753494,1.0771365056835658,54.41238317384243,-3.943693424803891,,,2.249,21605973.0,8367596989.0,0.002582100097364,87.37,0.5024504819038057
2022-07-28,RR,86.44000244140625,88.36000061035156,84.44000244140625,87.51000213623047,25179260,90.62600021362304,22.76425858729393,1.0097874883767817,48.49805179686076,-40.31060756539454,0.0,,2.249,23120805.0,8367596989.0,0.0027631355848512,86.44,0.3883273568130778
2022-07-29,RR,89.2699966430664,90.89900207519533,88.18000030517578,88.36000061035156,33958737,90.57399978637696,46.6215629064162,0.9488427151026584,54.97835484837586,27.92990320869781,0.20936666666666667,,2.249,28296423.0,8367596989.0,0.0033816665689323,89.27,0.3828526771066566
2022-08-01,RR,89.04000091552734,90.7699966430664,88.83999633789062,89.56999969482422,18794362,90.25899963378906,44.40152705710116,0.8892747716551109,50.55085237531347,27.36913168041449,0.21335,-3.979,-3.979,,,,,0.3615763684898936
2022-08-02,RR,87.80000305175781,89.7300033569336,87.7979965209961,88.16000366210938,20959531,89.65400009155273,32.43243641312433,0.8118821697085573,48.417209249903706,-8.821390921021145,,,-3.979,18468786.0,8367596989.0,0.0022071791966413,87.8,0.358656348707173
2022-08-03,RR,90.79000091552734,91.38999938964844,88.27999877929688,88.33999633789062,25596608,89.53000030517578,61.29341795382008,0.7732276911448452,61.22282671648997,30.455906753136087,,,-3.979,24695330.0,8367596989.0,0.0029513049006141,90.79,0.3769972491531861
2022-08-04,RR,82.6500015258789,88.95999908447266,79.80000305175781,88.0,144463069,88.56000061035157,18.99998982747396,0.6292485710279994,37.26817941389661,-167.73671371234792,,-4.68,-4.68,124718254.0,8367596989.0,0.0149049068883162,82.65,0.4904811523424021
2022-08-05,RR,83.0,84.25,81.74099731445312,82.6500015258789,40662330,87.60000076293946,21.33331298828125,0.4309514659160433,32.32010140440879,-172.84739121751127,,-7.838,-7.838,35114819.0,8367596989.0,0.004196523690871,83.0,0.4910669666117601
2022-08-08,RR,86.69999694824219,87.06600189208984,82.95999908447266,83.1500015258789,44093941,87.07500076293945,45.99995930989584,0.2670530268227746,37.24579437090103,-96.59507157784329,,,-17.331,39012611.0,8367596989.0,0.0046623434483383,86.7,0.5012557572926394
2022-08-09,RR,84.66000366210938,87.08100128173828,84.13999938964844,86.33999633789062,36623475,86.77200088500976,33.82047502951945,0.1001512628851334,36.95574676324275,-96.69725405313817,,,-17.331,30998437.0,8367596989.0,0.0037045805433448,84.66,0.4700670482813797
2022-08-10,RR,85.55000305175781,86.13999938964844,83.51000213623047,84.16000366210938,30052956,86.59000091552734,40.01393148089943,-0.0459125051481955,38.20263238218171,-91.34726011115612,,-16.424,-16.424,22743191.0,8367596989.0,0.0027180074554137,85.55,0.4722874576546614
2022-08-11,RR,84.76000213623047,86.6780014038086,84.48999786376953,85.95999908447266,24490308,86.42200088500977,35.8381531568282,-0.1837578762928422,36.64849399860198,-81.3463560513773,,-18.518,-18.518,,,,,0.4534733769497314
2022-08-12,RR,85.01000213623047,85.88999938964844,84.20500183105469,84.97000122070312,16914596,85.99600143432617,37.644512016299565,-0.3048186079913176,38.01795175298439,-79.06330934508931,,,-18.518,15139439.0,8367596989.0,0.0018092935187846,85.01,0.4507879536141863
2022-08-15,RR,85.75,85.88999938964844,84.72000122070312,85.56999969482422,14193662,85.66700134277343,51.33734968310685,-0.3965118722683903,46.1870979118708,-62.41250646767103,,,-18.518,13076165.0,8367596989.0,0.0015627144826871,85.75,0.4522507778817584
2022-08-16,RR,85.9000015258789,87.66000366210938,85.54000091552734,85.7300033569336,21331204,85.47700119018555,52.631582411969006,-0.4616945469781023,47.0914073062322,-35.97787359414237,,-17.574,-17.574,20243605.0,8367596989.0,0.0024192853726837,85.9,0.4520946717161906
2022-08-17,RR,83.5,86.19000244140625,82.72000122070312,86.0,37278354,84.74800109863281,31.924056232407622,-0.5440822415962521,44.50260809127435,-83.93177392288516,,,-17.574,32886547.0,8367596989.0,0.003930225970877,83.5,0.4329576996693268
2022-08-18,RR,83.5999984741211,84.52899932861328,83.16500091552734,83.76000213623047,13854755,84.84300079345704,32.786856109178714,-0.6300993195492384,38.192413432830136,-87.83886620761974,,-26.242,-26.242,,,,,0.4318428950196666
2022-08-19,RR,81.26000213623047,83.77999877929688,81.08000183105469,83.01000213623047,28233237,84.66900100708008,12.597062517608832,-0.7497792184021593,35.10718840237668,-131.7989038046161,,,-26.242,26354276.0,8367596989.0,0.0031495632539001,81.26,0.4220326686179487
2022-08-22,RR,80.4000015258789,82.0,79.9000015258789,81.4800033569336,31905693,84.03900146484375,5.176865088037579,-0.8962964121335365,35.62547294719798,-161.57305060884485,,,-26.242,28843317.0,8367596989.0,0.0034470251181931,80.4,0.4222599256015142
2022-08-23,RR,80.12999725341797,81.38999938964844,79.5,80.04000091552734,20046919,83.58600082397462,6.659591061187589,-1.0542189486132847,26.84620167329737,-162.60145510029153,,,-26.242,18039304.0,8367596989.0,0.0021558523939088,80.13,0.4222126549320226
2022-08-24,RR,80.30999755859375,80.30999755859375,78.7300033569336,80.0,23059116,83.0620002746582,17.693103557279834,-1.2057369946814631,42.2310573304295,-155.81387817197103,,,-26.242,21654964.0,8367596989.0,0.0025879549443487,80.31,0.4215351814966825
2022-08-25,RR,80.52999877929688,81.7699966430664,79.86000061035156,80.22000122070312,13438657,82.63899993896484,20.156722965843723,-1.3390398943967008,41.72805615400653,-110.76147442519112,,,-26.242,12379014.0,8367596989.0,0.001479398926152,80.53,0.3979335202537065
2022-08-26,RR,78.4800033569336,81.27999877929688,78.4800033569336,81.19999694824219,22534383,81.98600006103516,0.0,-1.4835924718820526,19.051208323399223,-131.65885995297378,,-27.173,-27.173,21348877.0,8367596989.0,0.00255137490824,78.48,0.2583131326697479
2022-08-30,RR,78.19999694824219,80.0999984741211,77.37000274658203,78.55000305175781,25551161,81.23099975585937,8.066026509363246,-1.6287043758484894,21.96178681413292,-138.11042582468866,,,-27.173,24579263.0,8367596989.0,0.0029374338931848,78.2,0.2581342815900349
2022-08-31,RR,77.0,78.55000305175781,76.30000305175781,78.55000305175781,63097922,80.34099960327148,6.161944635850899,-1.7819929527560476,13.863052711820458,-149.33168314283196,,,-27.173,49815348.0,8367596989.0,0.0059533636796187,77.0,0.1910223832509244
2022-09-01,RR,71.30999755859375,75.99099731445312,69.56999969482422,75.75,84867051,79.12199935913085,9.61855987934678,-2.019090012688157,9.802743936502296,-230.95496312291223,,,-27.173,79824952.0,8367596989.0,0.0095397701520445,71.31,0.3034469879647133
2022-09-02,RR,75.06999969482422,75.22799682617188,71.87999725341797,72.6500015258789,57327072,78.26899948120118,30.40353119848104,-2.231697033844225,25.44466466483068,-158.45156901740742,,,-27.173,53559552.0,8367596989.0,0.0064008283465861,75.07,0.3683370637410001
2022-09-05,RR,74.12000274658203,74.16999816894531,72.21499633789062,73.9800033569336,32556896,77.55499954223633,25.152029043145923,-2.427879119282572,21.56480525648378,-144.61413666421475,,,-27.173,31304230.0,8367596989.0,0.003741125443918,74.12,0.3689039605918519
2022-09-06,RR,76.70999908447266,78.69999694824219,74.0,74.66000366210938,81963049,77.18599929809571,42.960278036757884,-2.556626677605311,29.92572589241253,-81.16213871935234,,,-27.173,80500816.0,8367596989.0,0.0096205417285065,76.71,0.3967739774089754
2022-09-07,RR,76.75,78.30000305175781,75.38999938964844,76.36000061035156,19141206,76.8479995727539,47.99786403468955,-2.6298931604077973,33.56064198404404,-67.38512843215246,,,-27.173,17492222.0,8367596989.0,0.0020904713770267,76.75,0.3962482651472853
2022-09-08,RR,78.27999877929688,79.20999908447266,76.75,77.19999694824219,57178428,76.64499969482422,61.29486027898566,-2.6341401344056954,37.8870675851124,-38.00542499091788,,,-27.173,56135765.0,8367596989.0,0.006708708016626,78.28,0.4032667982128275
2022-09-09,RR,78.44000244140625,79.73699951171875,78.44000244140625,79.0,22276476,76.43600006103516,71.3596341818963,-2.586347880842605,42.8715905431024,-17.23059587084152,,,-27.173,20465751.0,8367596989.0,0.0024458337354086,78.44,0.4033261630971726
2022-09-12,RR,80.66999816894531,81.26100158691406,79.88700103759766,79.9990005493164,21115383,76.65499954223633,90.98361680918627,-2.4669707071178344,50.63828989027741,25.924855471273705,,,-27.408,19666213.0,8367596989.0,0.0023502820494167,80.67,0.408954635245748
2022-09-13,RR,78.2699966430664,81.16999816894531,78.18000030517578,81.16999816894531,22057890,76.66199951171875,71.3114682335696,-2.34165133835088,46.00515311881013,1.3385037902437091,,,-27.408,21157212.0,8367596989.0,0.0025284692878747,78.27,0.420923911248368
2022-09-14,RR,75.16000366210938,78.62999725341797,74.15599822998047,77.9800033569336,39445815,76.47799987792969,45.8197161114092,-2.263457989808172,40.17551397277054,-71.66819911032476,,,-27.408,36945216.0,8367596989.0,0.0044152719172025,75.16,0.4404086208473247
2022-09-15,RR,76.86000061035156,79.75,76.05999755859375,76.66000366210938,36468556,77.03300018310547,62.25449603317061,-2.1866200052555413,43.37305910482832,-21.9759655380339,,,-27.408,33617395.0,8367596989.0,0.0040175686095056,76.86,0.441909344331669
2022-09-16,RR,75.7699966430664,77.23999786376953,74.83999633789062,75.86000061035156,41252838,77.10299987792969,53.03221234133166,-2.1270661380994285,44.930776006306736,-61.41849288262453,,,-27.408,33346608.0,8367596989.0,0.0039852072278143,75.77,0.44297565427616
2022-09-20,RR,75.81999969482422,77.73999786376953,75.41000366210938,76.0,23451695,77.2729995727539,53.45991778710397,-2.075821749526172,45.50943785165401,-43.38911210625909,,,-19.579,16001308.0,8367596989.0,0.0019122942968017,75.82,0.4428726751148276
2022-09-21,RR,74.31999969482422,76.4000015258789,73.73999786376953,74.5,18404871,77.03399963378907,40.629537518199015,-2.0516723029425337,44.99999857660526,-84.47059149074406,,,-19.579,16721545.0,8367596989.0,0.001998368829424,74.32,0.44654080002883
2022-09-22,RR,73.2699966430664,74.5999984741211,72.08699798583984,73.0,29995767,76.68599929809571,14.817170318163742,-2.0578474042288226,54.42238139749463,-120.39219505860235,,,-19.579,26073993.0,8367596989.0,0.003116067018318,73.27,0.447834016911361
2022-09-23,RR,71.87999725341797,75.27899932861328,70.47000122070312,73.33999633789062,58175663,76.0459991455078,13.066407050914949,-2.100192013567433,41.94036502366693,-129.84090145068393,,,-19.579,55173317.0,8367596989.0,0.0065936871807438,71.88,0.4443545724389219
2022-09-26,RR,72.66999816894531,74.61000061035156,71.0,71.04000091552734,48993701,75.46899871826172,20.38733086443844,-2.1455964298059684,46.30666128243028,-111.133996112738,,,-19.579,42611714.0,8367596989.0,0.0050924672944953,72.67,0.4475388289245902
2022-09-27,RR,69.2300033569336,72.97000122070312,69.2300033569336,72.66000366210938,37680831,74.32499923706055,0.0,-2.240531359043404,31.738287871122807,-157.51672359580382,,,-19.579,33450913.0,8367596989.0,0.0039976725748114,69.23,0.472680563434063
2022-09-28,RR,66.69999694824219,68.47000122070312,64.44000244140625,68.13999938964844,67051802,73.16799926757812,13.435554495224428,-2.3967925588313435,28.12363404948445,-219.3567076151025,,,-19.579,60132544.0,8367596989.0,0.0071863575742294,66.7,0.4154795616633169
2022-09-29,RR,68.26000213623047,68.43000030517578,65.77999877929688,67.41000366210938,39354655,72.47799911499024,22.70970744234525,-2.5529486598876985,28.217405827594973,-164.39491881478904,,,-19.579,35187550.0,8367596989.0,0.0042052156725828,68.26,0.3742862327449252
2022-09-30,RR,69.58999633789062,71.05000305175781,68.38999938964844,69.0,45994337,71.75099868774414,30.61645656084421,-2.67381495912755,31.692166375737457,-106.19748575817812,,-22.252,-22.252,41628730.0,8367596989.0,0.0049749922295164,69.59,0.3556237721365481
2022-10-03,RR,69.7699966430664,70.24400329589844,66.44000244140625,70.0,33872252,71.15099868774413,31.85890952073892,-2.7572603182479405,25.36166326298678,-108.93250713910936,,,-22.252,34812141.0,8367596989.0,0.0041603510596607,69.77,0.3560948548555631
2022-10-04,RR,74.47000122070312,74.48999786376953,70.20999908447266,70.4000015258789,39848712,71.01599884033203,65.51273924708677,-2.731606431432545,42.21950343963142,-23.9359764767466,,,-22.252,37317671.0,8367596989.0,0.0044597835016501,74.47,0.4311710557968407
2022-10-05,RR,73.91999816894531,75.37000274658203,73.12000274658203,73.73999786376953,21912231,70.97599868774414,61.920295488341125,-2.6414651638656625,47.16375893643665,-0.2959423328157602,,,-22.252,19796238.0,8367596989.0,0.0023658211582159,73.92,0.4312556727337935
2022-10-06,RR,71.29000091552734,75.2300033569336,70.75,74.43000030517578,24574838,70.77799911499024,51.503765652454,-2.551569446287248,37.779737293250754,-31.212431689540438,,,-22.252,23611555.0,8367596989.0,0.0028217844419418,71.29,0.4466134687721383
2022-10-07,RR,70.5999984741211,72.12000274658203,69.87999725341797,70.80999755859375,25910572,70.64999923706054,46.31577558558492,-2.471733159807836,38.45467890458458,-57.57394834479504,,,-22.252,24119114.0,8367596989.0,0.0028824421194886,70.6,0.4296299074882477
2022-10-10,RR,68.88999938964844,70.94000244140625,68.34300231933594,69.80999755859375,29299659,70.27199935913086,37.20733519135046,-2.4240355367421067,35.592521356743674,-82.27822724745016,,-19.876,-19.876,,,,,0.407293451945634
2022-10-11,RR,69.48999786376953,71.41000366210938,68.08000183105469,68.47000122070312,19504878,70.29799880981446,46.20306753305314,-2.3838847009440345,39.5680347280674,-69.7616480715661,,,-19.876,18504237.0,8367596989.0,0.0022114158968608,69.49,0.3981097340739842
2022-10-12,RR,66.23999786376953,69.80000305175781,66.06999969482422,69.19999694824219,29096937,70.25199890136719,16.46839315741751,-2.396987314766515,36.13412803415079,-111.89245965705204,,-18.624,-18.624,,,,,0.3968253969360295
2022-10-13,RR,70.01000213623047,70.86000061035156,65.20999908447266,65.70999908447266,30441954,70.42699890136718,50.96065452245785,-2.377169863188978,46.62821064494084,-71.72616111882898,,,-18.624,25434194.0,8367596989.0,0.0030396055203705,70.01,0.4799904660631987
2022-10-14,RR,70.05000305175781,72.01000213623047,69.5,71.33000183105469,32096074,70.4729995727539,51.32662812182181,-2.3317013737297256,45.14456254573959,-19.91188978034613,,,-18.624,31041064.0,8367596989.0,0.0037096748374481,70.05,0.4762825044173567
2022-10-17,RR,71.56999969482422,71.69999694824219,70.08999633789062,71.05000305175781,21642439,70.65299987792969,65.23327588601839,-2.242973766241747,54.66878519764263,3.7190331294493992,,-17.034,-17.034,,,,,0.4768183468015976
2022-10-18,RR,74.27999877929688,74.88999938964844,71.61000061035156,73.12000274658203,83013326,70.63399963378906,89.27161836220387,-2.0834347858917144,65.01584821981841,90.97838414819888,,,-17.034,81201346.0,8367596989.0,0.0097042611046811,74.28,0.4941067282462596
2022-10-19,RR,74.0,75.66000366210938,72.5999984741211,74.88999938964844,23620912,70.64199981689453,84.11480445030784,-1.887594553530678,61.97829316172503,110.67093956240636,,,-17.034,21990947.0,8367596989.0,0.002628107810272,74.0,0.4599517921529041
2022-10-20,RR,73.1500015258789,74.07599639892578,72.11000061035156,74.0,18380472,70.82799987792968,75.98085132324307,-1.6885266876804017,57.58092989568721,78.34490304642075,,,-17.034,17850578.0,8367596989.0,0.0021332980093886,73.15,0.4389708217393041
2022-10-21,RR,73.58000183105469,73.72000122070312,70.88999938964844,72.11000061035156,22192578,71.12600021362304,80.09568497696216,-1.4871623725562872,58.02782269070992,64.6784543223161,,,-17.034,20101281.0,8367596989.0,0.0024022764273213,73.58,0.4336017604522661
2022-10-24,RR,73.5,75.94000244140625,73.06999969482422,74.12999725341797,24265301,71.58700027465821,77.26000300056243,-1.2928013762751926,47.46205863494925,107.18473496273538,,,-17.034,23506349.0,8367596989.0,0.0028092114176747,73.5,0.4337555672946967
2022-10-25,RR,73.69000244140625,74.66000366210938,72.41000366210938,74.66000366210938,19458112,72.00700073242187,79.0307614531539,-1.1070407153335335,49.38667805989584,78.61081789682072,,-17.009,-17.009,,,,,0.4300612069291877
2022-10-26,RR,74.47000122070312,75.04000091552734,72.52999877929688,72.72000122070312,23578158,72.83000106811524,86.30008610618721,-0.9214408640775512,59.408284077093896,83.53279352263272,,,-17.009,25452923.0,8367596989.0,0.0030418437973841,74.47,0.3588216873048779
2022-10-27,RR,76.33999633789062,76.69999694824219,73.86000061035156,74.83999633789062,22582582,73.46300048828125,96.86683483652575,-0.7137364260593115,65.87389298842382,124.31778245484524,,,-17.009,22339234.0,8367596989.0,0.0026697311103016,76.34,0.3680817344370957
2022-10-28,RR,76.98999786376953,77.56999969482422,74.77200317382812,75.31999969482422,24188150,74.15699996948243,95.30742878306224,-0.4910683267478235,73.79553487579818,136.0900031292914,,,-17.009,18140426.0,8367596989.0,0.0021679373449566,76.99,0.3408578268937829
2022-10-31,RR,78.1500015258789,79.4229965209961,77.0,77.11000061035156,38761593,74.81500015258788,91.04344455979464,-0.2510674991560092,74.63026951115462,175.59934781504808,,,-17.009,33312220.0,8367596989.0,0.0039810975652618,78.15,0.338930859080737
2022-11-01,RR,81.5,82.41999816894531,79.05000305175781,79.19000244140625,49877453,75.5370002746582,94.65428112790916,0.0412354094853346,93.15611389373996,215.9372631623607,0.074,,-17.009,47360531.0,8367596989.0,0.005659991878464,81.5,0.3450120711074582
2022-11-02,RR,83.05999755859375,83.05999755859375,81.13999938964844,81.5999984741211,40179066,76.44300003051758,100.0,0.375792113888596,92.17841250333508,208.9203757039182,0.12076250000000001,-6.636,-6.636,38407244.0,8367596989.0,0.0045899968713227,83.06,0.3453278705071395
2022-11-03,RR,80.16000366210938,81.2300033569336,78.22000122070312,80.87000274658203,39633812,77.14400024414063,77.64075849233296,0.6721704484775494,77.57776327465675,128.3411865905208,-0.0024736842105263063,-0.35,-0.35,37092829.0,8367596989.0,0.0044329129436757,80.16,0.3798461703952926
2022-11-04,RR,85.11000061035156,85.52999877929688,80.35099792480469,80.58000183105469,56656910,78.29700012207032,97.13115992858386,1.0065249763308612,81.11215321909103,170.5188556915451,0.22709000000000001,-0.308,-0.308,50563619.0,8367596989.0,0.0060427885169984,85.11,0.4244354583630537
2022-11-07,RR,86.3499984741211,86.3499984741211,82.86399841308594,84.38999938964844,33193308,79.58199996948242,100.0,1.3646441972374554,79.74373639050796,164.0376046319203,0.183775,0.321,0.321,32261146.0,8367596989.0,0.0038554851580938,86.35,0.3665070160007096
2022-11-08,RR,88.44000244140625,88.44000244140625,84.23500061035156,85.36000061035156,25569962,81.05699996948242,100.0,1.7491199585031598,82.66970231540137,162.33591410854302,0.22388,34.673,34.673,,,,,0.3322596007103911
2022-11-09,RR,88.62000274658203,89.52999877929688,87.0199966430664,87.54000091552734,22483065,82.47200012207031,95.11804687493604,2.1288458354779736,86.09427556684676,154.60580962575025,-0.1909,,34.673,18400736.0,8367596989.0,0.0021990466347972,88.62,0.331922152542723
2022-11-10,RR,85.95999908447266,90.2699966430664,85.95999908447266,87.73999786376953,40197644,83.43400039672852,75.86786532789108,2.438397843915671,76.16229782181716,123.4139450514114,0.10207999999999999,33.837,33.837,,,,,0.3460622389715794
2022-11-11,RR,89.30999755859375,90.80999755859376,86.87999725341797,87.08000183105469,48070466,84.66600036621094,91.84782338277516,2.735628670434642,79.35388388132024,126.1710644839934,0.0,,33.837,41896165.0,8367596989.0,0.005006953018301,89.31,0.3604735711152815
2022-11-14,RR,91.5999984741211,92.76000213623048,88.97000122070312,89.0,54578240,86.01100006103516,94.26592451991958,3.039856063792751,80.84740181323667,134.49572791085603,0.0,,33.837,48708776.0,8367596989.0,0.0058211187828515,91.6,0.3556052762821993
2022-11-15,RR,91.11000061035156,92.06999969482422,89.30000305175781,91.2300033569336,31866959,86.97200012207031,91.26983390123203,3.3177745904234426,78.94920849650438,115.99347309448054,0.4215,,33.837,27428567.0,8367596989.0,0.003277950292785,91.11,0.3601822017396515
2022-11-16,RR,87.22000122070312,91.48999786376952,86.87999725341797,91.29000091552734,31469186,87.38800048828125,69.2016831493776,3.4950097329390157,67.68531668689762,80.29536766983892,-0.28308,,33.837,29169397.0,8367596989.0,0.0034859944902157,87.22,0.4060394777859361
2022-11-17,RR,86.5999984741211,87.8499984741211,85.88999938964844,87.58999633789062,21661069,88.03199996948243,60.91368764507829,3.581989905953669,65.63618930434708,54.26206910809875,,,33.837,20031910.0,8367596989.0,0.0023939859945852,86.6,0.4094833887588857
2022-11-18,RR,85.48999786376953,86.98999786376953,85.0999984741211,86.54000091552734,25787471,88.06999969482422,49.999973764119495,3.581966877212187,61.96218723951132,37.76731197563538,0.17018,,33.837,26348402.0,8367596989.0,0.0031488612602444,85.49,0.4154624679716871
2022-11-21,RR,84.80999755859375,85.9000015258789,83.41000366210938,85.70999908447266,34885891,87.91599960327149,45.32321817705756,3.50840009955828,55.90860087063911,17.481337825852833,0.13006666666666666,,33.837,24574448.0,8367596989.0,0.0029368584591616,84.81,0.4189978240980094
2022-11-22,RR,85.29000091552734,85.9800033569336,84.02999877929688,85.16000366210938,29820311,87.60099945068359,48.62447902100287,3.3922558366259694,54.14037009220717,16.8531528405182,0.2732,,33.837,22233420.0,8367596989.0,0.0026570854247913,85.29,0.4134063568484231
2022-11-23,RR,88.41000366210938,88.41000366210938,84.80000305175781,85.45999908447266,23250404,87.57999954223632,64.94482232413326,3.297559489329738,65.19336504237896,46.33289935995089,0.0,,33.837,20760924.0,8367596989.0,0.0024811094543979,88.41,0.4275428831926043
2022-11-24,RR,91.0500030517578,91.0500030517578,88.06999969482422,88.73999786376953,24203944,88.08899993896485,82.72030677925724,3.25587426232056,61.956521071431865,95.10672880897596,0.29575,,33.837,21794216.0,8367596989.0,0.0026045967592189,91.05,0.434287640210348
2022-11-25,RR,90.8499984741211,91.6500015258789,90.4800033569336,90.77999877929688,17772475,88.24300003051758,79.57215001268845,3.2389888347287576,59.45377423933713,109.08155799273553,0.0,,33.837,16157926.0,8367596989.0,0.0019310114984315,90.85,0.4153794596576299
2022-11-28,RR,88.62000274658203,91.95999908447266,88.5250015258789,90.3000030517578,28954263,87.94500045776367,55.72192443552671,3.195572012827866,50.37594032885417,75.51756350070596,-0.1080875,,33.837,25573018.0,8367596989.0,0.0030561961855498,88.62,0.425547437258638
2022-11-29,RR,89.12000274658203,90.26000213623048,88.375,88.91000366210938,21040596,87.74600067138672,61.06951889111832,3.138495661481718,51.03050247058941,58.833601693312175,0.0837,9.845,9.845,20843748.0,8367596989.0,0.0024910076366489,89.12,0.4004977026530654
2022-11-30,RR,90.91999816894533,91.9499969482422,90.0,90.43000030517578,54046920,88.11600036621094,80.32080997255865,3.0974144275796207,60.59828795093713,97.82152091834416,0.08608571428571428,9.829,9.829,,,,,0.3445045834857383
2022-12-01,RR,86.93000030517578,91.9499969482422,86.25,91.75,44739800,88.14900054931641,37.647029064326006,2.997794449980417,45.04992270636575,12.900943258146189,0.1331,,9.829,41404617.0,8367596989.0,0.0049482087933286,86.93,0.3720877230970155
2022-12-02,RR,90.25,90.27999877929688,86.58000183105469,87.05999755859375,44499719,88.62500076293945,78.9838276143683,2.9128418419125373,47.30754190156651,29.98704690005412,,,9.829,41022782.0,8367596989.0,0.0049025762179904,90.25,0.3967801032737664
2022-12-05,RR,90.58999633789062,91.06999969482422,88.47000122070312,90.02999877929688,23064037,89.20300064086913,83.97656748448466,2.840321300237812,48.95665266719612,64.32494415401632,,,9.829,18485258.0,8367596989.0,0.0022091477426913,90.59,0.396869680582579
2022-12-06,RR,93.48999786376952,94.5,91.22000122070312,91.56999969482422,57578670,90.02300033569335,90.89267385256343,2.819188747389413,63.10070322420823,166.38282488542393,,,9.829,47672293.0,8367596989.0,0.0056972501260122,93.49,0.3928073700539179
2022-12-07,RR,90.52999877929688,93.66000366210938,90.22000122070312,93.18000030517578,25954512,90.23499984741213,64.20196094078928,2.7777224356898573,57.48001676317885,93.32439049420202,,,9.829,23708063.0,8367596989.0,0.0028333179801998,90.53,0.4131663299902331
2022-12-08,RR,91.38999938964844,92.11000061035156,90.16000366210938,90.4499969482422,19230019,90.26899948120118,71.95670299974958,2.733074866604074,61.33743713885352,76.5988812489514,,,9.829,16945219.0,8367596989.0,0.002025099801326,91.39,0.3917432132518931
2022-12-09,RR,94.0500030517578,94.0500030517578,90.81999969482422,92.0,35958470,90.58899993896485,95.7020353794002,2.724983420768254,66.50000980922154,123.90133344841485,,,9.829,32161338.0,8367596989.0,0.0038435572413775,94.05,0.3947635361771007
2022-12-12,RR,92.83999633789062,94.68000030517578,92.3499984741211,93.9800033569336,20761429,91.0109992980957,81.37647288668416,2.7147130728928346,63.13956585483864,124.72935359461084,,5.378,5.378,29787249.0,8367596989.0,0.0035598331323984,92.84,0.3621441352399527
2022-12-13,RR,90.61000061035156,93.33799743652344,88.81800079345703,93.11000061035156,49918653,91.15999908447266,51.72005281749095,2.6618497604010685,53.9511444641391,47.10480473286869,,,5.378,43887356.0,8367596989.0,0.0052449175142748,90.61,0.3734359137900696
2022-12-14,RR,90.29000091552734,239.6999969482422,89.51000213623047,90.27999877929688,20404346,91.09699935913086,2.6327800559618213,2.573888882766616,48.51096740556007,624.7552263200065,,,5.378,17669950.0,8367596989.0,0.0021117114057033,90.29,0.3698117950237192
2022-12-15,RR,89.12999725341797,91.0,88.83000183105469,89.66000366210938,21483052,91.31699905395509,1.8768310920132345,2.4441669914656545,46.75226303206247,-33.4874200721992,,,5.378,17960952.0,8367596989.0,0.0021464886542231,89.13,0.3721336129850965
2022-12-16,RR,87.33000183105469,90.38700103759766,86.52999877929688,89.37000274658203,43746405,91.02499923706054,0.7038135239709167,2.260781715078938,47.52399013010975,-56.22340943785318,,5.317,5.317,51118402.0,8367596989.0,0.0061090898697917,87.33,0.3573317775230468
2022-12-19,RR,88.83999633789062,89.23999786376953,87.0,87.45999908447266,16057958,90.84999923706054,1.6878438510260878,2.072312929384151,49.48261915576461,-55.77158141106239,,,5.317,14329297.0,8367596989.0,0.0017124745633468,88.84,0.3458259089951181
2022-12-20,RR,88.43000030517578,88.5999984741211,86.44999694824219,87.66000366210938,18056475,90.34399948120117,1.4206584219816458,1.879273276117562,45.14998289552719,-65.56296712628075,,,5.317,16468284.0,8367596989.0,0.001968101955872,88.43,0.3460431888843753
2022-12-21,RR,91.12000274658205,91.13999938964844,88.4000015258789,89.16999816894531,24664422,90.40299987792967,3.047312103321268,1.7321223231509464,58.59664193869936,-35.300459697549215,,,5.317,23060207.0,8367596989.0,0.002755893601271,91.12,0.3516555224597045
2022-12-22,RR,91.0999984741211,93.16000366210938,90.61000061035156,91.58000183105467,21040560,90.37399978637696,3.0342587444560563,1.6171804009999362,52.01708231236921,-17.046661154201473,,,5.317,18858406.0,8367596989.0,0.0022537421466152,91.1,0.3513829366653914
2022-12-23,RR,91.68000030517578,92.5,90.86000061035156,91.04000091552734,8154051,90.13699951171876,3.4127264971834217,1.5340196300743325,52.55749343481989,-16.78332766176293,,,5.317,7033138.0,8367596989.0,0.0008405206428136,91.68,0.3449042469362878
2022-12-28,RR,92.63999938964844,93.52999877929688,92.16000366210938,92.19000244140624,25714119,90.11699981689452,4.039153305974715,1.4869579777345077,47.80588963966181,-3.6329587652945072,,,5.317,23674980.0,8367596989.0,0.0028293642764013,92.64,0.3466446605023983
2022-12-29,RR,92.4499969482422,92.62000274658205,91.0199966430664,91.8499984741211,17748918,90.3009994506836,3.9151712887438825,1.4585691471549742,55.78312488854653,-16.27824791300025,,,5.317,15724512.0,8367596989.0,0.0018792147877904,92.45,0.3036818393878837
2022-12-30,RR,93.1999969482422,93.1999969482422,91.26000213623048,91.75,9029749,90.59199905395508,4.404567699836868,1.4520137067526568,55.48816542039384,-9.991840297394356,,,5.317,8706595.0,8367596989.0,0.0010405131857384,93.2,0.2752231039476608
2023-01-03,RR,98.91000366210938,99.58000183105467,94.5999984741211,94.76000213623048,94742596,91.56999969482422,8.130510090614804,1.547277048614283,62.43602478263653,52.94880057247882,0.25778,-2.47,-2.47,87084184.0,8367596989.0,0.0104073109776295,98.91,0.3471002519463512
2023-01-04,RR,101.4000015258789,101.4000015258789,95.75,97.8000030517578,62168667,92.97699966430665,9.75530478149215,1.7375644731141755,70.55716934068032,64.73450241155072,0.39253333333333335,-2.515,-2.515,,,,,0.3139131727444822
2023-01-05,RR,102.66000366210938,104.26000213623048,101.36000061035156,101.77999877929688,53910901,94.35900039672852,10.57749214607973,1.9935783077394824,80.35264319043117,87.15040709877569,0.26720000000000005,,-2.515,47533322.0,8367596989.0,0.0056806418930652,102.66,0.3145334504326874
2023-01-06,RR,102.9000015258789,104.8249969482422,102.76000213623048,103.23999786376952,29053439,95.80600051879884,89.5238344361182,2.276652772169356,81.89174983618224,81.39903088102996,0.33030000000000004,,-2.515,24859261.0,8367596989.0,0.0029708960688092,102.9,0.3025940713389514
2023-01-09,RR,103.76000213623048,104.26000213623048,100.91999816894533,103.0,31156128,97.07000045776368,94.20410986660288,2.5703809391967463,87.57063165269838,66.30680366735287,0.0020000000000000018,,-2.515,28406592.0,8367596989.0,0.0033948327144989,103.76,0.302335290369235
2023-01-10,RR,101.0199966430664,105.0,100.4800033569336,103.1999969482422,40463064,98.0620002746582,78.54445982661741,2.8058153192870243,83.53745036317169,51.69524566038762,-0.13384000000000001,4.357,4.357,,,,,0.2988633604923236
2023-01-11,RR,102.58000183105467,103.86000061035156,101.4000015258789,101.72000122070312,28401212,99.1520004272461,86.95418991472354,3.0108643748117148,83.57768997395716,49.841151712737336,0.0,,4.357,25156995.0,8367596989.0,0.0030064778493839,102.58,0.2987482284997085
2023-01-12,RR,104.0,104.8000030517578,102.66000366210938,103.5,31432133,100.28800048828126,93.97590306072034,3.2019123597385724,86.25985610416618,54.37895121445149,,,4.357,27379250.0,8367596989.0,0.003272056485989,104.0,0.2906568293527243
2023-01-13,RR,108.76000213623048,109.55999755859376,104.18000030517578,104.3000030517578,54578013,101.91900100708008,95.77838759262973,3.4428149418760348,87.46810015304148,76.6985686747455,0.5691571428571429,,4.357,48123661.0,8367596989.0,0.0057511924944835,108.76,0.3182508921214173
2023-01-16,RR,107.16000366210938,108.66000366210938,106.36000061035156,108.4800033569336,57832776,103.3150016784668,87.16580594570644,3.6689629954278153,81.96654792316306,113.54012316066486,0.22897272727272727,-2.479,-2.479,49843606.0,8367596989.0,0.0059567407543078,107.16,0.312855010608108
2023-01-17,RR,108.54000091552734,109.04000091552734,107.22000122070312,107.3000030517578,61277631,104.2780014038086,94.49840025513616,3.8876628830211777,82.52313247706768,110.64451615464093,0.10709999999999999,,-2.479,59060597.0,8367596989.0,0.0070582506635585,108.54,0.3084447986571645
2023-01-18,RR,108.26000213623048,109.45999908447266,107.87999725341795,108.95999908447266,47629490,104.96400146484376,92.98815880168308,4.076901807899301,80.94293705541193,103.41967848940357,0.09106666666666667,,-2.479,40126143.0,8367596989.0,0.0047954201251266,108.26,0.3023234527299557
2023-01-19,RR,105.08000183105467,109.37999725341795,104.63999938964844,107.77999877929688,44729856,105.20600128173828,75.51914290609965,4.177727823460003,72.3698192836858,74.7938065165442,-0.17,,-2.479,38053757.0,8367596989.0,0.0045477521264498,105.08,0.3303070832331221
2023-01-20,RR,106.5999984741211,107.41000366210938,104.21399688720705,106.05999755859376,26124235,105.5760009765625,80.21390865227451,4.232581645876133,73.10344482857413,66.40875108720289,0.0,,-2.479,23259241.0,8367596989.0,0.0027796798806845,106.6,0.3312317104137987
2023-01-23,RR,108.1999969482422,108.1999969482422,105.76000213623048,107.0,35895182,106.02000045776369,90.15205756133348,4.271625591694298,68.6621002690672,77.75985924445934,0.22160000000000002,,-2.669,34817614.0,8367596989.0,0.0041610051303583,108.2,0.3313688171495465
2023-01-24,RR,111.4000015258789,112.08000183105467,108.55999755859376,109.72000122070312,65665163,107.05800094604491,94.13792763255252,4.340031770295379,69.53124534338824,116.71932374328216,0.0,-2.105,-2.105,65370818.0,8367596989.0,0.0078123764906383,111.4,0.2797352551656412
2023-01-25,RR,111.72000122070312,112.86000061035156,110.90599822998048,111.3000030517578,33908026,107.97200088500976,90.79160224099648,4.418469260579539,68.36982200557138,126.57747206256838,0.19733333333333333,,-2.105,30734999.0,8367596989.0,0.0036730974305292,111.72,0.2706301053940719
2023-01-26,RR,113.4800033569336,115.0,111.72000122070312,113.0,41667877,108.92000122070311,89.5317011399432,4.517091580788134,70.20626169689572,137.38936732983603,0.05667777777777778,-2.172,-2.172,39100757.0,8367596989.0,0.0046728776554848,113.48,0.2720957442813349
2023-01-27,RR,110.1999969482422,112.5,108.3000030517578,112.1999969482422,75400627,109.06400070190428,66.94212009993879,4.560569464353524,61.25872678270988,84.81544875490134,0.151225,,-2.172,63920945.0,8367596989.0,0.0076391041638394,110.2,0.2977822792069819
2023-01-30,RR,109.12000274658205,109.73999786376952,107.1999969482422,109.54000091552734,49218448,109.26000061035155,56.76472122694141,4.539579563816668,65.03341753797704,51.89571025035591,0.0,,-2.172,38486593.0,8367596989.0,0.0045994797611063,109.12,0.3008934150980526
2023-01-31,RR,105.73999786376952,108.61799621582033,105.41999816894533,108.4000015258789,56822682,108.98000030517578,24.95944178040692,4.415010206506535,55.493734002081375,1.6836525384073673,0.22811818181818183,,-2.172,51865407.0,8367596989.0,0.0061983634092538,105.74,0.3071248981763058
2023-02-01,RR,105.18000030517578,106.33999633789062,103.1999969482422,105.41999816894533,41208392,108.67200012207032,16.779685125917304,4.21305224860112,52.11469577175697,-48.05524670999146,0.14049999999999999,-2.381,-2.381,36841677.0,8367596989.0,0.0044028981138111,105.18,0.3082614878541126
2023-02-02,RR,108.73999786376952,108.9000015258789,105.44000244140624,105.5,25445750,109.0379997253418,46.949148158924125,4.020370868541122,49.96253881133448,18.031644242646973,,-1.701,-1.701,,,,,0.3043101549809118
2023-02-03,RR,109.08000183105467,109.44000244140624,107.26000213623048,108.73999786376952,26628126,109.28600006103515,49.83053696699318,3.8398658703644863,53.77358094474928,38.07624629716178,,,-1.701,22689960.0,8367596989.0,0.0027116458918645,109.08,0.2794991283508887
2023-02-06,RR,108.08000183105467,108.66799926757812,106.23999786376952,108.44000244140624,26303954,109.2740005493164,41.35596288753111,3.6517489157334313,49.08220473016274,4.494756000427474,,,-1.701,18319350.0,8367596989.0,0.0021893203059471,108.08,0.2815143091100512
2023-02-07,RR,107.95999908447266,109.27999877929688,107.13999938964844,108.05999755859376,60727166,108.93000030517578,40.33899072188278,3.4584846876886783,49.3975844549152,11.222990130704453,,,-1.701,56847651.0,8367596989.0,0.0067937845327316,107.96,0.27628376346064
2023-02-08,RR,109.22000122070312,110.5999984741211,107.9000015258789,109.0199966430664,20061123,108.68000030517578,51.01697216564833,3.284345490577687,59.00782726368476,44.75331969494393,,,-1.701,15587703.0,8367596989.0,0.0018628649324879,109.22,0.2755998809438675
2023-02-09,RR,108.72000122070312,110.4000015258789,108.63999938964844,109.37999725341795,20437688,108.20400009155271,46.7796851259173,3.1158592611014724,54.82696120649971,37.484902360465966,,-1.922,-1.922,17207020.0,8367596989.0,0.0020563872785245,108.72,0.2527319585467098
2023-02-10,RR,107.4800033569336,109.0,106.12999725341795,108.81999969482422,22069170,107.93200073242188,36.2712313710277,2.932863413551251,48.33334922789517,-40.41607012700148,,,-1.922,18061263.0,8367596989.0,0.0021584766837771,107.48,0.2522533694729428
2023-02-13,RR,109.45999908447266,110.45999908447266,107.12000274658205,108.05999755859376,19855592,107.96600036621092,53.05085184107588,2.7752712496535064,45.2404269465059,23.239615020523107,,,-1.922,18189564.0,8367596989.0,0.002173809759709,109.46,0.2600930511536232
2023-02-14,RR,108.36000061035156,109.24099731445312,106.4800033569336,109.0,24583021,108.22800064086914,43.72883328484143,2.617987626395256,42.06049142522546,-21.45983390088676,,,-1.922,21599147.0,8367596989.0,0.0025812843314985,108.36,0.2579702406567684
2023-02-15,RR,112.0,112.23999786376952,108.44000244140624,108.68000030517578,42282405,108.91000061035156,94.62365767820371,2.5212495988337458,46.78818728705827,96.16801704143066,,-2.123,-2.123,34139337.0,8367596989.0,0.0040799451795873,112.0,0.2643520736225367
2023-02-16,RR,113.8000030517578,114.81999969482422,112.54000091552734,113.0,33897663,109.4160011291504,91.22206194515373,2.4905031045234933,58.348809163201125,180.27258235419316,,,-2.123,28156870.0,8367596989.0,0.0033649887819663,113.8,0.2700792068078041
2023-02-17,RR,112.45999908447266,112.87999725341795,110.9800033569336,112.83999633789062,22917027,109.7540008544922,79.69018887671308,2.475675265797772,57.653517911938216,104.6945976018772,,,-2.123,17463966.0,8367596989.0,0.0020870945413549,112.46,0.2738993241044138
2023-02-20,RR,111.8000030517578,113.91999816894533,111.08000183105467,113.0,16060412,110.1260009765625,74.01036205473596,2.455429815862104,65.86388919402032,96.07025477210668,,,-2.123,12021437.0,8367596989.0,0.0014366653910081,111.8,0.2686004492816572
2023-02-21,RR,109.9800033569336,111.81700134277344,109.89800262451172,111.36000061035156,20426555,110.3280014038086,48.40087681127003,2.3982165587153874,61.7878263945566,36.71110978834096,,-2.336,-2.336,16826768.0,8367596989.0,0.0020109438853377,109.98,0.2543210881953284
2023-02-22,RR,107.62000274658205,109.85700225830078,106.69000244140624,109.27999877929688,35690897,110.16800155639648,17.14620338959242,2.2777133576374107,47.07725755970916,-47.46592647339386,,,-2.336,29187579.0,8367596989.0,0.0034881673960122,107.62,0.237757869163043
2023-02-23,RR,133.10000610351562,134.67999267578125,118.0,124.0,271613075,112.60600204467774,94.46589553206016,2.5251854253562334,77.11061243539557,443.2449648656819,,3.209,3.209,240857818.0,8367596989.0,0.0287845863414108,133.1,0.868578051173282
2023-02-24,RR,136.0399932861328,142.3800048828125,129.82000732421875,131.5,146380643,115.46200103759766,82.51031651773039,3.031474738008506,80.23356115924582,359.027626907276,,2.932,2.932,135286124.0,8367596989.0,0.0161678584876693,136.04,0.8677014141450442
2023-02-27,RR,145.0,145.0,139.1199951171875,140.83999633789062,85825516,119.0160011291504,100.0,3.8094874932243306,83.62382426904007,289.1237211708775,,1.85,1.85,76762127.0,8367596989.0,0.0091737361515989,145.0,0.8845968327418564
2023-02-28,RR,144.94000244140625,147.55999755859375,143.0,144.5800018310547,62199372,122.67400131225584,93.67609196744276,4.707386705264385,83.14774322522945,216.58598032394613,,16.922,16.922,,,,,0.882547907296201
2023-03-01,RR,148.4199981689453,149.3800048828125,143.8000030517578,145.0800018310547,79963396,126.3160011291504,97.78033168897124,5.678151278301023,84.91031232489689,175.2085470924725,,,16.922,64352642.0,8367596989.0,0.0076906956781735,148.42,0.8805619855548048
2023-03-02,RR,148.16000366210938,148.16000366210938,145.24000549316406,146.67999267578125,64863713,129.75200119018555,97.1561744118653,6.626607649099631,86.39943934581608,141.16126505479335,,,16.922,55440654.0,8367596989.0,0.0066256362576832,148.16,0.882992278238102
2023-03-03,RR,149.63999938964844,150.0,148.0,149.16000366210938,43048400,133.47000122070312,99.17279265137785,7.519871108900743,86.27664623389792,126.04134446339948,,,16.922,35437128.0,8367596989.0,0.0042350423958736,149.64,0.8812024656009055
2023-03-06,RR,152.77999877929688,155.05999755859375,149.7220001220703,150.0,35345094,137.56800079345703,95.28633655270576,8.36467192373069,88.6799123908207,119.96810336745732,,13.941,13.941,32028068.0,8367596989.0,0.0038276303270943,152.78,0.8775024464435014
2023-03-07,RR,153.17999267578125,154.89999389648438,150.66000366210938,151.10000610351562,42631905,141.8879997253418,96.1132828765896,9.122128326580016,88.0029622002631,106.21549477541755,,8.119,8.119,37020722.0,8367596989.0,0.0044242955353451,153.18,0.8725746789700216
2023-03-08,RR,156.86000061035156,158.8000030517578,154.27999877929688,156.02000427246094,59788604,146.81199951171874,96.27710148016988,9.823053029498183,88.40529000554444,106.95381622304484,,5.919,5.919,,,,,0.8689603152359703
2023-03-09,RR,158.0399932861328,160.0,155.02000427246094,156.02000427246094,67071119,149.30599822998047,96.32337872138729,10.448238496069422,90.76924672724054,99.08909350507274,,,5.919,62856088.0,8367596989.0,0.0075118445693106,158.04,0.8670810547700382
2023-03-10,RR,150.10000610351562,154.89999389648438,148.6999969482422,154.89999389648438,69984192,150.71199951171874,81.42938595034983,10.842687314205484,80.31024532418546,68.90560253402332,,4.609,4.609,66130752.0,8367596989.0,0.0079031951570964,150.1,0.9004553417882081
2023-03-13,RR,145.0,152.82000732421875,142.10000610351562,151.0,74404187,150.71199951171874,71.86268863825534,10.96575691598686,76.34668462701529,47.19111187033618,,4.621,4.621,65024270.0,8367596989.0,0.0077709610161054,145.0,0.9178391420974668
2023-03-14,RR,155.1999969482422,156.8000030517578,145.86000061035156,146.97999572753906,68289345,151.73799896240234,88.57142130533855,11.05002158644789,82.01885375224171,65.66226684632797,,2.857,2.857,62873757.0,8367596989.0,0.0075139561671831,155.2,0.9338701045121448
2023-03-15,RR,144.13999938964844,157.4600067138672,143.97900390625,154.13999938964844,58378120,151.30999908447265,47.4486267086511,10.903905748577746,59.21843756314833,44.475289909456,,-0.195,-0.195,49925715.0,8367596989.0,0.0059665534878928,144.14,0.9782493515616744
2023-03-16,RR,146.3000030517578,151.5,142.5399932861328,148.5800018310547,42686642,151.1239990234375,34.38700313945127,10.630660895017863,58.68021489341047,32.51497335866111,,,-0.195,35406683.0,8367596989.0,0.0042314039558245,146.3,0.976594764167028
2023-03-17,RR,140.3000030517578,149.3990020751953,138.86399841308594,147.97999572753906,69283833,150.18999938964845,6.794116818958553,10.172102061793437,45.81403673472605,6.26118334062288,,,-0.195,61821148.0,8367596989.0,0.0073881603142777,140.3,0.9889315093389288
2023-03-20,RR,140.97999572753906,142.47000122070312,132.25999450683594,137.44000244140625,60056903,149.00999908447267,31.43474943742165,9.609095035805682,46.51161977955391,-32.16925090641337,,,-0.195,50152169.0,8367596989.0,0.0059936166937688,140.98,0.5400059055854042
2023-03-21,RR,150.0,150.5,142.3000030517578,142.3000030517578,68978169,148.69199981689454,63.95098046226311,9.132143493485671,51.26805981349981,24.294428650261946,,,-0.195,63021367.0,8367596989.0,0.0075315968351305,150.0,0.578318188156801
2023-03-22,RR,149.22000122070312,149.96099853515625,147.3000030517578,148.86000061035156,31301883,147.9279998779297,61.13916133883471,8.70087402189712,50.84367872488748,25.32163824334816,,1.382,1.382,27173544.0,8367596989.0,0.003247472845038,149.22,0.5332154919352747
2023-03-23,RR,147.33999633789062,149.1479949951172,145.32000732421875,149.13999938964844,37993374,146.85800018310547,54.361928063679855,8.271019613775467,48.180952576339216,-11.321198309441437,,,1.382,19390109.0,8367596989.0,0.002317285240373,147.34,0.535709673806854
2023-03-24,RR,143.5399932861328,146.1999969482422,141.5679931640625,145.3800048828125,33784507,146.20199890136718,40.66328963805213,7.7851076623241635,42.76768394332272,-85.64743855062905,,,1.382,28336506.0,8367596989.0,0.0033864568330968,143.54,0.5369516611694997
2023-03-27,RR,144.33999633789062,145.97999572753906,143.1199951171875,145.55999755859375,15552609,146.13599853515626,43.54722220235879,7.284551982480171,43.12383594759979,-74.98292294917786,,,1.382,13899636.0,8367596989.0,0.0016611263685706,144.34,0.5374679107591099
2023-03-28,RR,145.33999633789062,146.05999755859375,143.02200317382812,145.0399932861328,64632483,145.1499984741211,47.15212415613247,6.800409301715243,40.64934579170709,-68.03594927617823,,,1.382,61396498.0,8367596989.0,0.007337410977215,145.34,0.5367652497431242
2023-03-29,RR,148.0,148.5,144.55999755859375,145.0800018310547,16243249,145.53599853515624,62.46030900243898,6.378872826619575,42.04185716970758,-25.51654466927168,,2.287,2.287,,,,,0.5305434695360187
2023-03-30,RR,150.1999969482422,150.94000244140625,149.0570068359375,149.3800048828125,26539153,145.92599792480468,71.1904513935143,6.039235271859682,50.08719116193234,29.58544994249095,,,2.287,24372826.0,8367596989.0,0.0029127628914299,150.2,0.5304859871835628
2023-03-31,RR,149.02000427246094,152.8000030517578,148.66000366210938,150.22000122070312,34987243,146.797998046875,66.50794304356988,5.736144002796625,53.76263984486421,30.051336949467903,,,2.287,30933035.0,8367596989.0,0.0036967644403362,149.02,0.5308973325499842
2023-04-03,RR,149.64999389648438,151.89999389648438,147.5500030517578,148.0,129721315,147.66499786376954,69.00790065806524,5.468825066771624,43.6716029526546,25.106779098059683,,,2.287,125163055.0,8367596989.0,0.0149580644436555,149.65,0.5302394555215338
2023-04-04,RR,145.5,151.10000610351562,144.8000030517578,151.10000610351562,57266350,147.21499786376953,64.45959096953443,5.159265549030108,51.84082442101054,-20.29671444402176,,,2.287,49704745.0,8367596989.0,0.0059401456673094,145.5,0.5087732345615349
2023-04-05,RR,143.75,147.5050048828125,142.5760040283203,146.35000610351562,25273084,146.66799774169922,55.93963346234706,4.799778836729011,46.50971228836409,-67.39216675929391,,,2.287,21522948.0,8367596989.0,0.0025721778938796,143.75,0.4957417218037809
2023-04-06,RR,147.9499969482422,147.9499969482422,143.0,143.75,22848998,146.72899780273437,76.38751662196998,4.483912445066108,61.01353037524429,-18.218729559326047,,,2.287,18976081.0,8367596989.0,0.0022678053239114,147.95,0.4363030074347502
2023-04-11,RR,147.14999389648438,150.0500030517578,145.35000610351562,149.75,69225982,147.08999786376953,49.69725621891561,4.188961338591534,58.85222351482905,22.78308591534139,,,2.287,65612186.0,8367596989.0,0.0078412220481284,147.15,0.4363918898043279
2023-04-12,RR,147.60000610351562,148.3419952392578,145.6999969482422,147.5,21108303,147.41599884033204,53.70377162916502,3.920213543766717,45.43380135471112,12.72116747648935,,,2.287,18017925.0,8367596989.0,0.0021532974190423,147.6,0.3522410041210815
2023-04-13,RR,149.14999389648438,150.8000030517578,146.75,146.75,26045530,147.7969985961914,67.50350835007696,3.697771870860233,49.87059638482176,73.39314622494834,,,2.287,22878275.0,8367596989.0,0.0027341511583404,149.15,0.3503045607649374
2023-04-14,RR,149.75,151.3419952392578,147.0500030517578,149.89999389648438,119506746,147.9719985961914,72.84543832979442,3.5171595150093395,54.67598892034992,86.16375413183734,,,2.287,114754598.0,8367596989.0,0.0137141640725354,149.75,0.3128079464334543
2023-04-17,RR,151.0,151.4499969482422,148.39999389648438,149.5500030517578,34531390,148.0519989013672,82.39433466658707,3.38415966482192,66.06376232548817,103.12150724262312,,2.429,2.429,,,,,0.2174172495494408
2023-04-18,RR,155.85000610351562,155.85000610351562,151.52499389648438,152.0,32623298,148.73499908447266,100.0,3.357640313031201,71.10380345194571,204.59451967250948,,,2.429,27627487.0,8367596989.0,0.0033017229482154,155.85,0.2447648014155813
2023-04-19,RR,155.35000610351562,156.35299682617188,153.60000610351562,155.10000610351562,40799859,149.30500030517578,92.7198138420116,3.383621113576092,68.69632774319169,201.16007164109635,,,2.429,18490889.0,8367596989.0,0.0022098206957514,155.35,0.2440859097021575
2023-04-20,RR,155.0,155.64999389648438,153.35000610351562,155.0500030517578,52655610,150.25500030517577,90.17930221765909,3.427849936096085,64.30908104129108,157.9583165267591,,,2.429,49529862.0,8367596989.0,0.0059192456406674,155.0,0.2385062731529301
2023-04-21,RR,154.35000610351562,155.3000030517578,152.3000030517578,154.0,19659036,151.31500091552735,85.46133577881666,3.4630146809265145,59.05720483619272,121.35127696252404,,,2.429,18047247.0,8367596989.0,0.002156801650907,154.35,0.2155738802434046
2023-04-24,RR,153.60000610351562,155.5,152.75,153.64999389648438,25554706,151.8800018310547,80.01747723142047,3.4707961205110065,60.186838748914816,106.2587679778546,,,2.429,22514293.0,8367596989.0,0.0026906521704615,153.6,0.2175585375018271
2023-04-25,RR,152.89999389648438,154.60000610351562,150.6999969482422,152.5,26353245,152.4550018310547,74.93645398271548,3.4419273865962303,57.20620257430112,71.94007645968145,,,2.429,16451083.0,8367596989.0,0.0019660462880354,152.9,0.2187665769166908
2023-04-26,RR,151.9499969482422,153.5970001220703,150.0,153.0,18974344,152.89000091552734,68.04092197379744,3.368598885487037,66.66664038109869,45.4022900733983,,,2.429,15871421.0,8367596989.0,0.0018967716801925,151.95,0.2208583574934479
2023-04-27,RR,152.0,153.64999389648438,150.4499969482422,151.25,13067488,153.1750015258789,67.40060015861008,3.2643679160561634,73.37107248822525,43.28160512307571,,,2.429,12027854.0,8367596989.0,0.0014374322778465,152.0,0.2126687004208247
2023-04-28,RR,152.14999389648438,153.5,149.8000030517578,152.4499969482422,20066564,153.41500091552734,61.80126807675026,3.141184748033343,65.4411409965993,32.40652119473011,,,2.429,16071872.0,8367596989.0,0.0019207273033259,152.15,0.2066516023700996
2023-05-02,RR,150.5,154.6999969482422,149.85000610351562,152.35000610351562,53793229,153.36500091552733,45.05775938008036,2.979096089932605,61.59170682875112,26.448059717798323,0.0,5.786,5.786,51945346.0,8367596989.0,0.0062079168091253,150.5,0.2081185151399541
2023-05-03,RR,151.89999389648438,153.5500030517578,150.58999633789062,150.8000030517578,33091647,152.96999969482422,53.62902841380362,2.816665302032096,63.96100486101616,32.24156217225357,0.37695,,5.786,30201243.0,8367596989.0,0.0036093089855668,151.9,0.181642019151248
2023-05-04,RR,149.1999969482422,152.89999389648438,148.1999969482422,150.64999389648438,32226187,152.35499877929686,23.110774322965614,2.613038339743091,50.15106659376869,-17.797023307707214,0.10115,,5.786,22994484.0,8367596989.0,0.0027480391359942,149.2,0.1886307069737277
2023-05-05,RR,151.14999389648438,152.5,148.9250030517578,150.4499969482422,28065592,151.96999816894532,36.18296323329871,2.419420294773197,53.91059880964355,-3.16116569004526,0.34255,,5.786,26960552.0,8367596989.0,0.0032220184642546,151.15,0.1648579723593438
2023-05-09,RR,151.64999389648438,153.0,149.7740020751953,150.89999389648438,24779770,151.6999969482422,42.31567521031601,2.244688282856959,51.89502661169348,5.391418682105239,,,5.786,19178566.0,8367596989.0,0.0022920040275854,151.65,0.1631744601621448
2023-05-10,RR,156.3000030517578,156.3179931640625,152.31500244140625,152.5,76845873,151.9699966430664,99.35000888988704,2.1600254929757883,51.32742486507898,117.59833507162588,0.13206666666666667,,5.786,71796517.0,8367596989.0,0.0085803029345681,156.3,0.1932005018009748
2023-05-11,RR,145.89999389648438,156.3000030517578,145.3000030517578,153.0,87960931,151.2699966430664,5.44555620953502,1.9654053028599072,32.40221590528073,-101.91896301500262,0.04282380952380952,,5.786,75250724.0,8367596989.0,0.0089931104591825,145.9,0.3108885938164326
2023-05-12,RR,148.3000030517578,150.0500030517578,145.9499969482422,145.9499969482422,32974448,150.90499725341795,27.228196516982308,1.7458794445780377,38.4083134502751,-147.98921823540744,-0.10222,,5.786,23762009.0,8367596989.0,0.002839764992415,148.3,0.3165834510984274
2023-05-15,RR,145.10000610351562,149.0,144.75,148.4499969482422,61153300,150.21499786376953,3.0256423785152746,1.4672178094587085,35.294123355011,-198.2717142980791,0.05038571428571429,6.255,6.255,,,,,0.3234958804168387
2023-05-16,RR,148.14999389648438,151.0,146.9499969482422,147.14999389648438,92843396,149.81499786376952,29.391389225980056,1.2114156061770236,41.92590784143518,-107.09149819822495,0.0,,6.255,82263060.0,8367596989.0,0.0098311450836055,148.15,0.3101907823879981
2023-05-17,RR,152.85000610351562,152.85000610351562,148.35000610351562,148.6999969482422,53254675,150.04999847412108,70.02084102780563,1.0555757146306546,49.9337910026904,-15.153035572179876,-0.4957599999999999,,6.255,40262146.0,8367596989.0,0.0048116736564784,152.85,0.3328571318045934
2023-05-18,RR,155.5500030517578,156.0500030517578,153.63099670410156,155.0,28572024,150.41499938964844,93.3610774019944,1.0112306519295131,54.55696975128561,118.58064184483626,0.0772,,6.255,23619414.0,8367596989.0,0.0028227236602157,155.55,0.3389954325759567
2023-05-19,RR,156.0,157.3000030517578,155.0,155.5500030517578,23113988,151.09499969482422,89.64141246502942,1.043967668682118,55.01253209508942,149.85795444365328,,,6.255,19299922.0,8367596989.0,0.0023065071161256,156.0,0.3386555203490936
2023-05-22,RR,157.3000030517578,158.5500030517578,156.3000030517578,157.14999389648438,19587675,151.71000061035156,90.94203098860346,1.1416634869346438,56.272848687465455,176.38390103528172,0.3119125,,6.255,16020420.0,8367596989.0,0.0019145783456182,157.3,0.3389938139055483
2023-05-23,RR,153.1999969482422,158.10000610351562,153.02499389648438,157.5,22848782,151.86500091552733,61.23184840285848,1.2069375624660927,53.10344367947855,88.0087178858719,-0.12086666666666668,6.362,6.362,,,,,0.3515077144265959
2023-05-24,RR,146.85000610351562,150.6280059814453,146.0,150.3000030517578,33835348,150.9200012207031,15.217432167510507,1.14440729278712,44.78845560307632,-119.98694391237385,0.07766666666666665,,6.362,24287867.0,8367596989.0,0.0029026095582672,146.85,0.3819716976018349
2023-05-25,RR,148.8000030517578,150.968994140625,145.9499969482422,147.39999389648438,31882569,151.21000213623046,29.34784171110696,1.033552402286857,49.5807192933743,-86.40316653699183,-0.34,,6.362,27793562.0,8367596989.0,0.0033215703428997,148.8,0.3854841585354175
2023-05-26,RR,149.0500030517578,150.3000030517578,147.39999389648438,149.4499969482422,48710387,151.28500213623047,31.159435513386267,0.8998527011959755,47.71740201289898,-68.65383213947423,,,6.362,73468211.0,8367596989.0,0.0087800847837892,149.05,0.3855780958419209
2023-05-30,RR,144.39999389648438,149.85000610351562,143.4499969482422,149.85000610351562,23234851,151.21500091552736,6.291367975149405,0.6826039480812996,42.77168846405682,-131.5730719917681,-0.15280000000000002,,6.362,20432766.0,8367596989.0,0.0024418917434552,144.4,0.3991786695941899
2023-05-31,RR,143.3000030517578,146.64999389648438,142.4810028076172,143.4499969482422,53809893,150.7300018310547,5.096771620494959,0.4052713024399556,36.05150397285115,-150.07605709093212,0.207475,,6.362,51542540.0,8367596989.0,0.0061597780184391,143.3,0.3974737814294921
2023-06-01,RR,146.39999389648438,146.39999389648438,143.55599975585938,143.85000610351562,15491830,150.08500061035156,24.388518447475924,0.1533523206517478,50.63613251311168,-106.26234817202813,-0.3612,,6.362,13793230.0,8367596989.0,0.001648409933955,146.4,0.40211575139468
2023-06-02,RR,150.0,150.0,146.1999969482422,146.6999969482422,52556256,149.53000030517578,46.791941490725456,-0.0123453858209081,52.09876245522675,-32.002045572925944,,,6.362,47615792.0,8367596989.0,0.0056904977692634,150.0,0.409338360742382
2023-06-05,RR,147.3000030517578,151.35000610351562,146.39999389648438,150.5500030517578,38119289,148.66000061035157,29.989421687250378,-0.1583638564900871,52.74999723434343,-37.616083275248535,-0.2043,,6.362,36504368.0,8367596989.0,0.0043625867794527,147.3,0.4139743756919777
2023-06-06,RR,148.0500030517578,148.75999450683594,146.10000610351562,146.3000030517578,19999152,147.73500061035156,34.65679357476702,-0.2720664786627735,49.86738613684261,-48.84885483259126,-0.03443333333333334,,6.362,11036976.0,8367596989.0,0.0013190138117919,148.05,0.3975566838581544
2023-06-07,RR,150.14999389648438,150.14999389648438,147.3260040283203,147.89999389648438,21022758,147.43000030517578,47.72537788505913,-0.3254294517454194,46.15382608967827,-13.564724452018844,0.0,,6.362,45937332.0,8367596989.0,0.0054899073246941,150.15,0.3206644212714228
2023-06-08,RR,149.4499969482422,150.0500030517578,146.75,149.39999389648438,11900744,147.68999938964845,43.36918311496176,-0.3486016494555016,40.78548247312423,-18.98806426563294,0.0,7.383,7.383,,,,,0.3054985074075382
2023-06-09,RR,149.25,150.4720001220703,147.9499969482422,149.1999969482422,22006261,147.73499908447266,42.12456960320882,-0.3540324299882615,39.72601976165615,-7.393019978001994,,,7.383,17941353.0,8367596989.0,0.0021441464047068,149.25,0.3056315708940109
2023-06-12,RR,150.14999389648438,151.3699951171875,148.0500030517578,148.0500030517578,12403862,147.84499816894532,49.10038716030664,-0.3328927549508901,38.9830253437228,6.071093647463333,0.5574,,7.383,10709932.0,8367596989.0,0.001279929233456,150.15,0.2975151219892352
2023-06-13,RR,150.89999389648438,151.9499969482422,149.10000610351562,151.0,41099095,148.4949981689453,88.91114477246359,-0.2834828679229187,46.048099334327866,20.715238297080244,0.27854999999999996,5.9,5.9,,,,,0.2665326288859878
2023-06-14,RR,150.75,151.6199951171875,150.0,150.39999389648438,15491416,149.23999786376953,87.32709165914657,-0.2206908578446801,58.51528413376582,21.44826687834688,0.3065428571428571,,5.9,11857136.0,8367596989.0,0.0014170300046222,150.75,0.2660626515878205
2023-06-15,RR,150.0500030517578,151.02000427246094,149.10000610351562,150.35000610351562,14763957,149.60499877929686,79.93457522237979,-0.1634678965933972,52.88684091082086,4.831135847461796,0.0,,5.9,13533871.0,8367596989.0,0.0016174142968156,150.05,0.2636291105636327
2023-06-16,RR,151.1999969482422,151.39999389648438,149.052001953125,150.3000030517578,43000976,149.7249984741211,92.07941214387006,-0.0940151720696531,54.7671795343726,26.271964960329957,,,5.9,40575236.0,8367596989.0,0.004849090611479,151.2,0.2500084955422818
2023-06-19,RR,153.8000030517578,154.60000610351562,150.75,151.0,27121565,150.3749984741211,93.3987718938193,0.0211579630126325,72.9269027938533,112.0045197772662,0.05386666666666665,,5.9,13503196.0,8367596989.0,0.001613748369783,153.8,0.2578280069440403
2023-06-20,RR,157.0,158.39999389648438,152.9499969482422,153.9499969482422,28564158,151.2699981689453,90.56861729247876,0.2099560587134694,80.30978096847569,218.35100616610424,0.142425,,5.9,24664556.0,8367596989.0,0.0029476271422277,157.0,0.2152402931673786
2023-06-21,RR,157.5500030517578,159.64999389648438,155.5,155.6999969482422,22535134,152.00999908447267,84.50189862299158,0.4433001903631888,77.80554720527856,241.33508252463903,0.47302857142857146,,5.9,18986591.0,8367596989.0,0.0022690613595467,157.55,0.2120844273610353
2023-06-22,RR,156.0500030517578,157.75,154.14999389648438,156.25,21248412,152.6699996948242,73.43177794894663,0.6673906346456986,66.85240770540537,160.46395692592998,0.13456666666666667,,5.9,13800062.0,8367596989.0,0.0016492264168723,156.05,0.2166488653889435
2023-06-23,RR,154.64999389648438,155.6999969482422,152.39999389648438,155.35000610351562,19918085,153.20999908447266,63.09959775318352,0.8500764089201367,72.07207289769816,98.96473162833048,0.5106,,5.9,15495898.0,8367596989.0,0.0018518934432873,154.65,0.1826500397390593
2023-06-26,RR,154.8000030517578,156.0,152.60000610351562,154.10000610351562,22938015,153.675,62.40315395770593,0.9976896603853777,71.02805337633052,91.62835500620278,,,5.9,19098290.0,8367596989.0,0.0022824103533077,154.8,0.1782085007566579
2023-06-27,RR,155.4499969482422,155.85000610351562,153.48300170898438,155.5,9434531,154.13000030517577,67.44186871757506,1.1236783399048034,68.15070676455987,89.19812203721318,0.0129,,5.9,8087545.0,8367596989.0,0.0009665313722245,155.45,0.1655280515390207
2023-06-28,RR,155.8000030517578,156.6999969482422,154.8000030517578,155.75,28998640,154.63500061035157,67.09408676123641,1.2325316746280095,72.28072317023026,94.62081908918016,-0.128,,5.9,26835276.0,8416696989.0,0.0031883381372849,155.8,0.1446588890390255
2023-06-29,RR,148.6999969482422,155.41200256347656,148.4499969482422,155.25,33796759,154.5,5.603400081818744,1.208852995865558,48.69975694166384,-23.96530423825645,-0.1464375,6.173,6.173,25693365.0,8416696989.0,0.0030526660320051,148.7,0.2123354463921277
2023-06-30,RR,151.0500030517578,151.9499969482422,146.0,148.4499969482422,22660318,154.48500061035156,36.99637589624466,1.1380848484574662,51.991168815385706,-54.7213575506581,0.0,6.65,6.65,20710240.0,8416696989.0,0.0024606137095189,151.05,0.2131432891237084
2023-07-03,RR,153.60000610351562,153.60000610351562,150.85000610351562,151.64999389648438,16448905,154.46500091552736,55.67772528801676,1.079601601395091,55.53280636365911,14.952324679989935,0.148,,6.65,13498391.0,8416696989.0,0.0016037634499188,153.6,0.2199850809758306
2023-07-04,RR,152.25,153.9499969482422,150.7259979248047,153.9499969482422,12380099,153.99000091552733,45.7875662611814,1.0078848909743163,52.92968330905441,-0.7760104953356846,0.19037500000000002,,6.65,10035543.0,8416696989.0,0.0011923374469956,152.25,0.2229525839320384
2023-07-05,RR,151.0,152.10000610351562,149.63299560546875,151.39999389648438,13482811,153.33500061035156,36.63005300894512,0.9093930170780872,51.81643500378406,-43.74775590336237,0.119675,6.166,6.166,,,,,0.224356365464637
2023-07-06,RR,145.1999969482422,150.3000030517578,145.1999969482422,150.3000030517578,23789396,152.25,0.0,0.7046737443544595,40.259755701229416,-151.75116421058945,-0.296,,6.166,19204778.0,8416696989.0,0.0022817475816343,145.2,0.2622200549914343
2023-07-07,RR,148.5,149.4010009765625,145.10000610351562,145.39999389648438,13483050,151.63500061035157,23.36767525074773,0.4951484459056082,41.58730896871565,-124.18781653932548,0.03253333333333333,5.723,5.723,,,,,0.2622200549914343
2023-07-10,RR,147.89999389648438,148.4499969482422,146.39199829101562,146.60000610351562,10336440,150.94499969482422,19.24391850226732,0.2828931955920853,34.256074728853406,-117.98763662792447,0.0,,5.723,8154704.0,8416696989.0,0.0009688722322613,147.9,0.2762088861767221
2023-07-11,RR,145.64999389648438,148.63499450683594,145.35000610351562,148.35000610351562,22573298,149.96499938964843,4.347731686428718,0.0435114285807437,30.55557356244748,-129.19092372012236,0.21134444444444445,3.115,3.115,,,,,0.2701541515614686
2023-07-12,RR,148.4499969482422,149.4600067138672,145.4759979248047,146.4499969482422,16723380,149.22999877929686,28.87925421294183,-0.1557506837682916,38.08778524080624,-90.72805853718845,0.3818,,3.115,12242910.0,8416696989.0,0.0014545979279045,148.45,0.2683903779790344
2023-07-13,RR,149.3000030517578,149.75,146.64999389648438,148.0,22605048,149.28999938964844,36.20689881967912,-0.3055045863747939,41.46733334728606,-69.70766719138317,0.26330000000000003,4.316,4.316,18458228.0,8416696989.0,0.002193048891284,149.3,0.2691819363119799
2023-07-14,RR,145.89999389648438,148.89999389648438,145.89999389648438,148.25,61482172,148.7749984741211,6.896451934118811,-0.4699262087793435,37.13873437795611,-96.76369562468156,0.06754545454545455,5.533,5.533,58066966.0,8416696989.0,0.006899020610566,145.9,0.2770670157075118
2023-07-17,RR,146.14999389648438,146.84300231933594,143.75,145.0,25049411,148.02999725341795,18.532775768801603,-0.6298623597773502,36.403527362040926,-110.19487775837976,,,5.533,11663721.0,8416696989.0,0.0013857836411651,146.15,0.2772123580642435
2023-07-18,RR,146.39999389648438,147.2740020751953,145.10000610351562,146.1999969482422,13633711,147.44499664306642,22.723317732614053,-0.773178799163891,36.21701634298842,-88.561618019481,0.4754,,5.533,11490460.0,8416696989.0,0.0013651982499806,146.4,0.2765280075434767
2023-07-19,RR,150.9499969482422,151.8800048828125,147.5500030517578,148.0,34383588,147.43999633789062,70.588226494352,-0.8242105685549609,53.56576310270914,-3.61296339552713,,,5.533,30336422.0,8416696989.0,0.0036043143812409,150.95,0.3013946265873508
2023-07-20,RR,154.39999389648438,154.39999389648438,149.5500030517578,150.10000610351562,28550392,148.35999603271483,100.0,-0.7578036960064314,55.13014819934824,63.682155387869095,0.04857142857142858,,5.533,26442293.0,8416696989.0,0.003141647255991,154.4,0.2639540364348201
2023-07-21,RR,155.8000030517578,155.8000030517578,152.98800659179688,154.0,24329631,149.08999633789062,100.0,-0.5972061995315338,53.49205357328834,111.44533952314308,,,5.533,20321157.0,8416696989.0,0.0024143861928923,155.8,0.2649965868586243
2023-07-24,RR,156.6999969482422,156.7779998779297,152.17799377441406,154.5,21972063,149.9699966430664,99.4012670370097,-0.3702706001831297,57.16584885215208,117.26363597021351,,,5.533,17609165.0,8416696989.0,0.0020921704824367,156.7,0.2606585927297178
2023-07-25,RR,152.64999389648438,157.6999969482422,152.35000610351562,156.64999389648438,25005500,150.6699966430664,63.799253358301605,-0.1774234139559071,52.43721139057229,96.36199226925568,0.10287777777777778,,5.533,15811115.0,8416696989.0,0.0018785415490974,152.65,0.2721039294312039
2023-07-26,RR,185.0,190.9499969482422,172.35000610351562,175.0,159155472,154.3249969482422,87.39407344715141,0.5004782845152191,82.94700075308643,470.5460194555861,0.07062631578947368,,5.533,142930080.0,8416696989.0,0.016981730503878,185.0,0.7983556405453512
2023-07-27,RR,189.6000061035156,191.25999450683597,185.3000030517578,187.0,51748941,158.35499725341796,96.50602274205384,1.5191157465016327,83.30630279055113,342.2981203833928,0.1101,14.434,14.434,40562064.0,8416696989.0,0.0048192377666692,189.6,0.796504483218446
2023-07-28,RR,193.3000030517578,194.7610015869141,186.4499969482422,188.8999938964844,33138580,163.09499816894532,97.1359148228702,2.753490043205329,85.03085311421599,248.7512660634813,-0.082075,52.552,52.552,24603637.0,8416696989.0,0.002923193864785,193.3,0.7735894937552041
2023-07-31,RR,184.8500061035156,192.8500061035156,184.8500061035156,192.0500030517578,37426411,166.96499938964843,80.57086672467744,3.9172855411447394,77.60563053372641,166.0629524533623,0.24755555555555553,,52.552,33340615.0,8416696989.0,0.0039612469171188,184.85,0.8002463754823285
2023-08-01,RR,185.25,189.3999938964844,183.3999938964844,184.8999938964844,26376919,170.85,81.35499933145023,4.973288915144454,76.8221513061942,127.2822312075324,-0.23023333333333332,38.422,38.422,23720081.0,8416696989.0,0.0028182172924842,185.25,0.7993788344766077
2023-08-02,RR,183.8999938964844,187.0500030517578,181.5500030517578,183.25,41885790,174.1449996948242,78.70849943629439,5.873499141964313,75.03616508547238,100.01939482510716,,,38.422,23344867.0,8416696989.0,0.0027736375719014,183.9,0.796236140892301
2023-08-03,RR,192.1999969482422,193.4499969482422,178.14199829101562,185.8500061035156,66560402,177.925,94.97950528513276,6.7479055432092965,81.28377939507162,99.09639976979668,,23.424,23.424,54581213.0,8416696989.0,0.0064848732313083,192.2,0.8027041763497201
2023-08-04,RR,206.5,206.7899932861328,192.8000030517578,194.0500030517578,76666153,182.99499969482423,99.52991838809372,7.77306913318902,84.27029730457576,130.18429454811357,,20.109,20.109,69688479.0,8416696989.0,0.0082797894579165,206.5,0.8299369334849542
2023-08-07,RR,209.5,211.2100067138672,205.1000061035156,208.0,47985425,188.275,97.31384446198987,8.869130490004832,84.74669238926037,131.6223470403815,,30.3,30.3,42880630.0,8416696989.0,0.0050947099623571,209.5,0.8288237199680286
2023-08-08,RR,207.8999938964844,209.3999938964844,203.1999969482422,207.0,56960130,193.8,94.63183162375184,9.906430140743256,82.41319470679076,111.42311414803513,,22.22,22.22,,,,,0.8205867222599474
2023-08-09,RR,209.1000061035156,210.6100006103516,206.1000061035156,207.6999969482422,74331122,196.2100006103516,96.4256671841502,10.849088866513496,81.95092804057981,105.56344861666128,,,22.22,49977581.0,8416696989.0,0.005937909023613,209.1,0.8195777969728013
2023-08-10,RR,207.8000030517578,212.0,206.8999938964844,210.3000030517578,31587812,198.03000030517575,92.97917737428564,11.63754470843694,80.40934587111593,97.95358161548114,,17.764,17.764,26138068.0,8416696989.0,0.0031055018416559,207.8,0.8235555158397814
2023-08-11,RR,207.6999969482422,209.1999969482422,206.1000061035156,206.6000061035156,44908028,199.46999969482425,92.791276627421,12.259897154679116,80.1062421927103,88.48939585055986,,,17.764,27162499.0,8416696989.0,0.0032272159774195,207.7,0.8256179220644295
2023-08-14,RR,209.0,209.0,205.3000030517578,208.8999938964844,51321608,201.88499908447267,92.43379454778176,12.738312470737151,84.38070575074507,85.09687435825097,,13.158,13.158,,,,,0.8271932091956687
2023-08-15,RR,205.5,208.1999969482422,203.8070068359375,208.1999969482422,18476420,203.90999908447264,80.80217475364118,13.016557814052824,69.30318819390085,74.25585080735583,,,13.158,16074901.0,8416696989.0,0.0019098823470785,205.5,0.821749114424855
2023-08-16,RR,204.1999969482422,207.58999633789065,203.6000061035156,204.1000061035156,26011484,205.93999938964845,76.9626006909674,13.104346258048224,64.65861546498678,66.008625426656,,,13.158,16902768.0,8416696989.0,0.0020082424283647,204.2,0.3766907005797706
2023-08-17,RR,202.3999938964844,204.1000061035156,198.83799743652344,200.5,18204713,206.95999908447263,71.64627084011217,13.009572538749447,59.49893873457916,45.82906896893628,,,13.158,15857819.0,8416696989.0,0.0018840905192054,202.4,0.3723304456768952
2023-08-18,RR,201.1999969482422,201.41099548339844,197.52200317382807,200.6000061035156,19426395,206.42999877929688,68.10206596187872,12.756543889448462,70.11067021866405,31.030916205031374,,,13.158,17453232.0,8416696989.0,0.0020736438561124,201.2,0.3736677949578753
2023-08-21,RR,201.8999938964844,203.8000030517578,199.6499938964844,201.5,24479247,205.6699981689453,70.16951505193072,12.399681594407443,70.32964166662319,33.19740972608529,,,13.158,10925326.0,8416696989.0,0.0012980538582152,201.9,0.3687017939240947
2023-08-22,RR,201.1000061035156,205.1000061035156,200.3000030517578,202.6999969482422,18772336,204.98999938964843,67.80674184444851,11.955420972442765,71.28713095658952,27.1704032926004,,,13.158,18306640.0,8416696989.0,0.0021750385007236,201.1,0.3274058105199802
2023-08-23,RR,201.8000030517578,203.0,200.6999969482422,202.0,16925621,204.25999908447267,46.87500745058178,11.46358886800842,64.63414747611395,19.2099839601377,,,13.158,12856572.0,8416696989.0,0.0015275080018684,201.8,0.3270159206758179
2023-08-24,RR,201.6999969482422,207.5,201.6000061035156,206.0,15808391,203.6499984741211,28.85754033915454,10.939999154754052,37.09678080938759,31.586530480905942,,12.198,12.198,,,,,0.3249590916796799
2023-08-25,RR,203.0,205.3000030517578,201.8999938964844,202.5,16442558,203.17999877929688,37.8367041514286,10.419758143919958,30.76925855032684,25.892012776233628,,,12.198,14222254.0,8416696989.0,0.0016897666648315,203.0,0.2882506100918131
2023-08-29,RR,212.8999938964844,212.9199981689453,204.8999938964844,206.5,64981719,203.5699981689453,99.8700852126054,10.063087812393515,59.92063011502215,102.47610910508368,,,12.198,54695561.0,8416696989.0,0.0064984590833533,212.9,0.2067395229600856
2023-08-30,RR,216.8000030517578,218.5399932861328,212.3000030517578,212.8999938964844,49949992,204.6999984741211,91.72142424143426,9.866924217526284,63.79927315684554,167.7660008499132,,,12.198,47100618.0,8416696989.0,0.0055960928689196,216.8,0.210289246243016
2023-08-31,RR,222.3000030517578,224.47000122070312,216.3000030517578,217.1999969482422,52953144,206.50999908447267,91.94746056768044,9.846906927036724,72.58566548747781,225.0597862091552,,,12.198,43377363.0,8416696989.0,0.0051537275319155,222.3,0.2229110235764544
2023-09-01,RR,219.1000061035156,223.49200439453125,218.5,222.5,22086731,208.18000030517575,80.07274934543709,9.864846891978248,66.1931962267439,197.69010412384537,,,12.198,18860791.0,8416696989.0,0.002240877986299,219.1,0.2315514331483522
2023-09-04,RR,219.8999938964844,223.8000030517578,218.6999969482422,220.8000030517578,31037853,210.05,83.04138468368077,9.895916643150418,65.70605136629996,170.82941457453683,,,12.198,29674946.0,8416696989.0,0.003525723456456,219.9,0.2313036861070631
2023-09-05,RR,219.1999969482422,221.3000030517578,217.3000030517578,219.0,19987758,211.78000030517575,80.44380045117278,9.89986432402201,71.47336382860972,126.54433661429486,,,12.198,15366814.0,8416696989.0,0.0018257535016507,219.2,0.232056725730119
2023-09-06,RR,214.6999969482422,218.87600708007807,213.6999969482422,216.6999969482422,24156799,213.13999938964844,63.74497186964912,9.792246807590526,64.95727536090756,74.46019987559066,,,12.198,20659871.0,8416696989.0,0.0024546292954351,214.7,0.2443888013142171
2023-09-07,RR,223.8000030517578,223.8000030517578,213.3999938964844,213.5,25143491,215.33999938964843,97.51373676152168,9.743210646228206,75.23587256745449,107.23816114174346,,,12.198,21308665.0,8416696989.0,0.0025317134533711,223.8,0.2834543541425038
2023-09-08,RR,220.3999938964844,225.41200256347656,217.8999938964844,225.1999969482422,25045114,217.20999908447263,80.54496164573584,9.657010791697138,71.5246646743565,100.89371784342586,,,12.198,12969962.0,8416696989.0,0.0015409800325413,220.4,0.2911967477372651
2023-09-11,RR,223.6000061035156,224.34100341796875,220.5059967041016,221.1000061035156,21811781,219.2699996948242,92.78434017524032,9.58108023788477,73.03610339172708,100.53279321821984,,,12.198,19055861.0,8416696989.0,0.0022640545364653,223.6,0.293882714719055
2023-09-12,RR,224.3999938964844,226.47999572753903,222.8000030517578,223.8000030517578,15156040,220.4199996948242,91.93172253861752,9.506492806005673,74.73459105478715,101.60775920399394,,,12.198,13100511.0,8416696989.0,0.0015564907489388,224.4,0.2839607156762622
2023-09-13,RR,225.3000030517578,226.8000030517578,223.5,224.3000030517578,24433757,221.2699996948242,94.0476183267767,9.429349113718091,74.84142801564202,95.90900244675224,,,12.198,23143013.0,8416696989.0,0.0027496550048369,225.3,0.2810614307194316
2023-09-14,RR,225.8000030517578,226.6000061035156,222.80799865722656,224.1999969482422,22979742,221.61999969482423,95.98393721960451,9.341133020738916,75.26205444027448,86.89609276051536,,,12.198,20309034.0,8416696989.0,0.0024129458416457,225.8,0.2765213406762218
2023-09-15,RR,227.3999938964844,233.0,226.3000030517578,227.8000030517578,54377972,222.4499984741211,80.07115698521147,9.254837982667272,75.41666030883789,109.36412310731626,,,12.198,48195044.0,8416696989.0,0.0057261232123465,227.4,0.2731462262546158
2023-09-18,RR,224.3999938964844,228.6999969482422,222.052001953125,227.3999938964844,26660129,222.8999984741211,58.45407066958082,9.105313857399167,63.99026556229186,74.29325808985678,,3.156,3.156,,,,,0.2802815473156365
2023-09-19,RR,226.0,226.7989959716797,222.6000061035156,222.8999938964844,16138944,223.5799987792969,64.2857254072772,8.928771577759203,61.85566523792501,70.89245843104831,,,3.156,14723952.0,8416696989.0,0.0017493741332547,226.0,0.280207645873782
2023-09-20,RR,223.6999969482422,229.1000061035156,223.3000030517578,226.5,30410571,224.4799987792969,52.55101961376592,8.687503798493932,51.96628322536456,70.65680768069134,,,3.156,24639405.0,8416696989.0,0.0029274435128414,223.7,0.2851673700405098
2023-09-21,RR,220.3999938964844,224.0,219.8999938964844,222.1999969482422,65237521,224.13999786376957,35.7142745927228,8.345864785873314,51.82071057207189,21.943857724348465,,,3.156,43670439.0,8416696989.0,0.0051885483173594,220.4,0.2935170353344071
2023-09-22,RR,220.6000061035156,224.07000732421875,218.1999969482422,219.6999969482422,24871483,224.15999908447264,36.73474471898146,7.943393474177824,50.997167345703815,5.390595772311425,,,3.156,21031234.0,8416696989.0,0.0024987514731118,220.6,0.2937141988715024
2023-09-25,RR,219.8000030517578,221.6999969482422,216.95700073242188,221.6999969482422,26505777,223.77999877929688,32.65309776676793,7.493023685187575,50.85228036256919,-42.73500502038963,,,3.156,16011447.0,8416696989.0,0.0019023432851302,219.8,0.2430840880550635
2023-09-26,RR,219.6999969482422,221.8600006103516,216.6000061035156,217.6000061035156,14816403,223.30999908447265,32.1428627036386,7.017567531481474,58.11687024897549,-62.344591808820056,,,3.156,13091972.0,8416696989.0,0.0015554762179403,219.7,0.235070110945696
2023-09-27,RR,218.8000030517578,220.3000030517578,215.1000061035156,219.3999938964844,17513568,222.65999908447264,20.670381060682264,6.520958594713282,38.93807102212116,-101.0731660147452,,,3.156,16601875.0,8416696989.0,0.0019724928937916,218.8,0.2167228094324388
2023-09-28,RR,221.5,221.5,212.8000030517578,219.8999938964844,24872362,222.2299987792969,43.06929832976665,6.065338855088286,52.511426660349485,-81.27059707553403,,,3.156,18067541.0,8416696989.0,0.0021466308010865,221.5,0.2150965866344887
2023-09-29,RR,220.8999938964844,222.8999938964844,219.1000061035156,222.3999938964844,19556907,221.5799987792969,40.09897063589125,5.635897808673674,43.00515635895596,-23.751345531191987,,,3.156,18016007.0,8416696989.0,0.0021405079716598,220.9,0.2150969263025295
2023-10-02,RR,216.6000061035156,223.3000030517578,216.1000061035156,221.3999938964844,13670302,220.8,18.81189913787829,5.163927924289685,32.89477734901507,-76.00752329676105,,,3.156,12720337.0,8416696989.0,0.0015113217235483,216.6,0.2260914915231008
2023-10-03,RR,212.1000061035156,218.5,211.6000061035156,216.0,13955223,219.4100006103516,2.336449264511897,4.606478721330118,25.000014449605843,-168.18421079455024,,,3.156,12971255.0,8416696989.0,0.0015411336557502,212.1,0.2263825246747832
2023-10-04,RR,210.8000030517578,213.8999938964844,208.3000030517578,210.0,62243036,218.12000122070316,10.121458740414608,3.993435259626737,22.426482962896472,-216.9522950470977,0.03914999999999999,,3.156,58230187.0,8416696989.0,0.0069184131347608,210.8,0.1603093538637466
2023-10-05,RR,210.5,212.6000061035156,207.8000030517578,211.8000030517578,47150283,217.1300018310547,12.676040194366855,3.363794924630356,17.374559911016007,-189.7720077041192,0.6240666666666667,,3.156,40242567.0,8416696989.0,0.0047812778638216,210.5,0.1536636923956719
2023-10-06,RR,208.8000030517578,211.8999938964844,204.3000030517578,211.1000061035156,29942049,215.9500015258789,18.14515905747456,2.72196955028814,18.292729069270493,-180.93455296812647,0.21075,,3.156,15024621.0,8416696989.0,0.0017850970540624,208.8,0.1414007811493153
2023-10-09,RR,205.1999969482422,210.0,204.4010009765625,207.5,22798980,214.49000091552733,3.62900720054784,2.042512462019701,10.902281301860484,-173.49127968332385,-0.8481,,3.156,20289908.0,8416696989.0,0.0024106734537927,205.2,0.147013011019939
2023-10-10,RR,212.3000030517578,212.3000030517578,203.6999969482422,208.3000030517578,34769620,213.7500015258789,42.218957893404266,1.4837079594220426,31.847157591095865,-116.48404747708948,0.2159333333333333,,3.156,20196864.0,8416696989.0,0.0023996187609457,212.3,0.2006115722913316
2023-10-11,RR,213.1000061035156,214.0,209.3999938964844,211.0,16525754,213.18000183105468,46.14631500806386,1.039201526390401,37.37027400326928,-71.62991543693502,,,3.156,14870975.0,8416696989.0,0.0017668421495314,213.1,0.2012094525852932
2023-10-12,RR,211.8000030517578,215.3000030517578,210.5,214.0,18043920,212.2100021362305,41.32654888338397,0.6665273308554911,35.33333570692153,-58.88051231686637,,,3.156,15337263.0,8416696989.0,0.0018222425043986,211.8,0.1980231224698756
2023-10-13,RR,213.1999969482422,216.01800537109372,210.0709991455078,210.5,20979320,211.44000244140625,48.46937266155238,0.3792293216531989,39.2156784524998,-44.61005602859564,-0.296,,3.156,16036682.0,8416696989.0,0.0019053414921505,213.2,0.1976079578983996
2023-10-16,RR,213.5,216.1999969482422,210.8999938964844,214.6000061035156,23323983,211.1300018310547,50.0,0.1644261215535267,39.93507088648106,-33.236773360528325,-0.20098,,3.156,18396416.0,8416696989.0,0.0021857049177418,213.5,0.1979054168115945
2023-10-17,RR,215.6000061035156,218.8000030517578,211.1999969482422,213.5,28649784,211.4800018310547,60.71431351819299,0.0394512125275139,45.00000715255396,-3.8987974711607167,-0.003981818181818177,,3.156,23795376.0,8416696989.0,0.0028271632008493,215.6,0.1998594979480076
2023-10-18,RR,207.8000030517578,217.1000061035156,207.8000030517578,214.3999938964844,24478356,211.18000183105468,20.918391973256647,-0.1472040831012886,31.536402884444144,-63.61877542835197,-0.31560000000000005,,3.156,20119695.0,8416696989.0,0.0023904501999174,207.8,0.2321858451260063
2023-10-19,RR,205.6000061035156,210.0,203.3000030517578,206.0,21218329,210.69000244140625,11.500015258789062,-0.3974988296039404,30.23258014607427,-129.20056813313872,0.0,,3.156,18371159.0,8416696989.0,0.0021827040968695,205.6,0.2299877368864979
2023-10-20,RR,198.9499969482422,203.8999938964844,198.3999938964844,203.6999969482422,33958895,209.7050018310547,2.6960921809960845,-0.7797517187346448,28.50183346931797,-200.9600436759397,0.40448000000000006,,3.156,29202374.0,8416696989.0,0.0034695764904172,198.95,0.251104166418828
2023-10-23,RR,203.5,204.0,196.4499969482422,197.9499969482422,21112152,209.53500213623047,31.543629201286244,-1.1503052339432205,39.53771479232472,-163.10335011484912,-0.296,,3.156,16331039.0,8416696989.0,0.0019403144750658,203.5,0.2699767326182903
2023-10-24,RR,204.3999938964844,207.8000030517578,200.0,203.6999969482422,25476478,208.74500122070316,35.57044643040014,-1.4771201253621304,42.13758619616642,-108.8485351495861,-0.7003,,3.156,19617285.0,8416696989.0,0.0023307581377395,204.4,0.2713079811768025
2023-10-25,RR,203.0,205.0,201.6999969482422,204.3000030517578,33815208,207.7350006103516,29.306493346896698,-1.778357747505228,41.028712063856176,-108.47150208692771,0.45976666666666666,,3.156,19954716.0,8416696989.0,0.0023708488051879,203.0,0.2715689956622136
2023-10-26,RR,200.5,204.8000030517578,199.0,201.5,23081608,206.6050003051758,18.120814074948967,-2.083605461710672,40.25821726570517,-119.42512390921873,-0.5508,,3.156,21268766.0,8416696989.0,0.0025269729952018,200.5,0.266426795089931
2023-10-27,RR,200.3999938964844,202.3000030517578,197.1999969482422,201.1000061035156,19721937,205.325,17.673359595283774,-2.372211615012,43.861892034174986,-125.41751808764796,0.1815,,3.156,16648430.0,8416696989.0,0.0019780241609931,200.4,0.2667758764773155
2023-10-30,RR,202.0,203.1999969482422,200.3999938964844,201.3999938964844,55754601,204.175,24.83222163811761,-2.604324035859345,34.67262425119584,-87.81349267598713,0.2294,,3.156,53307064.0,8416696989.0,0.0063334897370866,202.0,0.2644406781676838
2023-10-31,RR,215.3999938964844,215.3999938964844,200.3999938964844,207.6000061035156,70932241,204.15499877929688,84.78743522697016,-2.569134705332143,52.489163620414274,43.10697066202351,-0.026475,2.718,2.718,,,,,0.3529784793850277
2023-11-01,RR,220.3000030517578,221.0,214.6999969482422,216.5,58604208,205.40499877929688,97.14868895630518,-2.284218136473041,58.53413340834037,152.39132811722666,0.1027,,2.718,55956482.0,8416696989.0,0.0066482709396727,220.3,0.3608356792266688
2023-11-02,RR,223.6000061035156,225.6000061035156,218.6999969482422,223.3000030517578,29447330,207.2049987792969,93.13893869004777,-1.7998573534685456,60.05803059016655,178.01927016664837,,,2.718,22246112.0,8416696989.0,0.0026430928936938,223.6,0.361137033610837
2023-11-03,RR,220.8999938964844,225.1000061035156,220.0,223.6000061035156,57707612,209.3999984741211,83.87646404501734,-1.254854672378286,56.83917642081512,145.07617919823798,0.0,,2.718,55931781.0,8416696989.0,0.0066453361779684,220.9,0.3576173857878537
2023-11-06,RR,224.1000061035156,226.0,218.8000030517578,221.0,26537447,211.45999908447263,93.5702412850636,-0.6464983720741084,57.69926940311091,136.24877954824504,-0.1897333333333333,2.59,2.59,24872722.0,8416696989.0,0.0029551642446564,224.1,0.3416410079112
2023-11-07,RR,226.0,227.10699462890625,223.5,224.5,19678227,213.61999969482423,96.38909641303704,0.0014625003652194,68.45840218612182,140.85436265285065,0.0821,,2.59,17537037.0,8416696989.0,0.0020836008499438,226.0,0.3405570782139176
2023-11-08,RR,232.3999938964844,236.6999969482422,227.6999969482422,228.0,120596445,216.55999908447265,89.31676260432842,0.7423844031090183,75.0467032763311,171.15418471711544,0.003171428571428571,2.406,2.406,28078787.0,8416696989.0,0.0033360814862049,232.4,0.3519517794246463
2023-11-09,RR,232.8000030517578,233.8999938964844,227.8999938964844,231.3999938964844,22945905,219.78999938964844,90.31057417022517,1.507421996461196,85.82008914356429,140.19429497904272,0.0,,2.406,17763365.0,8416696989.0,0.0021104912085127,232.8,0.3514925045591614
2023-11-10,RR,232.0,233.6999969482422,229.3000030517578,230.5,21326926,222.95,88.10127354875395,2.2312710015773343,82.75859770774564,121.18816943269417,,,2.406,20526563.0,8416696989.0,0.0024387907782383,232.0,0.3195215719106577
2023-11-13,RR,240.1999969482422,240.1999969482422,232.5,232.6999969482422,37517924,226.7699996948242,100.0,3.0170990807756093,85.23620019157578,137.0449569591696,-0.1027,,2.406,32287207.0,8416696989.0,0.0038360899818773,240.2,0.3298756238235086
2023-11-14,RR,239.0,241.6999969482422,230.1000061035156,237.6999969482422,49856814,229.13000030517577,93.93259112754563,3.7745582068856898,85.57309678407682,114.88757277558707,0.15897999999999998,,2.406,45464502.0,8416696989.0,0.0054017035494349,239.0,0.2982746154495227
2023-11-15,RR,243.6000061035156,244.1000061035156,238.0,239.3999938964844,25027311,231.4600006103516,98.9339021270878,4.539316392865717,90.89181324647124,124.6847222067929,,2.272,2.272,,,,,0.2977289663535455
2023-11-16,RR,244.5,246.8999938964844,240.8999938964844,243.7140045166016,98375507,233.55,94.83872280325942,5.272572457066186,91.21493546534144,121.91417028530142,-0.11333333333333334,,2.272,96128853.0,8416696989.0,0.0114212087147289,244.5,0.2926051569912017
2023-11-17,RR,244.0,248.1999969482422,242.3999938964844,245.3999938964844,28448797,235.8600006103516,91.21339606674412,5.927650639960549,90.07631720561616,115.8380387975054,0.38665,1.397,1.397,21077411.0,8416696989.0,0.002504237829584,244.0,0.2846109160519876
2023-11-20,RR,245.5,247.6999969482422,242.6000061035156,243.8000030517578,18772819,238.0,91.9403076171875,6.509809469679501,87.16047336118845,107.48524137676375,,,1.397,17278737.0,8416696989.0,0.0020529118515947,245.5,0.2846226255429211
2023-11-21,RR,243.0,246.8999938964844,242.6000061035156,245.5,16148826,239.7,82.37289170087394,6.961022921218505,79.79000553881718,92.82735055735294,,,1.397,14432749.0,8416696989.0,0.0017147758816626,243.0,0.2008199327053139
2023-11-22,RR,237.5,246.0,235.6000061035156,244.1999969482422,22481527,240.2100006103516,63.60544500139613,7.202894124766394,67.24564215997717,63.85119616277555,0.0,,1.397,15903404.0,8416696989.0,0.0018895065392973,237.5,0.2246302562461538
2023-11-23,RR,240.6999969482422,240.6999969482422,234.5,237.5,11131070,241.0,74.48979062238226,7.335511604402648,74.26470780730097,53.06555946075135,0.34,1.84,1.84,,,,,0.2141194778086418
2023-11-24,RR,241.0,245.0,238.6999969482422,240.6000061035156,34291781,241.9,70.85021118290224,7.380766197772397,72.29551005026946,66.90330218505946,0.05303333333333333,,1.84,33665297.0,8416696989.0,0.003999822857351,241.0,0.2061103129369382
2023-11-27,RR,243.1999969482422,243.3000030517578,238.1000061035156,240.0,25582909,242.2,75.60975609756098,7.387168513237027,72.51308680933502,61.00720631692975,0.4705,,1.84,15714280.0,8416696989.0,0.0018670364420315,243.2,0.206047393657212
2023-11-28,RR,258.29998779296875,261.6000061035156,241.3000030517578,243.3999938964844,71038102,244.12999877929687,90.20766434660712,7.592958037180868,77.61193738494904,149.55247655276926,0.16541666666666666,1.943,1.943,60493707.0,8416696989.0,0.0071873452351986,258.3,0.2882922526433594
2023-11-29,RR,263.3999938964844,267.0,257.70001220703125,258.3999938964844,34078641,246.10999755859376,90.450911419282,7.976993505212463,79.65115918024803,206.74457594072936,0.136425,1.885,1.885,30884745.0,8416696989.0,0.0036694614336673,263.4,0.2916674234763267
2023-11-30,RR,268.79998779296875,271.6090087890625,264.5039978027344,265.29998779296875,59612146,248.5399963378906,93.2327427440895,8.52059087097531,82.74021332988698,220.1943083708253,0.27154545454545453,-0.031,-0.031,49488614.0,8416696989.0,0.0058798141437998,268.8,0.2934287180684712
2023-12-01,RR,276.70001220703125,276.70001220703125,271.20001220703125,271.8999938964844,30882610,251.80999755859372,100.0,9.242322396261828,82.64759327445097,225.91753565574507,0.3841571428571428,0.44,0.44,24654032.0,8416696989.0,0.0029291813679666,276.7,0.2943936277402154
2023-12-04,RR,285.3999938964844,288.5419921875,275.1000061035156,281.5,97363333,255.79999694824215,94.1860058006108,10.155608606943964,86.59305864622277,219.09661240772485,-0.126325,1.949,1.949,94250195.0,8416696989.0,0.011198002627774,285.4,0.3035140256020626
2023-12-05,RR,284.70001220703125,289.5379943847656,280.29998779296875,282.8999938964844,26563900,259.9699981689453,91.20974114007048,11.10676712578562,84.53783796952857,178.93682020590916,-0.296,1.746,1.746,26582905.0,8416696989.0,0.0031583535720416,284.7,0.3029384397359267
2023-12-06,RR,288.6000061035156,289.0,282.8999938964844,286.70001220703125,17585068,265.0799987792969,98.29574407328036,12.068709528297054,85.2800221093858,153.6643189095312,,,1.746,17587676.0,8416696989.0,0.0020896173431199,288.6,0.2859984744208382
2023-12-07,RR,286.20001220703125,290.79998779296875,285.0,287.8999938964844,25948973,269.63000030517577,91.82952649500932,12.921186918723564,82.76400326405586,131.51494228200946,0.47229999999999994,,1.746,25989721.0,8416696989.0,0.0030878765190153,286.2,0.2903999163704552
2023-12-08,RR,289.29998779296875,293.65899658203125,284.5,288.29998779296875,39410991,274.45999908447266,92.6317060110744,13.680373788078112,83.18183961980611,118.951549364017,0.09580000000000001,2.298,2.298,39654192.0,8416696989.0,0.0047113721750735,289.3,0.2888616533134055
2023-12-11,RR,296.8999938964844,298.3999938964844,291.0,291.5,57882602,279.8299987792969,97.65258193540684,14.431363455487563,87.90438504886465,123.28492358849591,0.0,1.836,1.836,57882610.0,8416696989.0,0.0068771170063088,296.9,0.2936265331734911
2023-12-12,RR,304.70001220703125,306.0,296.0039978027344,297.1000061035156,32217327,284.4700012207031,98.18183525458916,15.229399896305605,95.77659791199792,128.8043566162351,0.10708333333333332,,1.836,32606650.0,8416696989.0,0.0038740434689064,304.7,0.2965315115206425
2023-12-13,RR,301.79998779296875,313.1000061035156,297.8999938964844,306.79998779296875,38724348,288.31000061035155,84.93330891927083,15.934110875593849,91.79206463548712,119.4837785492677,0.3119,0.972,0.972,,,,,0.2981336638275453
2023-12-14,RR,300.0,310.29998779296875,300.0,305.0,33300455,291.4300018310547,82.5333251953125,16.478350333809285,89.54424886643115,104.69764272205742,0.06157999999999999,,0.972,30591454.0,8416696989.0,0.0036346151037611,300.0,0.2783646405025865
2023-12-15,RR,290.1000061035156,301.29998779296875,288.5039978027344,300.1000061035156,56628890,292.77000122070314,67.96657517769157,16.69797330554454,78.49333220360162,66.76504758764332,-0.12815000000000001,,0.972,56628915.0,8416696989.0,0.0067281636815498,290.1,0.3205469047103527
2023-12-18,RR,292.3999938964844,296.79998779296875,287.29998779296875,289.0,24958286,293.4700012207031,62.63535291049039,16.701256856455352,74.53238926395521,58.03187196116075,0.13611666666666666,,0.972,24958293.0,8416696989.0,0.002965331059514,292.4,0.3186378286433238
2023-12-19,RR,295.0,296.79998779296875,290.70001220703125,293.1000061035156,35670293,294.5,62.75412994522712,16.57218695658665,73.5821048484255,59.51556926252344,0.050199999999999995,1.036,1.036,,,,,0.3191291877683927
2023-12-20,RR,298.8999938964844,300.8999938964844,292.70001220703125,299.6000061035156,14521313,295.5299987792969,66.10975113239168,16.391377293872164,72.97711460124688,66.88171572639142,0.26208,,1.036,14536824.0,8416696989.0,0.0017271411836494,298.9,0.2535133434022514
2023-12-21,RR,299.79998779296875,300.6000061035156,294.3940124511719,297.8999938964844,10475283,296.88999633789064,64.99995181435033,16.164616103958505,69.74358947606741,67.37370435788547,0.0,,1.036,10475267.0,8416696989.0,0.0012445816944212,299.8,0.249676877813213
2023-12-22,RR,302.3999938964844,303.6000061035156,297.20001220703125,299.6000061035156,7838525,298.1999969482422,67.37802977509116,15.925579732298738,66.22138538253577,78.19007045237238,-0.023466666666666667,,1.036,7838818.0,8416696989.0,0.0009313413575711,302.4,0.2444237320852584
2023-12-27,RR,298.79998779296875,303.70001220703125,298.0,302.20001220703125,13605506,298.38999633789064,52.6489651311548,15.59764658368418,62.74862450126098,71.4993668288079,0.42818000000000006,,1.036,13640987.0,8416696989.0,0.0016207054878924,298.8,0.2358571601720359
2023-12-28,RR,298.1000061035156,300.0,297.70001220703125,299.29998779296875,10884819,297.72999572753906,47.55245874525831,15.184467464347584,59.117086805856566,57.159957599830406,,,1.036,10884804.0,8416696989.0,0.0012932393805106,298.1,0.2130167830266428
2023-12-29,RR,299.70001220703125,300.5,296.7279968261719,297.79998779296875,9303473,297.51999816894534,53.14688448672326,14.730436044284938,63.15789786781424,55.77912351366825,0.296,,1.036,9303465.0,8416696989.0,0.0011053581959952,299.7,0.2125278148056311
2024-01-02,RR,298.1000061035156,305.29998779296875,297.29998779296875,299.29998779296875,23479714,297.3299987792969,41.86050637852416,14.21549946454796,58.83535650094648,62.90812854360865,0.03325,,1.036,23479677.0,8416696989.0,0.0027896545439007,298.1,0.2142505704846013
2024-01-03,RR,294.79998779296875,299.0,293.1000061035156,296.1000061035156,45508725,297.7999969482422,29.06974681073792,13.604332673495035,47.69230253295729,3.8864759024957705,0.36255,,1.036,45523717.0,8416696989.0,0.0054087389696333,294.8,0.2149478487816621
2024-01-04,RR,297.79998779296875,299.29998779296875,294.0,294.5,103963159,298.3399963378906,40.69764553503309,12.981745245197292,41.523314073023215,14.694914949999433,0.0,,1.036,103956456.0,8416696989.0,0.012351217601853,297.8,0.2141674847285603
2024-01-05,RR,296.6000061035156,296.8999938964844,292.0,295.0,29036198,298.4999969482422,40.43486221976902,12.33590361413524,43.3333515917277,-23.17201790107978,,,1.036,29036197.0,8416696989.0,0.0034498327595668,296.6,0.2125995793264031
2024-01-08,RR,305.20001220703125,305.6000061035156,295.1000061035156,295.1000061035156,79642068,299.1299987792969,97.81424318983416,11.8184348397449,55.67687073470089,85.48605877582801,0.050575,1.531,1.531,79642351.0,8416696989.0,0.0094624234547218,305.2,0.2170132770604063
2024-01-09,RR,308.79998779296875,312.3999938964844,306.20001220703125,306.3999938964844,20612899,300.0299987792969,85.6573496888059,11.439053157451465,73.67088118609169,198.15033988255524,-0.15332857142857143,,1.531,20621061.0,8416696989.0,0.0024500182229383,308.8,0.2005265489578512
2024-01-10,RR,309.20001220703125,310.1000061035156,305.29998779296875,309.1000061035156,12525260,300.7100006103516,85.25352815846652,11.146419843842668,72.34044625457662,161.35594369247676,0.4404,1.716,1.716,,,,,0.196826395209748
2024-01-11,RR,297.0,310.0,295.1000061035156,310.0,124449440,300.5300018310547,24.509811254706666,10.703450034070253,52.11864351986552,20.57819465441359,0.0942,,1.716,118066319.0,8416696989.0,0.0140276309286533,297.0,0.2435471369169023
2024-01-12,RR,305.0,307.20001220703125,298.9159851074219,300.0,19828855,301.2200012207031,63.72550926223733,10.292713430327929,55.94542293005529,74.40305528637023,0.28385,,1.716,19854373.0,8416696989.0,0.0023589269075443,305.0,0.2296335533082144
2024-01-15,RR,300.0,307.0,299.79998779296875,304.29998779296875,11570563,301.25,39.21569800753066,9.820480211460865,50.18051635278744,51.05151496276835,-0.12726666666666667,,1.716,11570584.0,8416696989.0,0.0013747178988529,300.0,0.2382271644828837
2024-01-16,RR,298.20001220703125,300.1000061035156,292.29998779296875,295.0,39936346,301.26000061035154,30.39222579424265,9.283356736439718,46.15386335169046,-46.65523962309278,0.006679999999999997,1.811,1.811,,,,,0.2378728965250679
2024-01-17,RR,296.6000061035156,300.3999938964844,295.20001220703125,299.0,22886471,301.44000244140625,22.549056273533324,8.687032395371991,47.90876289527076,-42.54030701444993,0.2023,,1.811,22888851.0,8416696989.0,0.002719457648281,296.6,0.2339593923321441
2024-01-18,RR,306.5,306.5,293.5,295.29998779296875,30253440,302.3100036621093,71.07845263864932,8.223011522251323,56.79610955313489,49.02458889047317,0.0,,1.811,30253967.0,8416696989.0,0.0035945177828713,306.5,0.2626965297934702
2024-01-19,RR,305.0,308.79998779296875,302.5,306.5,74175588,303.15000305175784,63.72550926223733,7.823567110087831,54.294964946834135,109.37778879918775,,1.578,1.578,74175592.0,8416696989.0,0.008812909873902,305.0,0.2578808443921212
2024-01-22,RR,308.8999938964844,310.79998779296875,305.29998779296875,307.6000061035156,70953961,303.52000122070314,82.84313212170534,7.529928141589956,58.43749046325684,148.25381667310916,,,1.578,71039490.0,8416696989.0,0.0084403050380503,308.9,0.2607372559982009
2024-01-23,RR,301.79998779296875,308.79998779296875,300.29998779296875,308.1000061035156,94018336,302.82000122070315,48.03917022081868,7.18756033529674,55.16224281734011,46.68721080754708,-0.016325000000000006,,1.578,94044695.0,8416696989.0,0.0111735868741513,301.8,0.274793593318641
2024-01-24,RR,307.1000061035156,309.29998779296875,303.1000061035156,307.6000061035156,21546198,302.6100006103516,74.01965990841732,6.90077451644411,56.63339336719435,92.48081069613,,,1.578,21547032.0,8416696989.0,0.0025600341830245,307.1,0.280316763291985
2024-01-25,RR,306.5,308.79998779296875,303.5,305.0,9809833,303.56000061035155,70.6468054482211,6.638559189075744,57.12229463984224,79.37063917637596,,,1.578,9810147.0,8416696989.0,0.001165557820701,306.5,0.2766801065770005
2024-01-26,RR,305.3999938964844,307.3999938964844,302.1000061035156,305.20001220703125,102268161,303.6,65.17413992836723,6.372809356348872,50.16127547662772,50.4887541106287,0.5144666666666667,,1.578,135032072.0,8416696989.0,0.0160433566963949,305.4,0.2756583956476733
2024-01-29,RR,304.0,306.8999938964844,302.1000061035156,305.1000061035156,22285752,304.0,63.24330922719594,6.0819142029323,45.98663555713416,34.45149772826573,0.0,1.755,1.755,22284059.0,8416696989.0,0.0026476014319065,304.0,0.2758103770204895
2024-01-30,RR,307.1000061035156,312.8999938964844,304.29998779296875,305.70001220703125,24447949,304.88999938964844,71.84472779365383,5.826104528400256,48.31999593750199,94.3474406445769,-0.5719,1.931,1.931,,,,,0.2583637847721644
2024-01-31,RR,301.20001220703125,307.3999938964844,300.8999938964844,306.6000061035156,20469758,305.35,43.2039892092246,5.498285890685752,53.73666485298893,-2.046075247240127,-0.074,,1.931,20510280.0,8416696989.0,0.0024368561713467,301.2,0.2636727485133578
2024-02-01,RR,298.79998779296875,305.5,297.0,300.20001220703125,55868176,304.5799987792969,31.5533887093883,5.09169553104107,43.87351015824499,-65.01505853008756,0.17556666666666665,,1.931,55868176.0,8416696989.0,0.0066377791754907,298.8,0.2645988204061985
2024-02-02,RR,310.20001220703125,310.20001220703125,301.20001220703125,303.5,97473550,305.1,86.89329665299302,4.8273224479967904,58.94736954820112,75.05551799111393,0.20095,,1.931,97532068.0,8416696989.0,0.0115879267279631,310.2,0.2999157249057882
2024-02-05,RR,309.79998779296875,318.8609924316406,308.70001220703125,312.5,66935821,305.18999938964845,64.27188461533834,4.648562672368324,60.43161439900236,169.9257744307671,0.5267,,1.931,66935788.0,8416696989.0,0.0079527382401291,309.8,0.2608108988095542
2024-02-06,RR,317.79998779296875,321.8399963378906,312.20001220703125,313.8999938964844,61617483,306.7899993896484,85.7444987051026,4.649874855045137,67.09673418096602,234.24023496218132,0.074,,1.931,61442729.0,8416696989.0,0.0073000999180915,317.8,0.2594394617134146
2024-02-07,RR,322.8999938964844,324.6000061035156,316.5,318.79998779296875,46811691,308.3699981689453,93.84053684388604,4.834753479207867,64.33563299584438,246.65671221810976,-0.09866666666666667,,1.931,46815258.0,8416696989.0,0.0055621888326482,322.9,0.2541326152457863
2024-02-08,RR,317.70001220703125,325.70001220703125,316.6000061035156,323.79998779296875,17678731,309.48999938964846,72.12544739601167,5.031014297666904,60.4269247845482,184.08805356300087,-0.296,,1.931,15180362.0,8416696989.0,0.0018036008685877,317.7,0.2617208515431067
2024-02-09,RR,318.1000061035156,320.7439880371094,315.20001220703125,317.70001220703125,47548097,310.76000061035154,73.51915375961516,5.219035908341668,58.01393598548769,131.30544041214537,-0.0516,,1.931,47554065.0,8416696989.0,0.0056499675659168,318.1,0.2615483896086081
2024-02-12,RR,309.1000061035156,319.5580139160156,305.20001220703125,318.6000061035156,22754811,311.27000122070314,42.16028208012828,5.236551957547409,56.15515054203366,42.966973060748685,-0.0386,,1.931,22782051.0,8416696989.0,0.0027067685850844,309.1,0.2834423405360845
2024-02-13,RR,306.29998779296875,309.1449890136719,300.5,308.79998779296875,40313498,311.18999938964845,32.4041248689446,5.089672385859504,49.29575951322381,-37.14440935801089,-0.007099999999999981,,1.931,40337599.0,8416696989.0,0.0047925687538375,306.3,0.2606767130398909
2024-02-14,RR,312.20001220703125,316.1709899902344,309.4410095214844,310.5,68582004,312.2899993896484,52.96169248076968,4.929983544463666,54.58937459211675,48.46715984755721,0.15422857142857144,,1.931,68582993.0,8416696989.0,0.0081484450598177,312.2,0.2694046470090588
2024-02-15,RR,320.0,322.3999938964844,315.0,315.8999938964844,34094423,314.4100006103516,80.13933873646647,4.883845073868383,60.61045731513932,115.80759859719602,0.12233000000000001,,1.931,34132323.0,8416696989.0,0.0040553108950706,320.0,0.2812642147428396
2024-02-16,RR,323.29998779296875,323.4620056152344,315.79998779296875,323.0,36623592,315.7199981689453,91.63754915241982,4.952814537793333,63.64919929209651,118.48973482593853,0.119175,,1.931,36626486.0,8416696989.0,0.0043516460254976,323.3,0.2802051294038274
2024-02-19,RR,334.20001220703125,334.79998779296875,322.0,323.5,40775011,318.1600006103516,98.41276248758707,5.252930989030952,67.26113025314787,185.6260103347887,-0.10606666666666666,,1.931,37491520.0,8416696989.0,0.0044544219720632,334.2,0.2842535760740595
2024-02-20,RR,330.5,335.3999938964844,330.1000061035156,333.5,27598299,319.4300018310547,87.23959719969388,5.611189267491984,69.20048860052108,169.7303299586186,0.5994,,1.931,39605273.0,8416696989.0,0.0047055600375968,330.5,0.285988106607169
2024-02-21,RR,329.5,332.3999938964844,323.8999938964844,331.29998779296875,135509509,320.0900024414062,83.09457040598879,5.958365774589689,70.49397675777382,120.29313505407858,0.212,,1.931,135765458.0,8416696989.0,0.0161304913527759,329.5,0.2863008563753165
2024-02-22,RR,356.79998779296875,369.1000061035156,346.9309997558594,355.0,78233390,324.0,82.06994574900406,6.702371915848137,75.66076570847797,278.95122072627856,0.22990714285714287,-1.833,-1.833,79764408.0,8416696989.0,0.0094769252242591,356.8,0.3990307664078674
2024-02-23,RR,353.1000061035156,358.5,349.0509948730469,355.6000061035156,53206040,327.5,76.67638691481103,7.581794044350446,73.00744713178565,206.72452740310527,0.12795714285714288,0.895,0.895,53220415.0,8416696989.0,0.0063231948434825,353.1,0.4019876330561127
2024-02-26,RR,361.2000122070313,363.6400146484375,353.1000061035156,353.29998779296875,57698221,332.7100006103516,88.48397493644025,8.61194195340379,73.03610339172708,191.96093426657688,0.0,11.749,11.749,57728041.0,8416696989.0,0.0068587524388066,361.2,0.4055201365897288
2024-02-27,RR,358.6000061035156,360.8269958496094,353.8999938964844,360.7000122070313,58529642,337.94000244140625,84.69387891284474,9.621449869443566,69.46565291966989,149.98596804701586,0.1909,,11.749,58529711.0,8416696989.0,0.0069540000164546,358.6,0.3968003250848435
2024-02-28,RR,370.5,373.5799865722656,360.1000061035156,360.1000061035156,48769003,343.77000122070314,95.7854582126668,10.733029186641865,76.82925543330609,162.27571022921802,0.08115714285714286,9.316,9.316,48768890.0,8416696989.0,0.0057943026894917,370.5,0.4002665578407761
2024-02-29,RR,369.1000061035156,371.2000122070313,361.2999877929688,367.6000061035156,60796416,348.6800018310547,93.86975740024262,11.803515226486311,75.65391724027828,135.18692820965796,0.11333333333333334,6.892,6.892,,,,,0.3898107343523608
2024-03-01,RR,374.7999877929688,376.2000122070313,368.1000061035156,375.0,45020674,353.8300018310547,98.15056249894177,12.856165429090778,84.18313086197068,131.43283130423157,0.4575833333333334,,6.892,45020210.0,8416696989.0,0.0053489165712913,374.8,0.3856140875512829
2024-03-04,RR,376.3999938964844,380.2999877929688,372.7000122070313,375.0,18910904,358.05,94.49611892293706,13.8386801727656,86.93361992203064,121.93869642117572,,3.438,3.438,18918686.0,8416696989.0,0.0022477565753793,376.4,0.3756203166355128
2024-03-05,RR,374.8999938964844,380.0,372.4490051269531,376.0,21703407,362.48999938964846,91.7304825330062,14.67025754781834,84.64088554285732,104.76515321370492,,,3.438,21819928.0,8416696989.0,0.0025924573533438,374.9,0.3774680895421919
2024-03-06,RR,379.0,380.4200134277344,374.0,376.7000122070313,37638626,367.4399993896485,97.8025180061668,15.395614362596453,83.98617989481981,98.39263497647866,,,3.438,44546684.0,8416696989.0,0.0052926562591262,379.0,0.3515340636889192
2024-03-07,RR,390.0,390.3599853515625,378.5,379.2999877929688,43446051,370.76000061035154,99.47339755895035,16.156778641356283,85.29101174975199,109.99942945874204,,,3.438,43445942.0,8416696989.0,0.0051618755025612,390.0,0.3494588801982892
2024-03-08,RR,386.3999938964844,393.5799865722656,384.0,391.2999877929688,27144601,374.0899993896484,89.6957614373045,16.806224294059213,79.93118844643446,105.27622101915227,,,3.438,27144549.0,8416696989.0,0.0032250833118355,386.4,0.3565741661580632
2024-03-11,RR,383.2000122070313,385.8999938964844,378.5,382.0,32245967,376.2899993896484,85.10336472976962,17.26224323839053,80.39218101897089,85.11941760501864,,3.148,3.148,,,,,0.3545550510873606
2024-03-12,RR,391.7999877929688,391.7999877929688,383.3999938964844,386.7000122070313,50549442,379.60999755859376,96.18427129767616,17.670984246177934,83.03289299098388,100.14925670952697,,,3.148,50563719.0,8416696989.0,0.0060075489311404,391.8,0.3520035152186281
2024-03-13,RR,393.7999877929688,397.6000061035156,388.6180114746094,392.2999877929688,30055940,381.93999633789065,92.17282038452304,18.020298564563937,76.8116179195839,106.43870830979772,,,3.148,30062150.0,8416696989.0,0.0035717277263621,393.8,0.3448639412865288
2024-03-14,RR,389.3999938964844,396.3989868164063,388.1000061035156,395.0,39388584,383.9699951171875,81.57300627633427,18.202782513153423,76.040181651961,93.9433657486638,,,3.148,39389641.0,8416696989.0,0.0046799404863308,389.4,0.3498143669127517
2024-03-15,RR,393.5,396.5,383.2000122070313,388.8999938964844,92456627,385.8399963378906,90.61783762418276,18.29505968726966,74.58143972471916,88.7419720738186,,,3.148,92456644.0,8416696989.0,0.0109849082271625,393.5,0.2141066117390691
2024-03-18,RR,390.0,398.3999938964844,388.0,390.5,63149087,387.1999969482422,78.06789406333316,18.228421083215885,73.57358843483644,87.98361132064944,,,3.148,63210666.0,8416696989.0,0.007510151082142,390.0,0.2127623392082246
2024-03-19,RR,400.7000122070313,402.4200134277344,388.2999877929688,390.2999877929688,66330810,389.7799987792969,95.81712026159605,18.19483664044414,73.08870727653327,106.083008940309,,3.049,3.049,61537883.0,8416696989.0,0.0073114053031047,400.7,0.2259754753197301
2024-03-20,RR,406.7000122070313,407.7000122070313,396.4819946289063,400.0,106653225,392.55,97.47474786396252,18.237987240170085,76.85715892558896,132.22693124778849,,2.948,2.948,107685424.0,8416696989.0,0.0127942617086889,406.7,0.2199491372728706
2024-03-21,RR,420.2000122070313,423.6000061035156,414.2999877929688,420.0,60052616,395.5700012207032,93.35302568557309,18.50078840548691,79.17739816031538,190.53141600551848,,3.622,3.622,60184339.0,8416696989.0,0.00715058877356,420.2,0.2339887083306955
2024-03-22,RR,419.8999938964844,425.7000122070313,417.5499877929688,421.8999938964844,22107144,398.9200012207031,89.10815282455619,18.840532162612043,78.43137254901961,179.95077376229864,,3.236,3.236,22107158.0,8416696989.0,0.0026265835670325,419.9,0.2159561362028068
2024-03-25,RR,421.1000061035156,424.3429870605469,418.0,420.8999938964844,72280480,402.7100006103516,91.10250480194271,19.1868962265634,80.31496378341014,162.9766398943344,,,3.62,72123624.0,8416696989.0,0.0085691125740014,421.1,0.213087625989846
2024-03-26,RR,428.0,429.7000122070313,420.7999877929688,422.6000061035156,32450634,406.3300018310547,96.67966444977178,19.585607349102016,81.0126582278481,165.20980758461442,,2.755,2.755,28639532.0,8416696989.0,0.0034027044145024,428.0,0.2136264196010651
2024-03-27,RR,422.0,429.2000122070313,421.9360046386719,427.2000122070313,25435732,409.1500030517578,84.96091724373883,19.855861441313586,71.62162162162161,132.16837859788544,,,2.755,25435705.0,8416696989.0,0.003022053072986,422.0,0.2259439212919456
2024-03-28,RR,426.7000122070313,430.5,411.3999938964844,421.1000061035156,20613164,412.8800048828125,92.69233116736778,20.061164414544184,76.83090215398819,108.40595469541184,,,2.755,20614293.0,8416696989.0,0.0024492141070233,426.7,0.2235959897244689
2024-04-02,RR,418.8999938964844,435.0,412.8179931640625,427.5,47006397,415.4200042724609,68.91889981159221,20.04482677537035,72.39646333240287,92.21557018829976,,,2.755,48972246.0,8416696989.0,0.0058184637113588,418.9,0.2395378481232752
2024-04-03,RR,424.0,429.7000122070313,417.3999938964844,419.7999877929688,72925214,418.82000427246095,78.76447376017892,19.926106944148703,71.12859662528776,87.18052374769643,,,2.755,72924926.0,8416696989.0,0.0086643164290347,424.0,0.2242183110652316
2024-04-04,RR,419.0,424.5950012207031,416.5,424.2000122070313,20652385,420.6500030517578,69.1119618329875,19.6242517200172,65.90908390322545,64.4491777161834,,,2.755,19849532.0,8416696989.0,0.0023583517412996,419.0,0.2264393198901979
2024-04-05,RR,421.1000061035156,422.0,407.5,410.0,26479716,422.0900024414062,73.16602862525937,19.21221126080742,70.61116838938005,45.06779429799072,,,2.755,26512959.0,8416696989.0,0.0031500431861394,421.1,0.2259181159845038
2024-04-08,RR,429.1000061035156,432.7999877929688,418.3999938964844,420.0,21856074,422.98000183105466,87.44682149684175,18.83655548457084,72.02968511404612,80.80398987913082,,,1.794,22467644.0,8416696989.0,0.0026694134325333,429.1,0.2183010986294278
2024-04-09,RR,412.2000122070313,428.2659912109375,404.7000122070313,426.3999938964844,46463280,422.2100036621094,51.17776909373926,18.190835566821114,61.7834368079286,24.166048835930205,,,1.794,46504962.0,8416696989.0,0.0055253221139811,412.2,0.2684287134198533
2024-04-10,RR,408.5,415.7999877929688,400.7000122070313,410.3999938964844,36949462,420.9500030517578,31.20100653008577,17.309202254600944,54.47246630820208,-15.79872908398218,,,1.794,36943390.0,8416696989.0,0.0043892978502472,408.5,0.2670627224179031
2024-04-11,RR,406.8999938964844,409.6000061035156,395.7000122070313,406.8999938964844,51801862,418.8400024414062,28.498689995666968,16.260941336050244,50.12076177404261,-46.07610077668225,,,1.794,51801542.0,8416696989.0,0.0061546164805149,406.9,0.2662469274087251
2024-04-12,RR,404.7000122070313,415.0,402.1000061035156,410.3999938964844,22520556,417.11000366210936,22.900770472020884,15.091031633963468,39.1608484135568,-34.063664592697315,,,1.794,22516837.0,8416696989.0,0.0026752581243482,404.7,0.264670307147626
2024-04-15,RR,406.7999877929688,413.2999877929688,400.6000061035156,404.0,28695150,415.1200012207031,28.24422145984336,13.905311801148878,41.0641181233984,-45.17062624873337,,,1.794,28700118.0,8416696989.0,0.0034099027252031,406.8,0.2475207718313457
2024-04-16,RR,397.7999877929688,402.2999877929688,394.0,399.0,22240134,413.01000061035154,9.268262909679878,12.59655711569256,35.635008287911305,-113.00004095714682,,,1.794,22251301.0,8416696989.0,0.0026437094063242,397.8,0.254420330163043
2024-04-17,RR,401.3999938964844,409.0,394.75,395.0,90815558,410.75,18.0487656011814,11.308019544533533,32.90488441960326,-96.033179314077,,,1.794,90695441.0,8416696989.0,0.0107756571394375,401.4,0.2240217148701578
2024-04-18,RR,402.5,406.7090148925781,398.0,406.2000122070313,35276400,409.1,20.73170731707317,10.091477628641709,36.625518882378856,-96.283359075179,,,1.794,35276255.0,8416696989.0,0.0041912231182972,402.5,0.2246583476454726
2024-04-19,RR,395.5,399.2999877929688,392.0,398.3999938964844,43758567,406.5399993896484,8.13953488372093,8.849152901662373,29.25531439999285,-138.8994290879159,,2.059,2.059,43758507.0,8416696989.0,0.0051990118044155,395.5,0.2309794400322141
2024-04-22,RR,406.2999877929688,408.5499877929688,398.7999877929688,401.5,25401886,404.25999755859374,35.04900017502734,7.807931211311127,41.9437282264639,-64.3732439105485,,,2.059,25483288.0,8416696989.0,0.0030277064783613,406.3,0.2452483449035551
2024-04-23,RR,417.2000122070313,417.7999877929688,406.6000061035156,407.5,64561423,404.75999755859374,61.76475428106399,7.103447238653176,45.952388218470986,5.75877148890109,,,2.059,64561375.0,8416696989.0,0.007670630781217,417.2,0.2664261873055729
2024-04-24,RR,417.0,424.2000122070313,414.5,417.2000122070313,144490375,405.60999755859376,61.27452813676666,6.627572886619534,48.73737393198127,42.48153632122811,,,2.059,212261100.0,8416696989.0,0.0252190497385624,417.0,0.2620463381617275
2024-04-25,RR,405.7000122070313,414.802001953125,400.5,414.1000061035156,96112155,405.48999938964846,33.578471338151324,6.124542451009963,41.289595610992,-39.6495574976862,,,2.059,93326915.0,8416696989.0,0.0110883063893082,405.7,0.2744458846815658
2024-04-26,RR,421.1000061035156,421.7999877929688,409.0,411.7000122070313,36051385,407.1299987792969,80.24048187255757,5.862599632175355,45.82463412349873,46.62429179200119,,,2.059,35839134.0,8416696989.0,0.0042580995902358,421.1,0.3024050928802638
2024-04-29,RR,414.7999877929688,424.2000122070313,411.3989868164063,421.2999877929688,43510772,407.92999877929685,70.80738866300835,5.651622173204698,51.52580705013264,46.75449015622801,,,2.059,73956329.0,8416696989.0,0.0087868589182496,414.8,0.3037695179077577
2024-04-30,RR,413.1000061035156,423.7000122070313,411.6000061035156,415.7999877929688,54038891,409.4600006103516,65.52794442390984,5.443645196329849,52.76442735329277,45.44176838929632,,,2.059,54015700.0,8416696989.0,0.0064176838100022,413.1,0.3013358485796034
2024-05-01,RR,407.5,411.0,408.5,413.0,10108551,410.0700012207032,48.136627714120536,5.146699365035689,50.34404026921269,-12.763893253681,-0.296,,2.059,18458651.0,8416696989.0,0.0021930991485287,407.5,0.3039966771957558
2024-05-02,RR,406.5,406.0,406.0,406.0,47513511,410.4700012207031,45.03103882933856,4.781871185683225,51.04650453079579,-35.74564322357682,0.06743333333333333,,2.059,62290525.0,8416696989.0,0.0074008277928276,406.5,0.3039645081531663
2024-05-03,RR,418.1000061035156,418.1000061035156,404.0,412.2000122070313,13155809,412.73000183105466,81.0558888478197,4.567793032423068,55.91623806259776,42.29622130967192,0.291875,4.95,4.95,,,,,0.2798379496231966
2024-05-07,RR,418.3999938964844,425.8999938964844,416.0,424.0,29887433,413.9400024414063,77.87610221139953,4.453799611285364,61.86636045963401,125.59898571179076,0.0,,4.95,29889270.0,8416696989.0,0.0035511876023412,418.4,0.2774250872102579
2024-05-08,RR,428.7000122070313,428.7000122070313,417.3999938964844,418.8999938964844,32806207,415.0900024414062,100.0,4.562692751019201,64.59893550805549,159.0422376746843,-0.0242,,4.95,32810584.0,8416696989.0,0.0038982731637934,428.7,0.2885190711642394
2024-05-09,RR,433.8999938964844,436.7000122070313,425.2000122070313,428.0,100297087,416.7800018310547,93.73597864452834,4.878141881866306,66.08606144101118,185.61407460543617,0.40164999999999995,,4.95,96196731.0,8416696989.0,0.011429273398546,433.9,0.2886434270393189
2024-05-10,RR,423.6000061035156,440.3999938964844,423.6000061035156,434.2000122070313,16823465,418.5700012207032,59.61541988440002,5.13107137992485,63.924681765761086,139.82817590563943,0.0,,4.95,16833386.0,8416696989.0,0.0019999990521222,423.6,0.3044243427878145
2024-05-13,RR,420.7000122070313,426.2000122070313,418.2000122070313,422.2999877929688,19215359,418.5300018310547,50.62660475447113,5.273593342650022,57.741948609711024,71.3222547788203,-0.028200000000000003,,4.95,19213501.0,8416696989.0,0.0022827839739402,420.7,0.2928444549731371
2024-05-14,RR,419.6000061035156,423.2999877929688,415.2000122070313,418.6000061035156,49667501,419.0100036621094,47.86969680513797,5.309873223491176,51.44230434175,48.22793436951883,0.0,,4.95,49667477.0,8416696989.0,0.0059010651167449,419.6,0.2925558512277577
2024-05-15,RR,426.5,428.3999938964844,417.0,421.7999877929688,25430594,420.3500030517578,65.1629172361625,5.375643871909412,55.283650650645896,78.86107452795711,,,4.95,25430560.0,8416696989.0,0.0030214417880595,426.5,0.2967931737909539
2024-05-16,RR,420.3999938964844,429.5,420.1000061035156,427.0,15321857,421.64000244140624,45.054935841811606,5.346876741577928,58.67767701730424,68.04449872888631,0.1531,,4.95,15322691.0,8416696989.0,0.0018205111839033,420.4,0.2941603241864121
2024-05-17,RR,418.1000061035156,420.7999877929688,413.2000122070313,419.5,18659793,422.8000030517578,38.7362869994257,5.211481607939537,47.90502721862016,8.559575138751761,-0.4019,,4.95,18659808.0,8416696989.0,0.0022169989040103,418.1,0.2955920669070293
2024-05-20,RR,436.7999877929688,437.8999938964844,417.7000122070313,418.3999938964844,70841281,424.6700012207031,90.1098716836232,5.302821009645905,63.0952476103629,136.5400754329587,0.39517500000000005,,4.95,70841453.0,8416696989.0,0.0084167759743025,436.8,0.3200845238673788
2024-05-21,RR,433.0,439.5,431.0,435.7000122070313,28192923,426.1300018310547,79.67034302937317,5.458772275557711,61.55633367749811,157.04795534599407,,,4.95,28192428.0,8416696989.0,0.0033495833385525,433.0,0.3109217101095637
2024-05-22,RR,428.0,439.7999877929688,424.3999938964844,431.7000122070313,63080461,426.0600006103516,65.93407698982608,5.554832057173147,61.98831265156183,102.88346729620106,0.5719,,4.95,63079926.0,8416696989.0,0.0074946176727569,428.0,0.3145721672300595
2024-05-23,RR,440.3999938964844,446.7000122070313,419.7999877929688,429.0,136516651,426.7100006103516,85.2458629753987,5.793491478810372,67.49226903232125,131.06650437650288,0.14392500000000003,,4.95,136516555.0,8416696989.0,0.0162197302788037,440.4,0.3099228730476401
2024-05-24,RR,444.7999877929688,445.2999877929688,435.2900085449219,437.0,25762447,428.8299987792969,94.32828533115672,6.166013464789289,64.882946102235,165.7871688081237,,,4.95,25762271.0,8416696989.0,0.0030608528539959,444.8,0.2844816656201928
2024-05-28,RR,451.0,460.2000122070313,442.1000061035156,448.7000122070313,138754576,431.85999755859376,80.42550594248671,6.687773676411235,67.05022219427258,201.83224189729225,-0.059199999999999996,5.532,5.532,133917717.0,8416696989.0,0.0159109585595181,451.0,0.2788673525621222
2024-05-29,RR,447.0,453.7999877929688,442.5,449.2999877929688,50721872,434.59999694824216,71.91486764461436,7.196661531356513,60.24636215133724,148.91789114461898,0.5243,5.491,5.491,49367871.0,8416696989.0,0.0058654684925119,447.0,0.2740224028853659
2024-05-30,RR,451.0,451.7999877929688,441.0150146484375,443.0,19315320,437.0499969482422,80.42550594248671,7.7182195167150685,59.70489033236469,131.31917947413717,0.0,,5.491,19314553.0,8416696989.0,0.002294790108904,451.0,0.2730192407430563
2024-05-31,RR,453.3999938964844,457.2000122070313,448.0,451.1000061035156,44051067,440.34999694824216,85.53187593500665,8.241077080327933,68.57855731676504,146.84660312765547,0.10115,,5.491,44051025.0,8416696989.0,0.0052337662930685,453.4,0.258939649629321
2024-06-03,RR,460.8999938964844,468.1000061035156,458.6000061035156,459.2999877929688,51917083,444.62999572753904,86.88522220857239,8.838215174941393,73.70283133451494,179.10734597986527,0.3454285714285715,,5.491,52117056.0,8416696989.0,0.0061921031573446,460.9,0.2620318810326526
2024-06-04,RR,448.0,462.7000122070313,448.0,460.2000122070313,31952810,445.7499969482422,63.387962954213066,9.224651953084706,64.69979816054088,106.0789696966746,0.08779999999999999,,5.491,31952793.0,8416696989.0,0.003796357768583,448.0,0.2869052100003327
2024-06-05,RR,453.2999877929688,458.0,448.7999877929688,450.7000122070313,19116764,447.7799957275391,73.04185800374994,9.522300935606612,64.10526579542673,95.2258857717489,0.18185,,5.491,19116740.0,8416696989.0,0.0022712876589218,453.3,0.2779175634586331
2024-06-06,RR,458.2000122070313,463.1000061035156,450.5,458.0,19410821,450.7999969482422,81.96722222747216,9.805169974126104,70.14927266947919,102.94570884032292,-0.34,,5.491,19410784.0,8416696989.0,0.0023062234538523,458.2,0.2773774993142073
2024-06-07,RR,456.8999938964844,462.2999877929688,451.0,458.2000122070313,15420780,452.4499969482422,77.77775086632997,10.020857769034048,70.90516858662158,88.95109837636619,-0.31325000000000003,,5.491,8234576.0,8416696989.0,0.0009783619406474,456.9,0.2601711632518506
2024-06-10,RR,465.0,467.2999877929688,455.4049987792969,456.7000122070313,29278150,454.4699981689453,93.58177033477708,10.289522256089034,67.15328954940172,106.6439787448132,-0.20214285714285715,5.174,5.174,27927858.0,8416696989.0,0.0033181493923922,465.0,0.2604412590427841
2024-06-11,RR,465.0,470.1000061035156,459.2999877929688,467.8999938964844,72423922,455.8699981689453,89.86082654676439,10.553855768516284,70.40815691012732,107.59229175001884,0.296,,5.174,72423775.0,8416696989.0,0.0086047739504763,465.0,0.2576151627497267
2024-06-12,RR,469.3999938964844,472.1000061035156,461.6000061035156,468.8999938964844,31182621,458.10999755859376,94.8374545664609,10.847762871139375,76.60667362007035,114.02551110817832,,,5.174,31182452.0,8416696989.0,0.0037048324349508,469.4,0.2483088848832415
2024-06-13,RR,467.7999877929688,471.7999877929688,465.3999938964844,469.2999877929688,25356193,459.7899963378906,88.31834122319037,11.09454762241837,70.44774732549988,110.96627293696372,0.40453333333333336,,5.174,25356074.0,8416696989.0,0.0030125919981601,467.8,0.247189984844078
2024-06-14,RR,457.7999877929688,469.0,452.3999938964844,468.0,19594181,460.2299957275391,53.99703316241128,11.11402925456012,58.9531635278975,58.97610724709173,0.0,2.453,2.453,,,,,0.2149232896581399
2024-06-17,RR,461.6000061035156,466.0,455.5,457.3999938964844,31122367,460.2999969482422,66.22164102835971,11.025316387823851,57.5498573021521,62.84422721831477,0.10115,,2.453,31121912.0,8416696989.0,0.003697639589577,461.6,0.2087150746108785
2024-06-18,RR,467.8999938964844,469.2999877929688,463.1000061035156,465.0,15613502,462.2899963378906,86.4886171414883,10.948823479848697,64.41378282690312,96.63186623738032,-0.552608510638298,,2.453,15609062.0,8416696989.0,0.0018545353385538,467.9,0.1905687066145664
2024-06-19,RR,472.5,474.6000061035156,467.8999938964844,467.8999938964844,10991331,464.2099975585937,92.1052420238427,10.932435517258146,64.70587498570141,122.84739819898864,-0.20525000000000002,,2.453,10991325.0,8416696989.0,0.0013058952953117,472.5,0.190492939572084
2024-06-20,RR,485.5,488.43798828125,469.6000061035156,478.0,44742966,466.93999633789065,92.73458347923736,11.137069429546434,69.17562109802701,181.47969787692293,0.3273875,7.326,7.326,44743055.0,8416696989.0,0.005315987382993,485.5,0.2061898779759299
2024-06-21,RR,473.2000122070313,488.5,468.0,484.5,55391480,468.5699981689453,62.22225236304013,11.247885567769131,56.94916049102594,134.7182866194047,-0.49653333333333327,7.369,7.369,55371994.0,8416696989.0,0.006578827071043,473.2,0.2305145743746916
2024-06-24,RR,471.2999877929688,488.5,471.2999877929688,476.2999877929688,42204102,469.1999969482422,56.67504554574176,11.238139391431458,65.03223835036673,126.57108350059292,0.0,7.458,7.458,42203986.0,8416696989.0,0.0050143169054508,471.3,0.2279675243632951
2024-06-25,RR,466.0,474.2000122070313,448.1000061035156,459.7999877929688,94495842,469.2999969482422,44.306922279119554,11.043165799958626,58.19354980976735,1.726742543476935,-0.013530769230769239,5.941,5.941,94496186.0,8416696989.0,0.0112272291759462,466.0,0.231918900728655
2024-06-26,RR,461.7000122070313,472.1499938964844,461.7000122070313,467.5,41719977,468.5299987792969,33.66338653011307,10.648542688465202,52.27568198233234,16.97295533339784,0.4019,10.078,10.078,50823849.0,8416696989.0,0.0060384553544487,461.7,0.227385357564775
2024-06-27,RR,454.7000122070313,467.1000061035156,453.5,465.0,17818588,467.2200012207031,16.33665123917249,10.01351882681844,48.66829205394,-58.15733292492897,0.2473,,10.078,17818408.0,8504896989.0,0.0020950762864083,454.7,0.2102166384583272
2024-06-28,RR,456.7999877929688,463.6000061035156,455.2999877929688,457.5,34208677,467.1200012207031,21.534611395597764,9.271786481525975,44.647509908256005,-62.2658485592993,0.17,10.117,10.117,34208647.0,8504896989.0,0.0040222294337302,456.8,0.2030943218448896
2024-07-01,RR,452.7999877929688,462.1000061035156,451.8999938964844,458.2999877929688,20244679,466.23999938964846,11.633619800774571,8.417104220467431,42.43175192154784,-86.50673344870339,,,10.117,20244603.0,8504896989.0,0.002380346643373,452.8,0.2052376096159361
2024-07-02,RR,446.2000122070313,455.6000061035156,445.3999938964844,450.7000122070313,24082607,464.0700012207032,1.856190712886276,7.411947957919763,35.99034199239345,-148.5233783077335,-0.1531,9.07,9.07,24082754.0,8504896989.0,0.0028316338259179,446.2,0.1994035488603028
2024-07-03,RR,455.7999877929688,457.0,445.8999938964844,450.0,34330227,462.4,24.129912816035677,6.501438133600537,43.392065154409664,-109.07996688131362,0.1779,,9.07,34329937.0,8504896989.0,0.0040364906293869,455.8,0.2161664482112556
2024-07-04,RR,461.8999938964844,464.2000122070313,453.0,460.7000122070313,10827260,460.0399993896484,38.28305722363717,5.780485234781423,52.359038706081776,-42.298833129690586,0.09554,7.465,7.465,10827385.0,8504896989.0,0.0012730765597753,461.9,0.2190900045517293
2024-07-05,RR,454.2000122070313,465.8999938964844,452.5,463.0,9892614,458.1399993896485,20.417673003134603,5.08011288097523,45.92510883663028,-65.33557241114396,0.05714999999999998,,7.465,9892225.0,8504896989.0,0.0011631210833939,454.2,0.2134983454213417
2024-07-08,RR,461.2999877929688,465.8999938964844,451.2999877929688,453.1000061035156,33111645,457.1399993896485,36.8909318905814,4.531052049076,46.39737202007633,-42.51967841929379,,,7.465,33111577.0,8504896989.0,0.0038932366897359,461.3,0.2208811901108995
2024-07-09,RR,447.7000122070313,464.2000122070313,447.7000122070313,461.2999877929688,115290022,455.3100006103516,5.336468642307836,3.878306172179524,37.6739443814812,-95.26221290865556,0.008600000000000007,,7.465,115290237.0,8504896989.0,0.0135557476062453,447.7,0.2427547916890304
2024-07-10,RR,454.2000122070313,455.7999877929688,441.6000061035156,447.3999938964844,19012165,454.5600006103516,26.865688151955435,3.2896547947068626,33.36873723837866,-109.57186180161229,,,7.465,19011987.0,8504896989.0,0.0022354164929439,454.2,0.2434898006380664
2024-07-11,RR,453.2000122070313,457.6000061035156,450.2000122070313,454.2000122070313,7831108,454.4100006103516,24.733491712426773,2.748582481003348,37.92268572814396,-74.43235421458887,0.45879999999999993,,7.465,7831106.0,8504896989.0,0.0009207761140585,453.2,0.2398654736244791
2024-07-12,RR,450.0,456.7999877929688,445.7000122070313,454.6000061035156,11254760,453.73000183105466,25.766847619020872,2.208376806209169,37.33648936201096,-92.9263826706467,,,7.465,11254663.0,8504896989.0,0.0013233156162333,450.0,0.2134319221237181
2024-07-15,RR,449.5,452.7999877929688,443.8999938964844,446.0,12177517,453.4000030517578,25.859237489785848,1.6840222525867794,39.59645148851375,-100.5032806474294,0.10223333333333334,6.237,6.237,,,,,0.1977067698211048
2024-07-16,RR,458.8999938964844,460.3999938964844,444.1000061035156,448.3999938964844,16247274,454.6700012207031,67.84308938419117,1.3432235920204965,48.34121886090436,-47.7456183554329,-0.05978333333333333,,6.237,16247949.0,8504896989.0,0.0019104227859566,458.9,0.2109019577755495
2024-07-17,RR,447.2000122070313,461.2000122070313,446.2000122070313,458.7000122070313,29850094,453.81000366210935,23.0453041837988,0.9456115852781662,45.79123887185473,-69.69972313634769,0.2402333333333333,,6.237,29850132.0,8504896989.0,0.0035097582061966,447.2,0.2284904029012194
2024-07-18,RR,434.6000061035156,452.3999938964844,434.6000061035156,449.2999877929688,20595309,451.0800048828125,0.0,0.3300525737421547,38.85541790287003,-169.82355561160864,0.316125,,6.237,20595341.0,8504896989.0,0.00242158617872,434.6,0.2457339733208219
2024-07-19,RR,446.1000061035156,449.8999938964844,427.7000122070313,431.2000122070313,66891520,450.27000427246094,48.16754637755375,-0.2071192506181857,46.872087327668815,-156.50353505145705,-0.46031999999999995,5.931,5.931,,,,,0.2620731115405391
2024-07-22,RR,443.2999877929688,449.8999938964844,440.3999938964844,445.2999877929688,13013154,448.4700042724609,40.83765199878249,-0.711200660140032,48.59630858167905,-115.88219567898116,,,5.931,13012690.0,8504896989.0,0.0015300232344765,443.3,0.2619254422723974
2024-07-23,RR,460.0,460.0,436.7000122070313,442.0,53930929,449.7000030517578,84.55498239646188,-0.9000569469064507,51.90218007256774,-9.47278947598163,-0.1531,,5.931,53930926.0,8504896989.0,0.0063411615766484,460.0,0.2943935140898195
2024-07-24,RR,443.8999938964844,462.8999938964844,441.1000061035156,455.7999877929688,20703697,448.6700012207031,42.4083493577325,-1.1362508574320298,42.524914669885376,-43.85043814180047,0.24739999999999998,,5.931,20703693.0,8504896989.0,0.0024343261331415,443.9,0.3209152527167723
2024-07-25,RR,431.0,436.0,423.3999938964844,433.7999877929688,24114705,446.45,17.882367302389707,-1.5929555212559294,40.76432455547834,-266.347050648744,0.23438333333333336,,5.931,24114391.0,8504896989.0,0.0028353536828475,431.0,0.3330526135018579
2024-07-26,RR,441.7999877929688,445.2999877929688,429.8999938964844,430.0,24148486,445.6299987792969,45.09800401665002,-1.9879926746913488,42.459396039842325,-129.46184639592124,0.46645000000000003,,5.931,24148516.0,8504896989.0,0.0028393660771239,441.8,0.3365223390156563
2024-07-29,RR,439.7999877929688,450.3999938964844,439.6000061035156,448.0,21256982,444.6599975585938,41.51897188983386,-2.351047121436074,46.64400017216372,-69.0642887724303,-0.11586666666666666,,5.931,20818054.0,8504896989.0,0.0024477726216937,439.8,0.3321022819660007
2024-07-30,RR,444.7000122070313,451.2000122070313,438.2999877929688,441.0,12519886,443.23999938964846,53.92409698872627,-2.5914879735712524,45.90870068757842,-46.94749787176663,0.35359999999999997,,5.931,12519894.0,8504896989.0,0.0014720806161665,444.7,0.3354371793318492
2024-07-31,RR,449.6000061035156,453.5,443.8999938964844,452.7999877929688,16291040,443.47999877929686,66.32914482792721,-2.658389627152137,48.49999783833877,3.6810934001108353,0.04096666666666667,,5.931,16291035.0,8504896989.0,0.0019154888085147,449.6,0.3334224267666488
2024-08-01,RR,481.1000061035156,503.0,477.5,493.0,62248492,448.1299987792969,72.48744696325201,-2.1043900676003804,60.48550312326692,353.1414655913059,-0.07330666666666667,5.509,5.509,62458664.0,8504896989.0,0.0073438472071775,481.1,0.4141274207168148
2024-08-02,RR,463.8999938964844,480.1000061035156,447.5,475.0,93934661,449.9099975585938,50.87939308362851,-1.4598830473986737,54.363633707010216,122.4749293372998,0.32411666666666666,8.004,8.004,93934664.0,8504896989.0,0.0110447738663375,463.9,0.4210733113370735
2024-08-05,RR,443.7999877929688,454.3999938964844,425.8999938964844,444.0,138193687,449.9599975585937,25.62813107068768,-1.1097903165715794,45.70290198301681,-74.68883910419319,0.0,9.202,9.202,138192778.0,8504896989.0,0.0162486127908115,443.8,0.4476872197593518
2024-08-06,RR,468.5,469.3999938964844,449.2550048828125,451.5,150362835,450.80999755859375,56.65829478061275,-0.5659794925735607,55.643873748165234,107.3802755964779,-0.14672,12.73,12.73,150362794.0,8504896989.0,0.0176795549898458,468.5,0.4903314915679081
2024-08-07,RR,479.7000122070313,482.5,472.5,473.2000122070313,43695425,454.3899993896485,70.72866079599498,0.2507222524771013,62.03950533845576,192.85878942720237,,11.821,11.821,43695607.0,8504896989.0,0.0051376997342254,479.7,0.4948228669719275
2024-08-08,RR,476.7999877929688,479.3999938964844,464.7000122070313,473.8999938964844,21384805,458.9699981689453,67.08541432401461,1.1488142425474717,58.58980522214035,134.24521718454235,,,11.821,21384845.0,8504896989.0,0.0025144155217468,476.8,0.4958887942792878
2024-08-09,RR,485.0,488.4219970703125,407.0400085449219,480.7000122070313,19209575,463.2899993896484,81.24218257311291,2.179048620801256,61.32536395632258,44.52574540816892,0.3295666666666666,14.882,14.882,19209166.0,8504896989.0,0.0022586006655747,485.0,0.494323065339246
2024-08-12,RR,486.7000122070313,490.0,480.2999877929688,486.6000061035156,62764337,467.98000183105466,83.01376693994467,3.260256908750809,57.89473589226056,160.74681638156304,0.4215,13.363,13.363,62764310.0,8504896989.0,0.0073797848558515,486.7,0.4672340106554242
2024-08-13,RR,492.0,492.0,483.2999877929688,490.7999877929688,24200860,472.7100006103516,88.53688935023567,4.393863355527769,65.1926664542197,146.1467166984096,-0.2202,,13.363,24200851.0,8504896989.0,0.0028455195908075,492.0,0.4614608323779865
2024-08-14,RR,499.1000061035156,499.8999938964844,492.5,496.8999938964844,56235038,477.6600006103516,95.935812584654,5.604148377280795,72.32785744917626,151.4109269737717,0.0,,13.363,56233953.0,8504896989.0,0.0066119499239945,499.1,0.4621027752006145
2024-08-15,RR,503.0,503.0,492.0,500.0,55111825,479.85,100.0,6.84849804066621,71.01647361237336,138.0241519339592,0.13546666666666668,,13.363,41726874.0,8504896989.0,0.0049062174478971,503.0,0.4598279456101093
2024-08-16,RR,501.0,505.0,498.0,504.0,15605188,483.5600006103516,95.91670033798005,8.001449951687809,71.01647361237336,125.6357302500856,0.0,,13.363,15604940.0,8504896989.0,0.0018348182253333,501.0,0.4462237199702858
2024-08-19,RR,500.0,501.2000122070313,489.2000122070313,495.0,26051490,489.1800018310547,94.89587542247504,9.002484538936795,69.51304135829642,96.88393185529354,-0.1161125,,13.363,26051530.0,8504896989.0,0.0030631211681569,500.0,0.4220523207554102
2024-08-20,RR,493.0,502.6000061035156,493.0,500.0,12191118,491.6300018310547,87.75010101394008,9.723625008617397,65.09039288919601,84.80319812727116,,,13.363,12191117.0,8504896989.0,0.0014334232402541,493.0,0.4084844853675573
2024-08-21,RR,492.5,496.5409851074219,488.3999938964844,493.8999938964844,67459534,492.9100006103516,87.23968855618759,10.201390576548526,55.05318522939436,66.41509587568508,0.477675,,13.363,67459494.0,8504896989.0,0.0079318413952867,492.5,0.4036980886258313
2024-08-22,RR,497.6000061035156,498.5,493.0,493.7999877929688,9863277,494.9900024414063,92.44590185588387,10.55968479656978,66.73286380139041,72.99721578328918,,11.804,11.804,,,,,0.4023635674472576
2024-08-23,RR,498.8999938964844,499.3999938964844,493.0,495.8999938964844,14711541,496.3800018310547,93.77296178479872,10.820987203527803,83.63856480285993,70.13293952133738,-0.0683,,11.804,14710659.0,8504896989.0,0.0017296692739519,498.9,0.4020615514018094
2024-08-27,RR,494.2000122070313,500.0,489.6520080566406,500.0,74620615,497.1300018310547,88.97510337378772,10.90815043559779,70.75929084867428,56.226038892585656,0.1837875,,11.804,74620595.0,8504896989.0,0.008773838777414,494.2,0.3242924556535487
2024-08-28,RR,500.2000122070313,500.2000122070313,492.7999877929688,496.8999938964844,23591378,497.9500030517578,95.10005286681768,10.952461980220663,68.07759751898064,64.56156640402232,0.0,10.297,10.297,,,,,0.2366848141317872
2024-08-29,RR,500.2000122070313,502.052001953125,497.1000061035156,501.2000122070313,22024650,498.06000366210935,95.10005286681768,10.942629156628154,71.7472395199323,71.18756754265087,0.10115714285714285,,10.297,22024406.0,8504896989.0,0.0025896146688767,500.2,0.1479592382643773
2024-08-30,RR,496.3999938964844,501.7999877929688,494.1000061035156,501.2000122070313,22664760,497.4000030517578,65.18217873160606,10.813807606774546,61.5384567864245,55.469428118002206,0.012499999999999983,8.837,8.837,22664765.0,8504896989.0,0.0026649076443035,496.4,0.1526046363155535
2024-09-02,RR,464.2999877929688,499.5,455.7999877929688,499.5,34847946,493.73000183105466,17.276418477768694,10.080375562547022,35.964894836715644,-67.76282492513936,,9.255,9.255,34848034.0,8504896989.0,0.0040974081220585,464.3,0.2699544463113785
2024-09-03,RR,472.2999877929688,486.3999938964844,469.7000122070313,474.7000122070313,36903479,490.9600006103516,33.536577045080406,9.111093206073033,38.0605986624053,-74.54678145423934,,,9.255,47566744.0,8504896989.0,0.0055928653882018,472.3,0.2694825848669238
2024-09-04,RR,480.7000122070313,484.1000061035156,460.3999938964844,460.7000122070313,25431717,489.73000183105466,50.60979316282364,8.158047284980213,39.02148575415729,-92.021266724868,,,9.255,25431776.0,8504896989.0,0.0029902509146075,480.7,0.2777864328841037
2024-09-05,RR,477.8999938964844,481.5,464.3999938964844,477.6000061035156,31700270,488.2700012207032,44.91870044771509,7.201871792277473,34.82467162254167,-91.75451149051904,,,9.255,31700265.0,8504896989.0,0.0037272955852375,477.9,0.2780675205256633
2024-09-06,RR,462.7000122070313,476.7999877929688,461.2720031738281,475.2999877929688,19921523,484.7800018310547,14.74363614192755,6.03493769107555,30.03129403408549,-133.83952149131446,,,9.255,15116549.0,8504896989.0,0.0017773935439254,462.7,0.2951173500606812
2024-09-09,RR,475.6000061035156,476.6000061035156,463.1000061035156,465.6000061035156,19779547,482.4500030517578,42.30771487985665,4.989133815684871,38.68275057885721,-115.38537357365855,,,9.255,19793140.0,8504896989.0,0.002327263931074,475.6,0.3091194674971477
2024-09-10,RR,474.7999877929688,479.3999938964844,471.6000061035156,473.7999877929688,22363854,480.51000061035154,41.07929210219677,4.049939716345628,41.04330430760266,-82.73915062190693,,,9.255,22363857.0,8504896989.0,0.0026295270864449,474.8,0.3068590547033667
2024-09-11,RR,479.1000061035156,481.2000122070313,472.0,475.2999877929688,17057528,478.4,50.37622411397308,3.2861743147988207,43.6432699654781,-61.75811006028412,,,9.255,17057468.0,8504896989.0,0.0020056054790624,479.1,0.3096143121420853
2024-09-12,RR,493.7999877929688,495.0,484.0,487.3999938964844,56978172,477.75999755859374,82.15858420439355,2.8994418332289174,48.34781856428897,20.6902567751005,,,9.255,56978172.0,8504896989.0,0.0066994546875398,493.8,0.3306975132433418
2024-09-13,RR,501.2000122070313,501.2000122070313,488.5,492.3999938964844,22317199,478.23999938964846,98.15794022905992,2.8807540904281588,50.94963543988506,58.54179679981874,,,9.255,22314879.0,8504896989.0,0.0026237682865367,501.2,0.3309085886225299
2024-09-16,RR,495.7999877929688,500.1000061035156,492.8999938964844,496.7999877929688,15217817,481.3899993896485,86.4827202151511,3.001009245079413,50.65680383528941,56.86504771465344,,,6.634,15217809.0,8504896989.0,0.0017892996258134,495.8,0.3314945680659748
2024-09-17,RR,495.0,501.3999938964844,489.1000061035156,495.7999877929688,14484780,483.6600006103516,84.75309220327979,3.182443897044537,47.7701510069222,50.8214985100534,,,6.634,14484800.0,8504896989.0,0.0017031129264392,495.0,0.3315459919356706
2024-09-18,RR,496.0,497.2000122070313,491.2000122070313,492.5,42135092,485.1899993896485,87.39133088485055,3.401414550990456,48.2142820071,49.21853767096837,,,6.634,42135095.0,8504896989.0,0.0049542157952643,496.0,0.3314895509402035
2024-09-19,RR,525.0,526.2379760742188,498.8909912109375,500.6000061035156,78255862,489.9,98.24245963800716,4.087358791153977,60.01400217512421,164.74194365076488,,,6.634,78255866.0,8504896989.0,0.0092012714676278,525.0,0.3887620284560896
2024-09-20,RR,526.2000122070312,528.0,517.2639770507812,518.7999877929688,79866788,496.25,97.33729640465944,5.0398642742671225,77.65861355939414,180.7103547926131,,,6.634,122214784.0,8504896989.0,0.0143699311300382,526.2,0.3873657656260345
2024-09-23,RR,530.2000122070312,532.8820190429688,521.7999877929688,523.4000244140625,36149488,501.7100006103516,96.29976283013998,6.161844062623054,76.83038858264487,178.18314836086336,,,6.634,36149600.0,8504896989.0,0.004250445366564,530.2,0.3875711348935568
2024-09-24,RR,526.5999755859375,535.3519897460938,520.4000244140625,532.2000122070312,15285783,506.8899993896485,88.18572388425234,7.259750457017281,72.25990295952147,150.28755750438614,,,6.634,15285783.0,8504896989.0,0.0017972919624741,526.6,0.3890615952526506
2024-09-25,RR,531.7999877929688,532.0440063476562,520.5999755859375,522.0,15307529,512.1599975585938,95.2051800796967,8.351430764987963,75.54499863611132,134.72555003574757,,,6.634,15336390.0,8504896989.0,0.0018032422990937,531.8,0.3877729023533052
2024-09-26,RR,526.7999877929688,535.9609985351562,525.7999877929688,534.7999877929688,22057448,515.4599975585937,87.42672802489959,9.283174317141455,83.63058850503748,123.22764667656058,,,6.634,22057470.0,8504896989.0,0.0025935023114951,526.8,0.2976186756473046
2024-09-27,RR,525.0,528.0460205078125,518.4000244140625,519.0,21008974,517.8399963378906,82.96950043646672,10.01595308657772,79.33487709078679,89.92106569237423,,,6.634,20721229.0,8504896989.0,0.0024363880040875,525.0,0.2988528357069346
2024-09-30,RR,527.2000122070312,528.6900024414062,521.2000122070312,521.7999877929688,44755384,520.9799987792969,86.30261170280275,10.597882637594315,80.60745597773075,84.19179161876556,,,6.634,44755334.0,8504896989.0,0.0052623017136933,527.2,0.2961155685642189
2024-10-01,RR,524.7999877929688,535.75,524.5999755859375,525.5999755859375,41290181,523.9599975585937,78.52040750403194,10.992311406218157,77.29983574489961,82.37560363162129,,,6.634,41288255.0,8504896989.0,0.0048546449243772,524.8,0.2946121224808258
2024-10-02,RR,518.7999877929688,528.2000122070312,514.0,523.7999877929688,30582680,526.2399963378906,63.84186748731033,11.127761512180854,66.66663953997471,50.86292874245149,,,6.634,30582324.0,8504896989.0,0.0035958488432669,518.8,0.297888111549086
2024-10-03,RR,533.4000244140625,533.7999877929688,520.4000244140625,520.5999755859375,60925009,527.0799987792968,94.53495543264556,11.3013609290644,69.58635012589409,72.64012415497149,,7.983,7.983,,,,,0.266820575031255
2024-10-04,RR,530.2000122070312,533.5999755859375,521.4000244140625,532.5999755859375,15743256,527.4799987792969,87.70622210673632,11.412958813267892,71.49998245241935,64.88574439345113,,,7.983,15743044.0,8504896989.0,0.0018510563996673,530.2,0.2688759998200231
2024-10-07,RR,526.5999755859375,535.4000244140625,525.0,533.0,12232854,527.1199951171875,79.08664728565897,11.396396269016408,69.08207147585357,63.08239334201356,,,7.983,12232858.0,8504896989.0,0.0014383311186274,526.6,0.2720904556059959
2024-10-08,RR,527.5999755859375,532.0,523.0,524.4000244140625,12509671,527.2199951171875,77.44531616599846,11.290353210630792,69.08207147585357,53.9642404710655,,,7.983,12509662.0,8504896989.0,0.0014708775445698,527.6,0.2544933181937122
2024-10-09,RR,531.0,532.7999877929688,520.0,528.7999877929688,12199288,527.1399963378906,77.40995917278333,11.162296856846408,55.24473733631537,53.00571900548763,,,7.983,12199265.0,8504896989.0,0.001434381276549,531.0,0.251135303270479
2024-10-10,RR,530.0,535.5999755859375,522.5999755859375,530.2000122070312,24238948,527.4599975585937,72.85643216261961,10.985760373251262,53.33331191755783,59.3139204477516,,,7.983,24238853.0,8504896989.0,0.0028499878401055,530.0,0.2515231205463662
2024-10-11,RR,537.2000122070312,537.2000122070312,522.7999877929688,531.4000244140625,18691366,528.6799987792969,100.0,10.877925037236066,55.81393462567929,78.55925222336931,,,7.983,18691341.0,8504896989.0,0.002197715154478,537.2,0.2487887864286356
2024-10-14,RR,538.5999755859375,539.0,526.7999877929688,533.5999755859375,52657431,529.8199951171875,98.39990234375,10.816345762595107,60.34480581390209,103.06889808406363,,,7.983,52659216.0,8504896989.0,0.0061916347803045,538.6,0.2479458641784764
2024-10-15,RR,540.5999755859375,550.0,532.5999755859375,540.0,27193128,531.3999938964844,73.88882107204861,10.794243170420362,58.02916984557468,185.8771832308644,,8.046,8.046,,,,,0.1437651645422094
2024-10-16,RR,560.0,560.0,546.7999877929688,547.7999877929688,29877663,535.5199951171875,100.0,11.08295624782112,73.9884015787965,375.6972350996304,,,8.046,29878538.0,8504896989.0,0.003513098164345,560.0,0.1886545513802112
2024-10-17,RR,569.0,572.7999877929688,560.2000122070312,560.2000122070312,20843399,539.0799926757812,93.53743438459836,11.669677193267985,78.79575630722034,329.547975762532,,8.078,8.078,,,,,0.190250476917158
2024-10-18,RR,567.4000244140625,568.2000122070312,557.4000244140625,563.4000244140625,43804291,542.7999938964844,90.81638690484225,12.360302584692212,76.5171200144294,216.82768039492152,,,8.078,43790069.0,8504896989.0,0.0051488065118997,567.4,0.1903373556744097
2024-10-21,RR,567.0,572.4000244140625,562.0,566.2000122070312,17624936,546.8399963378906,90.13607313424934,13.045295759952085,78.59075161623004,179.50188751722976,,,8.078,17624746.0,8504896989.0,0.0020723056402441,567.0,0.1850624662443953
2024-10-22,RR,561.2000122070312,571.2000122070312,561.2000122070312,567.7999877929688,14742396,550.2,78.03034418981014,13.568582011481102,78.80432619267181,133.72734427326134,,,8.078,14742317.0,8504896989.0,0.0017333916000472,561.2,0.190072338593569
2024-10-23,RR,561.4000244140625,565.0,556.2000122070312,560.7999877929688,30531262,553.2400024414062,78.40915527555414,13.935347500905474,73.64861939059772,98.64609391391028,,7.399,7.399,30531097.0,8504896989.0,0.0035898256074692,561.4,0.1885634197587721
2024-10-24,RR,554.7999877929688,561.4000244140625,550.4000244140625,559.0,97142083,555.7200012207031,65.90908302748316,14.047721150594004,69.64851214851215,65.60934771136458,,,7.399,102371322.0,8504896989.0,0.0120367503724506,554.8,0.188904978747928
2024-10-25,RR,556.2000122070312,563.5999755859375,552.0,552.0,65456573,557.6200012207031,68.56064503077768,13.985075084903963,74.50330690838172,64.67054020285356,,,7.399,65437348.0,8504896989.0,0.0076940788447684,556.2,0.1647993618000707
2024-10-28,RR,560.4000244140625,563.7999877929688,555.0,558.4000244140625,79329459,559.8000061035157,76.51521544374765,13.85114798934744,75.7861623148795,67.07732055504037,,,7.399,79329403.0,8504896989.0,0.0093274972174974,560.4,0.1656729898545992
2024-10-29,RR,554.5999755859375,564.2000122070312,541.4000244140625,562.5999755859375,25733085,561.2000061035156,63.74500441957648,13.555458045240004,67.87873631566585,35.376226590468335,,,7.399,25733030.0,8504896989.0,0.0030256721549105,554.6,0.1693207487547798
2024-10-30,RR,555.2000122070312,558.5999755859375,547.0,554.5999755859375,31563845,560.7200073242187,64.800048828125,13.15255643997106,69.20727991343449,31.02001755625404,,6.889,6.889,31563233.0,8504896989.0,0.003711183455934,555.2,0.1659851356981569
2024-10-31,RR,535.4000244140625,552.2000122070312,532.7999877929688,551.2000122070312,22841243,557.360009765625,18.69573178498641,12.35770283267594,48.8491146405293,-35.89114183867114,,,6.889,22839778.0,8504896989.0,0.0026854855537392,535.4,0.21374639421715
2024-11-01,RR,548.7999877929688,550.0780029296875,535.5999755859375,538.0,60456577,555.5000061035156,40.29852559148666,11.544471728469748,55.65410034516616,-18.233366341743498,,,6.889,60456405.0,8504896989.0,0.0071084229565852,548.8,0.2304608214292909
2024-11-04,RR,549.5999755859375,555.7999877929688,545.5999755859375,547.7999877929688,70334115,553.7600036621094,41.99996948242188,10.74880403524592,55.05617284035282,5.3860813375167655,,6.859,6.859,,,,,0.2262287601570527
2024-11-05,RR,560.0,560.4000244140625,541.4000244140625,546.5999755859375,70942202,553.6400024414063,68.00003051757812,10.147282579805513,50.0,20.523352346051187,,,6.859,70942115.0,8504896989.0,0.0083413256023858,560.0,0.2348306739811566
2024-11-06,RR,574.0,592.197998046875,570.0,570.0,54569546,554.9,69.36261337865568,9.89921508740959,52.94117224670806,170.27918184832933,,,6.859,46685635.0,8504896989.0,0.0054892651916163,574.0,0.2485589213876715
2024-11-07,RR,552.7999877929688,571.5999755859375,545.7999877929688,570.0,35214756,554.7,33.671161566703695,9.52489367279308,43.021025587462496,16.22814306247158,,,6.859,35214732.0,8504896989.0,0.004140524223344,552.8,0.2555389623186132
2024-11-08,RR,553.2000122070312,558.5999755859375,546.0,554.2000122070312,16251044,554.4,34.34462590052991,9.075734289290342,43.40345752548914,-26.5160439769683,,,6.859,16330775.0,8504896989.0,0.0019201614106698,553.2,0.2480167342350782
2024-11-11,RR,572.0,573.7999877929688,560.1500244140625,561.0,24901814,555.5599975585938,65.99549722198532,8.882470984735383,54.59182534834367,103.81074922686808,,,6.859,24901834.0,8504896989.0,0.0029279406948969,572.0,0.2778980841135736
2024-11-12,RR,558.0,574.0,558.0,568.7999877929688,25377406,555.9,42.425684125292726,8.616122795236077,48.70623263937274,47.52564295699429,,,6.859,25377333.0,8504896989.0,0.0029838495437184,558.0,0.2915331882110836
2024-11-13,RR,557.5999755859375,563.4000244140625,553.4000244140625,553.4000244140625,69325927,556.1399963378906,41.75221979146651,8.291908785349559,51.11820478832962,-4.176910688175575,,,6.859,69325859.0,8504896989.0,0.008151287321841,557.6,0.2915332079029578
2024-11-14,RR,545.2000122070312,559.5999755859375,544.5999755859375,556.7999877929688,31254691,557.1199951171875,20.876161273848435,7.731688323458977,45.96182302323726,-79.20984782273129,,,6.859,31254595.0,8504896989.0,0.0036748940099361,545.2,0.2997537426764064
2024-11-15,RR,538.7999877929688,543.0,534.0,541.2000122070312,26922515,556.1199951171875,10.101348470011107,6.933180538720474,42.19652337966976,-166.65901113272733,,,6.859,26916648.0,8504896989.0,0.003164841153845,538.8,0.3019793048031958
2024-11-18,RR,539.2000122070312,544.0,532.323974609375,539.0,11104095,555.0799987792968,11.484174944137267,6.017758008968891,44.21054273996327,-148.45738805008506,,,6.859,9878093.0,8504896989.0,0.0011614594524514,539.2,0.3020200232590324
2024-11-19,RR,527.5999755859375,541.2000122070312,521.0,540.0,23901372,551.8399963378906,9.269889276370158,4.878256046622602,40.41665801295895,-191.4647732064393,,,6.859,23846355.0,8504896989.0,0.0028038381923781,527.6,0.3081905217334058
2024-11-20,RR,526.2000122070312,531.7999877929688,523.0,526.0,37026299,547.0599975585938,7.303593288687262,3.6245858825018606,46.33757582619759,-175.56937200191584,,,6.859,37126260.0,8504896989.0,0.0043652803847028,526.2,0.3076564531444275
2024-11-21,RR,540.7999877929688,545.4000244140625,517.2000122070312,526.2000122070312,24308445,545.8599975585937,31.46747918848732,2.589749681927241,46.84542708227036,-105.9763913185487,,,6.859,24307636.0,8504896989.0,0.0028580752984355,540.8,0.3243818002924764
2024-11-22,RR,545.5999755859375,546.4000244140625,535.7999877929688,540.2000122070312,15593141,545.0999938964844,37.86763479162445,1.817000632252333,48.47094858303298,-46.77008640723822,,,6.859,15592995.0,8504896989.0,0.0018334137403624,545.6,0.3246663595535674
2024-11-25,RR,542.5999755859375,550.5999755859375,535.0,549.2000122070312,31097848,542.1599914550782,33.86752736686451,1.1970269535351257,42.949748390779234,-40.59131745266679,,,6.859,28097516.0,8504896989.0,0.003303686809651,542.6,0.3250492836648876
2024-11-26,RR,542.0,544.7999877929688,529.0,540.5999755859375,16715296,540.5599914550781,43.6619597232356,0.6930094356584021,35.45454545454547,-61.16614412066823,,,6.859,16715112.0,8504896989.0,0.0019653514935711,542.0,0.325030229168764
2024-11-27,RR,539.5999755859375,548.2000122070312,538.0,540.5999755859375,11143921,538.7599914550781,39.436563719964624,0.2482219276009504,42.76315217093054,-36.17843180735476,,,6.859,11143885.0,8504896989.0,0.0013102904143828,539.6,0.2986972366113445
2024-11-28,RR,545.5999755859375,548.0,540.0,541.7999877929688,6103950,538.7999877929688,49.99994627185795,-0.0409641138855031,46.07436075438958,-21.33345501669513,,,6.859,6102818.0,8504896989.0,0.0007175651871966,545.6,0.2874539069620607
2024-11-29,RR,558.5999755859375,560.0,541.9439697265625,544.5999755859375,24886536,540.7799865722657,72.88727513429349,-0.009961787565472,42.63734922304258,34.04012266935378,,7.326,7.326,24886425.0,8504896989.0,0.0029261289151635,558.6,0.2998008821838289
2024-12-02,RR,573.0,573.0,554.4000244140625,560.7999877929688,15108644,544.1599853515625,100.0,0.4498698956261827,58.20568708605954,105.93386856731328,,,6.718,15108003.0,8504896989.0,0.0017763887110614,573.0,0.306162644822596
2024-12-03,RR,591.4000244140625,591.4000244140625,570.2000122070312,571.7999877929688,30776283,550.539990234375,100.0,1.4469146738129357,65.44791649232039,176.3129363804965,,,6.718,30772907.0,8504896989.0,0.0036182574627065,591.4,0.3143868538888025
2024-12-04,RR,594.7999877929688,599.7999877929688,590.2000122070312,593.7999877929688,20669150,557.3999877929688,93.94672944570308,2.7793540963390413,74.70117705419118,212.6048768515879,,6.558,6.558,,,,,0.2795360446116691
2024-12-05,RR,588.5999755859375,595.5999755859375,583.0,590.0,24770801,562.1799865722656,86.44065917988233,4.14691142411794,74.8502902824368,155.3747777033556,,,6.558,24745783.0,8504896989.0,0.0029095923245167,588.6,0.2596277117777309
2024-12-06,RR,586.4000244140625,591.7999877929688,582.0,588.2000122070312,76888478,566.2599914550781,83.77727924996195,5.420239773613908,73.13727473077196,122.48177600905592,,,6.558,76888261.0,8504896989.0,0.0090404694024448,586.4,0.2418766986660471
2024-12-09,RR,582.4000244140625,588.0,577.0,587.2000122070312,63254926,570.2399963378906,78.93466280652441,6.491585762221353,79.02547961785746,98.82030232250256,,,3.937,56748588.0,8504896989.0,0.0066724603570621,582.4,0.2264341948407764
2024-12-10,RR,565.7999877929688,582.4000244140625,564.5999755859375,578.5999755859375,22921957,572.6199951171875,58.83776023078094,7.100531866858004,68.06568631709553,53.974954913179005,,,3.937,22921794.0,8504896989.0,0.0026951289392036,565.8,0.2480848222122517
2024-12-11,RR,577.0,577.2000122070312,562.4000244140625,564.4000244140625,38399196,576.3599975585937,67.79662185869324,7.550238826386383,67.04331828910776,53.56602766595636,,4.326,4.326,38399005.0,8504896989.0,0.0045149288756423,577.0,0.2553421818050633
2024-12-12,RR,575.4000244140625,583.2000122070312,575.4000244140625,577.7999877929688,18755100,579.3400024414062,65.53676894654853,7.833828195255222,64.46604312044903,65.57054580288433,,4.376,4.376,,,,,0.2382664610084455
2024-12-13,RR,572.5999755859375,581.0,570.0,574.2000122070312,8075118,580.7400024414062,61.581897038501296,7.9359040304317885,64.59143275805152,48.72154061842527,,,4.376,8074945.0,8504896989.0,0.0009494465377351,572.6,0.2239106907928436
2024-12-16,RR,583.7999877929688,586.4000244140625,572.2000122070312,573.0,10297107,581.8200012207031,74.11002724854843,8.079461838131092,68.43031582709303,63.01901089081122,,,4.376,10295734.0,8504896989.0,0.0012105653970078,583.8,0.2307646304968993
2024-12-17,RR,581.0,589.0,576.5999755859375,586.2000122070312,16452033,580.7799987792969,68.56188690530261,8.178407307318158,68.18980960042907,62.3986560408862,,1.261,1.261,,,,,0.2301535841396886
2024-12-18,RR,586.7999877929688,590.0,578.5999755859375,581.0,17620383,579.9799987792969,77.53042737044433,8.318098915220428,68.13380234394266,68.4546957303646,,,1.261,17620170.0,8504896989.0,0.0020717675972783,586.8,0.2291861443234708
2024-12-19,RR,579.5999755859375,586.4400024414062,571.7999877929688,577.7999877929688,16171546,579.0799987792968,55.50654515193599,8.34217592893577,59.7402553284007,41.444608527023945,,,1.261,16171117.0,8504896989.0,0.0019013889316843,579.6,0.2349220652649824
2024-12-20,RR,575.4000244140625,579.0,562.5999755859375,577.7999877929688,23870849,577.9799987792969,34.7593923242504,8.20650452362224,51.22952101148287,6.170406506241218,,,1.261,23870664.0,8504896989.0,0.0028066964280547,575.4,0.2242658708931575
2024-12-23,RR,575.5999755859375,585.0,572.2000122070312,575.2000122070312,6533098,577.2999938964844,35.29402164955015,7.962303843707625,40.050334848196,26.35215127282958,,,0.83,6532722.0,8504896989.0,0.0007681130069475,575.6,0.2052261973556845
2024-12-24,RR,575.5999755859375,583.7999877929688,574.5999755859375,581.5999755859375,3908850,578.2799926757813,39.758947546456646,7.644732819129838,37.36840287732807,21.270090889399345,,,0.83,3908748.0,8504896989.0,0.0004595879297604,575.6,0.1673849014209613
2024-12-27,RR,578.0,581.2000122070312,571.2000122070312,575.5999755859375,8634979,578.3799926757813,53.06120754262605,7.318689377144002,42.659291721192574,2.3973865996712966,,0.829,0.829,,,,,0.1665946848861771
2024-12-30,RR,570.4000244140625,575.4000244140625,567.2000122070312,575.2000122070312,8792530,577.8799926757813,28.985532886036648,6.866493378804345,39.69071840603808,-70.31736588822024,,,0.829,8792095.0,8504896989.0,0.0010337685466821,570.4,0.168822886766838
2024-12-31,RR,568.5999755859375,572.2000122070312,565.0,566.4000244140625,9132950,577.4799926757812,22.463611073025533,6.314563408473426,40.84877694976501,-115.47261058718072,,,0.829,9132946.0,8504896989.0,0.0010738455752976,568.6,0.1687338913049939
2025-01-02,RR,588.4000244140625,588.5390014648438,567.0,569.0,16730522,577.9399963378906,94.2029818796191,6.03056124534117,64.37660692834119,25.08049187412118,,,-0.836,16730195.0,8504896989.0,0.0019671249424464,588.4,0.2107809938980044
2025-01-03,RR,585.0,588.2000122070312,580.5999755859375,587.2000122070312,6438560,578.3399963378906,81.75184107706907,5.8613886311271886,55.64971361772708,65.95050303586734,,,-0.836,6438252.0,8504896989.0,0.0007570052886386,585.0,0.1827422647399432
2025-01-06,RR,570.0,580.0,558.4000244140625,579.7999877929688,19109873,576.6599975585938,36.708811860917,5.520381731895137,46.7933374603308,-116.54433093915472,,-1.426,-1.426,,,,,0.1938270685287845
2025-01-07,RR,576.5999755859375,580.10400390625,565.5999755859375,569.7999877929688,16269992,576.3599975585937,57.59482668706324,5.182265266103634,52.27272727272727,-46.65484290844406,,,-1.426,16269951.0,8504896989.0,0.0019130097661433,576.6,0.1984475015690611
2025-01-08,RR,578.0,584.4000244140625,572.2000122070312,574.4000244140625,12009385,576.6199951171875,62.0252871165502,4.874210232885758,46.29156848619568,21.016321274446,,,-1.426,12009201.0,8504896989.0,0.0014120336807761,578.0,0.1976760542550865
2025-01-09,RR,581.4000244140625,584.7999877929688,571.2000122070312,572.7999877929688,18361106,577.2,72.78486635994545,4.644281969781423,50.25382244047527,39.84492137121265,,,-1.426,18360938.0,8504896989.0,0.0021588665945922,581.4,0.1858311721539428
2025-01-10,RR,580.0,588.2000122070312,574.2000122070312,584.0,12840746,577.6400024414063,71.66791211773258,4.442453442208493,45.430120979088095,62.08990529267227,,,-1.426,12840447.0,8504896989.0,0.0015097710197557,580.0,0.1852301256464801
2025-01-13,RR,567.4000244140625,577.7999877929688,561.7999877929688,577.2000122070312,27535440,576.5800048828125,29.86166380111665,4.057666967881236,42.35592499564034,-132.34796486536578,,-0.521,-0.521,23200549.0,8504896989.0,0.0027279047623982,567.4,0.20060917798911
2025-01-14,RR,566.4000244140625,580.4000244140625,564.7999877929688,569.7999877929688,32926424,576.1800048828125,26.54370115654813,3.5531744800707004,44.12533386028544,-93.41872023563089,,,-0.521,32926106.0,8504896989.0,0.0038714291357773,566.4,0.1923068867927647
2025-01-15,RR,563.4000244140625,569.2000122070312,557.0,566.7999877929688,16406343,575.660009765625,20.29241293893388,2.944137260708424,42.31742527435021,-170.01224811043608,,,-0.521,14405922.0,8504896989.0,0.0016938385048792,563.4,0.1916011637069848
2025-01-16,RR,578.7999877929688,583.0,567.2000122070312,568.7999877929688,21546643,574.7000061035156,69.1207291938808,2.5404873034777387,51.68776819544104,6.17209652900839,,-1.156,-1.156,19685748.0,8504896989.0,0.0023146368527991,578.8,0.2164269687336731
2025-01-17,RR,588.0,588.7999877929688,577.5679931640625,581.2000122070312,27940149,575.0000061035156,97.48431415075687,2.42772063798091,54.92125511229016,117.39357804260648,,,-1.156,27939784.0,8504896989.0,0.0032851407884347,588.0,0.2233161779897424
2025-01-20,RR,595.4000244140625,596.7990112304688,584.7999877929688,588.0,13318674,577.5400085449219,96.48487041975748,2.6157152005039044,62.3273983651751,201.65912943942632,,,-1.156,13318018.0,8504896989.0,0.001565923492927,595.4,0.2267913836241223
2025-01-21,RR,594.0,599.4000244140625,589.5999755859375,596.2000122070312,13632741,579.2800109863281,87.26410069643376,2.954067772527723,62.57425431445516,191.64520592232765,,,-1.156,13632462.0,8504896989.0,0.0016028956044537,594.0,0.2271620090792184
2025-01-22,RR,603.4000244140625,608.5999755859375,596.0,599.5999755859375,55831519,581.8200134277344,89.92257048026174,3.512163812544885,58.27813677249675,226.0870500800777,,0.898,0.898,55830858.0,8504896989.0,0.0065645542882189,603.4,0.2248721060481737
2025-01-23,RR,611.5999755859375,611.5999755859375,598.0,605.0,70632081,584.8400085449218,100.0,4.301554984569703,63.941283426976,206.5518234535994,,,0.898,70630972.0,8504896989.0,0.0083047416201927,611.6,0.2275696286706428
2025-01-24,RR,605.5999755859375,624.7999877929688,604.5999755859375,622.4000244140625,54606737,587.4000061035156,71.68139282611729,5.089005665109549,70.60183190188036,189.87060272351223,,,0.898,54605133.0,8504896989.0,0.0064204343768801,605.6,0.2002473033591855
2025-01-27,RR,589.7999877929688,599.4000244140625,576.0,597.0,18996801,589.6400024414063,48.37757182659891,5.570282166671207,56.90376943020894,37.58339797584136,,2.503,2.503,18995227.0,8504896989.0,0.0022334458635498,589.8,0.1993256590748999
2025-01-28,RR,582.7999877929688,591.2000122070312,579.4000244140625,589.7999877929688,23574084,591.2799987792969,38.053086191918695,5.710048603454313,52.37153518477305,9.17984512149796,,,2.503,23573291.0,8504896989.0,0.0027717315130905,582.8,0.2051027160621301
2025-01-29,RR,584.2000122070312,593.2000122070312,581.5999755859375,582.7999877929688,14744222,593.3599975585937,40.11801932780296,5.637758576271314,51.41128399617792,16.422142127949797,,1.467,1.467,,,,,0.2014090474030864
2025-01-30,RR,596.0,597.4000244140625,584.0,585.4000244140625,26399855,595.0799987792968,57.52213425036121,5.611757549678706,57.29927169894959,53.30204291933988,,,1.467,26399191.0,8504896989.0,0.0031039989119379,596.0,0.2124828387728527
2025-01-31,RR,606.0,608.7999877929688,597.5999755859375,599.2000122070312,35061643,596.8799987792969,72.27139944276152,5.762886417614452,68.03737176912966,112.9406303587536,,2.524,2.524,35060581.0,8504896989.0,0.0041223992536707,606.0,0.2188308439688838
2025-02-03,RR,595.4000244140625,599.0,585.823974609375,596.7999877929688,52027573,596.8799987792969,56.63721434776542,5.8348632434159295,62.43568013383767,42.20518514413966,,,2.613,52027056.0,8504896989.0,0.006117305837718,595.4,0.2131129243568178
2025-02-04,RR,593.5999755859375,600.5999755859375,588.1920166015625,594.7999877929688,52647784,596.8399963378906,45.833289181725895,5.811438397147553,63.08489808611984,41.45302780970628,,,2.613,52645665.0,8504896989.0,0.0061900414629466,593.6,0.2134937701684015
2025-02-05,RR,601.7999877929688,602.0,585.5999755859375,589.2000122070312,60713082,596.6799926757812,52.86884066943576,5.847026562154473,60.62845860950501,51.105402837982346,,2.691,2.691,57532850.0,8504896989.0,0.0067646733492964,601.8,0.2150871688015875
2025-02-06,RR,606.0,608.7999877929688,594.2000122070312,606.5999755859375,10351126,596.1199951171875,61.47542521377944,5.971419534438,58.72092404322138,84.65981183962323,,,2.691,10346796.0,8504896989.0,0.0012165692322178,606.0,0.1963523054589776
2025-02-07,RR,602.7999877929688,607.7999877929688,598.7999877929688,606.0,12475576,595.8399963378906,54.91802150989508,6.080288355507594,53.73735293773123,78.39668577921302,,,2.691,12474542.0,8504896989.0,0.0014667481588706,602.8,0.1913319422628845
2025-02-10,RR,613.4000244140625,614.7999877929688,598.2000122070312,603.0,27722707,598.2,76.63941346200748,6.328979042158326,58.96488506557608,109.29156499210602,,,2.691,27720727.0,8504896989.0,0.0032593842154529,613.4,0.1960045416292386
2025-02-11,RR,620.0,620.0,610.9110107421875,615.0,12391232,601.9200012207032,90.16395698020985,6.743144320948661,57.8747494026779,149.49890734941124,,,2.691,12389469.0,8504896989.0,0.0014567453334266,620.0,0.1980465054085026
2025-02-12,RR,620.7999877929688,621.2000122070312,612.0,620.5999755859375,9664031,605.5799987792968,91.80327663816274,7.236708988128841,54.69388085571235,142.33641382610332,,,2.691,9663351.0,8504896989.0,0.001136210234233,620.8,0.1979077248026121
2025-02-13,RR,624.4000244140625,630.4000244140625,619.7999877929688,624.5999755859375,82017469,608.4200012207032,88.97059318515859,7.795108736383874,59.832651476844966,169.06944034140167,,,2.691,82014108.0,8504896989.0,0.0096431630043344,624.4,0.1919179243876432
2025-02-14,RR,624.5999755859375,626.5999755859375,617.5999755859375,622.2000122070312,29913556,610.2799987792969,88.6273552389706,8.350297094445096,71.74997577669085,140.26302842669918,,,2.691,29912847.0,8504896989.0,0.0035171321932162,624.6,0.1868013720063307
2025-02-17,RR,635.4000244140625,639.4000244140625,628.7999877929688,633.5999755859375,23038323,614.2799987792969,93.0795906212909,9.02764517937519,81.38422891503961,183.14932623107316,,,2.691,23035288.0,8504896989.0,0.0027084734864858,635.4,0.1905067260605436
2025-02-18,RR,644.4000244140625,647.0,637.2000122070312,642.7999877929688,17128806,619.3600036621094,95.87305462549604,9.869066822723909,82.93214219174772,190.1968568323313,,,2.691,17122870.0,8504896989.0,0.0020132954017134,644.4,0.1946573386388936
2025-02-19,RR,642.5999755859375,649.7999877929688,638.7999877929688,642.4000244140625,11238893,623.4400024414062,88.78502984732657,10.718005553590569,78.62401211703133,160.71783552232222,,,2.691,11236281.0,8504896989.0,0.0013211542731831,642.6,0.1632209687722641
2025-02-20,RR,618.4000244140625,642.0,618.4000244140625,641.7999877929688,41403298,624.6800048828125,51.09040902103241,11.116628488447631,56.485361792541966,71.44834112903558,,,2.691,41398852.0,8504896989.0,0.0048676488443709,618.4,0.2147451483637531
2025-02-21,RR,611.4000244140625,620.7999877929688,608.4000244140625,611.7999877929688,18066414,625.5400085449219,40.18698430293967,11.075087776825388,58.69564063609163,15.592054823067247,,3.036,3.036,14681744.0,8504896989.0,0.0017262694679299,611.4,0.2207398932164974
2025-02-24,RR,606.2000122070312,619.4000244140625,604.5999755859375,612.0,32289936,624.8200073242188,32.0872783554356,10.651633128700489,56.60378686337798,-4.326533409467694,,,3.036,32305675.0,8504896989.0,0.0037984792810287,606.2,0.2133845568892295
2025-02-25,RR,615.0,619.7999877929688,602.5999755859375,602.5999755859375,18028895,624.3200073242188,37.41006641418299,10.127121855597164,56.87500198682022,0.3088452806895565,,,3.036,18020662.0,8504896989.0,0.0021188571740854,615.0,0.2112980394074356
2025-02-26,RR,631.0,632.5999755859375,619.2000122070312,621.0,28670368,625.3400085449218,63.565897891447264,9.798954891455,61.59554205761988,68.63232369736868,,,3.036,28662449.0,8504896989.0,0.0033701112473285,631.0,0.2293635349613198
2025-02-27,RR,731.5999755859375,761.2000122070312,674.2919921875,735.0,141250358,636.0600036621094,81.84046833061733,11.1937358460586,81.38401075313274,380.9433427739303,,2.608,2.608,141905109.0,8504126906.0,0.0166866170470575,731.6,0.5957749764602119
2025-02-28,RR,744.0,758.4000244140625,732.2000122070312,735.2000122070312,77890567,648.0000061035156,89.15510199526419,13.767632813771218,81.54588782269022,313.6984436827866,,3.126,3.126,77876138.0,8503422839.0,0.0091582106963833,744.0,0.5937683401065469
2025-03-03,RR,776.7999877929688,798.4000244140625,766.5999755859375,775.4000244140625,37579526,662.1400024414063,88.96831908348784,17.437574351477217,83.61920660059062,274.69749146361664,,6.006,6.006,,,,,0.6046403324325439
2025-03-04,RR,786.4000244140625,798.0,776.5999755859375,784.7999877929688,32908635,676.3400024414062,93.87129877044428,21.71553021027068,84.21487497001837,208.8798090256303,,,6.006,32864692.0,8502094173.0,0.0038654820014071,786.4,0.6041743929762957
2025-03-05,RR,805.2000122070312,816.2000122070312,796.2000122070312,805.0,48724978,692.6000061035156,94.85018814883774,26.400768890459737,85.14774090435017,178.78804157143503,,,6.006,57373379.0,8501536370.0,0.0067485894905369,805.2,0.6008545718112958
2025-03-06,RR,804.7999877929688,812.4000244140625,792.5999755859375,810.5999755859375,32645535,711.2400024414062,94.66291083353836,31.02912175059304,85.00387575484741,141.6490965940071,,,6.006,32627035.0,8500846519.0,0.0038380924684472,804.8,0.6033295423965219
2025-03-07,RR,801.4000244140625,813.2000122070312,800.7999877929688,806.4000244140625,31808188,730.2400024414062,93.07116795151934,35.25422770086577,83.2,120.44227721905249,,4.818,4.818,,,,,0.6071950934214833
2025-03-10,RR,732.7999877929688,812.0,732.7999877929688,808.4000244140625,109187068,742.9,60.9550514441127,37.83027422979045,64.27647818515848,67.90288070181288,,,4.818,109224851.0,8498501922.0,0.0128522476081638,732.8,0.7018513146864043
2025-03-11,RR,747.4000244140625,748.5999755859375,719.5999755859375,738.2000122070312,32601477,756.1400024414063,67.79027340945011,39.38439385519804,66.25310807878986,43.468850227254855,,3.56,3.56,,,,,0.7023834466700695
2025-03-12,RR,781.0,781.0,750.4000244140625,756.2000122070312,24028446,771.1400024414063,83.5205963613795,40.66282296298692,74.50270519251274,65.7864150832244,,,3.56,23897776.0,8497620210.0,0.0028122904306639,781.0,0.7137760568457071
2025-03-13,RR,771.4000244140625,786.0,766.4000244140625,783.4000244140625,17464226,775.1200073242187,79.02622653925866,41.45559642658471,73.92344322946042,62.984801268364464,,,3.56,27897573.0,8496921960.0,0.0032832563522803,771.4,0.7169253443397875
2025-03-14,RR,796.4000244140625,798.4000244140625,773.0,779.0,21962657,780.360009765625,90.73034438280924,42.206786555158274,76.8492385166631,70.4842504344239,,,3.56,20819988.0,8496628098.0,0.0024503824058041,796.4,0.6979039347211082
2025-03-17,RR,801.5999755859375,806.5999755859375,788.4000244140625,795.7999877929688,39386164,782.8400085449218,92.58881389792197,42.879298806943495,76.61152147459276,74.11030546780401,,,3.56,39376442.0,8496104910.0,0.0046346463958623,801.6,0.6965992948016799
2025-03-18,RR,811.2000122070312,814.0,795.4000244140625,802.0,15554294,785.3200073242188,96.47659096412464,43.52267546814833,76.17664233240114,76.43904491952664,,,3.56,15558049.0,8495484482.0,0.0018313315777297,811.2,0.6902783956863356
2025-03-19,RR,812.7999877929688,818.0,802.677001953125,808.5999755859375,18681274,786.0800048828125,94.7154360601072,44.04039333280865,66.55791357352608,76.51561173969895,,,3.56,18674387.0,8494924324.0,0.0021982993947622,812.8,0.6865186157419024
2025-03-20,RR,796.5999755859375,815.5999755859375,783.4000244140625,811.0,28678742,785.2600036621094,78.25201310518761,44.09337237417791,60.56224409356175,59.40484902016854,,3.648,3.648,25241589.0,8493913779.0,0.0029717265393494,796.6,0.6980461664193208
2025-03-21,RR,800.5999755859375,805.5999755859375,791.5999755859375,792.2000122070312,24201521,785.1799987792969,82.31705274701554,43.81560482470793,55.40417494858993,57.30946499801845,,4.285,4.285,24194159.0,8493326669.0,0.0028486080828972,800.6,0.4317819635907713
2025-03-24,RR,790.0,809.2000122070312,787.5999755859375,801.5999755859375,13026531,790.9,71.5447225072045,43.07611170767272,50.813737879883234,49.0160527643367,,,4.285,13021057.0,8492302980.0,0.0015332774902951,790.0,0.4338799158483775
2025-03-25,RR,801.7999877929688,805.2000122070312,786.0,790.0,42392553,796.3399963378906,83.5365770450804,42.1760661426705,49.206343326536455,49.63236622628207,,,4.285,39581250.0,8491888488.0,0.0046610656812006,801.8,0.4092351087363843
2025-03-26,RR,801.5999755859375,815.2000122070312,793.5999755859375,803.0,16023158,798.3999938964844,83.33331265747252,41.12325242544544,49.25233338324528,62.24976701770981,,,4.285,16020970.0,8491188160.0,0.0018867759962582,801.6,0.4092515087162013
2025-03-27,RR,797.0,798.2000122070312,783.0,795.0,10855888,800.9599914550781,78.65854188040338,39.862758690232695,48.977689262915234,18.85342163459688,,,4.285,28870916.0,8490223479.0,0.0034004895243818,797.0,0.4081564545067732
2025-03-28,RR,771.2000122070312,791.7999877929688,769.7999877929688,790.0,13973476,798.439990234375,52.43904859612973,38.03569328031284,61.13690434043759,-57.767040828488696,,,4.285,13896494.0,8488910740.0,0.0016370173306828,771.2,0.4150807194677083
2025-03-31,RR,749.0,761.4000244140625,734.5999755859375,756.5999755859375,28326862,793.1799926757812,17.266211269399147,35.50841024111476,50.4444379641642,-164.77465313505792,,,4.285,28421797.0,8487223479.0,0.0033487744337502,749.0,0.425889687140314
2025-04-01,RR,779.4000244140625,785.6300048828125,752.4000244140625,756.5999755859375,31386457,789.9999938964844,53.71706920096661,33.07881249538074,49.54751802919885,-58.52784000544513,0.0,,4.285,31382365.0,8487043355.0,0.0036976793551445,779.4,0.4533305331579679
2025-04-02,RR,755.7999877929688,778.4000244140625,748.5999755859375,774.7999877929688,13297549,784.2999938964844,25.419671464096847,30.38588742203752,45.91193982726538,-90.31173048116491,-0.03423333333333333,,4.285,13293401.0,8486238406.0,0.0015664656546298,755.8,0.4650396927917369
2025-04-03,RR,746.0,748.5999755859375,727.2000122070312,734.5999755859375,20386194,779.2399963378906,20.70483515464146,27.44347279797419,35.64919378664804,-141.34015244509715,-0.15467142857142857,,4.285,20381145.0,8485148617.0,0.0024019785533474,746.0,0.3502037658289922
2025-04-04,RR,659.0,746.0,650.0,743.5999755859375,56625803,765.0799987792968,5.357142857142857,23.04834577985376,22.29992966967511,-259.25239165124674,0.06259999999999999,,4.285,56630411.0,8481116551.0,0.0066772353214887,659.0,0.5380227627617492
2025-04-07,RR,635.7999877929688,726.0,562.093994140625,592.0,65354737,749.6599975585938,28.80197883782631,17.550412110615376,17.638371879324268,-280.4385204275744,-0.4296333333333333,,4.285,65454604.0,8479128223.0,0.0077194968962082,635.8,0.5475012068240094
2025-04-08,RR,679.2000122070312,690.0,640.2000122070312,642.5999755859375,38882657,737.4,46.194577894671454,12.30189246786785,28.644508514871266,-182.31234398470687,0.1801875,,4.285,38888723.0,8479124771.0,0.0045864076836097,679.2,0.5822424874008033
2025-04-09,RR,663.5999755859375,680.0,644.4000244140625,664.2000122070312,47280968,723.6,40.10413589560753,7.207908802904152,28.69955656659536,-156.34901632317474,0.0,4.046,4.046,,,,,0.5671314446995327
2025-04-10,RR,693.5999755859375,790.0,691.4000244140625,790.0,32741353,713.2599975585938,51.95687658869095,2.940024532542892,34.18096143885566,-51.3798869263814,0.4215,,4.046,41756538.0,8478330803.0,0.0049250894981857,693.6,0.5965406386712673
2025-04-11,RR,693.7999877929688,699.2000122070312,674.2000122070312,695.5999755859375,70247723,705.5199951171875,52.0358996828707,-0.5898569283581887,35.326421603831335,-92.0807357403443,0.0,,4.046,70240446.0,8477925614.0,0.0082850981711857,693.8,0.5931674567288926
2025-04-14,RR,709.5999755859375,719.5999755859375,693.7999877929688,710.2000122070312,12695568,701.5799926757812,58.27833829166877,-3.2187063261677404,36.106090765759184,-58.51894803498765,,,2.109,12689323.0,8477875759.0,0.0014967573671422,709.6,0.5999844289308659
2025-04-15,RR,731.7999877929688,733.7999877929688,710.4000244140625,710.4000244140625,21759808,696.8199890136718,71.87703009103856,-4.783473341583732,40.13567465822135,-28.778079740185454,0.4798,2.178,2.178,21760802.0,8477836268.0,0.0025667872452476,731.8,0.6129449248232901
2025-04-16,RR,724.2000122070312,729.4000244140625,712.7999877929688,727.2000122070312,44747977,693.6599914550782,70.57108762767028,-5.709617130212669,39.79821112991469,-28.283110873522546,-0.20095,,2.178,44743770.0,8476952366.0,0.0052782849387548,724.2,0.6124425344118929
2025-04-17,RR,714.4000244140625,724.7999877929688,701.5999755859375,724.4000244140625,38524513,690.4999938964844,66.82844082986342,-6.330273973920036,41.66667114400944,-36.06303023036816,0.07144000000000002,1.069,1.069,,,,,0.6093628452790448
2025-04-22,RR,716.0,716.7999877929688,698.2000122070312,710.2000122070312,29309413,696.1999938964843,67.53047392456158,-6.686967010597931,44.84697182204577,-36.14588406793799,0.1909,,1.069,29304503.0,8474898930.0,0.0034577997026331,716.0,0.6098963622237995
2025-04-23,RR,727.7999877929688,732.0,718.4000244140625,724.2000122070312,13393077,705.3999938964844,72.70804164528663,-6.65601134451097,41.44561830973516,-4.605242850195396,,,1.069,13388577.0,8474737852.0,0.0015798219642676,727.8,0.6050507443264072
2025-04-24,RR,735.2000122070312,738.0,714.2000122070312,727.4000244140625,16153297,710.9999938964844,75.95500496516883,-6.250474264900866,46.39103471903513,8.144801100254258,-0.148,,1.069,16151338.0,8474194379.0,0.001905943772074,735.2,0.5980923805374596
2025-04-25,RR,755.4000244140625,757.5999755859375,738.3770141601562,744.0,12818833,720.1799987792969,84.81831338517391,-5.294890243747858,51.58891529114054,61.89049972464554,0.244725,,1.069,12809520.0,8474194379.0,0.0015115914772669,755.4,0.5879479267669094
2025-04-28,RR,754.4000244140625,764.4000244140625,752.2000122070312,757.5999755859375,26625834,726.2600036621094,84.37953600577609,-4.048527039275109,72.73593951644341,84.44820818353054,,,1.069,36611483.0,8474194379.0,0.0043203496831188,754.4,0.5776438081575339
2025-04-29,RR,752.7999877929688,768.4000244140625,752.4000244140625,768.4000244140625,9023716,732.1600036621094,75.16687901307203,-2.7015457324623595,81.08394114423037,91.27870804203629,0.0,,1.069,9050778.0,8473701664.0,0.0010681020360265,752.8,0.5755548361395082
2025-04-30,RR,754.2000122070312,761.5999755859375,738.2000122070312,753.0,53386489,736.6200073242187,75.41209217316214,-1.3336159932445943,75.6497819518048,74.95586936350023,,,1.069,53382663.0,8474194379.0,0.0062994381073306,754.2,0.3716871494607434
2025-05-01,RR,767.0,783.0,756.7999877929688,783.0,65408723,740.1400085449219,80.13816716360955,0.1829905903113953,86.0530009797971,117.92920200728244,0.04786666666666666,1.289,1.289,65408251.0,8474194379.0,0.0077185214398773,767.0,0.3376462220617747
2025-05-02,RR,784.0,784.5999755859375,763.7999877929688,770.0,63007571,746.1200073242187,99.45654367304606,1.9840899150204483,84.66257955865599,133.22686428486068,0.46330000000000005,1.51,1.51,62999779.0,8472478926.0,0.0074358141873529,784.0,0.2628534558303974
2025-05-06,RR,781.2000122070312,790.0,770.5999755859375,787.7999877929688,44093041,752.8000061035157,90.85240470237116,3.8198928633944327,82.85715203536185,128.480517520129,,,1.51,44086597.0,8472341117.0,0.0052035908836978,781.2,0.2413374302891842
2025-05-07,RR,766.0,780.0,766.0,776.4000244140625,44678881,757.8000061035157,73.85620567387674,5.329997920902647,71.29909894792743,96.76723824659744,-0.23647500000000005,,1.51,44672020.0,8471074216.0,0.0052734775851242,766.0,0.2182217540538549
2025-05-08,RR,794.0,805.4000244140625,773.7999877929688,778.0,24458792,764.4200073242188,89.36565007842903,6.9913751511021855,72.50362037372768,127.57011560479724,0.3547666666666667,,1.51,24452081.0,8471036716.0,0.0028865511766482,794.0,0.2441229844534352
2025-05-09,RR,791.5999755859375,805.4000244140625,789.4000244140625,804.5999755859375,49835816,770.0600036621094,87.12682158890664,8.606248962831053,75.33832046930048,124.03805121264058,0.559975,,1.51,49829919.0,8470938651.0,0.0058824554223536,791.6,0.2454846463198349
2025-05-12,RR,785.0,794.7999877929688,761.7999877929688,788.5999755859375,13924759,773.0200012207031,80.97012864638045,9.982406841081644,77.19566603531197,84.05331077794882,,,1.51,13914699.0,8469666046.0,0.0016428863811662,785.0,0.2433444847303946
2025-05-13,RR,801.0,801.0,783.2000122070312,786.4000244140625,19255291,777.6799987792969,95.1754124724522,11.36932045779976,79.47293926031523,108.65202222578328,,,1.51,19251123.0,8469512642.0,0.0022729906446487,801.0,0.2483032440162976
2025-05-14,RR,797.0,809.7999877929688,791.2000122070312,809.5999755859375,27434536,782.1,86.61088801067477,12.600540614543512,75.3665574985267,110.90646221904534,0.0,,1.51,27428491.0,8469251178.0,0.0032385969460026,797.0,0.2325708856953297
2025-05-15,RR,816.0,816.0,795.5999755859375,797.0,47698535,788.2799987792969,100.0,13.94404725399358,77.29728191590925,123.4628503455263,-0.06647142857142856,1.632,1.632,,,,,0.2251881420911662
2025-05-16,RR,809.5999755859375,822.4000244140625,806.5999755859375,815.0,21065253,792.5399963378907,84.79804397575121,15.153614091470905,70.19371147214716,119.7695686244868,,,1.632,21048595.0,8469004054.0,0.0024853683934722,809.6,0.2299832813560061
2025-05-19,RR,819.2000122070312,819.2000122070312,802.0,804.0,48110953,796.0599975585938,96.1995109939378,16.33444738923702,72.68905390024179,112.25273936276056,0.0,,1.632,48107352.0,8468169131.0,0.005680962585394,819.2,0.230224465789638
2025-05-20,RR,817.5999755859375,825.4000244140625,814.8800048828125,820.0,17714004,799.6999938964843,91.0549911282053,17.372612668755615,72.68905390024179,117.93221887955102,0.5267,,1.632,17709865.0,8467941140.0,0.0020914015233695,817.6,0.2292982546716844
2025-05-21,RR,824.4000244140625,834.4000244140625,824.2000122070312,825.7999877929688,44005194,805.5399963378907,87.113408143313,18.335829168060247,73.68419318556688,131.98734012784243,-0.296,,1.632,43998399.0,8467896341.0,0.0051959066606623,824.4,0.2289387147634725
2025-05-22,RR,839.0,839.0,821.4000244140625,822.0,20613618,810.0399963378907,100.0,19.39271884318404,73.9999804687659,132.90716016133678,-0.14457499999999998,,1.632,20610999.0,8467329638.0,0.002434179355378,839.0,0.2191116644484687
2025-05-23,RR,835.7999877929688,858.4000244140625,818.4000244140625,839.7999877929688,26928798,814.4599975585937,76.60452582462193,20.35766289216542,69.0161294876144,134.42899937079287,0.3454,2.673,2.673,26984377.0,8466612080.0,0.0031871516900771,835.8,0.2202930287032322
2025-05-27,RR,851.5999755859375,862.0,841.4000244140625,850.0,15595007,821.1199951171875,89.62073538217322,21.42007358808214,73.59245979230883,156.08792095399883,0.296,,2.291,15586219.0,8466612080.0,0.0018409038766306,851.6,0.2241925830722035
2025-05-28,RR,857.7999877929688,870.7999877929688,855.583984375,856.7999877929688,11083101,826.7999938964844,88.07339449541284,22.537978058955623,82.73890865588264,158.68539949167854,0.0,2.186,2.186,11072113.0,8466612080.0,0.0013077383131978,857.8,0.2125633162624978
2025-05-29,RR,851.0,871.2000122070312,847.2000122070312,866.2000122070312,35269615,832.1999938964843,81.53564195691834,23.472204108571628,73.94955526445634,129.654723814468,0.3182,,2.186,35263570.0,8466063387.0,0.0041652853738549,851.0,0.2166580069975316
2025-05-30,RR,866.2000122070312,867.5999755859375,850.5999755859375,851.0,24781131,837.2199951171875,95.429617107693,24.431339825090586,78.30044553774567,129.7543723082729,0.1531,,2.186,24776301.0,8465726341.0,0.0029266598047242,866.2,0.2198011084142738
2025-06-02,RR,868.7999877929688,880.0,853.7999877929688,871.5999755859375,12342485,843.1399963378906,88.4297379964703,25.34160608564336,82.7855695439608,128.19404680331576,,,2.186,12333237.0,8465268862.0,0.0014569220660389,868.8,0.1998449057741769
2025-06-03,RR,894.2000122070312,895.2000122070312,867.2000122070312,874.2000122070312,28058494,850.6399963378906,99.03846153846152,26.52100816483861,83.96498578442777,150.13031888191338,,,2.186,27757024.0,8465256266.0,0.0032789348754253,894.2,0.1864341719820548
2025-06-04,RR,891.2000122070312,901.0989990234376,880.3489990234375,900.0,15174372,858.0,90.61698725365868,27.698963165151465,84.58146818534414,142.80516619949515,,,2.186,14944611.0,8465256266.0,0.0017654056215668,891.2,0.1866516523438618
2025-06-05,RR,876.4000244140625,893.5999755859375,874.5999755859375,888.7999877929688,20877766,863.2,75.07646408867001,28.515004115513825,72.87877596881661,109.53390053275336,,,2.186,20857487.0,8464194287.0,0.0024642022964943,876.4,0.1970970426501936
2025-06-06,RR,885.0,890.0,867.2000122070312,881.0,13535152,867.8,83.7546300345274,29.133642261070083,78.09239316806853,96.52998392333356,,,2.186,13529557.0,8463590997.0,0.0015985598789917,885.0,0.1900235271392349
2025-06-09,RR,888.2000122070312,890.2000122070312,869.5999755859375,881.2000122070312,9857456,873.0400024414063,85.03927476193039,29.58077498102788,76.99529485031587,90.7271020710652,,,2.186,9849902.0,8463085867.0,0.001163866484967,888.2,0.1864011372004136
2025-06-10,RR,880.0,912.5999755859376,880.0,891.5999755859375,17789909,875.8800048828125,65.39278929512781,29.69872501146122,73.21429057997011,100.93990159773897,,2.386,2.386,17718711.0,8462680793.0,0.0020937468201159,880.0,0.1800972678597938
2025-06-11,RR,893.4000244140625,903.7999877929688,878.5999755859375,879.7999877929688,13557377,879.4400085449219,79.61787566445419,29.75026673549637,74.46808510638297,96.48960754150102,,,2.386,13547791.0,8462331299.0,0.0016009525651165,893.4,0.1788562210695399
2025-06-12,RR,887.4000244140625,898.0,868.0,895.2000122070312,15188521,883.0800109863281,73.24844561129785,29.593949745804316,68.2779514687619,72.66809600612325,,,2.386,15179806.0,8461386650.0,0.0017940092596997,887.4,0.1815378016369864
2025-06-13,RR,870.0,881.7999877929688,868.4000244140625,873.5999755859375,17595403,883.460009765625,40.16853258353764,28.97048751131156,61.66439415544809,38.236339476214845,,,2.386,17587607.0,8460198961.0,0.002078864466554,870.0,0.1992563075945031
2025-06-16,RR,885.4000244140625,886.5999755859375,868.2080078125,870.0,20036595,885.1200134277344,58.40983730482038,28.266579402084368,61.55951843202348,52.2853486335981,,,2.386,20030776.0,8459857597.0,0.0023677438739752,885.4,0.205158630438662
2025-06-17,RR,890.5999755859375,895.0,872.2000122070312,879.0,23654735,884.760009765625,66.36083743267697,27.56768633504816,61.29476068714146,66.03142290989793,,,2.386,23647969.0,8459405473.0,0.0027954646547535,890.6,0.1986007857084754
2025-06-18,RR,891.0,903.4000244140624,890.2000122070312,891.5999755859375,10433494,884.7400085449219,65.16132970010081,26.85212355110654,64.40921683303284,93.07653569335164,,,2.386,10296481.0,8459208470.0,0.0012171920146566,891.0,0.197214607164152
2025-06-19,RR,882.7999877929688,893.5999755859375,882.4000244140625,890.0,6531116,885.3800048828125,49.31973813006096,25.971595668318976,56.29740873904563,55.34936125725269,,,2.386,6526752.0,8458181026.0,0.0007716495993567,882.8,0.2018923435703119
2025-06-20,RR,887.7999877929688,896.0,885.5999755859375,885.5999755859375,26022592,885.6600036621094,45.374432164208905,25.054407143829216,57.07898272369464,68.07512549920196,,,2.386,25800487.0,8457819176.0,0.0030504893120926,887.8,0.1931809757780618
2025-06-23,RR,886.5999755859375,892.7999877929688,874.0,886.4000244140625,16511816,885.5,42.73123133821704,24.086071421623476,46.54543981631757,34.869350630641854,,2.52,2.52,16503412.0,8457819176.0,0.0019512609168602,886.6,0.1925716754064159
2025-06-24,RR,909.2000122070312,912.7999877929688,888.322998046875,896.4000244140625,21780767,888.4200012207032,92.1053124707205,23.44211274138893,56.94443921166751,159.567926561642,,,2.52,21774260.0,8456780831.0,0.0025747693401468,909.2,0.2064007353388992
2025-06-25,RR,916.7999877929688,929.4000244140624,913.5999755859376,915.0,16865904,890.7599975585938,79.74271037254007,23.103048539895475,66.50324149310637,252.30485789822728,,,2.52,16849821.0,8456648831.0,0.0019924938751426,916.8,0.2002299999347922
2025-06-26,RR,933.7999877929688,934.4000244140624,909.5999755859376,910.0,60381529,895.3999938964844,99.09633072218168,23.191429146945055,68.65441391600393,245.04428064219155,,2.506,2.506,,,,,0.1847487172376031
2025-06-27,RR,954.2000122070312,954.2000122070312,925.3800048828124,936.7999877929688,25455506,903.8199951171875,100.0,23.81570333835631,72.29727890651483,273.6123052636404,,,2.506,25478223.0,8455940499.0,0.0030130560879671,954.2,0.195955919198091
2025-06-30,RR,967.5999755859376,983.2000122070312,958.7999877929688,961.0,34906930,912.039990234375,86.45830297911931,24.902647545974943,78.5900566925495,273.1419647047645,,2.491,2.491,34875792.0,8456273049.0,0.004124250931576,967.6,0.1841018354899476
2025-07-01,RR,939.5999755859376,981.4000244140624,936.4000244140624,974.2000122070312,21101219,916.939990234375,62.15274999907282,25.719123127122533,63.76637000242977,162.77067087781634,,2.497,2.497,,,,,0.2191049568167707
2025-07-02,RR,943.4000244140624,950.7999877929688,929.5999755859376,939.5999755859376,24475447,922.1799926757812,65.38890855714004,26.32528168952098,66.90820258942236,107.95367451784269,0.4215,,2.497,24394747.0,8453748656.0,0.0028856721429357,943.4,0.2188633481430859
2025-07-03,RR,954.4000244140624,970.0,927.0,943.2000122070312,9770302,929.3399963378906,74.95479103559447,26.883339719085946,76.5075331610139,113.242294183832,0.17,1.988,1.988,,,,,0.212155643993234
2025-07-04,RR,962.5999755859376,965.4000244140624,951.2000122070312,951.5999755859376,13392330,936.8199951171875,81.44140844946509,27.451547805117755,75.39472078022204,117.23138333058436,0.12419999999999999,,1.988,13386646.0,8452804884.0,0.0015836927722464,962.6,0.2094225070448557
2025-07-07,RR,969.7999877929688,982.5020141601562,963.0,965.7999877929688,20386921,945.1399963378906,87.72891674347295,28.04863570241738,75.71427948621101,125.838094237559,0.15846666666666667,,1.615,20374195.0,8452244732.0,0.0024105069890917,969.8,0.1850703376916043
2025-07-08,RR,966.4000244140624,977.2999877929688,959.4000244140624,974.2000122070312,14703561,950.8599975585936,84.61539751376785,28.51435162730904,74.01274662868232,103.3915659106108,,,1.615,14694004.0,8451397282.0,0.0017386478838588,966.4,0.187215158905817
2025-07-09,RR,984.4000244140624,987.5999755859376,971.0,971.2000122070312,14346514,957.6200012207032,97.18314096867542,29.095502058612063,80.45564869800805,116.04235418683368,-0.12826666666666667,1.54,1.54,13789295.0,8450940531.0,0.0016316876150551,984.4,0.187102303697619
2025-07-10,RR,975.4000244140624,990.0,973.5999755859376,989.0,17511991,961.7800048828124,87.41381415005388,29.508635458085003,75.64404065627807,101.88509255914896,-0.4767,,1.54,17494909.0,8450179798.0,0.0020703593791153,975.4,0.1942062824784994
2025-07-11,RR,988.0,990.2000122070312,975.2000122070312,975.5999755859376,17886774,965.1600036621094,97.84052151001136,29.928571003888017,77.82657837224353,101.8307353424374,-0.25516666666666665,,1.54,17879246.0,8449579676.0,0.0021159923553101,988.0,0.195392461987001
2025-07-14,RR,998.4000244140624,999.4000244140624,980.5999755859376,986.0,9055126,968.240008544922,98.88641485940173,30.42846933620238,76.23530712722138,110.06031339975728,-0.19733333333333333,,1.54,9047524.0,8448954898.0,0.0010708453423205,998.4,0.1944688799403527
2025-07-15,RR,990.4000244140624,999.8880004882812,985.2000122070312,998.4000244140624,9296274,973.3200134277344,89.49143467865089,30.75529333304365,71.5962595183881,101.21249783527811,-0.09866666666666667,,1.54,9323103.0,8448150898.0,0.0011035672909449,990.4,0.1861818666759898
2025-07-16,RR,988.4000244140624,999.7999877929688,987.4000244140624,989.7999877929688,6815803,977.8200134277344,84.58155264966548,30.854498668880957,67.56758349033983,94.21262964045488,0.148,,1.54,6813802.0,8447440065.0,0.0008066114642507,988.4,0.1868627521591049
2025-07-17,RR,1010.0,1010.0,985.2000122070312,988.4000244140624,14094994,983.380010986328,100.0,31.080127881487105,67.81609777790595,108.83630623937307,-0.15586666666666665,,1.54,14082913.0,8446811092.0,0.0016672461176902,1010.0,0.1906505616615592
2025-07-18,RR,1005.0,1012.7150268554688,996.0,1004.5,19732187,987.6200134277344,90.99921316191418,31.222559296577607,62.61809606491968,109.049033967091,0.5045,,1.54,19715040.0,8446010194.0,0.0023342429794846,1005.0,0.1928250720412794
2025-07-21,RR,1000.0,1011.5,993.2000122070312,998.7999877929688,29086199,990.6400146484376,85.16593026691969,31.15444284577532,74.12142490820348,97.77111368977272,0.26275,,1.54,29078272.0,8445267365.0,0.0034431440407097,1000.0,0.1826787168996264
2025-07-22,RR,983.2000122070312,1006.0,968.2000122070312,997.0,23375842,992.3200134277344,65.56611398115149,30.61888857811009,64.39942815931161,47.9134821018254,-0.22561250000000002,,1.54,23061717.0,8444524290.0,0.0027309669802607,983.2,0.1893148114805676
2025-07-23,RR,983.4000244140624,989.2000122070312,975.5999755859376,987.5999755859376,11832226,992.2200134277344,52.34496389386642,29.751832419596067,61.38148439146848,31.477441280833485,0.05446666666666666,,1.54,11835048.0,8443808552.0,0.0014016243887003,983.4,0.1532982791866975
2025-07-24,RR,985.5999755859376,1006.0,982.4000244140624,989.5999755859376,17480815,993.240008544922,49.14179869103265,28.68973830654288,59.47282475354648,57.84368521066907,,,1.54,17475581.0,8443808552.0,0.002069632547017,985.6,0.1530537855013765
2025-07-25,RR,977.2000122070312,989.4000244140624,974.4000244140624,987.4000244140624,33353364,992.160009765625,33.386452176441566,27.361668683844243,53.01795809777187,5.611602651551745,0.4588,,1.54,33348589.0,8443808552.0,0.0039494724204874,977.2,0.1577322681522761
2025-07-28,RR,981.4000244140624,993.2000122070312,970.2000122070312,978.0,48615866,990.460009765625,29.652943644475645,25.941156332792207,56.07780059590935,9.204175569717137,-0.5719,,1.54,48599743.0,8443808552.0,0.0057556661429147,981.4,0.1537481256736414
2025-07-29,RR,1006.0,1008.1890258789062,981.4000244140624,982.7999877929688,25352691,992.0200073242188,84.91514175946823,24.8705213755767,58.30769071860983,88.08818031246126,0.0,1.624,1.624,25344019.0,8443808552.0,0.0030014914293618,1006.0,0.1737339862051323
2025-07-30,RR,988.0,1003.5,988.0,996.0,15746222,991.9800048828124,44.47934691101745,23.731442807980407,54.53236929902599,53.2349279984284,,,1.624,15739944.0,8443808552.0,0.0018640811078398,988.0,0.1878613139491896
2025-07-31,RR,1072.0,1108.5,1047.5,1053.0,53131402,998.1800048828125,73.98431705221486,23.895259673756225,69.96198645158147,422.3934042227586,0.31644545454545453,1.365,1.365,53289123.0,8443808552.0,0.0063110292792436,1072.0,0.3515936065241898
2025-08-01,RR,1065.0,1079.676025390625,1037.5,1077.0,16590695,1004.1800048828125,68.99500799373553,24.700975563100663,66.08696011129045,257.9752005835855,0.11655,4.792,4.792,16583070.0,8443808552.0,0.0019639324953752,1065.0,0.3527539390677554
2025-08-04,RR,1090.0,1094.0,1062.0,1066.0,64270332,1013.1800048828125,86.81396891687602,26.20934624552397,72.23214952313533,246.525514830814,,12.098,12.098,,,,,0.3527539390677554
2025-08-05,RR,1073.0,1109.5,1071.5,1109.5,19465288,1022.1600036621094,74.16843372026372,27.748094583002384,67.69874870204461,188.11433889617956,,,12.098,18351245.0,8441657902.0,0.0021738911020846,1073.0,0.3598268891898248
2025-08-06,RR,1088.0,1092.863037109375,1077.0169677734375,1091.5,9560948,1032.6200012207032,84.78414589001835,29.40129203454381,66.78141841140445,149.85040696561313,,11.507,11.507,9057791.0,8441146558.0,0.0010730522136729,1088.0,0.3601557538800501
2025-08-07,RR,1077.0,1095.5,1067.5,1091.5,58989268,1041.7600036621093,76.99929029886495,30.79705056402788,65.10067732665905,114.36277853472194,,9.982,9.982,58982369.0,8440574832.0,0.0069879564098389,1077.0,0.3610237148272849
2025-08-08,RR,1071.5,1084.3699951171875,1063.0,1078.0,51876753,1051.1900024414062,73.10686250328826,31.80034140050241,64.9644263766001,87.48360063943113,,,9.982,51871400.0,8440022656.0,0.0061458839761673,1071.5,0.361921215459399
2025-08-11,RR,1082.0,1082.0,1051.0,1071.5,23366748,1061.25,80.25843330232648,32.6000888837757,71.23818230625332,74.9987588483499,,7.405,7.405,,,,,0.3554924331950506
2025-08-12,RR,1090.5,1091.0,1077.0,1080.0,30126826,1069.7,86.3603720997892,33.291645590685654,72.22914466630047,87.23554027281693,,,7.405,30121682.0,8439056352.0,0.0035693187417644,1090.5,0.3541458290552522
2025-08-13,RR,1081.5,1104.27001953125,1081.5,1102.0,34254950,1079.05,79.89949572600514,33.659669731556804,69.35810321325397,82.28632720673083,,,7.405,34152617.0,8438495274.0,0.0040472401643961,1081.5,0.348561346218943
2025-08-14,RR,1101.5,1111.5,1088.0,1088.5,12998633,1082.0,92.92285855349692,34.04798861742562,73.9683751725073,89.79769807076003,,6.351,6.351,13042636.0,8438156754.0,0.0015456735849114,1101.5,0.3516612326036396
2025-08-15,RR,1074.0,1106.125,1068.5,1105.5,18669581,1082.9,71.17601303835035,33.912322846615176,66.38357812911032,58.34125575952088,,,6.351,18484214.0,8437375364.0,0.0021907540203636,1074.0,0.3651288978746095
2025-08-18,RR,1082.0,1083.7669677734375,1068.0,1075.0,67865264,1082.1,76.11336032388664,33.50568775226104,64.28571428571428,46.76036209846574,,,6.351,65908759.0,8436849951.0,0.007812010333571,1082.0,0.3652225141801451
2025-08-19,RR,1059.5,1090.5,1053.0,1085.5,107047042,1080.75,29.72972972972973,32.51519022017104,63.21626617375231,26.562228810762218,,,6.351,99389028.0,8436035423.0,0.0117814853798534,1059.5,0.3763881740006501
2025-08-20,RR,1026.0,1055.5,1026.0,1050.0,41373129,1074.55,0.0,30.60208091062357,39.54545454545455,-36.51594286088438,,,6.351,41371259.0,8435063204.0,0.004904676823332,1026.0,0.3880978432993898
2025-08-21,RR,1040.5,1044.239990234375,1028.5,1033.5,31216123,1070.9,16.95906432748538,28.372575462975025,44.61538461538461,-41.12438564421184,,,6.351,52188420.0,8434635383.0,0.0061873949056749,1040.5,0.3837605964340881
2025-08-22,RR,1043.0,1048.8489990234375,1033.5,1038.5,19697453,1068.05,19.883040935672515,26.03685260644929,38.53658536585366,-45.24510008346796,,,6.351,19752854.0,8434215654.0,0.0023419906260793,1043.0,0.2306970279417256
2025-08-26,RR,1057.5,1077.5,1040.0,1077.5,36324443,1065.6,36.8421052631579,23.92899296508579,46.17283950617284,-17.44598587981058,,5.535,5.535,,,,,0.2358605248034651
2025-08-27,RR,1056.5,1062.5,1048.5,1062.0,32114459,1062.2,35.67251461988304,22.003957626755657,41.644562334217504,-40.19017615496114,,,5.535,9822833.0,8433299103.0,0.0011647675340372,1056.5,0.2185806803302971
2025-08-28,RR,1058.5,1069.0,1039.5,1057.0,20205964,1059.9,38.01169590643275,20.276183914611323,44.84679665738162,-65.42282747295967,,,5.535,14374053.0,8432854766.0,0.0017045298892083,1058.5,0.2123145212653376
2025-08-29,RR,1070.0,1081.10400390625,1056.0,1061.0,51650668,1056.75,51.461988304093566,18.89988498005289,49.59568733153639,-3.561565210038752,,4.614,4.614,51646488.0,8432474154.0,0.0061247134656797,1070.0,0.2097509496118711
2025-09-01,RR,1100.0,1102.0,1076.071044921875,1079.0,15566490,1059.35,86.54970760233918,18.251587308972283,54.39024390243903,94.95829290220124,,2.567,2.567,,,,,0.2299127811138344
2025-09-02,RR,1069.0,1100.5,1066.0,1100.5,15091640,1058.05,50.29239766081872,17.55738560730999,45.27472527472528,32.72118189869139,,,2.567,14116930.0,8431429275.0,0.0016743222933575,1069.0,0.2517995429654198
2025-09-03,RR,1082.0,1083.5,1064.5,1070.5,9038193,1060.3,65.49707602339181,17.038193923017396,50.10799136069115,26.844855873011237,,,2.567,9061040.0,8431055851.0,0.001074721856922,1082.0,0.2531539564516138
2025-09-04,RR,1069.5,1085.0,1064.5,1084.5,9666835,1064.65,54.29017160686428,16.417648323265855,42.85714285714285,13.426754397290994,,2.625,2.625,,,,,0.2546592384427798
2025-09-05,RR,1075.5,1090.0,1066.5,1070.0,16485511,1068.15,65.13157894736842,15.82441343284719,50.37037037037037,35.023843080043065,,,2.625,16481972.0,8429884265.0,0.0019551836634853,1075.5,0.2540670797419487
2025-09-08,RR,1092.5,1095.5,1079.5,1084.0,16031675,1073.1,87.5,15.514552751233824,52.4822695035461,84.12862720698271,,,2.625,15928234.0,8429664657.0,0.0018895453909632,1092.5,0.2603141786451245
2025-09-09,RR,1087.0,1090.5,1071.5,1087.5,18980678,1076.05,80.26315789473684,15.275438851038851,57.0694087403599,51.56443867565757,,,2.625,18676925.0,8428938537.0,0.0022158098458085,1087.0,0.2521761045649024
2025-09-10,RR,1099.5,1103.5,1085.0,1100.0,27928350,1080.35,94.66666666666669,15.25781679299433,71.18155619596541,104.5707434141758,,,2.625,27851222.0,8428761272.0,0.0033043078456285,1099.5,0.2381638266864421
2025-09-11,RR,1123.5,1123.5,1097.0,1103.5,37670289,1086.85,100.0,15.728075640097174,72.6775956284153,168.62947599167293,,,2.625,37490551.0,8428608158.0,0.0044480120913458,1123.5,0.2483538377259954
2025-09-12,RR,1130.0,1140.6689453125,1112.25,1122.0,28261200,1092.85,89.45432782802591,16.54733327874891,73.2620320855615,200.78563411637552,,,2.625,27628084.0,8428520696.0,0.0032779280014239,1130.0,0.2334721207472311
2025-09-15,RR,1145.5,1154.5,1134.0,1135.0,97142991,1097.4,92.17391304347828,17.751968487105934,73.40425531914893,217.56064982707025,,,1.49,97140894.0,8428336131.0,0.0115255125673867,1145.5,0.1941505952605186
2025-09-16,RR,1130.5,1150.0,1123.5,1146.0,28533986,1103.55,79.1304347826087,18.85522535561029,68.31683168316832,151.39932576556163,,,1.49,28488461.0,8427545156.0,0.0033803984995224,1130.5,0.2043109168032562
2025-09-17,RR,1116.0,1142.0,1116.0,1130.5,26338500,1106.95,60.91370558375635,19.562791792682862,63.4032634032634,107.02163030877814,,,1.49,45680056.0,8426804908.0,0.0054208037920319,1116.0,0.2092967512885757
2025-09-18,RR,1129.5,1140.0,1124.0,1132.5,31819855,1112.95,72.22222222222223,20.15605238704526,63.74133949191687,109.41863517722976,,,1.49,31809551.0,8426410629.0,0.0037749823027286,1129.5,0.2115594169353261
2025-09-19,RR,1150.0,1154.0,1133.0,1146.0,26641257,1120.4,95.0,20.92769439952119,62.07729468599034,128.27497745297498,,1.378,1.378,26636345.0,8426296160.0,0.0031610976512366,1150.0,0.2175476299388404
2025-09-22,RR,1149.0,1159.0,1144.0,1151.0,16104573,1126.05,89.41798941798942,21.707038814948127,72.59887005649718,122.17396530369814,,,1.378,16095797.0,8426000284.0,0.0019102535553629,1149.0,0.2167969849797152
2025-09-23,RR,1164.0,1172.0,1144.0,1151.5,16716981,1133.75,92.55813953488372,22.64019793223665,72.90502793296089,125.41527047515645,,,1.378,16255396.0,8425716366.0,0.0019292598152953,1164.0,0.200348797328471
2025-09-24,RR,1173.5,1177.0,1153.5880126953125,1173.0,45546085,1141.15,96.83257918552036,23.72081274270365,79.54545454545455,127.45428305575888,,1.419,1.419,32174344.0,8425349024.0,0.0038187550341653,1173.5,0.1637388710973809
2025-09-25,RR,1170.5,1179.0,1152.5,1172.0,11992714,1145.85,92.09302325581396,24.735274532636478,77.45664739884393,114.93825178345612,,,1.419,11969817.0,8424733378.0,0.0014207947555061,1170.5,0.1632068941589534
2025-09-26,RR,1182.5,1191.0,1172.0,1174.5,19971099,1151.1,92.88702928870292,25.79016942491007,76.78571428571428,132.48098118159223,,,1.419,19958468.0,8424633725.0,0.0023690606204959,1182.5,0.1537463714845662
2025-09-29,RR,1163.5,1196.0,1163.5,1193.5,17770213,1152.9,70.72072072072072,26.4531927529592,71.07438016528926,105.67175291700184,,,1.419,17756780.0,8424055636.0,0.0021078659457229,1163.5,0.1704571357816332
2025-09-30,RR,1190.0,1194.0,1166.0,1168.0,19770482,1158.85,93.93939393939394,27.1983416434931,73.1457800511509,114.43558569945056,,,1.419,19755886.0,8424633725.0,0.0023450142338383,1190.0,0.1826914163151651
2025-10-01,RR,1177.0,1191.4549560546875,1155.0,1190.0,28677057,1164.95,77.31343283582089,27.68650537974217,64.49864498644986,87.70076248490926,,,1.419,28709715.0,8423052587.0,0.0034084691628674,1177.0,0.1865789375042311
2025-10-02,RR,1167.5,1188.0,1164.0,1184.5,10318067,1168.75,64.375,27.773335352477154,60.0,78.05101132374477,,,1.419,10357039.0,8422383628.0,0.0012297040193667,1167.5,0.1887840390668851
2025-10-03,RR,1168.5,1182.5,1168.0,1175.0,30233521,1170.6,65.625,27.556718693436057,56.64739884393064,72.61142939873343,,,1.419,30226730.0,8421874817.0,0.0035890737700097,1168.5,0.1866797186830278
2025-10-06,RR,1154.5,1174.5,1154.5,1171.0,35037725,1171.15,48.125,26.87509380812964,56.97674418604652,36.14038075740199,,,1.419,35026610.0,8421079881.0,0.0041593964782389,1154.5,0.1801885954787229
2025-10-07,RR,1153.5,1161.0,1146.0,1154.5,12463634,1170.1,40.97222222222222,25.860534487110275,61.82965299684543,5.047850114016928,,,1.419,12452652.0,8420347719.0,0.0014788762193159,1153.5,0.1795986101623788
2025-10-08,RR,1152.5,1174.5,1146.5,1165.0,11928408,1168.0,30.952380952380956,24.615587382786728,57.87671232876713,10.849022084807094,,,1.419,11919185.0,8419801883.0,0.0014156134747143,1152.5,0.1796947524058688
2025-10-09,RR,1155.0,1166.0,1137.0,1149.5,9279117,1166.45,30.508474576271187,23.27528200064668,51.95312499999999,-19.53019519279364,,,1.419,9266928.0,8419537259.0,0.0011006457617482,1155.0,0.1734630017429888
2025-10-10,RR,1138.5,1155.0,1124.0,1154.5,14957492,1162.05,20.13888888888889,21.62917198121665,46.34146341463415,-86.8328298666716,,,1.419,14937416.0,8418317910.0,0.0017743943813592,1138.5,0.1747450130998687
2025-10-13,RR,1128.5,1142.0,1118.5,1138.0,42174375,1158.55,12.903225806451612,19.668839929218944,37.1841155234657,-121.05471315416143,,,1.419,42163558.0,8417419912.0,0.0050090833581785,1128.5,0.1712376164217055
2025-10-14,RR,1124.0,1128.0,1087.0,1121.0,81873639,1151.95,33.944954128440365,17.49769930357023,31.460674157303373,-176.4705486988098,,,1.419,81813068.0,8416378840.0,0.0097206969357382,1124.0,0.1663791600780713
2025-10-15,RR,1112.5,1128.5,1110.0,1126.0,19816863,1145.5,23.39449541284404,15.08488614762481,29.577464788732385,-154.33836002572377,,,1.419,19810326.0,8416127116.0,0.0023538529928259,1112.5,0.170143684691763
2025-10-16,RR,1140.0,1140.5,1105.0,1106.0,11168396,1142.75,48.62385321100918,13.051445916140956,36.507936507936506,-106.57765003733977,,,1.419,11160565.0,8415955324.0,0.0013261198010608,1140.0,0.1810472401500771
2025-10-17,RR,1103.0,1125.5,1094.0,1115.5,19048138,1136.2,14.953271028037385,10.742325305477433,32.76353276353275,-162.17969816741254,,,1.419,19034356.0,8414653376.0,0.0022620487320712,1103.0,0.2139241703415821
2025-10-20,RR,1127.0,1134.5,1121.9949951171875,1128.5,31791253,1133.45,38.2940183125997,8.739883542598267,31.79190751445087,-80.1149024472745,,,1.419,31929694.0,8414653376.0,0.0037945346734149,1127.0,0.2240168448033776
2025-10-21,RR,1134.5,1142.0,1121.5,1134.0,27696732,1131.55,47.02970297029703,7.134371603409877,37.3134328358209,-57.27538805150231,,,1.419,27690923.0,8414499403.0,0.0032908580384624,1134.5,0.2258533861336451
2025-10-22,RR,1102.5,1146.0,1102.5,1142.0,79387850,1126.55,16.230366492146597,5.33500919017679,32.89473684210526,-93.87904798114532,,,1.419,79206554.0,8413214746.0,0.0094145408611682,1102.5,0.2421913126542925
2025-10-23,RR,1108.5,1118.5,1104.0,1111.0,18429552,1121.9,24.571428571428573,3.59203753694802,34.61538461538461,-101.05718754551415,,,1.419,18323267.0,8412608719.0,0.0021780719408257,1108.5,0.2440448821749105
2025-10-24,RR,1121.0,1123.0,1094.0,1122.0,21565435,1120.15,38.85714285714285,2.1670231930947184,41.343669250646,-86.34778811820541,,,1.419,21414589.0,8412090070.0,0.0025456918342292,1121.0,0.2447866891749596
2025-10-28,RR,1146.0,1155.5,1108.5,1120.0,30780865,1121.9,67.42857142857143,1.4099212521902111,48.27586206896551,-10.83203338819832,,,1.419,29688470.0,8411906534.0,0.0035293390243938,1146.0,0.2401462943296093
2025-10-29,RR,1159.5,1162.0,1126.0,1139.0,45110443,1125.45,91.77215189873418,1.3233135202875093,51.52173913043477,38.155120282479295,,,1.419,44116992.0,8411815716.0,0.0052446455663651,1159.5,0.2421857360338105
2025-10-30,RR,1168.0,1182.0,1152.5,1159.0,45387839,1131.0,85.26315789473684,1.7940951257955444,52.75423728813559,106.2104907694874,,,1.419,45381792.0,8411815716.0,0.0053950054937223,1168.0,0.2420865792311805
2025-10-31,RR,1167.0,1181.0,1156.5,1173.0,12397146,1133.7,84.21052631578948,2.5695148982220486,56.46258503401361,111.16171732232938,,,1.419,12387104.0,8411815716.0,0.0014725838532623,1167.0,0.2420949558410388
2025-11-03,RR,1165.0,1181.0,1165.0,1177.0,77114242,1139.9,82.10526315789474,3.4574619099387256,58.58823529411765,120.53648096311544,,,1.419,77105927.0,8411714630.0,0.0091664934429664,1165.0,0.2380386621906697
2025-11-04,RR,1147.5,1159.0,1137.0,1148.5,47146762,1141.95,60.79545454545455,4.082308631342855,55.21064301552106,41.79080229425545,,,1.419,37661163.0,8414120510.0,0.0044759476590857,1147.5,0.2443820913807172
2025-11-05,RR,1157.0,1159.5,1140.0,1142.0,44744588,1144.2,71.5909090909091,4.651756234662424,59.95525727069352,58.93512149344406,,,1.419,40628714.0,8413685367.0,0.0048288843981916,1157.0,0.2461748702319556
2025-11-06,RR,1131.5,1160.0,1131.5,1160.0,21460016,1147.1,42.61363636363637,4.739189459442396,48.08126410835215,20.12538433992606,,,1.419,21344364.0,8412528874.0,0.0025372113807499,1131.5,0.2584421876052618
2025-11-07,RR,1138.5,1142.592041015625,1116.5,1126.5,39724795,1150.1,50.56818181818182,4.620801356067883,59.26892950391645,-10.654380953547337,,,1.419,39468472.0,8411623715.0,0.0046921347574806,1138.5,0.2545673164047161
2025-11-10,RR,1161.0,1171.5,1125.0,1153.0,44449275,1154.1,76.13636363636364,4.728057149625689,58.94736842105264,68.27834383849545,,,1.419,44032982.0,8411620654.0,0.0052347798136927,1161.0,0.2613965421129081
2025-11-11,RR,1152.5,1169.0,1133.5,1163.5,26863472,1154.75,66.47727272727273,4.82473090615769,54.71204188481676,58.59820102733512,,,1.419,26858573.0,8411426150.0,0.0031931057255968,1152.5,0.2625983117754578
2025-11-12,RR,1152.5,1162.0,1136.7540283203125,1147.0,12189972,1154.05,66.47727272727273,4.898707711148967,65.72327044025157,47.7384771451376,,,1.419,12184657.0,8411166374.0,0.0014486286988287,1152.5,0.2590842235444317
2025-11-13,RR,1120.5,1163.5,1120.4439697265625,1136.0,15919881,1149.3,30.113636363636363,4.432874063947334,53.24324324324324,-20.40747768296796,,,1.419,15912708.0,8409766282.0,0.0018921700635199,1120.5,0.2646824295048036
2025-11-14,RR,1106.0,1112.5,1083.0,1094.0,19588033,1143.2,23.232323232323232,3.411675004708419,45.98930481283423,-148.46646057819015,,1.867,1.867,19578559.0,8407224981.0,0.0023287778124466,1106.0,0.2417259120607867
2025-11-17,RR,1094.5,1107.5,1090.0,1102.5,45034243,1136.15,11.616161616161616,1.90466492563484,35.158501440922194,-154.3074209804257,,2.194,2.194,35894204.0,8406721981.0,0.0042697027546675,1094.5,0.2304569796910689
2025-11-18,RR,1073.5,1088.5,1057.5,1072.0,26758325,1128.75,12.85140562248996,-0.1672259820688912,26.243093922651937,-202.52649090758615,,1.417,1.417,25331765.0,8402325061.0,0.0030148518197158,1073.5,0.2166455099310398
2025-11-19,RR,1066.5,1080.0,1050.5,1066.5,43673771,1119.7,12.260536398467432,-2.595861074420013,21.72701949860725,-179.82182234313018,,,1.417,43568848.0,8402325061.0,0.0051853323554724,1066.5,0.2159097054778963
2025-11-20,RR,1079.0,1102.75,1075.5,1078.5,46535648,1114.45,21.83908045977012,-4.915436753846983,26.96335078534031,-111.49219244523306,,,1.417,51458599.0,8402325061.0,0.0061243285193581,1079.0,0.2162730027182561
2025-11-21,RR,1038.0,1058.0,1020.5,1053.0,31928007,1104.4,11.589403973509931,-7.687987895530814,22.39130434782608,-187.7095453318049,,,1.417,31919508.0,8402325061.0,0.0037988899225235,1038.0,0.2514159414201559
2025-11-24,RR,1029.0,1039.7950439453125,1019.5,1034.0,37006312,1091.2,6.25,-10.725180833149366,23.25056433408578,-169.46777894624142,,,1.417,34218504.0,8402325061.0,0.0040725041880166,1029.0,0.2308192907485555
2025-11-25,RR,1045.0,1045.0,1018.5,1027.0,36425525,1080.45,17.320261437908496,-13.489315937112508,25.438596491228083,-131.47609622425256,,,1.417,36421774.0,8402325061.0,0.0043347256545755,1045.0,0.2348638193219393
2025-11-26,RR,1058.0,1060.0,1044.0,1054.5,27451942,1071.0,25.81699346405229,-15.699250864247142,32.946635730858475,-90.35439474613872,,,1.417,27445354.0,8402325061.0,0.0032663999310607,1058.0,0.2391068199052801
2025-11-27,RR,1058.5,1062.0,1050.5,1058.0,71113326,1064.8,26.1437908496732,-17.402216440233786,30.861244019138752,-77.14216280536763,,,1.417,71106269.0,8402325061.0,0.0084626896107655,1058.5,0.2394456055708542
2025-11-28,RR,1068.0,1078.0,1060.5,1062.0,10706611,1061.0,32.89036544850498,-18.50692105609821,26.275510204081627,-53.23841342206964,,,1.417,10700356.0,8402325061.0,0.0012734994090702,1068.0,0.2442068040879266
2025-12-01,RR,1037.0,1061.1590576171875,1033.0,1053.5,16524198,1055.25,12.758620689655173,-19.631142728932247,23.569794050343248,-85.70021352443136,0.08643333333333332,,-0.202,14618838.0,8402325061.0,0.0017398562771457,1037.0,0.2531474132761705
2025-12-02,RR,1046.0,1055.0,1034.5,1035.0,15439786,1052.5,18.96551724137931,-20.520330668347537,26.593406593406584,-75.96591963483449,0.07925000000000001,,-0.202,12925710.0,8402325061.0,0.0015383491957476,1046.0,0.2497278206244594
2025-12-03,RR,1063.0,1072.5,1037.0,1045.0,23002430,1052.15,47.340425531914896,-20.897596260264127,36.47058823529412,-50.396392633133445,0.0538,0.284,0.284,,,,,0.2431854394921318
2025-12-04,RR,1091.0,1093.5,1060.0,1074.0,38390962,1053.35,81.46067415730337,-20.43986846087248,46.68141592920354,-2.575770894415329,,,0.284,38385420.0,8402325061.0,0.0045684283482638,1091.0,0.2659079478437157
2025-12-05,RR,1084.5,1115.5,1073.0,1111.0,21149587,1058.0,68.04123711340206,-19.539894936843467,47.73755656108597,21.441499332993896,0.0,0.117,0.117,16819000.0,8402325061.0,0.0020017078460897,1084.5,0.2492863642727961
2025-12-08,RR,1107.0,1112.0,1090.0,1093.5,22298645,1065.8,91.23711340206184,-18.0063987275508,57.52808988764045,56.54599400254768,-0.15328,,0.117,22292883.0,8402325061.0,0.0026531802611962,1107.0,0.2573546398434702
2025-12-09,RR,1111.0,1127.0,1105.5,1118.5,13290156,1072.4,85.25345622119816,-16.051353288944537,60.1366742596811,93.66206495492972,0.148,0.139,0.139,13284454.0,8402325061.0,0.0015810449968974,1111.0,0.2545131259426141
2025-12-10,RR,1106.0,1121.0,1099.0,1100.5,16792081,1077.2,80.64516129032258,-13.977763471393017,56.36792452830189,92.2659796311615,0.33903333333333335,0.29,0.29,16239180.0,8402325061.0,0.0019327007562912,1106.0,0.2442957136248318
2025-12-11,RR,1100.0,1109.5,1092.5,1099.0,12288673,1081.35,75.11520737327189,-12.002441683749971,67.51412429378531,81.33598697440819,,,0.29,9590288.0,8402325061.0,0.0011413850250228,1100.0,0.2438428044686894
2025-12-12,RR,1096.5,1120.0,1095.52001953125,1105.0,18270550,1084.2,71.88940092165899,-10.220746489057053,69.67930029154519,89.82850392005899,0.26825,,0.29,18263466.0,8402325061.0,0.0021736204999698,1096.5,0.2414140820611856
2025-12-15,RR,1114.0,1115.5,1091.875,1099.0,11200685,1091.9,86.17021276595744,-8.351314669977015,69.94219653179191,95.33064262403622,0.0,,0.29,11193339.0,8402325061.0,0.0013321716213949,1114.0,0.1981613893004895
2025-12-16,RR,1098.0,1109.0,1086.5,1100.0,12562649,1097.1,69.14893617021276,-6.761126259358354,61.36363636363637,62.45688844706837,0.0242,,0.29,12558900.0,8402325061.0,0.0014946934222163,1098.0,0.2037914137635433
2025-12-17,RR,1102.0,1129.5,1101.0,1108.0,23721040,1101.0,71.50259067357513,-5.350094873267908,62.11699164345404,87.21128117778285,-0.2732,,0.29,22019995.0,8402325061.0,0.0026207025841225,1102.0,0.1986392946852555
2025-12-18,RR,1144.0,1149.0,1104.0,1107.5,16842155,1106.3,95.6896551724138,-3.4430448176664994,67.9245283018868,126.14604868960792,-0.1897333333333333,,0.29,16835678.0,8402325061.0,0.0020036927728664,1144.0,0.2331781703678464
2025-12-19,RR,1170.0,1178.0,1144.5,1148.5,33928637,1114.85,94.42508710801394,-0.9024083742489172,82.1256038647343,178.04522423784755,0.0791,,0.29,33921454.0,8402325061.0,0.0040371508783263,1170.0,0.241909182012294
2025-12-22,RR,1155.0,1174.7060546875,1141.5,1169.0,11681038,1119.65,83.68794326241135,1.6649039137842956,75.5868544600939,149.68202248021578,-0.18709999999999996,0.284,0.284,,,,,0.2495645987156995
2025-12-23,RR,1160.0,1163.0,1146.0,1155.0,19343519,1124.55,84.7457627118644,4.1903307789816,74.12935323383084,137.78982363197298,0.119175,,0.284,19340224.0,8402325061.0,0.0023017705051389,1160.0,0.2168966863148693
2025-12-24,RR,1149.5,1160.5,1146.5,1160.5,2526464,1128.9,72.85714285714286,6.380045644273739,65.9400544959128,117.50298381401988,0.031899999999999984,,0.284,2525926.0,8402325061.0,0.0003006222660587,1149.5,0.2227283014368169
2025-12-29,RR,1137.0,1149.5,1132.0,1147.0,14374265,1132.6,55.19125683060109,8.030582646272595,63.852242744063325,79.35927825458926,0.008599999999999997,,0.132,14359358.0,8402325061.0,0.0017089743488561,1137.0,0.2250648208886216
2025-12-30,RR,1153.0,1155.0,1131.0,1131.0,8603715,1138.25,72.6775956284153,9.493616865142352,62.56830601092896,85.76912714091972,0.3182,,0.132,8599681.0,8402325061.0,0.0010234882532593,1153.0,0.2123819557300391
2025-12-31,RR,1150.0,1156.0,1144.0,1152.0,3474648,1141.85,69.39890710382514,10.69293217971661,60.71428571428572,83.98080611395923,-0.10276666666666667,-0.146,-0.146,3474129.0,8443808552.0,0.0004114409959208,1150.0,0.2108643867132894
2026-01-02,RR,1197.0,1198.0,1155.780029296875,1160.0,37950885,1151.75,99.10313901345292,12.389569698060235,70.3125,146.93927274225726,,,-0.146,37927201.0,8401849179.0,0.0045141492297668,1197.0,0.242957726124438
2026-01-05,RR,1231.5,1240.0,1197.0,1214.0,27313622,1164.7,94.46254071661238,14.831167611655411,76.03960396039604,208.84206304606317,,,-0.146,27296484.0,8401390449.0,0.0032490436155421,1231.5,0.2583794535233938
2026-01-06,RR,1244.5,1269.5,1234.5,1246.0,20949415,1174.75,86.33879781420765,17.785303847916882,78.2442748091603,224.91118398589583,,,-0.146,20596975.0,8400916195.0,0.0024517534185448,1244.5,0.2582322150332106
2026-01-07,RR,1259.0,1268.0,1243.5,1251.0,13812450,1183.65,94.2622950819672,21.096631198597223,77.99227799227799,200.83802957662556,,,-0.146,13805252.0,8400481306.0,0.0016433882175464,1259.0,0.2560310568779087
2026-01-08,RR,1272.5,1286.5,1262.5,1269.0,21986320,1195.4,92.45283018867924,24.62555489389512,84.01559454191033,189.55845823808477,,,-0.146,21978483.0,8400018700.0,0.0026164802466451,1272.5,0.2523439601428545
2026-01-09,RR,1293.5,1297.0,1273.0,1285.0,21433755,1208.75,98.18652849740933,28.38478786528207,85.0091407678245,169.09533756895982,,1.263,1.263,21416176.0,8399619894.0,0.002549660135847,1293.5,0.2510653631699177
2026-01-12,RR,1287.0,1304.0,1285.5,1300.0,20494563,1222.5,90.17341040462428,31.922910647990552,80.0420168067227,143.75312260589502,,,1.263,20479085.0,8399173571.0,0.0024382261929564,1287.0,0.2422576735064056
2026-01-13,RR,1305.0,1305.0,1288.5,1299.0,31813439,1239.3,100.0,35.351392321783095,79.34782608695653,129.59734576138143,,2.442,2.442,,,,,0.2174474004646058
2026-01-14,RR,1275.0,1306.5989990234375,1268.0,1305.0,23299578,1251.5,82.00502326370327,37.97222094538559,74.48979591836735,96.7495113150128,,,2.442,33579866.0,8398152789.0,0.0039984823857912,1275.0,0.2327500073958509
2026-01-15,RR,1273.0,1299.75,1261.0,1286.0,57592533,1263.8,80.86606460726294,39.83098491237153,73.34710743801654,80.86759944359305,,1.749,1.749,57582763.0,8397692161.0,0.0068569747373477,1273.0,0.2250016127005356
2026-01-16,RR,1285.5,1295.0,1274.5,1283.0,36516893,1272.65,87.98455621001497,41.2233093654598,77.8688524590164,79.75786682938937,,0.141,0.141,,,,,0.2256372503489023
2026-01-19,RR,1267.0,1290.5,1267.0,1279.0,14996470,1276.2,77.44918863794197,41.86117766331537,76.0,62.62551190373909,,,0.141,14986636.0,8396681516.0,0.0017848284434085,1267.0,0.2308599656177526
2026-01-20,RR,1281.0,1281.0,1239.0,1263.5,36874059,1279.85,84.25636124626598,42.120681080936194,75.80645161290323,48.6735875054106,,0.069,0.069,26249039.0,8396218633.0,0.0031262929358261,1281.0,0.2310319312308972
2026-01-21,RR,1255.0,1278.5,1246.5,1267.0,23179337,1279.45,65.78746087644849,41.61861275667492,69.37269372693727,36.19427971866053,,,0.069,21898986.0,8395684475.0,0.0026083621966986,1255.0,0.2402606688269766
2026-01-22,RR,1244.0,1280.0,1236.5,1255.0,15053977,1276.6,42.883603334688445,40.39516945733391,60.0,23.951713557606297,,,0.069,15044956.0,8395030350.0,0.0017921264572914,1244.0,0.2443477213773053
2026-01-23,RR,1253.0,1263.0,1245.5,1255.0,37721743,1272.55,25.659163442735363,38.83523819965804,55.131264916467785,19.87054226586451,,,0.069,37097223.0,8394611702.0,0.0044191708106238,1253.0,0.2433597397554671
2026-01-26,RR,1235.5,1258.5,1230.27099609375,1258.5,42309468,1267.4,6.850701846695635,36.77846134012417,47.89719626168224,-6.060195546116473,,,0.069,41682777.0,8435479925.0,0.0049413640208503,1235.5,0.2099441619926968
2026-01-27,RR,1240.0,1249.5,1234.5,1244.0,65283304,1260.9,12.746310047194932,34.50606024336683,45.34313725490196,-18.382995754857088,,,0.069,65279210.0,8435050516.0,0.0077390419744582,1240.0,0.1841948552899727
2026-01-28,RR,1208.0,1250.0,1207.5,1250.0,34901812,1254.2,0.5045459640634181,31.628445470815983,35.50561797752809,-80.00160436664706,,,0.069,32720910.0,8434204831.0,0.0038795488911692,1208.0,0.2019889735767137
2026-01-29,RR,1201.0,1227.0,1191.0,1211.5,16872584,1247.0,8.650593936347596,28.33857527593952,27.81774580335731,-142.43009203083685,,,0.069,16858219.0,8433554007.0,0.0019989459942993,1201.0,0.1964435548383782
2026-01-30,RR,1211.0,1223.5,1198.5,1202.0,13561700,1239.55,17.30118787269519,25.057726615118167,32.075471698113205,-141.46051838384878,,2.251,2.251,13556429.0,8433151880.0,0.0016075162872555,1211.0,0.1945140817876763
2026-02-02,RR,1230.5,1235.5,1191.0,1200.0,25735934,1235.9,34.169846048573,22.20851946871036,32.55269320843091,-115.7952492331797,,,2.251,25725882.0,8432956497.0,0.0030506361569814,1230.5,0.1940022692540713
2026-02-03,RR,1235.5,1264.5,1233.5,1260.0,18198420,1231.35,40.91954022988506,19.808371379538738,39.52254641909814,-38.50307231638546,0.5574,,2.251,18100023.0,8432685679.0,0.0021464126245182,1235.5,0.1950643575239896
2026-02-04,RR,1217.5,1265.0,1217.5,1248.5,16821891,1227.6,25.48076923076923,17.483177764239176,36.43031784841076,-64.63436782726275,0.0,,2.251,17761974.0,8431895625.0,0.0021065220431971,1217.5,0.1903673697993534
2026-02-05,RR,1207.5,1237.0,1199.0,1217.5,14030740,1223.95,16.582914572864322,15.127462794415331,30.693069306930692,-104.84541440520864,0.0,,2.251,14023604.0,8431153055.0,0.0016633079613806,1207.5,0.1906567171061754
2026-02-06,RR,1229.0,1229.0,1192.5,1205.5,11086431,1221.55,42.22222222222222,13.184649497565518,40.73170731707317,-88.60634336583355,0.0593,,2.251,11080834.0,8430832734.0,0.0013143226001048,1229.0,0.1912084228014521
2026-02-09,RR,1275.0,1275.0,1235.449951171875,1237.0,16946760,1225.5,94.38202247191012,12.306333104186548,48.734177215189874,38.533424777391424,0.1107,1.941,1.941,,,,,0.1913109874357873
2026-02-10,RR,1243.5,1285.0,1243.5,1283.0,15964511,1225.85,55.85106382978724,11.610652818837217,47.628865979381445,34.89999579683305,-0.4166,,1.941,11590110.0,8430315450.0,0.0013748133232665,1243.5,0.2492421064054775
2026-02-11,RR,1248.0,1265.25,1236.5,1243.5,21144703,1229.85,60.63829787234042,11.111245863293806,50.84745762711864,18.25689373553332,,,1.941,21142164.0,8429853773.0,0.0025080107638066,1248.0,0.2450925353859146
2026-02-12,RR,1226.0,1270.0,1223.0,1265.0,28179253,1232.35,37.234042553191486,10.384717038373417,44.57831325301205,-10.972115859759212,,,1.941,13356227.0,8428862980.0,0.0015845822896506,1226.0,0.2480696336959828
2026-02-13,RR,1271.0,1280.0,1238.5,1240.0,38388439,1238.35,85.1063829787234,10.2481983145496,56.41952983725135,84.58050802140532,0.11717999999999999,,1.941,33825753.0,8428862980.0,0.0040130861161537,1271.0,0.2837872302100359
2026-02-16,RR,1298.0,1299.0,1266.5,1271.0,11519127,1245.1,99.07407407407408,10.896054542600316,59.69899665551839,172.02088412745704,,,1.941,11510796.0,8428862980.0,0.0013656404223574,1298.0,0.2831569115165547
2026-02-17,RR,1297.0,1300.0,1267.5,1298.0,23524510,1251.25,97.24770642201835,11.96079137230967,66.6044776119403,159.72724291547604,-0.17253333333333332,,1.941,23520335.0,8428862980.0,0.00279045169625,1297.0,0.2805976359633305
2026-02-18,RR,1324.5,1333.0,1297.79296875,1298.5,48505532,1261.95,94.01408450704226,13.642490998601373,71.40381282495667,220.6156447238417,0.13396666666666665,,1.941,48448650.0,8428775504.0,0.0057480057425907,1324.5,0.2881763231326774
2026-02-19,RR,1324.0,1331.5,1306.5,1329.0,49433538,1273.6,93.66197183098592,15.583662275392951,70.25089605734767,185.75430526617444,,,1.941,49389591.0,8428325504.0,0.0058599529617787,1324.0,0.2815674199507259
2026-02-20,RR,1336.0,1351.5,1324.0,1327.0,30994942,1284.3,90.25157232704404,17.74164062283039,69.42909760589319,182.48529739639,0.0,,1.941,30140794.0,8427836621.0,0.0035763381939437,1336.0,0.282231527737844
2026-02-23,RR,1333.0,1337.27294921875,1313.5,1327.0,18967609,1290.1,88.36477987421384,19.834084615427344,68.08905380333951,136.68277177612924,0.296,,1.941,18957897.0,8427836621.0,0.0022494381242229,1333.0,0.2609456115162649
2026-02-24,RR,1310.0,1331.5,1304.5,1325.0,23721496,1296.75,73.8993710691824,21.36360611451705,66.8488160291439,97.92755990808546,,,1.941,23717746.0,8427836621.0,0.0028142152092627,1310.0,0.2702734400255159
2026-02-25,RR,1310.0,1336.5,1305.0,1320.0,35732790,1302.95,73.8993710691824,22.411426676152505,69.37618147448015,88.72859745894336,,,1.941,34019733.0,8427836621.0,0.0040365914207723,1310.0,0.2702734400255159
2026-02-26,RR,1352.5,1420.0,1352.5,1420.0,48708934,1315.6,65.73604060913705,23.72938044030946,71.62872154115587,161.42373223031362,0.3592444444444445,4.422,4.422,42545661.0,8426904621.0,0.0050487887205908,1352.5,0.2878024467710515
2026-02-27,RR,1333.5,1372.0,1333.366943359375,1369.0,43601249,1321.85,56.09137055837564,24.790341187207108,61.31528046421664,103.26724698055988,0.14049999999999999,3.765,3.765,43595585.0,8426020152.0,0.0051739236571434,1333.5,0.2931912252502454
2026-03-02,RR,1354.0,1354.0,1297.5,1333.5,64472123,1327.45,66.49746192893402,25.905169699091267,72.32323232323233,78.15138271139631,-0.05295,3.394,3.394,64458503.0,8424931419.0,0.0076509231700845,1354.0,0.2958637414499266
2026-03-03,RR,1303.0,1367.5,1263.0,1353.5,90846146,1328.05,40.60913705583757,26.12260199422069,59.35374149659863,34.22449456882363,-0.32296,9.252,9.252,103482893.0,8423278918.0,0.0122853456483393,1303.0,0.3257234634691829
2026-03-04,RR,1363.0,1363.0,1293.5,1293.5,53428465,1331.9,68.59504132231405,26.66389182920256,70.63253012048193,75.35761026557903,-0.2679333333333333,8.844,8.844,53409486.0,8422829289.0,0.0063410386424133,1363.0,0.3532105737215701
2026-03-05,RR,1290.0,1380.5,1288.5,1380.0,61113090,1328.5,17.197452229299362,26.15434922071009,52.638888888888886,35.07407810288389,0.2023,,8.844,57532487.0,8422561512.0,0.0068307588989443,1290.0,0.4106129847847719
2026-03-06,RR,1265.0,1316.0,1250.0,1300.5,26015810,1321.4,8.823529411764707,24.554404808956477,45.391061452513966,-58.89016028199955,0.0,8.067,8.067,,,,,0.3854362561859802
2026-03-09,RR,1238.5,1242.18994140625,1168.5,1210.0,42491612,1311.95,27.83300198807157,21.87613292316197,42.37288135593221,-169.24937888232614,-0.7783,,8.067,42481446.0,8418554736.0,0.0050461685327456,1238.5,0.3931278412909176
2026-03-10,RR,1311.0,1313.0,1285.5,1290.0,32401199,1312.05,56.66003976143141,19.76922072987769,48.4247374562427,-2.77021266895015,-0.005149999999999988,,8.067,22466911.0,8418554736.0,0.0026687372957172,1311.0,0.4384200894805512
2026-03-11,RR,1300.5,1303.0,1263.5,1293.0,26591239,1311.1,52.48508946322068,17.918294120994545,47.32041049030786,-40.45824516016753,-0.064,,8.067,26581330.0,8417840170.0,0.0031577375506287,1300.5,0.4222307405993526
2026-03-12,RR,1283.5,1327.0,1254.5,1300.5,37179913,1304.2,45.72564612326044,16.01277846047294,44.08117249154453,-53.06289760083826,-0.42115,,8.067,37171062.0,8417133998.0,0.0044161185991374,1283.5,0.4184836765369777
2026-03-13,RR,1215.5,1288.0,1213.5,1272.0,25895729,1292.4,18.687872763419485,13.051541073526105,38.44641101278269,-168.10877093278185,-0.14806666666666668,6.829,6.829,,,,,0.4498427853439118
2026-03-16,RR,1230.0,1240.0,1208.5,1220.0,13932248,1280.0,24.45328031809145,9.785422647398224,41.99999999999999,-169.0142942081203,0.0386,,6.829,13925442.0,8414084024.0,0.0016550157997328,1230.0,0.4532306442283956
2026-03-17,RR,1247.0,1257.0,1215.5,1224.5,34041253,1274.4,31.21272365805169,6.748348130965556,43.90715667311412,-122.44260920154396,0.0772,,6.829,34032805.0,8413456217.0,0.0040450445241795,1247.0,0.4552604479312808
2026-03-18,RR,1255.5,1287.0,1245.0,1254.0,29853519,1263.65,41.0377358490566,4.134274049662601,39.95859213250517,-68.89355539715397,0.3548,7.534,7.534,29842008.0,8412742468.0,0.0035472389786697,1255.5,0.4566073298003941
2026-03-19,RR,1190.0,1234.0,1172.77001953125,1231.0,23656158,1253.65,10.141509433962264,0.8679254372621301,36.44948064211521,-156.38827768646482,-0.148,,7.534,20296525.0,8410270900.0,0.0024133021684236,1190.0,0.4872643686325976
2026-03-20,RR,1161.0,1211.0,1148.5,1199.5,57889010,1243.25,5.387931034482759,-3.100685063238302,32.063197026022294,-166.3113894759729,0.0,,7.534,57879722.0,8408791372.0,0.0068832391528621,1161.0,0.4718661816581592
2026-03-23,RR,1183.0,1230.0,1093.0,1118.0,58449834,1237.7,31.30434782608696,-6.943354350411619,38.21218074656189,-146.94725410741947,0.24635,,7.534,58424401.0,8407465454.0,0.0069491098500087,1183.0,0.4799672541025976
2026-03-24,RR,1165.5,1186.0460205078125,1145.0,1186.0,41198527,1223.15,25.217391304347824,-10.769024021356218,28.831725616291536,-129.46963600483343,0.19765,6.911,6.911,41192065.0,8406374432.0,0.0049000987682866,1165.5,0.4744520430874426
2026-03-25,RR,1194.0,1205.5,1178.5,1185.5,24061603,1212.5,43.162393162393165,-13.90424509762054,38.6255924170616,-85.6115695533597,0.2023,6.463,6.463,,,,,0.4725078498114877
2026-03-26,RR,1150.0,1178.5,1141.0,1177.5,23082480,1199.15,24.35897435897436,-17.112656616303575,36.96145124716553,-116.85675571586673,-0.5420499999999999,,6.463,23080035.0,8403941444.0,0.0027463345804816,1150.0,0.4471451201580386
2026-03-27,RR,1108.5,1159.5,1104.5,1157.0,32346387,1188.45,6.623931623931624,-20.82185730904734,35.745614035087726,-141.1249906365693,-0.10053333333333332,,6.463,32255581.0,8401691316.0,0.0038391771117052,1108.5,0.4274441250119123
2026-03-30,RR,1106.5,1123.0,1090.0,1104.0,35041739,1176.1,6.962025316455696,-24.634952131989525,23.476005188067447,-144.29380735015027,0.23535,,6.463,35032853.0,8400164058.0,0.0041704962853238,1106.5,0.4253537043648922
2026-03-31,RR,1132.0,1135.5,1078.0,1082.5,21974714,1164.6,21.686746987951807,-27.850291405632348,28.96379525593008,-119.9698384596033,0.25116,6.729,6.729,,,,,0.4338798064601083
2026-04-01,RR,1207.0,1249.5,1188.5,1245.0,48769889,1159.75,61.42857142857143,-29.26235803937376,41.657579062159215,1.4223451086513814,0.11981666666666667,,6.729,48861022.0,8401691316.0,0.0058156173753908,1207.0,0.4492529757579203
2026-04-02,RR,1188.5,1207.5,1165.0,1178.5,31838240,1159.6,52.87081339712919,-29.698607313369727,46.69926650366748,-27.89871422515645,-0.022999999999999993,,6.729,31712280.0,8399632003.0,0.0037754368273126,1188.5,0.4509225086508878
2026-04-07,RR,1142.5999755859375,1200.5999755859375,1133.0,1200.5999755859375,26829103,1157.7599975585938,30.909079227721293,-30.16498321153244,40.07720032141855,-60.77103114794052,0.214275,5.412,5.412,26616457.0,8398895687.0,0.0031690424541404,1142.6,0.4665074901807411
2026-04-08,RR,1278.0,1282.6090087890625,1244.5999755859375,1268.800048828125,52556429,1167.2599975585938,95.69377990430624,-28.39681329061395,52.77380075977185,86.65310341479473,0.0,,5.412,49467082.0,8398895687.0,0.0058897126293122,1278.0,0.609633318679766
2026-04-09,RR,1279.800048828125,1284.9000244140625,1265.800048828125,1270.0,29175120,1178.6900024414062,97.53505317344424,-25.227322920342363,52.20069231388316,102.75544925846236,,,5.412,28352318.0,8398895687.0,0.0033757197441902,1279.8,0.6087756447957415
2026-04-10,RR,1267.199951171875,1288.7979736328125,1256.800048828125,1279.800048828125,16396966,1186.0099975585938,89.75416030395105,-21.489190990224724,57.73236387893917,97.85567914222588,0.34,4.268,4.268,16389990.0,8398895687.0,0.001951445834167,1267.2,0.608817809488846
2026-04-13,RR,1269.4000244140625,1278.9029541015625,1236.4000244140625,1250.199951171875,33296965,1197.95,90.7978483452886,-17.506525502841008,61.47332374997512,89.2953566448276,0.07994999999999997,,2.408,33070436.0,8398895687.0,0.003937474310008,1269.4,0.6084939807990762
2026-04-14,RR,1312.199951171875,1319.199951171875,1272.199951171875,1277.0,48782566,1218.3199951171875,97.09784352526178,-12.856620277916836,63.09812449384896,132.65943327374302,,,2.408,48696266.0,8398895687.0,0.0057979367543965,1312.2,0.5844340023392136
2026-04-15,RR,1286.800048828125,1310.5999755859375,1282.199951171875,1310.5999755859375,16082072,1236.35,86.56720194745712,-8.408195596532156,62.10337509366599,109.05924691311402,,2.291,2.291,,,,,0.5794865301188807
2026-04-16,RR,1250.199951171875,1293.4000244140625,1233.5999755859375,1289.0,33670941,1248.1699951171877,71.39302903472324,-4.8840179923951865,55.518453418638686,63.46770293697997,0.27115,,2.291,33559633.0,8398895687.0,0.0039957197053827,1250.2,0.5875833366045027
2026-04-17,RR,1310.5999755859375,1328.5999755859375,1234.199951171875,1242.800048828125,61689847,1258.5299926757812,92.81723792753232,-1.149104985973156,65.27776906842692,98.51401703127804,0.5106,2.307,2.307,61771980.0,8398895687.0,0.0073547740443558,1310.6,0.6043869166970893
2026-04-20,RR,1262.4000244140625,1288.677978515625,1256.4000244140625,1284.800048828125,77421679,1265.9199951171877,73.58341675130242,1.7557195492546365,64.45613141118326,64.95089588535826,0.3182,2.587,2.587,77410643.0,8398895687.0,0.0092167644277113,1262.4,0.60431858604674
2026-04-21,RR,1180.4000244140625,1279.800048828125,1180.4000244140625,1272.800048828125,43975420,1269.7,40.861945087838514,2.6757212618318937,56.03462385986499,-1.447601506450323,0.31845,,2.587,43947058.0,8393467456.0,0.0052358644660717,1180.4,0.6382965407134531
2026-04-22,RR,1138.5999755859375,1196.800048828125,1136.0,1187.4000244140625,44509775,1255.7599975585938,2.862973560790212,1.6304525956584353,50.52497401200468,-67.32554838327302,-0.36619999999999997,,2.587,44834996.0,8393467456.0,0.0053416536413624,1138.6,0.6532473387464798
2026-04-23,RR,1160.199951171875,1164.0,1109.4000244140625,1130.0,25600427,1243.7999877929688,23.17515423075081,-0.2509158957653121,45.93184692829433,-79.42672673889122,0.296,,2.587,25578189.0,8393467456.0,0.0030473924077367,1160.2,0.6516819122453303
2026-04-24,RR,1129.4000244140625,1161.4000244140625,1128.199951171875,1145.5999755859375,19111333,1230.0199951171876,9.124089623686992,-3.0485340693542944,44.9702158888348,-78.04204267146638,-0.3919,2.567,2.567,19099555.0,8393467456.0,0.0022755261874932,1129.4,0.6595326678276716
2026-04-27,RR,1130.4000244140625,1149.800048828125,1126.5999755859375,1127.4000244140625,60163776,1216.1199951171875,9.580294104871342,-6.250881383760468,48.87578796754991,-79.85491356627227,-0.2023,2.454,2.454,,,,,0.6106557040309565
2026-04-28,RR,1134.4000244140625,1135.199951171875,1105.800048828125,1130.4000244140625,113568290,1198.3400024414063,12.836618037593066,-9.460968057960631,32.53891658460864,-91.3073131547065,,,2.454,113563790.0,8381936497.0,0.0135486340227757,1134.4,0.5950986158674749
2026-04-29,RR,1098.5999755859375,1138.800048828125,1098.5999755859375,1134.4000244140625,22056213,1179.5199951171876,0.0,-13.057232975296191,29.64959080952181,-106.34546092725924,-0.2732,,2.454,21948658.0,8381936497.0,0.0026185664861402,1098.6,0.6057484684651896
2026-04-30,RR,1182.0,1206.9000244140625,1094.800048828125,1098.5999755859375,75000199,1172.7,37.29682570097776,-15.346666029132669,41.74419077791909,-57.673245885054456,0.17703333333333335,1.347,1.347,74874585.0,8381936497.0,0.0089328504250537,1182.0,0.5042825545177043
2026-05-01,RR,1199.199951171875,1207.0,1165.4000244140625,1182.4000244140625,13446544,1161.5599975585938,44.65352226217558,-16.38759299309399,43.38982209224885,-22.67516843168128,-0.4019,,1.347,13446544.0,8381936497.0,0.001604228808559,1199.2,0.5076300733608563
2026-05-05,RR,1202.0,1206.717041015625,1169.800048828125,1187.4000244140625,31127048,1155.5199951171876,45.85114831234346,-16.509389633005707,38.77800904563391,-20.52583138192464,0.35875,1.503,1.503,31115864.0,8376958357.0,0.0037144584793117,1202.0,0.507836243412545
2026-05-06,RR,1279.199951171875,1330.0,1212.4000244140625,1221.0,47065082,1165.399987792969,78.40133530002211,-14.779400040056506,49.29991737540756,63.683431628113375,-0.2023,1.499,1.499,46112935.0,8376958357.0,0.0055047348971798,1279.2,0.5464302054246152
2026-05-07,RR,1279.800048828125,1317.199951171875,1259.0,1288.4000244140625,24503348,1179.5199951171876,78.65647891432137,-11.936176174667995,52.92029348898983,74.4942466655514,-0.4201,,1.499,24368189.0,8376958357.0,0.002908954295999,1259.0,0.5449614778091859
2026-05-08,RR,1219.800048828125,1314.199951171875,1216.800048828125,1247.199951171875,13911855,1185.4800048828124,53.14626953670362,-9.474305124797368,41.034762798158056,38.15743908878116,0.11315,,1.499,13893657.0,8376958357.0,0.0016585562930953,1219.8,0.5556564089831231
2026-05-11,RR,1227.5999755859375,1231.0450439453125,1191.199951171875,1219.800048828125,32959878,1195.3,56.46256561540162,-7.234476846402424,46.266089181531655,3.464713661818713,0.0,,1.499,29796935.0,8375129945.0,0.0035577877830766,1227.6,0.5474460368415004
2026-05-12,RR,1191.0,1208.199951171875,1183.800048828125,1200.5999755859375,16366430,1201.3599975585937,40.90134827518557,-5.8186785732816775,51.26010178331212,-19.37007644379529,-0.36819999999999997,1.482,1.482,,,,,0.5164692372918582
2026-05-13,RR,1205.0,1215.5999755859375,1184.0,1206.4000244140625,25691993,1208.4199951171877,46.85373046329638,-4.756961059497477,58.45214317656971,-5.028025907905706,,,1.482,25679334.0,8375129945.0,0.003066141560625,1205.0,0.5133863343610899
2026-05-14,RR,1197.199951171875,1220.0,1181.4000244140625,1209.199951171875,9708306,1218.2799926757812,43.53738248394453,-4.086434639438533,54.88126649076517,-1.6408861417634597,0.12040000000000001,0.731,0.731,9650440.0,8375129945.0,0.0011522734648148,1197.2,0.4361716976427621
2026-05-15,RR,1140.0,1209.4000244140625,1140.0,1180.0,59138376,1214.079992675781,19.217670304210493,-4.599527323651941,51.30734767483771,-49.7746181261055,0.0,,0.731,59124763.0,8375129945.0,0.0070595636591045,1140.0,0.4667578267775267
2026-05-18,RR,1157.5999755859375,1182.64794921875,1115.800048828125,1117.4000244140625,18336001,1209.9199951171877,26.700654674847595,-5.536311781113807,53.222743029843,-60.02508817852676,,,0.731,18324588.0,8365415970.0,0.0021905172517081,1157.6,0.4593873836126448
2026-05-19,RR,1164.5999755859375,1190.5999755859375,1154.5999755859375,1157.5999755859375,26729544,1206.1799926757812,29.676845768903,-6.5652509584402745,53.55293543198529,-24.635193727449582,,,0.731,26723284.0,8365415970.0,0.0031944955392337,1164.6,0.4596425484619334
2026-05-20,RR,1224.5999755859375,1228.4000244140625,990.0,1169.800048828125,23252933,1200.7199951171874,68.99999281939338,-6.6257837447144885,64.02493473911679,-58.002408892293765,0.20693333333333333,,0.731,23236818.0,8365415970.0,0.0027777241542239,1224.6,0.49207994876245
2026-05-21,RR,1208.199951171875,1229.0,1198.199951171875,1224.5999755859375,20589256,1193.5599853515623,64.17645622702206,-6.322716247296494,53.42751890620899,49.48858877254636,-0.027533333333333337,,0.731,18078572.0,8365415970.0,0.0021611085527406,1208.2,0.4961527949239624
2026-05-22,RR,1248.800048828125,1248.800048828125,1051.199951171875,1228.4000244140625,21034647,1196.4599853515624,76.11766142003677,-5.145476840098931,56.11440898841777,-4.3357213723383214,,,0.731,18569528.0,8365415970.0,0.0022197973258704,1248.8,0.4887493993673524
2026-05-26,RR,1261.199951171875,1287.0,1253.4000244140625,1268.800048828125,17197382,1199.8199829101563,79.76469152113971,-3.2724754680690307,57.12908937064985,133.70693658480522,0.0,,0.731,16914832.0,8365139456.0,0.0020220621651283,1261.2,0.4881687658101129
2026-05-27,RR,1297.199951171875,1303.676025390625,1263.0,1263.0,38398824,1210.4399780273438,93.88752965018196,-0.4797521946368177,52.406417112299465,147.60285295885296,,,0.731,38381686.0,8365139456.0,0.0045882900341213,1297.2,0.4247909363632769
2026-05-28,RR,1314.5999755859375,1327.199951171875,1270.800048828125,1285.4000244140625,36285472,1221.3999755859377,96.2633518948776,3.021736459284931,54.45239678606424,148.32753217626677,-0.4404,,0.731,35257860.0,8365139456.0,0.004214856211956,1314.6,0.424470541825498
2026-05-29,RR,1337.4000244140625,1420.0,1315.0,1326.0,70584825,1235.4199829101562,80.79070335210756,7.14078601561584,66.62895697193798,189.1582969211348,-0.1027,,0.731,70571083.0,8365139456.0,0.0084363307236177,1337.4,0.4265863936989729
2026-06-01,RR,1272.800048828125,1331.0,1230.4000244140625,1323.0,47838866,1248.6999877929688,65.76745321584302,10.384053220379151,55.50683120776133,69.85301318536546,0.26746,,0.731,47827980.0,8365139456.0,0.0057175352845665,1272.8,0.467617549987582
2026-06-02,RR,1280.5999755859375,1300.5999755859375,1107.4000244140625,1291.199951171875,30549103,1260.9999877929688,67.58138967114826,13.009155505925724,61.740039480919634,1.7003006409601318,-0.4404,,0.731,30417397.0,8365139456.0,0.0036362091941196,1280.6,0.4089798362060082
2026-06-03,RR,1258.199951171875,1273.0,1250.199951171875,1265.800048828125,32661728,1270.3599853515625,62.37208166787791,14.722161992597016,56.8205065604968,39.997805776902496,-0.4019,,0.731,30324277.0,8365139456.0,0.0036250772816763,1258.2,0.40991473717889
2026-06-04,RR,1263.199951171875,1270.0,1244.800048828125,1252.800048828125,14383224,1274.2199829101562,63.53487236555232,15.819903166728768,58.52272834749186,40.10091492981824,0.7003,,0.731,14379280.0,8365139456.0,0.0017189528131161,1263.2,0.392807116187514
2026-06-05,RR,1260.0,1277.199951171875,1253.199951171875,1267.800048828125,29097229,1279.399987792969,62.7906976744186,16.387352444967032,68.00720551998224,48.73225493267352,,,0.731,29090321.0,8365139456.0,0.0034775655747298,1260.0,0.3927734013483063
2026-06-08,RR,1261.199951171875,1264.5999755859375,1202.5999755859375,1217.800048828125,25991243,1280.6399780273437,63.06975608648256,16.574472836568177,66.35101002803225,19.46663083890293,,,0.731,26091085.0,8365139456.0,0.0031190257062942,1259.0,0.3928262626802785
2026-06-09,RR,1225.199951171875,1276.800048828125,1225.199951171875,1268.0,42428187,1277.0399780273438,54.69766306322674,15.901265739465988,58.762288667050505,16.995229056535575,-0.08530000000000001,,0.731,42780750.0,8365139456.0,0.0051141705676305,1225.2,0.3898127962527489
2026-06-10,RR,1233.5999755859375,1252.4000244140625,1210.0,1225.199951171875,35030908,1270.67998046875,49.45770072255818,14.821887950623378,51.52957197378018,-1.0261103187409346,,,0.731,34527781.0,8360100681.0,0.0041300676053425,1233.6,0.388523299425311
2026-06-11,RR,1252.800048828125,1260.800048828125,1234.4000244140625,1236.4000244140625,17787554,1264.4999877929688,54.66379364559233,13.817056882372128,57.50843394886363,22.281036198750787,,0.666,0.666,16166703.0,8357242582.0,0.0019344541984242,1252.8,0.3916632831450448
2026-06-12,RR,1308.0,1324.199951171875,1283.4000244140625,1306.4000244140625,25448702,1261.5599853515623,64.17146233294895,13.760816273501268,59.49935478209498,99.68110134796648,0.3422,0.742,0.742,,,,,0.3688794981822628
2026-06-15,RR,1358.4000244140625,1387.4000244140625,1345.800048828125,1367.5999755859375,22141128,1270.1199829101563,80.29431209312334,15.074821282769635,63.90161327661393,170.62612957091807,0.22057500000000002,,0.742,22194869.0,8357242582.0,0.0026557645996544,1358.4,0.3845352060204464
2026-06-16,RR,1393.0,1407.800048828125,1374.0,1381.5999755859375,17806295,1281.3599853515625,91.36276324097877,17.69645122102694,63.756470744138205,188.2133368954456,0.6369,,0.742,17360162.0,8357242582.0,0.0020772595541728,1393.0,0.3891739497266371
2026-06-17,RR,1390.0,1424.199951171875,1381.4000244140625,1398.199951171875,16292470,1294.539990234375,89.20455837162481,20.91204791864837,61.2941942717634,167.47432252980929,0.7096,,0.742,16286753.0,8357242582.0,0.0019488189842758,1390.0,0.3572313858649613
2026-06-18,RR,1409.5999755859375,1413.5,1383.199951171875,1402.199951171875,18298572,1309.1799926757812,95.39142078239844,24.596407957495444,60.91953768341017,148.52501592020673,0.06743333333333333,,0.742,18289338.0,8357242582.0,0.0021884416804403,1409.6,0.3500878203784832
2026-06-19,RR,1408.199951171875,1421.199951171875,1396.4000244140625,1407.199951171875,34174531,1323.9999877929688,94.94949378184936,28.303042774889853,75.31786682735763,133.4503248760459,,,0.742,32772750.0,8357242582.0,0.0039214788464542,1408.2,0.3378139188661526
2026-06-22,RR,1411.800048828125,1420.199951171875,1389.6739501953125,1405.0,44378252,1339.0599975585938,94.40437558218898,31.822260165775575,74.92401913609305,115.2601153423895,0.07543333333333334,,0.742,43033701.0,8357241998.0,0.0051492706577479,1411.8,0.337759742801429
2026-06-23,RR,1391.199951171875,1411.5999755859375,1379.199951171875,1398.0,65452513,1355.6599975585937,85.10830160845282,34.638332859134714,75.4399245349983,87.2279766572578,-0.03141666666666667,,0.742,64882964.0,8357241998.0,0.007763681369467,1391.2,0.3340410474790926
2026-06-24,RR,1419.199951171875,1419.199951171875,1377.4000244140625,1382.0,40618948,1374.2199951171874,97.7436820618868,37.233840773858624,77.42614621131546,87.59131390672778,0.0,,0.742,37987892.0,8357241998.0,0.0045455058031215,1419.2,0.3374585927205051
2026-06-25,RR,1432.0,1532.5999755859375,1416.199951171875,1420.0,35715777,1392.139990234375,69.51515891335227,39.67439599310602,79.25167638937906,124.03947422549068,0.0,,0.742,35670060.0,8357241998.0,0.0042681616744538,1432.0,0.3343890662212432
2026-06-26,RR,1406.199951171875,1437.199951171875,1393.800048828125,1417.0,26078556,1401.9599853515624,60.81834036580987,41.38784124292041,72.75578224150891,73.88053229650703,0.0,,0.742,25441685.0,8357241998.0,0.003044268073856,1406.2,0.2857420541211581
2026-06-29,RR,1415.199951171875,1421.4000244140625,1397.5999755859375,1415.0,17668398,1407.6399780273437,63.60817318698517,42.60498490052348,82.5788369844147,66.28642289989047,0.6705,0.627,0.627,,,,,0.2738620405536105
2026-06-30,RR,1444.5999755859375,1461.0,1415.0,1420.0,20018573,1412.7999755859375,70.4895994603034,43.81920649320334,83.74916335457911,85.19879791209071,0.6018666666666667,,0.627,19998423.0,8354175779.0,0.0023938235834431,1444.6,0.2786352289737612
