Date,Close,High,Low,Open,Volume,SMA_10,STOCH_K_14,MACD_signal_9,RSI_14,CCI_20
2016-06-01,71.33999633789062,72.29000091552734,70.47899627685547,72.29000091552734,276181503,,,,,
2016-06-02,70.52999877929688,71.95999908447266,70.44000244140625,71.23999786376953,279461684,,,,,
2016-06-03,70.0,71.30000305175781,69.5199966430664,71.05000305175781,98812617,,,,,
2016-06-06,69.63999938964844,70.31700134277344,69.39700317382812,69.94999694824219,155224212,,,,,
2016-06-07,70.25,71.0,69.94999694824219,70.01000213623047,137756498,,,,,
2016-06-08,69.86000061035156,70.62999725341797,69.33000183105469,69.80999755859375,97527172,,,,,
2016-06-09,69.11000061035156,69.68000030517578,68.9800033569336,69.68000030517578,95480126,,,,,
2016-06-10,67.05000305175781,69.0260009765625,66.94999694824219,68.80999755859375,122961296,,,,,
2016-06-13,64.2300033569336,66.63999938964844,64.19000244140625,66.16999816894531,244673005,,,,,
2016-06-14,62.18000030517578,64.05999755859375,62.18000030517578,64.01000213623047,213494426,68.41900024414062,,,,
2016-06-15,63.0,63.540000915527344,62.63999938964844,62.939998626708984,211708628,67.58500061035156,,,,
2016-06-16,61.36000061035156,62.51900100708008,61.189998626708984,62.0,186711784,66.66800079345703,,,,
2016-06-17,65.05000305175781,65.4800033569336,62.18000030517578,62.5,290521881,66.17300109863281,,,,
2016-06-20,70.0,70.08000183105469,64.5270004272461,68.25,255177180,66.20900115966796,79.36936537540909,,,
2016-06-21,70.33000183105469,70.69999694824219,64.5270004272461,70.0,205753514,66.21700134277344,84.86539290494675,,47.68456070633999,
2016-06-22,70.55000305175781,71.45999908447266,69.25,70.5999984741211,203259814,66.28600158691407,91.13927953112284,,50.04713541779022,
2016-06-23,72.1500015258789,72.25,70.01000213623047,71.16999816894531,216298506,66.59000167846679,99.09585477663157,,54.82279371370775,
2016-06-24,57.0,60.7400016784668,50.98099899291992,51.0,592322158,65.58500137329102,28.29940628182987,,32.955772969970056,
2016-06-27,51.150001525878906,56.26599884033203,51.0,55.56999969482422,766905666,64.27700119018554,0.7945955379038554,,27.43383906917059,
2016-06-28,54.95000076293945,55.130001068115234,52.0099983215332,53.5,420713250,63.55400123596191,18.660969401893016,,33.69779138785995,-167.13591267458438
2016-06-29,55.52000045776367,69.25,54.790000915527344,55.95000076293945,343470214,62.80600128173828,21.340924584717428,,35.082326695704154,-75.70430281219414
2016-06-30,54.060001373291016,55.47999954223633,53.279998779296875,55.2599983215332,383279366,62.07600135803223,14.476478605394526,,35.550610169091655,-132.3941235427606
2016-07-01,54.349998474121094,55.900001525878906,53.43000030517578,55.529998779296875,251280167,61.00600090026855,15.839951674644666,,38.35454348269466,-112.79996806050517
2016-07-04,53.130001068115234,55.36000061035156,53.073001861572266,54.88999938964844,181211535,59.319001007080075,10.103916373316958,,39.11997972587556,-107.627087495626
2016-07-05,51.02000045776367,53.16999816894531,51.02000045776367,52.56999969482422,320209315,57.388000869750975,0.18337234001148947,,36.03078197836386,-116.16701003248818
2016-07-06,47.54999923706055,51.459999084472656,47.099998474121094,51.0,587332198,55.08800048828125,1.78926733851849,,34.55602456457116,-130.88518804335646
2016-07-07,49.70000076293945,50.900001525878906,47.29999923706055,48.0,323227768,52.843000411987305,10.337980640450471,,32.22144510506766,-110.87695456621134
2016-07-08,52.599998474121094,52.90999984741211,49.19499969482422,49.46500015258789,252660863,52.40300025939941,21.868785949538005,,28.842408083596794,-78.51045913678323
2016-07-11,54.849998474121094,55.11000061035156,52.61000061035156,53.22999954223633,234381468,52.772999954223636,30.815107474349006,,32.01672191951626,-46.35791966343605
2016-07-12,56.25,57.729000091552734,54.952999114990234,55.25,324797193,52.90299987792969,36.38171360134399,,33.830839977135966,-21.055205851594266
2016-07-13,55.31999969482422,56.790000915527344,55.29999923706055,56.22999954223633,187428800,52.88299980163574,37.110612435395566,,30.6773781858857,-23.49057750637918
2016-07-14,56.20000076293945,56.650001525878906,55.2599983215332,56.18000030517578,228354985,53.09699974060059,41.08352894778085,,48.63388084931748,-18.329451297475448
2016-07-15,55.9900016784668,57.35599899291992,55.619998931884766,55.810001373291016,154468586,53.261000061035155,40.13545188229033,,60.23688887174821,-11.293861621546494
2016-07-18,55.59000015258789,56.42100143432617,54.709999084472656,55.79999923706055,175656923,53.50699996948242,38.32957604335838,-3.759356661029976,51.58102632706811,-15.242919549842163
2016-07-19,55.43000030517578,55.75,54.58000183105469,55.43000030517578,102177048,53.94799995422363,78.37050111454893,-3.5173788554995626,49.773070696946995,-12.519482650274325
2016-07-20,56.77000045776367,56.86000061035156,54.880001068115234,55.790000915527344,173751310,54.87000007629395,90.97751916589893,-3.26317714991069,56.874680898913816,23.877833643087037
2016-07-21,56.20000076293945,57.150001525878906,56.189998626708984,56.59000015258789,175998607,55.52000007629395,85.61483586468073,-3.016295985464442,54.62731899320244,69.89788817071083
2016-07-22,54.4900016784668,56.209999084472656,54.29999923706055,55.959999084472656,180048175,55.70900039672851,69.52678596102614,-2.8073524009665234,53.32031344587433,21.219003369482593
2016-07-25,53.79999923706055,54.9900016784668,53.41999816894531,54.119998931884766,193538131,55.60400047302246,63.03509025675001,-2.637750586538395,57.29275451889395,-14.005693596899528
2016-07-26,54.130001068115234,54.689998626708984,52.95000076293945,53.459999084472656,161405121,55.39200057983398,65.49047148761842,-2.4904212851521303,70.66582736967614,-19.071410161755242
2016-07-27,55.75,56.27000045776367,54.060001373291016,54.40999984741211,170110918,55.435000610351565,76.8104054423131,-2.333252898204729,69.65561396164037,45.91663571607351
2016-07-28,52.5,55.060001373291016,52.494998931884766,54.099998474121094,454732161,55.06500053405762,0.09554961802017693,-2.224690486122906,49.68234295037405,-32.61427085584791
2016-07-29,53.150001525878906,54.597999572753906,52.45000076293945,52.77000045776367,179133676,54.78100051879883,13.260103276492242,-2.136843464123456,43.9886983579544,-28.024979405384432
2016-08-01,53.25,54.040000915527344,52.805999755859375,53.65999984741211,124451070,54.54700050354004,16.306553723802132,-2.0601198176127093,38.31776061890769,-27.957944071512603
2016-08-02,52.72999954223633,53.0099983215332,51.42100143432617,53.0,197630512,54.277000427246094,22.055579551414557,-1.997990941508511,39.58166012010001,-67.9468156143348
2016-08-03,52.9900016784668,53.560001373291016,52.625999450683594,52.83000183105469,156900272,53.899000549316405,26.43640925965919,-1.9395646753577618,36.409832030651934,-57.8179106733215
2016-08-04,51.95000076293945,53.970001220703125,51.95000076293945,53.18000030517578,239779098,53.47400054931641,9.23371129620468,-1.8986938817813697,34.01899259454197,-95.46647928817217
2016-08-05,53.150001525878906,53.150001525878906,50.68000030517578,51.849998474121094,234096939,53.340000534057616,38.17620950054007,-1.8474962141032067,40.92262838195888,-115.68299913890853
2016-08-08,54.54999923706055,54.630001068115234,53.209999084472656,53.65999984741211,153955095,53.41500053405762,59.81450079949436,-1.7659627647412512,47.00272199881765,-21.72722337417714
2016-08-09,55.040000915527344,55.130001068115234,54.25,54.66999816894531,210465324,53.50600051879883,67.38794107797311,-1.657846876309834,43.74548504697206,18.341592180137727
2016-08-10,55.4900016784668,55.630001068115234,54.39500045776367,54.66999816894531,153385920,53.48000068664551,86.0465338460541,-1.5277791758509163,47.41065376811772,41.26556857018163
2016-08-11,55.220001220703125,55.70000076293945,54.5,55.189998626708984,163909389,53.75200080871582,81.21647212166086,-1.3915964505065002,52.97473130030104,43.67154950050616
2016-08-12,55.400001525878906,56.54999923706055,54.0,54.83000183105469,110381149,53.97700080871582,80.40889403003018,-1.2526763399829908,56.80272737741318,59.660549283887335
2016-08-15,54.5,55.869998931884766,54.20000076293945,55.650001525878906,103658205,54.10200080871582,65.07666763063067,-1.1308268071437186,51.50040049662199,34.711515173068264
2016-08-16,53.95000076293945,54.47999954223633,53.66999816894531,54.099998474121094,119051951,54.22400093078613,55.70700260270278,-1.0322618691095717,42.00711240782142,-14.33722125543821
2016-08-17,53.47999954223633,54.560001373291016,53.11000061035156,54.29999923706055,129225730,54.273000717163086,47.70016604009007,-0.9586040622936748,55.77829430094607,-29.943084748827353
2016-08-18,53.869998931884766,54.060001373291016,53.34000015258789,53.75,95364907,54.465000534057616,54.34410915105099,-0.8960117616930527,54.37954358242549,-19.44683791061583
2016-08-19,55.2400016784668,55.2400016784668,53.459999084472656,53.709999084472656,216051135,54.6740005493164,77.68317211306322,-0.8197365121129362,60.48471931854861,57.577546689872705
2016-08-22,55.540000915527344,56.0,54.5,55.0099983215332,174467116,54.773000717163086,82.79389258408419,-0.7322288718762852,65.15641273918482,103.38872212775152
2016-08-23,57.59000015258789,57.84000015258789,55.56100082397461,55.97999954223633,242483214,55.02800064086914,96.50837981385769,-0.607892843636433,70.7956433832279,188.36620039095627
2016-08-24,59.27000045776367,59.41999816894531,57.220001220703125,57.279998779296875,230985457,55.40600051879883,98.28377862878622,-0.43880246090944564,81.28203773875268,243.26492627244562
2016-08-25,58.369998931884766,59.119998931884766,58.22999954223633,59.029998779296875,128479249,55.721000289916994,83.35975208690017,-0.2638837922314643,72.89471473941447,197.73401692556712
2016-08-26,58.0099983215332,58.619998931884766,57.900001525878906,58.060001373291016,104221781,55.98199996948242,77.65451041273711,-0.09962374742425195,66.69882399899257,152.42468036166542
2016-08-30,58.86000061035156,59.18000030517578,57.50199890136719,57.779998779296875,135200600,56.418000030517575,91.1252333555807,0.06313324820717814,67.81714804642824,142.91037924843866
2016-08-31,59.349998474121094,60.150001525878906,58.8489990234375,58.86000061035156,182699155,56.957999801635744,88.63632176533763,0.2240899073720926,67.93677816377735,151.28580577634688
2016-09-01,60.63999938964844,62.04999923706055,59.5099983215332,59.849998474121094,247207454,57.67399978637695,84.22818720352352,0.3955510014366875,73.00507309124376,161.66613588371706
2016-09-02,60.95000076293945,62.0,59.959999084472656,60.959999084472656,285039392,58.38199996948242,87.69576461863475,0.5686521480266984,73.29973028089415,143.02543568680437
2016-09-05,59.650001525878906,60.9739990234375,59.290000915527344,60.25,137203669,58.82299995422363,73.15438389429447,0.7116701977858695,70.91795026578916,99.83626586711908
2016-09-06,58.08000183105469,59.900001525878906,58.040000915527344,59.81999969482422,163462667,59.077000045776366,55.592863357437615,0.8016650342470415,65.4913702884717,54.634305942065836
2016-09-07,57.619998931884766,58.29399871826172,56.95000076293945,58.099998474121094,175578169,59.079999923706055,49.13891193085017,0.8445420354398528,65.54052970421793,19.092516032804603
2016-09-08,58.86000061035156,59.08000183105469,57.47999954223633,57.47999954223633,168368025,59.03899993896484,62.86381175734973,0.8734974274875784,67.60761571352694,41.42543173223555
2016-09-09,59.310001373291016,59.68000030517578,58.24599838256836,58.72999954223633,161414372,59.133000183105466,63.70863389866647,0.8973977571560271,65.35848057096628,55.75306266955109
2016-09-12,56.970001220703125,58.400001525878906,56.630001068115234,58.11000061035156,194354228,59.029000473022464,21.713680710525015,0.8774980901020901,54.676257377405825,-5.037462459011661
2016-09-13,56.38999938964844,57.2599983215332,56.23500061035156,56.970001220703125,133190485,58.782000350952146,2.6654998435416144,0.8199350209651894,45.65846673031851,-34.60631288259654
2016-09-14,56.81999969482422,57.029998779296875,56.16999816894531,56.79999923706055,105135458,58.529000473022464,11.054445710964075,0.7467744182273746,40.25457998460162,-41.254953006475255
2016-09-15,56.72999954223633,57.11000061035156,56.029998779296875,56.810001373291016,99538202,58.13800048828125,11.627918765964539,0.6645348334642049,43.02721926965476,-54.361233434394535
2016-09-16,56.5099983215332,57.0,55.91999816894531,56.27000045776367,237785600,57.694000244140625,9.62479689696523,0.5758912532917911,43.54561677887513,-74.38570146623965
2016-09-19,57.0,57.220001220703125,56.290000915527344,57.060001373291016,107995135,57.42900009155274,17.61829759985264,0.4943857337516261,41.74067940851239,-68.0760388029136
2016-09-20,56.439998626708984,57.22999954223633,56.43000030517578,57.0,107130067,57.26499977111816,8.482877115118582,0.4115655664086206,37.15800336352878,-84.29506119336006
2016-09-21,57.099998474121094,58.029998779296875,56.81999969482422,57.36000061035156,147731511,57.212999725341795,19.407893911293257,0.34185484423617657,33.45795851895795,-50.310442859743006
2016-09-22,57.150001525878906,57.5,56.06999969482422,57.0,147313222,57.04199981689453,24.337220992757057,0.28403383271886395,31.800794142912835,-66.94845593762325
2016-09-23,55.97999954223633,57.13999938964844,55.959999084472656,57.0,161776313,56.70899963378906,1.5075709216799222,0.21738206559321638,32.20176496988762,-87.88032644077148
2016-09-26,54.25,56.327999114990234,53.7400016784668,55.099998474121094,204359020,56.43699951171875,8.585832313832777,0.12059275770483388,31.709666653550244,-150.68466388156568
2016-09-27,54.63999938964844,54.869998931884766,53.60300064086914,54.810001373291016,198895195,56.26199951171875,17.064321310895018,0.015935035780018994,35.67309699112461,-151.705226697854
2016-09-28,55.529998779296875,55.7599983215332,54.0890007019043,54.880001068115234,171131999,56.132999420166016,31.709696311915074,-0.07400502361257874,33.43284431876411,-108.62956983510352
2016-09-29,55.4900016784668,56.27000045776367,55.40999984741211,56.2400016784668,201010909,56.00899963378906,39.33710005129204,-0.15047498869134912,30.18673800092597,-75.82595639912965
2016-09-30,54.54999923706055,54.869998931884766,53.0,54.04999923706055,284154079,55.8129997253418,30.8151016545021,-0.22914770469442294,35.31553853140802,-159.19990199589415
2016-10-03,54.709999084472656,54.95000076293945,54.040000915527344,54.279998779296875,129772579,55.58399963378906,33.99601390582625,-0.30200193044002355,39.258320129875194,-122.57881699750543
2016-10-04,54.77000045776367,55.79999923706055,53.76900100708008,54.810001373291016,268219093,55.41699981689453,35.18888443967165,-0.36574448996013953,36.24163135728825,-95.43211544998613
2016-10-05,54.70000076293945,55.06999969482422,54.00199890136719,54.88999938964844,134537101,55.17700004577637,33.79724006965047,-0.4207177418855864,36.33918834829433,-93.23417263012922
2016-10-06,54.9900016784668,55.41999816894531,54.72999954223633,54.869998931884766,154391630,54.96100006103516,39.56266722484119,-0.4617270769257991,39.86669935435042,-58.43170733092723
2016-10-07,52.5,55.310001373291016,51.79999923706055,54.63999938964844,473927863,54.613000106811526,11.235968127987695,-0.5305084753802052,26.315808494320123,-154.91598902904485
2016-10-10,52.380001068115234,52.82699966430664,50.84000015258789,52.43000030517578,261283857,54.42600021362305,21.418653820136193,-0.6137966073326521,27.59384528843053,-193.3631351491598
2016-10-11,53.63999938964844,53.689998626708984,52.16999816894531,52.63999938964844,261431367,54.32600021362305,42.04203154972366,-0.6803096733454749,32.091108836509875,-115.03412901516256
2016-10-12,53.029998779296875,53.79999923706055,52.540000915527344,53.4900016784668,187400002,54.07600021362305,34.76188717335137,-0.7410033682982943,29.843433197268354,-107.25126092439359
2016-10-13,52.529998779296875,53.09199905395508,51.676998138427734,52.88999938964844,193486534,53.77999992370606,30.794441440076294,-0.8011562418409384,31.937167337401007,-130.15589117551298
2016-10-14,52.43000030517578,53.369998931884766,52.224998474121094,52.630001068115234,141375428,53.56800003051758,29.281769120203002,-0.8575862460906544,38.51010028032252,-106.40475936019354
2016-10-17,52.81999969482422,55.689998626708984,51.849998474121094,52.02000045776367,121994416,53.37900009155273,36.46407791817299,-0.9005478489114747,38.51010028032252,-58.816123279206174
2016-10-18,53.939998626708984,54.099998474121094,52.75,53.220001220703125,127436181,53.295999908447264,57.0902081012082,-0.9128941408948483,40.245395097433956,-44.70399211776623
2016-10-19,54.869998931884766,55.0,53.7859992980957,54.0,164528651,53.3129997253418,81.24999038634584,-0.8884858540222886,46.57078161619929,20.905433681237753
2016-10-20,55.560001373291016,55.869998931884766,54.5,54.880001068115234,151704372,53.369999694824216,93.83702517245773,-0.8292864069647052,55.74517651327158,80.9928471576822
2016-10-21,55.13999938964844,55.72999954223633,55.029998779296875,55.220001220703125,111891635,53.63399963378906,85.48708311340043,-0.7561946424369822,52.37569149268,87.99959632489347
2016-10-24,54.970001220703125,55.87699890136719,54.7400016784668,55.380001068115234,122407934,53.89299964904785,81.9932915233725,-0.6792157344791275,51.09170723947095,77.38129850258608
2016-10-25,55.349998474121094,55.540000915527344,53.97999954223633,55.040000915527344,210421610,54.063999557495116,89.53741198816437,-0.5962250975898529,53.43187903499009,56.63250830804657
2016-10-26,55.880001068115234,56.0099983215332,53.25,53.5,330319861,54.34899978637695,97.48554546500955,-0.5040021323513214,54.58290151165741,63.4510584972576
2016-10-27,57.5,57.619998931884766,54.9370002746582,55.72999954223633,263796895,54.84599990844727,98.23010393082681,-0.3838321431786501,78.28055470209101,167.59742773878324
2016-10-28,57.7400016784668,57.95000076293945,56.97999954223633,57.59000015258789,217273165,55.37700004577637,96.65233545970337,-0.24774109252822774,79.91072074795322,189.5315551412957
2016-10-31,57.2599983215332,57.685001373291016,56.987998962402344,57.209999084472656,190218692,55.82099990844726,89.00044392281823,-0.11589866789395378,72.1271216911132,151.9627338686189
2016-11-01,56.2400016784668,57.5,56.029998779296875,57.5,141662774,56.05100021362305,72.74034163813602,-0.009639891703212403,68.68453342345315,101.79875275774154
2016-11-02,55.150001525878906,56.95199966430664,54.970001220703125,55.79999923706055,140200454,56.07900047302246,54.09839038596592,0.05764494408691276,64.27016699065274,51.27504863578706
2016-11-03,56.029998779296875,57.619998931884766,54.619998931884766,54.959999084472656,243908936,56.126000213623044,68.5245694552927,0.11088294454141684,68.07228315780362,66.02457827558068
2016-11-04,55.459999084472656,56.78499984741211,55.29999923706055,56.400001525878906,176768811,56.15800018310547,52.11535936276959,0.14317909989948635,63.01774925323723,49.84085254915707
2016-11-07,56.06999969482422,56.380001068115234,55.459999084472656,56.380001068115234,180323628,56.26800003051758,59.99998376724832,0.1700621639705051,61.05919435028741,51.230900563694526
2016-11-08,56.2400016784668,56.400001525878906,55.560001373291016,56.18000030517578,179514481,56.35700035095215,63.617046661856364,0.19446782893942807,57.72267374499939,51.63500953005773
2016-11-09,57.5099983215332,57.5099983215332,54.05400085449219,54.400001525878906,258542105,56.52000007629395,90.63824744719689,0.235860146045476,60.31744750248259,63.05119476324286
2016-11-10,59.630001068115234,60.349998474121094,55.779998779296875,57.5,471857582,56.73300018310547,89.859189285319,0.31901534662570946,70.13454080786067,183.60916625210612
2016-11-11,59.5,60.060001373291016,58.810001373291016,59.689998626708984,202086997,56.90900001525879,88.02818793244438,0.42118638884383136,70.38703209015183,213.12765933797544
2016-11-14,60.56999969482422,60.630001068115234,59.2400016784668,60.0,211747685,57.24000015258789,99.18697337930956,0.5460314685646956,72.11864351986551,209.93489324885007
2016-11-15,61.400001525878906,62.09000015258789,60.38199996948242,61.04999923706055,300876848,57.7560001373291,91.41365496544414,0.6905412886354,72.80991493226706,216.33063778399492
2016-11-16,60.40999984741211,61.75,59.7599983215332,61.400001525878906,176864797,58.28199996948242,79.09407103141619,0.822432361576023,62.6852596770047,151.8971978264491
2016-11-17,59.97999954223633,60.98099899291992,59.34000015258789,59.720001220703125,168726760,58.67700004577637,73.74314591028435,0.9307654068557607,59.605476673427994,111.12427412743136
2016-11-18,59.439998626708984,60.0,59.11000061035156,60.0,124186149,59.075,67.02337285536001,1.0079169376882633,59.30034163019052,77.85262269756721
2016-11-21,59.11000061035156,59.61000061035156,58.290000915527344,59.43000030517578,171223785,59.37900009155273,62.916876524087044,1.0539179164197339,63.00996489995154,51.49943993803156
2016-11-22,59.75,60.13999938964844,59.45000076293945,59.560001373291016,166374138,59.72999992370605,70.88103089876573,1.0857916096184685,71.7391194612985,71.95832056389825
2016-11-23,59.63999938964844,60.090999603271484,59.0359992980957,59.90999984741211,114416835,59.94300003051758,69.51218296497323,1.1029099880658582,68.39958563310331,57.94614007769524
2016-11-24,59.68000030517578,59.7599983215332,59.220001220703125,59.61000061035156,76358717,59.94799995422363,70.00995448091678,1.1080070836863891,72.73705984055563,51.3293678046032
2016-11-25,58.77000045776367,59.66999816894531,58.61000061035156,59.66999816894531,86340168,59.875,58.685913578775924,1.088258385592436,64.09185371480814,27.374323987884583
2016-11-28,57.86000061035156,58.672000885009766,57.4900016784668,58.54999923706055,155050754,59.604000091552734,47.36187267663507,1.0369732076516471,57.84882936517471,-14.631036716209115
2016-11-29,57.709999084472656,57.91999816894531,56.970001220703125,57.34000015258789,136544887,59.23499984741211,30.586369019586744,0.9638533704423782,51.08695967661349,-37.24068425508332
2016-11-30,57.869998931884766,58.86000061035156,57.400001525878906,57.7400016784668,256722811,58.98099975585937,17.578083963590494,0.8812369418221087,37.845298336498196,-22.64688837310547
2016-12-01,57.59000015258789,58.54999923706055,56.93000030517578,57.459999084472656,205741088,58.741999816894534,12.790695095526381,0.7905233891524738,37.0771378942777,-45.81503113976631
2016-12-02,57.54999923706055,57.70000076293945,57.08000183105469,57.29999923706055,103073770,58.552999877929686,12.015483531374777,0.6970501163688394,26.257874555327163,-66.42643577814339
2016-12-05,58.25,58.81999969482422,56.93000030517578,57.08000183105469,146767858,58.46699981689453,27.385887518657988,0.6163265130253894,24.719102499574447,-46.29877084322391
2016-12-06,59.47999954223633,59.5,58.27000045776367,58.5,174633674,58.43999977111817,62.94742194746432,0.5660450116889558,42.812981996047334,9.54747072768199
2016-12-07,62.27000045776367,62.27000045776367,59.67499923706055,59.75,370832250,58.702999877929685,100.0,0.5807025735540488,62.96715991311305,154.56044801575553
2016-12-08,62.77000045776367,63.02000045776367,61.665000915527344,62.0,235906220,59.011999893188474,95.89490979086816,0.6419479778897251,68.94198796482667,193.20738818769948
2016-12-09,61.7400016784668,62.7760009765625,61.34000015258789,62.65999984741211,164065362,59.30900001525879,78.98195817363073,0.7112869957791846,63.856694430743964,137.6833177174252
2016-12-12,61.380001068115234,62.099998474121094,61.08000183105469,61.7400016784668,194936330,59.66100006103515,73.07061825028798,0.7746993015264052,58.84908010323288,103.17519231861266
2016-12-13,62.54999923706055,62.720001220703125,60.84000015258789,61.02000045776367,199724112,60.14500007629395,92.28241036244634,0.8479736221107526,64.16747671716158,124.32203613783845
2016-12-14,62.7599983215332,64.19999694824219,62.31999969482422,62.439998626708984,263286881,60.63400001525879,80.19258195831011,0.9250058109024328,64.75095029456116,154.78750980571482
2016-12-15,64.37000274658203,64.37000274658203,62.20000076293945,63.08000183105469,284266833,61.3120002746582,100.0,1.0239336089915434,75.13465295339324,148.7792004609462
2016-12-16,63.779998779296875,64.83499908447266,63.77399826049805,64.5,243881156,61.93500022888183,86.65401052383692,1.1196522716293846,77.35671978564378,139.150239757978
2016-12-19,62.54999923706055,64.0,62.400001525878906,63.88999938964844,134614659,62.36500015258789,71.09424161586837,1.1861659415445973,70.33612596829957,87.33126074912086
2016-12-20,63.939998626708984,64.62999725341797,62.2400016784668,62.400001525878906,220154253,62.81100006103516,88.67804432674082,1.2503608476517694,73.11499404988797,95.19603061532237
2016-12-21,64.27999877929688,64.54000091552734,63.56999969482422,63.93000030517578,127310426,63.011999893188474,92.97912219000814,1.3123118730359504,75.3601040697508,99.4471581153303
2016-12-22,64.0,64.26000213623047,63.63999938964844,63.83000183105469,92060297,63.13499984741211,89.43707509911941,1.3621506611306202,74.01339830341178,85.98766272008213
2016-12-23,63.79999923706055,64.06999969482422,63.650001525878906,63.939998626708984,29315559,63.340999603271484,84.23457633027789,1.3954895896640367,71.46170714876399,76.30474462203212
2016-12-28,63.54999923706055,63.7400016784668,63.099998474121094,63.4900016784668,90475680,63.55799942016601,75.09690144551895,1.4095698371141996,67.02928090270706,61.3210347337744
2016-12-29,62.779998779296875,63.33000183105469,62.5,63.06999969482422,97643313,63.58099937438965,48.56067948418022,1.3953434041524928,52.56796631389375,38.22098838113921
2016-12-30,62.5099983215332,62.959999084472656,62.08399963378906,62.869998931884766,66003727,63.55599937438965,41.80221815872773,1.3566326959460138,48.659783435412486,20.763241556854723
2017-01-03,64.62000274658203,65.0,62.619998931884766,62.619998931884766,199032680,63.58099937438965,90.86545030393785,1.3351768455761905,63.35806278674341,79.90377117545377
2017-01-04,64.7699966430664,65.19999694824219,64.37000274658203,65.01000213623047,149207475,63.6799991607666,90.1376004311661,1.325010683852295,66.03592454769506,112.62625439374852
2017-01-05,64.6500015258789,64.93000030517578,64.19999694824219,64.58000183105469,134256032,63.88999938964844,82.34929729200333,1.317519187867693,61.02942325546729,103.27368193041791
2017-01-06,65.9000015258789,66.38999938964844,65.19999694824219,65.47000122070312,209162621,64.08599967956543,88.6205784590961,1.3290369643573565,64.86743748105746,178.93614429749394
2017-01-09,65.22000122070312,66.4000015258789,64.69000244140625,65.80000305175781,186782487,64.17999992370605,72.65987516505895,1.3379874518910608,54.413285132658814,139.76227338860946
2017-01-10,66.58000183105469,66.80000305175781,64.2699966430664,64.91999816894531,227609538,64.43800010681153,95.33500718288532,1.363508084483241,63.461561033724884,152.10221541243436
2017-01-11,66.33999633789062,67.12000274658203,66.14700317382812,66.87000274658203,178089909,64.69199981689454,84.51139939310295,1.3911398710465404,70.13813582511578,174.40324413312263
2017-01-12,66.02999877929688,67.25,65.97200012207031,66.0,191814185,64.93999977111817,76.38402759932538,1.4105298649486426,62.545021910472286,146.41321410210293
2017-01-13,66.04000091552734,67.0999984741211,65.80000305175781,66.30999755859375,152550662,65.26599998474121,76.57764230163723,1.420682302718748,61.00001335144043,120.61342184969095
2017-01-16,64.69000244140625,67.0999984741211,64.47000122070312,65.6500015258789,138991012,65.48400039672852,50.4452695098934,1.3997361521661695,53.803762208503706,56.95213753201441
2017-01-17,65.44999694824219,66.2300033569336,63.83000183105469,64.36000061035156,206820805,65.56699981689454,65.1567378211774,1.3693310274133774,58.56697214635296,36.64495400518199
2017-01-18,65.19000244140625,66.22000122070312,64.35299682617188,66.0999984741211,165490184,65.60900039672852,60.123937039038985,1.327322044857715,58.506251323175306,38.10219059454202
2017-01-19,64.73999786376953,65.55999755859375,64.25,65.01000213623047,143368219,65.61800003051758,51.41304765196022,1.2700373736745338,60.515025499553865,7.051512759122168
2017-01-20,65.06999969482422,65.52999877929688,64.56999969482422,65.19999694824219,169862612,65.53499984741211,52.91577100946094,1.2085514683223582,63.646072302797705,17.22584438223695
2017-01-23,64.4000015258789,65.19999694824219,63.88999938964844,64.5999984741211,148235562,65.45299987792968,16.666666666666668,1.1342115408065065,48.61459964831701,-25.50829214370149
2017-01-24,64.19999694824219,65.23999786376953,64.0,64.81999969482422,135566267,65.21499938964844,10.818576470220806,1.0499359293102335,46.43304225769027,-29.550308787885765
2017-01-25,65.54000091552734,65.75,64.2760009765625,64.81999969482422,156312987,65.1349998474121,50.0,0.9828366547062328,54.83169783312099,20.73781828907484
2017-01-26,66.16999816894531,66.98999786376953,65.69999694824219,65.9000015258789,181340001,65.14899978637695,68.42098218468499,0.9378317848440785,51.571574612157825,101.99475286748776
2017-01-27,65.87000274658203,66.5,65.0999984741211,66.05000305175781,124454836,65.13199996948242,59.64918151276251,0.9021107293852308,53.95859682316065,57.445652878782276
2017-01-30,64.91000366210938,65.73999786376953,64.83000183105469,65.4800033569336,153568514,65.15400009155273,31.579017815315012,0.8567088281503594,39.30858712556366,-22.27161991921499
2017-01-31,64.93000030517578,65.94000244140625,64.86000061035156,65.0,152232343,65.1020004272461,32.16371529404416,0.8059856250654827,40.711474767172454,-21.296216669832894
2017-02-01,65.41999816894531,66.19000244140625,65.4000015258789,65.6500015258789,160896092,65.125,48.623791136360985,0.760566752655297,46.07463659679427,27.95632238463413
2017-02-02,64.88999938964844,65.55999755859375,64.55000305175781,65.19999694824219,137384817,65.14000015258789,32.41586075757399,0.7106641578365469,43.0639112448635,-64.03856631011332
2017-02-03,65.8499984741211,66.13999938964844,64.7239990234375,65.0,160854122,65.21800003051757,63.92402465552999,0.6742637064980187,57.341759804996194,15.070736568361745
2017-02-06,66.05999755859375,66.70999908447266,66.0199966430664,66.31999969482422,117547095,65.38399963378906,69.99997538903779,0.6500479382880553,54.14966918488901,96.83046194134283
2017-02-07,66.12999725341797,66.7699966430664,65.68000030517578,65.98999786376953,132980260,65.57699966430664,72.25803117224474,0.6343739374961339,56.564213218253016,83.210161159505
2017-02-08,65.58000183105469,66.19999694824219,64.93000030517578,66.0999984741211,185830936,65.58099975585938,54.51623462122499,0.6146546857962631,55.78516174660907,13.506659249676254
2017-02-09,66.13999938964844,66.27999877929688,65.05999755859375,65.77999877929688,140079590,65.57799987792968,72.58068088688063,0.600967176577921,57.14287169447311,56.48952263489468
2017-02-10,65.63999938964844,66.61000061035156,65.4000015258789,66.55000305175781,204865773,65.55499954223633,54.84951710235899,0.5824308348077011,58.46994877246742,71.69953402906548
2017-02-13,65.8499984741211,66.0999984741211,65.30999755859375,65.66999816894531,101755755,65.6489990234375,57.99555279440248,0.5638499794544617,61.25515870331146,47.16232229229254
2017-02-14,66.48999786376953,66.68000030517578,65.76000213623047,65.97000122070312,126997306,65.80499877929688,79.50815315104045,0.5551409513055048,57.1644089095102,115.32594331445708
2017-02-15,67.47000122070312,67.91999816894531,66.51000213623047,66.75,162271697,66.00999908447265,86.64695548230522,0.5674460375174231,59.31236883525708,212.42748346250303
2017-02-16,67.25,67.80999755859375,67.08000183105469,67.5,161150695,66.24599914550781,80.118719889883,0.587473995259659,60.0,190.75315310093427
2017-02-17,66.86000061035156,67.59300231933594,66.29000091552734,67.47000122070312,160091153,66.34699935913086,68.54602093671895,0.6037314160673463,65.40285217022384,121.58576954886405
2017-02-20,67.3499984741211,67.7300033569336,66.87999725341797,66.87999725341797,137256943,66.47599945068359,83.08603796138661,0.6232149002248737,67.79413612659432,143.95729340167685
2017-02-21,66.7699966430664,67.62999725341797,66.54000091552734,66.9000015258789,232158414,66.53999938964844,65.8752761980657,0.6330250386683847,59.796807609471976,96.40495851807032
2017-02-22,69.69999694824219,70.0199966430664,68.23999786376953,69.05000305175781,511975058,66.95199890136719,93.9577069740707,0.681561499258921,75.88805723774657,269.28478213760724
2017-02-23,69.55000305175781,71.05000305175781,69.43000030517578,69.8499984741211,235507878,67.29299926757812,75.4902070781302,0.7478800253131583,71.81609534597284,238.02460688961204
2017-02-24,69.27999877929688,70.05899810791016,68.30999755859375,69.80999755859375,189023480,67.65699920654296,71.07837454077173,0.8158551484516836,68.85248098456788,151.92531295006626
2017-02-27,69.19999694824219,70.19300079345703,68.94999694824219,69.58000183105469,165096352,67.99199905395508,69.77115566575787,0.8781693448669229,67.95322420170166,141.93599244106463
2017-02-28,68.66999816894531,69.61000061035156,68.43699645996094,69.44999694824219,210406757,68.20999908447266,60.26706677433571,0.923211422384387,68.11252508845806,98.88951058435545
2017-03-01,68.83999633789062,69.41000366210938,68.41999816894531,69.0,267465647,68.34699859619141,61.498177719530965,0.9556745261820622,66.58474908287923,86.75993362931864
2017-03-02,68.91000366210938,69.50700378417969,68.37000274658203,68.52999877929688,239742633,68.51299896240235,62.717816347091926,0.9774903538157734,71.20623492181609,78.91104134197573
2017-03-03,68.41999816894531,69.05000305175781,67.98100280761719,68.55000305175781,252258610,68.66899871826172,50.28347017686058,0.9814434035882207,66.08257493074832,48.73141113779345
2017-03-06,67.51000213623047,68.4000015258789,67.19999694824219,68.31999969482422,181756306,68.68499908447265,25.63026624331026,0.9572378215903978,56.1743527029823,4.667819959939009
2017-03-07,67.5,67.66999816894531,66.86000061035156,67.51000213623047,207044814,68.75799942016602,25.420137425208726,0.914310534461911,50.20575270325144,-18.642642290104558
2017-03-08,68.30999755859375,68.91999816894531,67.4000015258789,67.70999908447266,190201717,68.61899948120117,42.43688522093979,0.8727383039003025,56.725868666057345,24.123949764709838
2017-03-09,68.55000305175781,68.79000091552734,68.04000091552734,68.30000305175781,242022026,68.51899948120118,44.567653750835255,0.8360346819017851,60.93143621914196,33.16718590515231
2017-03-10,68.76000213623047,69.47000122070312,68.33000183105469,68.7300033569336,182739707,68.46699981689453,49.22395053583361,0.8057515945362543,59.46309632069211,52.30352278491425
2017-03-13,68.54000091552734,69.06999969482422,68.30000305175781,68.61000061035156,148278152,68.40100021362305,40.09544931462949,0.7757338015160687,62.48237924808081,31.418151093257563
2017-03-14,67.8499984741211,68.81099700927734,66.51499938964844,68.69000244140625,247649141,68.31900024414062,29.437662765893016,0.7346792319558804,30.927904785425852,-49.00968195448289
2017-03-15,68.2300033569336,69.0999984741211,67.9800033569336,68.05000305175781,210298371,68.25800094604492,46.62869256953678,0.6932474464392614,37.007940238702766,7.169986269279655
2017-03-16,69.58000183105469,69.78800201416016,68.20999908447266,68.91999816894531,306375330,68.32500076293945,83.33336790552664,0.6737095379625795,52.43508222629011,71.26050491422755
2017-03-17,69.33999633789062,70.1050033569336,69.02999877929688,69.69000244140625,539571870,68.41700057983398,78.69063583176248,0.6635538291231281,51.10758615028405,93.1946600762335
2017-03-20,69.30000305175781,69.71299743652344,68.75,69.1500015258789,111064688,68.59600067138672,77.57661795052162,0.6576606373696993,55.403113516682545,63.46160131385851
2017-03-21,68.73999786376953,70.05999755859375,68.19999694824219,69.5999984741211,202470795,68.72000045776367,61.97760488280711,0.6443145422674328,49.196156860724834,28.75696745103597
2017-03-22,67.62999725341797,69.75599670410156,67.29000091552734,68.2300033569336,197340686,68.6520004272461,31.058401994266273,0.6078188014710225,41.184549987652176,-62.76185059271058
2017-03-23,68.43000030517578,68.5999984741211,67.33999633789062,67.73999786376953,163450943,68.64000015258789,53.34258493801921,0.5701047177304784,50.06606417749342,-68.07527610489781
2017-03-24,68.05000305175781,68.61000061035156,68.0,68.29000091552734,121205907,68.56900024414062,42.75771492448183,0.5262420166104207,53.83522496366834,-49.1690815894567
2017-03-27,66.94999694824219,67.08000183105469,65.0,66.4000015258789,207841474,68.40999984741211,38.19776035198312,0.4620754695762338,46.61745578621983,-252.93931244083424
2017-03-28,66.79000091552734,67.36000061035156,66.0,67.29000091552734,234262959,68.30400009155274,35.063657952274845,0.38494077497924434,39.839619918382,-171.62426106503108
2017-03-29,66.54000091552734,67.05000305175781,66.13500213623047,66.9800033569336,180701538,68.1349998474121,30.166501525130656,0.2988554629941765,36.582118727023996,-157.9417023317921
2017-03-30,66.6500015258789,67.05000305175781,66.44000244140625,66.62000274658203,156183334,67.84199981689453,32.32126230902241,0.21274665517640623,35.72397545383967,-122.32883886004093
2017-03-31,66.31999969482422,66.83000183105469,65.75299835205078,66.7300033569336,192894001,67.5400001525879,25.856979957347153,0.12538720748001964,35.20002197261154,-133.13521958239008
2017-04-03,66.02999877929688,66.84300231933594,65.93000030517578,66.73999786376953,161836745,67.2129997253418,20.176260567937433,0.03691083149696714,37.18312553123586,-117.9662137533884
2017-04-04,65.51000213623047,66.7699966430664,65.26000213623047,66.19999694824219,200125296,66.89000015258789,9.99024095719322,-0.056007905658015694,31.215475435265063,-130.2683283739735
2017-04-05,65.48999786376953,66.0999984741211,65.48999786376953,65.8499984741211,179556183,66.67600021362304,9.598384751383527,-0.1470315781276059,15.397663679891352,-119.95523773449773
2017-04-06,63.59000015258789,65.80000305175781,62.779998779296875,63.65999984741211,231595960,66.19200019836425,11.12639435592389,-0.26207408853420266,12.021178866889315,-177.94400324343863
2017-04-07,63.02000045776367,65.25,62.79999923706055,63.150001525878906,219200835,65.68899993896484,3.2967269053577644,-0.3946371151084551,11.234599356023367,-167.74333427041333
2017-04-10,63.04999923706055,63.459999084472656,62.67399978637695,62.97999954223633,192396695,65.29900016784669,5.3092292336721245,-0.5298544180695156,12.417463746534892,-170.98663417708843
2017-04-11,62.959999084472656,63.40999984741211,62.68000030517578,63.04999923706055,209863508,64.9159999847412,4.818046805866253,-0.6598753100637682,14.3511756250859,-151.46993974128358
2017-04-12,62.540000915527344,63.56999969482422,62.4900016784668,63.15999984741211,172824062,64.51599998474121,0.8169811403079559,-0.7850201185043206,2.2690345412593302,-138.3462103607219
2017-04-13,62.709999084472656,63.040000915527344,62.31999969482422,62.54999923706055,138411450,64.12199974060059,7.738081722305227,-0.896046953446245,5.201302117669357,-127.00391277992462
2017-04-18,62.20000076293945,62.900001525878906,61.810001373291016,62.900001525878906,225614785,63.70999984741211,7.027016995681487,-0.998499159058254,5.772775804124564,-123.4208722311795
2017-04-19,63.65999984741211,66.37999725341797,62.04999923706055,62.04999923706055,249608075,63.47299995422363,35.30530308269664,-1.0646370249661747,26.536703767059635,-53.425022384303794
2017-04-20,64.05999755859375,64.73999786376953,63.599998474121094,63.61000061035156,193923045,63.32799949645996,42.938844744055004,-1.0957384570558735,31.818136053965162,-42.67674880603045
2017-04-21,64.37000274658203,64.5999984741211,63.45600128173828,64.18000030517578,222720686,63.21599998474121,50.86431337356968,-1.0958059814280834,33.760684689580216,-36.47289291362528
2017-04-24,66.23999786376953,66.75,64.4000015258789,65.70999908447266,348651222,63.48099975585937,88.01898783587028,-1.0440862705077345,49.53269903518349,38.20550068093012
2017-04-25,66.94999694824219,67.1500015258789,63.45600128173828,66.23999786376953,224848928,63.873999404907224,96.2545960314291,-0.948911251972337,55.12249102610395,49.66229197875642
2017-04-26,67.41000366210938,67.5,66.36000061035156,67.06999969482422,217330666,64.30999984741212,98.41834165885066,-0.8219866210908066,60.65023495460851,103.84395425430489
2017-04-27,68.97000122070312,72.3499984741211,67.41000366210938,70.69999694824219,470342830,64.91100006103515,67.93170604238803,-0.6550532234487991,66.63482887093622,192.98916553826194
2017-04-28,69.19999694824219,69.76000213623047,68.2699966430664,69.5199966430664,335905626,65.57699966430664,70.11382929478388,-0.4666315841439139,81.91128279439278,154.5295643657847
2017-05-02,69.19999694824219,71.1500015258789,68.93000030517578,69.68000030517578,188536170,66.22599945068359,70.11382929478388,-0.27355535717538737,87.59126628151479,160.8938693738326
2017-05-03,69.05999755859375,69.37999725341797,68.7300033569336,69.20999908447266,141685097,66.91199913024903,68.78556147545582,-0.08929322019691976,86.07446132794665,121.79813435138264
2017-05-04,70.0,70.00700378417969,68.94499969482422,69.44000244140625,199141128,67.5459991455078,77.7039931639448,0.09498579749327274,88.34426215883781,125.35556763120569
2017-05-05,70.0,70.93900299072266,69.58000183105469,70.16000366210938,181079665,68.13999938964844,77.7039931639448,0.26939869322644383,92.57993015093321,122.06916846135427
2017-05-08,69.44999694824219,70.30000305175781,69.25,70.27999877929688,117380741,68.64799880981445,72.48574645575077,0.41909569107796313,86.87088793136549,93.78551513777853
2017-05-09,69.0199966430664,69.7699966430664,68.87699890136719,69.66000366210938,139357783,68.92599868774414,67.66988274064168,0.5376382713902301,87.63794065325628,73.33111917710876
2017-05-10,69.87999725341797,69.9800033569336,69.08000183105469,69.19000244140625,170734667,69.21899871826172,72.22844613872223,0.6429350894930235,86.76120138573566,75.26200768115577
2017-05-11,69.66000366210938,70.0,69.0999984741211,70.0,145129218,69.44399871826172,69.75493972141635,0.7294346388718915,83.81646696324253,67.22901575786763
2017-05-12,68.69999694824219,70.62000274658203,68.0199966430664,69.47000122070312,218904556,69.41699829101563,58.96106725775764,0.7826390995425312,74.24408764661808,50.483353815993
2017-05-15,69.38999938964844,70.0,68.29000091552734,68.98999786376953,197415127,69.43599853515624,66.71913628432756,0.8214105710396374,70.3225704832306,48.492466842555665
2017-05-16,70.1500015258789,70.77999877929688,69.41000366210938,69.70999908447266,259016319,69.53099899291992,63.272158049523576,0.8593564892955345,70.51282176682841,69.26989942902436
2017-05-17,71.5199966430664,72.44000244140625,70.08999633789062,70.4000015258789,329178612,69.7769989013672,81.70962183675822,0.9146946037219115,73.59353279545074,107.48895924053171
2017-05-18,71.27999877929688,72.19999694824219,70.88999938964844,71.5,208806030,69.90499877929688,73.75560768392944,0.9721190945926559,65.62921345994619,112.63126926912744
2017-05-19,71.77999877929688,72.19999694824219,71.12999725341797,71.5999984741211,133588390,70.08299865722657,85.06781003868201,1.033602551019143,66.84073497129516,131.5790773553798
2017-05-22,71.79000091552734,72.5999984741211,71.75,72.23999786376953,129788766,70.31699905395507,82.31447085672403,1.092210812990049,66.8839765925976,153.6407989717521
2017-05-23,72.16000366210938,72.58999633789062,71.7699966430664,71.88999938964844,113739844,70.63099975585938,90.39313021605504,1.1493584251888043,69.62026905656369,151.0381955860057
2017-05-24,72.56999969482422,73.22000122070312,72.0999984741211,72.30000305175781,207528813,70.9,87.49998166012544,1.2065163850477374,67.43554095699693,156.32742736249844
2017-05-25,73.0999984741211,73.58000183105469,72.80999755859375,73.04000091552734,112329668,71.24399948120117,91.36685415383096,1.2663904420002858,69.62023971746136,157.87585963718243
2017-05-26,71.73999786376953,73.33000183105469,71.5999984741211,73.16000366210938,242691892,71.54799957275391,66.9064343454164,1.300243823571352,63.14581605186237,90.36175414930246
2017-05-30,71.12000274658203,71.69999694824219,71.02999877929688,71.5,144667757,71.72099990844727,55.75545343397904,1.303158121040021,61.797795189191966,34.30375659400319
2017-05-31,70.58999633789062,71.5,70.37000274658203,71.36000061035156,757140910,71.76499938964844,46.22297296370141,1.2751015240316097,54.142351865551724,5.967349759878664
2017-06-01,70.16000366210938,70.9800033569336,70.06999969482422,70.5999984741211,216268677,71.62900009155274,38.489298960839015,1.2193372472408563,52.84738080590053,-22.938389485697876
2017-06-02,69.3499984741211,70.9209976196289,69.19999694824219,70.81999969482422,197022582,71.43600006103516,20.037757564132335,1.1334273131575299,53.76594283168207,-58.98047907452459
2017-06-05,69.38999938964844,70.69000244140625,68.73999786376953,69.55999755859375,135644260,71.1970001220703,13.429772584329173,1.0311810869351579,50.0,-68.70265341466582
2017-06-06,68.94000244140625,69.65399932861328,68.5,69.5,169367010,70.9120002746582,8.661462260042113,0.9145257966449705,42.11212140201986,-98.21842234021446
2017-06-07,70.08000183105469,70.38999938964844,68.56999969482422,68.62999725341797,162476652,70.70400009155273,31.102387038444324,0.811058082397904,40.322608762529796,-63.3163801140091
2017-06-08,70.72000122070312,71.4209976196289,69.39399719238281,70.38999938964844,190671453,70.51900024414063,43.700795679481445,0.7296422849250415,46.42858533053589,-17.509510930189446
2017-06-09,70.01000213623047,70.1240005493164,67.0,69.0,310816785,70.21000061035156,45.74470058692985,0.6533255292266485,39.006225779027965,-103.19445531237035
2017-06-12,69.0999984741211,70.0,68.87000274658203,69.97000122070312,160524047,69.94600067138671,31.91486154623899,0.5681977665881985,34.97204827575624,-87.98599281016911
2017-06-13,68.58999633789062,69.80000305175781,68.5,69.41999816894531,161634765,69.69300003051758,24.16407135916814,0.47257814961805006,30.36298810519,-107.64156279881425
2017-06-14,67.9000015258789,68.59700012207031,67.62999725341797,68.3499984741211,247984792,69.4240005493164,13.677830933591821,0.36330941450635107,25.080039474198458,-143.14605680642666
2017-06-15,67.98999786376953,68.2699966430664,67.0,68.0999984741211,282736367,69.20699996948242,15.639772154766984,0.2518215075869512,21.38855094355098,-138.23775305524924
2017-06-16,68.54000091552734,68.54000091552734,67.95999908447266,68.06999969482422,632154143,69.12600021362304,32.76599820140965,0.15298807238663237,30.295573445181077,-96.64953573870666
2017-06-19,68.69999694824219,69.4000015258789,68.47200012207031,69.0,28441840,69.05699996948242,37.7777099609375,0.06947117938339743,34.20360932300542,-65.25724284259894
2017-06-20,67.01000213623047,68.80999755859375,67.01000213623047,68.70999908447266,104496986,68.86399993896484,0.22624161085407501,-0.02718872722711127,29.705212477282615,-116.34355679061035
2017-06-21,67.16999816894531,67.69000244140625,66.12000274658203,66.9800033569336,54041362,68.5729995727539,19.807516277784494,-0.1244047362506749,32.51456279491444,-136.8327155575562
2017-06-22,67.0,67.41999816894531,66.0469970703125,67.41999816894531,65506872,68.2009994506836,17.733584523148693,-0.21930175359883328,35.145359127372615,-135.26717624297942
2017-06-23,66.68000030517578,67.1500015258789,66.52999877929688,66.8499984741211,47989727,67.86799926757813,11.778994606612047,-0.31237618861178085,33.45539774024036,-130.39754353219618
2017-06-26,66.48100280761719,67.25,66.38999938964844,66.98999786376953,43722587,67.60609970092773,8.076027036504392,-0.40189206897359925,34.51312635861993,-122.49638178942342
2017-06-27,66.07099914550781,66.94000244140625,65.9800033569336,66.1500015258789,36869932,67.35419998168945,1.6724110370434768,-0.49011032150273254,22.1944002302899,-127.0865890693512
2017-06-28,66.5999984741211,66.87999725341797,66.06999969482422,66.75,43732385,67.22419967651368,14.961282269378197,-0.563333763584108,20.97765672378155,-105.18696011809713
2017-06-29,67.1500015258789,67.72000122070312,67.01000213623047,67.19000244140625,66562397,67.14020004272462,29.104456367228497,-0.6132613260828179,29.38883366176367,-54.26060169966983
2017-06-30,66.1500015258789,67.58899688720703,66.08000183105469,67.30000305175781,167436035,66.90120010375976,4.45021420225886,-0.6605268665899933,29.012497123229977,-87.0171634397724
2017-07-03,66.70999908447266,67.2300033569336,66.1500015258789,66.18000030517578,118377851,66.70220031738282,21.344915741992477,-0.6932062572257534,36.7193942170363,-74.44880928095935
2017-07-04,66.6500015258789,66.6500015258789,66.6500015258789,66.6500015258789,137581825,66.66620025634765,19.590600223974157,-0.7144074927701608,40.307046086493514,-71.1665347298914
2017-07-05,65.69000244140625,66.69000244140625,65.3499984741211,66.62000274658203,253063632,66.51820068359375,8.395153360133524,-0.7409909847952411,34.285324072674356,-110.14125818840334
2017-07-06,66.68000030517578,66.79000091552734,65.37000274658203,65.6500015258789,154390604,66.48620071411133,32.83952663881155,-0.7520707142777,38.01234002128133,-81.8951691516487
2017-07-07,66.52999877929688,66.9800033569336,66.4000015258789,66.80000305175781,111179995,66.47120056152343,34.10406408693102,-0.75353123347995,35.99637238760704,-50.75034393141466
2017-07-10,66.55999755859375,67.08000183105469,65.61000061035156,66.98999786376953,117499059,66.47910003662109,51.05475452371065,-0.746689992095835,46.30416121007814,-65.28584426900626
2017-07-11,65.55000305175781,66.95999908447266,65.45999908447266,66.91000366210938,105569511,66.4270004272461,8.439001934709198,-0.7494160121278812,38.325181223168414,-105.2195145710324
2017-07-12,66.04000091552734,66.5199966430664,65.69999694824219,66.36000061035156,113112060,66.37100067138672,29.113993323482735,-0.7484700033740411,43.38660323193377,-91.5046790796191
2017-07-13,67.4000015258789,68.11000061035156,66.19999694824219,66.25,177575363,66.39600067138672,74.2754154008608,-0.7218680994848963,54.338407957088506,50.01247438133947
2017-07-14,66.94000244140625,68.0,66.80999755859375,68.0,228877050,66.47500076293946,57.608794805381486,-0.6862738266363542,52.681388856204606,67.87020127457559
2017-07-17,67.12999725341797,67.31999969482422,66.1760025024414,67.26000213623047,114770867,66.51700057983399,64.49265947771859,-0.6423138086048242,56.34968486020676,37.11048547893372
2017-07-18,66.9000015258789,67.20999908447266,66.66899871826172,67.0199966430664,107035148,66.54200057983398,56.159487393541006,-0.5976202447580723,51.865695719176784,59.65129125868411
2017-07-19,68.08000183105469,68.08699798583984,66.75,67.20999908447266,136715742,66.78100051879883,98.91308854790067,-0.5346215059558828,55.36333885080047,187.208355117385
2017-07-20,68.69000244140625,69.0199966430664,67.94000244140625,68.30000305175781,138097799,66.98200073242188,91.0083278936624,-0.45250122208540217,65.33821444005333,269.5951882614429
2017-07-21,68.11000061035156,68.73999786376953,67.63400268554688,68.73999786376953,112162050,67.14000091552734,75.20445540232083,-0.37092305384008156,58.43376428791382,168.7429774939338
2017-07-24,67.88999938964844,68.30999755859375,67.5199966430664,68.0999984741211,180762669,67.27300109863282,69.20986874108691,-0.2966257178628932,57.3286065867232,116.35001150449405
2017-07-25,69.0,69.0999984741211,67.87000274658203,68.0,139578142,67.61800079345703,97.31907269000897,-0.2124011741612335,69.22185360044234,166.41340994655
2017-07-26,69.08000183105469,69.30000305175781,68.12000274658203,68.81999969482422,136794469,67.92200088500977,94.27080746328855,-0.12460915100513201,65.584447110883,154.35874477185226
2017-07-27,67.5,69.44999694824219,66.8499984741211,69.25,283995738,67.93200073242187,51.12786986808215,-0.06410730072423731,55.31217044404297,66.70329146621604
2017-07-28,66.5,67.41000366210938,66.36000061035156,67.41000366210938,213330895,67.88800048828125,26.06519980802215,-0.0396903115178012,49.702982113963614,-36.02966251171738
2017-07-31,65.58000183105469,66.74500274658203,65.52999877929688,66.31999969482422,241629022,67.73300094604492,1.2755886508810788,-0.05375816429045066,50.14984413466155,-98.68815721972375
2017-08-01,65.56999969482422,65.93000030517578,65.37999725341797,65.80000305175781,139583894,67.60000076293946,4.668365003758462,-0.09124716286321251,47.53409611277095,-114.94054748593233
2017-08-02,65.55999755859375,65.8550033569336,64.92900085449219,65.69000244140625,163188958,67.34800033569336,13.957028296792311,-0.14140245412795927,38.75303240440639,-124.17372974113874
2017-08-03,66.51000213623047,67.0,65.2699966430664,65.48999786376953,178880725,67.13000030517578,34.97019791554163,-0.18138845603343706,47.52018444290937,-61.40920849622272
2017-08-04,66.80999755859375,67.1500015258789,66.25,66.63999938964844,161938204,67.0,41.60580246246895,-0.2077047393515629,48.17767960563532,-25.201943459716624
2017-08-07,66.5,67.20999908447266,66.25,67.20999908447266,84903112,66.86100006103516,34.74896047089319,-0.2285459937077861,47.742657145145216,-32.980158105546685
2017-08-08,67.26000213623047,67.37999725341797,66.41000366210938,66.58999633789062,116258680,66.6870002746582,51.55946241494762,-0.23221678023030798,45.14218769915273,-9.003788023647713
2017-08-09,66.91000366210938,66.95999908447266,66.22000122070312,66.81999969482422,169432544,66.47000045776367,43.817839399503185,-0.22998777369147508,39.11982241622131,-39.413390658345776
2017-08-10,64.83000183105469,66.58000183105469,64.56999969482422,65.61000061035156,143407432,66.20300064086913,5.327915626353319,-0.2568387651064017,33.05787143219696,-136.79879795196155
2017-08-11,64.63999938964844,65.0,63.849998474121094,64.41999816894531,129037319,66.01700057983399,14.107163049742303,-0.30295495301016634,33.160637737716684,-173.5261846722061
2017-08-14,64.86000061035156,65.5,64.66300201416016,64.75,81838354,65.94500045776367,18.035757347040818,-0.35452821946598034,26.369892840221837,-119.51688304762412
2017-08-15,65.58999633789062,65.76000213623047,64.80799865722656,65.0,79994858,65.9470001220703,31.07139889074023,-0.3943636241806904,31.455876009820102,-85.24786343421945
2017-08-16,65.3499984741211,65.8499984741211,65.33899688720703,65.62000274658203,92208792,65.92600021362304,42.13477005767042,-0.42768391809190326,36.67904828262984,-69.9531027672524
2017-08-17,64.4000015258789,65.72000122070312,64.37999725341797,65.44999694824219,109602244,65.71500015258789,15.580828383951033,-0.4693558302109397,36.9077347062444,-100.87381910782645
2017-08-18,63.90999984741211,64.30000305175781,63.63999938964844,63.849998474121094,183023393,65.42500038146973,7.219267700103425,-0.520825798050708,38.99866963063779,-139.93290421886667
2017-08-21,64.56999969482422,64.58999633789062,63.56800079345703,63.61000061035156,111460206,65.23200035095215,26.285410070329792,-0.5640218771906487,43.9320372618244,-111.0595591818898
2017-08-22,65.04000091552734,65.27999877929688,64.3479995727539,64.75,153700027,65.01000022888184,38.61493937707897,-0.5909835184165511,47.0115124973034,-66.32283507853947
2017-08-23,65.4000015258789,65.86000061035156,64.8499984741211,65.0199966430664,114591688,64.85900001525879,48.05882564855918,-0.5992657842226642,43.15658710828763,-26.672220197255537
2017-08-24,64.7300033569336,65.56999969482422,64.6500015258789,65.19000244140625,238366855,64.84900016784668,30.482781809521143,-0.6047295908707423,37.73587706592052,-52.8442661150164
2017-08-25,64.91000366210938,65.27999877929688,64.7300033569336,64.88999938964844,70358529,64.87600059509278,35.20472494526125,-0.6038903193456739,40.47906210511023,-49.15532888284022
2017-08-29,63.849998474121094,64.86000061035156,63.14799880981445,64.7699966430664,146204453,64.77500038146972,18.415519772479144,-0.6146797720235304,30.288999649841728,-134.3139904079621
2017-08-30,63.599998474121094,64.5999984741211,63.20000076293945,64.5999984741211,141010533,64.57600059509278,13.170141795018,-0.6347799072590862,30.64325142370697,-128.88257535562002
2017-08-31,63.81999969482422,65.26000213623047,63.2599983215332,63.79999923706055,135726116,64.42300071716309,24.77877724405185,-0.6547053328439707,42.45140681878313,-90.6196583378699
2017-09-01,63.689998626708984,64.12999725341797,63.51599884033203,63.720001220703125,95812758,64.3520004272461,19.98523071729483,-0.6740586152985456,42.83559117729134,-108.79499693560729
2017-09-04,63.400001525878906,63.650001525878906,63.0,63.0,62712884,64.30100059509277,13.986064353662375,-0.695129176917158,39.10447948147423,-134.59320417825947
2017-09-05,63.099998474121094,63.650001525878906,62.875999450683594,63.61000061035156,105547455,64.15400047302246,7.506666768937331,-0.7193735756600333,30.14357123562037,-131.14044990294687
2017-09-06,63.04999923706055,63.29999923706055,62.5,62.650001525878906,104623681,63.95500030517578,16.369021939046597,-0.7434944533131079,31.085550153497493,-140.15412511713595
2017-09-07,63.08000183105469,63.34000015258789,62.20000076293945,63.060001373291016,145478705,63.72300033569336,24.043746032871017,-0.7641002059588018,37.20933327221945,-135.21965753960333
2017-09-08,63.77000045776367,63.97999954223633,62.709999084472656,63.02000045776367,99328329,63.62700004577637,42.896168313622326,-0.768672494716626,48.69403755193603,-72.10189087640151
2017-09-11,63.630001068115234,64.19000244140625,63.06999969482422,64.02999877929688,103940299,63.498999786376956,39.07104821840081,-0.7634372803912105,40.28928599858604,-53.628498389902646
2017-09-12,64.83999633789062,65.0199966430664,63.650001525878906,63.689998626708984,136120817,63.597999572753906,72.13102964520188,-0.7312845558954806,48.207844874497866,29.94311936407842
2017-09-13,64.9800033569336,65.19999694824219,64.22000122070312,64.83000183105469,139312075,63.736000061035156,82.49268472139684,-0.6800454808068588,46.08211265580808,63.982930609423356
2017-09-14,66.4000015258789,66.6500015258789,64.19000244140625,64.88999938964844,282109541,63.99400024414062,94.38202343509572,-0.5953242852636931,63.66608769920997,154.49069318299448
2017-09-15,65.31999969482422,66.93000030517578,65.2699966430664,66.93000030517578,274177581,64.15700035095215,65.96192883371063,-0.5099323043179366,52.92436135200084,146.75282768537974
2017-09-18,65.30000305175781,65.98999786376953,65.25,65.6500015258789,129148893,64.34700050354004,65.53916678293564,-0.4277530727127764,62.14408945686902,102.14952857661218
2017-09-19,66.0,66.20999908447266,65.36000061035156,65.5999984741211,161681506,64.63700065612792,80.33825803001918,-0.33975252301114633,68.69160599989067,113.51970846969313
2017-09-20,65.70999908447266,66.08000183105469,65.05999755859375,66.08000183105469,151531185,64.90300064086914,74.20715985679963,-0.25656884864236823,64.5608629565148,88.54429573918775
2017-09-21,67.44999694824219,67.5,65.5999984741211,65.80000305175781,168702589,65.34000015258789,99.05654605743783,-0.1524195020957831,73.20988148528397,160.94608559632252
2017-09-22,66.91000366210938,67.48999786376953,65.80000305175781,67.44999694824219,113526781,65.65400047302246,88.86799202224329,-0.04885684186830397,71.0179999086299,133.98012824550597
2017-09-25,65.87000274658203,66.77999877929688,65.76599884033203,66.76000213623047,106611008,65.87800064086915,69.24533041400987,0.032427916388098596,65.23656607995514,88.10899053259344
2017-09-26,64.98999786376953,65.95999908447266,64.77999877929688,65.91999816894531,143891567,65.89300079345703,52.641462310425716,0.08137436221596815,59.77822444968538,31.89558479553915
2017-09-27,67.19999694824219,67.43000030517578,65.30000305175781,65.4000015258789,217557626,66.1150001525879,93.73688946936696,0.14255970276111646,67.02478609305346,102.15335536882584
2017-09-28,67.22000122070312,68.0,66.55999755859375,68.0,150290142,66.1970001220703,84.1785247258912,0.20820294283715357,65.09187148838319,121.15586876872302
2017-09-29,67.7300033569336,68.06999969482422,66.87000274658203,67.16000366210938,133132730,66.43800048828125,92.30777197421885,0.2808614304574003,67.37289217757481,124.05438985362255
2017-10-02,67.5,68.05000305175781,66.94000244140625,67.63999938964844,144501789,66.65800018310547,85.30927581657193,0.34979835210704746,62.29206035820054,112.10982269364
2017-10-03,67.5999984741211,67.91000366210938,67.2699966430664,67.58000183105469,130893169,66.81800003051758,87.88655790183637,0.4135870370088498,62.15211230922973,110.43691800765875
2017-10-04,67.5999984741211,67.9000015258789,67.1500015258789,67.4000015258789,170084457,67.00699996948242,85.71425258622489,0.4698623500692668,56.41023969012923,101.27831875132556
2017-10-05,67.30000305175781,67.81999969482422,66.62999725341797,67.68000030517578,128618354,66.99200057983398,76.5958532281142,0.512621219224539,61.538488898689934,75.80496351557697
2017-10-06,66.5999984741211,67.5,66.25599670410156,67.5,151534010,66.96100006103515,55.31912426633768,0.5323302209674614,57.0194121083242,39.29650754359806
2017-10-09,66.55000305175781,67.45099639892578,66.16000366210938,66.48999786376953,194580385,67.02900009155273,53.79950698819879,0.5345478979103989,53.19397800678759,27.254869854833007
2017-10-10,67.0999984741211,67.94999694824219,66.62999725341797,67.5999984741211,248575803,67.2400001525879,70.51668842628129,0.5332426099962408,57.83540109822055,63.45679468065793
2017-10-11,66.5,67.30000305175781,66.0999984741211,67.25,344455772,67.17000045776368,52.27965781363412,0.5190096283099601,43.85512630454823,2.170107868307866
2017-10-12,66.30000305175781,66.83999633789062,66.04000091552734,66.83000183105469,173345122,67.07800064086913,46.20072490822699,0.49304617260759825,45.8727966120943,-28.314001806459242
2017-10-13,65.9000015258789,66.62999725341797,65.83999633789062,66.16999816894531,102670510,66.89500045776367,34.04262720098695,0.4535857876128654,50.222213179976855,-61.90600734477917
2017-10-16,65.58999633789062,65.98999786376953,65.18000030517578,65.98999786376953,122810223,66.70400009155273,14.186716930923605,0.4017546019251337,54.85435634702633,-125.20092579803216
2017-10-17,66.33000183105469,66.9000015258789,65.4000015258789,65.5999984741211,357858465,66.57700042724609,39.79244874576951,0.3557773898680946,40.76439620960557,-56.66233293931179
2017-10-18,66.83000183105469,66.95600128173828,65.83000183105469,66.48999786376953,130916766,66.50000076293945,57.093490461934856,0.32304585584155887,46.24278221396399,-24.887523259221567
2017-10-19,66.98999786376953,67.02999877929688,66.26000213623047,66.58000183105469,125914574,66.46900024414063,63.066056670131346,0.30214865369915095,42.35530936902968,5.056213795962625
2017-10-20,67.0,67.55699920654297,66.9000015258789,67.25,138803272,66.50900039672851,65.70403972798559,0.28923536772158676,44.588738869659416,52.46585152772927
2017-10-23,67.0,67.27300262451172,66.48999786376953,67.0,107803109,66.55400009155274,65.70403972798559,0.28134395560178876,43.362843808286,18.616790279625636
2017-10-24,67.4000015258789,67.63999938964844,66.88999938964844,67.0,136997585,66.58400039672851,80.14454552715875,0.28275438853085955,47.967509932172796,63.42884207116065
2017-10-25,67.94000244140625,68.2300033569336,65.54000091552734,66.1500015258789,280165114,66.72800064086914,90.49178277509569,0.2978920452804018,56.20154007203563,47.77166251848954
2017-10-26,68.93000030517578,69.01000213623047,67.31700134277344,68.19999694824219,265369616,66.99100036621094,97.91118034445803,0.33595600048349405,71.37617555736608,190.50445253005404
2017-10-27,68.91000366210938,69.66000366210938,68.7959976196289,69.19999694824219,160741169,67.29200057983398,83.25894111576406,0.3853095935284262,71.77123069776609,236.27171026857636
2017-10-30,68.06999969482422,69.12000274658203,67.97000122070312,68.77999877929688,126623027,67.54000091552734,64.50886661001391,0.42487214475443436,58.493871104804505,136.8607640744179
2017-10-31,68.29000091552734,68.31700134277344,67.70999908447266,67.87999725341797,108824286,67.7360008239746,69.41960446387365,0.4587655477679416,66.79172362460011,100.26402281115594
2017-11-01,68.62999725341797,69.05999755859375,68.30999755859375,68.73999786376953,135551958,67.91600036621094,77.00880274794237,0.49170771383494044,71.29790157120641,139.3110560393659
2017-11-02,67.94000244140625,68.78299713134766,67.05000305175781,68.5,185023391,68.01100082397461,61.60714437766837,0.5101976146535088,67.70833471306997,63.417455146314275
2017-11-03,67.38999938964844,68.0999984741211,67.18000030517578,68.0,104694992,68.05000076293945,46.713541452127366,0.5087220234171401,65.00002543131511,27.311878315229116
2017-11-06,67.80000305175781,67.91999816894531,67.2760009765625,67.5199966430664,127244876,68.13000106811523,54.85438421383031,0.5001916900603769,62.962977913770324,32.81783797798169
2017-11-07,67.30000305175781,68.04000091552734,67.0,68.04000091552734,111706273,68.12000122070313,42.71846997409341,0.478569509168657,54.144632914322,12.294349058010164
2017-11-08,66.81999969482422,67.16699981689453,66.4800033569336,67.08000183105469,136851943,68.00800094604492,31.067910825029582,0.44112615239247305,48.5809848660463,-44.37745168545481
2017-11-09,66.68000030517578,67.30000305175781,66.36000061035156,66.87999725341797,91080495,67.78300094604492,27.669869652251688,0.392490207485675,47.38562458159896,-51.101205378975656
2017-11-10,66.4800033569336,66.9800033569336,66.36000061035156,66.58000183105469,93188086,67.54000091552734,22.815578028099115,0.33530314269684114,45.88610230873699,-71.36758405970807
2017-11-13,66.43000030517578,66.83999633789062,65.91999816894531,66.58999633789062,99826393,67.3760009765625,21.60191253238324,0.2741922488882498,41.87603833865814,-100.2592143142926
2017-11-14,66.6500015258789,66.87999725341797,66.25,66.4000015258789,156369509,67.21200103759766,19.518777666714264,0.21671056048866005,38.584065777516116,-84.73423523814766
2017-11-15,66.25,66.43000030517578,65.76000213623047,66.30999755859375,124349495,66.97400131225587,12.564042873267981,0.15764115489026492,23.517810697727015,-125.0901467594565
2017-11-16,66.05999755859375,66.50499725341797,65.75,66.4000015258789,90998842,66.7860008239746,9.198733114035583,0.09728244069781405,22.75334496461018,-120.65931901680621
2017-11-17,65.98999786376953,66.31999969482422,65.5999984741211,65.91000366210938,93419375,66.64600067138672,11.27166164287809,0.037941185784208596,26.68162892459911,-118.83287011490782
2017-11-20,66.12000274658203,66.47000122070312,65.95999908447266,66.0999984741211,60123171,66.47800064086914,15.02902919236443,-0.015663902386152166,25.171704615685442,-92.1055957495127
2017-11-21,65.72000122070312,66.18000030517578,65.72000122070312,65.93000030517578,97851330,66.32000045776367,3.770116154764359,-0.0692096945940198,17.155916376618663,-103.76025638807673
2017-11-22,65.9000015258789,66.20999908447266,65.6500015258789,65.72000122070312,127260474,66.22800064086914,12.0001220703125,-0.11688181969922862,23.97971993265928,-89.14845325063615
2017-11-23,65.72000122070312,65.94000244140625,65.47000122070312,65.73999786376953,63132580,66.13200073242187,9.727627614255391,-0.1609787949147047,26.479020347812636,-96.76070194262755
2017-11-24,66.08999633789062,66.12000274658203,65.4800033569336,65.75,81512455,66.09300003051757,24.12432649062653,-0.19425333989688334,25.640997774222726,-79.5473775209237
2017-11-27,65.48999786376953,66.16000366210938,65.45999908447266,65.75,100896844,65.99899978637696,1.6303649247635514,-0.22813017121570847,24.93073328669763,-90.87110783051462
2017-11-28,64.83000183105469,65.4000015258789,63.560001373291016,65.05000305175781,275912637,65.81699981689454,33.957216251419034,-0.27061852089358496,23.746736371267588,-176.19254594407428
2017-11-29,67.0999984741211,67.38999938964844,65.25,65.55000305175781,290268300,65.90199966430664,92.42817060769255,-0.27944382893907116,53.54728292948221,16.897346071338834
2017-11-30,66.0,67.41000366210938,65.87999725341797,66.52999877929688,244466005,65.89599990844727,63.37655002947719,-0.2836200816135164,46.48091364800299,10.008857838516581
2017-12-01,64.75,66.08000183105469,64.69000244140625,65.87999725341797,195578128,65.77200012207031,30.909036863825296,-0.3039600627890163,39.52617825203078,-134.14233975405008
2017-12-04,65.37999725341797,65.66000366210938,64.83999633789062,65.22000122070312,136726361,65.6979995727539,47.272592159563246,-0.32262087572300946,42.4673465250476,-111.93685149649022
2017-12-05,65.1500015258789,65.70999908447266,64.5999984741211,65.5999984741211,175591028,65.64099960327148,41.298680710028684,-0.3421851171542202,43.341403016478964,-120.21488750953891
2017-12-06,64.80999755859375,65.26000213623047,64.48999786376953,65.0,87029408,65.53199920654296,32.46741408266494,-0.3659346758222603,42.56836073931748,-144.19874925392284
2017-12-07,64.51000213623047,65.0999984741211,64.30000305175781,65.02999877929688,123945668,65.4109992980957,24.675329822492827,-0.3950147317472447,41.43519417904385,-147.7558092861584
2017-12-08,66.80000305175781,67.4800033569336,65.25,65.38999938964844,338056730,65.48199996948242,82.6530622174863,-0.388475469880651,53.148155343235075,93.32716783561301
2017-12-11,66.63999938964844,67.75,66.55999755859375,67.22000122070312,171407547,65.59700012207031,73.50832997233205,-0.36162085939897504,54.356059237723954,144.04207408112902
2017-12-12,67.4000015258789,67.4000015258789,66.0999984741211,66.52999877929688,222198306,65.85400009155273,91.64681172232272,-0.3104911477410465,56.73250510225047,135.92811724440787
2017-12-13,67.44300079345703,67.73999786376953,66.58999633789062,67.2699966430664,162442751,65.88830032348633,92.67304756173392,-0.24543287659337498,57.82969290305044,151.60940275188403
2017-12-14,66.30999755859375,67.20999908447266,66.30999755859375,66.87999725341797,117402428,65.9193000793457,65.63238870230147,-0.1925719299908125,50.9349030470914,74.00349354977003
2017-12-15,66.41000366210938,66.52999877929688,65.8499984741211,66.23999786376953,197475486,66.08530044555664,68.019169998079,-0.1480926389259452,54.08310799325774,34.66032400354473
2017-12-18,66.75,67.0,66.23999786376953,66.88999938964844,79383451,66.22230072021485,71.01446711396335,-0.10543650903075846,58.77031938072675,70.8106206068702
2017-12-19,67.1500015258789,67.38999938964844,66.41000366210938,66.41000366210938,108599553,66.42230072021485,82.60872449679123,-0.05953710419327822,50.275468430830266,90.75708118640104
2017-12-20,66.56999969482422,67.12000274658203,66.33000183105469,66.93000030517578,91752258,66.59830093383789,65.79706234879411,-0.023128893464791772,53.3309911338237,56.396797155189624
2017-12-21,67.30999755859375,67.54000091552734,66.43000030517578,66.70999908447266,112134016,66.87830047607422,87.24629476468273,0.017280791253718043,65.90850042575141,85.48213332633975
2017-12-22,67.20999908447266,67.44000244140625,66.73999786376953,66.87999725341797,32595445,66.9193000793457,84.34778570449228,0.05644537623121265,62.1740304404053,81.03831288423758
2017-12-27,67.77999877929688,67.91000366210938,67.13999938964844,67.5,90808192,67.03330001831054,96.39875731766595,0.10174184634666061,66.73875865176657,112.23539020261195
2017-12-28,67.56999969482422,67.93000030517578,67.44999694824219,67.7300033569336,52007287,67.05029983520508,90.08262031017821,0.14492484446809736,67.8617664514256,113.6599526398942
2017-12-29,68.05999755859375,68.0999984741211,67.37999725341797,67.58000183105469,56245874,67.11199951171875,98.59645835285299,0.19200675186992314,72.42288931702724,118.77619209683365
2018-01-02,67.69999694824219,68.7300033569336,67.43000030517578,68.19999694824219,125462019,67.2509994506836,64.23594922222694,0.23288308698123023,57.51748028926916,114.62786063903239
2018-01-03,67.47000122070312,67.88999938964844,67.22000122070312,67.80999755859375,109305648,67.35699920654297,56.25,0.2635268494037446,56.85272345207439,75.11036970265106
2018-01-04,68.05999755859375,68.44000244140625,67.55000305175781,68.02999877929688,115241609,67.48799896240234,76.73594922222694,0.29496305283069135,55.60649600966443,111.05920026896361
2018-01-05,68.06999969482422,68.26000213623047,67.70999908447266,68.26000213623047,125031209,67.57999877929687,77.0832450303056,0.32473530297714276,55.35622109483761,107.42157363530815
2018-01-08,68.05999755859375,68.43000030517578,67.93000030517578,68.36000061035156,86290911,67.72899856567383,76.73594922222694,0.3510041932099855,68.49895962707873,114.91274257085298
2018-01-09,68.4000015258789,69.38999938964844,68.18000030517578,69.33000183105469,150469987,67.83799896240234,68.57151161241725,0.37832474185009424,70.02012504854727,162.10136411045752
2018-01-10,68.9800033569336,69.26000213623047,68.11000061035156,68.16000366210938,190385573,68.01499938964844,86.60142614939663,0.4132635731541547,71.4011876084553,154.65449257373888
2018-01-11,69.83000183105469,69.97000122070312,68.70999908447266,69.16999816894531,197471936,68.21999969482422,96.1538622768297,0.4637651631095826,73.6749309512352,198.50667225650935
2018-01-12,70.5,70.68000030517578,69.69000244140625,70.0,186339433,68.5129997253418,95.76469870174633,0.5310062267508424,84.1739610409427,224.14997098015104
2018-01-15,70.5999984741211,70.72000122070312,70.31999969482422,70.5,106507856,68.76699981689453,96.98485815664016,0.605599527182874,82.19183399848009,200.12832659693882
2018-01-16,70.48999786376953,70.55999755859375,69.66000366210938,70.16000366210938,206626672,69.04599990844727,93.57532851133114,0.6777554838152063,82.03126862646926,149.78069653661709
2018-01-17,70.43000030517578,70.94999694824219,69.93000030517578,70.69999694824219,179104014,69.34199981689453,86.05905526306101,0.7420992582448451,78.74192582098864,137.23290606879155
2018-01-18,70.93000030517578,70.93000030517578,70.08000183105469,70.33999633789062,152312343,69.62900009155274,99.46389635465884,0.8044593148947282,84.28576322066728,128.50033260578425
2018-01-19,71.4800033569336,71.66999816894531,70.55000305175781,71.22000122070312,170729923,69.97000045776367,95.73045073465119,0.8692484504164721,84.475871266249,139.8223642060974
2018-01-22,71.95999908447266,71.95999908447266,71.16999816894531,71.36000061035156,184549567,70.36000061035156,100.0,0.9378405904171198,91.92920274237999,140.98081106242776
2018-01-23,72.12000274658203,72.68000030517578,71.91000366210938,72.20999908447266,221113266,70.73200073242188,89.08386240907556,1.0056359031950497,96.4071810693635,144.67564641064422
2018-01-24,72.0,72.61000061035156,71.7699966430664,72.61000061035156,175500334,71.03400039672852,86.31790466482866,1.065171216407376,93.39201570240712,123.7586839225812
2018-01-25,71.25,72.16999816894531,71.05999755859375,72.0,178643920,71.17600021362304,69.89473041735198,1.1020148297887469,80.11360270265193,85.10467618907235
2018-01-26,71.26000213623047,72.19999694824219,71.1500015258789,71.66000366210938,166801152,71.25200042724609,68.92782792625697,1.1203521857628007,80.30303687102727,79.5196286082781
2018-01-29,71.55000305175781,71.76000213623047,71.19000244140625,71.26000213623047,151379791,71.34700088500976,75.27358142501073,1.1282021895967145,80.11471801163226,71.93388250258735
2018-01-30,70.5199966430664,71.44000244140625,70.12999725341797,71.25,218841312,71.35000076293946,45.59186403154763,1.1100628624285642,63.55625999006031,28.263926717800437
2018-01-31,69.51000213623047,70.70999908447266,69.33999633789062,70.5199966430664,244962199,71.25800094604492,5.089987916332595,1.0579408893094615,47.26027844658317,-25.86300178402669
2018-02-01,69.31999969482422,70.63999938964844,69.31999969482422,69.95999908447266,183544852,71.09700088500976,0.0,0.9818089327512137,38.99255138802101,-40.270567794647405
2018-02-02,68.75,69.47000122070312,68.58000183105469,69.30999755859375,168047640,70.82400054931641,4.146298346653765,0.8832871933064778,34.13382957033362,-103.11712714303331
2018-02-05,68.11000061035156,68.61000061035156,67.94000244140625,68.16999816894531,229642126,70.43900070190429,3.5864608768013184,0.7636726374346169,31.289354009445574,-153.73499762534672
2018-02-06,66.16999816894531,67.38999938964844,66.02999877929688,66.44999694824219,339647012,69.84400024414063,2.1052534966138117,0.6044157352158976,24.15051364076163,-235.5469521415791
2018-02-07,67.36000061035156,67.69999694824219,66.19000244140625,66.76000213623047,273219771,69.38000030517578,20.0000229455422,0.4462684964963751,30.011234755120796,-178.9895091884468
2018-02-08,67.5999984741211,68.66000366210938,66.5,67.13999938964844,239365224,69.01500015258789,23.609012550064303,0.29991900251239273,27.49419830383364,-130.95648098356403
2018-02-09,66.55000305175781,67.69000244140625,66.29000091552734,67.23999786376953,282515581,68.54400024414062,7.819611325460718,0.15120034888134318,20.565886266523762,-139.73448806541143
2018-02-12,66.47000122070312,67.94999694824219,66.47000122070312,67.70999908447266,209040664,68.03600006103515,6.68696533380331,0.007171830781476651,18.990140419256207,-115.04957632263708
2018-02-13,66.4800033569336,66.77999877929688,66.29000091552734,66.4000015258789,183833286,67.63200073242187,7.2934312995694395,-0.12622355612703898,19.333377979382007,-113.49137883826221
2018-02-14,66.6500015258789,67.18000030517578,65.94000244140625,67.0,192710269,67.34600067138672,11.341848362603747,-0.24296158527997558,22.684113382510574,-96.87176624678327
2018-02-15,67.08000183105469,67.81999969482422,66.81999969482422,67.0,148097204,67.12200088500977,19.58761940592969,-0.3357253425814866,26.35747494772056,-67.02558027443514
2018-02-16,67.7300033569336,68.0,67.26000213623047,67.26000213623047,108788553,67.02000122070312,32.54547119140625,-0.39746408062189276,29.239142423310113,-47.72649829115938
2018-02-19,67.94999694824219,68.52999877929688,67.83000183105469,68.2699966430664,133783936,67.00400085449219,42.138279274423276,-0.432104720675939,34.684134572103304,-28.112020854529813
2018-02-20,67.8499984741211,68.26000213623047,67.61000061035156,68.19000244140625,168348235,67.17200088500977,40.63823984884049,-0.4485554414836726,38.903712498138546,-30.072378299539263
2018-02-21,69.72000122070312,70.38999938964844,68.56999969482422,69.80000305175781,407942401,67.40800094604492,84.94385104668507,-0.42188554909739584,52.18341538822891,45.51474239640398
2018-02-22,69.18000030517578,69.98999786376953,68.8499984741211,69.98999786376953,229178380,67.5660011291504,72.80899069041782,-0.3772404082920298,52.35487642131986,44.349973855979336
2018-02-23,68.6500015258789,69.16000366210938,68.30999755859375,69.0999984741211,146637944,67.7760009765625,60.89889759459599,-0.33126511585147245,52.99335430430807,23.49501448424731
2018-02-26,68.55000305175781,69.16999816894531,68.4000015258789,69.08999633789062,113405882,67.98400115966797,58.65173933169887,-0.28770660797946723,66.57386706563412,35.916420421299364
2018-02-27,69.02999877929688,69.19000244140625,68.55999755859375,69.0999984741211,158229616,68.2390007019043,69.4381675724793,-0.23963250976365594,62.90573255317594,60.80608103755563
2018-02-28,68.80000305175781,69.41000366210938,68.69000244140625,69.0,156739497,68.4540008544922,64.26972071253451,-0.19437152721149603,59.2879843821415,69.8969721259782
2018-03-01,68.31999969482422,68.87000274658203,68.12999725341797,68.69999694824219,163539220,68.57800064086913,53.48312102456838,-0.16046156774201986,65.02545941583885,39.15713004734161
2018-03-02,67.0,68.27999877929688,66.91999816894531,67.9800033569336,160091353,68.50500030517578,23.820186191643664,-0.1561379255638553,53.71668689047683,-37.64019219235974
2018-03-05,67.0,67.30000305175781,66.5199966430664,66.9000015258789,179249527,68.41000061035156,23.820186191643664,-0.17022919643331508,53.65166823648164,-67.89738311126446
2018-03-06,66.55999755859375,67.6500015258789,66.55999755859375,67.5,148686910,68.28100051879883,1.0336146547356426,-0.2017558855398336,49.391041490944346,-72.27763531127448
2018-03-07,67.25,67.43000030517578,66.44000244140625,66.69999694824219,167530628,68.03400039672852,20.506283149261975,-0.23108964744488514,51.11110002991922,-62.554818216492734
2018-03-08,67.5,67.86000061035156,67.26000213623047,67.4000015258789,137180708,67.86600036621094,26.835401963170277,-0.2529958967535542,48.41376828294244,-22.117503408286137
2018-03-09,67.29000091552734,67.79000091552734,67.12000274658203,67.58999633789062,122553657,67.73000030517578,21.51896533741265,-0.2718721471937334,45.44201500377782,-36.68022134571335
2018-03-12,67.5,67.77999877929688,67.2699966430664,67.58999633789062,98945124,67.625,26.835401963170277,-0.2838896644431178,47.61905750488645,-30.256659895051673
2018-03-13,66.94000244140625,67.76000213623047,66.79000091552734,67.6500015258789,128533846,67.41600036621094,14.084525203898519,-0.29926567450505537,26.98673949125525,-65.60028086107556
2018-03-14,66.69000244140625,67.30000305175781,66.54000091552734,66.72000122070312,127914593,67.20500030517579,8.417504957819999,-0.3192472039231723,28.34781593364673,-96.41463199552332
2018-03-15,66.80000305175781,67.5,66.56999969482422,67.05000305175781,150465094,67.05300064086914,12.12122768981001,-0.3385852944123967,32.645398811645364,-83.62998472596789
2018-03-16,67.5,67.62999725341797,66.54000091552734,66.5999984741211,343019327,67.10300064086914,35.69013881895994,-0.34456660833454283,41.146674969379454,-56.61022554120893
2018-03-19,67.12999725341797,67.69999694824219,67.05999755859375,67.47000122070312,129800953,67.11600036621094,23.23213900391488,-0.34698044383294807,33.67696198018193,-46.219327080892974
2018-03-20,67.87000274658203,68.12999725341797,67.06999969482422,67.06999969482422,174692409,67.24700088500977,58.84774179369241,-0.33443452165848025,42.65403700431608,-11.814227026131757
2018-03-21,67.16000366210938,68.30999755859375,67.04000091552734,67.79000091552734,171923947,67.23800125122071,38.50283961094066,-0.32373516796178625,41.15857381607824,-22.074675537304955
2018-03-22,66.05999755859375,67.11000061035156,65.69000244140625,66.54000091552734,187460991,67.09400100708008,14.121977356380748,-0.3315661824088155,42.58674509445269,-143.0847761537563
2018-03-23,64.76000213623047,65.69000244140625,64.58999633789062,65.52999877929688,258338435,66.84100112915038,4.57004684282632,-0.3705861192065597,35.340341584855466,-255.36141371021665
2018-03-26,64.63999938964844,65.30000305175781,64.33000183105469,65.05000305175781,163744190,66.55500106811523,7.788891742992643,-0.4281791117466775,36.8852715311304,-238.73964348371516
2018-03-27,65.02999877929688,65.80999755859375,64.83999633789062,65.41000366210938,159950175,66.3640007019043,17.58788190144652,-0.4871960966775516,34.18803511692964,-167.0110013104907
2018-03-28,64.91000366210938,65.06999969482422,64.11000061035156,64.5999984741211,172972658,66.18600082397461,19.047705548753683,-0.5448158781387586,31.204669322744465,-175.02686731844915
2018-03-29,64.66000366210938,65.3499984741211,64.66000366210938,65.05000305175781,168602118,65.97200088500976,13.095320271315998,-0.6012862537745397,31.024551676760296,-130.3810095136355
2018-04-03,65.12999725341797,65.30000305175781,64.19999694824219,64.19999694824219,173947230,65.73500061035156,24.285652004897347,-0.6452070074512339,33.51874508572199,-111.08248911022578
2018-04-04,65.16000366210938,65.26000213623047,64.12000274658203,64.97000122070312,154622961,65.5380012512207,25.000090826191368,-0.6770102107197122,36.63665314912823,-97.8015203607273
2018-04-05,66.18000030517578,66.51000213623047,65.62999725341797,66.45999908447266,144514450,65.36900100708007,49.28574283108872,-0.6817346977497417,46.56795346377578,-15.202575173892596
2018-04-06,66.31999969482422,66.5999984741211,65.9800033569336,66.11000061035156,132735222,65.28500061035156,52.6190640542632,-0.665451684853726,46.782818928673336,-0.44149441159463215
2018-04-09,66.6500015258789,66.9800033569336,66.29000091552734,66.79000091552734,119562427,65.34400100708008,60.4762562170528,-0.6300734749541996,44.00565586392353,26.056118194253248
2018-04-10,67.05999755859375,67.2300033569336,66.70999908447266,67.05999755859375,135789930,65.57400054931641,70.23807361281158,-0.5766040375851942,49.50911836052488,53.104555826615254
2018-04-11,67.01000213623047,67.33000183105469,66.6500015258789,66.68000030517578,107427024,65.81100082397461,69.04770554875368,-0.5140817761121148,43.32296333855386,55.9136082497091
2018-04-12,68.1500015258789,68.1500015258789,67.0,67.18000030517578,154328790,66.12300109863281,100.0,-0.42980317932646184,57.205237749913096,106.12937128693653
2018-04-13,68.18000030517578,68.61000061035156,67.4800033569336,67.5,159963953,66.45000076293945,90.44443766276042,-0.33484793497547327,68.2759482514815,117.82670506799523
2018-04-16,67.68000030517578,68.41999816894531,67.41500091552734,67.83999633789062,206881712,66.75200042724609,79.33332655164931,-0.24539250738717328,79.20007080099731,94.15271035769742
2018-04-17,67.66000366210938,68.33000183105469,67.62000274658203,67.98999786376953,186650543,67.00500106811523,78.88895670572917,-0.16383339532787056,80.81650447644998,91.30503104652372
2018-04-18,67.62000274658203,67.83999633789062,67.37999725341797,67.68000030517578,209028504,67.2510009765625,78.00004747178819,-0.09176378608612214,78.46170614127018,73.48214261640696
2018-04-19,66.08999633789062,66.12999725341797,65.25,65.55999755859375,192120158,67.24200057983398,43.87515653859813,-0.053621231800820644,59.89928160698833,-30.555606891370196
2018-04-20,65.69999694824219,66.12999725341797,65.47000122070312,65.87999725341797,184916736,67.18000030517578,35.18919718001132,-0.04484299285984627,58.524547926427516,-29.64850980735408
2018-04-23,66.44000244140625,66.5,65.55000305175781,65.55000305175781,171860623,67.15900039672852,51.67039640585679,-0.043021345987984724,60.28261085673153,-3.3207326479567945
2018-04-24,66.12000274658203,66.79000091552734,66.0,66.5999984741211,313856998,67.06500091552735,25.892934182860206,-0.05066280387929417,57.20720462712744,1.7129950298609884
2018-04-25,65.0,66.13999938964844,64.62999725341797,65.62999725341797,258350779,66.8640007019043,9.296543580483336,-0.08158849356676642,41.2721898499741,-74.3575974294683
2018-04-26,64.9000015258789,65.26000213623047,64.41999816894531,65.0,221351964,66.5390007019043,11.455920698043672,-0.12689657346828678,39.434539352682314,-99.3291753512842
2018-04-27,64.79000091552734,65.05000305175781,64.33999633789062,64.77999877929688,206835402,66.20000076293945,10.538738345977508,-0.18030990503959876,35.69230299729567,-108.89682501220805
2018-04-30,64.66000366210938,65.12000274658203,64.58000183105469,64.91999816894531,161362263,65.89800109863282,7.494309227805989,-0.23766650373783493,30.707448348273203,-103.78644182770307
2018-05-01,64.33999633789062,66.0,64.20999908447266,66.0,189061461,65.56600036621094,2.9544820076397955,-0.2990517781184369,29.429889062479802,-99.15947762305213
2018-05-02,64.33000183105469,64.69999694824219,64.06999969482422,64.33000183105469,180534574,65.2370002746582,5.7269181453517,-0.3592220878759727,14.365729267935109,-127.81487647036367
2018-05-03,64.68000030517578,65.18000030517578,64.16999816894531,64.37999725341797,169570856,65.09600067138672,14.02300745576265,-0.40907389324037136,19.19018388426977,-95.10970804905793
2018-05-04,65.37999725341797,65.55000305175781,64.5199966430664,64.5199966430664,255074918,65.06400070190429,30.751100978388767,-0.4377445413114825,30.44216716145239,-59.177995634925935
2018-05-08,65.87999725341797,66.20999908447266,65.4000015258789,65.5199966430664,188613022,65.00800018310547,48.010588071016166,-0.4426613712570069,36.00625705508153,-15.759915838406245
2018-05-09,66.54000091552734,66.66999816894531,65.91999816894531,65.91999816894531,170706007,65.05,90.80882765429882,-0.4208931320759094,42.263609375614834,20.351115976176764
2018-05-10,66.86000061035156,67.33999633789062,66.44999694824219,66.86000061035156,252940013,65.23600006103516,85.32121650470714,-0.3774756267876843,56.67247575652598,53.13914015684991
2018-05-11,67.08000183105469,67.16000366210938,66.73999786376953,66.94000244140625,117237731,65.45400009155273,92.0490894879901,-0.31839446399623544,62.32145873864447,65.27373059849735
2018-05-14,66.66999816894531,67.45999908447266,66.55000305175781,66.98999786376953,140367832,65.64199981689453,76.69613398929634,-0.2584084398978609,52.18212088309808,67.00038348544776
2018-05-15,66.77999877929688,67.06999969482422,66.36000061035156,66.70999908447266,205128937,65.85399932861328,79.94099033609852,-0.19865587216985245,56.52169324135852,63.90606522092343
2018-05-16,65.69000244140625,67.08000183105469,65.61000061035156,66.6500015258789,253910646,65.98899993896484,47.787700243510514,-0.1591194367555979,56.85887285148311,26.989845764156467
2018-05-17,66.2300033569336,66.2300033569336,65.4800033569336,65.6500015258789,133604802,66.17900009155274,63.716933658014014,-0.1253485820943087,62.15723523077867,23.55441089354008
2018-05-18,66.02999877929688,66.4000015258789,65.56999969482422,66.19000244140625,164882427,66.31399993896484,57.817092547498056,-0.09986706720655233,61.15104952103639,24.3549284034469
2018-05-21,66.47000122070312,66.7699966430664,66.0199966430664,66.2300033569336,148342299,66.42300033569336,70.79651793470677,-0.07366933379592193,65.41732844290442,58.03154511428619
2018-05-22,67.0199966430664,67.45999908447266,66.55000305175781,66.68000030517578,182892124,66.5370002746582,87.02057461279128,-0.039453253910797535,71.96722111116532,102.22292997291292
2018-05-23,66.62999725341797,67.3499984741211,66.2300033569336,67.04000091552734,248668726,66.54599990844727,74.77198783935143,-0.008137383781798728,67.74686906529368,75.36518895381597
2018-05-24,66.0,66.7699966430664,65.87000274658203,66.5,269840059,66.4599998474121,50.34020843280948,0.009686369911769174,59.76330826694294,28.418786350341055
2018-05-25,65.66999816894531,66.19000244140625,65.1500015258789,65.97000122070312,227984725,66.31899948120117,22.510700980262637,0.012832112113619665,52.26917525022357,-22.90881282752535
2018-05-29,64.29000091552734,65.63999938964844,64.29000091552734,65.63999938964844,580293929,66.08099975585938,0.0,-0.015433241107673381,39.06468085642264,-107.85651475709035
2018-05-30,64.19999694824219,64.2300033569336,63.290000915527344,64.0,332573425,65.8229995727539,21.822456409974933,-0.06330552913731624,32.53729575726244,-167.75869156290278
2018-05-31,63.209999084472656,64.63999938964844,62.849998474121094,64.55000305175781,509096045,65.57499923706055,7.8091228348906565,-0.13660807121792928,25.237447994360252,-173.7914883602004
2018-06-01,63.349998474121094,64.06999969482422,63.2400016784668,63.75,225987089,65.2869987487793,10.845985548836394,-0.21946219756613428,24.416989790845776,-161.75710573126042
2018-06-04,63.59000015258789,64.0199966430664,63.400001525878906,63.70000076293945,225446030,65.04299888610839,16.05209502153111,-0.2996304363262937,28.370797202197735,-139.6034408209834
2018-06-05,62.4900016784668,63.22999954223633,62.45000076293945,63.08000183105469,287325427,64.64499893188477,0.7984217351015463,-0.39077957606497254,23.551178817179974,-167.59344139520817
2018-06-06,63.68000030517578,63.7599983215332,62.45000076293945,62.95000076293945,213146222,64.31099929809571,24.550897291716318,-0.4641567445035383,37.75881631928601,-112.85399814371404
2018-06-07,63.63999938964844,64.37999725341797,63.58000183105469,64.25,168782156,64.01199951171876,23.752475556614773,-0.5221285173468184,33.20360392453726,-73.37393407739864
2018-06-08,62.900001525878906,63.61000061035156,62.72999954223633,63.400001525878906,208842564,63.70199966430664,8.982054165673652,-0.5780217077740106,31.03030213355059,-98.80206724191072
2018-06-11,63.0,63.470001220703125,62.88999938964844,63.45000076293945,174599747,63.43499984741211,10.97803236174002,-0.6267692239655993,28.065699696559918,-87.06214142269278
2018-06-12,63.16999816894531,63.36000061035156,63.0,63.349998474121094,231696680,63.32299957275391,14.693831475938202,-0.6643417892881743,24.435571055279226,-77.01363564955973
2018-06-13,62.849998474121094,63.36000061035156,62.810001373291016,63.04999923706055,235529342,63.1879997253418,9.25921510762843,-0.6965317348570917,24.664858518545785,-78.00955000764681
2018-06-14,63.130001068115234,63.630001068115234,62.470001220703125,62.720001220703125,215309268,63.179999923706056,18.181818181818183,-0.7176056939344838,29.8171573464074,-68.65651044950843
2018-06-15,62.08000183105469,63.20000076293945,61.79999923706055,63.029998779296875,421644565,63.05300025939941,7.291733928849938,-0.7457241923202289,27.07535762204361,-97.62655023309236
2018-06-18,61.56999969482422,62.43000030517578,61.349998474121094,61.7400016784668,190136275,62.851000213623045,6.68696533380331,-0.783221183260317,30.45975877517509,-120.85570838709582
2018-06-19,61.529998779296875,61.720001220703125,60.5,61.040000915527344,210980007,62.75499992370605,24.8792012354461,-0.8234838491548279,30.680175818449015,-145.85785862662559
2018-06-20,61.66999816894531,62.369998931884766,61.61000061035156,61.939998626708984,200827959,62.553999710083005,30.1546133290336,-0.8592588562919574,37.293716700071506,-108.7682953238313
2018-06-21,61.36000061035156,62.2599983215332,61.189998626708984,61.81999969482422,178607363,62.32599983215332,22.16497987450817,-0.8933331061218059,34.028898647771555,-124.17483688543223
2018-06-22,62.119998931884766,62.36000061035156,61.599998474121094,61.75,138679138,62.247999572753905,41.752579346742465,-0.9103937095415284,39.11108976134097,-87.79477465340655
2018-06-25,61.2400016784668,61.88999938964844,61.18000030517578,61.7400016784668,174898228,62.07199974060059,19.072221708788952,-0.9278610147799311,40.42877722721956,-121.58839023535188
2018-06-26,61.41999816894531,61.689998626708984,61.119998931884766,61.689998626708984,133788794,61.896999740600585,23.711309798863063,-0.9396810460161085,29.52892541422719,-109.87588340255886
2018-06-27,61.84000015258789,61.84000015258789,60.880001068115234,61.70000076293945,500855092,61.795999908447264,42.81149186299757,-0.9384992402139787,34.74574353423891,-89.08764315043052
2018-06-28,62.54999923706055,62.54999923706055,61.15999984741211,61.4900016784668,264273689,61.737999725341794,65.49516094238834,-0.9157634367284103,47.018715439408936,-35.9266858245838
2018-06-29,63.04999923706055,63.38999938964844,62.5099983215332,62.939998626708984,301868604,61.83499946594238,81.46959638566697,-0.8706454353636264,50.39871845494241,46.93373073807737
2018-07-02,62.310001373291016,62.65999984741211,62.040000915527344,62.5,182252374,61.908999633789065,57.82750017976603,-0.8236857228321843,43.71346684416554,-6.41717219344296
2018-07-03,62.0099983215332,62.52000045776367,61.540000915527344,62.0,213545107,61.95699958801269,48.242741413582515,-0.7809423942480122,43.84163738987293,-34.25203882218989
2018-07-04,62.29999923706055,62.75,61.70000076293945,61.79999923706055,140568578,62.01999969482422,62.28372377890063,-0.7366757684330613,43.9238467372861,-6.903230398715246
2018-07-05,62.369998931884766,62.95000076293945,62.18000030517578,62.400001525878906,106156648,62.12099952697754,64.70585905944593,-0.6909790617590276,52.478609962172506,31.206539339317878
2018-07-06,62.4900016784668,62.619998931884766,62.099998474121094,62.36000061035156,174613187,62.15799980163574,68.85820410878621,-0.6432920501947854,58.4249338890034,25.057212111955227
2018-07-09,62.939998626708984,63.45000076293945,62.439998626708984,62.54999923706055,216918131,62.32799949645996,80.155556545101,-0.5882117548317535,62.0102379607781,98.57956766528216
2018-07-10,62.5,63.41999816894531,62.47999954223633,62.91999816894531,178454489,62.43599967956543,63.034985379465944,-0.5370641600517726,56.726119154755764,85.20685345085165
2018-07-11,62.33000183105469,62.59000015258789,61.7599983215332,62.130001068115234,187843749,62.48499984741211,56.42026984904484,-0.4925508908851106,58.043139671264974,12.269518035622417
2018-07-12,62.560001373291016,62.900001525878906,62.09000015258789,62.27000045776367,159367860,62.486000061035156,65.36966944234166,-0.44973721612974593,54.00002774329132,64.20266041683911
2018-07-13,62.40999984741211,63.08000183105469,62.31999969482422,62.720001220703125,114956549,62.422000122070315,59.53303350106129,-0.4116013224513111,62.264140380958175,74.00475948556902
2018-07-16,62.34700012207031,63.04999923706055,62.0,62.75,135601881,62.42569999694824,57.08168202935981,-0.37846351904227904,59.961336529601,47.61884082451159
2018-07-17,62.45000076293945,62.90999984741211,62.279998779296875,62.470001220703125,203635331,62.469700241088866,56.33189518748647,-0.3476896502141426,57.034142255880404,55.30535140895019
2018-07-18,62.52000045776367,62.779998779296875,62.220001220703125,62.66999816894531,125406106,62.49170036315918,51.308880655888316,-0.31810140754853344,49.594172264171966,43.929564665925064
2018-07-19,62.459999084472656,62.849998474121094,62.220001220703125,62.5099983215332,118629491,62.50070037841797,48.16744724832483,-0.2910396263792047,40.93980254024118,39.56054582651409
2018-07-20,62.630001068115234,62.68000030517578,62.040000915527344,62.40999984741211,130668189,62.51470031738281,57.06807537522843,-0.2636043850765295,55.95679713685167,24.847559571091082
2018-07-23,62.290000915527344,62.709999084472656,62.18000030517578,62.47999954223633,121017539,62.44970054626465,33.71429443359375,-0.2421969630247501,55.135774308883924,4.716885983351895
2018-07-24,62.97999954223633,63.310001373291016,62.380001068115234,62.529998779296875,190289426,62.49770050048828,72.18931705731518,-0.21412933277057575,60.87652630628388,125.86593625637654
2018-07-25,62.439998626708984,63.08000183105469,62.060001373291016,62.880001068115234,129152788,62.50870018005371,40.236646321643974,-0.19148591976109264,50.973299245759385,10.303076732431794
2018-07-26,62.560001373291016,62.939998626708984,62.25,62.65999984741211,102417119,62.50870018005371,47.33739029939687,-0.17107829728305743,50.973299245759385,23.77671036137423
2018-07-27,62.599998474121094,63.02000045776367,62.27000045776367,62.90999984741211,257665519,62.52770004272461,50.60242348199164,-0.15211377385926503,44.664154666417616,55.48314522746641
2018-07-30,62.38999938964844,62.58000183105469,62.279998779296875,62.36000061035156,233622476,62.53199996948242,40.64515017572184,-0.13805162330410672,48.13936802004909,-42.372968865329874
2018-07-31,62.380001068115234,62.77000045776367,62.150001525878906,62.2400016784668,293848483,62.525,29.007684714145523,-0.1276442160630728,50.8941203757393,-49.9148403198624
2018-08-01,63.40999984741211,63.95000076293945,63.099998474121094,63.54999923706055,267136450,62.613999938964845,72.30765619222937,-0.10334914866656635,61.81866400755301,330.8323120778827
2018-08-02,62.709999084472656,63.900001525878906,62.540000915527344,63.900001525878906,227474286,62.638999938964844,36.41019521461087,-0.08255570223706708,53.617935886217865,137.75285012012188
2018-08-03,62.54999923706055,63.34000015258789,62.34000015258789,63.25,145839521,62.63099975585938,26.701484935939046,-0.06741157378694797,52.392164901368986,34.091627678076954
2018-08-06,62.56999969482422,62.58000183105469,62.099998474121094,62.540000915527344,126290150,62.658999633789065,27.748629405126874,-0.05612946840360805,51.44229490728727,-66.31877021858939
2018-08-07,62.349998474121094,62.709999084472656,62.33000183105469,62.58000183105469,166596050,62.595999526977536,16.23023996644664,-0.051241491438956864,48.02781984367712,-46.819362965464904
2018-08-08,62.18000030517578,62.470001220703125,62.119998931884766,62.40999984741211,161457459,62.56999969482422,7.329811561928919,-0.05321289789653935,46.832591682230415,-122.60962914073735
2018-08-09,62.11000061035156,62.20000076293945,61.93000030517578,62.06999969482422,154894806,62.52499961853027,8.910904177470252,-0.06037580990047624,43.98147044357377,-166.0024156762872
2018-08-10,61.86000061035156,62.06999969482422,61.599998474121094,61.810001373291016,149858511,62.45099983215332,11.063909914794355,-0.0742681606263646,44.91724894216444,-210.65938374657742
2018-08-13,61.380001068115234,61.900001525878906,61.29999923706055,61.59000015258789,179648712,62.35,3.018935282618522,-0.09913897338500344,30.099504848085715,-246.72654943772588
2018-08-14,60.97999954223633,61.689998626708984,60.790000915527344,61.54999923706055,236060440,62.20999984741211,6.012615059604648,-0.13574293730791478,31.18556548994316,-258.83481707803645
2018-08-15,60.470001220703125,61.0,60.130001068115234,60.95000076293945,297418610,61.91599998474121,8.900528265710662,-0.1856095125433565,25.526889194025486,-263.2664389244268
2018-08-16,60.099998474121094,60.349998474121094,59.40999984741211,59.77000045776367,207051961,61.65499992370606,15.198204571922153,-0.24665488343477898,22.826077942583808,-246.26369614897507
2018-08-17,60.15999984741211,60.380001068115234,59.72999954223633,59.95000076293945,177799776,61.41599998474121,16.519820457192214,-0.30998734441946707,24.94382966393809,-180.12983710594165
2018-08-20,60.369998931884766,60.630001068115234,59.9900016784668,60.189998626708984,158469270,61.19599990844726,21.14535001940958,-0.36737638030392106,28.387080896166438,-130.7715373439499
2018-08-21,60.790000915527344,60.9900016784668,60.220001220703125,60.2400016784668,175610608,61.04000015258789,30.734978891733157,-0.4104935529548507,17.574308610535923,-90.58100472356946
2018-08-22,61.0,61.31999969482422,60.540000915527344,60.540000915527344,175839001,60.922000122070315,40.45801600813802,-0.43811911419961697,25.915526556717523,-61.018494070339635
2018-08-23,60.7599983215332,60.97999954223633,60.380001068115234,60.95000076293945,230949635,60.78699989318848,40.90905412825477,-0.4574171804922313,25.344373171469897,-70.50363715283422
2018-08-24,60.84000015258789,61.220001220703125,60.36000061035156,60.58000183105469,145231507,60.68499984741211,43.33335259948559,-0.4681651689855364,26.558311528946675,-56.945165977552115
2018-08-28,60.790000915527344,61.63999938964844,60.630001068115234,61.2599983215332,128154783,60.62599983215332,45.09805388195138,-0.47272137254501184,27.840970665880604,-37.277289387306915
2018-08-29,60.459999084472656,60.91999816894531,59.880001068115234,60.77000045776367,198641536,60.57399978637695,37.63436890708275,-0.4773454003920464,26.630468584791828,-74.10143624307416
2018-08-30,59.900001525878906,60.4900016784668,59.900001525878906,60.47999954223633,164324033,60.51699981689453,18.421116788540992,-0.489616007266686,23.501246864542765,-92.67690942256236
2018-08-31,59.29999923706055,59.880001068115234,59.20000076293945,59.790000915527344,234373294,60.43699989318848,3.7036461431302268,-0.5144928484181032,21.681451405316764,-136.79845560651822
2018-09-03,59.619998931884766,59.68000030517578,59.2599983215332,59.439998626708984,88667594,60.38299980163574,16.867410814139824,-0.5396889063614144,29.816527407148172,-124.31956430015437
2018-09-04,60.349998474121094,60.38999938964844,59.599998474121094,59.900001525878906,126489581,60.38099975585938,47.131080263464405,-0.5508874476849173,43.283579661590444,-66.2517118212239
2018-09-05,60.61000061035156,61.13999938964844,60.11000061035156,60.13999938964844,161518537,60.362999725341794,57.786911516171045,-0.5473218045703897,51.57656612728345,-9.754729600231753
2018-09-06,59.90999984741211,60.68000030517578,59.810001373291016,60.5,125861914,60.25399971008301,29.098339511374526,-0.544609819819809,48.008403515913336,-58.17272015586862
2018-09-07,58.7400016784668,59.900001525878906,58.61000061035156,59.900001525878906,256651456,60.05200004577637,4.290466022742152,-0.5600004198262563,37.92519566526189,-171.61057224752827
2018-09-10,59.369998931884766,59.61000061035156,58.5099983215332,58.70000076293945,157919339,59.90499992370606,27.476048462482527,-0.5746029761045721,42.06349590798227,-146.72394283695115
2018-09-11,59.22999954223633,59.540000915527344,58.86000061035156,59.2599983215332,136044338,59.748999786376956,23.003226038407774,-0.5888700837943903,37.04317894794206,-127.2999021800529
2018-09-12,58.880001068115234,59.34000015258789,58.560001373291016,59.34000015258789,131846860,59.59099998474121,11.821169978220889,-0.6064209006496798,32.79221603572438,-145.93249598182769
2018-09-13,59.2400016784668,59.43000030517578,58.720001220703125,58.75,166210400,59.525,23.322782997424774,-0.6179840845926553,37.89811354679445,-103.8457472819991
2018-09-14,58.880001068115234,59.45000076293945,58.7400016784668,59.380001068115234,112187987,59.48300018310547,11.821169978220889,-0.6295232637636509,35.060977028070596,-101.00251126495944
2018-09-17,59.290000915527344,59.33000183105469,58.47999954223633,58.52000045776367,146670785,59.45000038146973,30.45118119382822,-0.6324663754044445,39.1618468431718,-87.81691881543604
2018-09-18,59.5,59.56999969482422,58.83000183105469,59.029998779296875,127509209,59.365000534057614,38.34588407048299,-0.6250754241272746,42.94117845053624,-55.46354509303973
2018-09-19,60.529998779296875,60.689998626708984,59.279998779296875,59.310001373291016,183710750,59.35700035095215,77.06764491189627,-0.5937370260073238,54.33285793892914,32.59170102482885
2018-09-20,61.59000015258789,61.65999984741211,60.63999938964844,60.709999084472656,182512192,59.525000381469724,97.79875194633513,-0.5307666931544933,64.81243325509827,141.43057560097236
2018-09-21,61.86000061035156,62.11000061035156,61.45000076293945,61.91999816894531,310071093,59.8370002746582,93.1129496848935,-0.44575366105738656,64.58335092499,172.26407516337596
2018-09-24,61.65999984741211,62.060001373291016,61.560001373291016,61.58000183105469,110037633,60.066000366210936,87.60328841519868,-0.3535561483348119,59.16085169679389,153.65427552054132
2018-09-25,60.900001525878906,61.900001525878906,60.790000915527344,61.65999984741211,145138063,60.23300056457519,66.666701696016,-0.27300819167608503,51.89543233270171,103.52520156122957
2018-09-26,60.7400016784668,61.15999984741211,60.56999969482422,60.72999954223633,168066649,60.41900062561035,62.25899369786976,-0.20591487128155803,55.8368681465489,68.48148413585882
2018-09-27,61.0,61.08000183105469,60.150001525878906,60.529998779296875,143964308,60.595000457763675,69.4214797868394,-0.14615435594621082,68.2258131005463,56.93707677504867
2018-09-28,59.27000045776367,60.72999954223633,59.029998779296875,60.70000076293945,259498425,60.63400039672852,21.763104216868104,-0.12139066268196393,49.315078514879936,-28.900557085325886
2018-10-01,58.540000915527344,59.2400016784668,58.43000030517578,59.0,165370525,60.559000396728514,2.9891467725383283,-0.1312304956800585,45.627382676236444,-96.7197158248764
2018-10-02,57.470001220703125,58.11000061035156,57.119998931884766,58.09000015258789,205670378,60.35600051879883,7.014071564919781,-0.17901544760984028,41.81184452865432,-157.99736426984165
2018-10-03,58.38999938964844,58.59000015258789,57.5099983215332,57.70000076293945,200021465,60.14200057983398,25.45090241640732,-0.232992652944982,45.365306367802766,-106.10128879230828
2018-10-04,58.93000030517578,59.20000076293945,58.40999984741211,58.40999984741211,219596568,59.876000595092776,36.27256041018302,-0.2788750318462313,50.26737575197518,-55.651719727207436
2018-10-05,58.93000030517578,59.36000061035156,58.650001525878906,58.91999816894531,276962014,59.583000564575194,36.27256041018302,-0.31664288763432724,47.98657259919285,-46.26479327214852
2018-10-08,58.15999984741211,58.91999816894531,58.0,58.65999984741211,158270554,59.23300056457519,20.841694703535435,-0.3589080785277634,42.94736478599339,-82.1067365469636
2018-10-09,57.29999923706055,58.41999816894531,57.16999816894531,58.40999984741211,175387553,58.87300033569336,3.607219331258567,-0.4146792841388134,32.69024528958383,-116.833392011798
2018-10-10,59.11000061035156,59.11000061035156,57.02000045776367,57.130001068115234,223081847,58.71000022888184,41.060905499684104,-0.44616952660710185,37.6984125482372,-66.5754516960699
2018-10-11,57.900001525878906,58.689998626708984,57.86000061035156,58.529998779296875,287951933,58.400000381469724,17.46033548137081,-0.4790780793287735,32.03266655727967,-76.64310261975237
2018-10-12,58.150001525878906,59.099998474121094,57.72999954223633,57.88999938964844,265655201,58.28800048828125,23.155754524284685,-0.5060699608886277,34.14634314437997,-62.97586439365599
2018-10-15,57.72999954223633,58.189998626708984,57.209999084472656,58.189998626708984,158381218,58.20700035095215,17.149738868269456,-0.533485879096307,35.22832190642437,-89.86554982040519
2018-10-16,57.36000061035156,58.099998474121094,56.93000030517578,57.95000076293945,180151641,58.196000289916995,10.361449327050881,-0.5644175821552063,34.55209555573765,-92.695917731442
2018-10-17,57.31999969482422,57.709999084472656,57.08000183105469,57.58000183105469,107704589,58.08900032043457,10.263143893421352,-0.5952831894654251,32.83582142663968,-89.63484646091472
2018-10-18,56.9900016784668,57.81999969482422,56.900001525878906,57.22999954223633,130190368,57.89500045776367,3.658544149709866,-0.6283974979175584,37.76824649166537,-92.37461488018538
2018-10-19,56.130001068115234,57.02000045776367,56.04999923706055,56.77000045776367,257236402,57.615000534057614,2.416972745094198,-0.6734739043621026,37.248679085489975,-133.877965096672
2018-10-22,56.43000030517578,57.849998474121094,56.43000030517578,57.0,255473511,57.44200057983399,11.48039004399001,-0.7173636465010131,44.00921152671387,-102.51517836510502
2018-10-23,56.38999938964844,56.849998474121094,55.970001220703125,56.0,247560366,57.35100059509277,12.389328748193925,-0.7572120120221368,37.1794921955237,-130.55013164040668
2018-10-24,56.65999984741211,56.9900016784668,56.0099983215332,56.380001068115234,193205149,57.10600051879883,20.35394545544568,-0.7864048648521033,34.926960984221964,-110.98159322511556
2018-10-25,57.720001220703125,58.029998779296875,56.0,56.0,258840220,57.08800048828125,55.732494909686416,-0.7886846325925044,42.95693524076991,-50.24580541664536
2018-10-26,56.83000183105469,57.72999954223633,56.43000030517578,57.619998931884766,190597551,56.95600051879883,27.388559793568955,-0.7863781394492292,42.36511151744753,-68.01073571238325
2018-10-29,57.18000030517578,57.849998474121094,56.66999816894531,57.0,167402439,56.901000595092775,38.53501018062717,-0.7739416409292865,49.26829926390306,-39.19681796254592
2018-10-30,56.81999969482422,57.47999954223633,56.52000045776367,57.06999969482422,160228004,56.84700050354004,27.156524600553315,-0.7597874230222368,33.03703025535302,-64.4398269947018
2018-10-31,57.220001220703125,57.7599983215332,57.119998931884766,57.43000030517578,225151166,56.83700065612793,39.936137280471904,-0.7371850594199911,44.276094059863745,-17.195103067964123
2018-11-01,58.849998474121094,59.31999969482422,56.880001068115234,56.95000076293945,347598725,57.02300033569336,85.97010642440861,-0.6827865669592329,54.7814001190269,95.75148542674697
2018-11-02,59.4900016784668,59.880001068115234,59.209999084472656,59.79999923706055,202402278,57.35900039672852,90.02559066833304,-0.5995434497534642,61.67110028200425,213.63647737877312
2018-11-05,58.56999969482422,59.709999084472656,58.56999969482422,59.560001373291016,121546449,57.57300033569336,66.49612725284224,-0.5158964358561852,57.47835903026576,140.80894036579656
2018-11-06,57.709999084472656,58.88999938964844,57.66999816894531,58.869998931884766,133337077,57.70500030517578,44.50122587399011,-0.4489261571522438,52.18854786394166,49.376626403171606
2018-11-07,58.25,58.63999938964844,57.959999084472656,57.970001220703125,140171380,57.86400032043457,58.31199151595685,-0.38628063291557346,56.907880564926145,69.57815429108034
2018-11-08,59.650001525878906,59.97999954223633,58.720001220703125,58.900001525878906,151772901,58.05700035095215,91.77061958890674,-0.30641314451223567,68.2194499653084,159.48488514520247
2018-11-09,59.95000076293945,60.08000183105469,59.02000045776367,59.75,147606743,58.36900024414062,96.83695744988918,-0.21445335817956962,68.2194499653084,157.1592412544875
2018-11-12,57.91999816894531,60.20000076293945,57.91999816894531,60.15999984741211,172257366,58.44300003051758,45.71423381365207,-0.15163376091782177,56.566513205718444,68.70251050056285
2018-11-13,58.779998779296875,58.86000061035156,58.099998474121094,58.16999816894531,219114593,58.638999938964844,66.19043510247455,-0.09630536524728531,58.66011977018337,55.134565214304395
2018-11-14,58.38999938964844,59.540000915527344,58.15999984741211,58.779998779296875,216024891,58.75599975585938,51.98935932318982,-0.0545754286087653,52.89540944171595,57.383388693946884
2018-11-15,55.45000076293945,58.9900016784668,54.5,58.470001220703125,420661315,58.41599998474121,16.666677820750746,-0.07033786743427947,44.933919224244434,-101.63343783822168
2018-11-16,54.5,55.93000030517578,54.08000183105469,55.52000045776367,328867915,57.91699981689453,6.8627163765854835,-0.13630551339999647,40.57665739372104,-180.99665362049586
2018-11-19,55.83000183105469,56.09000015258789,54.599998474121094,54.599998474121094,231396747,57.64300003051758,28.594776232437273,-0.20875260728722228,46.74128634821457,-126.85791706031637
2018-11-20,55.36000061035156,55.88999938964844,54.58000183105469,55.83000183105469,204217084,57.40800018310547,20.91501638387829,-0.28848590278503,43.90563754899608,-130.54821044615116
2018-11-21,56.22999954223633,56.369998931884766,55.40999984741211,55.83000183105469,163905716,57.2060001373291,35.13068768656647,-0.3540684546258174,40.965528054971585,-86.69383952904259
2018-11-22,56.0,56.7400016784668,54.869998931884766,56.060001373291016,328898379,56.84099998474121,31.372524575817433,-0.41020616348771,37.61533090517654,-85.38882757852534
2018-11-23,57.20000076293945,57.459999084472656,56.15999984741211,56.25,208362237,56.56599998474121,50.980383601536104,-0.43740094214542385,45.23313045807405,-30.192714027140095
2018-11-26,57.29999923706055,58.630001068115234,57.25,57.900001525878906,201403211,56.50400009155273,52.614345882152016,-0.4424369151592179,48.49375564251281,8.92969107973204
2018-11-27,56.38999938964844,57.470001220703125,56.38999938964844,57.40999984741211,269492144,56.26500015258789,37.74506473455125,-0.44683029691450526,43.347638899424624,-40.615892166997476
2018-11-28,56.34000015258789,57.27000045776367,56.22999954223633,57.0,141686523,56.06000022888183,36.9280835942433,-0.4503698985810143,36.89627437305925,-44.27258031657357
2018-11-29,56.13999938964844,57.20000076293945,56.13999938964844,57.20000076293945,189508991,56.12900009155273,33.66009670134593,-0.45535322692387864,34.79648609523345,-45.33400390071127
2018-11-30,55.36000061035156,56.5,54.849998474121094,56.2599983215332,291340727,56.21500015258789,23.44320501695654,-0.4723868037277492,38.652491863331015,-83.12079995506893
2018-12-03,55.95000076293945,56.599998474121094,55.34000015258789,55.59000015258789,189110480,56.227000045776364,34.249070429384076,-0.48559054164488324,37.14805427888871,-58.08627680010618
2018-12-04,55.40999984741211,56.47999954223633,55.380001068115234,56.130001068115234,164174397,56.23199996948242,27.0875368164913,-0.5032102891371746,36.648747388077425,-63.87022326455438
2018-12-05,56.20000076293945,56.97999954223633,54.290000915527344,54.599998474121094,250730843,56.229000091552734,46.593390931079725,-0.5089233283514423,54.16204118855947,-55.88042746055558
2018-12-06,54.689998626708984,56.029998779296875,54.349998474121094,55.77000045776367,298560745,56.09799995422363,9.216536799961325,-0.5298052494959145,50.99267793642891,-97.40788399774634
2018-12-07,54.04999923706055,55.52000045776367,54.04999923706055,55.0,175550884,55.78299980163574,0.0,-0.568103350292868,39.97746407719778,-124.3410233428095
2018-12-10,52.88999938964844,54.040000915527344,52.540000915527344,53.650001525878906,232310937,55.34199981689453,5.747101237302352,-0.6325222229820018,37.095082029945175,-203.78392935555428
2018-12-11,52.33000183105469,52.97999954223633,51.7400016784668,52.77000045776367,240335317,54.93600006103516,8.563137951424338,-0.7174289335872013,28.941693206830365,-231.34968120954852
2018-12-12,53.349998474121094,53.5099983215332,51.540000915527344,51.540000915527344,326764810,54.636999893188474,25.5288789794044,-0.7928174576350138,36.815906801399564,-172.93246374387826
2018-12-13,53.11000061035156,54.33000183105469,52.84000015258789,53.720001220703125,172636406,54.33400001525879,22.143859817142033,-0.8603102101326755,27.502730931009324,-113.17519720929637
2018-12-14,52.70000076293945,53.099998474121094,51.7599983215332,52.349998474121094,215821924,54.06800003051758,19.561547853541363,-0.9238964514919072,25.531907122612566,-141.84419133743125
2018-12-17,51.900001525878906,52.63999938964844,51.83000183105469,52.029998779296875,211308330,53.66300010681152,6.282733666869718,-0.9923586452012282,25.83422438812869,-135.32467995217158
2018-12-18,51.959999084472656,52.5,51.86000061035156,52.25,276934731,53.31800003051758,7.420462548905296,-1.0570690779660534,26.4515859105465,-115.47010220355703
2018-12-19,52.25,52.52000045776367,51.790000915527344,51.83000183105469,202887599,52.922999954223634,13.051457053440135,-1.108999682354846,29.286460047206404,-98.20825659212728
2018-12-20,50.9900016784668,51.869998931884766,50.900001525878906,51.290000915527344,269522865,52.55300025939941,1.4802661505111885,-1.1677727525305932,27.862194616209038,-117.43496170488932
2018-12-21,51.5099983215332,51.790000915527344,50.45000076293945,51.0,319108058,52.29900016784668,16.23273746933053,-1.2167957331869654,27.346898102302518,-105.03926162593078
2018-12-24,50.939998626708984,51.06999969482422,50.290000915527344,50.5,47165810,52.104000091552734,9.715961802841123,-1.2634583695872883,27.263441878370358,-112.47036065929093
2018-12-27,50.029998779296875,51.599998474121094,49.665000915527344,51.470001220703125,149302511,51.873999786376956,5.734453829861448,-1.317834294317357,18.994919735968878,-115.72057252151076
2018-12-28,51.209999084472656,51.279998779296875,49.51499938964844,49.71500015258789,121289991,51.65999984741211,28.226467832356633,-1.352364456292649,31.91265359436693,-100.20764029451024
2018-12-31,51.849998474121094,51.849998474121094,50.900001525878906,51.72999954223633,69463330,51.533999633789065,48.49424507852806,-1.3593524218763116,38.56546519360414,-61.23252366629567
2019-01-02,51.0,51.369998931884766,50.16999816894531,50.65999984741211,142576767,51.36399955749512,30.841118533635868,-1.359174141718319,39.84960804013512,-85.36570907583622
2019-01-03,51.20000076293945,51.68000030517578,50.59000015258789,50.93000030517578,146329323,51.29399948120117,34.99481866926948,-1.3482248151384104,43.68713464624486,-67.34891862820527
2019-01-04,52.79999923706055,52.9900016784668,51.68000030517578,52.02000045776367,133867623,51.377999496459964,68.22426130385732,-1.3024984688692145,47.114375823833605,9.93727593730033
2019-01-07,53.349998474121094,53.650001525878906,53.099998474121094,53.470001220703125,246624166,51.48799934387207,92.74479088827509,-1.2256280369506605,51.21950273968461,78.77486206578072
2019-01-08,53.70000076293945,54.220001220703125,53.470001220703125,53.599998474121094,124666165,51.758999252319335,88.94792230830849,-1.1248892342557502,55.11247906400194,119.52909956775262
2019-01-09,53.810001373291016,54.5,53.529998779296875,54.099998474121094,227722026,51.98899955749512,86.15850466946436,-1.0101522480662948,60.50605840730174,136.6494639094581
2019-01-10,54.779998779296875,54.869998931884766,53.220001220703125,53.5,153030891,52.372999572753905,98.3193247379755,-0.8748780906660147,64.10000923157443,148.80051356019683
2019-01-11,54.709999084472656,55.529998779296875,54.25,54.72999954223633,130562143,52.840999603271484,86.36741848660195,-0.7329457071924187,62.57669381683039,155.93778301543156
2019-01-14,55.540000915527344,55.65999984741211,54.310001373291016,54.5,196170863,53.273999786376955,98.04721036703654,-0.5793676806992347,74.33156062006205,151.36737778473474
2019-01-15,55.540000915527344,56.220001220703125,55.310001373291016,56.04999923706055,190851794,53.64300003051758,89.85831290863618,-0.4252207085610532,72.81995186481711,157.16279636451316
2019-01-16,56.130001068115234,56.5,55.790000915527344,55.790000915527344,277861184,54.1560001373291,94.70295061482975,-0.2684154994545014,79.32205274714286,146.79677173814594
2019-01-17,56.130001068115234,56.43000030517578,54.93000030517578,55.66999816894531,124980675,54.64900016784668,94.70295061482975,-0.11755237386634113,88.41311929386771,114.90213847541922
2019-01-18,58.0,58.06999969482422,56.29999923706055,56.58000183105469,201327841,55.169000244140626,99.1139280847616,0.051780540988996815,89.33953115012939,151.20090882304532
2019-01-21,58.0,58.220001220703125,57.650001525878906,58.099998474121094,145100964,55.63400039672852,97.26706661738363,0.2236952324045903,88.48562684707309,145.55081379735256
2019-01-22,57.43000030517578,57.91999816894531,57.150001525878906,57.20000076293945,140766858,56.00700035095215,89.6461231332109,0.3786122202426052,91.69909901886568,117.22957377485764
2019-01-23,57.29999923706055,57.459999084472656,56.97999954223633,57.189998626708984,146442088,56.356000137329104,85.93269335087861,0.511817347337241,89.92145917175127,98.7008663942122
2019-01-24,57.68000030517578,57.880001068115234,57.119998931884766,57.52000045776367,167223328,56.64600028991699,89.45311277639776,0.6293272277124775,88.00622710513885,98.46504146020051
2019-01-25,58.56999969482422,58.77000045776367,58.02000045776367,58.56999969482422,161191407,57.032000350952146,96.3963821543626,0.7436046258161719,88.60946428349737,115.69179736116575
2019-01-28,57.0,58.619998931884766,56.95000076293945,58.56999969482422,163908543,57.17800025939941,68.10809547604336,0.8231221030750918,70.67668813509574,79.4887675144213
2019-01-29,56.84000015258789,57.5099983215332,56.83000183105469,57.290000915527344,151469487,57.30800018310547,65.22521494619214,0.8722555319141198,68.86674495585783,58.17274510304804
2019-01-30,58.33000183105469,58.33000183105469,56.560001373291016,56.97999954223633,176529115,57.52800025939941,90.2655180940694,0.9215532320661629,70.76024435469623,77.16472852041008
2019-01-31,57.900001525878906,58.31999969482422,57.47999954223633,57.599998474121094,159990620,57.70500030517578,80.4932934871301,0.9594088174359512,67.90124091066335,77.70449904360224
2019-02-01,58.18000030517578,58.369998931884766,57.31999969482422,58.099998474121094,128811389,57.72300033569336,84.6354133035575,0.9903887848205937,65.78946888101613,74.06367331677373
2019-02-04,57.810001373291016,58.31999969482422,57.27000045776367,58.27000045776367,125292838,57.70400047302246,75.00002483526767,1.00727481373509,63.00114877888169,61.716424673415105
2019-02-05,58.040000915527344,58.34000015258789,57.52000045776367,57.849998474121094,143074568,57.76500053405762,80.98959600966788,1.0158155668378392,61.40979743818207,66.37726223668365
2019-02-06,58.2599983215332,58.40999984741211,57.65999984741211,57.81999969482422,107778567,57.86100044250488,79.35215043799498,1.0198726233151976,62.398126667542996,72.64444575130354
2019-02-07,57.20000076293945,58.290000915527344,57.20000076293945,58.220001220703125,144946786,57.81300048828125,28.95926039721199,1.0016705700388624,44.8586134007754,31.318523209446713
2019-02-08,56.880001068115234,57.689998626708984,56.849998474121094,57.20000076293945,128208909,57.64400062561035,14.479630198605996,0.9630827016269856,43.086421788058104,-14.654456541638227
2019-02-11,57.720001220703125,57.970001220703125,56.9900016784668,57.400001525878906,119433380,57.71600074768067,52.48870262264861,0.9249468906001523,51.732384018551194,19.020400245000168
2019-02-12,57.959999084472656,58.15999984741211,57.619998931884766,57.66999816894531,142065300,57.82800064086914,63.34833896619935,0.890814447300477,53.8915122455048,61.75866481542031
2019-02-13,57.86000061035156,58.349998474121094,57.72999954223633,58.0,108059771,57.78100051879883,58.823519258187794,0.8573547528434522,51.09756426610247,67.0905989068344
2019-02-14,57.400001525878906,58.209999084472656,57.38999938964844,58.029998779296875,99242295,57.73100051879883,40.776754762821845,0.816777635161557,42.47104360838468,-8.727300918893244
2019-02-15,58.439998626708984,58.70000076293945,57.22999954223633,57.22999954223633,150699070,57.75700035095215,87.85036400065599,0.7885975189394768,59.94476055089812,92.09054475804335
2019-02-18,58.31999969482422,58.65999984741211,58.08000183105469,58.279998779296875,81593214,57.80800018310547,82.24293567776851,0.7659529651844589,60.27779529127657,132.85173549382392
2019-02-19,58.369998931884766,58.81999969482422,57.9900016784668,58.380001068115234,118794509,57.84099998474121,77.15733583257169,0.7470170065497753,50.347198076751134,125.66692556220762
2019-02-20,61.130001068115234,61.81999969482422,58.79999923706055,59.5,306810513,58.128000259399414,86.11673124274671,0.7737297969834755,69.96295162869959,412.7486455752793
2019-02-21,60.33000183105469,62.0,59.709999084472656,61.970001220703125,190984741,58.441000366210936,67.57286069618574,0.8131270030466308,62.485512100718815,291.52413749206136
2019-02-22,60.0,60.599998474121094,59.79999923706055,60.029998779296875,131184842,58.753000259399414,61.16506004998363,0.8512910210487445,62.77713902654312,180.67535145532477
2019-02-25,60.529998779296875,60.72999954223633,59.93000030517578,60.380001068115234,85832634,59.03400001525879,71.45629543377169,0.8931970363230958,64.03608442061676,161.69997111914068
2019-02-26,61.900001525878906,62.040000915527344,60.09000015258789,60.130001068115234,209868444,59.42800025939941,97.30251784601272,0.9550734973827611,68.16370164477529,179.6277435255913
2019-02-27,62.880001068115234,63.209999084472656,61.529998779296875,61.900001525878906,240784994,59.93000030517578,94.81135244200581,1.0396818952740174,78.57144501882404,193.83102538546055
2019-02-28,63.540000915527344,63.630001068115234,62.25,62.63999938964844,245232956,60.544000244140626,98.64457589065147,1.142263185504418,82.39301123369522,176.92781042964802
2019-03-01,62.849998474121094,64.0,62.810001373291016,64.0,171206611,60.98500022888184,83.01327255362129,1.2371200209031765,75.32082252878723,149.080779443356
2019-03-04,63.06999969482422,63.529998779296875,62.47999954223633,62.5,136351739,61.46000022888184,86.2629210887382,1.322853109820215,75.27200940581282,122.2093541830586
2019-03-05,62.91999816894531,63.5,62.5,63.5,145853502,61.91500015258789,84.04724138805386,1.3929651044499902,74.90155381274349,106.41742940087447
2019-03-06,62.90999984741211,62.90999984741211,62.11000061035156,62.65999984741211,309846908,62.09300003051758,83.89955570331011,1.4462763465768262,78.37279442009351,86.14671548722876
2019-03-07,62.150001525878906,63.0099983215332,61.27000045776367,62.41999816894531,122464541,62.275,69.21798684214703,1.4708408534226716,69.67126870788614,63.37379695514237
2019-03-08,61.869998931884766,62.040000915527344,61.31999969482422,61.43000030517578,83771793,62.46199989318848,64.55904054941811,1.468280129793055,68.50884440224458,44.44931449979697
2019-03-11,61.790000915527344,62.47999954223633,61.709999084472656,62.29999923706055,124104547,62.58800010681152,57.500023841854414,1.4442292455216932,67.77546596178088,48.01054632636661
2019-03-12,62.34000015258789,63.900001525878906,62.2400016784668,62.5,180937320,62.63199996948242,61.305373119994876,1.4134527580039813,58.1646321624638,73.34879286482492
2019-03-13,62.56999969482422,62.709999084472656,61.779998779296875,62.220001220703125,129937091,62.60099983215332,65.95237987111776,1.380522110618033,66.37424389286284,49.39097508119223
2019-03-14,63.79999923706055,64.12000274658203,62.77000045776367,62.79999923706055,235452116,62.62699966430664,92.36268918702385,1.3644449916905415,74.54779336568103,97.40530417255762
2019-03-15,64.83999633789062,64.95999908447266,63.81999969482422,64.0,266245288,62.8259994506836,97.53587735314782,1.3732568272371874,76.1211973248106,138.90020476484509
2019-03-18,65.37000274658203,66.20999908447266,64.8499984741211,65.0,230980421,63.055999755859375,82.99602082176632,1.4025326589010239,73.41430165849158,178.94137578121007
2019-03-19,65.43000030517578,66.08000183105469,65.37999725341797,65.58999633789062,151164191,63.30699996948242,84.21054663700366,1.4408608097790254,69.64559767003759,177.69129518449367
2019-03-20,65.05000305175781,65.66000366210938,64.37999725341797,65.54000091552734,170356284,63.52100028991699,76.51829240512096,1.4735069064803814,62.15782897622356,128.47337224645844
2019-03-21,63.220001220703125,64.48999786376953,62.54999923706055,64.48999786376953,234832882,63.628000259399414,39.473710628104755,1.468325208659636,52.51702600949367,31.23823956469458
2019-03-22,62.310001373291016,63.68000030517578,61.95000076293945,63.18000030517578,162465030,63.67200050354004,21.052655964404387,1.421840288994456,45.273640574728944,-26.354680203004836
2019-03-25,62.029998779296875,62.540000915527344,61.61000061035156,62.20000076293945,122917718,63.696000289916995,15.384585684379275,1.344196186874863,44.55324608865041,-77.38356474720581
2019-03-26,61.459999084472656,62.45000076293945,61.16999816894531,61.70000076293945,265806949,63.60800018310547,5.753985373968934,1.2389346377424906,41.695298745869046,-107.19430014449496
2019-03-27,62.400001525878906,62.79999923706055,61.4900016784668,61.7400016784668,176883290,63.591000366210935,24.404824077395954,1.134054399501585,51.402917492970005,-65.18327573050954
2019-03-28,61.939998626708984,63.08000183105469,61.939998626708984,62.709999084472656,188014586,63.40500030517578,15.27778408514645,1.0249873379695191,50.38503665716839,-53.989792969723744
2019-03-29,62.13999938964844,62.5,61.25,62.29999923706055,202373154,63.13500061035156,19.246052470243097,0.9198682741873674,51.900098908690886,-73.02874462088083
2019-04-01,62.900001525878906,63.040000915527344,62.4900016784668,62.900001525878906,159692671,62.88800048828125,34.32545719592554,0.8327630782744849,52.97240340665887,-13.344306622023742
2019-04-02,63.400001525878906,63.869998931884766,62.630001068115234,63.20000076293945,152924737,62.685000610351565,44.246090314455124,0.7675939965308809,54.282770734964245,19.04506109979694
2019-04-03,64.87999725341797,65.54000091552734,63.93000030517578,64.12000274658203,231702090,62.668000030517575,73.61107957426775,0.7414532825887508,55.432582176164445,102.92561879956122
2019-04-04,62.619998931884766,63.380001068115234,62.349998474121094,63.369998931884766,193406609,62.60799980163574,28.769851181420613,0.703398257610161,40.05378172631343,-23.862589619600104
2019-04-05,62.209999084472656,62.900001525878906,62.08000183105469,62.45000076293945,218007230,62.597999572753906,21.18126557731632,0.651725985566013,35.6883903982972,-51.83924250489113
2019-04-08,62.619998931884766,62.86000061035156,61.849998474121094,62.0,153082037,62.656999588012695,32.29396411980004,0.5992833255111658,37.6646155278565,-51.16372013187588
2019-04-09,62.91999816894531,63.369998931884766,62.369998931884766,62.380001068115234,196743600,62.80299949645996,40.04574142130119,0.5525273567662492,40.58353710980319,-21.964081760736935
2019-04-10,62.79999923706055,63.25,62.70000076293945,63.09000015258789,87176298,62.84299926757812,37.29977216582138,0.5086128866228246,47.81249019007122,-22.34484716700167
2019-04-11,64.13999938964844,64.30000305175781,63.130001068115234,63.29999923706055,233880132,63.06299934387207,67.96337194584355,0.48900117000692395,59.12261985581741,39.974200566535295
2019-04-12,64.80000305175781,65.05000305175781,64.0,64.0999984741211,260549860,63.32899971008301,83.06642108295434,0.4950654674468494,63.30453073010568,90.16130619488042
2019-04-15,65.16999816894531,65.45999908447266,65.0,65.44000244140625,126818436,63.55599937438965,91.37522919300942,0.5216797942362887,68.16845943754694,132.69464365666718
2019-04-16,65.83999633789062,66.01000213623047,65.23999786376953,65.41999816894531,184243974,63.79999885559082,96.42845121757709,0.569279730013398,67.30380587248773,164.74503968953087
2019-04-17,66.56999969482422,66.69999694824219,65.80999755859375,66.0,182495258,63.96899909973145,97.61472795943679,0.6378870452030604,72.67386490286341,189.3285108610238
2019-04-18,65.9000015258789,66.79000091552734,65.58999633789062,66.66999816894531,144065217,64.29699935913087,81.98382692711616,0.7039215669141359,67.60301832770415,141.44119722006863
2019-04-23,65.56999969482422,66.52999877929688,65.11000061035156,66.52999877929688,210044429,64.63299942016602,75.30363121934344,0.7580125066530993,63.0243910063886,105.20030288603543
2019-04-24,64.76000213623047,65.5199966430664,64.41000366210938,65.2699966430664,187763318,64.84699974060058,58.90692761036362,0.7871312023507275,56.43940297040933,56.62943733904847
2019-04-25,63.61000061035156,64.30000305175781,63.22999954223633,64.2699966430664,180110127,64.9159999847412,35.62755600034595,0.7789296952086635,43.792780188326056,-7.269720810983621
2019-04-26,63.0,63.08000183105469,62.58000183105469,63.0,215912309,64.93600006103516,23.27937161001767,0.7362590026892347,52.21445895086909,-53.917804452786854
2019-04-29,63.599998474121094,63.810001373291016,63.02000045776367,63.06999969482422,120116774,64.88199996948242,35.425083707080816,0.682115102797339,57.92474299717877,-26.113675062032556
2019-04-30,62.56999969482422,63.75,62.56999969482422,63.20000076293945,169705538,64.65899963378907,4.524902108180278,0.6056306242438132,49.733763255469874,-59.78832839897059
2019-05-01,63.599998474121094,63.810001373291016,63.0099983215332,63.25,156951339,64.50199966430664,24.407546951497313,0.5342056208028065,53.359686923271774,-32.81539276815658
2019-05-02,62.79999923706055,63.369998931884766,61.61000061035156,61.79999923706055,161617098,64.19799995422363,22.972945108129725,0.4557149317888289,50.0,-81.05887697392728
2019-05-03,62.63999938964844,63.209999084472656,62.369998931884766,63.11000061035156,94752838,63.804999923706056,19.884145147013122,0.37331884893116096,42.203738246602455,-67.07019133294969
2019-05-07,61.810001373291016,62.59000015258789,61.52000045776367,62.099998474121094,243023316,63.395999908447266,5.502863194254936,0.27870127692313085,34.729290633096255,-106.78178186177917
2019-05-08,61.81999969482422,61.939998626708984,61.189998626708984,61.529998779296875,108851675,63.020999908447266,11.250014475407815,0.1809078225530366,32.23753406126822,-120.02042690101237
2019-05-09,60.88999938964844,61.4900016784668,60.68000030517578,61.43000030517578,203996415,62.63399963378906,3.4369732159580444,0.07100034389157192,24.458206406332792,-144.23686468482842
2019-05-10,61.04999923706055,61.79999923706055,60.81999969482422,61.279998779296875,164567482,62.377999496459964,6.055628394830492,-0.0383475588905092,19.736810734367566,-122.0035588303284
2019-05-13,59.790000915527344,61.06999969482422,59.65999984741211,61.04999923706055,148131182,62.056999588012694,1.8923011401337866,-0.16162766807947998,18.537559283040565,-153.54006773767608
2019-05-14,60.63999938964844,60.810001373291016,59.91999816894531,59.91999816894531,125797544,61.76099967956543,16.723550821104272,-0.27324805593197615,25.90417379825709,-122.00887428944964
2019-05-15,60.97999954223633,61.189998626708984,60.29999923706055,61.13999938964844,107710092,61.60199966430664,28.448249638878316,-0.36566173971111626,30.63521414503603,-95.87169104926939
2019-05-16,61.5099983215332,61.59000015258789,60.709999084472656,60.810001373291016,111906585,61.39299964904785,44.578260094236775,-0.43190331741189114,38.5120073389196,-71.5267896769079
2019-05-17,60.34000015258789,61.400001525878906,60.31999969482422,60.88999938964844,136223068,61.146999740600585,16.38554349764408,-0.4959504755264252,36.288640089853956,-88.56066607841615
2019-05-20,59.5,60.59000015258789,59.189998626708984,60.099998474121094,156254630,60.832999801635744,6.709982445797477,-0.5675360964779708,29.37623862689142,-118.29364932105372
2019-05-21,60.52000045776367,60.900001525878906,60.130001068115234,60.79999923706055,283484190,60.70399971008301,28.78790130673946,-0.6225270022100728,39.67773647211945,-77.89649025599971
2019-05-22,59.150001525878906,60.599998474121094,59.150001525878906,60.540000915527344,201471774,60.43699989318848,0.0,-0.684672615643138,28.334947864510127,-114.92599928742067
2019-05-23,57.849998474121094,58.650001525878906,57.52000045776367,58.650001525878906,200628753,60.13299980163574,5.799615043989705,-0.7672251675502002,27.0194797627873,-185.20309264980312
2019-05-24,58.52000045776367,58.81999969482422,58.099998474121094,58.150001525878906,138195707,59.87999992370605,19.723867064940148,-0.8458027002742163,31.73758523468007,-146.34633092382884
2019-05-28,57.630001068115234,58.91999816894531,57.54999923706055,58.810001373291016,209288770,59.66399993896484,2.488702622648609,-0.9300412688940156,31.56965760558036,-150.5337810020334
2019-05-29,57.4900016784668,57.59000015258789,57.2400016784668,57.5,101608167,59.34900016784668,5.4824590756381255,-1.0135259964921162,31.124677438505046,-160.54247852951124
2019-05-30,57.63999938964844,58.060001373291016,57.540000915527344,57.79999923706055,110846710,59.01500015258789,8.771884327609053,-1.0874586671318407,34.79887007827092,-127.39415955831507
2019-05-31,57.2599983215332,57.47999954223633,56.619998931884766,56.9900016784668,220107865,58.59000015258789,12.877248137936963,-1.1551127775924381,32.6306036035091,-137.22574091369623
2019-06-03,57.04999923706055,57.2599983215332,56.5,56.54999923706055,173879898,58.261000061035155,10.805485669404405,-1.2160027449735202,36.105463646426195,-127.38709625457906
2019-06-04,57.88999938964844,58.220001220703125,56.68000030517578,56.83000183105469,306188567,58.1,27.308435127290224,-1.2532878977455522,36.04060697458443,-86.62357674478093
2019-06-05,57.810001373291016,58.119998931884766,56.93000030517578,57.939998626708984,174438974,57.829000091552736,25.736764911980924,-1.272243285698236,33.472370284332285,-76.07511823642524
2019-06-06,57.22999954223633,58.13999938964844,56.88999938964844,57.86000061035156,149129859,57.636999893188474,14.897945202280098,-1.2850701500804402,27.800834801437873,-76.72497977870415
2019-06-07,57.61000061035156,58.04999923706055,57.29999923706055,57.41999816894531,108314123,57.613000106811526,25.2272778503148,-1.284391739272765,34.57627776161381,-60.035987961448214
2019-06-10,58.38999938964844,58.59000015258789,57.58000183105469,58.040000915527344,151504565,57.6,42.95451668669382,-1.2599122334839137,43.68600401172444,-30.102464351883526
2019-06-11,58.04999923706055,58.58000183105469,57.9900016784668,58.209999084472656,168740392,57.64199981689453,37.80487351017408,-1.2243508276334132,34.771880179944574,-25.452636810465272
2019-06-12,57.97999954223633,58.220001220703125,57.349998474121094,57.400001525878906,144580954,57.690999603271486,61.15705215104951,-1.1820339502244945,41.40967879807371,-40.91823608987517
2019-06-13,58.04999923706055,58.130001068115234,57.36000061035156,57.70000076293945,125037677,57.7319995880127,64.04960371255446,-1.1338902960357382,51.79212216879973,-37.13137801891879
2019-06-14,57.70000076293945,58.029998779296875,57.40999984741211,57.72999954223633,122736113,57.77599983215332,49.586845905029726,-1.0876179568434445,42.20531795462391,-42.63989640439268
2019-06-17,57.939998626708984,58.150001525878906,57.65999984741211,57.90999984741211,87310580,57.864999771118164,68.89945079314668,-1.0386362670465241,53.36223460506652,-17.786037135732315
2019-06-18,58.06999969482422,58.439998626708984,57.2400016784668,57.630001068115234,122185152,57.88299980163574,75.11959713879475,-0.9860827566346829,56.30433358405322,-9.81031139325834
2019-06-19,59.20000076293945,59.20000076293945,58.02000045776367,58.040000915527344,179242463,58.021999740600585,100.0,-0.9137694509793728,63.97851189837314,148.97877370771093
2019-06-20,58.38999938964844,59.400001525878906,58.279998779296875,59.20000076293945,144781402,58.1379997253418,65.17235845507473,-0.8437023048686225,59.401009847761166,157.80135371352887
2019-06-21,58.099998474121094,58.849998474121094,57.869998931884766,58.279998779296875,330848339,58.18699951171875,52.205791605425844,-0.7814198706419158,58.620683175306326,73.06078386195713
2019-06-24,57.0,58.22999954223633,57.0,58.099998474121094,199501916,58.04799957275391,4.382490706432699,-0.7430505103833726,42.99212910620721,-77.16487037794937
2019-06-25,56.70000076293945,56.900001525878906,56.22999954223633,56.38999938964844,208930102,57.9129997253418,14.826527652927748,-0.7247735370792039,41.5525063781509,-191.51788592009788
2019-06-26,56.90999984741211,57.150001525878906,56.279998779296875,56.5,164591829,57.805999755859375,21.451100304814577,-0.7150458735643488,47.419356029562685,-145.29907892532617
2019-06-27,56.86000061035156,57.630001068115234,56.15999984741211,57.310001373291016,176256674,57.68699989318848,21.60495062677563,-0.7103546664341372,43.61157901303887,-112.12219179746796
2019-06-28,56.59000015258789,57.43000030517578,56.5099983215332,57.18000030517578,170597189,57.57599983215332,13.271607481983217,-0.711754791059329,33.20895230273341,-112.52306414122187
2019-07-01,57.22999954223633,57.77000045776367,57.18000030517578,57.77000045776367,127996955,57.50499992370605,33.024664830746445,-0.7050663979586133,42.75618136404504,-41.68175930868729
2019-07-02,57.63999938964844,57.86000061035156,57.119998931884766,57.47999954223633,106078456,57.46199989318848,45.678974553392194,-0.6855105982182359,47.166663593714134,-19.884776729836556
2019-07-03,58.2599983215332,58.380001068115234,57.63999938964844,57.88999938964844,115161927,57.36799964904785,64.81473414281795,-0.6474607664475679,51.60304756668735,54.606659084430056
2019-07-04,58.2599983215332,58.66999816894531,57.93000030517578,58.20000076293945,94645427,57.35499954223633,64.81473414281795,-0.598338174690456,54.51611156641391,74.02332535691899
2019-07-05,57.83000183105469,58.68000030517578,57.7400016784668,58.4900016784668,117305878,57.327999877929685,51.54324439834367,-0.5503470880565374,49.13930460229514,42.596742723153035
2019-07-08,57.709999084472656,58.54999923706055,57.459999084472656,58.11000061035156,102724417,57.398999786376955,47.839457842318865,-0.5062412003729924,47.17867738768462,21.205757181535777
2019-07-09,57.790000915527344,57.970001220703125,57.31999969482422,57.65999984741211,87187735,57.50799980163574,50.30864887966873,-0.4644523750491475,36.77297962321082,-4.777260530372199
2019-07-10,57.970001220703125,58.720001220703125,57.970001220703125,57.9900016784668,106680043,57.613999938964845,67.28633075569333,-0.42237609814715044,45.53193147175986,65.36325032697506
2019-07-11,57.7599983215332,58.25,57.72999954223633,58.15999984741211,147146062,57.70399971008301,62.4999068677925,-0.38471315316719745,46.320343818248624,22.535379797647725
2019-07-12,57.68000030517578,58.5099983215332,57.650001525878906,58.040000915527344,125528165,57.8129997253418,59.37498603016888,-0.3521902354794049,59.44445268607784,25.200628064886605
2019-07-15,57.849998474121094,58.06999969482422,57.31999969482422,57.599998474121094,88722455,57.874999618530275,66.01553594232658,-0.3210789581199704,66.57058459454794,-0.7078771352618409
2019-07-16,57.97999954223633,58.290000915527344,56.900001525878906,56.97999954223633,187328132,57.908999633789065,71.09369994143847,-0.2896774791300824,65.78170925474981,-2.614104018346472
2019-07-17,57.689998626708984,58.20000076293945,57.45000076293945,57.97999954223633,118861933,57.85199966430664,53.3936089232729,-0.26370678646031814,61.432476200184325,13.58473173140136
2019-07-18,57.38999938964844,57.77000045776367,57.06999969482422,57.06999969482422,97928427,57.76499977111816,26.92296406219215,-0.24668670357380756,60.928951781599196,-34.87750772255963
2019-07-19,56.790000915527344,57.66999816894531,56.63999938964844,57.439998626708984,205563566,57.66099967956543,7.211605472618567,-0.24517928669768446,43.92266910863565,-84.76543539603647
2019-07-22,56.720001220703125,57.25,56.529998779296875,57.099998474121094,102059589,57.56199989318848,8.675900894623895,-0.25403192068897906,35.97563244912959,-104.0679352870916
2019-07-23,57.0,57.22999954223633,56.560001373291016,56.9900016784668,172662622,57.48299980163574,21.461219029569968,-0.2638677570300703,28.57144710738119,-95.95798120863326
2019-07-24,56.970001220703125,57.40999984741211,56.5099983215332,56.5099983215332,153509630,57.38299980163574,20.814583516732,-0.27368143977206666,28.28285812267923,-94.43327319921978
2019-07-25,56.77000045776367,57.4900016784668,56.59000015258789,57.02000045776367,141117891,57.28400001525879,11.76478711082803,-0.2855339076034916,30.65692109568063,-97.91645230555521
2019-07-26,55.9900016784668,56.90999984741211,55.959999084472656,56.90999984741211,187793173,57.11500015258789,1.0870496656613933,-0.30983655591798087,24.705903472386623,-185.45992914850024
2019-07-29,56.18000030517578,56.59299850463867,55.810001373291016,55.810001373291016,187141724,56.94800033569336,12.714740594017872,-0.33693125387059847,27.06548247844856,-164.00651955786083
2019-07-30,55.08000183105469,56.630001068115234,54.95000076293945,56.29999923706055,229492365,56.6580005645752,3.651717900800658,-0.38113750433045746,17.381442801835192,-193.79832299629578
2019-07-31,53.33000183105469,55.87300109863281,52.13999938964844,52.709999084472656,458817307,56.22200088500976,18.68136014041921,-0.46080311815119207,12.897788302469579,-284.1971432674843
2019-08-01,52.84000015258789,53.95000076293945,52.560001373291016,53.02000045776367,435612035,55.76700096130371,11.382123402634683,-0.5652851979262975,12.068925312575303,-261.48025033203237
2019-08-02,51.2599983215332,52.38999938964844,51.2599983215332,52.369998931884766,238558440,55.2140007019043,0.0,-0.7037642416263741,7.702165563799241,-255.18278312928624
2019-08-05,50.18000030517578,50.88100051879883,49.834999084472656,50.45000076293945,192297247,54.560000610351565,4.124341320710404,-0.8719193399068278,5.377548352630157,-236.7014673007342
2019-08-06,50.2400016784668,51.119998931884766,49.849998474121094,50.22999954223633,188055938,53.88400077819824,5.104001561453632,-1.046915278748443,6.227956773310908,-179.06184402172573
2019-08-07,50.2400016784668,50.79999923706055,49.875,50.34000015258789,168489502,53.21100082397461,5.169146666484899,-1.2146392159540793,6.455530872813469,-148.20206457495152
2019-08-08,49.755001068115234,49.814998626708984,48.53499984741211,48.79999923706055,210952357,52.509500885009764,13.623684771033014,-1.3739823304836647,6.5472384080525785,-143.7321707028942
2019-08-09,49.5,50.6150016784668,48.95500183105469,49.2599983215332,195395641,51.860500717163085,10.776102236421725,-1.5206562878080727,6.40095238446257,-116.07239651187794
2019-08-12,48.7400016784668,49.95500183105469,48.71500015258789,49.875,345722098,51.11650085449219,2.2892438764643237,-1.6603600176978115,2.8538818253591103,-112.62994478568814
2019-08-13,48.970001220703125,49.244998931884766,48.23099899291992,48.349998474121094,166263474,50.50550079345703,7.98144522559402,-1.7809176389941608,5.357138295562422,-106.43427784461089
2019-08-14,48.68000030517578,49.22999954223633,48.40999984741211,48.69499969482422,325393292,50.04050064086914,5.173421685094772,-1.8837227443171751,5.303862792282757,-96.18074165487346
2019-08-15,48.58000183105469,49.0,48.15599822998047,48.90999984741211,229528782,49.61450080871582,5.003581060489086,-1.967313735131776,5.7347622878159825,-90.54927546814804
2019-08-16,49.650001525878906,49.66999816894531,48.51499938964844,48.58000183105469,185436621,49.45350112915039,17.6304318565379,-2.0129245871943517,14.702709301097968,-68.96757673617314
2019-08-19,49.935001373291016,50.18000030517578,49.59000015258789,49.83000183105469,168080218,49.42900123596191,23.053032033163188,-2.0232043594316864,19.50207694064494,-50.50796513538894
2019-08-20,49.720001220703125,50.369998931884766,49.63999938964844,49.64500045776367,211205623,49.377001190185545,26.993481308057408,-2.0096193225414614,23.84058107225036,-46.01432948350758
2019-08-21,49.525001525878906,49.96500015258789,49.525001525878906,49.70000076293945,134553553,49.30550117492676,32.333559776487995,-1.9803192130122032,24.90538337277016,-47.839030947405774
2019-08-22,49.70500183105469,50.040000915527344,49.11000061035156,49.130001068115234,166396754,49.3005012512207,52.26056795732276,-1.9353198127574658,35.0624679818155,-45.508642037877365
2019-08-23,49.9900016784668,50.349998474121094,49.72999954223633,49.88999938964844,207661242,49.34950141906738,61.875945147652175,-1.8738813527003582,47.84582048431952,-27.011246449891242
2019-08-27,49.7599983215332,51.29999923706055,49.349998474121094,49.59000015258789,250178843,49.451501083374026,51.0177982748935,-1.8047585286124739,44.75979077476637,-14.045796284277392
2019-08-28,49.51499938964844,49.939998626708984,49.21500015258789,49.85499954223633,135079497,49.50600090026855,43.225213878990175,-1.7342382317955607,42.48702410176741,-40.347360814209075
2019-08-29,49.80500030517578,50.14799880981445,48.41999816894531,49.244998931884766,236282407,49.61850090026856,52.44915861928387,-1.6579593416699727,50.53994843980565,-41.922421981500904
2019-08-30,49.83000183105469,51.04999923706055,49.720001220703125,49.994998931884766,180755944,49.74350090026856,53.24437229200867,-1.5778920328325459,53.750019506967895,59.53577630489466
2019-09-02,50.31999969482422,50.77000045776367,49.83000183105469,49.84000015258789,86314017,49.81050071716309,68.82954108381533,-1.488233512321696,69.12830033574869,94.93352223386688
2019-09-03,49.59000015258789,50.29999923706055,49.224998474121094,49.90999984741211,203790505,49.776000595092775,45.61073356459321,-1.4055181850755551,56.69545128352586,10.042663374697863
2019-09-04,49.595001220703125,50.41999816894531,49.20500183105469,49.25,158644239,49.76350059509277,45.769800565652446,-1.3282075416187564,60.529351650898676,22.425259376253177
2019-09-05,50.029998779296875,50.630001068115234,49.13999938964844,49.25,189957996,49.81400032043457,55.902778237689986,-1.248369815289708,65.49141937703064,60.93005387589823
2019-09-06,50.040000915527344,50.400001525878906,49.2599983215332,49.56999969482422,225712227,49.847500228881835,56.250074505778336,-1.1681285223436717,55.38672781418013,50.77658048223943
2019-09-09,50.18000030517578,50.25299835205078,48.779998779296875,49.349998474121094,296353560,49.86650009155274,61.11116262127885,-1.0869446531428308,53.52516216569278,21.15834260736357
2019-09-10,52.31999969482422,52.41999816894531,50.0099983215332,50.16999816894531,357985069,50.12250022888183,97.50003814697266,-0.9728059808442492,74.07405314295644,290.81144406650077
2019-09-11,52.599998474121094,53.470001220703125,50.88399887084961,52.959999084472656,282265743,50.4310001373291,82.77223325084528,-0.8373107756113453,78.0309626806504,314.8010672699061
2019-09-12,51.939998626708984,53.124000549316406,50.91999816894531,52.380001068115234,225150096,50.644499969482425,69.70293723958098,-0.7041541033008151,68.73425598056903,210.41990132175445
2019-09-13,54.2599983215332,54.939998626708984,52.40999984741211,52.43000030517578,284918073,51.08749961853027,89.57054819887209,-0.5408243211321087,76.68747901916504,280.07481284498283
2019-09-16,54.119998931884766,54.68000030517578,53.900001525878906,54.130001068115234,245083921,51.467499542236325,87.42331844704387,-0.3681455957959674,77.56006824983916,219.81837505101478
2019-09-17,53.15999984741211,54.150001525878906,53.15999984741211,54.02000045776367,160744086,51.82449951171875,72.69940714225953,-0.2131363845503088,71.1304467819642,140.89400308608185
2019-09-18,52.9900016784668,53.45000076293945,52.63999938964844,52.68000030517578,103292108,52.16399955749512,68.34420460154061,-0.07955436198066249,68.72430235390102,99.78751747479136
2019-09-19,54.060001373291016,54.61000061035156,53.20000076293945,53.5,147625369,52.56699981689453,85.71432994778942,0.05084746416902969,72.14661392393687,122.29741834258577
2019-09-20,55.5099983215332,55.86000061035156,54.7599983215332,54.79999923706055,359872566,53.11399955749512,95.05646612571256,0.19543808839643345,74.6907860279602,154.84471792564037
2019-09-23,54.29999923706055,55.22999954223633,53.709999084472656,55.22999954223633,306814617,53.52599945068359,77.9660879966379,0.32159202529491393,71.42858630456514,103.27840795230092
2019-09-24,53.5,54.880001068115234,53.310001373291016,54.5099983215332,161251870,53.64399948120117,66.66666666666667,0.4160805120535943,66.56768189180686,75.41034900802866
2019-09-25,53.369998931884766,53.60100173950195,52.209999084472656,52.720001220703125,106061396,53.720999526977536,64.83049386308042,0.482746042749016,64.54704923986787,39.91765618638014
2019-09-26,53.59000015258789,53.97600173950195,53.09000015258789,53.09000015258789,166932777,53.88599967956543,67.93785493378161,0.5308876814302653,65.1839263087375,52.96661930970442
2019-09-27,54.939998626708984,54.939998626708984,53.209999084472656,53.439998626708984,146690192,53.95399971008301,84.2734765181022,0.5852236759949366,68.44962008247441,77.98941424934831
2019-09-30,54.119998931884766,55.2400016784668,54.119998931884766,54.7400016784668,163689803,53.95399971008301,65.03213283359999,0.6261773308517768,57.77202388305539,76.84657603429172
2019-10-01,53.380001068115234,54.880001068115234,53.2599983215332,54.5099983215332,181102214,53.97599983215332,49.79760492728913,0.6433629176548298,53.239216262791054,45.504316246023485
2019-10-02,51.599998474121094,53.5989990234375,51.59000015258789,53.06999969482422,152383943,53.83699951171875,0.23415270401257868,0.6148849869949171,48.708205343304115,-35.934641427157935
2019-10-03,51.619998931884766,51.86000061035156,51.04999923706055,51.34000015258789,163121213,53.59299926757812,11.850302122351026,0.5581965567799353,37.845298821658226,-85.08991451949672
2019-10-04,52.029998779296875,52.30699920654297,51.119998931884766,51.619998931884766,80988599,53.24499931335449,20.374205040316024,0.4920670983994957,40.610955145234485,-80.44632062946503
2019-10-07,51.70000076293945,52.15999984741211,51.185001373291016,51.560001373291016,151764633,52.98499946594238,13.51354137835045,0.41710035588081845,43.04761835560997,-104.98433700712457
2019-10-08,50.97999954223633,52.209999084472656,50.95500183105469,52.119998931884766,150573376,52.73299942016602,0.5096374597920698,0.32808660034587034,40.90496394160231,-123.16925797639398
2019-10-09,50.70000076293945,51.27000045776367,50.599998474121094,50.97999954223633,126165900,52.465999603271484,1.9011834259448623,0.22971970462267183,33.625719253003055,-141.91425733177053
2019-10-10,52.66999816894531,52.83000183105469,50.790000915527344,50.81999969482422,177329976,52.373999404907224,44.61203157975219,0.16155357741749818,36.82745139531996,-65.9714601436762
2019-10-11,59.130001068115234,59.540000915527344,54.060001373291016,54.54999923706055,577268717,52.79299964904785,95.41387320530063,0.2185874478988153,65.06550904199926,227.47275154333835
2019-10-14,57.790000915527344,59.540000915527344,54.0620002746582,57.75,238084353,53.15999984741211,80.42506127409148,0.32922731684554596,62.94508447356026,177.0998778293278
2019-10-15,60.81999969482422,62.08000183105469,58.4900016784668,59.20000076293945,414215450,53.903999710083006,89.0243748450695,0.5152579475710732,69.13200245378917,257.8259271117206
2019-10-16,61.029998779296875,61.81999969482422,59.0,61.310001373291016,339229273,54.84699974060059,90.85363462787107,0.7409660498093509,69.11613678104162,206.14811326517722
2019-10-17,60.959999084472656,64.16999816894531,59.790000915527344,60.099998474121094,422661563,55.780999755859376,76.34488462297466,0.9769056150697291,66.55666012068966,186.24212396536385
2019-10-18,60.189998626708984,61.150001525878906,58.94599914550781,59.04999923706055,275527472,56.59699974060059,70.67059961869893,1.1923782481607021,66.7402112917581,123.00035320715354
2019-10-21,61.439998626708984,62.040000915527344,60.54199981689453,60.77000045776367,208820352,57.57099952697754,79.88209577279808,1.4009525219221273,71.62016583291789,125.99775960568834
2019-10-22,60.40999984741211,61.53300094604492,60.349998474121094,61.0,226387761,58.51399955749512,72.2918319374221,1.5746431464775372,74.62270417111341,98.59992989167247
2019-10-23,60.279998779296875,60.529998779296875,58.93000030517578,59.27000045776367,180666862,59.47199935913086,71.33382846624428,1.7117012046062523,74.05556022973808,73.42637193552352
2019-10-24,59.849998474121094,60.58000183105469,59.52000045776367,59.90999984741211,148795844,60.189999389648435,68.16507154033374,1.8078521528884983,71.69811640290493,67.21440400273436
2019-10-25,60.0,60.45399856567383,58.86000061035156,59.65999984741211,125517754,60.27699928283691,69.27046232332779,1.8715956516208716,73.262329501316,57.73394439286563
2019-10-28,58.93000030517578,60.45399856567383,58.5,59.900001525878906,165849265,60.390999221801756,61.38542386431934,1.8903482840000816,71.85267004711645,45.28730458339502
2019-10-29,58.2599983215332,58.79999923706055,57.77000045776367,58.720001220703125,173093174,60.13499908447265,55.829588485884194,1.864920492535782,70.34444782981114,24.47030000368898
2019-10-30,57.599998474121094,58.86399841308594,56.91999816894531,58.72999954223633,190908171,59.79199905395508,35.01481921687372,1.7983537910368237,64.2733036639639,11.678249216778621
2019-10-31,56.79999923706055,57.060001373291016,55.85900115966797,56.66999816894531,243006993,59.37599906921387,27.08745085859011,1.692629221559481,39.96553958413559,-19.161262165811248
2019-11-01,57.310001373291016,57.459999084472656,53.7400016784668,56.9900016784668,95425617,59.08799934387207,34.228196510739494,1.5721824575202636,47.773657575445526,-35.86579893455683
2019-11-04,57.790000915527344,58.51499938964844,57.790000915527344,57.81999969482422,135441291,58.722999572753906,38.83030297045419,1.4528969160600103,31.59175247028199,1.1810665137365437
2019-11-05,58.09000015258789,58.560001373291016,57.2400016784668,58.52000045776367,178387949,58.49099960327148,41.706614935989506,1.342067218260531,32.33174647495987,-11.407550535913979
2019-11-06,57.40999984741211,58.7599983215332,56.9900016784668,58.4900016784668,123499131,58.20399971008301,44.21684947341087,1.2284395049661465,30.1231937331345,-36.30780313491534
2019-11-07,57.20000076293945,57.869998931884766,57.02000045776367,57.4900016784668,117904893,57.93899993896484,41.686739789364346,1.1128643273946035,32.138608825483814,-71.06816734866686
2019-11-08,56.279998779296875,59.630001068115234,56.255001068115234,57.08000183105469,94560112,57.56699981689453,32.593318870148536,0.9849126214926553,17.91046758956348,-69.05692982057589
2019-11-11,58.540000915527344,58.959999084472656,55.40999984741211,55.959999084472656,268318851,57.52799987792969,70.17542587692024,0.8897231863075243,39.91371466830063,-59.99662939051188
2019-11-12,59.59000015258789,59.61000061035156,58.18000030517578,58.70000076293945,242523901,57.66100006103515,85.52629157336739,0.834782760648318,46.614336589363255,12.232084786810233
2019-11-13,59.59000015258789,59.70000076293945,58.56999969482422,59.119998931884766,144150286,57.86000022888184,87.13138496188142,0.8060470635341657,48.66804219771767,24.334160086462987
2019-11-14,58.689998626708984,59.959999084472656,58.689998626708984,59.61000061035156,198271969,58.04900016784668,73.72653028293772,0.7790462123204774,43.76783714772598,24.28434522012865
2019-11-15,59.16999816894531,59.63999938964844,58.040000915527344,59.20000076293945,137014297,58.23499984741211,87.29901535385625,0.7604306665971057,51.20966594500226,19.26338491754918
2019-11-18,59.7400016784668,60.52899932861328,58.970001220703125,59.27000045776367,152286421,58.429999923706056,88.37828953837595,0.7554076233501517,57.53565301974629,76.26042053469783
2019-11-19,59.47999954223633,60.65999984741211,59.29999923706055,60.060001373291016,208022904,58.5689998626709,82.94796795653448,0.7532975045447499,59.97876406364463,87.47757678843884
2019-11-20,59.11000061035156,59.15999984741211,58.470001220703125,58.86000061035156,301277076,58.738999938964845,77.60116116769457,0.7455037320099187,62.84760278986047,32.667220661012074
2019-11-21,58.70000076293945,59.130001068115234,58.18000030517578,58.900001525878906,119287563,58.888999938964844,62.66668410528274,0.7263156559510151,57.81776317313906,21.74951512965044
2019-11-22,59.790000915527344,60.130001068115234,58.54800033569336,58.7400016784668,125003884,59.24000015258789,83.42859177362351,0.7167266173676661,60.52630733585772,85.65079572848174
2019-11-25,60.869998931884766,61.16999816894531,60.09600067138672,60.279998779296875,163456376,59.47299995422363,94.79167839443583,0.7292539154004517,63.52138641152246,160.47017484287335
2019-11-26,61.220001220703125,61.5099983215332,60.400001525878906,61.18000030517578,222672714,59.636000061035155,95.24594797752205,0.7589085680110397,69.14571939570645,156.16130820263032
2019-11-27,61.70000076293945,61.84000015258789,60.83000183105469,61.380001068115234,182874222,59.84700012207031,97.82271566090368,0.8036721749840103,72.015636512668,159.06558311703884
2019-11-28,62.689998626708984,62.689998626708984,61.66999816894531,61.81999969482422,136719335,60.24700012207031,100.0,0.8695223058559665,81.14672935272884,188.74928726141727
2019-11-29,61.150001525878906,62.5099983215332,60.95000076293945,62.5099983215332,174083857,60.44500045776367,66.88176647642393,0.9185855171849016,63.636367260090616,127.39487321267407
2019-12-02,59.939998626708984,61.290000915527344,59.72100067138672,60.95000076293945,262730384,60.46500015258789,40.860185944023186,0.9331565061861526,51.79855268945866,51.003744088477
2019-12-03,59.16999816894531,60.4900016784668,58.84000015258789,60.06999969482422,236341970,60.43400001525879,24.301028163964794,0.910932843112934,47.99999128069513,-0.40590574621426784
2019-12-04,60.56999969482422,60.709999084472656,59.040000915527344,59.04999923706055,148789571,60.579999923706055,54.40860267980564,0.8870720125599298,58.545456437039306,30.6710270964481
2019-12-05,60.5099983215332,61.279998779296875,60.130001068115234,60.58000183105469,106188347,60.76099967956543,51.66294641913135,0.8604567578933796,56.33270055543837,57.441005490213264
2019-12-06,61.470001220703125,61.540000915527344,60.31999969482422,60.709999084472656,124861666,60.928999710083005,72.94904966636189,0.8468654297508211,57.88513558860543,79.67631455337393
2019-12-09,62.130001068115234,62.75,61.15999984741211,61.15999984741211,192451264,61.054999923706056,86.43328286023849,0.8507494607957499,61.65347794957891,128.61752873030497
2019-12-10,61.47999954223633,62.20000076293945,60.678001403808594,62.099998474121094,227490773,61.080999755859374,72.21005377304469,0.8530736762750432,60.17166457267715,79.93515566464497
2019-12-11,60.400001525878906,61.470001220703125,60.3390007019043,61.33000183105469,253463553,60.95099983215332,44.07428220228428,0.8351233253102335,56.899351780320565,25.52257625306733
2019-12-12,61.119998931884766,61.29999923706055,60.2400016784668,60.47999954223633,194555350,60.7939998626709,58.31199151595685,0.8149899790560641,55.56484490144196,31.602603448119478
2019-12-13,64.33000183105469,73.66000366210938,60.720001220703125,69.80000305175781,704768575,61.111999893188475,37.04453696613234,0.8438999913760374,62.28693718675401,341.0042239543276
2019-12-16,67.25,67.8499984741211,64.68000030517578,64.98999786376953,377850950,61.84300003051758,56.74762385858339,0.9466973666949186,68.10810278282713,269.63262344442404
2019-12-17,63.29999923706055,65.25,62.939998626708984,65.25,738728534,62.2560001373291,30.094453632262756,1.0252394314385158,53.97613880642461,113.190334991169
2019-12-18,63.36000061035156,63.58000183105469,62.599998474121094,63.18000030517578,219003810,62.535000228881835,30.499321102452395,1.0830819914169694,51.74570548519097,72.24092093395119
2019-12-19,63.91999816894531,64.30000305175781,63.0,63.279998779296875,381375356,62.876000213623044,34.2779811967902,1.1313841712901702,57.60569912628592,84.05546268268917
2019-12-20,62.33000183105469,64.33000183105469,62.33000183105469,64.19999694824219,362116302,62.9620002746582,23.54926350877419,1.1432284293341908,56.42819576312105,43.98763663919343
2019-12-23,62.20000076293945,62.47999954223633,61.77000045776367,62.0,284390412,62.969000244140624,21.614221981940986,1.1269209327476069,58.440118287487905,2.615241171189545
2019-12-24,63.41999816894531,63.75,62.349998474121094,62.4900016784668,64065960,63.16300010681152,24.31630798275295,1.110719192986934,58.01913059233222,44.74451153965968
2019-12-27,63.18000030517578,64.51000213623047,62.959999084472656,64.0,77395979,63.44099998474121,21.907587124744847,1.0890724820632935,57.437334275779975,55.68639637211535
2019-12-30,63.119998931884766,63.61000061035156,63.040000915527344,63.369998931884766,62060981,63.640999984741214,21.460483067948502,1.06170822170678,54.83870534704477,39.2265411666133
2019-12-31,62.5,63.1510009765625,62.29999923706055,62.880001068115234,51827760,63.457999801635744,16.840521516225394,1.0198832232289203,51.087592987501644,10.75447724522347
2020-01-02,63.709999084472656,63.84000015258789,63.2400016784668,63.75,157613349,63.10399971008301,25.856906804003327,0.9881673583116314,56.34604733484489,47.09406146095385
2020-01-03,63.04999923706055,63.79999923706055,62.45000076293945,63.79999923706055,198856652,63.07899971008301,20.93887588108266,0.9516681551198315,57.72594531700598,17.945292467843313
2020-01-06,63.25,63.32400131225586,62.071998596191406,63.20000076293945,136196286,63.06799964904785,19.55176431189242,0.9151060478445602,56.40409473390355,-0.39112912526020627
2020-01-07,63.11000061035156,63.689998626708984,62.88999938964844,63.11000061035156,107254282,62.986999893188475,22.039483384415576,0.8761018393020366,45.501467084145645,13.72505740544777
2020-01-08,62.790000915527344,62.869998931884766,62.0099983215332,62.58000183105469,157679455,63.03299980163574,29.31036183723737,0.8305094125142976,29.653272984961177,-37.5044986793402
2020-01-09,61.849998474121094,63.5,61.74599838256836,63.45000076293945,173659260,62.997999572753905,3.762661009954911,0.7662875596213183,40.880490469726396,-53.22117590023244
2020-01-10,60.33000183105469,61.7599983215332,60.09000015258789,61.5,224795444,62.68899993896484,5.429899790882187,0.667758575962553,33.9000929149512,-161.2464175930003
2020-01-13,58.7400016784668,61.75,58.64500045776367,59.75,250375742,62.24500007629395,1.6197986959137547,0.5260021188439195,25.191566296316736,-215.01383357780858
2020-01-14,58.75,59.00600051879883,58.279998779296875,58.75,235807714,61.80800018310547,7.5441567809115835,0.3635432786920161,29.796813390545225,-244.02371399999262
2020-01-15,57.810001373291016,58.90999984741211,57.689998626708984,58.869998931884766,237998772,61.33900032043457,1.759570158790887,0.1807992290214564,27.300911662254975,-219.59658602854446
2020-01-16,57.900001525878906,58.18199920654297,57.2400016784668,57.959999084472656,152237722,60.7580005645752,9.07840173114834,-0.004055630076142347,17.681493075470314,-187.01711898282258
2020-01-17,58.45000076293945,58.72999954223633,57.88999938964844,58.310001373291016,185978030,60.298000717163085,18.333323700257203,-0.17175894625337865,23.27682261819426,-131.8770633204946
2020-01-20,57.900001525878906,58.709999084472656,57.76100158691406,58.709999084472656,72762048,59.763000869750975,10.0,-0.3283041658790355,22.055666034831404,-118.19798383205726
2020-01-21,58.5,58.63999938964844,57.22999954223633,57.52000045776367,266967743,59.30200080871582,19.213318313084468,-0.4593284508316411,28.540754262886892,-102.28412135683075
2020-01-22,58.09000015258789,58.560001373291016,57.84000015258789,58.380001068115234,163118813,58.832000732421875,13.089812028896478,-0.5729826044840844,17.018757849350663,-89.08355027512988
2020-01-23,57.400001525878906,58.849998474121094,57.400001525878906,57.959999084472656,167221590,58.387001037597656,2.6316100268682274,-0.6794941396543128,16.95904528072407,-87.0910340123795
2020-01-24,58.09000015258789,59.2599983215332,57.849998474121094,58.099998474121094,146725561,58.163000869750974,13.312704833328413,-0.7633880795695175,21.46014459576189,-64.72587878206983
2020-01-27,57.11000061035156,57.790000915527344,56.72999954223633,57.20000076293945,156667186,58.00000076293945,5.613013920544989,-0.8426032944770948,19.63559564166519,-91.3946462921256
2020-01-28,57.63999938964844,58.2400016784668,56.82099914550781,57.5,114274583,57.889000701904294,13.441651194698867,-0.9043570983999965,24.479646733685442,-74.55814462665019
2020-01-29,57.5,58.44599914550781,57.43000030517578,57.959999084472656,105528590,57.85800056457519,15.308163909163163,-0.9521015874924158,26.58770080572772,-62.89251856941771
2020-01-30,57.93000030517578,58.26499938964844,57.0,57.0,134419233,57.86100044250488,23.904395488323,-0.9795320286048219,35.36582529222015,-60.73884345908123
2020-01-31,56.790000915527344,58.47999954223633,56.349998474121094,58.47999954223633,179297410,57.69500045776367,15.120359604057999,-1.0087475417601806,37.41933133918714,-76.88037660453865
2020-02-03,56.54999923706055,57.20000076293945,56.189998626708984,56.97999954223633,153681928,57.56000022888183,11.726405411651852,-1.0390803249252167,36.21552009721273,-99.92566692708145
2020-02-04,57.5,57.59000015258789,56.83000183105469,57.31999969482422,113644729,57.46000022888184,42.67105874634373,-1.0509983150973503,48.06006505519857,-70.98411913601834
2020-02-05,57.13999938964844,58.327999114990234,57.13999938964844,57.65999984741211,194283019,57.36500015258789,30.94465333469188,-1.0540976707631724,45.39949974784188,-57.00792609956567
2020-02-06,56.95000076293945,58.27000045776367,56.845001220703125,57.650001525878906,142821635,57.320000076293944,24.755772370654412,-1.0521360191279134,40.50632177913755,-71.35043775023775
2020-02-07,56.91999816894531,57.08000183105469,56.20000076293945,56.81999969482422,124996718,57.202999877929685,23.778489081515243,-1.0451857022360052,43.360408389856005,-140.06133935911706
2020-02-10,56.880001068115234,57.15999984741211,56.47999954223633,56.65999984741211,203893458,57.179999923706056,22.475651791416805,-1.0337288744529507,38.12316781154266,-118.82838914708584
2020-02-11,56.72999954223633,57.5,56.349998474121094,57.5,164536871,57.08899993896485,17.589608117477777,-1.0200851483237854,39.6341378315764,-105.13923460202632
2020-02-12,57.439998626708984,57.63999938964844,56.20500183105469,56.7599983215332,125454586,57.082999801635744,40.71661642531766,-0.9921333422314478,50.30392942923879,-64.30817550700452
2020-02-13,58.029998779296875,58.150001525878906,56.20000076293945,57.439998626708984,171006145,57.092999649047854,80.3493195182489,-0.9450044082528523,49.537026407950115,-8.852976169449578
2020-02-14,56.61000061035156,58.20000076293945,56.54999923706055,58.130001068115234,141080959,57.07499961853027,18.340690643167697,-0.9088275838746024,46.387282281057274,-53.55587980377039
2020-02-17,56.869998931884766,57.209999084472656,56.529998779296875,56.66999816894531,82623091,57.1069995880127,29.694324598957206,-0.8751922552597434,44.21052088131584,-85.3313399975182
2020-02-18,55.880001068115234,56.9900016784668,55.880001068115234,56.20000076293945,166751570,56.94499969482422,0.0,-0.8587132039877923,39.200001627605,-167.60971319988457
2020-02-19,55.779998779296875,56.400001525878906,55.630001068115234,56.20000076293945,115708021,56.808999633789064,5.263080403153484,-0.8534895311005603,35.00695903109856,-191.71439608938516
2020-02-20,56.54999923706055,58.130001068115234,55.90999984741211,55.9900016784668,250479278,56.76899948120117,34.099289657044615,-0.8413641620236019,48.23528157798336,-44.01862303282495
2020-02-21,55.349998474121094,56.060001373291016,55.16999816894531,55.68000030517578,325612555,56.61199951171875,5.69981796241111,-0.8427762475680636,42.26803464886343,-220.95186827063284
2020-02-24,53.11000061035156,54.380001068115234,52.29999923706055,53.880001068115234,290401275,56.23499946594238,13.437315688354161,-0.8864163236588191,25.74584745755567,-366.4006389068629
2020-02-25,52.0099983215332,53.847999572753906,51.97999954223633,53.52000045776367,328451066,55.76299934387207,0.4769280593079206,-0.9697659731927953,23.799782495950524,-286.51545968241544
2020-02-26,51.90999984741211,52.31999969482422,51.02000045776367,52.099998474121094,323387690,55.20999946594238,12.395534147914615,-1.0730206121359096,24.020605664001366,-246.78172644854172
2020-02-27,50.349998474121094,51.290000915527344,49.58000183105469,51.16999816894531,318291781,54.441999435424805,8.932676780483616,-1.2057818137974805,20.74798666791672,-230.29025584005473
2020-02-28,50.20000076293945,50.5,47.88100051879883,48.79499816894531,616992296,53.80099945068359,22.473109693522964,-1.3497225009834577,20.54672635626997,-199.72987687944246
2020-03-02,49.540000915527344,52.069000244140625,48.632999420166016,51.4900016784668,354681470,53.06799964904785,16.07714272194669,-1.5005782859354415,19.662439379282475,-145.12440617033175
2020-03-03,48.67499923706055,50.79999923706055,48.54499816894531,50.5099983215332,276224597,52.347499465942384,7.694531441769954,-1.658240685805005,13.494371532850892,-137.05645289840044
2020-03-04,48.3650016784668,49.145999908447266,47.68000030517578,48.005001068115234,271341849,51.60599975585937,6.511419614867891,-1.8130707805570438,8.784641777802648,-135.38900479729313
2020-03-05,47.0,48.55699920654297,46.20500183105469,48.3650016784668,255914487,50.65099983215332,6.6666517384304305,-1.9756546414221186,8.826040624734418,-138.0683550205466
2020-03-06,45.68000030517578,46.65999984741211,44.84600067138672,45.459999084472656,345739690,49.68400001525879,6.278226504678919,-2.1511324056570738,6.048707662627336,-146.64131437774319
2020-03-09,41.23500061035156,44.013999938964844,39.367000579833984,40.75,496506848,48.49650001525879,9.955763907186748,-2.3915074925300366,4.7574939291284295,-190.08080548444266
2020-03-10,42.53499984741211,45.0,41.59000015258789,42.290000915527344,494209542,47.54900016784668,16.884289213533584,-2.633766646811365,11.906815615048401,-142.57825181143025
2020-03-11,42.119998931884766,44.21099853515625,41.625,42.63999938964844,372371693,46.570000076293944,16.491932074488627,-2.8651252831455936,7.633583853458262,-131.15978734842253
2020-03-12,36.994998931884766,41.165000915527344,36.61000061035156,39.86000061035156,543757343,45.234500122070315,2.1665633743132418,-3.1527596656808816,6.203766929711804,-174.24872621652057
2020-03-13,37.88999938964844,40.13399887084961,37.08000183105469,38.54499816894531,408864062,44.00349998474121,7.425448754746243,-3.439123339468484,11.193266835828354,-149.49827357075947
2020-03-16,35.11000061035156,35.96200180053711,32.20000076293945,35.5,536586936,42.56049995422363,14.46322068536766,-3.746193699781172,10.31000466758465,-170.81311980719983
2020-03-17,35.31999969482422,36.55400085449219,31.600000381469727,36.0,441849428,41.225,18.17382059852673,-4.038256728392702,11.238313254773146,-145.2636180975
2020-03-18,33.6349983215332,34.435001373291016,32.150001525878906,33.625,358206359,39.75199966430664,9.941853308498384,-4.323282234517077,11.173050104658287,-136.60247821610005
2020-03-19,32.375,34.21799850463867,30.700000762939453,33.279998779296875,698106099,38.28949966430664,7.838454198728791,-4.599204152473673,10.625133455428369,-129.0076335419593
2020-03-20,32.099998474121094,34.54499816894531,31.399999618530273,33.75,675068283,36.93149948120117,6.965163270953223,-4.848860806999018,10.808983277738761,-113.33448293110814
2020-03-23,30.56999969482422,31.990999221801758,29.816999435424805,29.950000762939453,380314599,35.86499938964844,3.895702007200934,-5.082326191211887,10.495304750484806,-118.92087405548344
2020-03-24,33.64500045776367,33.64500045776367,30.75,31.3700008392334,386440167,34.975999450683595,20.42690004851831,-5.232761068975492,21.339561826764623,-89.4222144843184
2020-03-25,36.72999954223633,38.492000579833984,33.0,35.2400016784668,431074933,34.43699951171875,41.043756680617804,-5.262122109423098,31.2591216867646,-48.29639309760192
2020-03-26,37.560001373291016,37.939998626708984,34.400001525878906,35.13999938964844,337909827,34.493499755859375,50.99783738355444,-5.188821624813151,34.9126737682504,-37.0806687441802
2020-03-27,34.39500045776367,36.97700119018555,33.52000045776367,35.5,391858874,34.143999862670896,30.152149457335906,-5.093686784736721,36.65626245116093,-51.125713596161724
2020-03-30,33.5,36.97700119018555,32.38999938964844,34.1349983215332,266071926,33.98299980163574,25.587055682419145,-4.992523386228575,32.09118131296046,-55.16389862823009
2020-03-31,32.0,36.97700119018555,31.71500015258789,32.0099983215332,434167505,33.65099983215332,19.236872399099035,-4.90543720985316,30.767771942881325,-60.1223020531979
2020-04-01,28.270000457763672,31.0,28.209999084472656,30.0,633114108,33.11450004577637,0.5031983760983171,-4.880069045395551,32.4904712953802,-122.82273167920131
2020-04-02,28.905000686645508,29.799999237060547,27.82900047302246,27.94499969482422,480846533,32.76750011444092,10.090970672838107,-4.873460653957551,31.77854704366385,-124.60284150763734
2020-04-03,27.725000381469727,28.858999252319336,27.700000762939453,28.485000610351562,319660657,32.33000030517578,0.23164954553777264,-4.886675560675082,33.98395246114961,-135.9638905120133
2020-04-06,29.940000534057617,29.940000534057617,28.148000717163086,28.524999618530273,334338098,32.267000389099124,20.756113872532836,-4.865145823539569,39.26576525047191,-104.33538395349692
2020-04-07,31.219999313354492,32.32500076293945,30.25,30.639999389648438,470424722,32.0245002746582,32.616740271850205,-4.791457156753713,45.10241545138791,-56.97393074743834
2020-04-08,31.860000610351562,31.860000610351562,29.913000106811523,30.014999389648438,257197311,31.537500381469727,38.54707114523633,-4.667807618051043,48.9286471579359,-51.08208222918069
2020-04-09,33.38999938964844,35.35499954223633,32.02000045776367,32.099998474121094,371893146,31.12050018310547,52.7242283473863,-4.484276371177222,52.5504169015971,23.804305247857975
2020-04-14,31.78499984741211,33.400001525878906,31.704999923706055,33.01499938964844,286063632,30.859500122070312,37.85210483489557,-4.288219698333052,52.39503266743196,-7.480336039839312
2020-04-15,29.7450008392334,31.690000534057617,29.68000030517578,31.434999465942383,333883339,30.484000205993652,18.949222674119795,-4.117363218520191,41.98520421134427,-66.56855894287528
2020-04-16,29.434999465942383,30.899999618530273,29.135000228881836,29.725000381469727,246071360,30.22750015258789,16.94335024367129,-3.966819897713196,33.07817367781287,-75.93070205372096
2020-04-17,30.450000762939453,31.299999237060547,29.889999389648438,30.25,313340055,30.44550018310547,29.64320225666246,-3.81166526323892,33.64765395258931,-46.49264250426231
2020-04-20,30.1200008392334,30.94099998474121,29.600000381469727,30.649999618530273,184756278,30.56700019836426,26.08601880826182,-3.6583312089062057,38.69346875625841,-52.42165115014776
2020-04-21,29.219999313354492,30.17099952697754,29.125,29.299999237060547,307829234,30.716500091552735,16.38459071264973,-3.5201972053104207,38.68323561744782,-69.22632484989202
2020-04-22,29.915000915527344,30.18000030517578,29.399999618530273,29.530000686645508,158235468,30.714000129699706,28.935342988929154,-3.3797199256230988,44.24192571697542,-56.17759423826973
2020-04-23,30.424999237060547,30.424999237060547,29.459999084472656,29.94499969482422,180356670,30.634500122070314,35.597634339157786,-3.2292981862919716,57.23882589862568,-43.90129432107156
2020-04-24,29.735000610351562,30.350000381469727,25.674999237060547,29.649999618530273,204121119,30.422000122070312,41.942161624934876,-3.084177109760252,52.77777742314656,-89.01330511755143
2020-04-27,30.53499984741211,30.899999618530273,30.0,30.68000030517578,173245463,30.13650016784668,50.20661629269761,-2.930192888523991,59.64972379468597,-13.980168121219696
2020-04-28,33.244998931884766,35.7599983215332,30.469999313354492,30.579999923706055,464384721,30.282500076293946,75.06197701573767,-2.728810572278847,60.9764156411473,113.36632526174934
2020-04-29,34.7599983215332,34.7599983215332,32.7599983215332,33.20000076293945,419861412,30.783999824523924,90.08428268932967,-2.4778864004129124,61.576191098132654,158.58941477957268
2020-04-30,32.2400016784668,34.92900085449219,31.597000122070312,34.7599983215332,612396060,31.064500045776366,65.09670835284497,-2.2436216832666367,51.10658472063277,108.45603188304878
2020-05-01,31.684999465942383,32.08399963378906,30.395000457763672,31.979999542236328,348622494,31.18799991607666,59.5934633066563,-2.0358204016683383,44.736029155173405,29.510563404689545
2020-05-04,30.600000381469727,31.44499969482422,30.350000381469727,31.3700008392334,315203318,31.235999870300294,48.83491910268931,-1.8681696555505982,46.22009675339396,-4.296003007856593
2020-05-05,30.579999923706055,31.709999084472656,30.322999954223633,31.0,342698821,31.37199993133545,48.63660021742074,-1.7305341754537285,53.05748502057227,-8.451055499000736
2020-05-06,30.170000076293945,30.7549991607666,30.010000228881836,30.549999237060547,244033168,31.39749984741211,44.571157633064296,-1.6215238325748609,52.67175847733783,-44.36232847926054
2020-05-07,31.28499984741211,31.28499984741211,30.020000457763672,30.100000381469727,178698841,31.483499908447264,55.62718016493413,-1.514684722495451,53.01335020556146,-10.904555499951593
2020-05-11,30.415000915527344,32.39500045776367,30.18000030517578,32.36000061035156,245474742,31.551499938964845,47.00051669577966,-1.4252352337319962,51.02466198046594,-2.441001933029143
2020-05-12,29.885000228881836,30.75,29.885000228881836,30.364999771118164,229354893,31.486499977111816,41.745179712541635,-1.3565817647434337,52.3707707840573,-47.88695492862036
2020-05-13,29.010000228881836,29.764999389648438,28.905000686645508,29.399999618530273,317689230,31.063000106811522,33.06892706570509,-1.3154299560627654,46.81449779100577,-105.64021880130102
2020-05-14,28.614999771118164,28.780000686645508,27.1200008392334,28.5,351891252,30.44850025177002,29.152214188935144,-1.2969767717299239,43.57700432436311,-157.96764922375982
2020-05-15,28.5049991607666,29.333999633789062,28.079999923706055,28.899999618530273,202822408,30.075,16.03007783706602,-1.29251691488663,45.44780985917382,-118.24086429494814
2020-05-18,29.684999465942383,29.684999465942383,28.18000030517578,29.0,252925271,29.875,29.687492756377864,-1.2752894744898409,46.94024285262509,-76.38064468994067
2020-05-19,29.584999084472656,30.566999435424805,29.100000381469727,30.385000228881836,244544366,29.77349987030029,31.566119098766173,-1.2496514559681826,33.77659466537527,-40.71218632005227
2020-05-20,29.864999771118164,30.059999465942383,28.488000869750977,29.1200008392334,294630047,29.701999855041503,35.15173423640718,-1.2127703814446371,25.63465150205839,-56.75546979213586
2020-05-21,28.389999389648438,29.666000366210938,28.389999389648438,29.639999389648438,407927400,29.523999786376955,24.075803644681354,-1.1915443647042625,28.611107461247997,-88.27888279786444
2020-05-22,28.1200008392334,28.860000610351562,27.600000381469727,27.920000076293945,277027472,29.20749988555908,18.95734734249367,-1.182835236313977,29.546766699422434,-109.66650036478191
2020-05-26,30.075000762939453,30.25,29.0,29.325000762939453,417226860,29.173499870300294,56.01895995073797,-1.148541195210289,47.26134812621174,-31.945296668416795
2020-05-27,31.815000534057617,32.04499816894531,30.110000610351562,30.3700008392334,591610487,29.36649990081787,89.00473998768449,-1.0696303389639499,55.4621874259753,47.920762365412706
2020-05-28,31.3799991607666,32.83000183105469,30.96500015258789,32.3849983215332,299899964,29.603499794006346,74.60591211166171,-0.9713934537797411,55.339800921991646,77.44073535886515
2020-05-29,29.8700008392334,31.065000534057617,29.8700008392334,30.885000228881836,492167786,29.728999900817872,48.161112475093404,-0.8880702670531407,43.965889287240515,8.277246355157391
2020-06-01,30.860000610351562,31.190000534057617,30.274999618530273,30.5049991607666,197136712,29.96450004577637,65.49910895768927,-0.8006436768067086,51.878428235391105,54.150845110381056
2020-06-02,31.93000030517578,32.470001220703125,30.770000457763672,31.06999969482422,532592449,30.189000129699707,84.2381546488692,-0.6963321499611603,58.255954939447655,120.41791931733361
2020-06-03,33.7599983215332,33.974998474121094,32.439998626708984,32.595001220703125,396549439,30.60650005340576,96.86359990127971,-0.5561220232027406,67.80359339382423,205.2310817849466
2020-06-04,33.8849983215332,34.099998474121094,32.88999938964844,33.709999084472656,337816563,31.008499908447266,96.69230437419726,-0.39749957944420955,70.1606711650137,185.7377819800742
2020-06-05,35.54499816894531,35.959999084472656,34.209999084472656,34.5099983215332,457376990,31.723999786376954,95.03587344602967,-0.20826159271151762,74.07660889521308,213.86524158033947
2020-06-08,36.880001068115234,38.119998931884766,35.0,35.20000076293945,513534214,32.599999809265135,88.21294643885088,0.01201931712076093,74.3485678102798,217.15569983967046
2020-06-09,35.224998474121094,37.301998138427734,34.77399826049805,36.95000076293945,425439479,33.1149995803833,72.48098044985512,0.21377784621495316,67.2688265684174,150.46929844532087
2020-06-10,35.02000045776367,36.970001220703125,34.665000915527344,35.935001373291016,305961335,33.435499572753905,70.53232983574136,0.38959252383824505,65.85666242016094,122.57325485048953
2020-06-11,32.04499816894531,33.54499816894531,32.0,33.5,315551500,33.50199947357178,42.25283650158127,0.49157721790506975,60.29287118957314,29.710400985536516
2020-06-12,31.93000030517578,32.93000030517578,30.65999984741211,31.239999771118164,338964066,33.70799942016602,32.12720009135197,0.5389853747505671,60.8238618845536,4.0549740981382945
2020-06-15,31.530000686645508,32.939998626708984,30.889999389648438,30.44499969482422,224145197,33.77499942779541,20.121214923561542,0.542090584478632,54.53412252037249,-2.8240672857254716
2020-06-16,33.150001525878906,34.08000183105469,32.36000061035156,32.935001373291016,343539819,33.896999549865725,39.75759327225963,0.5418754181590966,54.19152557577671,38.69027820533456
2020-06-17,32.57500076293945,33.73500061035156,32.279998779296875,33.095001220703125,183578500,33.77849979400635,32.78788544345866,0.529181538799161,53.71927034686199,22.596676117578724
2020-06-18,32.43000030517578,33.1349983215332,31.895000457763672,32.23500061035156,140368209,33.63299999237061,27.469737097071047,0.5058121686039512,58.7074795949415,4.1624265028199385
2020-06-19,32.23500061035156,32.939998626708984,32.08000183105469,32.939998626708984,320598770,33.30200023651123,21.112613354305648,0.47271271408376253,54.944263730644295,-5.846531690169482
2020-06-22,31.645000457763672,32.209999084472656,31.309999465942383,31.825000762939453,442958262,32.778500175476076,13.203763153292554,0.42475924356903516,48.93854829561922,-46.75242380749216
2020-06-23,32.744998931884766,32.95199966430664,31.760000228881836,31.864999771118164,171134869,32.53050022125244,27.949052819757068,0.38659108473207204,46.002366644140075,-19.150008889703802
2020-06-24,31.610000610351562,33.154998779296875,31.610000610351562,32.48500061035156,183221384,32.18950023651123,12.734596240323912,0.3375676530271227,41.70011890831479,-39.99928370106934
2020-06-25,31.6200008392334,31.899999618530273,30.514999389648438,31.299999237060547,238814859,32.14700050354004,14.529934465453287,0.2837003987345118,33.72046201022643,-78.01649872135069
2020-06-26,31.084999084472656,32.18000030517578,30.993000030517578,32.06999969482422,165673375,32.062500381469725,8.398405774374694,0.22043868963862687,24.25587990364798,-79.59750324471563
2020-06-29,31.2549991607666,31.485000610351562,30.399999618530273,30.989999771118164,219927377,32.035000228881835,13.013688489110262,0.15681482916433404,29.682702648989434,-100.45758856097223
2020-06-30,31.174999237060547,31.579999923706055,30.639999389648438,31.264999389648438,216798060,31.8375,21.059759580922584,0.09466548234642906,30.06738704917261,-92.93153109999437
2020-07-01,30.700000762939453,31.350000381469727,30.469999313354492,31.170000076293945,214762975,31.65,8.15220010977614,0.028904218562425782,40.58783738330331,-98.61665735114246
2020-07-02,31.850000381469727,32.084999084472656,30.915000915527344,31.15999984741211,246512863,31.592000007629395,39.402170955347856,-0.017391916987948952,49.51100281555492,-55.49442725857948
2020-07-03,31.024999618530273,32.040000915527344,30.725000381469727,31.78499984741211,133792963,31.470999908447265,16.98368544108188,-0.06218353297520549,47.06565313782695,-71.70751871184723
2020-07-06,31.204999923706055,32.0,30.7450008392334,30.829999923706055,239588682,31.426999855041505,24.13793300661538,-0.10067056613221659,36.42706300480524,-65.32459146051025
2020-07-07,30.739999771118164,31.389999389648438,30.70800018310547,30.899999618530273,151273183,31.226499938964842,12.341207120124231,-0.1403778123058756,36.99502899684253,-91.13504352037951
2020-07-08,30.719999313354492,31.05500030517578,30.329999923706055,30.479999542236328,170320859,31.137499809265137,13.805293721680926,-0.17876749109406212,37.66232765394688,-117.99574553900683
2020-07-09,29.735000610351562,31.110000610351562,29.6299991607666,31.0,218302938,30.94899978637695,2.9787648495899877,-0.2296265255216633,33.80828471486858,-158.7086469896929
2020-07-10,30.454999923706055,30.510000228881836,29.2450008392334,29.475000381469727,225317607,30.885999870300292,30.94628444875888,-0.27362446203473717,42.42037544898642,-145.27132412069645
2020-07-13,30.639999389648438,31.270000457763672,30.280000686645508,31.0,147069644,30.824499893188477,35.677731083213615,-0.3074403468328773,34.82335772686868,-73.183016306258
2020-07-14,30.104999542236328,30.81999969482422,29.920000076293945,30.1200008392334,204167953,30.717499923706054,29.30149436081064,-0.34093652567794136,38.12153681439312,-111.99833392353096
2020-07-15,30.385000228881836,30.485000610351562,29.665000915527344,30.299999237060547,193431901,30.685999870300293,38.841553563363306,-0.36723208325182816,40.65101668475351,-114.00577127539847
2020-07-16,30.530000686645508,30.649999618530273,30.049999237060547,30.235000610351562,126076131,30.55399990081787,45.24650145704064,-0.3844855805148989,45.5350076063796,-81.33095678038404
2020-07-17,30.565000534057617,30.700000762939453,29.8799991607666,30.299999237060547,205731994,30.507999992370607,46.478891211885745,-0.39373251017700206,44.325667336957714,-77.569449780009
2020-07-20,30.40999984741211,30.700000762939453,30.104999542236328,30.149999618530273,116012735,30.42849998474121,41.021117183139836,-0.39905188844046513,43.78554393689231,-68.0161159667535
2020-07-21,30.5049991607666,31.170000076293945,30.165000915527344,30.739999771118164,178419771,30.404999923706054,44.36616549483303,-0.39920552444385454,48.31167432853892,-34.38737812654
2020-07-22,30.31999969482422,30.790000915527344,30.045000076293945,30.5,284988418,30.364999961853027,38.46149646679883,-0.3981550077123257,34.0956251920732,-61.79813964298175
2020-07-23,30.165000915527344,30.530000686645508,30.0,30.43000030517578,148677270,30.407999992370605,33.393842342875615,-0.3979702603941041,39.61353591783838,-80.05075391981859
2020-07-24,29.69499969482422,30.235000610351562,29.655000686645508,30.0,151008724,30.33199996948242,20.978981804148507,-0.4049293855807396,32.95710186235654,-129.86264302698797
2020-07-27,28.899999618530273,29.82699966430664,28.719999313354492,29.684999465942383,352244425,30.157999992370605,7.058832329170827,-0.4277621887343725,30.672260489419415,-211.8518217059865
2020-07-28,29.219999313354492,29.229999542236328,28.559999465942383,28.875,165473357,30.069499969482422,24.354228998586027,-0.4532670076507102,35.17785846109308,-205.89024077291774
2020-07-29,28.364999771118164,29.540000915527344,28.295000076293945,29.450000762939453,222117317,29.867499923706056,2.352930616756328,-0.4917175206700034,36.105463646426195,-202.51791181265946
2020-07-30,26.204999923706055,27.607999801635742,25.709999084472656,27.0,714742095,29.434999847412108,8.902890593000032,-0.5696073168575793,16.640496761099897,-335.24171780131326
2020-07-31,26.28499984741211,26.979999542236328,25.433000564575195,26.5,344278032,29.00699977874756,14.85095616788127,-0.6655591774922509,15.243416069345287,-252.75811990879245
2020-08-03,27.8700008392334,27.975000381469727,25.889999389648438,25.96500015258789,430663048,28.75299987792969,42.47865577956274,-0.7409973260086608,34.723181545940506,-146.11181513515635
2020-08-04,28.155000686645508,28.514999389648438,27.674999237060547,27.739999771118164,190376551,28.518000030517577,47.4464067237619,-0.7933873958782496,34.7677620546002,-79.91003122327214
2020-08-05,28.174999237060547,28.610000610351562,27.8799991607666,28.424999237060547,162668620,28.30349998474121,47.79499574445449,-0.8264576469816619,33.63445327471581,-64.83496016618548
2020-08-06,28.15999984741211,28.280000686645508,27.479999542236328,28.1200008392334,142120571,28.102999877929687,47.53354566732273,-0.844040655109531,33.24040709613705,-70.48419428657013
2020-08-07,27.78499984741211,28.155000686645508,27.485000610351562,28.06999969482422,106901984,27.911999893188476,40.99702776743444,-0.8550539956355196,32.25151324131285,-71.44998883051075
2020-08-10,28.415000915527344,28.559999465942383,27.934999465942383,28.21500015258789,178864436,27.863500022888182,55.66548731739639,-0.8493721181670765,36.822202600873624,-39.2159091927294
2020-08-11,29.454999923706055,29.6299991607666,28.649999618530273,28.729999542236328,206300339,27.88700008392334,78.90914778901738,-0.8149953872693172,45.07683566336776,17.221216795047603
2020-08-12,29.690000534057617,30.06999969482422,29.280000686645508,29.454999923706055,197218699,28.019500160217284,88.65056078511903,-0.7588285263609738,47.3209227651801,44.973366025341946
2020-08-13,29.18000030517578,29.684999465942383,29.020000457763672,29.28499984741211,106759883,28.31700019836426,80.80656552547937,-0.6983556258487404,47.10836911709773,26.543472762693064
2020-08-14,28.950000762939453,29.100000381469727,28.017000198364258,29.014999389648438,137246251,28.58350028991699,75.84647095190165,-0.6404316871382549,50.29976711588471,-6.381758861477207
2020-08-17,28.625,59.939998626708984,28.405000686645508,28.84000015258789,80176621,28.659000205993653,9.250295924546219,-0.5908673808819229,46.43499483335897,446.7420337143501
2020-08-18,28.184999465942383,28.969999313354492,28.100000381469727,28.190000534057617,122824092,28.66200008392334,7.975190703091296,-0.5548142183892588,48.86506747636379,-32.66598019190856
2020-08-19,28.65999984741211,28.65999984741211,28.09000015258789,28.139999389648438,77516764,28.710500144958495,9.351724183675246,-0.5202766579106408,69.6557213273923,-26.81601403167964
2020-08-20,28.135000228881836,28.485000610351562,28.0,28.075000762939453,96885196,28.70800018310547,6.593247840046659,-0.49568980994865386,63.826608623210866,-36.29299698916123
2020-08-21,28.100000381469727,28.350000381469727,27.719999313354492,28.209999084472656,122047261,28.73950023651123,1.910045769317282,-0.4780573837921035,52.2373498983242,-40.6923849927273
2020-08-24,28.600000381469727,28.6200008392334,27.729999542236328,28.315000534057617,193878351,28.75800018310547,3.4504031756709272,-0.4566413779530548,54.15499283720182,-24.799967099940385
2020-08-25,28.200000762939453,29.264999389648438,28.165000915527344,28.825000762939453,167338907,28.63250026702881,2.2181184257874484,-0.4393175423097211,50.21797317539757,-11.432774702390917
2020-08-26,28.475000381469727,28.559999465942383,28.030000686645508,28.18000030517578,91481211,28.51100025177002,3.0503769269041427,-0.4200779919121917,52.627193410851106,-20.563139111243455
2020-08-27,28.200000762939453,28.594999313354492,28.079999923706055,28.31999969482422,94257788,28.413000297546386,1.4897624451097078,-0.404076293228711,53.51993963783998,-29.710635030226083
2020-08-28,28.350000381469727,28.7450008392334,28.06999969482422,28.235000610351562,184729851,28.353000259399415,1.9553106193087737,-0.3876287248429922,49.399810286581385,-31.470818500655792
2020-09-01,26.940000534057617,27.989999771118164,26.854999542236328,27.809999465942383,259148859,28.184500312805177,0.2569170142766649,-0.39337614246706853,28.262753189410105,-96.93222006459865
2020-09-02,27.014999389648438,27.280000686645508,26.649999618530273,27.0,174328488,28.06750030517578,1.0964246980857244,-0.41064051146604486,26.222203987021203,-107.7698152088333
2020-09-03,26.8799991607666,27.844999313354492,26.739999771118164,27.280000686645508,192771558,27.889500236511232,0.6908968131234299,-0.4354363727312946,28.095219237997597,-93.16911214861959
2020-09-04,26.940000534057617,27.625,26.719999313354492,26.799999237060547,198721877,27.77000026702881,0.8711352483251685,-0.4617032529785531,30.216532883179028,-92.70259086313531
2020-09-07,26.96500015258789,27.16900062561035,26.360000610351562,27.0049991607666,353944866,27.656500244140624,20.82615478354046,-0.4860640167396009,32.63598042533087,-102.8769689054938
2020-09-08,26.459999084472656,27.2549991607666,26.183000564575195,27.020000457763672,163059131,27.442500114440918,8.987625746122022,-0.5149021910074405,32.198135955199945,-105.86517530956432
2020-09-09,26.475000381469727,26.600000381469727,25.954999923706055,26.315000534057617,169263018,27.270000076293947,15.709986152992435,-0.5436220715116798,25.08552620418503,-113.24108323052283
2020-09-10,26.420000076293945,26.795000076293945,25.9950008392334,26.40999984741211,177914370,27.064500045776366,14.048345245140437,-0.5704007372652211,28.097065753088287,-103.42611734499454
2020-09-11,25.8799991607666,26.5,25.8700008392334,26.350000381469727,184051169,26.83249988555908,0.2945014963844632,-0.6018742458738113,24.886875289662257,-108.02538158356815
2020-09-14,26.364999771118164,26.475000381469727,25.809999465942383,26.045000076293945,160823985,26.633999824523926,16.06368501972215,-0.6255308030722736,24.63110903273018,-90.52586967008195
2020-09-15,26.155000686645508,26.4950008392334,25.954999923706055,26.174999237060547,145267013,26.555499839782716,11.754720929355999,-0.6449724322590815,25.74141071327564,-96.87847941205352
2020-09-16,26.584999084472656,26.729999542236328,25.905000686645508,26.165000915527344,211594957,26.512499809265137,26.40542609563643,-0.6524226679608734,28.375275354310673,-74.2219582999844
2020-09-17,26.2549991607666,26.459999084472656,26.024999618530273,26.18000030517578,119767296,26.449999809265137,15.161822371661817,-0.6557443296876475,28.02258645028502,-81.4192132684368
2020-09-18,25.239999771118164,26.315000534057617,25.239999771118164,26.200000762939453,414288810,26.27999973297119,0.0,-0.6710033027192781,20.60491425225456,-125.35132958952605
2020-09-21,23.979999542236328,25.049999237060547,23.639999389648438,25.0,307397183,25.981499671936035,8.085616141658173,-0.7115176661293967,21.20622329851743,-208.77947382645755
2020-09-22,24.290000915527344,24.739999771118164,23.584999084472656,24.260000228881836,252300413,25.764499855041503,16.549337867987305,-0.7591702055315033,24.651194975248842,-186.0503556308769
2020-09-23,24.584999084472656,25.280000686645508,24.204999923706055,24.239999771118164,223024340,25.575499725341796,24.752469638227033,-0.8023619645424974,29.26829856630144,-137.7195617023581
2020-09-24,24.579999923706055,25.149999618530273,23.889999389648438,24.040000915527344,194865701,25.391499710083007,27.111738925034963,-0.8387446229176289,28.467145917055376,-135.59403964940478
2020-09-25,24.719999313354492,25.229999542236328,24.625,24.81999969482422,196214677,25.275499725341795,30.926436111357976,-0.8648069527048471,29.937434184532506,-97.33525960511321
2020-09-28,26.594999313354492,26.725000381469727,24.548999786376953,25.200000762939453,313030166,25.29849967956543,93.76944856250724,-0.8511488701855419,50.96913325839035,-3.3891650319549727
2020-09-29,26.1299991607666,26.559999465942383,26.104999542236328,26.440000534057617,170484572,25.29599952697754,79.28346697643742,-0.8187896474077286,47.673625383720626,28.051286374896915
2020-09-30,26.354999542236328,26.770000457763672,25.597000122070312,25.764999389648438,221981207,25.272999572753907,86.97014955762705,-0.77094929923984,49.57151906230331,30.055154861102935
2020-10-01,26.530000686645508,26.969999313354492,25.934999465942383,26.739999771118164,147912748,25.300499725341798,87.00151855368327,-0.7113643612496987,54.50139722583703,56.26051260109887
2020-10-02,27.19499969482422,27.19499969482422,26.010000228881836,26.1200008392334,167305647,25.4959997177124,100.0,-0.6353106687391079,55.608110772685414,88.77321898950572
2020-10-05,26.985000610351562,27.94499969482422,26.704999923706055,27.815000534057617,159558443,25.796499824523927,77.98167545680118,-0.5548239514015995,55.608110772685414,123.89167420357782
2020-10-06,27.954999923706055,27.954999923706055,27.100000381469727,27.4950008392334,277883984,26.1629997253418,100.0,-0.45903761817002176,58.627212879653214,154.97834880861768
2020-10-07,27.899999618530273,28.81999969482422,27.600000381469727,27.829999923706055,182387381,26.49449977874756,82.42597957916644,-0.35851431812708834,60.73060065205718,172.38581457092724
2020-10-08,28.375,28.614999771118164,27.71500015258789,28.030000686645508,186415374,26.873999786376952,91.49952926568362,-0.2518960962367463,72.00000749554751,161.98384919887792
2020-10-09,28.225000381469727,28.78499984741211,28.18000030517578,28.5,171781390,27.224499893188476,88.63420737376887,-0.14886583293082745,85.28680478857277,151.33300369565237
2020-10-12,28.06999969482422,28.71500015258789,28.030000686645508,28.44499969482422,149113706,27.37199993133545,84.7870191972887,-0.05561909928950132,82.25256694764813,122.0447233195467
2020-10-13,26.8700008392334,28.20400047302246,26.635000228881836,28.155000686645508,257931793,27.44600009918213,60.446273126117134,0.007588845927072763,66.88841541138268,51.813031442141714
2020-10-14,26.959999084472656,27.325000762939453,26.770000457763672,26.8799991607666,142900459,27.506500053405762,56.45046475714463,0.05007416849740114,67.37226535492991,35.745721209492174
2020-10-15,26.59000015258789,26.774999618530273,25.985000610351562,26.56999969482422,142107014,27.5125,47.787413017129964,0.07132655582322642,63.206227873868144,1.6281400656544194
2020-10-16,27.010000228881836,27.079999923706055,26.110000610351562,26.860000610351562,163889626,27.494000053405763,43.84115091905455,0.08469475369606475,53.68889952860483,15.554687767903573
2020-10-19,27.1200008392334,27.670000076293945,26.770000457763672,27.065000534057617,133608836,27.507500076293944,47.254139592136255,0.09398247035663679,59.39281128166671,37.413113299213876
2020-10-20,27.174999237060547,27.440000534057617,26.760000228881836,27.020000457763672,157730479,27.429500007629393,42.980924531807105,0.10088900524596556,58.03922111280072,26.78247885312275
2020-10-21,27.165000915527344,27.545000076293945,26.844999313354492,27.165000915527344,165557147,27.3560001373291,41.62259916197735,0.10555154572953969,56.43365024617786,24.627742359954443
2020-10-22,27.915000915527344,27.920000076293945,26.915000915527344,27.149999618530273,157125926,27.310000228881837,68.07763416032229,0.1202884145585626,57.17133714448985,53.39784102958502
2020-10-23,29.28499984741211,29.70199966430664,27.950000762939453,28.399999618530273,293985333,27.416000175476075,88.78127729274448,0.1621505173945732,68.60843012058902,178.11911517600876
2020-10-26,29.049999237060547,29.844999313354492,28.204999923706055,28.8700008392334,242786482,27.514000129699706,79.40413618078509,0.21470083948263524,60.055101243718795,154.7233775367865
2020-10-27,28.325000762939453,29.815000534057617,28.145000457763672,29.69499969482422,180792193,27.659500122070312,60.62178598058753,0.2591392817483802,53.47507514776123,113.23557663123813
2020-10-28,27.649999618530273,28.079999923706055,27.03499984741211,27.739999771118164,312479477,27.728500175476075,43.13470382472943,0.2848039384509077,44.259689659078035,-1.4253777912914514
2020-10-29,28.280000686645508,29.06999969482422,27.354999542236328,27.489999771118164,246260835,27.897500228881835,59.45598050353033,0.30675833966468913,50.40471192695985,55.89420524467795
2020-10-30,28.024999618530273,28.47800064086914,27.674999237060547,27.954999923706055,178083538,27.99900016784668,52.84973299580828,0.32046878121170475,49.673675774828126,32.390487970578874
2020-11-02,27.829999923706055,27.915000915527344,27.100000381469727,27.815000534057617,164977085,28.070000076293944,47.797925732958255,0.32445182513154525,58.14940412311442,-17.27246667031746
2020-11-03,29.2450008392334,29.395000457763672,27.875,28.075000762939453,191093059,28.27700023651123,84.45599285682873,0.34396514876860645,65.8350818468215,101.69592768372769
2020-11-04,28.520000457763672,29.1200008392334,27.875,28.170000076293945,160111489,28.412500190734864,64.52478405078094,0.35983870638749405,62.747690772665194,64.06744771261806
2020-11-05,27.709999084472656,28.7450008392334,27.219999313354492,28.610000610351562,280894568,28.392000007629395,30.794137358819064,0.3588555670271069,54.396977188256955,5.737340120605084
2020-11-06,27.364999771118164,28.290000915527344,27.364999771118164,27.8700008392334,189650158,28.2,19.611012051231956,0.3410363473829134,51.49480744971535,-13.05962159069406
2020-11-09,30.780000686645508,31.81999969482422,27.364999771118164,27.71500015258789,555165909,28.373000144958496,79.09549892594235,0.367305765995308,65.59931094464662,191.28773045544096
2020-11-10,32.1349983215332,33.07500076293945,30.81999969482422,31.280000686645508,434823444,28.75399990081787,84.74021972904502,0.4406130343414808,69.26355355863899,276.6547747661945
2020-11-11,33.380001068115234,33.70000076293945,31.8700008392334,32.1150016784668,342572026,29.327000045776366,95.19880493821508,0.5584188729362233,70.399396825216,259.30508064423196
2020-11-12,33.470001220703125,33.73500061035156,32.290000915527344,32.88999938964844,242164742,29.846000099182127,96.04478567951422,0.6981031268605533,67.27197472445397,214.45428291951262
2020-11-13,34.720001220703125,35.0,32.619998931884766,33.06999969482422,335666802,30.515500259399413,96.48463560661827,0.8625297699552906,71.5917740863324,199.93317398428175
2020-11-16,35.59000015258789,36.44499969482422,35.025001525878906,35.099998474121094,335834224,31.291500282287597,90.91392607757092,1.0457593919307602,77.36345185279269,198.17404750522618
2020-11-17,35.595001220703125,36.150001525878906,35.077999114990234,35.720001220703125,265795860,31.92650032043457,90.90424251924341,1.2288654491692306,81.51526491101893,158.25012734566965
2020-11-18,35.665000915527344,36.0,34.85300064086914,35.54499816894531,253504305,32.64100036621094,91.6533029790359,1.4006113076508697,80.65586485366468,129.48714487713872
2020-11-19,35.654998779296875,35.7599983215332,34.82500076293945,35.0,330453203,33.43550033569336,91.54627101578926,1.5528817572106397,82.33049133118493,109.37903516345271
2020-11-20,35.814998626708984,36.26499938964844,35.0,35.599998474121094,236741478,34.28050022125244,93.17072041123468,1.6839765016565291,83.93538135850827,101.28343986130064
2020-11-23,37.20000076293945,37.380001068115234,35.54999923706055,36.150001525878906,269962523,34.92250022888184,98.22834375898177,1.8131852983494483,83.89431457631284,108.95023588290057
2020-11-24,39.5,39.86899948120117,37.29999923706055,37.45000076293945,383355000,35.659000396728516,97.08277748197715,1.9670012093559188,91.24716477250254,136.19051797224986
2020-11-25,38.130001068115234,40.819000244140625,37.50400161743164,40.68000030517578,367835127,36.13400039672852,80.01338574785034,2.101836372215446,87.56308550915884,121.37715259641546
2020-11-26,37.31999969482422,38.150001525878906,35.77299880981445,38.13999938964844,294316183,36.51900024414063,73.9928614070403,2.199992878729831,84.72269475340259,80.85308123709505
2020-11-27,37.29499816894531,37.41999816894531,35.83000183105469,36.20500183105469,361581226,36.77649993896485,64.75645682971549,2.264601274236518,79.76242237513146,69.89370169869119
2020-11-30,35.619998931884766,37.97999954223633,35.619998931884766,37.69499969482422,343886051,36.77949981689453,41.90410483874921,2.2729103659086043,65.46825760720935,55.75194987064416
2020-12-01,38.275001525878906,38.279998779296875,35.25,35.48500061035156,244156813,37.04749984741211,70.17236582811006,2.282675161578588,69.30965603939234,69.93341600217134
2020-12-02,38.744998931884766,38.939998626708984,37.36000061035156,37.85499954223633,222719388,37.35549964904785,74.70422026697759,2.295136333270166,70.2029722194869,91.51844934174606
2020-12-03,39.20000076293945,39.560001373291016,38.15999984741211,38.900001525878906,305393067,37.70999984741211,72.98966264046571,2.31066251451421,68.27078861204517,108.4267462937
2020-12-04,39.025001525878906,39.4900016784668,38.29999923706055,38.79999923706055,242276964,38.0310001373291,70.07008886323412,2.3192373984007095,64.85084096464786,105.50272201365188
2020-12-07,37.334999084472656,38.595001220703125,36.819000244140625,38.529998779296875,291946176,38.04449996948242,41.87518416384998,2.2907568211112337,56.56602589386223,51.62309250755284
2020-12-08,37.19499969482422,38.040000915527344,36.845001220703125,36.994998931884766,209227033,37.81399993896484,39.53952514206471,2.233088890900083,55.74323550301281,36.20816701387166
2020-12-09,37.25,37.970001220703125,37.19499969482422,37.244998931884766,159190277,37.72599983215332,38.666435909941946,2.1559377779806157,55.96708030355444,35.16785590402364
2020-12-10,35.66999816894531,37.0,34.564998626708984,36.92499923706055,400382461,37.56099967956543,17.66868014802534,2.040497547698178,49.50963684668021,-68.29176729564391
2020-12-11,34.06999969482422,36.16999816894531,33.2400016784668,35.7599983215332,356533901,37.23849983215332,10.951288737757256,1.8769322602194631,39.56666575961666,-144.3348902857628
2020-12-14,35.72999954223633,36.387001037597656,34.60499954223633,34.9900016784668,280361772,37.24949989318848,32.853916545742905,1.713983901640348,36.87326150405816,-79.90789899242239
2020-12-15,36.650001525878906,37.01499938964844,35.222999572753906,35.630001068115234,380477148,37.08699989318848,53.95569639354157,1.5707358226705046,44.68009077384012,-40.8168811962285
2020-12-16,36.279998779296875,37.72200012207031,36.279998779296875,37.025001525878906,242091960,36.84049987792969,48.101222272521504,1.4378615959174392,46.13956855150914,-17.503619115256843
2020-12-17,36.220001220703125,37.0,35.95500183105469,36.51499938964844,177087736,36.54249992370605,47.15189376791912,1.3142205818569335,46.020005332947676,-46.48572782725413
2020-12-18,34.900001525878906,36.02899932861328,34.900001525878906,35.900001525878906,332540166,36.12999992370605,26.265821638750566,1.178793034162739,47.262368389371645,-117.67283730460785
2020-12-21,33.58000183105469,36.02899932861328,32.0,33.36000061035156,343560165,35.754500198364255,20.89949132333136,1.0193307194024925,30.13119456340371,-176.27664242536432
2020-12-22,34.69499969482422,35.189998626708984,33.73500061035156,33.90999984741211,178730216,35.504500198364255,35.64813763586703,0.8686290351227137,33.74800042249446,-122.91848959171462
2020-12-23,37.125,37.70000076293945,34.724998474121094,34.724998474121094,403869991,35.49200019836426,68.42455075456121,0.7681078299806485,42.8126062849609,-4.364205040642775
2020-12-24,38.60499954223633,40.04999923706055,38.42499923706055,38.86000061035156,269729556,35.78550033569336,82.04969153075523,0.7261701198740527,48.66581340897452,133.06817337309798
2020-12-29,36.755001068115234,39.097999572753906,36.6879997253418,38.79999923706055,326575929,36.05400047302246,59.06834184808594,0.6919791198038887,48.176106604249576,43.97547453869881
2020-12-30,36.810001373291016,37.625,36.779998779296875,36.94499969482422,142842833,36.16200065612793,59.75157551750757,0.6637362935868504,48.78280633903121,17.737285264088996
2020-12-31,36.439998626708984,37.0099983215332,36.06100082397461,36.279998779296875,104467778,36.14100036621094,55.15526767093518,0.6332862361286511,47.489146560280844,-11.689522421588073
2021-01-04,34.834999084472656,37.24300003051758,34.60499954223633,37.0,396174544,35.996500396728514,35.21738326906792,0.5759987534817016,47.41566342442956,-58.48594053171608
2021-01-05,35.209999084472656,35.595001220703125,34.06999969482422,34.63999938964844,218145818,35.89550018310547,39.875768803734516,0.5095632854683525,53.817814354810274,-85.40494234304468
2021-01-06,37.15999984741211,37.560001373291016,35.60300064086914,36.470001220703125,397870600,36.12150001525879,64.09938306151047,0.4708264199476641,54.697766723009885,33.67031724949996
2021-01-07,36.88999938964844,37.95000076293945,36.34000015258789,37.5,200698783,36.45249977111816,60.74533979004473,0.4461003440980059,50.82360284418807,55.40573408978968
2021-01-08,36.82500076293945,37.42499923706055,36.244998931884766,37.125,191583629,36.66549987792969,59.93790335688652,0.4293983734859874,51.91027743674727,42.70493146404432
2021-01-11,36.165000915527344,36.82500076293945,36.064998626708984,36.06999969482422,153132933,36.56949996948242,51.73914671137524,0.4070927036353506,49.81500062872585,14.149058667421365
2021-01-12,36.744998931884766,37.082000732421875,36.32500076293945,36.474998474121094,158929668,36.38349990844726,58.9440916968012,0.39076972672331406,56.53096603284611,37.33732522082234
2021-01-13,36.244998931884766,37.04999923706055,36.154998779296875,37.04999923706055,112024586,36.33249969482422,39.7466170604897,0.3701844120343416,60.01502368954865,14.854600699156007
2021-01-14,36.45500183105469,36.98500061035156,36.22200012207031,36.70500183105469,119276836,36.29699974060058,39.88298191973698,0.35051341126296104,57.09678193408819,17.598636441355257
2021-01-15,35.935001373291016,36.79999923706055,35.70399856567383,36.21500015258789,185923864,36.24650001525879,31.18732142526797,0.32335147654165736,44.327938816484,-17.1913799753161
2021-01-18,36.17499923706055,36.435001373291016,35.680999755859375,35.935001373291016,70657203,36.38050003051758,41.86554481586574,0.29601028536954244,36.864863215266055,-18.547031490961118
2021-01-19,36.0,36.67599868774414,35.63999938964844,36.60499954223633,163559665,36.45950012207031,49.742262213172694,0.26652333221040037,45.01649510182848,-16.399633196764917
2021-01-20,35.78499984741211,36.084999084472656,35.029998779296875,36.03499984741211,177987106,36.322000122070314,44.201022692526635,0.23319954936670478,43.37426344538893,-59.74407054841022
2021-01-21,35.314998626708984,36.20000076293945,35.13999938964844,36.0,156158062,36.164500045776364,32.0875925039253,0.19118769985147482,42.82067561290775,-84.9795256531127
2021-01-22,34.77000045776367,35.209999084472656,34.44300079345703,35.0,185598595,35.95900001525879,18.041251810260157,0.13680178611222052,49.52030517588435,-164.49803798803316
2021-01-25,33.834999084472656,35.26599884033203,30.815000534057617,35.07500076293945,160164594,35.72599983215332,42.32653754081686,0.0622818483393414,40.62712902779555,-242.333293569629
2021-01-26,34.40999984741211,34.72999954223633,33.654998779296875,33.79499816894531,115446667,35.492499923706056,50.385412726439164,-0.011919398945182347,26.929526657441414,-145.43810745944188
2021-01-27,33.25,34.345001220703125,32.880001068115234,33.630001068115234,261696512,35.19300003051758,36.83812320320365,-0.10051109856269198,23.430655470945368,-173.25679108140298
2021-01-28,33.470001220703125,33.54499816894531,32.244998931884766,32.84000015258789,230268973,34.894499969482425,42.36477744708683,-0.18973925551782764,26.052826333550982,-170.4360236518839
2021-01-29,33.0,33.665000915527344,32.3650016784668,32.939998626708984,203699900,34.60099983215332,34.865157121148435,-0.28175498500238444,26.77916521131681,-145.2350405919238
2021-02-01,33.525001525878906,34.220001220703125,33.07500076293945,33.53499984741211,232310879,34.33600006103516,43.46433930316755,-0.3616760250311952,26.183472105050797,-94.79164653296672
2021-02-02,33.994998931884766,34.34000015258789,33.59199905395508,33.91999816894531,139364758,34.13549995422363,51.53968166135319,-0.42150388810715017,33.283812201356966,-68.63371903163605
2021-02-03,34.18000030517578,35.0,33.904998779296875,34.619998931884766,159443235,33.975,56.22390142590674,-0.4616891802111924,33.03504172555124,-42.74923680312717
2021-02-04,36.11000061035156,36.65999984741211,33.83000183105469,34.42499923706055,412023812,34.05450019836426,90.3429746512278,-0.4556119992619919,51.07824523021917,24.407819264782844
2021-02-05,37.0,37.52000045776367,36.36000061035156,36.98500061035156,380657321,34.27750015258789,92.24458667143054,-0.40561911995470323,54.70622054382374,103.13199193913049
2021-02-08,37.70000076293945,38.31999969482422,37.51499938964844,38.099998474121094,286839716,34.66400032043457,91.73885408107846,-0.3186288496845943,59.14962269829948,140.26672316191122
2021-02-09,37.54499816894531,37.93000030517578,37.209999084472656,37.724998474121094,129770297,34.97750015258789,89.67352947978553,-0.21475626148790153,59.534111343611386,119.56979391742657
2021-02-10,37.5,38.21699905395508,37.17300033569336,38.0,177399859,35.40250015258789,89.0739535440473,-0.10597578273814359,62.407724877490004,115.56572238791236
2021-02-11,37.06999969482422,37.7599983215332,36.75,37.47999954223633,213707092,35.7625,83.34443517949283,-0.0064404492023882876,63.23358792431892,90.6344912006333
2021-02-12,37.099998474121094,37.41999816894531,36.27000045776367,36.665000915527344,135270378,36.17249984741211,79.91767790144581,0.08257569185270085,70.96979996001552,74.20134240945012
2021-02-15,39.09000015258789,39.185001373291016,37.29999923706055,37.82500076293945,290453462,36.72899971008301,98.63110681148586,0.19189334146839282,75.4347716117005,133.07239110882938
2021-02-16,39.47999954223633,39.5,38.45500183105469,39.5,247123172,37.277499771118165,99.72432178057738,0.31398982025576694,86.95134340177611,139.55376709482292
2021-02-17,38.92499923706055,39.654998779296875,38.560001373291016,39.474998474121094,172194425,37.75199966430664,89.98628487584438,0.42812497039041536,81.11806059382172,115.96908796044114
2021-02-18,37.48500061035156,38.974998474121094,37.11000061035156,38.79999923706055,270616682,37.88949966430664,67.02129448138363,0.5073368403200489,73.03544082772068,66.23637592684771
2021-02-19,38.189998626708984,38.5880012512207,36.90999984741211,37.599998474121094,225045181,38.00849952697754,75.83704075616954,0.5705985659976521,73.5249544371502,61.41757727040381
2021-02-22,38.41999816894531,38.54499816894531,37.53099822998047,38.10499954223633,153693215,38.080499267578126,78.79826167592672,0.6229157648826923,72.86821491473806,64.9468581456289
2021-02-23,39.220001220703125,39.59000015258789,38.619998931884766,38.93000030517578,311824333,38.247999572753905,92.53222684133732,0.6769744228107222,74.48979818807456,92.16576273419416
2021-02-24,39.334999084472656,41.0,38.369998931884766,40.849998474121094,486094094,38.43149948120117,64.79913157158285,0.7295825114579623,69.02654309595934,103.25392549269917
2021-02-25,39.209999084472656,39.92499923706055,38.82500076293945,39.58000183105469,301035350,38.64549942016602,62.156425184746695,0.774866440327285,64.33203208106357,91.16587492683985
2021-02-26,39.0,39.2400016784668,38.03499984741211,38.5,541710054,38.8354995727539,57.71669781062163,0.8080693792602929,59.00276803409347,64.09408340895014
2021-03-01,39.005001068115234,39.720001220703125,38.9900016784668,39.595001220703125,162494230,38.82699966430664,57.8224286478147,0.8301976703747262,60.32534476628086,85.67639795647355
2021-03-02,38.880001068115234,39.27000045776367,38.685001373291016,38.775001525878906,158880732,38.76699981689453,55.179722260978544,0.8403380947857654,59.65036020890676,63.97629781326528
2021-03-03,40.415000915527344,40.46500015258789,39.060001373291016,39.25,303428714,38.91599998474121,87.6321534653665,0.865007904341446,70.26046234793193,126.5605948534865
2021-03-04,40.345001220703125,40.970001220703125,39.875,40.2599983215332,270262448,39.202000045776366,83.98536051685882,0.8944028866079758,69.55999676245031,148.18905429211148
2021-03-05,40.07500076293945,41.46200180053711,39.66999816894531,40.025001525878906,311713141,39.39050025939942,69.52986725663717,0.9188723573358161,57.490502414718996,135.4018810656822
2021-03-08,41.779998779296875,42.03499984741211,40.29199981689453,40.5,289188721,39.72650032043457,95.02436940262957,0.9640798343480694,64.57541525347928,182.96267121448992
2021-03-09,41.1349983215332,41.95000076293945,40.89500045776367,41.95000076293945,275427000,39.918000030517575,82.43899461699695,1.0074277027409209,63.847119471793214,160.73852864685082
2021-03-10,40.779998779296875,41.29499816894531,40.50600051879883,40.81999969482422,156387940,40.0625,75.51217428067835,1.0393776957109435,73.89412453346701,114.69042198515034
2021-03-11,40.5,40.972999572753906,40.07500076293945,40.82500076293945,149291863,40.19150009155273,65.91919857507895,1.055672680748481,67.85164064476075,80.7679939845973
2021-03-12,41.209999084472656,41.32500076293945,40.30500030517578,40.30500030517578,169006682,40.4125,79.37498092651367,1.0702227292008644,70.07195784620451,99.3556183143176
2021-03-15,41.099998474121094,41.79499816894531,40.76499938964844,41.65999984741211,195027863,40.621999740600586,76.62496566772461,1.0787220980475865,65.01596567988202,104.41880528373517
2021-03-16,41.474998474121094,42.084999084472656,41.077999114990234,41.31999969482422,325544367,40.881499481201175,84.93825369719586,1.0865077472975468,66.41104671368342,111.24752679444302
2021-03-17,41.459999084472656,42.0,41.119998931884766,41.470001220703125,263694247,40.985999298095706,84.56789832746686,1.0907222368969196,67.55071289059012,98.74937413149925
2021-03-18,41.60499954223633,41.93000030517578,40.96500015258789,41.869998931884766,252168435,41.111999130249025,85.8823569010725,1.092304883311681,70.52797956836487,89.75485995155366
2021-03-19,41.025001525878906,41.439998626708984,40.38399887084961,40.900001525878906,528920741,41.20699920654297,68.82358023043031,1.0804118630800112,64.59539093788158,48.49031957696596
2021-03-22,41.0,41.93000030517578,40.41999816894531,40.779998779296875,220892629,41.12899932861328,64.13223453154852,1.0578346459100563,65.5425235524138,56.17616236354658
2021-03-23,41.34000015258789,41.595001220703125,40.650001525878906,40.849998474121094,256548257,41.14949951171875,69.1511946395231,1.0327578008405827,58.22222101658868,57.358285582656116
2021-03-24,42.23500061035156,42.29999923706055,40.76300048828125,41.0,299872737,41.29499969482422,97.52857033037006,1.019354152734608,64.65116499135334,98.4879736592449
2021-03-25,41.76499938964844,42.33000183105469,41.277000427246094,42.0,260442706,41.42149963378906,74.94447122907627,1.004147770437735,62.70676096525067,95.58965779318446
2021-03-26,42.255001068115234,42.4900016784668,41.7400016784668,42.29999923706055,194305088,41.52599983215332,90.26912955433612,0.9941376476717128,54.36984515912582,131.08454226351662
2021-03-29,42.060001373291016,42.599998474121094,41.7400016784668,41.79999923706055,150612982,41.62200012207031,78.61395681909858,0.9825322398530665,59.27786297394834,123.72467268401502
2021-03-30,43.099998474121094,43.154998779296875,42.45000076293945,42.5,187260463,41.78450012207031,98.21427465590294,0.9848884695416901,70.45855770757477,207.1104709495642
2021-03-31,42.53499984741211,43.41999816894531,42.53499984741211,43.099998474121094,229740496,41.89200019836426,71.58911947174673,0.9846130825355142,67.08648635836899,175.31720419765966
2021-04-01,42.77000045776367,43.040000915527344,42.3849983215332,42.4900016784668,115971556,42.008500289916995,78.59032076887026,0.9842078505150867,64.23359036134514,143.33230507371314
2021-04-06,42.83000183105469,43.86000061035156,42.68000030517578,43.5,215733220,42.18900032043457,70.36828930228168,0.9824565551785862,65.93004843189958,159.9601858458418
2021-04-07,43.349998474121094,43.630001068115234,42.8849983215332,42.98500061035156,167501972,42.42400016784668,85.32790906187687,0.9860104047471705,66.81615270292832,148.95859463184323
2021-04-08,43.415000915527344,43.720001220703125,43.209999084472656,43.52000045776367,129551520,42.631500244140625,87.197943839695,0.9914928765241138,67.37779405381946,137.82836956083653
2021-04-09,43.255001068115234,43.6349983215332,43.17499923706055,43.630001068115234,158452410,42.73350028991699,82.59495858816764,0.993084254165489,64.62767468474635,113.39783353149673
2021-04-12,44.38999938964844,44.540000915527344,43.060001373291016,43.5,200067947,42.99600028991699,96.35918869220784,1.0079981421738942,77.15898328922364,146.84462761573556
2021-04-13,43.75,45.01499938964844,43.67499923706055,44.51499938964844,256620647,43.14550018310547,71.01947288111597,1.0179722627909082,70.19090298005825,137.23176791439252
2021-04-14,43.83000183105469,43.994998931884766,43.36000061035156,43.75,132548085,43.322500228881836,72.13081221134074,1.0232835908102422,69.00764861450762,94.531044804209
2021-04-15,42.810001373291016,43.619998931884766,42.78499984741211,43.5,143216883,43.29350051879883,41.01127264785783,1.0067881603020266,54.30712231206685,40.87511273369334
2021-04-16,43.459999084472656,43.775001525878906,43.02000045776367,43.13999938964844,214002182,43.38600044250488,52.519041467826646,0.9855650537244831,62.36324399163938,62.00008968582753
2021-04-19,43.755001068115234,43.92300033569336,43.27000045776367,43.27000045776367,100797545,43.48450050354004,61.52674192011611,0.9649515639309664,61.261267969468655,75.05260676012647
2021-04-20,42.04499816894531,43.915000915527344,42.04499816894531,43.89500045776367,233591142,43.4060001373291,0.0,0.9163193459841448,49.90823727372544,-14.924649826322552
2021-04-21,41.6150016784668,42.724998474121094,41.224998474121094,41.994998931884766,167730389,43.23250045776367,10.29031952862834,0.8437260932596237,40.18508218619257,-101.27729022529041
2021-04-22,41.974998474121094,42.01499938964844,41.40999984741211,41.779998779296875,140802562,43.08850021362305,19.788913425516796,0.7637405025866509,46.19564118817506,-115.64246344332513
2021-04-23,42.6349983215332,42.665000915527344,41.755001068115234,42.345001220703125,126375282,43.02649993896485,37.20315321390683,0.6921037075352225,49.132933814846204,-63.41533528577889
2021-04-26,42.88999938964844,42.974998474121094,41.720001220703125,42.814998626708984,200403336,42.87649993896484,43.93141196103574,0.6319460437689882,50.37592475386108,-51.02242049706309
2021-04-27,43.57500076293945,43.57500076293945,42.65999984741211,42.970001220703125,133293458,42.859000015258786,62.00532245759044,0.5916253052205765,51.38122944243601,31.900844881151624
2021-04-28,45.10499954223633,45.72700119018555,44.470001220703125,45.0,469783830,42.98649978637695,86.18388998901008,0.58891345002572,58.792919824246,223.8590300616463
2021-04-29,45.45500183105469,45.86000061035156,45.0,45.70000076293945,194506124,43.25099983215332,91.26216628615731,0.6141581034654212,61.22449456230432,214.6723203068188
2021-04-30,45.435001373291016,45.720001220703125,45.13999938964844,45.45000076293945,195838257,43.448500061035155,90.8306571481715,0.6538831022899176,56.01613021534039,176.93580040480958
2021-05-04,45.04499816894531,47.45500183105469,44.97600173950195,46.10499954223633,236622072,43.57749977111816,61.316173940304616,0.6928890457871107,57.67633297244104,172.08401550305763
2021-05-05,46.22999954223633,46.290000915527344,45.400001525878906,45.70000076293945,140325502,43.99599990844727,80.33705250808556,0.7467263138468245,62.57859811944315,151.87969330743456
2021-05-06,46.20500183105469,46.4900016784668,45.75699996948242,46.310001373291016,314984716,44.454999923706055,79.93580535379921,0.8049365660597045,69.86541644029231,136.56702752407932
2021-05-07,46.55500030517578,46.85499954223633,46.04499816894531,46.689998626708984,137431750,44.91300010681152,85.55375536231033,0.8665856503956896,68.76895202967737,132.3695371780941
2021-05-10,47.849998474121094,48.0,46.790000915527344,46.95000076293945,194072250,45.43450012207031,97.78595583623213,0.9458441966720682,72.14709507365524,156.3472861192002
2021-05-11,46.67499923706055,47.54499816894531,46.630001068115234,47.310001373291016,205425959,45.81300010681152,80.44279757165717,1.0110829517533604,76.57866580124235,110.4457732697618
2021-05-12,47.290000915527344,47.41999816894531,46.26499938964844,46.595001220703125,173579940,46.18450012207031,89.2261142938845,1.0716219800015947,81.89993785839175,98.55048945051024
2021-05-13,47.005001068115234,47.17499923706055,46.29499816894531,46.5,181473943,46.3745002746582,84.15606488388254,1.1190523052511123,78.51474258805048,82.76444935418726
2021-05-14,48.25,48.27000045776367,47.2599983215332,47.69499969482422,321795123,46.65400009155273,99.69464946422426,1.1730926576517569,79.8511436990588,113.43438590227517
2021-05-17,48.06999969482422,48.45500183105469,40.130001068115234,48.25,114563454,46.91749992370605,95.37535013877249,1.2228976472431976,77.7599104425375,21.0213506916603
2021-05-18,48.599998474121094,49.03499984741211,48.314998626708984,48.5,121810917,47.272999954223636,95.11508778302873,1.2731057235006236,77.38418598927062,130.49509401430305
2021-05-19,47.959999084472656,48.709999084472656,47.34000015258789,47.970001220703125,145964512,47.44599990844726,87.92812004153544,1.307821974409185,67.22993116969164,99.90428201282373
2021-05-20,48.220001220703125,48.48500061035156,47.57600021362305,48.10499954223633,137951837,47.64749984741211,90.84785246008383,1.3321757574826905,66.87003961327022,97.96625287920659
2021-05-21,48.470001220703125,48.55500030517578,47.665000915527344,48.165000915527344,257504751,47.83899993896485,93.65526441146132,1.3497101868859653,68.01187016172959,97.99589124784967
2021-05-24,48.720001220703125,48.81999969482422,48.279998779296875,48.790000915527344,76212516,47.92600021362305,96.4626763628388,1.362963535212375,72.178665126974,108.7765109354
2021-05-25,49.06999969482422,49.31999969482422,48.80799865722656,49.0,189379841,48.165500259399415,97.27965138891945,1.3753163740823513,69.06042127609678,125.29757055625653
2021-05-26,48.415000915527344,49.185001373291016,47.72200012207031,48.69499969482422,213999790,48.27800025939941,90.15235131084059,1.3728724876561704,63.67574672280445,83.5307617514959
2021-05-27,49.904998779296875,49.904998779296875,48.2400016784668,48.31999969482422,395645113,48.56800003051758,100.0,1.3819254046262044,68.16703255238178,124.00719673661607
2021-05-28,49.88999938964844,50.20100021362305,49.505001068115234,50.0,221615971,48.73199996948242,96.91191688648557,1.394320732334662,62.84636176613873,139.66617601797424
2021-06-01,49.779998779296875,50.560001373291016,49.5,50.18000030517578,234369961,48.90299987792969,92.5215477356499,1.4032283002960564,72.58182738249478,132.11879905935217
2021-06-02,50.0,50.20000076293945,49.51499938964844,49.79499816894531,175429504,49.043000030517575,94.63085947357911,1.4097946084308344,70.91050054983481,120.36662415218419
2021-06-03,49.54999923706055,50.10200119018555,49.15999984741211,50.029998779296875,131813661,49.202000045776366,90.31637481612282,1.4041565371048108,69.14973254050355,94.26469527063965
2021-06-04,48.935001373291016,49.625,48.810001373291016,49.41999816894531,125488064,49.27350006103516,84.41994292949722,1.3781522656768757,55.6941136926487,57.817485440730096
2021-06-07,49.630001068115234,49.83000183105469,49.02000045776367,49.02000045776367,170434798,49.389500045776366,71.11801389402254,1.3486932678965982,61.94488955771092,75.67042853075955
2021-06-08,48.900001525878906,49.92499923706055,48.83599853515625,49.5,105375649,49.40750007629394,48.447229251371866,1.303892542796666,52.22885023931148,51.550691937736374
2021-06-09,48.23500061035156,48.935001373291016,47.85499954223633,48.70000076293945,148918120,49.32400016784668,22.084455114683767,1.2382429121990814,52.03554135969306,-16.959298782805245
2021-06-10,48.275001525878906,49.01499938964844,47.98500061035156,48.23500061035156,100447688,49.31000022888183,21.070829495577193,1.1607830388399742,50.42081360799948,-17.610539597209346
2021-06-11,48.39500045776367,48.51900100708008,47.900001525878906,48.04499816894531,124037199,49.159000396728516,23.713884389722637,1.0792501622038166,49.41451349022144,-40.09740655157675
2021-06-14,47.84000015258789,48.744998931884766,47.80500030517578,48.560001373291016,128931040,48.95400047302246,4.157856888428891,0.9881239589876216,43.442610369048055,-54.77574092271958
2021-06-15,47.915000915527344,48.19200134277344,47.58000183105469,48.185001373291016,164741804,48.767500686645505,11.24158174270247,0.8947062896655595,41.02564710568998,-102.85461371863343
2021-06-16,47.69499969482422,48.435001373291016,47.52000045776367,48.0,238985854,48.53700065612793,5.756552117030862,0.7992002747724578,43.99998982747396,-94.62899853218067
2021-06-17,47.95000076293945,48.834999084472656,47.8650016784668,48.0,225143933,48.37700080871582,14.144742620947198,0.709638762472039,29.485868817732836,-62.056119637858146
2021-06-18,46.43000030517578,48.0,46.167999267578125,47.5,374567463,48.1265007019043,5.965412385774104,0.602629981861831,22.408319563117075,-182.04651103168368
2021-06-21,46.994998931884766,47.05500030517578,45.56999969482422,46.154998779296875,162030532,47.86300048828125,30.777514218601052,0.4979358760640308,29.293688479164388,-184.99931176679155
2021-06-22,46.76499938964844,47.33000183105469,46.46799850463867,47.27000045776367,114201711,47.6495002746582,26.368033992207312,0.3953763966708867,25.983665054317655,-135.88720118862912
2021-06-23,47.0,47.38399887084961,46.80500030517578,46.834999084472656,124173209,47.52600021362305,32.835831354449795,0.30237935183754394,30.444792499790836,-107.53583722295767
2021-06-24,47.19499969482422,47.55500030517578,46.89500045776367,47.189998626708984,165329025,47.418000030517575,37.31343675791867,0.22267283702595486,35.73769651155446,-86.26942444230522
2021-06-25,47.220001220703125,47.70500183105469,46.96200180053711,47.58000183105469,99477481,47.300500106811526,37.887524668524236,0.15536628447254186,27.80848969716385,-73.70528321259883
2021-06-28,46.505001068115234,47.220001220703125,46.505001068115234,47.119998931884766,102798517,47.167000198364256,27.140826012140593,0.08759858770748075,27.88551832285907,-103.96982280288567
2021-06-29,46.790000915527344,47.31999969482422,46.25,46.400001525878906,106743496,47.05450019836426,35.413681531991415,0.027441700541440635,35.65046033929946,-91.5047946581463
2021-06-30,46.689998626708984,47.047000885009766,46.1510009765625,46.599998474121094,121885912,46.954000091552736,34.30318962495619,-0.026449378482651872,34.445521759475895,-94.43131799924029
2021-07-01,47.619998931884766,47.64500045776367,46.75,46.97999954223633,142068363,46.920999908447264,62.787124664096275,-0.05869021574878917,43.437758808032754,-32.189576349894544
2021-07-02,46.82500076293945,47.845001220703125,46.78499984741211,47.65999984741211,87010694,46.960499954223636,38.43801846010048,-0.0882209475478243,41.74126375959416,-42.503005432303304
2021-07-05,47.709999084472656,47.994998931884766,46.900001525878906,46.91999816894531,81200498,47.03199996948242,65.54363827549948,-0.1001842832599972,48.526227339442705,1.590570476735532
2021-07-06,46.439998626708984,47.939998626708984,46.33000183105469,47.75,100673719,46.99949989318848,26.64622035284496,-0.12054335293414901,42.161143656094964,-61.11334109756476
2021-07-07,46.790000915527344,47.28499984741211,46.268001556396484,46.45000076293945,123009564,46.97849998474121,50.20580524638546,-0.13923862514363203,42.83950913808117,-71.47594907890006
2021-07-08,45.6150016784668,46.380001068115234,44.939998626708984,46.380001068115234,171421651,46.820500183105466,22.09502403696073,-0.17434009785608448,44.745335174356974,-201.76125157292051
2021-07-09,46.709999084472656,46.7400016784668,45.59000015258789,45.755001068115234,165241110,46.769499969482425,57.93781607042517,-0.20001718156804277,48.28002502920304,-102.47581794851544
2021-07-12,47.16999816894531,47.32600021362305,45.88800048828125,46.59000015258789,102046957,46.83599967956543,72.9950677405257,-0.21064630932926004,52.378149197457525,-34.97181886704125
2021-07-13,46.75,48.310001373291016,46.71500015258789,47.599998474121094,172623882,46.83199958801269,53.709195790026556,-0.21750719332597898,48.563217886814826,44.04482152605034
2021-07-14,46.935001373291016,47.779998779296875,46.61000061035156,46.75,95471802,46.8564998626709,59.19884630970789,-0.2181992245055471,48.5040370390043,28.655608468415526
2021-07-15,46.560001373291016,47.04499816894531,46.209999084472656,46.904998779296875,114491702,46.75050010681152,48.07125893962822,-0.22047404664499642,46.34955719536953,-59.33827104610172
2021-07-16,45.720001220703125,46.959999084472656,45.61000061035156,46.73500061035156,121824323,46.64000015258789,23.145458702822875,-0.23652088844537061,45.717402641944034,-145.6573054979403
2021-07-19,43.5,45.209999084472656,43.3650016784668,44.98500061035156,218332880,46.219000244140624,2.72999655944371,-0.2952383073439147,35.18017401895251,-364.7555222639806
2021-07-20,44.084999084472656,44.20500183105469,42.78200149536133,43.665000915527344,283626711,45.98350028991699,23.570868630324913,-0.3676165266269092,38.757010764464326,-274.37020587717547
2021-07-21,45.63999938964844,45.834999084472656,44.1150016784668,44.1150016784668,113299851,45.8685001373291,51.70039720329135,-0.4191158909796642,41.891890625307546,-108.5378038114031
2021-07-22,45.22999954223633,46.369998931884766,45.07500076293945,46.279998779296875,96907443,45.829999923706055,44.283612534951956,-0.4604151699876349,43.25580705143342,-67.48629182348027
2021-07-23,45.8849983215332,46.10499954223633,45.34199905395508,45.584999084472656,79890316,45.74749984741211,56.13236061311185,-0.4816567543812134,42.13022349623744,-42.89836853961617
2021-07-26,46.55500030517578,46.65999984741211,45.0,45.55500030517578,113182682,45.68600006103516,68.25251253854032,-0.477425761908946,50.52297266775216,-15.992712528639945
2021-07-27,46.52000045776367,46.61000061035156,45.6150016784668,46.32500076293945,116360165,45.66300010681152,67.61937490856596,-0.4569210995990268,48.73595249771672,0.8727260865742932
2021-07-28,46.779998779296875,47.308998107910156,46.31999969482422,46.36000061035156,148437402,45.64749984741211,72.32267315882888,-0.42210176760806606,55.96516963007381,46.86568358316241
2021-07-29,46.20000076293945,47.900001525878906,45.7400016784668,47.5,229195738,45.61149978637695,61.83066828970722,-0.38842703919636284,47.24325117915434,35.23128243714376
2021-07-30,45.6349983215332,46.400001525878906,45.375,46.005001068115234,177334015,45.60299949645996,51.60992925420182,-0.36536399121408974,41.79583152045156,-30.512939921300116
2021-08-02,46.23500061035156,46.744998931884766,45.630001068115234,46.40999984741211,131446292,45.876499557495116,67.46774314968177,-0.33975571749675804,47.2994274155606,12.354704182137445
2021-08-03,46.849998474121094,47.31999969482422,46.2599983215332,46.474998474121094,128068426,46.15299949645996,79.48411399967056,-0.30330826988648935,49.57349273523169,72.29827289249182
2021-08-04,47.30500030517578,47.30500030517578,46.55500030517578,47.125,119502780,46.3194995880127,88.37434120446942,-0.25402708412741065,53.70830654437866,93.44799486941676
2021-08-05,45.904998779296875,46.33000183105469,45.21500015258789,46.0099983215332,209014249,46.38699951171875,61.01987622731064,-0.22104258868983712,50.87221829341902,-27.147994076784634
2021-08-06,46.58000183105469,46.84000015258789,45.70000076293945,46.0,189035870,46.456499862670896,74.20868138035692,-0.18872856455137285,66.99779286626756,27.14799300358745
2021-08-09,46.63999938964844,46.744998931884766,45.99700164794922,46.5,145241106,46.464999771118165,66.7106423507002,-0.15714135679520272,64.96777509609367,38.05655054144819
2021-08-10,46.63999938964844,47.0,46.165000915527344,46.584999084472656,146480424,46.47699966430664,56.551673335806306,-0.1273074001540822,57.16332033713601,57.41144602115235
2021-08-11,46.48500061035156,46.70500183105469,45.95500183105469,45.95500183105469,93376765,46.44749984741211,51.206890655048944,-0.10231904833189831,59.33085978425555,40.01500874356244
2021-08-12,46.55500030517578,47.005001068115234,46.3849983215332,46.6150016784668,120589951,46.48299980163574,53.62067196514684,-0.08032774837300014,55.45603936467306,68.29281774373283
2021-08-13,46.22999954223633,46.775001525878906,46.10499954223633,46.58000183105469,97244160,46.54249992370605,37.80256500965395,-0.0663698769124754,47.195852875833125,36.40653759642436
2021-08-16,45.630001068115234,46.2400016784668,45.18000030517578,45.79499816894531,129649585,46.48199996948242,16.544138271494127,-0.06760025234102221,43.00315012391766,-53.7769351517161
2021-08-17,44.9900016784668,45.369998931884766,44.619998931884766,45.185001373291016,142452591,46.29600028991699,11.280562620881032,-0.08834257018514988,36.721093063308686,-175.33849860254676
2021-08-18,44.665000915527344,45.150001525878906,44.150001525878906,45.0,210746042,46.032000350952146,16.246046912379843,-0.12521109571989955,38.16500539704295,-206.61698574629554
2021-08-19,43.83000183105469,44.415000915527344,43.56999969482422,43.58000183105469,121780565,45.82450065612793,6.933390299479167,-0.18329104808817775,36.63955436662765,-244.89591331036615
2021-08-20,43.98500061035156,44.290000915527344,43.52000045776367,43.775001525878906,94540376,45.56500053405762,12.236848577569376,-0.2487305924144808,32.171149995647255,-194.69944744595628
2021-08-23,43.95500183105469,44.720001220703125,43.87300109863281,44.5,84657085,45.296500778198244,11.492771223978673,-0.3152642430236686,24.716179784564503,-140.89395257532757
2021-08-24,43.7599983215332,44.21500015258789,43.040000915527344,44.14500045776367,130225067,45.00850067138672,18.15882416892037,-0.38138847047025515,17.5663139555094,-150.7099708501822
2021-08-25,44.51499938964844,44.637001037597656,43.709999084472656,43.849998474121094,104292224,44.811500549316406,37.20046449830239,-0.4308748755846161,35.58091828158166,-91.79155023751332
2021-08-26,44.224998474121094,44.70399856567383,44.084999084472656,44.154998779296875,60504059,44.57850036621094,29.886444211618038,-0.47098360109582027,23.449778429186793,-77.49919036057248
2021-08-27,44.09000015258789,44.275001525878906,43.65999984741211,44.11000061035156,86397494,44.36450042724609,26.481694745338903,-0.5041923655175891,21.729487959170044,-87.34716756565162
2021-08-31,43.775001525878906,43.900001525878906,43.2599983215332,43.540000915527344,180138382,44.17900047302246,18.537215184514928,-0.5352119724240308,20.310884188089602,-97.42194211484788
2021-09-01,44.02000045776367,45.0,43.946998596191406,44.064998626708984,114135172,44.08200035095215,24.716254842933573,-0.558104687544306,24.923686606329994,-51.84676963943442
2021-09-02,43.625,44.16999816894531,43.45500183105469,43.97999954223633,124161702,43.978000259399415,15.66262353080559,-0.5797335185115087,22.041970422980214,-81.00433009202018
2021-09-03,43.40999984741211,44.025001525878906,43.27799987792969,43.6150016784668,104016579,43.93600006103516,11.56246386469272,-0.6015452242257497,22.51460814189194,-84.70203970224983
2021-09-06,43.775001525878906,43.880001068115234,43.314998626708984,43.314998626708984,55784411,43.91500015258789,31.5451174289246,-0.6151337147844679,31.052100421214234,-74.28903466180913
2021-09-07,43.25,43.779998779296875,43.08000183105469,43.69499969482422,86413291,43.84449996948242,9.952560366210832,-0.6298298008206754,31.79915549990463,-89.82593217414957
2021-09-08,42.404998779296875,42.994998931884766,42.244998931884766,42.834999084472656,132109308,43.70900001525879,5.807614714340902,-0.656495704569881,28.679237406468005,-147.72500232451284
2021-09-09,42.505001068115234,42.8120002746582,41.349998474121094,41.8849983215332,189086621,43.508000183105466,31.643893456072473,-0.6861744228114957,35.487415694470315,-168.57754578415822
2021-09-10,42.564998626708984,43.48500061035156,42.369998931884766,42.73500061035156,151608361,43.34200019836426,33.28766149749275,-0.7136645510425981,34.11632680056495,-115.70441306786093
2021-09-13,43.62799835205078,43.82500076293945,42.85900115966797,42.959999084472656,18630685,43.295800018310544,62.41092946888985,-0.7197557098591334,47.02886495029739,-47.29399280989834
2021-09-14,43.55500030517578,44.1349983215332,43.45000076293945,43.57500076293945,192641762,43.273799896240234,60.410983815239135,-0.7116392729525451,48.09516821601067,-5.340870956883398
2021-09-15,44.13999938964844,44.47999954223633,43.43000030517578,43.44499969482422,221126861,43.28579978942871,76.43834929234782,-0.6840879787484789,46.40184124530026,47.38937434948004
2021-09-16,44.77000045776367,44.970001220703125,44.07500076293945,44.07500076293945,185598411,43.400299835205075,93.69864531273188,-0.634189102901865,54.90904442876081,137.53723105056255
2021-09-17,45.04499816894531,45.45500183105469,44.35499954223633,45.0,385392982,43.563799667358396,90.01209922479468,-0.5670661042326821,58.39042645393907,164.00129245643487
2021-09-20,43.14500045776367,44.65700149536133,43.14500045776367,44.31999969482422,204629300,43.500799560546874,43.72717456151926,-0.5216869530101637,45.67068915710151,-12.25598103631491
2021-09-21,42.474998474121094,44.22999954223633,42.255001068115234,43.54999923706055,181988223,43.423299407958986,27.405580511884562,-0.5018157344564511,39.96882261534368,-94.19721765892425
2021-09-22,43.97999954223633,44.025001525878906,42.900001525878906,42.900001525878906,129583974,43.58079948425293,64.06818312762174,-0.4738189234227244,52.01452450935188,-5.5731346387808784
2021-09-23,45.060001373291016,45.130001068115234,44.09000015258789,44.400001525878906,205133028,43.83629951477051,90.37758502446795,-0.4238860599239628,58.526256196515995,136.77320240132966
2021-09-24,45.43000030517578,45.810001373291016,44.5,44.95000076293945,324395421,44.122799682617185,91.4798022174838,-0.3559524279909444,58.54766460610225,175.62596287093476
2021-09-27,45.84000015258789,45.970001220703125,45.345001220703125,45.78499984741211,195196130,44.3439998626709,97.18612573961322,-0.27294486068507817,63.537532266020754,184.8960982587111
2021-09-28,45.5,46.16999816894531,44.869998931884766,45.84000015258789,166065990,44.53849983215332,86.09962217083196,-0.1896430438702243,67.07870125955358,136.85893764592623
2021-09-29,46.435001373291016,46.59000015258789,45.652000427246094,46.0,205461578,44.76800003051758,96.42447953790675,-0.0951739803655991,69.8565170597523,165.53291729492747
2021-09-30,46.56999969482422,46.93000030517578,46.345001220703125,46.779998779296875,191716362,44.94799995422363,92.29945092829755,0.0037130127348747877,70.08325308731952,158.18621279085056
2021-10-01,45.2400016784668,45.904998779296875,44.6349983215332,45.73500061035156,215095589,44.96750030517578,63.850290855414386,0.07895745465656959,57.872651349992864,63.27792673429668
2021-10-04,44.79999923706055,45.459999084472656,44.470001220703125,45.119998931884766,152963709,45.133000183105466,54.438472390971036,0.12823882356888874,55.8698679190241,37.375681467214406
2021-10-05,46.52000045776367,46.64500045776367,44.845001220703125,45.0,281471241,45.53750038146973,91.22994835674238,0.1858129632134958,60.13628930088047,95.0572988608937
2021-10-06,46.04999923706055,46.724998474121094,45.650001525878906,46.474998474121094,191400085,45.74450035095215,81.17644466892911,0.23764461905506581,55.52676414896687,96.41118922610286
2021-10-07,46.5,46.720001220703125,45.599998474121094,46.55500030517578,154291815,45.88850021362305,90.80213100855717,0.28979775544667735,56.18886102370791,98.62022996129078
2021-10-08,46.86000061035156,47.029998779296875,46.5,46.69499969482422,208191732,46.031500244140624,96.43982721610051,0.3445015278069914,68.1840299678505,123.63093685893921
2021-10-11,47.93000030517578,48.025001525878906,46.77000045776367,46.900001525878906,244678652,46.24050025939941,98.14631764481707,0.4142223587725903,75.6947668777357,158.87138779344872
2021-10-12,48.525001525878906,48.525001525878906,46.95000076293945,47.19499969482422,174980639,46.54300041198731,100.0,0.49824951040005444,73.41576166744429,163.5090552765945
2021-10-13,47.7599983215332,48.95000076293945,47.19499969482422,48.73500061035156,378238931,46.675500106811526,73.43744279017886,0.5734979537739835,64.37696980825777,142.29964047939438
2021-10-14,48.439998626708984,48.654998779296875,48.0,48.255001068115234,202565119,46.8625,88.61602258164773,0.6488413150171635,65.51544184184436,144.87232026599722
2021-10-15,49.1150016784668,49.22999954223633,47.95500183105469,48.0,221566294,47.25,97.58407764033643,0.729584984300773,66.4325023313075,146.19999500072493
2021-10-18,49.275001525878906,49.51900100708008,48.95500183105469,49.31999969482422,140189076,47.697500228881836,95.16736994405261,0.8103705778355033,69.28971471477325,152.03141039764603
2021-10-19,49.400001525878906,49.5099983215332,41.88999938964844,49.40999984741211,121304250,47.98550033569336,98.44016966873794,0.8870948378999746,66.51808844562416,24.626468263149903
2021-10-20,49.04999923706055,49.494998931884766,48.4900016784668,49.459999084472656,114000700,48.28550033569336,93.85238339774499,0.9496455696557675,63.4929042172058,127.19972566193974
2021-10-21,48.31999969482422,49.244998931884766,47.78499984741211,49.0,146037620,48.46750030517578,84.28364060749128,0.9862224450455666,67.92777933947681,84.8451948596046
2021-10-22,48.724998474121094,48.875,48.1349983215332,48.38999938964844,108911852,48.65400009155273,89.59231400417121,1.0088157087554097,72.93976532175176,81.79163031449431
2021-10-25,48.775001525878906,48.9379997253418,48.349998474121094,48.665000915527344,175889841,48.73850021362305,90.24774775900958,1.0199584137786086,66.37615555734085,79.03436590862162
2021-10-26,49.0,49.16999816894531,48.41299819946289,48.650001525878906,140396860,48.78600006103515,93.19699964548174,1.024605039145301,72.21382492291625,81.03069898154827
2021-10-27,48.959999084472656,49.31999969482422,48.599998474121094,49.05500030517578,158926004,48.9060001373291,92.67267264264109,1.021962990467983,69.74313600627005,79.66440067145157
2021-10-28,49.58000183105469,50.34000015258789,49.14799880981445,50.0,197110071,49.02000045776367,91.00593783533782,1.022453563997119,70.95528290419546,110.10856490184828
2021-10-29,50.220001220703125,50.47999954223633,49.630001068115234,49.82500076293945,261931165,49.130500411987306,96.97324427340233,1.0327623257408343,68.89435702972939,128.35975735274792
2021-11-01,51.11000061035156,51.40399932861328,49.630001068115234,50.869998931884766,160606916,49.31400032043457,96.90983056392886,1.0605300815374314,70.33827392300267,158.12530695212976
2021-11-02,51.029998779296875,51.58000183105469,41.444000244140625,51.54999923706055,200088158,49.477000045776364,94.57376711081137,1.0940916198577912,78.8359339836473,-24.72681109400107
2021-11-03,50.5,51.0,50.29999923706055,50.849998474121094,174756403,49.62200012207031,89.34489283773388,1.1185757604293889,68.65940539184555,152.19610024310387
2021-11-04,48.25,50.72999954223633,48.025001525878906,50.689998626708984,307214200,49.61500015258789,67.14679055147508,1.0976399685235267,43.90415035541985,24.355298304811168
2021-11-05,49.10499954223633,49.334999084472656,48.099998474121094,48.099998474121094,252705505,49.65300025939941,75.58206490403795,1.0604726064972407,48.90884544021531,2.658010850641376
2021-11-08,49.15999984741211,49.560001373291016,48.51499938964844,48.89500045776367,144957324,49.69150009155273,76.12468819295681,1.013540451475447,48.44558599789598,19.25383473923298
2021-11-09,48.380001068115234,49.04499816894531,48.084999084472656,48.834999084472656,149628755,49.629500198364255,68.42935811029501,0.9481936858215922,45.88958255518204,-45.219699881345875
2021-11-10,49.279998779296875,49.51499938964844,48.21799850463867,48.244998931884766,185145255,49.66150016784668,77.30857644372118,0.8869283970422025,55.769225478877495,3.831026215391709
2021-11-11,49.880001068115234,50.2400016784668,49.310001373291016,49.82500076293945,135785483,49.69150009155273,83.22809296780089,0.8389841234356678,56.782161828222655,85.91598997431547
2021-11-12,49.22999954223633,50.220001220703125,49.22999954223633,49.93000030517578,129816197,49.59249992370606,76.81529280883011,0.7896199128739133,52.495874561560996,51.66506010102097
2021-11-15,49.630001068115234,49.85499954223633,48.9379997253418,49.0,102041060,49.44449996948242,80.76163715821657,0.7465355540466617,53.390746756379755,40.206065875445205
2021-11-16,49.970001220703125,50.01499938964844,49.53499984741211,49.81999969482422,122565303,49.33850021362305,84.1160185646564,0.7133688362315674,55.26591094057905,68.04718104430256
2021-11-17,49.98500061035156,50.992000579833984,49.98500061035156,50.130001068115234,185774937,49.287000274658205,84.26399989161082,0.6867703524435916,52.25374931433103,106.24910327336956
2021-11-18,49.88999938964844,50.2400016784668,49.529998779296875,49.81999969482422,92350825,49.45100021362305,83.32673464072754,0.6626020694241986,48.045013414713516,54.484490743337886
2021-11-19,49.05500030517578,50.38999938964844,48.345001220703125,50.29999923706055,257598027,49.446000289916995,75.08878126914688,0.6263918036357418,37.74597625743946,-16.76847569310141
2021-11-22,49.72999954223633,49.814998626708984,48.939998626708984,49.20000076293945,101510147,49.503000259399414,57.31088708746753,0.5938736032773255,42.761696529347475,5.1996713524240485
2021-11-23,49.834999084472656,50.29999923706055,49.11000061035156,49.29499816894531,129421977,49.64850006103516,61.00431869639397,0.5656958241015447,46.113378773785556,31.60726273110407
2021-11-24,49.51499938964844,50.150001525878906,49.40999984741211,49.96500015258789,104335977,49.672000122070315,49.191591660947466,0.535320919132936,59.54716520489386,20.72266944159135
2021-11-25,49.685001373291016,49.69499969482422,49.099998474121094,49.51499938964844,121090724,49.65250015258789,55.03961010585878,0.5066533786945048,54.8821682884475,-3.917188983281777
2021-11-26,46.0,47.970001220703125,45.404998779296875,47.5,499035260,49.32950019836426,10.649740987123439,0.42061197086952234,33.490079997002454,-293.3673379577823
2021-11-29,46.79999923706055,47.41999816894531,46.25,46.82500076293945,288599389,49.046500015258786,24.96867743320868,0.3149250280866537,41.76224620738102,-208.310177337266
2021-11-30,46.79999923706055,47.185001373291016,45.505001068115234,46.0,347879561,48.72949981689453,24.96867743320868,0.20174715092771872,35.73073787780949,-205.33476361867628
2021-12-01,47.689998626708984,48.02299880981445,46.415000915527344,46.415000915527344,160559657,48.499999618530275,40.89849849685818,0.10354667045903576,37.80622704491911,-114.19503489912422
2021-12-02,46.92499923706055,47.46500015258789,46.435001373291016,47.11000061035156,161779350,48.20349960327148,27.206013386599334,0.00744044125554115,37.328202332019124,-121.41777792096423
2021-12-03,46.47999954223633,47.76499938964844,46.33000183105469,47.41999816894531,159110425,47.94599952697754,19.241102854774585,-0.08943177298594251,32.76804301843576,-107.2558636922156
2021-12-06,46.275001525878906,46.974998474121094,46.154998779296875,46.47999954223633,187595223,47.6004997253418,15.57190739581278,-0.1847726807873339,29.483615647846364,-110.80120129901746
2021-12-07,47.48500061035156,47.85499954223633,46.564998626708984,46.75,187536547,47.365499877929686,41.72520714913207,-0.2544299044347576,37.74509437264667,-60.392604310270364
2021-12-08,47.3650016784668,47.869998931884766,46.6870002746582,47.80500030517578,117947392,47.15050010681152,39.31800720545337,-0.30567216131870745,37.652816479202336,-54.09459709477644
2021-12-09,46.69499969482422,47.255001068115234,46.56999969482422,47.255001068115234,93239410,46.85149993896484,26.35343809787289,-0.3526788716633833,38.27037185344279,-68.92060331749141
2021-12-10,46.334999084472656,46.869998931884766,46.26499938964844,46.40999984741211,82200068,46.88499984741211,18.998983007259223,-0.3995064270555112,32.58080641417243,-77.73268297868896
2021-12-13,44.349998474121094,46.33399963378906,44.29999923706055,46.33000183105469,315907539,46.63999977111816,0.8546874786034693,-0.4745258832098867,26.40859952536961,-133.78973148786
2021-12-14,45.189998626708984,45.542999267578125,44.6150016784668,44.75,143831905,46.47899971008301,16.49674354276809,-0.5487995804280624,32.194316179812475,-119.678391004353
2021-12-15,44.35499954223633,45.525001525878906,44.35499954223633,45.17499923706055,114000489,46.145499801635744,1.4773116166408118,-0.6307833979138342,29.195929559412804,-133.17503565949121
2021-12-16,46.40999984741211,47.43000030517578,44.35499954223633,45.0,323349438,46.0939998626709,56.67474758238538,-0.6790780296156085,51.833631377976225,-62.52964331684157
2021-12-17,46.15999984741211,47.32500076293945,45.720001220703125,46.35499954223633,359113278,46.06199989318848,49.95973203874741,-0.7061660957348055,46.989654021581934,-39.54694552365131
2021-12-20,45.459999084472656,45.915000915527344,44.82500076293945,45.06999969482422,209209569,45.98049964904785,31.15766802395995,-0.7281009041648652,44.08649431953432,-97.58905681163778
2021-12-21,46.35499954223633,46.45000076293945,45.90999984741211,45.94499969482422,135939459,45.86749954223633,57.5630386791102,-0.7297171927842939,44.11116368636758,-34.05661486174856
2021-12-22,46.959999084472656,47.14500045776367,46.29800033569336,46.474998474121094,104721929,45.826999282836915,74.50980601675047,-0.7071979108633042,50.15659888054416,25.858842808181404
2021-12-23,47.6349983215332,47.71500015258789,47.05400085449219,47.19499969482422,97487752,45.920999145507814,93.41734928738884,-0.6583503531936661,55.06356380060955,114.49793666108846
2021-12-24,47.439998626708984,48.10499954223633,47.439998626708984,47.76499938964844,52779157,46.03149909973145,82.52297339837868,-0.5971720046547384,55.11187825374917,120.40444112285931
2021-12-29,48.0,48.73500061035156,47.724998474121094,48.470001220703125,95297983,46.39649925231934,83.42727434588929,-0.5211764547702806,52.39646001864568,148.9832010377025
2021-12-30,48.345001220703125,48.564998626708984,47.70000076293945,47.70000076293945,69823271,46.71199951171875,91.20632990111035,-0.4331854228975146,54.46672330173894,132.54802562145628
2021-12-31,47.79999923706055,48.334999084472656,47.79999923706055,48.150001525878906,50362743,47.05649948120117,78.91767567600114,-0.34999636173446785,55.09450912484308,107.1970814218509
2022-01-04,49.90999984741211,50.0,48.599998474121094,49.220001220703125,238638895,47.40649948120117,98.4210501659393,-0.23971645092521546,64.19213709280508,194.24475034297978
2022-01-05,50.68000030517578,51.2400016784668,50.0,50.20000076293945,268522660,47.85849952697754,91.86635875762246,-0.10540630567866496,77.81194690265487,215.07691313145008
2022-01-06,52.0,52.0,49.66899871826172,49.935001373291016,320456504,48.51249961853027,100.0,0.058224831702437974,78.70994448749111,202.23501525726206
2022-01-07,52.84000015258789,53.18000030517578,52.11000061035156,52.7599983215332,226744765,49.16099967956543,96.14730738590166,0.2449249899693501,85.75641248223667,215.89947518938655
2022-01-10,52.810001373291016,53.189998626708984,52.38999938964844,52.95000076293945,254924966,49.74599990844727,95.45729407697984,0.43526038620415186,82.52031984517917,175.98688500330084
2022-01-11,52.88999938964844,53.04999923706055,52.380001068115234,52.880001068115234,184117239,50.27150001525879,96.41363641753092,0.6181808583502169,84.7983358929013,146.18369127444097
2022-01-12,53.18000030517578,53.40999984741211,52.630001068115234,53.310001373291016,139325708,50.84550018310547,96.93333943684895,0.7900826423289405,91.68466220163184,130.22315943040607
2022-01-13,53.970001220703125,54.117000579833984,52.939998626708984,53.25,142086003,51.442500305175784,98.11997244480179,0.9568699955129818,91.58929284991348,125.44583522301775
2022-01-14,54.970001220703125,55.040000915527344,53.41999816894531,53.779998779296875,212668176,52.10500030517578,99.12346989369863,1.125481969580706,91.93717055805608,126.99902021661073
2022-01-17,55.130001068115234,56.000999450683594,54.91999816894531,55.290000915527344,229444944,52.83800048828125,89.8259747840559,1.2863861654188224,91.47758554882641,130.2716841441323
2022-01-18,54.369998931884766,55.849998474121094,54.369998931884766,54.91999816894531,220513159,53.284000396728516,80.35175549169898,1.4189670868718653,86.09372864168253,106.01812794050954
2022-01-19,53.880001068115234,54.880001068115234,53.529998779296875,54.20000076293945,236887004,53.60400047302246,74.44887702849695,1.5157936749173335,80.8499447409429,80.53459055579503
2022-01-20,52.97999954223633,53.709999084472656,51.91999816894531,53.5,221857195,53.70200042724609,63.163030974820025,1.5673205306136313,72.97965785371613,46.16475110001154
2022-01-21,51.75,52.619998931884766,51.349998474121094,52.130001068115234,187327605,53.593000411987305,42.56183097197711,1.5645571039092343,68.33797862140318,16.42407648097373
2022-01-24,49.27000045776367,51.75,49.224998474121094,51.06999969482422,282598008,53.23900032043457,0.6641377974742835,1.4847775569870525,47.127471163763516,-41.54159542369157
2022-01-25,50.90999984741211,51.31999969482422,49.8650016784668,50.38999938964844,277583398,53.04100036621094,24.867194959375958,1.3836890976771126,50.9575336152377,-30.388157122734764
2022-01-26,52.029998779296875,52.91999816894531,51.40999984741211,51.40999984741211,149908245,52.92600021362305,41.39610243383956,1.2892590704652034,50.127005865784646,9.433043826132947
2022-01-27,52.25,53.279998779296875,51.04999923706055,51.439998626708984,249529611,52.75400009155273,44.642873227764866,1.2045241063354357,47.363716599662304,5.397358362810167
2022-01-28,51.20000076293945,52.459999084472656,50.7599983215332,51.95000076293945,358298322,52.37700004577637,29.147018951881677,1.110810288090144,43.40704041329952,-34.72665971037851
2022-01-31,51.04999923706055,51.84000015258789,50.810001373291016,51.470001220703125,156167834,51.9689998626709,26.933301356536777,1.011456383163667,42.5081442837488,-60.10573262498048
2022-02-01,52.38999938964844,52.38999938964844,51.290000915527344,51.79999923706055,179517363,51.770999908447266,46.70897962492569,0.9328492831623976,47.036756162752766,-28.3269978970592
2022-02-02,52.86000061035156,53.61000061035156,52.650001525878906,53.040000915527344,212887878,51.6689998626709,53.64524221297447,0.8767390353918316,45.734049084971275,25.175489818420537
2022-02-03,53.29999923706055,54.5,52.185001373291016,53.189998626708984,261163021,51.70099983215332,60.138727503648056,0.8426924261710932,43.2931651353237,38.45555502779129
2022-02-04,51.380001068115234,53.970001220703125,51.310001373291016,53.79999923706055,310615405,51.66399993896484,32.528341041420994,0.7917065417469165,36.80506600419966,-31.463082469097806
2022-02-07,52.59000015258789,52.77000045776367,51.599998474121094,52.09000015258789,170499842,51.99599990844727,59.5048653388873,0.7502765814489445,43.92906118349323,-23.240861208107845
2022-02-08,52.5,53.2599983215332,52.31999969482422,52.97999954223633,165211945,52.15499992370606,62.08531902430558,0.7138619842780279,45.16128600789744,0.4056741107836216
2022-02-09,53.09000015258789,53.09000015258789,52.0,52.70000076293945,170858759,52.261000061035155,73.27015280479603,0.6902859048933425,50.39426750686645,3.6523877192202923
2022-02-10,53.400001525878906,53.400001525878906,52.5099983215332,52.97999954223633,184243619,52.376000213623044,79.14695438997404,0.6793652464208042,56.331549042431845,30.403090885365494
2022-02-11,53.959999084472656,53.959999084472656,52.56999969482422,53.02000045776367,177202605,52.65200004577637,88.34949059164454,0.6843352627276259,71.10711061835539,62.50745010017009
2022-02-14,51.709999084472656,52.95000076293945,51.209999084472656,52.52000045776367,224580586,52.71800003051758,25.401078518470165,0.6615475352772724,53.412966783809146,-36.871692778280114
2022-02-15,52.630001068115234,52.779998779296875,51.222999572753906,51.279998779296875,151011097,52.74200019836426,50.000050998603655,0.6357266558003805,52.60417649729345,-7.416527783219309
2022-02-16,51.93000030517578,52.84000015258789,51.58000183105469,52.650001525878906,213579368,52.64900016784668,31.283461458825258,0.5967411755811378,48.66666793823242,-8.076143378766231
2022-02-17,51.290000915527344,52.06999969482422,50.91999816894531,51.900001525878906,189461870,52.44800033569336,13.008122516956801,0.5399771516303297,50.38826639949524,-74.99758952817047
2022-02-18,51.220001220703125,52.16999816894531,50.65999984741211,51.0099983215332,182220365,52.43200035095215,14.583368516629198,0.4726980234271875,50.73849699580118,-76.17647738902933
2022-02-21,50.91999816894531,51.926998138427734,50.540000915527344,51.310001373291016,118166880,52.26500015258789,9.595892456338083,0.39649136677629204,42.979937682354894,-114.52457647814961
2022-02-22,51.310001373291016,51.696998596191406,48.6150016784668,49.36000061035156,175512574,52.14600028991699,45.794400398776965,0.3240025764353276,42.54091068801477,-177.7089386635558
2022-02-23,52.20000076293945,52.560001373291016,51.209999084472656,51.36000061035156,185341500,52.05700035095215,66.94676733764027,0.2711050078930565,44.92620815711479,-15.283357533353136
2022-02-24,46.54499816894531,49.53300094604492,46.0,48.0,706276732,51.37150001525879,6.846711452623468,0.1424196488214656,33.413378678694315,-347.0974666700575
2022-02-25,49.68000030517578,50.07899856567383,46.54499816894531,47.35499954223633,518677124,50.9435001373291,46.231164930084645,0.022670394975802796,41.181824760327366,-190.2616827845191
2022-02-28,48.435001373291016,49.02000045776367,47.03499984741211,47.57500076293945,396856621,50.61600036621094,30.59047303210001,-0.10511532871051808,38.48769109936897,-183.92513136385656
2022-03-01,45.779998779296875,49.459999084472656,45.779998779296875,48.525001525878906,438016914,49.9310001373291,0.0,-0.2733588538569962,31.465525662817726,-191.42595460339132
2022-03-02,46.07500076293945,46.58000183105469,45.20000076293945,45.3650016784668,402627643,49.34550018310547,9.988586388756918,-0.45281131708625433,31.413357452089812,-184.98848486329788
2022-03-03,45.154998779296875,46.915000915527344,44.999000549316406,46.1349983215332,282139905,48.73199996948242,1.9619950419971721,-0.6435281766389391,28.05882746594817,-157.7534384319617
2022-03-04,43.029998779296875,45.06800079345703,42.62799835205078,44.70000076293945,490561743,47.9129997253418,3.9365487305823836,-0.863744051673313,28.234722667546166,-177.96188889009113
2022-03-07,41.25,45.104000091552734,38.095001220703125,40.82500076293945,652244747,46.94599990844726,21.397077028432108,-1.1173354515739644,22.64424726630365,-186.813849650249
2022-03-08,41.959999084472656,43.59600067138672,40.130001068115234,40.400001525878906,384654494,46.01099967956543,26.71965311440426,-1.3646780494179294,26.04518241244166,-150.1257723416989
2022-03-09,45.380001068115234,45.685001373291016,43.26499938964844,44.79999923706055,331892436,45.32899971008301,50.36294345360772,-1.537463399966359,37.473514229749405,-80.73046025278896
2022-03-10,44.59000015258789,45.959999084472656,44.14500045776367,45.869998931884766,259040367,45.13349990844726,44.90147848856237,-1.6635598318591502,36.36364349630652,-70.43904065622999
2022-03-11,45.46500015258789,46.66600036621094,44.54800033569336,45.0,212963198,44.71199989318848,50.95056242060406,-1.73603066740848,39.03959204452485,-50.60973210156097
2022-03-14,47.73500061035156,48.040000915527344,46.13999938964844,46.599998474121094,297152997,44.64199981689453,66.64361761464464,-1.7309176805444977,43.32150323953396,-8.22519917418313
2022-03-15,47.39500045776367,48.00699996948242,46.845001220703125,47.0,160710514,44.80349998474121,77.60348212162661,-1.6789240803968275,40.83540305245494,-0.11142153622048824
2022-03-16,48.60499954223633,49.03300094604492,47.97999954223633,48.599998474121094,277001718,45.0564998626709,87.70027244660488,-1.5771407742176509,54.73128297666132,35.56499282850998
2022-03-17,48.0,49.21699905395508,47.28499984741211,48.900001525878906,294112234,45.34099998474121,87.15354721599212,-1.4555436854855253,45.63409608751754,31.752037181952087
2022-03-18,49.13999938964844,49.13999938964844,47.91999816894531,48.119998931884766,393533448,45.952000045776366,97.18434003543155,-1.3063965190912985,51.84216827046046,54.74409377587018
2022-03-21,48.630001068115234,49.53200149536133,48.404998779296875,49.0,202484121,46.69000015258789,92.1133128828831,-1.1529592221024965,58.38729254638763,64.6824594999898
2022-03-22,50.2400016784668,50.448001861572266,48.76499938964844,49.0,242793033,47.5180004119873,98.31619709937266,-0.9765619443106666,61.376675351241815,97.97274963956276
2022-03-23,49.5099983215332,50.689998626708984,49.5099983215332,50.5,247762719,47.9310001373291,90.63119850574083,-0.8044418271401563,62.020422684843275,108.54482385771843
2022-03-24,49.494998931884766,49.970001220703125,49.0,49.45000076293945,190132342,48.421500015258786,90.51210844827654,-0.6424311931974147,70.19681262460927,87.1486636446992
2022-03-25,48.75,49.5,48.551998138427734,49.404998779296875,236818957,48.75,81.62879663612982,-0.5056716448348787,75.05009815773326,68.69005950848282
2022-03-28,48.779998779296875,49.54499816894531,48.63999938964844,48.900001525878906,151203320,48.85449981689453,74.27609368794694,-0.3902770082603356,73.86283855102377,68.02483594947316
2022-03-29,50.0,50.22999954223633,47.959999084472656,49.279998779296875,339933264,49.114999771118164,89.45761925522167,-0.2739687348304769,69.10669509336543,73.84253243488654
2022-03-30,48.119998931884766,49.07500076293945,47.90999984741211,48.73500061035156,222324698,49.06649971008301,58.15694545888175,-0.19255477227389795,63.391497335211156,39.19849822022748
2022-03-31,47.05500030517578,48.939998626708984,46.869998931884766,48.18000030517578,243453766,48.97199974060059,20.10991360338041,-0.15383230201051984,55.94614913841189,13.873099721351076
2022-04-01,47.38999938964844,48.26100158691406,46.845001220703125,47.0,224342983,48.79699974060058,14.17421421647851,-0.13820259825054584,48.49146788648046,4.221138343701106
2022-04-04,46.88999938964844,47.709999084472656,46.165000915527344,47.470001220703125,297778711,48.622999572753905,16.022073830657703,-0.14552854435191745,47.82233212120574,-32.568859074754215
2022-04-05,46.30500030517578,47.06999969482422,45.505001068115234,46.25,315833767,48.229499435424806,15.429115019246389,-0.17586023859800728,39.516865173544424,-83.79615470009625
2022-04-06,45.185001373291016,46.60599899291992,42.125,46.0,314994133,47.79699974060058,35.72681685842594,-0.236489560323831,37.74488719154834,-170.11459949375842
2022-04-07,44.334999084472656,45.290000915527344,43.94499969482422,44.040000915527344,287353573,47.280999755859376,25.80267879531262,-0.325952841294411,28.539524626350484,-172.39341491017717
2022-04-08,44.584999084472656,45.20000076293945,44.542999267578125,44.81999969482422,218503989,46.86449966430664,28.72153507183791,-0.42406735984605315,31.504337102679358,-152.16210369941237
2022-04-11,45.08000183105469,45.4900016784668,44.691001892089844,44.959999084472656,222249258,46.49449996948242,34.500902566870785,-0.513596966311504,23.72709774284212,-119.98439314965425
2022-04-12,44.119998931884766,45.150001525878906,44.119998931884766,44.78499984741211,182370333,45.9064998626709,24.61442374535047,-0.6071981204817296,23.18409078141677,-127.02176998989229
2022-04-13,44.13999938964844,44.56999969482422,43.869998931884766,44.0,173041476,45.50849990844726,24.861190665687065,-0.6967414917415751,23.37147017348046,-117.79898472591604
2022-04-14,44.97999954223633,45.28099822998047,43.970001220703125,44.20500183105469,271041803,45.30099983215332,35.22516598993635,-0.7640577851685124,31.428578945212337,-85.6742480923991
2022-04-19,45.369998931884766,45.58300018310547,44.61000061035156,45.345001220703125,238670995,45.09899978637695,40.0370032715561,-0.80595009075368,33.77736481152466,-62.991458770485096
2022-04-20,46.33000183105469,46.775001525878906,45.3849983215332,45.599998474121094,394130211,45.043000030517575,60.50361682660035,-0.8125578605670218,32.097583232910736,-24.847713178270453
2022-04-21,46.92499923706055,47.152000427246094,46.137001037597656,46.45000076293945,384394005,45.10499992370605,70.43287166997573,-0.7853587568861924,43.33519706636506,1.6402433010128044
2022-04-22,46.11000061035156,47.05500030517578,45.7599983215332,46.34000015258789,280705858,45.19749984741211,64.94458245985741,-0.7496088174306372,44.578317471962094,-9.075168088919348
2022-04-25,45.400001525878906,46.28499984741211,45.029998779296875,45.029998779296875,208369479,45.30400009155274,58.63924910899313,-0.719992561264668,39.05392191834285,-35.930674495260305
2022-04-26,45.8849983215332,47.029998779296875,45.8849983215332,46.470001220703125,228502090,45.43400001525879,74.79606130833406,-0.6863944627411115,44.46280449793754,4.213990673435099
2022-04-27,45.77000045776367,47.22999954223633,45.2400016784668,46.47999954223633,157498181,45.50299987792969,71.40060302859342,-0.6523321823402941,46.89134296413298,2.259195377461206
2022-04-28,46.310001373291016,47.435001373291016,45.79499816894531,47.33000183105469,180513125,45.72200012207031,68.4432193668784,-0.6096623665364908,57.00934446163104,41.458279039428106
2022-04-29,45.880001068115234,47.10499954223633,45.369998931884766,47.10499954223633,236270368,45.89600028991699,56.38150798678286,-0.5693051964246781,60.15780458014502,24.98391697195192
2022-05-03,46.18000030517578,46.61000061035156,45.45000076293945,46.095001220703125,263640585,46.01600036621094,64.7966280881371,-0.5264292630582111,60.41803706760113,30.254414598605468
2022-05-04,45.650001525878906,46.48500061035156,45.650001525878906,46.404998779296875,153014211,46.04400062561035,49.92991234227602,-0.4914782271605042,53.70611234960707,26.59478440420158
2022-05-05,44.025001525878906,46.72100067138672,43.900001525878906,46.60499954223633,278830409,45.813500595092776,4.347895872211474,-0.48813230215144876,49.43149313011395,-59.34155169169142
2022-05-06,43.369998931884766,44.2599983215332,43.00400161743164,43.91999816894531,249267152,45.458000564575194,8.259926306002273,-0.5141088788526955,45.71745846793339,-156.4664297622642
2022-05-09,42.345001220703125,43.577999114990234,42.345001220703125,43.0,217928445,45.08150062561035,0.0,-0.5722839781878404,35.64032298769858,-192.32295156324363
2022-05-10,42.59000015258789,43.47700119018555,42.435001373291016,42.849998474121094,285482325,44.80050048828125,4.813338399610886,-0.6423776870688143,34.6068576748996,-164.26540111377997
2022-05-11,43.1150016784668,43.3650016784668,42.20000076293945,42.625,283221789,44.52350082397461,17.47852547940574,-0.7064271200583223,31.297242718446597,-139.08689859890873
2022-05-12,42.959999084472656,43.29999923706055,42.0,42.0,225911923,44.242500686645506,17.663272160156883,-0.7641934264586313,25.68974493669377,-125.44316237484954
2022-05-13,43.875,44.099998474121094,43.327999114990234,43.38999938964844,198089223,43.999000549316406,34.498611338246,-0.7986533289970897,36.46274164763553,-64.81460317151192
2022-05-16,43.665000915527344,43.869998931884766,43.029998779296875,43.869998931884766,183524453,43.777500534057616,30.634783713387513,-0.8182289043376406,38.8136607038328,-74.08188549484039
2022-05-17,43.79999923706055,44.349998474121094,43.630001068115234,43.76499938964844,164574627,43.5395004272461,33.11865284719527,-0.8234303591828591,35.92167840525536,-48.940276233152375
2022-05-18,43.79999923706055,44.45500183105469,43.73500061035156,44.334999084472656,274192408,43.354500198364256,33.11865284719527,-0.8174729605651958,36.488333516480644,-41.27372461808676
2022-05-19,43.43000030517578,43.80500030517578,43.10499954223633,43.47999954223633,367472497,43.295000076293945,28.01176167293732,-0.8088736360866605,29.775270364030405,-61.608619139810756
2022-05-20,43.599998474121094,44.25400161743164,43.29999923706055,43.939998626708984,143042487,43.31800003051758,33.89108762086068,-0.7945133863262155,33.38189752917606,-42.95655967489784
2022-05-23,44.505001068115234,44.505001068115234,43.667999267578125,44.18000030517578,153652513,43.53400001525879,53.06080728388099,-0.761045443682991,38.780983236283824,-12.048343480662712
2022-05-24,44.0099983215332,44.56999969482422,43.71500015258789,44.30500030517578,209869467,43.67599983215332,42.57568387387664,-0.7235185173826046,38.9636453904569,-15.89120892631162
2022-05-25,44.290000915527344,44.7599983215332,43.7400016784668,44.720001220703125,136685508,43.79349975585937,82.97109812208974,-0.679298399341701,52.17747820264953,-0.27228480298497076
2022-05-26,45.334999084472656,45.380001068115234,44.07899856567383,44.14500045776367,141324775,44.030999755859376,98.66858078634655,-0.6149806161255034,65.17374098833321,51.91729159539752
2022-05-27,45.23500061035156,45.54399871826172,44.70500183105469,45.060001373291016,115937021,44.16699981689453,91.28108860993845,-0.5416314022391957,76.03601622104611,80.3753092954964
2022-05-30,45.13999938964844,45.650001525878906,44.83000183105469,45.6349983215332,222809031,44.31449966430664,86.02734457466666,-0.4667477510373034,73.6110806956023,93.58701038090913
2022-05-31,44.88999938964844,45.32099914550781,44.58599853515625,45.005001068115234,210154728,44.42349967956543,79.17803236952173,-0.3977526604389895,67.31703795118531,81.82594501147418
2022-06-01,45.125,46.0099983215332,44.88999938964844,45.5,167384483,44.555999755859375,70.30206518524966,-0.3314093859474469,70.79731175703209,127.68839897162168
2022-06-06,45.595001220703125,45.834999084472656,45.069000244140625,45.14500045776367,116237977,44.77249984741211,86.07392065172449,-0.26195209849134193,68.06723160491295,133.36139672695862
2022-06-07,45.59000015258789,45.810001373291016,45.25600051879883,45.400001525878906,151939551,44.97150001525879,85.54222563057432,-0.19366682111968297,71.13059819926353,119.91900742014036
2022-06-08,45.935001373291016,46.099998474121094,45.36899948120117,45.59000015258789,233965670,45.11450004577637,94.49091286566019,-0.12375006519925917,72.40292750564798,124.43841441642085
2022-06-09,44.790000915527344,46.20000076293945,44.790000915527344,45.630001068115234,179885942,45.192500305175784,54.44267233304081,-0.07446164414927561,58.37563812188039,70.8480884470353
2022-06-10,43.70000076293945,44.900001525878906,43.375,44.52000045776367,189741358,45.133500289916995,13.793148807315797,-0.05790704691122814,52.03619987606566,-42.74159675121637
2022-06-13,42.82500076293945,43.380001068115234,42.529998779296875,42.994998931884766,267597316,44.88250045776367,8.038196844509073,-0.07656532770815774,44.717132932777695,-141.34045706658654
2022-06-14,43.369998931884766,44.084999084472656,42.790000915527344,42.81999969482422,207140046,44.696000289916995,22.888275165294797,-0.1074466250087083,41.86379108931252,-92.33844509908617
2022-06-15,44.064998626708984,44.79999923706055,43.939998626708984,43.939998626708984,200365636,44.58850021362305,41.82558631449511,-0.13303701680909868,50.38327722496443,-21.18531404364181
2022-06-16,42.2400016784668,44.14400100708008,42.154998779296875,43.875,356451945,44.32350044250488,2.1014303457368304,-0.1827832230754345,38.245413721977606,-138.35493280784323
2022-06-17,42.2599983215332,43.29800033569336,41.9630012512207,42.599998474121094,462801860,44.037000274658205,7.009608320488627,-0.24432641283913642,30.01947752252258,-148.37422408694394
2022-06-20,43.744998931884766,44.0880012512207,42.5,42.66999816894531,178986967,43.852000045776364,42.05801005488411,-0.28578834086360144,41.79514314990713,-73.66121642818442
2022-06-21,43.44499969482422,44.125,43.3650016784668,43.71500015258789,135749198,43.6375,34.977545772771144,-0.3166251634651779,40.87237254139883,-57.15718661789396
2022-06-22,43.84000015258789,44.42499923706055,42.7400016784668,42.80500030517578,364845777,43.427999877929686,44.30019159019865,-0.3321622042344091,44.432663691228655,-51.55214756493819
2022-06-23,42.310001373291016,43.69499969482422,42.310001373291016,43.5,171396421,43.179999923706056,8.18976072833086,-0.360948332887986,36.87645674380125,-108.08231356867242
2022-06-24,43.39500045776367,43.57500076293945,42.19499969482422,42.400001525878906,154135548,43.14949989318848,33.797483397917,-0.37839651575231265,40.299813873598886,-78.21398168739249
2022-06-27,43.310001373291016,43.900001525878906,42.974998474121094,43.375,174288024,43.19799995422363,31.79136835736614,-0.3883172998192196,40.017510209835244,-50.15107125569138
2022-06-28,43.435001373291016,43.9900016784668,43.42499923706055,43.47999954223633,144944851,43.20450019836426,34.74156931099555,-0.39012063658664475,38.839275070589,-31.15904749514243
2022-06-29,43.0099983215332,43.64500045776367,42.775001525878906,42.90999984741211,140907259,43.09900016784668,35.648517957130444,-0.39263309238018884,41.50761465849516,-59.862649030422816
2022-06-30,42.310001373291016,42.70000076293945,41.154998779296875,42.375,202685856,43.106000137329104,31.687309984667955,-0.4057314553970855,43.11198738766669,-129.26244869605407
2022-07-01,42.40999984741211,43.51499938964844,41.85499954223633,41.994998931884766,164077179,43.12100028991699,34.43075200284663,-0.42225806083629236,47.77240211182587,-86.2188019468277
2022-07-04,42.665000915527344,43.1150016784668,42.560001373291016,42.60499954223633,121946765,43.01300048828125,41.426665201488206,-0.4350362655994663,46.094189522822056,-67.07080536695905
2022-07-05,41.35499954223633,43.275001525878906,41.334999084472656,43.084999084472656,240981322,42.80400047302246,6.116230426347772,-0.4647039619910758,35.94397613675305,-131.80632842194777
2022-07-06,41.29499816894531,42.349998474121094,41.095001220703125,42.2599983215332,236946426,42.5495002746582,6.005917939283272,-0.5033005674011666,43.99997481087569,-163.63968761876922
2022-07-07,42.29499816894531,42.494998931884766,41.91999816894531,42.13999938964844,298265424,42.547999954223634,36.03596585786636,-0.5283688024141038,50.19762760712278,-88.9815660628613
2022-07-08,42.20000076293945,42.41999816894531,41.400001525878906,42.29999923706055,186397848,42.42849998474121,33.18318920336931,-0.543954967398807,39.65171515822953,-105.94070574184622
2022-07-11,42.01499938964844,42.474998474121094,41.94499969482422,42.005001068115234,244353890,42.29899978637695,27.62758909843643,-0.5544927075247652,40.27210474797561,-80.1827041083116
2022-07-12,42.41999816894531,42.42499923706055,41.375,41.69499969482422,286282528,42.197499465942386,45.76845384217039,-0.553588466974588,40.353243193794476,-80.22335212191737
2022-07-13,41.915000915527344,42.54499816894531,41.51499938964844,42.20500183105469,122084806,42.087999725341795,28.324682734511608,-0.5523552125296359,46.88239342775645,-81.68582821360481
2022-07-14,41.02000045776367,42.14500045776367,40.96500015258789,41.779998779296875,160376313,41.95899963378906,1.818190989500445,-0.5640006681085856,30.67533525278823,-134.3942041192265
2022-07-15,41.900001525878906,42.20500183105469,40.893001556396484,40.94499969482422,198862299,41.90799980163574,32.515335156307735,-0.5677824009145256,39.84149764824417,-91.90333991037161
2022-07-18,42.779998779296875,42.85499954223633,42.04999923706055,42.099998474121094,133752465,41.9194995880127,68.5682404147376,-0.5511031267872367,45.74397046991444,4.866134269612931
2022-07-19,44.06999969482422,44.349998474121094,42.77000045776367,42.83000183105469,162523267,42.190999603271486,91.90051984538158,-0.5006363583301725,56.191601331758136,132.0996435641251
2022-07-20,43.45000076293945,44.45000076293945,43.06999969482422,44.380001068115234,280399425,42.4064998626709,71.88641487013726,-0.4403884637162703,56.72169790101575,124.26497024439186
2022-07-21,43.33000183105469,43.57500076293945,42.63999938964844,43.39500045776367,171479713,42.510000228881836,68.51281468310229,-0.3780790213928903,55.41177880310903,67.76070690173688
2022-07-22,43.22999954223633,43.64500045776367,42.970001220703125,43.52000045776367,105003022,42.613000106811526,65.70139182322623,-0.3184775643770135,53.38525345917038,75.78390438061568
2022-07-25,43.810001373291016,44.04999923706055,42.810001373291016,43.040000915527344,347369205,42.79250030517578,82.00732267605845,-0.2537183616954233,66.11951752957832,102.25351787109649
2022-07-26,43.529998779296875,44.2599983215332,43.29999923706055,44.224998474121094,121457791,42.903500366210935,74.13544591322179,-0.19301017075142698,64.26292834405604,115.44943455730801
2022-07-27,45.31999969482422,46.01499938964844,44.78300094604492,45.494998931884766,430832156,43.24400024414062,86.43108182685498,-0.1090251707820333,67.53624072973278,229.1513770381431
2022-07-28,44.42499923706055,46.400001525878906,44.159000396728516,46.2599983215332,146966969,43.58450012207031,64.13651171666919,-0.02888406950409493,61.80370161103619,162.95157469136387
2022-07-29,45.244998931884766,45.43299865722656,44.775001525878906,45.060001373291016,171585264,43.9189998626709,79.02664607963138,0.057795070437619,66.05367346575058,145.77783165568306
2022-08-01,45.05500030517578,45.895999908447266,44.915000915527344,45.32500076293945,92978858,44.14650001525879,75.57651664869111,0.14086521882714614,63.38243681823677,132.34111165559963
2022-08-02,45.400001525878906,45.66699981689453,44.79800033569336,45.05500030517578,466951554,44.27950019836426,81.84129279931727,0.22250187943612454,67.99173331715814,117.62775083651283
2022-08-03,45.83000183105469,46.05500030517578,44.935001373291016,45.08000183105469,279571303,44.51750030517578,89.64954243720851,0.3053138059667826,76.08459190002023,121.09861360151174
2022-08-04,45.099998474121094,45.970001220703125,44.75,45.27000045776367,278450384,44.69449996948242,70.11488809788771,0.37217857925243825,67.64054225015646,92.40360704419405
2022-08-05,44.90999984741211,45.24700164794922,44.34000015258789,45.05500030517578,156912354,44.8625,60.37231829978228,0.4216632365400062,62.70882373158033,61.31397123440601
2022-08-08,45.2400016784668,45.6349983215332,44.69499969482422,45.31999969482422,166802613,45.00550003051758,69.14895775630997,0.46196423699282596,57.88410018759854,72.2984831191177
2022-08-09,44.994998931884766,45.560001373291016,44.97999954223633,45.10499954223633,101392930,45.15200004577637,62.63293096416419,0.48943466854983386,60.96518966779438,64.43653942109118
2022-08-10,45.470001220703125,45.59000015258789,45.007999420166016,45.22999954223633,100816356,45.167000198364256,74.09470012124149,0.5138859661604475,64.45942253862373,68.09511604693064
2022-08-11,45.60499954223633,45.89500045776367,45.301998138427734,45.81999969482422,91697725,45.285000228881835,77.85509888991251,0.5361457209887687,65.97172767777434,78.07359454959753
2022-08-12,45.654998779296875,46.150001525878906,45.415000915527344,45.685001373291016,90989004,45.32600021362305,75.96767107981694,0.5554406902039916,63.35984557818958,85.0696187086949
2022-08-15,45.8650016784668,45.900001525878906,45.33300018310547,45.79999923706055,85931463,45.407000350952146,76.1267479764752,0.5739504269825949,67.08119460395578,80.32068833946016
2022-08-16,45.72999954223633,46.15999984741211,45.69499969482422,46.0,87539860,45.44000015258789,70.1025593014052,0.5875356549370976,53.95751850823583,90.73777946422692
2022-08-17,45.78499984741211,46.345001220703125,45.625,46.345001220703125,79019125,45.43549995422363,72.06977182224472,0.5968605212088933,65.66816793061136,94.17009780608232
2022-08-18,45.71500015258789,45.90999984741211,45.487998962402344,45.790000915527344,158308286,45.49700012207031,68.57851708241454,0.6005490803080982,56.5459568589948,72.49139603244922
2022-08-19,44.81999969482422,45.6150016784668,44.69499969482422,45.189998626708984,171102566,45.488000106811526,23.940114041312864,0.5848635684867369,47.26426221587477,-28.35658382885191
2022-08-22,44.51499938964844,44.95000076293945,44.23699951171875,44.625,127196550,45.41549987792969,13.187839305103148,0.5516579006859315,39.6004755133913,-133.80872155316797
2022-08-23,44.369998931884766,44.94499969482422,44.1150016784668,44.45000076293945,123505002,45.35299987792969,11.434856760654212,0.5056408969535935,31.61211282627808,-178.89330661402835
2022-08-24,44.119998931884766,44.40999984741211,43.650001525878906,44.025001525878906,121580935,45.217999649047854,17.439608876709535,0.44886522155793485,35.95992939003263,-214.03240464142868
2022-08-25,44.31999969482422,44.689998626708984,43.959999084472656,44.220001220703125,109529064,45.08949966430664,24.86078830480213,0.39049033464251626,41.57145395076005,-145.63889047679126
2022-08-26,43.66999816894531,44.917999267578125,43.66999816894531,44.73500061035156,256994629,44.89099960327148,0.741990550307299,0.322912799784821,29.450275765858166,-151.78299907746887
2022-08-30,43.75,44.83000183105469,43.29999923706055,43.29999923706055,254222677,44.6794994354248,14.778340551395653,0.25365014842615413,32.96859850188751,-140.4038514850346
2022-08-31,43.880001068115234,44.375,43.70500183105469,44.224998474121094,315293103,44.494499588012694,19.047666772317218,0.1884581324449518,25.98193613223019,-117.2553401839446
2022-09-01,42.70000076293945,43.80500030517578,42.63999938964844,43.55500030517578,161709467,44.18599967956543,1.6194694639040241,0.10997923515935079,16.647629725657822,-183.3117197903474
2022-09-02,43.71500015258789,43.95500183105469,42.775001525878906,43.0,162211138,43.98599967956543,29.014851056994946,0.043229429090249086,31.766968376082474,-121.55963697021612
2022-09-05,43.45000076293945,43.654998779296875,42.724998474121094,43.0,149622550,43.84899978637695,21.862374439378776,-0.01699611380507003,27.534907091849263,-120.74775338926307
2022-09-06,45.22999954223633,45.630001068115234,44.005001068115234,44.125,255655427,43.92049980163574,69.90550263373571,-0.04153767395790381,46.43874860616916,20.165681204002258
2022-09-07,44.67499923706055,45.04100036621094,44.5,44.78499984741211,361075744,43.95099983215332,62.23240252399934,-0.051186728867600936,42.619680985976935,3.8622824768111923
2022-09-08,45.22999954223633,45.34000015258789,44.595001220703125,44.92499923706055,114521842,44.06199989318848,86.62203005571496,-0.042024259971295344,46.97064138341186,33.29864966319088
2022-09-09,45.97999954223633,46.18000030517578,45.130001068115234,45.22999954223633,136190480,44.22799987792969,94.35026239506891,-0.009489810398050934,57.37912973506312,94.31382271428377
2022-09-12,46.959999084472656,47.1349983215332,46.29999923706055,46.62300109863281,294550070,44.55699996948242,96.10680136497453,0.051645183795196406,64.3233664074372,168.62608497798047
2022-09-13,46.46500015258789,47.130001068115234,46.36000061035156,47.08000183105469,166685872,44.828499984741214,85.09458669294098,0.11948651917834201,61.78953695554172,143.47271630052342
2022-09-14,46.209999084472656,46.58000183105469,45.80099868774414,46.345001220703125,276837791,45.061499786376956,79.42159161598083,0.18363417733624393,61.75477727368104,104.94842928570415
2022-09-15,47.619998931884766,47.89500045776367,46.3849983215332,46.45500183105469,298191736,45.55349960327148,94.76686070441583,0.2641811685539174,66.33662618430272,168.40760632052664
2022-09-16,47.80500030517578,48.310001373291016,47.09299850463867,47.119998931884766,539075195,45.96249961853027,91.09345870473918,0.3531340041884882,71.45823154870736,171.32618511979365
2022-09-20,49.0,49.0,48.040000915527344,48.040000915527344,465744186,46.51749954223633,100.0,0.4609530639931632,74.4186046511628,180.2914340906564
2022-09-21,48.46500015258789,49.849998474121094,47.4119987487793,48.244998931884766,373021503,46.840999603271484,80.79058949513718,0.565358838955429,70.55132042229438,144.55222130726756
2022-09-22,47.959999084472656,49.42499923706055,47.60300064086914,47.79999923706055,233704494,47.1694995880127,73.47369277686404,0.652806545606455,75.09541293553707,115.22292315215225
2022-09-23,46.224998474121094,48.334999084472656,46.08000183105469,47.70000076293945,214101887,47.26899948120117,49.12280701754386,0.6958723107039027,61.20534888639798,49.536110258322985
2022-09-26,44.69900131225586,45.770999908447266,43.76499938964844,45.724998474121094,521330757,47.140899658203125,15.349253297190351,0.682930328865201,55.011639098554575,-40.838825723554564
2022-09-27,43.290000915527344,45.22999954223633,43.1349983215332,44.7400016784668,414152355,46.77389984130859,2.3083036555763035,0.6115259015994542,41.97684614464739,-76.24105218727325
2022-09-28,41.85499954223633,43.01599884033203,41.125,42.61000061035156,644489235,46.31289978027344,8.366758394302918,0.4829330841799483,39.12876087350382,-142.47630945051387
2022-09-29,40.71500015258789,42.23899841308594,40.439998626708984,41.97999954223633,432440428,45.76339988708496,2.922439217196542,0.30594801307758446,33.34563154556163,-157.75862699985444
2022-09-30,41.38999938964844,42.37900161743164,40.90999984741211,40.91999816894531,370821211,45.14039993286133,10.09565120450791,0.11798136594995456,32.97477630393743,-133.99034202498538
2022-10-03,41.779998779296875,42.26499938964844,40.43000030517578,41.0,453429229,44.537899780273435,14.331196778483484,-0.061061488952998844,29.906902441998255,-126.28871684223877
2022-10-04,43.119998931884766,43.40999984741211,42.060001373291016,42.23500061035156,280583748,43.949899673461914,28.556254241927984,-0.20360727016564606,37.82307582068063,-79.14772597485097
2022-10-05,42.85499954223633,43.7130012512207,42.34000015258789,43.26499938964844,173548316,43.388899612426755,25.743096692470548,-0.3195687555940153,37.795562739355276,-69.0032637131084
2022-10-06,42.529998779296875,43.54999923706055,42.15999984741211,43.14500045776367,152321129,42.84589958190918,22.292981765581544,-0.4172456622860957,29.897313531056795,-69.60228045863829
2022-10-07,42.68000030517578,43.255001068115234,42.314998626708984,42.79999923706055,244851276,42.49139976501465,23.88535496129418,-0.49499759040305247,29.702970297029694,-62.79148684227327
2022-10-10,42.189998626708984,42.68000030517578,41.935001373291016,42.0,388395654,42.24049949645996,18.683637618267788,-0.5628745343696168,21.43456275159957,-69.28341687915099
2022-10-11,41.494998931884766,42.01499938964844,41.314998626708984,42.0099983215332,145955871,42.0609992980957,11.83989720036387,-0.6308092173146682,21.15066157198345,-79.41260545480358
2022-10-12,39.09000015258789,41.07600021362305,38.75,41.0,331850142,41.78449935913086,3.5472111117744216,-0.7321514506850431,18.27611150813435,-120.28632975964601
2022-10-13,41.77000045776367,41.981998443603516,38.505001068115234,38.904998779296875,295253645,41.88999938964844,44.93531393818992,-0.8046938012349741,35.075382766871,-83.89160182138592
2022-10-14,42.45000076293945,43.606998443603516,42.38999938964844,43.099998474121094,237548984,41.99599952697754,58.66171880938308,-0.8426990856293816,42.01292645403641,-24.657741458596
2022-10-17,42.66999816894531,43.244998931884766,41.569000244140625,41.90999984741211,298575085,42.08499946594238,79.97305980021183,-0.8516342944419983,47.59502414298043,-29.538814324470398
2022-10-18,42.60499954223633,43.6150016784668,42.558998107910156,43.060001373291016,266762423,42.033499526977536,78.72500633585449,-0.8409765129522524,53.2552092819029,-7.741250003806661
2022-10-19,40.61000061035156,41.71500015258789,40.45000076293945,40.80500030517578,264598142,41.808999633789064,40.418576578872965,-0.8485092104399554,49.57575929453203,-89.4394325650193
2022-10-20,42.04499816894531,42.71500015258789,40.005001068115234,40.29999923706055,330100240,41.76049957275391,67.97229217298568,-0.8422199992233503,52.49333480480707,-49.054630790039134
2022-10-21,41.3849983215332,42.1150016784668,40.928001403808594,41.84000015258789,186908554,41.630999374389646,55.29948448850976,-0.836207496603803,48.52666689242777,-47.79009987709744
2022-10-24,42.540000915527344,43.005001068115234,41.861000061035156,41.974998474121094,158492206,41.66599960327149,77.47695287149715,-0.8103503370495031,47.806361081077334,37.52174712401331
2022-10-25,42.974998474121094,43.03499984741211,41.91999816894531,42.880001068115234,114760954,41.813999557495116,87.47547694907865,-0.7646233216900444,50.44809175332832,61.67982906629441
2022-10-26,42.54999923706055,43.68000030517578,42.1349983215332,43.46500015258789,444133025,42.159999465942384,78.16422734861915,-0.7138772347512861,50.07413071381246,67.89926863746742
2022-10-27,42.779998779296875,43.18000030517578,40.8650016784668,41.2599983215332,276735104,42.260999298095705,82.60866360262274,-0.65734890572678,50.36845443106723,20.10127590906824
2022-10-28,41.27000045776367,42.60900115966797,41.1150016784668,42.375,180666966,42.142999267578126,53.42994777365389,-0.6227525979877189,46.84715942100223,-35.81364762573314
2022-10-31,42.02000045776367,42.439998626708984,41.60499954223633,41.60499954223633,167719157,42.07799949645996,67.92270353347904,-0.5903312608093592,51.79242717556425,-5.959729112096945
2022-11-01,42.20500183105469,42.58000183105469,41.904998779296875,42.33000183105469,390847972,42.0379997253418,71.49760982459762,-0.5566756598941313,62.535226488784474,17.535974522987022
2022-11-02,41.775001525878906,42.577999114990234,41.54999923706055,42.53499984741211,134009654,42.15449981689453,48.16328776109921,-0.5296023558900094,50.02457529356323,-3.6273739988336766
2022-11-03,42.22999954223633,42.22999954223633,40.959999084472656,41.599998474121094,163806074,42.172999954223634,60.544188735689694,-0.49960763689388143,48.894465040849894,-16.04359892897175
2022-11-04,42.75,43.132999420166016,41.9900016784668,42.45500183105469,172539079,42.30950012207031,74.69386399329859,-0.45991919384731306,50.39025312489068,73.38092570094716
2022-11-07,42.01499938964844,43.2400016784668,42.01499938964844,42.494998931884766,208317356,42.25699996948242,54.69384323303705,-0.42691370272054774,47.298532703186005,50.18439101707516
2022-11-08,42.849998474121094,43.084999084472656,41.77000045776367,41.970001220703125,267421913,42.24449996948242,77.41491147305474,-0.3855322133711783,61.47540535089763,60.38142812993321
2022-11-09,42.564998626708984,43.15399932861328,42.2400016784668,42.80500030517578,103256571,42.24599990844727,60.39068481641337,-0.34473839687043034,53.019748265331124,65.74570621833045
2022-11-10,43.29999923706055,43.41999816894531,42.323001861572266,42.40999984741211,145619544,42.297999954223634,86.50084357023314,-0.29393916759146427,61.02476369514038,111.19233658816172
2022-11-11,43.51499938964844,43.994998931884766,43.0,43.290000915527344,179249179,42.52249984741211,84.66453790934906,-0.2354315702753468,56.294377590745036,167.62280669320344
2022-11-14,43.60499954223633,43.96500015258789,42.939998626708984,43.75,98066350,42.680999755859375,87.5399446685598,-0.17318708609806327,54.25676529036814,146.63542335725393
2022-11-15,43.71500015258789,43.82500076293945,43.279998779296875,43.60499954223633,81569717,42.83199958801269,91.05434424930836,-0.10971362845228394,58.22160244226804,146.87378853172834
2022-11-16,43.130001068115234,43.69499969482422,42.994998931884766,43.540000915527344,202488766,42.967499542236325,71.49924523037127,-0.057880516754933886,52.35216635364609,99.88197231209281
2022-11-17,44.41999816894531,44.76499938964844,42.84000015258789,43.189998626708984,217856455,43.186499404907224,90.93295156287282,0.004652545979927689,71.81439641904412,171.9347707490572
2022-11-18,45.474998474121094,45.66999816894531,44.53499984741211,44.654998779296875,183817838,43.45899925231934,95.85987828602622,0.08743535386046347,72.95680443346532,249.760419690375
2022-11-21,45.51499938964844,45.86000061035156,45.29800033569336,45.58000183105469,92791927,43.80899925231934,92.95916095370517,0.17900960650143083,72.42546606003654,217.17200072319744
2022-11-22,45.56999969482422,45.974998474121094,45.3849983215332,45.52000045776367,83314627,44.08099937438965,91.92425067622459,0.2717631914001883,77.08779198374137,179.50903231325293
2022-11-23,45.48500061035156,45.70500183105469,45.310001373291016,45.55500030517578,69709484,44.372999572753905,88.34725101264158,0.3584181486875765,74.5290270650971,142.08283809515092
2022-11-24,45.939998626708984,46.18000030517578,45.43600082397461,45.45500183105469,81675544,44.63699951171875,94.55778488047714,0.4431503284366813,74.2770215150222,140.14979563404515
2022-11-25,46.310001373291016,47.35499954223633,45.79999923706055,47.35499954223633,110335789,44.91649971008301,81.28919713074612,0.5271286960840894,84.60921318846701,149.38902235452912
2022-11-28,45.814998626708984,46.34000015258789,45.724998474121094,46.08000183105469,84750573,45.13749961853027,69.89244264527552,0.5971333914670738,75.27706141563277,104.95557660003033
2022-11-29,46.32500076293945,46.60499954223633,45.45000076293945,45.53499984741211,159989227,45.39849967956543,79.53101641412228,0.6614856964127274,80.87027657476739,99.35127631242737
2022-11-30,46.904998779296875,47.19499969482422,46.65599822998047,46.790000915527344,322356192,45.77599945068359,90.0332043461363,0.7266676082736481,80.3706715086851,120.1602073317777
2022-12-01,46.125,47.292999267578125,46.125,47.17499923706055,145222762,45.94649963378906,72.75748153905947,0.7748519107113102,70.07692777193509,91.62666652443995
2022-12-02,46.650001525878906,46.66999816894531,45.83000183105469,46.22999954223633,81679736,46.06399993896484,84.38542388347217,0.8164665885859616,71.95386720015577,78.02988357942384
2022-12-05,46.375,46.94499969482422,46.270999908447266,46.48500061035156,123022931,46.15,78.29458084793592,0.8455336616385432,68.7323872528977,79.02887998437036
2022-12-06,46.42499923706055,46.75,45.564998626708984,45.67499923706055,153067676,46.235499954223634,79.40198381182515,0.8640829614523927,75.09517854984614,60.686572351685804
2022-12-07,46.23500061035156,46.599998474121094,46.06999969482422,46.095001220703125,100195784,46.31049995422363,60.283721521658556,0.8700668028393819,66.605682743062,60.11784587254732
2022-12-08,45.900001525878906,46.599998474121094,45.900001525878906,46.39500045776367,97466662,46.30650024414062,29.265990393709547,0.8605334024863479,54.47842787935113,46.191434600648044
2022-12-09,46.439998626708984,46.439998626708984,45.814998626708984,46.20000076293945,90398849,46.31949996948242,55.25663888495087,0.8484278608978438,58.81791635301776,49.36530948429929
2022-12-12,45.775001525878906,46.415000915527344,45.64500045776367,46.34000015258789,88878353,46.315500259399414,22.738414129129016,0.8228013644377108,51.75065739237399,20.495081618620667
2022-12-13,46.369998931884766,46.779998779296875,45.845001220703125,46.13999938964844,104218283,46.320000076293944,48.67111681847277,0.7976610840607424,56.95207501146208,53.00602926540111
2022-12-14,46.154998779296875,46.36000061035156,45.959999084472656,46.36000061035156,164442396,46.24500007629395,37.00779360171732,0.7688952167193622,51.75510437952431,23.930086959340695
2022-12-15,45.46500015258789,46.02899932861328,45.17499923706055,46.0,92514730,46.17900009155274,13.692205446119653,0.7266038631784533,43.44451310316091,-102.69632741717821
2022-12-16,45.18000030517578,45.64500045776367,44.619998931884766,45.224998474121094,310458569,46.03199996948242,20.950291917780653,0.671848896262062,44.90778328076771,-179.41658451119102
2022-12-19,45.0,45.3650016784668,44.90999984741211,45.20500183105469,58932758,45.894499969482425,14.216274612500731,0.6077492445099476,38.780663803968714,-171.92710114438506
2022-12-20,45.52000045776367,45.790000915527344,44.599998474121094,44.67499923706055,256626712,45.80400009155274,34.16270748519025,0.5480638551403083,38.15226053024711,-124.23708440038321
2022-12-21,46.244998931884766,46.26499938964844,45.40800094604492,45.630001068115234,68006226,45.804999923706056,70.14923673559689,0.5045918254843773,51.03626209060285,-15.906531453034711
2022-12-22,46.099998474121094,46.9900016784668,45.96500015258789,46.98500061035156,56008053,45.82499961853027,62.76142213000279,0.47009742676525834,44.916781601414755,49.22548234317401
2022-12-23,46.029998779296875,46.34299850463867,45.849998474121094,46.21500015258789,21260125,45.783999633789065,59.832568532780016,0.44085003519742944,46.68585868653881,1.9846668423917049
2022-12-28,46.2400016784668,46.59199905395508,46.060001373291016,46.52000045776367,163534062,45.83049964904785,68.61928893499861,0.41877024985559735,48.27588168373152,41.53572155741776
2022-12-29,46.224998474121094,46.224998474121094,45.439998626708984,45.9900016784668,57363872,45.815999603271486,67.99154064083636,0.401146610598634,49.903640209742406,-20.66528302896916
2022-12-30,45.40999984741211,46.16999816894531,45.40999984741211,45.94499969482422,70883064,45.741499710083005,33.8912254099996,0.3733227363073399,45.67899324185676,-67.25927777119409
2023-01-03,47.130001068115234,47.130001068115234,45.76499938964844,46.04999923706055,207335617,45.90799980163574,100.0,0.3671548626607713,55.036515292762765,125.15888214116417
2023-01-04,47.44499969482422,47.48500061035156,46.974998474121094,47.35499954223633,151327410,46.13449974060059,98.61348749018228,0.3790726797161347,62.84613976111779,213.38884415851194
2023-01-05,48.314998626708984,48.470001220703125,46.85499954223633,47.375,227269311,46.465999603271484,95.99476785562909,0.4147178471857088,64.35423805732574,261.1478770728151
2023-01-06,48.005001068115234,48.4640007019043,47.83000183105469,48.404998779296875,307068898,46.71449966430664,87.98450070872491,0.4574752237829537,63.46435645158694,229.26144730364135
2023-01-09,48.25,48.685001373291016,47.85499954223633,48.224998474121094,213765647,46.91499977111816,89.35125912935317,0.5053151192355458,71.67315313710647,194.65960459499496
2023-01-10,48.03499984741211,48.310001373291016,47.744998931884766,47.744998931884766,101136392,47.108499908447264,84.08810123461632,0.5492508754344858,72.46262586851148,138.7930217591713
2023-01-11,48.07500076293945,48.119998931884766,47.3380012512207,48.04999923706055,207144770,47.31300010681152,85.06731511805009,0.5878227452423767,74.73854133100093,104.2667507423477
2023-01-12,48.75,48.84000015258789,47.790000915527344,48.150001525878906,163754936,47.56399993896484,97.37761732530973,0.6304400854800373,75.35321886844203,127.9811605741757
2023-01-13,49.6150016784668,49.97999954223633,48.755001068115234,48.9900016784668,176454914,47.90300025939941,92.01317531414911,0.6857226729120185,75.88326913002663,160.47677496522644
2023-01-16,49.75,49.904998779296875,49.375,49.755001068115234,185729358,48.3370002746582,94.9671869235174,0.7466365060313456,78.07693481445312,146.20820089477976
2023-01-17,49.5,49.90700149536133,49.31999969482422,49.900001525878906,366897570,48.57400016784668,89.49672703961109,0.8021963514498042,75.97306184263576,123.88730121564602
2023-01-18,49.46500015258789,50.06999969482422,49.15999984741211,49.45500183105469,118916752,48.77600021362305,87.01717678011708,0.8491011123196638,74.78862287318076,111.5626037692417
2023-01-19,48.80500030517578,49.2869987487793,48.415000915527344,48.845001220703125,142937793,48.82500038146973,72.85408946202125,0.8756570235141367,68.04198624787124,67.95183219685586
2023-01-20,49.275001525878906,49.5,48.87200164794922,49.099998474121094,233192896,48.95200042724609,81.53314488759715,0.8935693606988167,78.39826356908978,82.40231696918113
2023-01-23,49.810001373291016,49.810001373291016,49.29800033569336,49.529998779296875,91787188,49.10800056457519,91.91296083379905,0.9116240636116919,73.84343980103824,98.87491293744355
2023-01-24,50.130001068115234,50.2599983215332,49.67300033569336,50.0,147224990,49.31750068664551,96.18216446336545,0.9318491738371935,73.8666950593364,110.43035598552576
2023-01-25,50.95000076293945,51.5,49.95000076293945,50.130001068115234,174361498,49.60500068664551,86.78521378167497,0.9633331630728792,73.63231909087675,139.93942161772802
2023-01-26,52.5,52.66999816894531,51.0,51.20000076293945,183069130,49.98000068664551,96.81173542354826,1.0227572582270406,82.97872221329732,184.18705645735875
2023-01-27,52.59000015258789,52.86000061035156,52.41600036621094,52.77000045776367,107285597,50.277500534057616,95.11045836473677,1.095683390415785,82.58258447463999,189.72192600650445
2023-01-30,52.97999954223633,53.06999969482422,51.981998443603516,52.529998779296875,236093951,50.60050048828125,98.4298643226548,1.1769743578895264,86.17410649006504,174.93988987858722
2023-01-31,52.58000183105469,52.99300003051758,52.15999984741211,52.790000915527344,262819310,50.90850067138672,90.71973528306795,1.250182542720116,81.3064881701902,150.7894195808149
2023-02-01,52.97999954223633,53.08000183105469,52.369998931884766,52.75,360728092,51.26000061035156,97.85632863467391,1.3180192129241088,80.56360544311438,136.10064366794464
2023-02-02,53.4900016784668,53.77000045776367,52.790000915527344,53.04999923706055,233055500,51.72850074768066,94.77126417867174,1.3840657653017379,79.51258996359039,135.15158590742982
2023-02-03,53.33000183105469,53.5,52.400001525878906,53.41999816894531,113217034,52.13400077819824,91.78340496131518,1.4398207671286611,77.1623962100759,106.7098516464274
2023-02-06,52.83000183105469,53.7400016784668,52.47999954223633,53.540000915527344,189494435,52.43600082397461,82.44633600255311,1.474943604373039,74.34213168074314,92.21155889798365
2023-02-07,53.45000076293945,53.70000076293945,52.959999084472656,53.130001068115234,187980494,52.768000793457034,94.0242815652869,1.5018234294282427,76.83503748937792,94.66691916998121
2023-02-08,53.650001525878906,53.970001220703125,53.22999954223633,53.72999954223633,187038913,53.038000869750974,93.72303409881698,1.5218955452705818,84.78107514820641,94.14300860418976
2023-02-09,53.970001220703125,54.33000183105469,53.481998443603516,53.61000061035156,248265487,53.18500099182129,92.8457769600541,1.5382852078265092,84.44609881836654,97.33139063335993
2023-02-10,53.290000915527344,54.099998474121094,53.0099983215332,53.4900016784668,225038197,53.255001068115234,77.66801413821209,1.5371525359400304,75.00001370222651,72.78162532037013
2023-02-13,53.06999969482422,53.70000076293945,53.040000915527344,53.43000030517578,72370911,53.264001083374026,71.2328349551599,1.518083108272047,71.42857142857143,60.14114776195784
2023-02-14,53.790000915527344,54.040000915527344,52.999000549316406,53.119998931884766,139594661,53.385000991821286,83.78376520723074,1.496798100964404,71.00592350401475,70.99351506265914
2023-02-15,52.380001068115234,53.24399948120117,50.91899871826172,53.0,217595392,53.32500114440918,42.83204387512945,1.4493329768119074,49.093663510225056,-1.3648963708353647
2023-02-16,52.939998626708984,53.060001373291016,52.45000076293945,52.650001525878906,88714159,53.2700008392334,59.24943020038605,1.393577973813866,52.46825567631551,26.014814786171303
2023-02-17,50.90999984741211,51.79999923706055,50.290000915527344,51.2400016784668,382886231,53.02800064086914,15.346504737210852,1.2999861137389874,38.14432584259844,-107.49272285022248
2023-02-20,51.540000915527344,51.939998626708984,51.02000045776367,51.09000015258789,112028222,52.899000549316405,30.940587047783794,1.1946734524074931,44.196422869453045,-90.89884276856444
2023-02-21,50.970001220703125,51.560001373291016,50.73500061035156,51.560001373291016,232515990,52.651000595092775,16.831686907848642,1.0757181689651805,38.99234344805975,-141.70801415430066
2023-02-22,51.2599983215332,51.540000915527344,49.435001373291016,50.099998474121094,256234450,52.412000274658205,37.28287594636824,0.9566227418773812,37.4859464092594,-172.0022244025107
2023-02-23,52.0,52.310001373291016,51.07699966430664,51.29999923706055,221996856,52.21500015258789,52.400375624905024,0.8533086124030327,42.99261258987051,-73.8224553800975
2023-02-24,51.65999984741211,52.15999984741211,51.5,52.0,340229657,52.05200004577637,45.45451003160081,0.7579324251306,43.729891573442345,-67.45383733525016
2023-02-27,51.790000915527344,52.29999923706055,51.70000076293945,51.84000015258789,124339369,51.92400016784668,48.11030279887313,0.6728779733897203,40.6108607536271,-49.15634445485425
2023-02-28,52.619998931884766,52.939998626708984,51.31999969482422,51.400001525878906,301689386,51.80699996948242,65.0663383195851,0.6104601890045769,44.56175883775367,-18.751438542454256
2023-03-01,51.959999084472656,52.88999938964844,51.959999084472656,52.619998931884766,363460753,51.76499977111816,54.12645831510482,0.5535813982212501,39.755338244352224,-18.480926820064685
2023-03-02,51.34000015258789,51.869998931884766,51.02000045776367,51.79999923706055,307246676,51.60499992370605,41.36805577990893,0.49200257668487735,39.9999921749769,-78.26566542072831
2023-03-03,51.790000915527344,51.790000915527344,51.2400016784668,51.310001373291016,106907605,51.69300003051758,51.1400602896188,0.43676405646392336,43.58717771910056,-57.62313459613054
2023-03-06,51.77000045776367,51.9900016784668,51.16999816894531,51.7400016784668,112701267,51.71599998474121,61.30218546508484,0.3870806395273291,39.116370938403705,-50.295898272467284
2023-03-07,51.349998474121094,52.18600082397461,51.209999084472656,52.130001068115234,207997923,51.75399971008301,52.82750622979526,0.33590041909834634,43.78767820141332,-50.37511729737421
2023-03-08,51.599998474121094,51.880001068115234,50.7599983215332,50.880001068115234,243927689,51.7879997253418,61.768867257138005,0.28968800195223887,41.604008587371624,-59.568210614560094
2023-03-09,51.459999084472656,51.689998626708984,51.29600143432617,51.56999969482422,148173542,51.73399963378906,57.77458767498101,0.2461179728805715,54.515592966174474,-48.87008336992919
2023-03-10,49.775001525878906,50.237998962402344,48.90999984741211,49.70000076293945,255384226,51.54549980163574,21.464068001968876,0.17904404980567315,37.648703856556644,-228.28118734268455
2023-03-13,47.224998474121094,50.060001373291016,47.18000030517578,50.0,389541898,51.088999557495114,0.7812184385035521,0.05966258021846296,29.479437005029965,-316.46590478686795
2023-03-14,48.23500061035156,48.76900100708008,46.53499984741211,47.435001373291016,225025720,50.650499725341795,26.541781216796345,-0.07026806114535017,34.63689099038325,-255.41077935251084
2023-03-15,46.01499938964844,48.58000183105469,45.573001861572266,48.275001525878906,259713819,50.055999755859375,5.9996975995410144,-0.2352582078561153,23.576166926369126,-242.78604613766393
2023-03-16,47.46500015258789,47.915000915527344,46.744998931884766,46.849998474121094,323320146,49.66849975585937,25.682083911984897,-0.3899038008292883,33.132296161498914,-161.46658036447587
2023-03-17,46.25,48.702999114990234,45.79999923706055,47.814998626708984,587411174,49.11449966430664,9.189608194638192,-0.5484547985912135,29.51183740817362,-146.66542928931474
2023-03-20,46.10499954223633,46.72999954223633,43.65800094604492,44.810001373291016,275273771,48.54799957275391,26.50562184493038,-0.7022054813084376,24.62019485112731,-163.91022570886432
2023-03-21,48.15999984741211,48.69499969482422,46.64500045776367,46.64500045776367,185822724,48.22899971008301,52.79079462721712,-0.8105007567155126,36.647936324880156,-72.16644277148225
2023-03-22,47.76499938964844,49.040000915527344,47.70000076293945,47.81999969482422,220510728,47.84549980163574,48.1589880674407,-0.8890831525852121,37.236706380713905,-54.857522637481146
2023-03-23,46.849998474121094,48.119998931884766,46.849998474121094,47.61000061035156,238689623,47.38449974060059,37.429615077000705,-0.9574945770094976,32.93020241873276,-75.23398740798324
2023-03-24,45.71500015258789,46.60499954223633,44.900001525878906,46.45000076293945,256017626,46.97849960327149,24.120535131179427,-1.0318707051704799,30.574277520881083,-109.73503026474334
2023-03-27,46.31999969482422,46.79999923706055,45.845001220703125,46.36000061035156,154546828,46.8879997253418,32.37653501893894,-1.0940822181270504,34.05200565455543,-83.71079691085716
2023-03-28,46.400001525878906,47.189998626708984,46.084999084472656,46.95500183105469,238545475,46.70449981689453,34.13846329207709,-1.1416379384574693,33.333349635452024,-70.75715269627506
2023-03-29,47.125,47.18000030517578,46.334999084472656,46.334999084472656,94511578,46.81549987792969,52.68997111148601,-1.1633457914440783,36.607977463949524,-56.207497550227
2023-03-30,47.77000045776367,48.095001220703125,47.2400016784668,47.45000076293945,250162359,46.84599990844727,64.22991623397284,-1.1547726344385982,43.38065368939842,-23.531123355412284
2023-03-31,47.67499923706055,48.1349983215332,47.41299819946289,47.70000076293945,151161530,46.98849983215332,74.637649828934,-1.1265530746383243,51.773051777350446,-16.81476076156224
2023-04-03,48.23500061035156,48.834999084472656,46.78799819946289,48.119998931884766,134199094,47.201499938964844,85.0427292876184,-1.0759967089557996,50.0,0.6512036941789464
2023-04-04,48.10499954223633,48.83000183105469,48.03499984741211,48.3849983215332,186226167,47.19599990844726,82.62725049065853,-1.0137119912753951,60.2955618369618,33.64742949131978
2023-04-05,48.43000030517578,48.96500015258789,48.025001525878906,48.30500030517578,122312644,47.2625,88.66591204365568,-0.9398455855616705,55.34625806950649,59.88718600683632
2023-04-06,49.02000045776367,49.303001403808594,48.305999755859375,48.369998931884766,143126790,47.479500198364256,94.98669755366086,-0.8510369951609393,66.48808748003529,111.72443090458307
2023-04-11,49.43000030517578,49.90299987792969,48.90999984741211,48.90999984741211,189565733,47.851000213623045,90.54567802206013,-0.7490374323687407,69.18637592511311,158.28029477984794
2023-04-12,49.880001068115234,50.29999923706055,49.474998474121094,49.57500076293945,251841134,48.20700035095215,92.22225283400338,-0.6352303020862233,62.18130281001417,173.2292413403697
2023-04-13,48.505001068115234,48.79999923706055,48.025001525878906,48.279998779296875,163910295,48.41750030517578,66.75927907842527,-0.5404778786631331,54.601997780454816,61.02962809457848
2023-04-14,48.935001373291016,49.189998626708984,48.220001220703125,48.345001220703125,154711084,48.598500442504886,74.72225106793908,-0.4545433928131037,63.798820398293564,78.614432140195
2023-04-17,48.45000076293945,49.33000183105469,48.24100112915039,49.20500183105469,152695130,48.66650047302246,58.473640901108105,-0.38534255228909137,69.80447553900157,64.40856380623819
2023-04-18,48.82500076293945,49.244998931884766,48.69499969482422,48.79499816894531,100322887,48.78150062561035,65.00596866608684,-0.3233964792737246,68.76403364245208,75.08764960125136
2023-04-19,49.255001068115234,49.380001068115234,48.720001220703125,48.78499984741211,100329243,48.88350067138672,73.64443559319261,-0.26164737977112446,70.32026599144314,83.62344608981971
2023-04-20,49.005001068115234,49.834999084472656,48.834999084472656,49.56999969482422,132038364,48.97350082397461,63.12648672133818,-0.20665098596607384,64.35113814722386,83.24131861017004
2023-04-21,48.86000061035156,49.595001220703125,48.6349983215332,49.54999923706055,111401952,49.016500854492186,58.99777331233368,-0.16061245732961918,59.008255499936006,62.793053108557125
2023-04-24,48.90999984741211,49.3650016784668,48.599998474121094,48.70500183105469,145956656,49.00550079345703,60.42144137294303,-0.12143818388005709,60.28309413941008,53.214894480118325
2023-04-25,48.22999954223633,48.7239990234375,47.845001220703125,48.599998474121094,181788757,48.88550071716308,15.682225360998068,-0.09919209827798434,49.95917497958749,-10.171019547043723
2023-04-26,48.599998474121094,48.685001373291016,47.67300033569336,48.310001373291016,134294890,48.75750045776367,35.287343970539546,-0.08259325371394152,53.888443058541355,-17.216092184287117
2023-04-27,48.81999969482422,49.266998291015625,48.51499938964844,48.63999938964844,111447928,48.78900032043457,43.66196569530038,-0.06670589156994422,53.115010036428515,34.99773799974014
2023-04-28,48.20000076293945,48.61600112915039,47.244998931884766,48.560001373291016,227729312,48.71550025939941,31.260285946182183,-0.061836999229817294,43.48172038576348,-91.09603941781445
2023-05-02,47.68000030517578,48.755001068115234,47.68000030517578,48.0,227428509,48.63850021362305,14.238996066679153,-0.07228487025152128,36.32812825962824,-94.73600768432826
2023-05-03,45.97999954223633,48.05500030517578,45.29999923706055,47.599998474121094,359768316,48.354000091552734,14.994494554698218,-0.11874306460388978,24.50979903281238,-280.0988129422818
2023-05-04,45.35499954223633,46.36000061035156,45.04999923706055,45.904998779296875,199743764,47.96399993896485,6.374092265451916,-0.19503728717557267,27.17390703418964,-300.0045471888642
2023-05-05,45.810001373291016,46.3650016784668,45.5099983215332,45.59000015258789,177734509,47.644499969482425,15.883012757910613,-0.2783288670956419,27.4368330479886,-206.57688111530373
2023-05-09,46.130001068115234,46.41999816894531,45.612998962402344,45.779998779296875,438134925,47.37150001525879,22.570571901664515,-0.3559001967633565,32.8402443662695,-155.00303105353817
2023-05-10,46.16999816894531,46.84000015258789,45.900001525878906,46.529998779296875,144013742,47.09749984741211,23.406457003138655,-0.42437046818758734,29.33849876059432,-115.49722183406827
2023-05-11,45.875,46.53499984741211,45.334999084472656,46.150001525878906,183347019,46.861999893188475,17.241395804550372,-0.48728634520660796,23.131934610357916,-118.02644733393007
2023-05-12,45.560001373291016,46.29499816894531,45.560001373291016,46.040000915527344,236333824,46.55800018310547,11.221164216560563,-0.5473376761490149,22.895342164468488,-106.00384476726218
2023-05-15,46.27000045776367,46.27000045776367,45.61000061035156,45.915000915527344,288425062,46.30300025939941,28.27347695093144,-0.5898704611080562,31.28611079720072,-81.10322330397666
2023-05-16,45.70000076293945,46.375,45.70000076293945,46.119998931884766,236238207,46.05300025939941,15.413840922474877,-0.6269429000914358,28.42741046478838,-77.73924380337628
2023-05-17,46.29499816894531,46.29499816894531,45.1349983215332,45.5,267678810,45.914500045776364,29.523339131819213,-0.6477277356969069,36.84565940913879,-70.66540763893252
2023-05-18,46.5099983215332,46.98500061035156,46.3849983215332,46.849998474121094,152617500,45.96749992370606,34.62175508679184,-0.6523077372245135,35.48609620993571,-30.60174900952944
2023-05-19,46.720001220703125,46.92100143432617,46.44499969482422,46.65999984741211,143678822,46.104000091552734,45.07425528497473,-0.6416535565573359,35.39638394027209,-22.39702984633697
2023-05-22,46.939998626708984,47.025001525878906,46.619998931884766,46.775001525878906,383664314,46.21699981689453,51.01210406447813,-0.617037007008519,40.721624579483986,-7.323291083491329
2023-05-23,47.59000015258789,47.59000015258789,46.8849983215332,47.15999984741211,162101962,46.362999725341794,84.52579077186341,-0.5731828084773931,49.349709349599095,32.08270303337197
2023-05-24,46.76499938964844,47.459999084472656,46.599998474121094,47.21500015258789,382800439,46.42249984741211,67.51966670971966,-0.5314257395831437,56.49297419823444,11.830458352381797
2023-05-25,45.83000183105469,47.18000030517578,45.83000183105469,46.439998626708984,268083564,46.418000030517575,28.309694140753678,-0.5068781986781403,53.73723755539723,-36.66609920310768
2023-05-26,45.505001068115234,46.095001220703125,45.30500030517578,46.0,261876412,46.4125,15.071383731843298,-0.4984339985816968,47.55019474900787,-89.13836880874112
2023-05-30,45.21500015258789,46.02000045776367,44.935001373291016,45.21500015258789,324448861,46.30699996948242,10.546098231014149,-0.5040164827808248,42.6149952585623,-112.79609206126868
2023-05-31,44.16999816894531,45.38600158691406,44.16999816894531,45.07500076293945,409055760,46.153999710083006,0.0,-0.5336216187119629,36.11110522423012,-194.52982731824844
2023-06-01,44.665000915527344,45.5,44.0359992980957,44.4900016784668,411702007,45.99099998474121,17.698409290943047,-0.5676180258797965,41.824332196141384,-171.2522078698779
2023-06-02,45.44499969482422,45.50199890136719,44.68000030517578,44.779998779296875,120367137,45.884500122070314,39.645471523946505,-0.588846507678452,49.268902390817956,-98.25192235382107
2023-06-05,44.72999954223633,45.869998931884766,44.529998779296875,45.76499938964844,121146438,45.68549995422363,19.527295365262006,-0.6110247786566956,40.216007763172826,-110.58850100551294
2023-06-06,45.17499923706055,45.44499969482422,44.150001525878906,44.564998626708984,302399488,45.50900001525879,32.04838675053131,-0.6241433781807192,46.6107079425466,-110.15154101816604
2023-06-07,45.5099983215332,45.790000915527344,45.112998962402344,45.400001525878906,149262992,45.30099983215332,41.47435759826546,-0.6241285887396077,44.75618314409354,-44.5525593477154
2023-06-08,45.33000183105469,45.96500015258789,45.26499938964844,45.72999954223633,94021170,45.15750007629394,36.40974175128266,-0.6173320443955751,42.080561277600864,-35.17137722707353
2023-06-09,45.26499938964844,45.775001525878906,45.189998626708984,45.5,97731521,45.10099983215332,34.58074834166971,-0.6062711649337265,40.04105564496842,-43.29501727253229
2023-06-12,44.974998474121094,45.564998626708984,44.974998474121094,45.404998779296875,122260019,45.04799957275391,26.42090462185776,-0.5963622930251089,36.677971957980944,-62.39660387926461
2023-06-13,45.29499816894531,45.400001525878906,44.755001068115234,45.05500030517578,276655969,45.05599937438965,36.7698291296273,-0.5812302780378416,33.71184288541562,-59.16013196784562
2023-06-14,45.28499984741211,45.375,45.0099983215332,45.35499954223633,173033551,45.16749954223633,39.72646785111523,-0.5624525193942164,38.12199317028308,-47.86844994778906
2023-06-15,44.95500183105469,45.23500061035156,44.779998779296875,45.23500061035156,173716601,45.19649963378906,44.63339848635029,-0.5463570229464035,42.22222222222222,-65.7298093413902
2023-06-16,45.04499816894531,45.18199920654297,44.7599983215332,45.11000061035156,413600501,45.15649948120117,50.85676819959469,-0.5301053718181742,45.732808192759144,-61.73962146943846
2023-06-19,45.040000915527344,45.13999938964844,44.84000015258789,44.8650016784668,457173034,45.187499618530275,52.04775389775271,-0.5134792952561958,48.285998880621825,-57.770504330506235
2023-06-20,44.814998626708984,45.165000915527344,44.7599983215332,45.0,143254729,45.151499557495114,40.38356576147573,-0.49990955941926896,57.52627338565013,-66.68463837263715
2023-06-21,43.744998931884766,44.48500061035156,43.422000885009766,43.82500076293945,216406659,44.974999618530276,12.70146047594475,-0.5048986519082435,40.53493791684099,-218.62189468052384
2023-06-22,42.90999984741211,43.560001373291016,42.90999984741211,43.279998779296875,241900678,44.73299942016602,0.0,-0.5334296785323216,24.21154346164144,-306.5629624166476
2023-06-23,42.31999969482422,42.7599983215332,42.17300033569336,42.654998779296875,190268748,44.438499450683594,3.876565565112419,-0.5834180035367593,24.843370097326755,-295.69965794003684
2023-06-26,41.959999084472656,42.189998626708984,41.2400016784668,42.029998779296875,307235863,44.13699951171875,15.238045259682067,-0.6486487487085377,15.834147488416022,-255.54286364285474
2023-06-27,42.5,42.69499969482422,42.040000915527344,42.04999923706055,175392127,43.85749969482422,26.66663975521342,-0.7099198431673097,19.34823735068467,-157.09467849908978
2023-06-28,42.650001525878906,42.79999923706055,42.275001525878906,42.55500030517578,139013995,43.5939998626709,31.091508155545444,-0.7614859355908707,22.540965025147315,-119.42428475963669
2023-06-29,42.77000045776367,43.0,42.5,42.650001525878906,153320601,43.3754997253418,35.375719280419695,-0.8006158476287693,24.7213566889468,-92.42862124300703
2023-06-30,43.59000015258789,44.10499954223633,42.93000030517578,43.209999084472656,198448419,43.22999992370605,56.49035000765691,-0.8149923664032441,37.32845181713161,-40.08733117216982
2023-07-03,44.224998474121094,44.369998931884766,43.875,43.915000915527344,90072762,43.14849967956543,72.18858542480615,-0.8011117371517587,40.74393310409916,-0.9445100482950459
2023-07-04,43.880001068115234,44.435001373291016,43.880001068115234,44.32500076293945,167430547,43.054999923706056,66.08260564422568,-0.7739260568929451,38.5118477262746,-4.0403235850679
2023-07-05,43.83000183105469,44.26499938964844,43.52000045776367,43.70000076293945,191321250,43.063500213623044,65.70273406162937,-0.7388599212984476,40.35988305500494,-11.763601236857479
2023-07-06,43.29999923706055,44.0099983215332,43.02899932861328,43.349998474121094,218259259,43.10250015258789,52.4840244335052,-0.7074645643661047,36.09562096910975,-34.56775594544565
2023-07-07,43.095001220703125,43.275001525878906,42.685001373291016,43.209999084472656,92266441,43.18000030517578,47.2611440206431,-0.6816739456483993,34.98069379786047,-57.62758244478278
2023-07-10,43.04499816894531,43.345001220703125,42.900001525878906,42.98500061035156,84664497,43.288500213623045,55.62394713733032,-0.6599923517881043,35.95237561814754,-46.15761524822638
2023-07-11,43.369998931884766,43.369998931884766,42.720001220703125,42.97999954223633,237726887,43.37550010681152,66.66658706942869,-0.6353333466507969,46.62466265167799,-36.76323085971273
2023-07-12,44.525001525878906,44.887001037597656,43.48500061035156,43.54999923706055,376682366,43.56300010681152,90.07404509648664,-0.59022537857872,63.74468621132306,60.263077486927855
2023-07-13,44.724998474121094,44.849998474121094,44.07500076293945,44.380001068115234,128402399,43.75849990844726,95.55792180026128,-0.5301289533951272,71.92341396241636,85.61286733474577
2023-07-14,44.36000061035156,44.84000015258789,44.36000061035156,44.665000915527344,135149204,43.835499954223636,81.48927275553245,-0.46840346420366324,71.85794589937255,87.9161690059897
2023-07-17,44.84000015258789,45.05500030517578,44.137001037597656,44.209999084472656,83672031,43.89700012207031,92.26617816565124,-0.4001669627942653,71.54697665726925,105.67454570233366
2023-07-18,45.689998626708984,45.83000183105469,44.744998931884766,44.994998931884766,113536894,44.077999877929685,95.79570188099984,-0.3169532645548792,74.79608772195121,165.25030146800472
2023-07-19,46.69499969482422,47.125,46.18000030517578,46.7599983215332,178293923,44.36449966430664,90.31530544651304,-0.21195774338648338,77.97577842440668,218.38779785388462
2023-07-20,46.334999084472656,47.025001525878906,46.099998474121094,46.76499938964844,145067305,44.66799964904785,82.20718108390705,-0.10407434121630986,70.93821816588326,171.71687399439745
2023-07-21,45.85499954223633,46.584999084472656,45.7869987487793,46.415000915527344,113659310,44.943999481201175,71.39637723930961,-0.007457203271466081,62.73438789882227,128.3933063761856
2023-07-24,46.04499816894531,46.05500030517578,45.3120002746582,45.48500061035156,78816082,45.24399948120117,75.67562691218204,0.08008194209340604,67.33384684644513,100.59069473543688
2023-07-25,46.095001220703125,46.43000030517578,45.779998779296875,45.97999954223633,95683621,45.51649971008301,76.80182211992415,0.15795747746928035,68.13449474372209,106.37218352369374
2023-07-26,45.33000183105469,45.459999084472656,43.70500183105469,44.2599983215332,313097530,45.59699974060059,59.572100807702256,0.21312854956167274,65.66360136881708,20.572203324149957
2023-07-27,45.04999923706055,45.72700119018555,44.900001525878906,45.185001373291016,186380226,45.62949981689453,52.89440776483792,0.24622370423274653,64.91225619851545,40.63475277792314
2023-07-28,45.125,45.47100067138672,44.810001373291016,44.8650016784668,245836995,45.705999755859374,54.59703622621118,0.26438259859167423,65.80548064012689,29.43192471060943
2023-07-31,44.935001373291016,45.29499816894531,44.85499954223633,45.064998626708984,113386275,45.71549987792969,39.83519247456519,0.2685939165593772,62.14121423980093,18.77489580539145
2023-08-01,44.34000015258789,44.92499923706055,44.23500061035156,44.599998474121094,111305751,45.58050003051758,18.567212324824993,0.25373732277249156,48.42819519069278,-22.329705020206422
2023-08-02,43.2599983215332,44.08000183105469,43.1349983215332,43.68000030517578,144873986,45.236999893188475,3.1328307623176905,0.20989902137177485,39.17221390488918,-95.04264286279613
2023-08-03,42.92499923706055,43.185001373291016,41.959999084472656,42.20000076293945,409948546,44.895999908447266,18.683445915505025,0.1443705062405337,39.346693166570475,-145.44371020728667
2023-08-04,43.13999938964844,43.275001525878906,42.724998474121094,43.13999938964844,119146267,44.62449989318848,22.846081239373873,0.07178325067396214,36.862446368758896,-120.40481981695213
2023-08-07,43.16999816894531,43.4900016784668,42.915000915527344,43.255001068115234,107514647,44.33699989318848,23.426890028907497,-0.0011081383109124154,27.699132072796516,-110.99516712776288
2023-08-08,42.685001373291016,43.154998779296875,42.314998626708984,42.88999938964844,165406529,43.99599990844727,14.313957341688257,-0.07810438011550293,10.91620383417893,-140.00259117209552
2023-08-09,42.779998779296875,43.43000030517578,42.69499969482422,43.19499969482422,306523528,43.74099960327148,17.72972313133446,-0.1519435501064405,13.463495722675702,-109.99231111509891
2023-08-10,43.0,43.275001525878906,42.875,43.02000045776367,162978357,43.53599967956543,23.266233367241743,-0.21607685627156809,19.001087665148248,-92.3400606856635
2023-08-11,42.95000076293945,43.20500183105469,42.720001220703125,42.92499923706055,135777375,43.31849975585938,22.147682508039026,-0.2710699669022372,15.341575585254844,-86.44418643838124
2023-08-14,42.84000015258789,43.08000183105469,42.685001373291016,42.810001373291016,574256117,43.10899963378906,23.360779830217204,-0.31858852252225633,14.033119176261025,-80.87027388688267
2023-08-15,42.474998474121094,42.96500015258789,42.23500061035156,42.755001068115234,98089646,42.92249946594238,13.671332672403055,-0.3640284315771621,15.393898703835234,-86.72360604990328
2023-08-16,42.09000015258789,42.41999816894531,42.018001556396484,42.26499938964844,168642832,42.80549964904785,3.7026775664176412,-0.4110961790491283,15.011795813388076,-97.50585519929938
2023-08-17,42.415000915527344,42.66999816894531,41.95800018310547,41.994998931884766,121142791,42.75449981689453,13.694965785448584,-0.4505946863004938,19.754445659245036,-82.85029043138681
2023-08-18,42.244998931884766,42.619998931884766,41.95500183105469,42.25,139696325,42.66499977111816,9.764220677218532,-0.4849636493279301,19.84301576684838,-82.66199335780638
2023-08-21,42.09000015258789,42.71200180053711,42.06999969482422,42.06999969482422,114254017,42.55699996948242,6.352862189797794,-0.5156834203201267,22.01490200395135,-78.74722972293269
2023-08-22,41.724998474121094,42.400001525878906,41.724998474121094,42.34000015258789,283173044,42.46099967956543,0.0,-0.5471536090591858,26.777587331267284,-101.67252838301401
2023-08-23,41.869998931884766,42.25,41.76300048828125,41.904998779296875,137362304,42.369999694824216,8.215308471206113,-0.5738839544386641,33.065794082132996,-98.63318884486793
2023-08-24,42.130001068115234,42.6349983215332,42.03499984741211,42.334999084472656,88778714,42.28299980163574,22.946280947080627,-0.5907860291043779,34.01901312811228,-71.08905907806093
2023-08-25,41.79499816894531,42.505001068115234,41.73500061035156,42.11000061035156,89999773,42.16749954223633,4.105549539551991,-0.6046401541438533,30.15875287615735,-93.4583208087287
2023-08-29,42.904998779296875,42.959999084472656,42.16999816894531,42.16999816894531,192034758,42.17399940490723,69.20815471769033,-0.5967701186141484,52.68944972397127,-3.191612996893869
2023-08-30,42.82500076293945,43.57500076293945,42.80500030517578,43.095001220703125,110852442,42.20899963378906,59.45950961611821,-0.5756125221876824,50.55217044125893,76.81932399447807
2023-08-31,42.35499954223633,43.220001220703125,42.35499954223633,42.959999084472656,321802013,42.23549957275391,34.054069658347885,-0.5534223137815782,42.54336177813059,11.14888996941242
2023-09-01,42.1150016784668,42.58000183105469,42.06999969482422,42.400001525878906,313465005,42.20549964904785,21.081228207280084,-0.5343157959317014,40.75306991826506,-58.03585033941683
2023-09-04,41.974998474121094,42.57500076293945,41.79800033569336,42.31999969482422,64586808,42.17849960327148,13.513496794627263,-0.51915952639635,40.48405006685148,-75.8890310083315
2023-09-05,41.7599983215332,42.2599983215332,41.46500015258789,41.685001373291016,66880505,42.14549942016602,13.98095182996941,-0.5095206449579246,41.86576977324509,-119.42228717297007
2023-09-06,41.494998931884766,41.70000076293945,41.22999954223633,41.459999084472656,102192028,42.12249946594238,11.300607748467614,-0.5069118514564103,43.04093629870756,-164.5679830000405
2023-09-07,41.029998779296875,41.66699981689453,41.029998779296875,41.20000076293945,75967110,42.038499450683595,0.0,-0.515109589350553,34.31484195173877,-187.43587914732274
2023-09-08,41.34000015258789,41.415000915527344,40.70500183105469,41.060001373291016,147483289,41.95949935913086,22.125385291213036,-0.5235309829936468,40.06589239473799,-178.07709855316008
2023-09-11,41.58000183105469,41.974998474121094,41.277000427246094,41.599998474121094,156914685,41.9379997253418,30.4878162245648,-0.5266287767390979,44.504341263335995,-90.26217304172354
2023-09-12,42.47999954223633,42.4900016784668,41.665000915527344,41.95000076293945,165061570,41.895499801635744,61.84663316289029,-0.510668218386527,57.29468663132825,19.50979505827016
2023-09-13,42.599998474121094,42.88999938964844,42.474998474121094,42.7400016784668,111797115,41.872999572753905,66.02778217140093,-0.4805205039623271,57.08736684683376,99.31973418920188
2023-09-14,43.22999954223633,43.35499954223633,42.3849983215332,42.630001068115234,174804740,41.9604995727539,87.97904706966013,-0.43191444544989877,59.96374658266968,139.26182479163757
2023-09-15,43.20000076293945,43.69499969482422,43.06999969482422,43.525001525878906,410881995,42.068999481201175,83.4448399484569,-0.37378125697998044,63.470781906851165,167.919958065652
2023-09-18,42.154998779296875,43.220001220703125,42.095001220703125,43.165000915527344,95176139,42.08699951171875,48.4949158597109,-0.3285445590514093,42.71844875937193,40.88456595839848
2023-09-19,42.900001525878906,42.900001525878906,41.630001068115234,41.96500015258789,192122023,42.20099983215332,73.41141348030773,-0.2811276107891691,50.64488978718408,36.8218373851335
2023-09-20,44.560001373291016,44.70000076293945,42.959999084472656,43.0,301530724,42.507500076293944,96.49563386535404,-0.20770472389581368,65.73876012895356,213.341131954669
2023-09-21,44.42499923706055,45.595001220703125,44.130001068115234,44.16999816894531,228768917,42.84700012207031,76.07357608020695,-0.12351124669979723,66.73909053315023,232.0456584729795
2023-09-22,45.34000015258789,46.05500030517578,44.24300003051758,44.34000015258789,341794656,43.24700012207031,86.63550735488103,-0.022100721040841653,71.92181542647283,220.74190548045186
2023-09-25,44.75,45.474998474121094,44.435001373291016,45.0,157412846,43.56399993896484,75.60746397427395,0.07542227388324788,68.57142315571392,158.18882446097518
2023-09-26,44.92499923706055,44.92499923706055,44.435001373291016,44.775001525878906,115017094,43.80849990844727,78.87847868403603,0.1680164313149118,71.54520987526526,124.8728037746694
2023-09-27,44.56999969482422,45.29999923706055,44.279998779296875,44.84000015258789,146505711,44.00550003051758,72.242971329155,0.24662059636295292,72.54775900073476,106.16932916978959
2023-09-28,44.2599983215332,44.70000076293945,43.78499984741211,44.70000076293945,194582788,44.108499908447264,62.431937431937435,0.3068275559158345,68.59869999105855,69.50937569922489
2023-09-29,44.369998931884766,44.85499954223633,44.21500015258789,44.45500183105469,93860934,44.2254997253418,61.920866354536734,0.3534030285984259,68.06991762334633,73.48191252876863
2023-10-02,43.27000045776367,44.689998626708984,43.27000045776367,44.42499923706055,102276009,44.33699989318848,37.06213948949428,0.37063767596255337,54.987375865892304,29.33429041218526
2023-10-03,42.814998626708984,43.5,42.67499923706055,43.03499984741211,77914964,44.32849960327148,26.77961046115172,0.3604745470411029,51.30224061818826,-16.124508760628103
2023-10-04,42.459999084472656,42.9900016784668,42.20000076293945,42.45000076293945,254168072,44.11849937438965,18.75702055281654,0.32718638596914273,45.175440064132744,-47.52550720006825
2023-10-05,42.16999816894531,42.595001220703125,42.040000915527344,42.525001525878906,121200278,43.892999267578126,12.203326416589151,0.27577640397092484,43.74999131972174,-70.89888309827329
2023-10-06,42.625,42.904998779296875,41.8650016784668,42.18000030517578,80179745,43.62149925231934,22.485855444931712,0.22233375016564177,53.071899726937815,-66.27336604363768
2023-10-09,42.11000061035156,42.654998779296875,41.99800109863281,42.310001373291016,199447444,43.357499313354495,5.8472317943740935,0.16169535120451523,44.676547855905326,-85.22453238269853
2023-10-10,43.369998931884766,43.630001068115234,41.869998931884766,42.525001525878906,101122156,43.201999282836915,35.9188006369363,0.11945956456880613,41.524204293759766,-40.23685731488551
2023-10-11,43.275001525878906,43.59000015258789,43.016998291015625,43.185001373291016,100458208,43.072499465942386,33.65155870038047,0.08918434790574939,41.76219350572342,-18.741715746767934
2023-10-12,43.41999816894531,43.654998779296875,42.994998931884766,43.40999984741211,159233092,42.98849945068359,43.07473326154793,0.07010292925816615,34.54103505531316,-15.723708878771891
2023-10-13,43.22999954223633,43.849998474121094,42.790000915527344,43.4900016784668,166940735,42.87449951171875,39.7379573197818,0.05584674996540594,36.91908696665583,-20.638563036018564
2023-10-16,43.5099983215332,43.8120002746582,43.2400016784668,43.40999984741211,111510390,42.8984992980957,47.88931039997157,0.04970220064739824,38.03886287711695,-7.433144864718751
2023-10-17,43.79999923706055,44.029998779296875,43.415000915527344,43.79999923706055,141280133,42.99699935913086,64.71568364782281,0.053477485142301676,43.41879349818492,6.083069896724631
2023-10-18,42.849998474121094,44.0,42.849998474121094,44.0,91714127,43.0359992980957,32.94306018040086,0.04799382930546533,39.137125267367026,-34.33348539352566
2023-10-19,41.880001068115234,43.21500015258789,41.880001068115234,42.68000030517578,153457095,43.0069995880127,0.5309524195334316,0.02140918160919242,33.0612179227676,-103.34030414368614
2023-10-20,41.584999084472656,42.040000915527344,41.35499954223633,41.54499816894531,285516284,42.90299949645996,8.59811618073827,-0.02176292803907631,37.12755670906452,-150.69788540722607
2023-10-23,41.415000915527344,41.8650016784668,41.16999816894531,41.6150016784668,122817827,42.83349952697754,8.566527772590739,-0.07573120354367883,38.81789302866085,-148.7380320468098
2023-10-24,40.57500076293945,40.933998107910156,39.41999816894531,40.0,154084778,42.553999710083005,25.054282886657994,-0.14686630557468006,36.0266808584522,-213.10063590853764
2023-10-25,41.459999084472656,41.650001525878906,39.53799819946289,40.880001068115234,294434604,42.37249946594238,44.25164089884517,-0.21057785294297887,45.1634865347216,-145.3240168507461
2023-10-26,41.16999816894531,41.5099983215332,40.60499954223633,41.404998779296875,195470449,42.14749946594238,37.96094942092738,-0.27044344118657027,39.860597167283395,-115.48135742652379
2023-10-27,39.755001068115234,40.93000030517578,39.60499954223633,40.755001068115234,210222754,41.79999961853027,7.266873206430536,-0.3467192607138686,35.41793331377559,-168.62515783417558
2023-10-30,40.03499984741211,40.54499816894531,39.744998931884766,39.779998779296875,128456500,41.45249977111816,13.34059863432201,-0.42402473047045397,26.49749342440593,-142.99032631245026
2023-10-31,39.939998626708984,40.380001068115234,39.869998931884766,40.16999816894531,130698761,41.06649971008301,11.27983490058619,-0.4984723354363928,26.497479177744722,-123.82680776083765
2023-11-01,40.14500045776367,40.52000045776367,39.790000915527344,40.0,100469078,40.795999908447264,15.72672869479447,-0.5628192158793381,27.113906247417546,-102.96045930810484
2023-11-02,41.775001525878906,41.86000061035156,39.79499816894531,40.34000015258789,312062950,40.78549995422363,51.08466475352591,-0.590173494187361,41.535785599302656,-41.425232306560716
2023-11-03,42.435001373291016,42.81999969482422,41.48500061035156,42.0,139741423,40.87050018310547,65.40136236805783,-0.5810325328047636,44.01115804452847,22.135540345906342
2023-11-06,42.130001068115234,42.584999084472656,42.005001068115234,42.43000030517578,77853902,40.942000198364255,59.170345321583845,-0.5530380575767063,40.711910090237346,21.807497421570513
2023-11-07,42.04999923706055,42.59000015258789,41.90999984741211,42.099998474121094,83864994,41.08950004577637,69.3017047013732,-0.5147099786621534,45.0738956755327,21.4895315748252
2023-11-08,41.9900016784668,42.19499969482422,41.5,41.68000030517578,106611374,41.14250030517578,75.58830459222027,-0.4716983162324834,50.762833733144696,9.082166865462478
2023-11-09,42.279998779296875,42.540000915527344,41.70000076293945,41.90999984741211,90991161,41.253500366210936,84.11762725936563,-0.42230398655992446,54.823041319478634,32.27994954028506
2023-11-10,41.75,42.20000076293945,41.49300003051758,42.165000915527344,345691791,41.45300025939942,68.52943486407342,-0.37899176186558187,52.21413955195808,14.123694983687376
2023-11-13,42.02000045776367,42.21500015258789,41.7599983215332,42.01499938964844,70595867,41.65150032043457,75.62465348686649,-0.33659068263167924,60.328811318779124,35.53915407825381
2023-11-14,42.255001068115234,42.345001220703125,41.45500183105469,41.970001220703125,139219947,41.8830005645752,82.42617107640903,-0.2924669706203594,56.26479360645656,48.067983356920685
2023-11-15,43.095001220703125,43.275001525878906,42.47999954223633,42.51499938964844,157686991,42.17800064086914,95.09536218296194,-0.2355082804295187,63.959419789519345,130.83051428539534
2023-11-16,42.775001525878906,43.345001220703125,42.56999969482422,43.060001373291016,262838706,42.27800064086914,84.16668521032214,-0.17805938045716493,76.03449012946953,120.14884361324185
2023-11-17,43.375,43.51499938964844,42.415000915527344,42.77000045776367,131097373,42.372000503540036,96.24162558398174,-0.11333633418314217,77.28758770844487,121.57656894926323
2023-11-20,43.04999923706055,43.505001068115234,42.689998626708984,43.33000183105469,68951425,42.46400032043457,87.51676931364095,-0.05237376389256544,74.48819966670952,106.55511304576498
2023-11-21,42.54999923706055,43.275001525878906,42.380001068115234,42.79999923706055,97882442,42.51400032043457,74.05914419550932,-0.004821783341564169,68.09631297411056,76.26016842354892
2023-11-22,42.29999923706055,42.92499923706055,42.2400016784668,42.625,71422387,42.545000076293945,41.019340167698736,0.027854331801540573,54.98573743992662,53.3838316518882
2023-11-23,42.345001220703125,42.6349983215332,42.01499938964844,42.13999938964844,109460887,42.55150032043457,43.203905069479426,0.05014810145913918,49.03225594744411,37.44043893475604
2023-11-24,42.474998474121094,42.619998931884766,42.01499938964844,42.35499954223633,123445468,42.62400016784668,49.514458830849456,0.06672547444853852,53.85472422050085,36.19864074435017
2023-11-27,42.04999923706055,42.83000183105469,41.994998931884766,42.375,113174343,42.62700004577637,28.883403454712454,0.07191821200458534,50.0,21.48553348985686
2023-11-28,42.45000076293945,42.57500076293945,42.13999938964844,42.38999938964844,121684970,42.64650001525879,48.300976267369855,0.07592094331832351,54.45735889675323,24.62902531635672
2023-11-29,43.45000076293945,43.599998474121094,42.15999984741211,42.29999923706055,111953267,42.68199996948242,93.00708876787753,0.09474934875133313,59.9659471596097,124.46653344986441
2023-11-30,43.470001220703125,43.810001373291016,43.06999969482422,43.439998626708984,290285051,42.75149993896484,85.56262341074498,0.12198632606681434,66.04478567951423,165.44506537689608
2023-12-01,44.4900016784668,44.512001037597656,43.60499954223633,43.65999984741211,160245655,42.863000106811526,99.28036098001682,0.16906130604372735,70.21277392770182,224.0528004356587
2023-12-04,45.130001068115234,45.185001373291016,44.13999938964844,44.404998779296875,187178392,43.071000289916995,98.27585382186932,0.23592810508370615,72.0644686825914,238.32766849550856
2023-12-05,45.0099983215332,45.16999816894531,44.595001220703125,44.60499954223633,103673064,43.317000198364255,94.51401511527791,0.30924246317386206,66.5228338681807,202.07419244615565
2023-12-06,45.80500030517578,46.029998779296875,44.73500061035156,45.125,171340246,43.66750030517578,94.42382942677436,0.3947337327741017,74.16265322661111,209.7308076417156
2023-12-07,45.71500015258789,45.71500015258789,45.18000030517578,45.380001068115234,121355246,44.004500198364255,92.19334228944241,0.48104008308905033,70.31248033876597,168.28985235183228
2023-12-08,46.334999084472656,46.70000076293945,45.369998931884766,46.0,218162800,44.39050025939942,92.24226277537969,0.5721283219040685,77.12632214923237,169.72778160836168
2023-12-11,46.1150016784668,46.422000885009766,45.404998779296875,46.28499984741211,102125509,44.79700050354004,87.56644300090483,0.6566248334959038,80.86581384810705,133.46272141055414
2023-12-12,45.900001525878906,46.53499984741211,45.564998626708984,46.22999954223633,153936602,45.14200057983398,82.99683473489283,0.7276335487239817,81.35889578502659,115.57200941747297
2023-12-13,46.185001373291016,46.470001220703125,45.904998779296875,45.970001220703125,162422114,45.41550064086914,89.05421489425873,0.7893545623745815,82.10702714495405,108.96687869361385
2023-12-14,47.540000915527344,48.06999969482422,46.52899932861328,46.650001525878906,267269452,45.82250061035156,91.27574135413887,0.861837834681614,85.14920995283649,144.31307471431637
2023-12-15,47.01499938964844,48.14500045776367,46.95000076293945,47.71500015258789,256590061,46.07500038146973,81.18233360331602,0.9269265938299526,83.98355477364315,125.36844628047518
2023-12-18,47.0,47.29999923706055,46.58000183105469,46.8650016784668,102858584,46.262000274658206,80.86883306606022,0.9816165953704927,82.87570760684594,97.20461763970998
2023-12-19,46.724998474121094,46.97999954223633,46.58000183105469,46.79999923706055,71350424,46.43350028991699,72.01966955330842,1.0202971253347368,76.43257349368805,82.02207439093414
2023-12-20,47.46500015258789,47.849998474121094,46.845001220703125,47.435001373291016,152355344,46.599500274658205,85.02202273021358,1.0563963624243906,78.88645118652727,99.50172695115862
2023-12-21,47.189998626708984,47.23500061035156,46.689998626708984,46.91999816894531,78173737,46.74700012207031,76.15476713208183,1.082190083759855,71.88001953716699,78.84313662223465
2023-12-22,48.04499816894531,48.064998626708984,47.154998779296875,47.30500030517578,84428889,46.918000030517575,97.18303351239132,1.1113468462093397,72.82689415823123,106.01364430646291
2023-12-27,48.130001068115234,48.375,47.744998931884766,47.92499923706055,69861559,47.11949996948242,93.26925898445197,1.1399062393551145,74.56692714716186,115.84610884932418
2023-12-28,47.970001220703125,48.22999954223633,47.810001373291016,48.16999816894531,61253154,47.326499938964844,87.32398065787118,1.1614433013963585,68.94137718819294,107.31314136491122
2023-12-29,47.709999084472656,47.935001373291016,47.599998474121094,47.775001525878906,63185526,47.47899971008301,77.87019370530744,1.1706545475157695,66.94984634272346,85.05739027654757
2024-01-02,48.06999969482422,48.224998474121094,47.709999084472656,47.84000015258789,104802741,47.531999588012695,89.730633676185,1.174732783232205,65.42220672986284,94.12252064932572
2024-01-03,47.45500183105469,48.22999954223633,47.29999923706055,48.1349983215332,101964262,47.57599983215332,67.25986763957238,1.1628905742491198,61.12955442241315,66.60322239243742
2024-01-04,47.564998626708984,47.689998626708984,47.084999084472656,47.32500076293945,103495456,47.63249969482422,67.20643834093184,1.1407949989060893,64.07435138912267,45.44673864365616
2024-01-05,47.2599983215332,47.47999954223633,46.75,47.29499816894531,103322339,47.68599967956543,39.599064304282955,1.1059648944434424,59.056411192511234,15.050237830171774
2024-01-08,47.564998626708984,47.564998626708984,46.933998107910156,47.28499984741211,85029299,47.69599952697754,54.87452927225278,1.0673242694942604,50.25586162466079,27.713246494965585
2024-01-09,47.599998474121094,47.790000915527344,47.439998626708984,47.67499923706055,54516475,47.73699951171875,56.82438348478795,1.0264466437528834,56.65527321711899,50.59318108384931
2024-01-10,46.994998931884766,47.53499984741211,46.900001525878906,47.44499969482422,62875455,47.6319995880127,23.119639229154092,0.9743178880623116,49.949838879880375,-15.120829566296175
2024-01-11,45.2400016784668,47.23699951171875,45.224998474121094,47.1150016784668,225123886,47.342999649047854,0.47629197073220353,0.8876491938711515,38.51510625982071,-186.0098888589338
2024-01-12,44.97999954223633,46.02000045776367,44.972999572753906,45.400001525878906,103407389,47.04399948120117,0.2057603939834988,0.7777035372440947,29.239763099994136,-240.7146078248428
2024-01-15,43.82500076293945,44.78499984741211,43.814998626708984,44.20000076293945,158625054,46.655499649047854,0.21934502671542117,0.6387319898825164,25.491632113037326,-302.589327235383
2024-01-16,43.1150016784668,43.78499984741211,43.01499938964844,43.459999084472656,115578446,46.15999984741211,1.8657141311743288,0.4760692745577054,13.318464333985958,-263.76399762207615
2024-01-17,42.27000045776367,42.70000076293945,41.974998474121094,42.56999969482422,150656184,45.64149971008301,4.716257925939388,0.29251788331973794,10.828850551499457,-235.44400131541903
2024-01-18,42.5,42.849998474121094,42.130001068115234,42.185001373291016,162393003,45.13499984741211,8.393308332992826,0.10849874287308586,13.774804389279225,-173.7569826425826
2024-01-19,42.665000915527344,43.119998931884766,42.380001068115234,42.790000915527344,215285260,44.675500106811526,11.031212207517056,-0.0637817836392009,16.163634521527598,-134.35612104079678
2024-01-22,43.41999816894531,43.875,42.959999084472656,42.959999084472656,92429369,44.261000061035155,23.101509961206578,-0.20748263266020975,20.382121343474765,-93.50112754459957
2024-01-23,43.060001373291016,43.849998474121094,43.060001373291016,43.68000030517578,163007851,43.80700035095215,18.658683467509157,-0.33100790128084334,21.066449152452975,-85.25998250440713
2024-01-24,42.154998779296875,43.51499938964844,41.983001708984375,43.25,232089944,43.32300033569336,3.09544676875925,-0.4490964621369201,17.759221092058837,-97.84335463109399
2024-01-25,41.525001525878906,42.0,41.255001068115234,41.9900016784668,180477468,42.95150032043457,4.131606183136995,-0.5666146589516191,17.096949421404247,-113.79785944431285
2024-01-26,42.099998474121094,42.665000915527344,41.404998779296875,41.525001525878906,227073805,42.663500213623045,12.93033551240988,-0.6671496946614434,19.588165041367333,-89.23714984219457
2024-01-29,42.279998779296875,42.45000076293945,41.875,42.125,89192868,42.50900001525879,16.321622777391717,-0.7473774324657214,20.86524785950533,-77.30011732302074
2024-01-30,43.01499938964844,43.05500030517578,42.400001525878906,42.42499923706055,144582087,42.498999786376956,29.421577723998737,-0.7972413489629895,28.509700092813404,-52.980297489878645
2024-01-31,42.53499984741211,42.814998626708984,42.3650016784668,42.4900016784668,142008721,42.525499725341795,26.86251717214414,-0.8313008996661309,33.061964878956715,-56.988162734388695
2024-02-01,42.33000183105469,43.40800094604492,42.0,42.125,168984386,42.50849990844726,30.453289934382862,-0.855045042859935,33.291289826481545,-52.54629023103864
2024-02-02,42.314998626708984,43.03499984741211,42.28499984741211,42.84000015258789,89965838,42.47349967956543,40.45793857752502,-0.8693695280002588,38.88068019658913,-50.325741004779566
2024-02-05,41.88999938964844,42.6150016784668,41.040000915527344,41.75,364068881,42.32049980163574,29.982319175217782,-0.8818381863793031,40.58413893604732,-80.74987206844072
2024-02-06,41.880001068115234,42.369998931884766,41.619998931884766,42.10499954223633,666773634,42.20249977111816,29.629644580436988,-0.8906396505983095,46.56084620487448,-74.66453610882542
2024-02-07,41.58000183105469,42.185001373291016,41.4900016784668,41.83000183105469,131726564,42.14500007629395,19.047657492552254,-0.899437565957551,41.98606503338863,-91.15821527436503
2024-02-08,41.51499938964844,42.01499938964844,41.42900085449219,41.58000183105469,69825516,42.143999862670896,16.754801676045307,-0.9067591315371637,39.80493611725476,-104.00409471571567
2024-02-09,41.400001525878906,41.70500183105469,41.22999954223633,41.404998779296875,233075851,42.07400016784668,12.811420751971156,-0.9125395773837178,29.80000274658623,-126.80099426003156
2024-02-12,41.400001525878906,41.91999816894531,41.185001373291016,41.64500045776367,163174147,41.98600044250488,14.545488173660539,-0.9149711964303957,32.11205355050821,-110.71147566030972
2024-02-13,41.185001373291016,41.869998931884766,41.0,41.22999954223633,141459585,41.80300064086914,7.682778264471843,-0.916521163656322,37.72153047851839,-117.99739733802829
2024-02-14,41.439998626708984,41.76499938964844,41.09000015258789,41.09000015258789,207374101,41.69350051879883,18.272361040043215,-0.9112800073848477,48.811145979941585,-95.15317277585689
2024-02-15,41.58000183105469,41.72999954223633,41.04999923706055,41.685001373291016,139218909,41.618500518798825,24.086445315037157,-0.8977463957165723,41.719797067784995,-83.3270171346891
2024-02-16,43.20000076293945,43.314998626708984,41.275001525878906,41.66999816894531,249754009,41.707000732421875,91.36212203541267,-0.8518324055077615,60.04369412777909,57.111234954917116
2024-02-19,42.880001068115234,43.439998626708984,42.6349983215332,43.30500030517578,74502420,41.80600090026856,77.04926746827468,-0.7911938184543168,48.37937076227138,112.52727197612346
2024-02-20,43.650001525878906,43.75600051879883,42.77000045776367,42.814998626708984,138030229,41.983000946044925,96.15388341921937,-0.7104167159527928,62.514053590740595,163.29558219310658
2024-02-21,43.290000915527344,43.93299865722656,43.08000183105469,43.78499984741211,202506236,42.15400085449219,78.07712117034393,-0.6253760673904625,60.412136197086596,149.16674589421274
2024-02-22,45.95500183105469,46.20500183105469,42.3650016784668,43.0,565618186,42.598001098632814,95.19692772232239,-0.49817719039310204,75.06889838768578,244.25446528547295
2024-02-23,45.494998931884766,46.20000076293945,45.3849983215332,45.9900016784668,208409892,43.0075008392334,86.35921903170485,-0.35742595887745504,74.70869473592836,252.19709135776296
2024-02-26,45.915000915527344,46.19499969482422,45.48500061035156,45.48500061035156,269141007,43.459000778198245,94.42841856851796,-0.20804325383008274,76.18427573532506,207.1157434109219
2024-02-27,46.310001373291016,46.525001525878906,45.494998931884766,45.560001373291016,205541890,43.97150077819824,96.10859559801318,-0.054305222370607364,80.32048319456162,175.69088806109377
2024-02-28,46.57500076293945,46.750999450683594,46.21500015258789,46.21500015258789,229599208,44.48500099182129,96.9396851929238,0.09845512473484005,81.62499350309682,159.17031578084135
2024-02-29,46.56999969482422,47.505001068115234,46.542999267578125,46.57500076293945,467442708,44.984000778198244,85.62642244789171,0.24229054014268125,82.76295037803665,144.77755114187366
2024-03-01,47.369998931884766,47.75,47.02000045776367,47.02000045776367,207501949,45.401000595092775,94.37035454644098,0.3852031825546461,84.3497877335403,137.82344673089355
2024-03-04,47.39500045776367,47.630001068115234,46.900001525878906,47.040000915527344,344381130,45.85250053405762,94.7014999729555,0.519566660634432,86.5293735913682,115.57890692099897
2024-03-05,47.79999923706055,47.952999114990234,46.95500183105469,47.154998779296875,148437130,46.26750030517578,97.78357408901513,0.6468054540583994,86.76297039798055,108.20705864374551
2024-03-06,48.400001525878906,48.59000015258789,47.89799880981445,47.974998474121094,311140311,46.778500366210935,97.40261568860383,0.7710070509890763,87.43135854185736,115.36262008413937
2024-03-07,48.60499954223633,49.04999923706055,48.27000045776367,48.55500030517578,225634715,47.043500137329104,93.34330804276571,0.8883074816484205,85.12016656751933,113.18251889158321
2024-03-08,48.55500030517578,49.07500076293945,48.34000015258789,48.709999084472656,149173020,47.349500274658205,92.25036469875258,0.9923109715194944,88.2154477371545,103.85584813017743
2024-03-11,49.04999923706055,49.130001068115234,48.2599983215332,48.42499923706055,154132465,47.66300010681152,98.81741554659853,1.0881639031406867,87.76219355065888,100.70841472843232
2024-03-12,49.54999923706055,50.02000045776367,49.10499954223633,49.36000061035156,212228896,47.986999893188475,93.86020515151152,1.1793805160173885,92.93548874926675,116.27833261269097
2024-03-13,49.255001068115234,50.0099983215332,48.95000076293945,49.67499923706055,246059054,48.25499992370605,83.49516640631816,1.2555148782968613,83.53656409115263,104.24904015908001
2024-03-14,49.33000183105469,49.619998931884766,48.95500183105469,49.20000076293945,145097694,48.5310001373291,84.78503528279651,1.3165399100136301,92.28228256014562,95.00984775473918
2024-03-15,49.56999969482422,49.92399978637695,49.13999938964844,49.13999938964844,350528629,48.751000213623044,90.05523511172633,1.3657240380315818,91.96328777298544,97.28924814599429
2024-03-18,49.38999938964844,49.70000076293945,49.12900161743164,49.39500045776367,119224181,48.950500106811525,83.44281162715623,1.3989236426629803,87.19808343507405,86.82684091574212
2024-03-19,49.54499816894531,49.599998474121094,48.79499816894531,49.20000076293945,126334621,49.125,86.33873666310102,1.4196485646153845,86.84864909379529,76.64471169676204
2024-03-20,50.040000915527344,50.22999954223633,49.47999954223633,49.540000915527344,134881078,49.28899993896484,94.29433213546422,1.4361299759577137,88.38499776350548,97.8290673889343
2024-03-21,51.4900016784668,51.88999938964844,50.63999938964844,51.11000061035156,184094142,49.57750015258789,91.98401037231156,1.4689483388350282,89.84530179652383,158.50450224717753
2024-03-22,52.18000030517578,52.66999816894531,51.43000030517578,51.77000045776367,162388748,49.94000015258789,91.42610362633431,1.5179464883199114,91.00260262589983,181.5170591750828
2024-03-25,51.72999954223633,52.25,51.66999816894531,52.0,237240308,50.20800018310547,80.3017864009062,1.5638780441866362,83.41838555189223,155.5728976244486
2024-03-26,51.61000061035156,52.11000061035156,51.4900016784668,51.529998779296875,260161808,50.41400032043457,75.96377334988387,1.6000008032503792,79.72224733959887,135.98278455347608
2024-03-27,51.66999816894531,52.2599983215332,51.34400177001953,51.459999084472656,211685995,50.65550003051758,77.32426225395851,1.6253924843143945,79.16272553382237,125.51818272459097
2024-03-28,51.7599983215332,52.540000915527344,51.56999969482422,52.22999954223633,248468932,50.89849967956543,79.36508211114523,1.6404583613200714,80.26441391562702,117.60180064322587
2024-04-02,51.959999084472656,52.400001525878906,51.31999969482422,51.31999969482422,174801073,51.13749961853027,81.67744298135081,1.647714405145308,79.10002067567495,99.50167157023067
2024-04-03,52.380001068115234,52.47999954223633,51.560001373291016,51.560001373291016,145222987,51.436499786376956,92.51620384954637,1.6526404349483257,78.76019191345907,97.63383647494277
2024-04-04,53.959999084472656,54.119998931884766,52.5,52.81999969482422,177550360,51.87799987792969,96.99530846031676,1.6772890701940182,87.91296954450472,144.05601359316537
2024-04-05,53.31999969482422,53.737998962402344,52.880001068115234,53.400001525878906,121464585,52.205999755859374,84.97654230158383,1.69897363270661,79.4682410799712,119.32514980673562
2024-04-08,53.720001220703125,54.279998779296875,53.2400016784668,53.29999923706055,162777728,52.428999710083005,89.79038293018792,1.7201731174050783,79.94228963294137,125.5430561900856
2024-04-09,52.86000061035156,53.84000015258789,52.70000076293945,53.619998931884766,131247089,52.496999740600586,74.11124866120484,1.7223158227603788,72.79895494346628,90.94596522704721
2024-04-10,53.119998931884766,53.70000076293945,52.45800018310547,53.119998931884766,148196613,52.63599967956543,75.8333326710594,1.7126243990796195,73.16915549081531,83.82861949198558
2024-04-11,50.65999984741211,51.619998931884766,50.31999969482422,51.2599983215332,276328543,52.54099960327149,8.585864424086543,1.6528723469529414,53.20247498278854,-31.704195512242485
2024-04-12,50.97999954223633,51.720001220703125,50.97999954223633,51.040000915527344,180436946,52.47199974060059,16.666666666666668,1.5662137418760693,47.01752977027033,-19.19305136527492
2024-04-15,51.15999984741211,51.74700164794922,50.91999816894531,50.959999084472656,160595956,52.41199989318848,21.21212996946315,1.466535499761747,43.6567112837742,-24.57752185235292
2024-04-16,49.70000076293945,50.380001068115234,49.41999816894531,50.02000045776367,190548937,52.18600006103516,5.7613695232413935,1.337286135806424,38.78453145799068,-120.1883547745935
2024-04-17,50.41999816894531,50.84199905395508,49.619998931884766,49.66999816894531,154369436,51.989999771118164,20.576129103153797,1.204716823294819,43.83418034160734,-98.10774383499918
2024-04-18,51.0,51.29999923706055,50.619998931884766,50.720001220703125,102401053,51.6939998626709,32.510321659000645,1.0835239309060118,46.70600644260099,-62.776027734437136
2024-04-19,50.91999816894531,51.08000183105469,50.20000076293945,50.70000076293945,139824478,51.45399971008301,30.864193654730695,0.9720687372304202,45.86614091927448,-88.20523656785264
2024-04-22,51.13999938964844,51.90800094604492,51.09600067138672,51.41999816894531,167919394,51.19599952697754,35.39096717476963,0.8738540595852877,45.97249670804377,-36.85099838553657
2024-04-23,51.34000015258789,51.68600082397461,50.880001068115234,51.380001068115234,199643448,51.04399948120117,39.50620869374107,0.7902860617696833,44.7791113899364,-39.52590338576971
2024-04-24,51.779998779296875,53.220001220703125,49.61000061035156,50.2599983215332,309563793,50.909999465942384,48.559677242115505,0.7254977909696284,37.64172119838589,-19.52177175358594
2024-04-25,51.20000076293945,52.2400016784668,50.91999816894531,51.41999816894531,133826433,50.963999557495114,36.62556317797209,0.6649695116275922,37.899547157026646,-24.610010190348877
2024-04-26,52.29999923706055,52.599998474121094,51.08000183105469,51.119998931884766,196220536,51.095999526977536,65.15836596393991,0.626318538001892,42.49470035054102,15.99358294255672
2024-04-29,51.880001068115234,52.92499923706055,51.720001220703125,52.68000030517578,174654445,51.16799964904785,57.47666841655399,0.5952776515437453,44.56762571277168,28.620352282659557
2024-04-30,51.900001525878906,52.619998931884766,51.47999954223633,51.880001068115234,128009937,51.3879997253418,65.26319382260468,0.5695961722933865,43.052402587217806,14.957061542362293
2024-05-01,52.20000076293945,52.13999938964844,51.97999954223633,52.099998474121094,32667879,51.56599998474121,73.15790424716006,0.5521082189507888,61.63143543360809,23.099521682226293
2024-05-02,52.060001373291016,52.7400016784668,51.70000076293945,52.0,106053192,51.672000122070315,69.47371274148018,0.5371805815170775,58.385114138914325,35.6815314811399
2024-05-03,52.18000030517578,52.91999816894531,51.7400016784668,52.380001068115234,86284744,51.79800033569336,72.63157683396443,0.5253304015821599,57.993742215886975,52.846905386650796
2024-05-07,53.720001220703125,54.202999114990234,52.91999816894531,52.97999954223633,376963776,52.056000518798825,89.48403980973849,0.5394027993287935,81.11457740977141,172.3202876576075
2024-05-08,53.939998626708984,54.380001068115234,53.560001373291016,53.84000015258789,369327358,52.316000366210936,90.77563104443522,0.571265790253697,79.53022861959693,187.9476761340918
2024-05-09,53.939998626708984,54.439998626708984,53.599998474121094,54.15999984741211,236469110,52.532000350952146,89.6480288748218,0.6113072393951209,77.3234406342332,176.02722837610443
2024-05-10,54.29999923706055,54.63999938964844,53.599998474121094,54.279998779296875,87842052,52.84200019836426,93.2405519860699,0.6587260554023133,79.85870773245591,162.95340704047774
2024-05-13,54.29999923706055,54.540000915527344,54.099998474121094,54.18000030517578,274070760,53.042000198364256,93.2405519860699,0.706781719419804,79.04416430994186,147.7506365389077
2024-05-14,54.540000915527344,54.63999938964844,53.880001068115234,54.18000030517578,141611290,53.30800018310547,98.01195828252125,0.7549355782185536,79.19713034101912,127.75231981338848
2024-05-15,54.5,55.040000915527344,54.20000076293945,54.7599983215332,267073545,53.56800003051758,86.89319039956149,0.7982678366197306,76.7716961154623,120.17600223460516
2024-05-16,55.02000045776367,55.220001220703125,54.15999984741211,54.52000045776367,128477030,53.85,95.1690629848997,0.8427833504400906,88.0478311683772,114.70046054854001
2024-05-17,55.52000045776367,55.560001373291016,54.91999816894531,55.0,207520212,54.19599990844726,99.0195858437396,0.8917632632848769,86.42536826515781,124.971405899102
2024-05-20,56.20000076293945,56.439998626708984,55.65999984741211,56.0,188240464,54.59799995422363,95.16133249861178,0.9497902658373159,96.15383988379845,145.0404661837816
2024-05-21,56.18000030517578,56.540000915527344,55.65999984741211,55.97999954223633,221100062,54.8439998626709,92.56197109499936,1.0079620778272833,95.72647970304051,131.29147257284674
2024-05-22,56.380001068115234,57.39099884033203,55.599998474121094,55.939998626708984,280264588,55.08800010681152,82.23514120953628,1.0640687369563948,95.63317286068865,134.73745729517768
2024-05-23,55.779998779296875,56.7400016784668,55.5629997253418,56.41999816894531,345190110,55.27200012207031,71.49175596996034,1.1039418805176662,86.90470153427889,105.69094918736958
2024-05-24,54.79999923706055,56.119998931884766,54.220001220703125,55.220001220703125,210793024,55.322000122070314,42.04877624257068,1.1133985277615888,72.20336068059311,51.809684605947744
2024-05-28,55.58000183105469,56.040000915527344,54.81999969482422,54.959999084472656,327523091,55.45000038146973,52.72779413565833,1.1132017966723278,68.09336644347502,69.13053337547741
2024-05-29,54.7400016784668,55.91999816894531,54.68000030517578,55.47999954223633,167372186,55.470000457763675,30.07130293382492,1.0910259041212793,56.94445916161573,42.944992813623756
2024-05-30,55.540000915527344,55.71099853515625,53.68000030517578,54.220001220703125,166530625,55.57400054931641,51.17389221846108,1.0665132477684864,62.19512266037553,28.47389142192382
2024-05-31,55.52000045776367,55.959999084472656,55.15999984741211,55.65999984741211,352448889,55.624000549316406,49.58234650745876,1.039071052039102,59.80706981376699,60.63948485714154
2024-06-03,55.400001525878906,56.540000915527344,55.400001525878906,56.20000076293945,137984236,55.61200065612793,46.348744264074604,1.0069484770458546,58.675086266805856,72.58359083922177
2024-06-04,55.63999938964844,56.20000076293945,54.91999816894531,55.5,262438113,55.556000518798825,52.815948750842914,0.9751102359480454,58.67506140214706,50.310618451496076
2024-06-05,54.7400016784668,55.959999084472656,54.619998931884766,55.91999816894531,147742816,55.41200065612793,28.56377773391885,0.9285378117215198,51.66667814607851,-3.947454322140606
2024-06-06,55.63999938964844,55.7400016784668,54.36000061035156,54.65999984741211,135516703,55.33800048828125,52.815948750842914,0.8874143027391264,54.08970378717004,4.663940032791498
2024-06-07,54.79999923706055,56.099998474121094,54.5,55.65999984741211,116265881,55.240000534057614,30.18052745842996,0.8364375220253993,45.45453669720352,-17.276608173058182
2024-06-10,54.220001220703125,55.13999938964844,53.599998474121094,54.119998931884766,157631432,55.182000732421876,16.354594742540662,0.7707972486479039,37.340149709873096,-126.97622042640043
2024-06-11,53.380001068115234,54.65999984741211,53.29999923706055,54.540000915527344,166452852,54.96200065612793,1.9555570474930322,0.6842486390615931,33.79629241258975,-186.45576070238673
2024-06-12,54.97999954223633,55.119998931884766,53.040000915527344,53.81999969482422,254086293,54.98600044250488,52.4323845049091,0.6130996106555613,43.02787618487464,-110.52974133826993
2024-06-13,54.060001373291016,54.79999923706055,53.720001220703125,54.58000183105469,94191527,54.83800048828125,29.142870221819198,0.5392570795364644,41.69884553737027,-127.17791244956598
2024-06-14,54.18000030517578,54.58000183105469,53.29199981689453,53.959999084472656,162745999,54.70400047302246,32.5714111328125,0.46828269750751783,46.73684379598974,-134.31839073238086
2024-06-17,54.540000915527344,54.720001220703125,53.91999816894531,54.52000045776367,99062882,54.6180004119873,42.857142857142854,0.40750289863848155,44.27311424278987,-81.86107885014461
2024-06-18,55.02000045776367,55.13999938964844,54.400001525878906,55.060001373291016,102463660,54.556000518798825,56.57141549246652,0.3630283753021598,51.605500172361594,-26.110408098771867
2024-06-19,55.220001220703125,55.41999816894531,54.779998779296875,54.939998626708984,184600116,54.60400047302246,62.28572300502232,0.3334685910507523,48.02955549312555,13.923112340179976
2024-06-20,56.08000183105469,56.117000579833984,54.81999969482422,55.18000030517578,179094450,54.648000717163086,86.85716901506696,0.3277674141327787,53.125011974163904,90.95379111668942
2024-06-21,55.560001373291016,56.41999816894531,54.96699905395508,56.220001220703125,246172446,54.72400093078613,74.55628714536266,0.32827586335116715,50.85470102886906,93.06920110359691
2024-06-24,55.68000030517578,56.41999816894531,55.380001068115234,55.720001220703125,104466620,54.8700008392334,78.1065542872492,0.333816037960596,50.21645539937115,105.46007197096657
2024-06-25,55.540000915527344,56.099998474121094,55.34000015258789,55.7599983215332,98819622,55.08600082397461,73.96455714488864,0.33922513268630955,54.71698113207547,81.64307941647519
2024-06-26,55.79999923706055,55.939998626708984,55.380001068115234,55.58000183105469,317766913,55.16800079345703,81.65682142913573,0.3476434740703302,51.020408163265316,80.17349978319588
2024-06-27,56.08000183105469,56.279998779296875,55.459999084472656,55.959999084472656,120670478,55.3700008392334,89.94092857481441,0.3611815776494303,58.7912326877862,97.975215792266
2024-06-28,54.7400016784668,56.599998474121094,54.2599983215332,56.380001068115234,201729056,55.4260009765625,47.7528631680011,0.3550168335375059,53.23383485865925,14.328097036169082
2024-07-01,55.619998931884766,56.08000183105469,54.400001525878906,55.15999984741211,129712755,55.53400077819824,72.47190409244432,0.35005657931716117,63.861382866520444,37.52665066199924
2024-07-02,54.939998626708984,55.959999084472656,54.880001068115234,55.400001525878906,194390185,55.526000595092775,49.818605766791364,0.33446444327734026,49.72066384293668,27.088630825052416
2024-07-03,55.880001068115234,56.040000915527344,55.220001220703125,55.52000045776367,323106648,55.592000579833986,78.23465241036381,0.3272606930497727,62.67409204364694,76.67681554760736
2024-07-04,57.279998779296875,57.279998779296875,55.540000915527344,56.13999938964844,154028902,55.7120002746582,100.0,0.3472825055317796,68.32150596689058,170.0071999103969
2024-07-05,58.279998779296875,58.5620002746582,56.91999816894531,58.099998474121094,302017954,55.984000015258786,93.44487756086488,0.39848208565484644,70.54944225763045,240.43712472116204
2024-07-08,59.02000045776367,59.36000061035156,56.91999816894531,58.119998931884766,156999918,56.31800003051758,93.33333333333333,0.4774373932356313,71.36751997417744,235.84833551324067
2024-07-09,57.84000015258789,59.34000015258789,57.599998474121094,58.939998626708984,176111990,56.547999954223634,70.19608283125208,0.5497360932883201,62.66924029604117,192.9686443922417
2024-07-10,58.099998474121094,58.720001220703125,57.47999954223633,58.119998931884766,85646094,56.77799987792969,75.29408684790211,0.6169677049900255,60.369594897860864,147.35102290781532
2024-07-11,59.13999938964844,59.39899826049805,57.7400016784668,58.20000076293945,101253674,57.08399963378906,94.96013088294023,0.6926853846986626,67.4463869494203,153.83605398917072
2024-07-12,59.099998474121094,59.70000076293945,58.619998931884766,59.560001373291016,69605254,57.51999931335449,88.97055111131057,0.7675357601912718,66.79763293919792,145.54458764795845
2024-07-15,58.79999923706055,59.459999084472656,58.2130012512207,58.5,82739750,57.83799934387207,83.45586172850588,0.8313830639679776,65.76401486182422,111.28338673248074
2024-07-16,58.5,59.15999984741211,58.20000076293945,58.5,76128129,58.193999481201175,77.94117234570118,0.8783056716030779,63.00578268355473,88.81960389108768
2024-07-17,58.779998779296875,59.19599914550781,58.5,58.63999938964844,73138654,58.483999252319336,83.08820641990822,0.914625827657383,63.00576908800781,87.46784294397074
2024-07-18,59.20000076293945,59.81999969482422,58.41999816894531,59.099998474121094,123711870,58.67599945068359,88.56090145127462,0.9470128789455866,73.57293613163853,91.65622760507719
2024-07-19,59.13999938964844,59.58000183105469,58.41999816894531,58.84000015258789,99192792,58.76199951171875,86.23480780947513,0.97212123283826,70.37036546464012,79.11290475490382
2024-07-22,58.97999954223633,59.5,58.959999084472656,59.36000061035156,266395315,58.757999420166016,81.73912106028716,0.9865828537667722,74.8768445135558,76.97366217626026
2024-07-23,59.52000045776367,59.52000045776367,58.44599914550781,59.0,175542241,58.92599945068359,92.99067003215755,0.9999799840022355,73.57512185287526,72.60465783266093
2024-07-24,59.65999984741211,59.99300003051758,58.939998626708984,59.08000183105469,115546240,59.08199958801269,89.16368430264819,1.011962064226378,68.42105263157895,86.29733196588259
2024-07-25,60.63999938964844,60.79999923706055,56.70000076293945,57.0,233616653,59.2319995880127,96.09756324491296,1.0357579521614244,68.32297915896619,75.17539744243062
2024-07-26,60.65999984741211,64.66999816894531,59.540000915527344,59.81999969482422,140446548,59.3879997253418,49.68632839815688,1.0636694798689523,64.33565594105627,196.44842085533207
2024-07-29,61.099998474121094,61.720001220703125,58.939998626708984,60.900001525878906,173073957,59.61799964904785,55.20701559910151,1.0972930456556909,82.73090985134169,133.5070377891207
2024-07-30,59.70000076293945,60.900001525878906,59.70000076293945,60.81999969482422,177951229,59.737999725341794,37.64116657979493,1.1078971047410289,63.07191640575671,99.6841851687355
2024-07-31,59.58000183105469,60.380001068115234,59.18000030517578,60.0,164947185,59.81800003051758,36.13553331830428,1.0990774662086304,54.23079518878361,62.90283991222657
2024-08-01,56.15999984741211,58.900001525878906,49.040000915527344,58.380001068115234,307162236,59.513999938964844,45.55342407579607,1.0214766162566564,32.867136908983,-349.20612139385196
2024-08-02,55.34000015258789,56.380001068115234,55.040000915527344,55.540000915527344,323675617,59.13400001525879,40.30710392916328,0.8894222322385532,30.98901283163768,-230.34657247601197
2024-08-05,54.560001373291016,64.66999816894531,52.68000030517578,53.34000015258789,347972476,58.692000198364255,35.31670779120935,0.715688338880082,29.436328588056014,-97.18087890673833
2024-08-06,55.15999984741211,56.099998474121094,54.97999954223633,55.47999954223633,170607703,58.2560001373291,39.15547029636517,0.5328793810398129,31.717172884817302,-177.68328663686438
2024-08-07,57.0,57.20000076293945,55.599998474121094,56.18000030517578,183281204,57.99000015258789,50.927706226768294,0.3821070841338059,40.28267860590962,-99.02076818080744
2024-08-08,57.08000183105469,57.099998474121094,55.79899978637695,56.599998474121094,128445480,57.63400039672852,51.43955424412602,0.2597239617440598,40.91711541514953,-82.73764467590759
2024-08-09,56.959999084472656,57.47999954223633,56.58000183105469,57.41999816894531,302571827,57.26400032043457,50.671782218089426,0.15904361227537872,41.061944273683274,-58.9741091852063
2024-08-12,56.79999923706055,57.400001525878906,56.52000045776367,57.20000076293945,90262928,56.83400039672851,49.64811058963076,0.0743287740247306,37.54577986817633,-56.635087243428124
2024-08-13,56.900001525878906,57.279998779296875,56.47999954223633,56.959999084472656,66305320,56.55400047302246,50.28792061132792,0.0054877685089612105,37.31618542933046,-51.91014031776127
2024-08-14,57.31999969482422,57.63999938964844,47.43000030517578,57.41999816894531,81031467,56.32800025939942,57.36659289519184,-0.043106749159372765,33.91472968507307,-139.84979408188755
2024-08-15,58.47999954223633,58.47999954223633,49.040000915527344,57.52000045776367,126352321,56.56000022888183,64.0951311269157,-0.05785838649617159,40.48865410412859,-86.18502941422527
2024-08-16,58.900001525878906,58.959999084472656,58.060001373291016,58.29999923706055,69518709,56.91600036621094,66.53133783042827,-0.04379189956650302,40.38463077473017,33.318619298315035
2024-08-19,59.220001220703125,59.220001220703125,58.500999450683594,58.880001068115234,96623948,57.38200035095215,68.38748478214403,-0.007194940301261915,47.68340088216677,46.18130974070937
2024-08-20,58.380001068115234,59.47999954223633,58.18000030517578,59.47999954223633,58791998,57.70400047302246,63.51509350213592,0.02821989634601392,44.584836861524835,36.65292861978215
2024-08-21,58.29999923706055,59.400001525878906,58.119998931884766,59.400001525878906,98362099,57.83400039672851,63.05104570069846,0.05969659583874544,63.82427565160305,36.68461979186494
2024-08-22,58.29999923706055,58.68000030517578,58.04999923706055,58.619998931884766,140728100,57.9560001373291,63.05104570069846,0.0869188260399179,71.38725870130615,29.60573518077267
2024-08-23,59.400001525878906,59.63999938964844,58.34000015258789,58.5,126472239,58.20000038146973,98.03441538276007,0.12739919150236134,83.42537244622417,71.04754099364791
2024-08-27,59.20000076293945,59.400001525878906,58.57400131225586,59.400001525878906,108241900,58.44000053405762,96.39640737345732,0.17058618775485587,79.53212036576416,75.44847530878869
2024-08-28,58.18000030517578,59.47999954223633,57.19200134277344,59.41999816894531,125480332,58.568000411987306,88.04259464417713,0.19654340203893284,59.8006476101159,47.78728357980491
2024-08-29,58.34000015258789,58.79999923706055,57.900001525878906,58.02000045776367,113812197,58.67000045776367,89.35299480313849,0.21244534466488352,60.32783830212478,56.96558607255798
2024-08-30,58.5,58.720001220703125,58.279998779296875,58.29999923706055,133560923,58.67200050354004,90.66339496209984,0.22327972991382658,62.54070973169165,58.22844519180219
2024-09-02,58.119998931884766,58.880001068115234,57.97999954223633,58.560001373291016,81091257,58.594000244140624,87.55118286866505,0.2237983172228877,60.377342646940626,43.618449009194144
2024-09-03,57.2599983215332,58.599998474121094,56.959999084472656,58.040000915527344,195841719,58.397999954223636,80.50777029834622,0.203593087936485,52.528065055530035,1.9991501189119245
2024-09-04,57.060001373291016,57.65999984741211,56.36000061035156,56.41999816894531,106283233,58.265999984741214,75.66039256839285,0.167802899069918,48.1159556500322,-38.9319013220728
2024-09-05,57.58000183105469,58.41999816894531,56.70000076293945,56.81999969482422,120454423,58.194000244140625,37.195173010541595,0.13203438715984456,42.811526712300804,-8.778554160277423
2024-09-06,56.41999816894531,57.65999984741211,56.319000244140625,57.52000045776367,187178475,58.0060001373291,3.0411909301844746,0.07934639243505184,32.2857096146615,-59.89970762699211
2024-09-09,57.2599983215332,57.560001373291016,56.400001525878906,56.400001525878906,177753259,57.79199981689453,28.334788302051507,0.032036450770777346,36.96807984477445,-42.221218546312315
2024-09-10,56.47999954223633,58.06999969482422,56.2400016784668,57.400001525878906,181486740,57.51999969482422,7.058765450936789,-0.021940008627805326,37.26541678342561,-51.853451248802884
2024-09-11,57.439998626708984,57.599998474121094,56.74399948120117,57.36000061035156,233586461,57.44599952697754,35.29405164879181,-0.0618991465695916,44.84412349367555,-31.78370211366669
2024-09-12,57.900001525878906,58.5,57.5,58.5,205053215,57.40199966430664,48.823557791019525,-0.0834976166731132,47.727287505272294,3.753690357091816
2024-09-13,58.040000915527344,58.470001220703125,57.599998474121094,57.959999084472656,70242228,57.35599975585937,55.555568637516394,-0.09003183193420432,41.32653110874314,-2.2739693012354008
2024-09-16,58.15999984741211,58.279998779296875,57.68000030517578,57.79999923706055,51960051,57.35999984741211,59.25924181664481,-0.08466181611198878,43.29896501785927,1.334843114826087
2024-09-17,58.58000183105469,59.0,58.35499954223633,58.459999084472656,88268139,57.49200019836426,84.7826657839415,-0.06521811622001047,52.793305316278726,72.11484627699531
2024-09-18,57.880001068115234,58.459999084472656,57.65999984741211,58.34000015258789,75864264,57.57400016784668,59.42030387675756,-0.048992032744411926,47.01299473373925,2.716682737434939
2024-09-19,58.5,58.79999923706055,58.2599983215332,58.720001220703125,133526447,57.66599998474121,81.8840469539762,-0.025629903407856723,50.0,65.69156617683653
2024-09-20,58.20000076293945,58.41999816894531,57.7400016784668,58.2599983215332,243847294,57.844000244140624,71.01450276911254,-0.003747617077555769,50.49506072354593,19.296826088918507
2024-09-23,58.099998474121094,58.52000045776367,57.7599983215332,58.41999816894531,70463054,57.92800025939941,67.39122923165593,0.014473090182733114,55.73770320939915,27.998018039517564
2024-09-24,59.279998779296875,59.380001068115234,58.422000885009766,58.439998626708984,374555807,58.20800018310547,96.81521311284217,0.04823685963061742,63.37346728578079,145.82845044154882
2024-09-25,58.18000030517578,59.65999984741211,58.0,58.959999084472656,166563532,58.282000350952146,56.725136414539584,0.07231299198632889,53.378367929067295,87.65771228299434
2024-09-26,58.97999954223633,59.21500015258789,58.67100143432617,58.900001525878906,77995421,58.39000015258789,80.11693949574583,0.1016536951065043,65.02348143043976,122.43683365746126
2024-09-27,59.400001525878906,59.68000030517578,58.720001220703125,59.13999938964844,101433954,58.52600021362305,91.86049735244379,0.13922523806452722,63.20989259040006,147.84028087984464
2024-09-30,58.79999923706055,59.41999816894531,58.65999984741211,58.880001068115234,138802196,58.59000015258789,70.02721998817653,0.17009614103982737,64.64645199698293,103.43307472482972
2024-10-01,58.20000076293945,59.380001068115234,57.68000030517578,58.79999923706055,188839955,58.55200004577637,32.1101222452815,0.18518860020072586,55.02646570559236,39.28990606582865
2024-10-02,57.65999984741211,58.31999969482422,57.459999084472656,58.0,148415314,58.52999992370606,9.009038421884666,0.18056278330794356,48.42930904577185,-35.07666496808185
2024-10-03,57.439998626708984,58.099998474121094,56.900001525878906,57.63999938964844,150665222,58.42399978637695,19.424364674241176,0.15989889586368985,46.11397734802616,-73.7875541681833
2024-10-04,58.79999923706055,58.900001525878906,57.540000915527344,57.540000915527344,138628645,58.48399963378906,68.34527141994622,0.1515994651400297,53.57142248932652,29.643590110974465
2024-10-07,59.15999984741211,59.400001525878906,58.540000915527344,59.20000076293945,113145255,58.589999771118165,81.29493934903122,0.15688297985711802,53.25841386697344,99.45881001784304
2024-10-08,58.2599983215332,58.81999969482422,57.97999954223633,58.65999984741211,105422259,58.487999725341794,48.92076952631868,0.15568648431028181,52.08789559641704,0.1102503230644141
2024-10-09,59.2400016784668,59.29999923706055,58.2400016784668,58.36000061035156,77641000,58.5939998626709,84.17270431966628,0.1657717063457198,53.91120959238029,81.29499048204714
2024-10-10,59.439998626708984,59.79999923706055,59.060001373291016,59.2400016784668,99900763,58.63999977111816,87.586176052364,0.18521241364533889,56.62391438131452,143.64684313520254
2024-10-11,59.939998626708984,59.939998626708984,59.15999984741211,59.29999923706055,88510516,58.693999481201175,100.0,0.21705291528367823,59.426224542480895,156.84403954781712
2024-10-14,59.63999938964844,59.97999954223633,59.29999923706055,59.81999969482422,92973497,58.77799949645996,88.96102689734866,0.24971521596648308,52.02702934909616,132.31870384868307
2024-10-15,60.08000183105469,60.119998931884766,59.540000915527344,59.880001068115234,141352890,58.965999603271484,98.75785301082925,0.28763122307755185,61.557174453993035,143.16491888209723
2024-10-16,61.20000076293945,61.20000076293945,59.939998626708984,60.0,164722219,59.31999969482422,100.0,0.344065890939238,62.997652221455915,211.65179843443846
2024-10-17,61.86000061035156,62.02000045776367,61.040000915527344,61.20000076293945,172317713,59.761999893188474,96.87500232830692,0.418895014382797,64.00909617809323,243.43433186287015
2024-10-18,62.18000030517578,62.27000045776367,61.29999923706055,61.619998931884766,180387256,60.1,98.32401917152147,0.5054814216900602,69.88235030124875,211.2106460921843
2024-10-21,61.79999923706055,62.540000915527344,61.560001373291016,62.0,244248601,60.363999938964845,86.87940144417419,0.5876832746861083,71.73910439454627,176.0222908507218
2024-10-22,62.0,62.41999816894531,61.34000015258789,61.459999084472656,159162198,60.738000106811526,90.42551464600417,0.6646792633206683,77.32995423808208,143.1715035545627
2024-10-23,61.619998931884766,63.46900177001953,60.81999969482422,63.0,213089101,60.97599983215332,68.81425920635779,0.7267984264780056,75.80245157692873,124.36339742773245
2024-10-24,62.20000076293945,62.619998931884766,61.70000076293945,61.900001525878906,263067192,61.25200004577637,76.88102583276635,0.7839337642952857,73.22403090110147,115.57497890806697
2024-10-25,57.65999984741211,62.52000045776367,57.58000183105469,62.380001068115234,312290651,61.02400016784668,1.3584312648419514,0.76073040146003,43.478265196251115,-31.855419539368423
2024-10-28,56.119998931884766,57.5,55.47999954223633,56.599998474121094,302863589,60.672000122070315,8.011005272006605,0.6620849824552293,41.18616905949227,-158.58599568006846
2024-10-29,54.540000915527344,56.380001068115234,54.275001525878906,56.279998779296875,239820524,60.11800003051758,2.8823078378459117,0.4946081289057638,31.55415956151947,-191.63837694075002
2024-10-30,53.65999984741211,55.09000015258789,53.16899871826172,53.7599983215332,305260035,59.363999938964845,4.766999841486413,0.2776012640198715,28.464991497947395,-204.33781267196142
2024-10-31,53.400001525878906,54.37300109863281,53.08000183105469,53.08000183105469,224377667,58.51800003051758,3.080178041237946,0.03614497522538754,25.18970008905781,-187.40034186766724
2024-11-01,54.41999816894531,54.959999084472656,53.20000076293945,53.20000076293945,143210419,57.741999816894534,12.898222598547264,-0.19178713215906756,31.22301925296709,-142.52817329803995
2024-11-04,54.81999969482422,55.65999984741211,54.20000076293945,54.31999969482422,197160827,57.0439998626709,16.748463509404004,-0.3924750545385949,31.024524153693207,-103.64524978866864
2024-11-05,54.86000061035156,55.119998931884766,54.12699890136719,54.400001525878906,135871229,56.329999923706055,17.133494944213403,-0.5640337357686886,25.195622591002746,-94.87310906526476
2024-11-06,54.7599983215332,56.13999938964844,54.439998626708984,55.15999984741211,159048486,55.643999862670896,16.17091635718991,-0.708651314552226,20.94926610811447,-74.8693862176436
2024-11-07,54.540000915527344,55.400001525878906,54.31999969482422,55.119998931884766,155565870,54.87799987792969,14.053316902975457,-0.8306964102421206,18.481857845275655,-73.82962929237176
2024-11-08,53.08000183105469,54.68000030517578,52.689998626708984,54.459999084472656,187872236,54.420000076293945,3.618175068329387,-0.9535958127797584,16.969708704531783,-89.89941490308024
2024-11-11,54.540000915527344,54.86000061035156,53.52000045776367,53.65999984741211,143481639,54.262000274658206,17.163018362848067,-1.0451212180995613,24.204704160447335,-66.26681337069851
2024-11-12,53.86000061035156,54.68000030517578,53.86000061035156,54.060001373291016,115216990,54.194000244140625,11.7824969555413,-1.1206510618487,23.712739823919136,-63.941941711787166
2024-11-13,54.599998474121094,55.119998931884766,53.900001525878906,53.939998626708984,123684486,54.28800010681152,19.430310189547342,-1.1678353740960765,24.530813791311942,-51.47744345506384
2024-11-14,55.040000915527344,55.040000915527344,54.2400016784668,54.7599983215332,105138172,54.452000045776366,48.85658249221001,-1.1850980617084343,37.892791453382586,-42.880773347465265
2024-11-15,56.47999954223633,56.47999954223633,54.79999923706055,54.79999923706055,163161083,54.65800018310547,100.0,-1.1570261008002565,51.679108328215044,-11.389244420881612
2024-11-18,56.2400016784668,57.08399963378906,55.7599983215332,57.0,102346631,54.80000038146973,80.79204001177226,-1.1032027682757297,59.06184409427108,8.822234620001819
2024-11-19,55.31999969482422,56.459999084472656,54.880001068115234,56.20000076293945,140555210,54.846000289916994,59.854357426807574,-1.0482241550008673,58.81104481057101,-7.769250029449226
2024-11-20,55.41999816894531,55.7400016784668,55.2400016784668,55.5,128349164,54.912000274658205,62.13015285698535,-0.9914189717547947,60.90711577407092,1.7615097396246522
2024-11-21,55.02000045776367,55.52000045776367,54.63999938964844,55.459999084472656,75605300,54.96000022888184,53.026884320243504,-0.9405688368941194,53.47223724603441,-1.2915984158370641
2024-11-22,54.41999816894531,55.41999816894531,53.86000061035156,55.400001525878906,156356317,55.0939998626709,39.3718512910846,-0.9035457985408273,47.73754699329235,-29.522736308013044
2024-11-25,54.65999984741211,55.099998474121094,53.81999969482422,54.5,352150566,55.10599975585937,44.83388186595431,-0.8712416749997244,48.89380073517342,-27.293719662487163
2024-11-26,53.41999816894531,54.560001373291016,53.2400016784668,54.47999954223633,119880964,55.06199951171875,16.613549725183855,-0.8613864779294256,43.41846456508502,-109.28049414291752
2024-11-27,53.18000030517578,53.47999954223633,52.900001525878906,53.31999969482422,100322878,54.91999969482422,11.151605966344897,-0.8679842105013948,43.33332834679947,-158.0036540119891
2024-11-28,53.2599983215332,53.7599983215332,52.86000061035156,53.5,65853223,54.7419994354248,9.469644972979221,-0.8812938233638825,51.02038874464828,-140.9696015895353
2024-11-29,53.060001373291016,53.560001373291016,52.93000030517578,53.15999984741211,112998910,54.39999961853027,4.734867641533971,-0.8992947884734059,40.2116351390423,-136.3462831262991
2024-12-02,52.81999969482422,53.400001525878906,52.540000915527344,53.0,111970703,54.05799942016601,6.161946705037518,-0.9210719738250027,42.696617775644214,-137.00842022374704
2024-12-03,52.939998626708984,53.52000045776367,52.86000061035156,53.119998931884766,114764926,53.819999313354494,8.802769014306797,-0.9400606026101388,37.23076291055703,-104.57404402131267
2024-12-04,53.0,53.560001373291016,52.7400016784668,53.02000045776367,123358921,53.57799949645996,10.123222144055232,-0.9532061277292188,33.333312556098534,-93.55670753275311
2024-12-05,53.65999984741211,53.70000076293945,52.79999923706055,52.81999969482422,212730770,53.441999435424805,24.647870770377658,-0.9492977368471172,23.595490367525613,-64.13299695212275
2024-12-06,53.08000183105469,53.84000015258789,53.0,53.70000076293945,104208608,53.307999801635745,13.775539994005474,-0.9419950541533204,22.18308274741652,-68.84898345885277
2024-12-09,53.2400016784668,53.58000183105469,53.20000076293945,53.41999816894531,77299528,53.16599998474121,21.87501862644705,-0.9282480124115537,28.861784520529994,-60.32080378545056
2024-12-10,52.939998626708984,53.33000183105469,52.779998779296875,53.02000045776367,111467937,53.11800003051758,13.422744047855257,-0.9138531224002969,25.781249417923263,-75.56301814617397
2024-12-11,54.220001220703125,55.54399871826172,52.540000915527344,52.65999984741211,490155283,53.22200012207031,55.92548382181135,-0.8773022276387048,43.33334392970789,0.41300026881993435
2024-12-12,55.0,55.70000076293945,54.47800064086914,54.58000183105469,100438646,53.39600028991699,77.84807605251245,-0.8143364624280126,54.69257121693774,65.6967185601087
2024-12-13,55.380001068115234,55.619998931884766,54.97800064086914,55.099998474121094,118032599,53.628000259399414,89.87342688999547,-0.7301964049942067,55.69621246416176,89.30719627144958
2024-12-16,55.380001068115234,56.119998931884766,55.15999984741211,55.400001525878906,89541373,53.88400039672852,79.32965715655718,-0.6355312069441654,69.29137465072603,113.94232096167912
2024-12-17,54.220001220703125,55.599998474121094,53.79999923706055,55.0,222377220,54.01200065612793,46.92740882815205,-0.5562901766676335,58.6666742960612,44.2623287901905
2024-12-18,54.81999969482422,55.41999816894531,54.040000915527344,54.34000015258789,141994525,54.19400062561035,63.687152028556966,-0.4800301386157396,61.963199875495775,67.9560961965036
2024-12-19,54.29999923706055,54.31999969482422,53.720001220703125,53.84000015258789,152444095,54.2580005645752,49.161991528810034,-0.4168384237608813,59.06430661224963,18.674724504282555
2024-12-20,54.20000076293945,54.31999969482422,53.36000061035156,53.86000061035156,349339807,54.37000045776367,46.368736514025414,-0.3657956529879204,60.298514260987886,7.9365236691814225
2024-12-23,53.959999084472656,54.5,53.720001220703125,54.08000183105469,193151547,54.442000198364255,39.6647753003543,-0.32803871571143783,57.47800537301511,20.328780490386727
2024-12-24,54.220001220703125,54.58000183105469,54.18000030517578,54.58000183105469,70289585,54.57000045776367,46.92740882815205,-0.2956925137046212,58.68946209540867,42.470636861136185
2024-12-27,54.36000061035156,54.459999084472656,54.016998291015625,54.13999938964844,63634119,54.58400039672851,50.838008471189966,-0.2655257455532381,55.38461809327458,33.68472607363533
2024-12-30,54.41999816894531,54.68000030517578,53.979000091552734,54.08000183105469,43336037,54.52600021362305,52.5139188577213,-0.23674398326400098,61.203976468817096,37.406819341130905
2024-12-31,54.779998779296875,55.060001373291016,54.400001525878906,54.720001220703125,32226362,54.46599998474121,62.56980740030368,-0.2040559164483074,62.459515163411524,70.5052482762109
2025-01-02,55.040000915527344,55.279998779296875,54.099998474121094,54.58000183105469,42442125,54.43199996948242,69.83244092810145,-0.16601974916976273,67.10098691261304,70.02910524288347
2025-01-03,54.36000061035156,55.15999984741211,54.15999984741211,54.84000015258789,131283503,54.44599990844726,36.231906092047595,-0.13709602999875845,51.26353218874072,37.79291747452722
2025-01-06,55.7599983215332,55.7599983215332,54.2400016784668,54.400001525878906,185826184,54.53999977111816,86.95649169266237,-0.09275143051376183,56.16881769771867,109.62754063039488
2025-01-07,55.34000015258789,55.91999816894531,54.900001525878906,55.560001373291016,169652241,54.643999862670896,71.73915747660386,-0.047555365396653254,49.67741181276965,113.08933477621409
2025-01-08,53.86000061035156,55.7400016784668,52.880001068115234,55.52000045776367,171903554,54.60999984741211,32.23685779071095,-0.0276990105453456,40.104159164342505,-42.228307392160346
2025-01-09,53.900001525878906,54.040000915527344,52.86000061035156,53.380001068115234,101445847,54.604000091552734,33.986985140121675,-0.02406467521640499,47.5609770280706,-119.60763004034749
2025-01-10,52.880001068115234,54.13999938964844,52.435001373291016,53.779998779296875,195490326,54.47000007629394,12.769013026902124,-0.04700716862899297,36.10316078840725,-182.6546705898571
2025-01-13,53.18000030517578,53.63999938964844,52.720001220703125,53.459999084472656,155457937,54.352000045776364,21.3773204272027,-0.0805113685427292,41.71598217475042,-157.89131347790692
2025-01-14,53.619998931884766,54.060001373291016,53.20000076293945,53.65999984741211,175172666,54.27200012207031,34.002830650272394,-0.11167567315001248,45.91547918518049,-93.14631599350825
2025-01-15,57.119998931884766,57.15999984741211,54.70000076293945,54.70000076293945,209760980,54.5060001373291,99.15341950380663,-0.0836447050771997,65.25096923165862,210.05674024552184
2025-01-16,57.2599983215332,57.97999954223633,56.720001220703125,57.86000061035156,103256947,54.72799987792969,87.01530282308329,-0.0175564648585904,64.843744470269,267.3566165487836
2025-01-17,58.540000915527344,58.91999816894531,57.500999450683594,58.040000915527344,180340227,55.145999908447266,94.14036328171186,0.08938259003325674,68.36555937621304,261.2259857740034
2025-01-20,58.65999984741211,59.0,58.29999923706055,58.439998626708984,108078956,55.43600006103516,94.82101715597263,0.2180310140551059,68.53147809199757,211.45799584282494
2025-01-21,61.0,61.84000015258789,60.540000915527344,61.0,271182833,56.00200004577637,91.06857776061625,0.39037888608221505,73.17437432702705,251.14700428968314
2025-01-22,61.70000076293945,62.060001373291016,60.720001220703125,61.5,211020378,56.78600006103515,96.25973391842533,0.5913603161704467,74.02597903016942,201.0548993046821
2025-01-23,62.540000915527344,62.540000915527344,61.040000915527344,61.040000915527344,213818158,57.65,100.0,0.8118068091116105,79.17261862976694,173.81170380456805
2025-01-24,61.81999969482422,62.41999816894531,61.31999969482422,62.41999816894531,100919100,58.5439998626709,92.87480204532714,1.0195599860251408,72.7136480658713,139.9381845431065
2025-01-27,61.29999923706055,61.86000061035156,60.36000061035156,61.02000045776367,162717101,59.35599975585937,87.72882993924043,1.1978463864897102,72.17261161393455,105.43519563783639
2025-01-28,61.58000183105469,61.79999923706055,61.18000030517578,61.31999969482422,169466479,60.15200004577637,90.49976122749828,1.3500546582644108,81.53593854600261,99.66463027530881
2025-01-29,62.52000045776367,62.63999938964844,61.63999938964844,61.880001068115234,138268536,60.692000198364255,98.82411606849486,1.4898587365078675,82.80059676482398,102.60926931660339
2025-01-30,62.34000015258789,62.560001373291016,61.939998626708984,62.220001220703125,89430194,61.20000038146973,96.97581358432406,1.6082918565896616,88.45527129003725,91.75524361018645
2025-01-31,62.34000015258789,62.599998474121094,62.060001373291016,62.29999923706055,122019963,61.58000030517578,96.82204151797494,1.7034559917986831,88.16665389803127,84.27869736062792
2025-02-03,61.279998779296875,61.70000076293945,60.29999923706055,61.119998931884766,113008056,61.84200019836426,82.87152587436576,1.758252693264901,80.34863654871037,53.3591774350745
2025-02-04,61.58000183105469,61.720001220703125,60.875999450683594,61.52000045776367,76487003,61.900000381469724,82.09463029643815,1.7856542955995982,73.67302732365243,54.28792220904155
2025-02-05,61.97999954223633,61.97999954223633,61.060001373291016,61.20000076293945,75820898,61.92800025939941,87.15703725917821,1.7967606057811474,74.38015161044721,55.245148795255744
2025-02-06,63.34000015258789,63.36000061035156,62.380001068115234,62.599998474121094,167947965,62.008000183105466,99.60473414356677,1.8146739659692788,74.59014503266918,81.51198549205937
2025-02-07,62.560001373291016,63.58000183105469,62.41999816894531,63.36000061035156,124271192,62.08200035095215,68.90244966173664,1.8193343712774919,68.71400842454555,75.46147637227091
2025-02-10,62.79999923706055,63.400001525878906,62.52899932861328,62.540000915527344,107969780,62.23200035095215,76.2194519168257,1.815126169773268,60.81729854440933,78.48817720945802
2025-02-11,62.79999923706055,63.18000030517578,62.380001068115234,62.84000015258789,94599581,62.354000091552734,76.2194519168257,1.8014428585058604,57.217835155075896,79.85351399016031
2025-02-12,63.900001525878906,63.900001525878906,62.86000061035156,62.959999084472656,204042858,62.49200019836426,100.0,1.795982075187165,58.629440149954306,122.06366697901029
2025-02-13,64.22000122070312,64.22000122070312,63.13999938964844,63.91999816894531,111306322,62.68000030517578,100.0,1.7969732781723065,66.04278374858096,138.74346073638705
2025-02-14,64.16000366210938,64.41999816894531,63.47999954223633,64.30000305175781,170368157,62.86200065612793,93.68945208155677,1.7969036090812498,70.3704005594889,143.59080065994354
2025-02-17,62.91999816894531,64.81999969482422,61.29999923706055,64.37999725341797,141336733,63.026000595092775,57.96457226867282,1.7722935878691914,58.395963497473595,61.92092308265386
2025-02-18,63.2599983215332,63.68000030517578,62.7400016784668,63.13999938964844,114328877,63.194000244140625,65.48669877651193,1.7349773356254476,55.01353234530327,71.99882417944494
2025-02-19,62.84000015258789,63.36000061035156,62.41999816894531,63.18000030517578,101806411,63.28000030517578,56.19470482938937,1.6809980537512768,53.28083871245502,35.49224965640262
2025-02-20,65.9000015258789,67.5999984741211,63.816001892089844,64.0999984741211,666438787,63.536000442504886,76.71236813818193,1.6643935910087853,66.66666666666666,243.52869686605862
2025-02-21,67.19999694824219,67.30000305175781,65.37999725341797,65.9000015258789,283408993,64.0,94.05113646678649,1.6890325522430982,77.1062232674215,252.7240481471025
2025-02-24,67.31999969482422,67.63999938964844,66.58000183105469,67.13999938964844,177521351,64.45200004577637,95.13678128733898,1.736295404438239,76.7225279584688,225.1239929050608
2025-02-25,68.62000274658203,69.2300033569336,66.87999725341797,67.4000015258789,227974016,65.03400039672852,92.30768860733798,1.8120442973663837,78.52234268228857,217.1551344763502
2025-02-26,71.76000213623047,72.0,69.5999984741211,70.0999984741211,301841650,65.82000045776367,97.7570294704951,1.9476436474897465,81.37109068204902,249.96711710134454
2025-02-27,71.72000122070312,71.87999725341797,70.77999877929688,70.77999877929688,155728220,66.57000045776367,97.38318916511969,2.1085704976009523,86.11986147960266,197.18891750733408
2025-02-28,72.9800033569336,72.98200225830078,71.13200378417969,71.77999877929688,338012901,67.45200042724609,99.98288905281437,2.2922328221283674,87.15327694824406,175.85571566806806
2025-03-03,72.33999633789062,73.31999969482422,71.73999786376953,73.0,244900531,68.39400024414063,91.84689417960368,2.4650820185529865,83.26355246892315,149.0564017042544
2025-03-04,71.41999816894531,72.95999908447266,71.0,72.08000183105469,134878965,69.21000022888184,84.19299955474042,2.60179626125178,76.55363928833323,116.46876143797621
2025-03-05,73.08000183105469,74.13999938964844,72.45999908447266,73.04000091552734,295216104,70.23400039672852,91.74456739877758,2.7292493974362477,78.58061899431881,126.18112872863394
2025-03-06,72.73999786376953,74.45999908447266,72.3280029296875,74.31999969482422,257764007,70.91800003051758,86.93008175800732,2.8325714713025056,77.1862560852557,109.31673436671402
2025-03-07,70.91999816894531,72.91000366210938,70.91999816894531,71.95999908447266,188578570,71.2900001525879,70.59800127621257,2.879859313438841,74.44985403434157,71.72710546817817
2025-03-10,69.18000030517578,71.62000274658203,69.05999755859375,71.18000030517578,349889268,71.47600021362305,56.146192875388046,2.8552226462767365,66.66665950695506,37.49996366762811
2025-03-11,67.22000122070312,68.62000274658203,67.05999755859375,68.37999725341797,196281942,71.33600006103515,31.980460602237784,2.749018314271493,61.34714450358867,-10.330260074577572
2025-03-12,68.19999694824219,68.4000015258789,67.27999877929688,67.45999908447266,206727078,70.97999954223633,31.05725909855529,2.6066260474121385,56.67826434464996,-8.770521829992726
2025-03-13,68.31999969482422,69.44000244140625,68.0199966430664,68.23999786376953,112868480,70.63999938964844,22.08119886101233,2.4449898676902135,53.49127686160131,-0.47198662934635766
2025-03-14,69.55999755859375,69.81999969482422,67.80000305175781,68.18000030517578,102579078,70.29799880981446,35.356196012988086,2.2939760270568224,56.526796007641835,4.688770730832155
2025-03-17,69.81999969482422,70.19999694824219,69.54000091552734,69.73999786376953,81117818,70.0459991455078,37.29731847457505,2.1564562046809166,53.722072505705476,17.2600131382483
2025-03-18,70.16000366210938,70.81999969482422,69.73999786376953,69.91999816894531,355043864,69.91999969482421,41.89196573371563,2.035112752679412,43.99400646435811,20.554515227721396
2025-03-19,70.58000183105469,71.0,69.9000015258789,69.94000244140625,123062339,69.66999969482421,47.5676154950909,1.932331752367783,45.83942199313021,19.900624802861127
2025-03-20,71.54000091552734,71.62000274658203,69.9000015258789,71.41999816894531,153445921,69.55,60.54057342105073,1.857485336810168,44.626860233003825,32.60503692655113
2025-03-21,70.58000183105469,71.27999877929688,70.0,71.0,267646157,69.51600036621093,47.5676154950909,1.7845215410521207,43.58602642039072,9.75135623072518
2025-03-24,72.36000061035156,72.4000015258789,71.05999755859375,71.22000122070312,100425696,69.83400039672851,71.62164809321881,1.7408941730122325,53.22360193194247,63.027148334585014
2025-03-25,73.37999725341797,73.62000274658203,72.5,72.58000183105469,154240079,70.45,85.40538367083087,1.7302469289971039,51.07602415355558,112.04186650320374
2025-03-26,73.36000061035156,74.05999755859375,72.9800033569336,73.66000366210938,170809473,70.96600036621093,90.00004359654018,1.7365665164092003,52.276076784717,112.2785741005633
2025-03-27,74.0,74.0,72.19999694824219,72.66000366210938,145705643,71.53400039672852,99.14289202008929,1.7594421319538063,62.37944133639654,98.40233420051513
2025-03-28,73.4000015258789,74.27999877929688,73.16000366210938,73.44000244140625,122117702,71.91800079345703,87.81167445104296,1.777912817875877,68.67259194443093,100.8195320729478
2025-03-31,72.08000183105469,72.91999816894531,71.27999877929688,72.73999786376953,138963541,72.14400100708008,68.57147216796875,1.7675422682331607,72.79552484708988,39.50271292436432
2025-04-01,72.5999984741211,73.4000015258789,71.94400024414062,72.66000366210938,115463759,72.38800048828125,74.074052270806,1.7439058886068495,71.56865751686884,59.23118095602644
2025-04-02,72.45999908447266,72.9000015258789,71.77999877929688,72.33999633789062,84774862,72.57600021362305,71.91356643817714,1.706985479054091,70.25442796632312,51.405495494765944
2025-04-03,69.69999694824219,71.41999816894531,69.45999908447266,70.73999786376953,167018827,72.39199981689453,4.979209107155011,1.6157495384637777,50.59625002599456,-34.82906182847328
2025-04-04,65.0,68.90699768066406,63.720001220703125,68.62000274658203,325638829,71.83399963378906,12.121203363870185,1.4165840877243823,35.10505516227096,-185.91058683575696
2025-04-07,64.0199966430664,67.27999877929688,60.779998779296875,61.220001220703125,334145339,70.99999923706055,23.9999841760706,1.1413470301240163,31.74788138956714,-209.87362683997574
2025-04-08,66.31999969482422,67.4800033569336,64.91999816894531,65.13999938964844,193350831,70.29399948120117,41.03704381872107,0.8669519890939565,38.609613450589436,-129.94918772706518
2025-04-09,64.4000015258789,65.79299926757812,63.53799819946289,64.76000213623047,180728014,69.3979995727539,26.8148351598669,0.5748605408361223,31.841292977460284,-162.2672324456052
2025-04-10,66.33999633789062,69.23999786376953,66.0,69.23999786376953,191915978,68.63199920654297,41.18516710069444,0.3166305044655548,39.72866096630201,-81.18763925362407
2025-04-11,66.76000213623047,67.4800033569336,65.77999877929688,66.86000061035156,398027737,67.96799926757812,44.29632116247107,0.09914027251535143,35.47717571397989,-86.73189448298966
2025-04-14,68.73999786376953,69.0,67.54000091552734,67.95999908447266,86826609,67.63399887084961,58.96295618127893,-0.05005012725089092,38.537545384364854,-37.58541316975847
2025-04-15,70.80000305175781,70.95999908447266,68.76000213623047,68.76000213623047,115490880,67.45399932861328,74.22225387008102,-0.11563045410913984,44.25494232752705,6.6326752999746414
2025-04-16,70.77999877929688,71.0999984741211,70.0199966430664,70.36000061035156,106517222,67.2859992980957,74.07407407407408,-0.12542338925383864,42.56694211382801,18.053805500006234
2025-04-17,70.31999969482422,71.0999984741211,66.94000244140625,70.95999908447266,84202176,67.3479995727539,75.59428557264881,-0.10678965766919297,42.843863337434016,-9.811876739688772
2025-04-22,71.27999877929688,71.4000015258789,70.05999755859375,70.31999969482422,197232243,67.97599945068359,83.20124972115234,-0.055755833154401614,48.10963394777111,26.773077249986038
2025-04-23,73.54000091552734,73.54000091552734,72.0,72.0,152942297,68.9279998779297,100.0,0.049094557465729126,52.05240625676734,77.55096197614843
2025-04-24,72.66000366210938,73.37999725341797,72.30000305175781,73.33999633789062,120151468,69.5620002746582,93.10347095539018,0.1680279597401354,50.42302140070349,72.31395648908165
2025-04-25,73.0,73.23999786376953,72.44000244140625,72.76000213623047,86609543,70.42200012207032,95.76801861189288,0.29459510869968897,57.7756900610783,76.52484060130762
2025-04-28,72.9000015258789,73.5999984741211,72.9000015258789,73.08000183105469,77187035,71.07800064086913,94.53980526594867,0.41704522400636146,73.76654699260978,83.25353549518067
2025-04-29,73.18000030517578,74.04000091552734,73.13999938964844,73.44000244140625,109899014,71.72000045776367,91.81107990920573,0.5340125115625509,78.76885903158436,91.78701568256731
2025-04-30,73.27999877929688,73.5199966430664,70.33999633789062,73.4800033569336,467866561,72.1740005493164,92.76326471456795,0.6417899451292497,75.36443999828728,63.8834739236082
2025-05-01,71.33999633789062,72.86000061035156,71.0999984741211,72.0,77820492,72.22799987792969,67.3123017027585,0.705743110082576,75.25471576058801,50.15896364551418
2025-05-02,70.58000183105469,72.12000274658203,69.69999694824219,71.44000244140625,191448540,72.20800018310547,58.111402062522224,0.7251417421115974,66.87900604034347,28.09054006699541
2025-05-06,71.62000274658203,71.68000030517578,70.58000183105469,70.9800033569336,88777942,72.33800048828125,65.91551142206572,0.7305374102106538,68.43703835769955,38.92993095102761
2025-05-07,72.23999786376953,72.5999984741211,70.80000305175781,71.76000213623047,137274246,72.43400039672852,74.64783889294237,0.735100059422151,64.8054244902438,49.815459965275494
2025-05-08,72.63999938964844,73.12000274658203,72.16000366210938,72.68000030517578,168990983,72.34400024414063,80.28166441187564,0.7436077559174941,59.055110423597085,67.80415093148216
2025-05-09,73.0199966430664,73.0199966430664,72.5,72.86000061035156,74741640,72.37999954223633,85.63373955390598,0.7585099458639428,60.64639651890128,70.74807163346937
2025-05-12,73.04000091552734,74.2770004272461,72.55999755859375,73.94000244140625,96104258,72.38399963378906,72.97359468059749,0.7752292418882242,63.492087520171,83.76819773854257
2025-05-13,73.4000015258789,73.80000305175781,71.69999694824219,71.69999694824219,81960193,72.43399963378906,80.83901606388883,0.7961877069003503,61.18146312333962,65.49438307262093
2025-05-14,74.94000244140625,74.94000244140625,73.44000244140625,73.5199966430664,121072846,72.60999984741211,100.0,0.8414596658798152,57.99088825968547,134.47595115585125
2025-05-15,74.77999877929688,75.04000091552734,74.30999755859375,74.68000030517578,132893628,72.7599998474121,95.13104975533093,0.8951269991814353,63.184060245697076,144.0235234457549
2025-05-16,75.0,75.08000183105469,74.5199966430664,74.80000305175781,104857710,73.12600021362304,98.51297846754248,0.9527128756588863,62.626265545376604,143.6062260686187
2025-05-19,75.83999633789062,75.83999633789062,74.54000091552734,74.5999984741211,98566048,73.65199966430664,100.0,1.0209662979003216,66.97457366553812,163.40906178507475
2025-05-20,78.0199966430664,78.0199966430664,76.0,76.33999633789062,243945017,74.29199905395508,100.0,1.124781616920952,72.91665462532151,243.2708601921578
2025-05-21,77.9800033569336,78.69999694824219,77.95999908447266,78.08000183105469,181142677,74.86599960327149,92.0000712076823,1.2422425989773755,72.38099044145162,225.04361100554695
2025-05-22,78.4800033569336,78.5999984741211,77.31999969482422,77.86000061035156,173830624,75.45,97.55562676323785,1.3672448053040385,89.40405604663873,173.64862751487712
2025-05-23,77.81999969482422,78.9800033569336,75.83999633789062,78.37999725341797,265113370,75.93000030517578,86.19043510247455,1.4767746822602947,90.40177792158582,126.69766460489261
2025-05-27,78.4800033569336,79.19000244140625,78.18000030517578,78.41999816894531,103375583,76.4740005493164,91.53755499257066,1.578029170511476,89.97668500210742,139.45114420124193
2025-05-28,76.62000274658203,78.73999786376953,76.62000274658203,78.5,116810465,76.79600067138672,65.68761268373179,1.63551700675891,72.30143389002492,86.95451754541443
2025-05-29,77.22000122070312,77.62000274658203,76.33999633789062,77.27999877929688,198915839,77.02400054931641,73.69826734438186,1.6684040971997718,72.85429080924847,70.74296910803602
2025-05-30,77.19999694824219,77.86000061035156,77.05999755859375,77.22000122070312,241372205,77.26600036621093,73.43118780112658,1.6800261342357936,71.63558705594961,71.908200874628
2025-06-02,77.80000305175781,77.95999908447266,76.9000015258789,76.9000015258789,102317832,77.54600067138672,81.44194432277713,1.68345402894068,73.24216814597756,69.5113263537152
2025-06-03,77.04000091552734,78.12000274658203,76.44000244140625,77.91999816894531,118194151,77.66600112915039,62.60866911514945,1.6656039756072087,67.10523674036001,52.802840042134676
2025-06-04,76.58000183105469,77.4000015258789,76.31999969482422,77.13999938964844,107346909,77.52200164794922,46.51643444980864,1.6242177808474285,58.577391165556044,33.1827921350412
2025-06-05,76.68000030517578,76.68000030517578,75.7300033569336,76.22000122070312,121681757,77.39200134277344,46.252697649267205,1.5681426177121247,60.0,12.862043732486738
2025-06-06,76.91999816894531,77.27999877929688,76.36000061035156,76.66000366210938,80805117,77.2360008239746,51.18271983723964,1.5060551580013635,60.084019470975456,26.755512246976004
2025-06-09,76.9800033569336,77.18000030517578,76.35800170898438,77.04000091552734,78074284,77.15200119018554,36.127177189427336,1.440978777887216,56.52176949311742,20.192300034646003
2025-06-10,75.68000030517578,76.95999908447266,75.5,76.81999969482422,103482213,76.87200088500977,4.8780538233785995,1.3534153402038405,35.11455716598657,-31.63488606361064
2025-06-11,76.05999755859375,76.87999725341797,75.72000122070312,76.05999755859375,137687116,76.81600036621094,15.176075557834494,1.2593255974923225,38.292675892008965,-38.1649615149946
2025-06-12,76.81999969482422,77.12000274658203,75.45999908447266,75.4800033569336,132619247,76.77600021362305,36.46110955432513,1.1753327654491712,40.18912913302888,-31.872603012412927
2025-06-13,76.5,76.54000091552734,75.33999633789062,75.81999969482422,85908285,76.70600051879883,30.12991748377022,1.0942872950962208,41.871941084668244,-73.04325457226246
2025-06-16,77.16000366210938,77.66000366210938,76.54000091552734,76.72000122070312,103355633,76.64200057983399,53.529603159465495,1.0273735822876418,41.871941084668244,9.83421287818497
2025-06-17,75.73999786376953,77.31999969482422,75.69599914550781,77.18000030517578,109818169,76.5120002746582,14.388510926749749,0.9478281533505883,44.27081884613703,-95.5208257812598
2025-06-18,76.5999984741211,77.0,75.91999816894531,76.05999755859375,71508436,76.51399993896484,45.323713365954866,0.8760958276598784,46.09571304343649,-59.54170204526025
2025-06-19,75.4800033569336,76.66000366210938,75.4800033569336,76.55999755859375,41980242,76.39400024414063,5.036212096679026,0.7931552631900393,40.48677813102112,-121.08562401148603
2025-06-20,75.55999755859375,76.55999755859375,75.4800033569336,75.69999694824219,202054195,76.25800018310547,7.913694731613338,0.7070059727190071,36.85443444902725,-112.99117672194069
2025-06-23,74.87999725341797,75.9000015258789,74.73999786376953,75.12000274658203,81415546,76.04799957275391,4.794490124918023,0.6109011857728922,37.203773475748655,-170.06943125952225
2025-06-24,76.66000366210938,76.91999816894531,75.77999877929688,76.22000122070312,100002889,76.14599990844727,65.75349266194794,0.5406010535143649,50.40984503589564,-16.010215724639817
2025-06-25,76.0199966430664,76.62000274658203,75.4800033569336,76.44000244140625,63065900,76.14199981689453,43.835487587888096,0.478716950644366,46.796104423263245,-66.28672178786675
2025-06-26,75.76000213623047,76.4800033569336,75.62000274658203,75.95999908447266,86863304,76.03600006103515,34.93158380167794,0.42011276560766697,44.37987232611179,-72.19213604958935
2025-06-27,76.62000274658203,77.0,75.87999725341797,76.04000091552734,98600772,76.04800033569336,64.38360101481197,0.3793997832304664,48.38129373004318,14.583904806142494
2025-06-30,76.69999694824219,77.13999938964844,75.95999908447266,76.9000015258789,86783208,76.00199966430664,67.12312302896812,0.35244643379783,55.151497403309,43.07862608740282
2025-07-01,76.36000061035156,77.30000305175781,75.9800033569336,76.83999633789062,103026972,76.06399993896484,55.479435948486014,0.3293025551291236,51.521313555715466,42.75247138138033
2025-07-02,73.54000091552734,77.5999984741211,72.85099792480469,76.9800033569336,270311976,75.75800018310547,14.327348070680886,0.26401762404004664,36.24161374520122,-257.0019578551954
2025-07-03,75.87999725341797,75.9800033569336,73.54000091552734,73.54000091552734,113286062,75.79799957275391,62.98597868404603,0.21247336700371267,47.77617296511549,-149.7376303933285
2025-07-04,75.36000061035156,76.05999755859375,75.0199966430664,75.5999984741211,65462622,75.77799987792969,52.83222563341318,0.16346302086851008,43.478244043538446,-88.7099332966108
2025-07-07,75.68000030517578,75.83999633789062,75.16000366210938,75.5,152870985,75.85800018310547,59.57047911435415,0.12334292727307272,49.76378879883119,-69.04971473751519
2025-07-08,75.66000366210938,76.05999755859375,75.31999969482422,75.44000244140625,82252537,75.75800018310547,59.14940855732327,0.09029807509619525,46.03711392199862,-46.78639134765253
2025-07-09,75.55999755859375,76.36000061035156,75.30000305175781,76.05999755859375,184166593,75.71200027465821,57.04357381426306,0.06161876637337009,50.36897732927277,-34.678830100387266
2025-07-10,76.04000091552734,76.9800033569336,76.04000091552734,76.12000274658203,178289236,75.7400001525879,67.15103436199216,0.04469684404974913,52.13524665552123,52.93768084490795
2025-07-11,75.68000030517578,76.19999694824219,75.05999755859375,75.87999725341797,60673496,75.64599990844727,59.57047911435415,0.030185826242856588,53.66301825046496,-43.49939381312184
2025-07-14,76.5,76.54000091552734,74.81999969482422,74.81999969482422,64842231,75.62600021362304,76.8372637000551,0.030960424821571925,49.19676807539932,8.71928186282627
2025-07-15,76.23999786376953,77.12000274658203,75.83999633789062,76.76000213623047,81239796,75.61399993896484,71.36238254284204,0.037056398580449394,51.148233450243225,77.55548399497694
2025-07-16,76.4000015258789,77.36000061035156,76.04000091552734,76.04000091552734,75069499,75.9,74.73158960963016,0.04863645214394631,53.37552572829363,107.05660326671025
2025-07-17,78.19999694824219,78.95999908447266,77.5999984741211,77.76000213623047,105260269,76.13199996948242,87.55930607366629,0.09165379851361656,57.581552956612725,270.59437877598737
2025-07-18,77.80000305175781,78.5199966430664,77.22000122070312,78.36000061035156,150515034,76.37600021362304,81.01169074294478,0.14552982404292544,55.12107590188903,179.1160244332479
2025-07-21,78.81999969482422,78.81999969482422,77.16000366210938,77.48400115966797,170174629,76.69000015258788,97.70830965669604,0.2193293478267046,60.77058284747679,189.28160198154222
2025-07-22,77.9000015258789,78.5199966430664,77.33999633789062,78.19999694824219,75529349,76.91399993896485,80.44284286538759,0.28656991193528836,72.89918929575478,134.9574916073934
2025-07-23,77.63999938964844,78.30000305175781,77.26000213623047,78.19999694824219,134766315,77.12200012207032,68.11594469978144,0.34137325268039553,61.82797959340631,103.84786132956383
2025-07-24,78.04000091552734,79.30000305175781,76.0199966430664,78.0,140580670,77.3220001220703,71.87497339080352,0.3911120331209538,68.30601377668594,95.45240350117122
2025-07-25,79.04000091552734,80.0,77.08000183105469,78.27999877929688,280158764,77.65800018310547,81.46720023330039,0.450132048736429,71.00000381469727,137.42360263106738
2025-07-28,78.23999786376953,79.81999969482422,78.0,79.69999694824219,112590183,77.83199996948242,66.02312678491737,0.49808591256365337,64.69243917126414,115.2287531525213
2025-07-29,79.22000122070312,79.55999755859375,78.0,78.19999694824219,102168223,78.13000030517578,84.94210939490657,0.5510900487012497,68.9441111521803,111.41655586692698
2025-07-30,78.69999694824219,79.80000305175781,78.4800033569336,79.80000305175781,135023233,78.35999984741211,74.90341746777759,0.5949286231254789,63.711313285601136,103.63543610151119
2025-07-31,77.80000305175781,79.45999908447266,77.62000274658203,77.94000244140625,198367912,78.32000045776367,57.529018945346735,0.6150094708683407,60.35157807055255,59.644033501464456
2025-08-01,75.73999786376953,77.5,74.4000015258789,77.18000030517578,164670629,78.11399993896484,23.928512553763404,0.5848788539451109,46.68988713417296,-79.80896833652227
2025-08-04,82.55999755859375,82.56400299072266,79.68000030517578,80.72000122070312,466266950,78.4879997253418,99.9509378808155,0.6323322151777411,67.5166279769545,219.68213236965383
2025-08-05,80.76000213623047,83.91999816894531,80.58000183105469,83.91999816894531,258192353,78.77399978637695,66.80675265766686,0.695767038547786,61.077241445615726,203.51212130988466
2025-08-06,80.95999908447266,81.33999633789062,80.0199966430664,81.13999938964844,163354662,79.10599975585937,68.9075616783071,0.7674984151928759,57.63275171840773,135.43173147899188
2025-08-07,80.4800033569336,81.41999816894531,80.12000274658203,81.04000091552734,86656239,79.35,63.86558797247967,0.8312622977749105,57.378857077798415,116.02967567037237
2025-08-08,80.94000244140625,81.0199966430664,80.30500030517578,80.36000061035156,194250259,79.5400001525879,68.69751283253393,0.8921341031530838,56.02273559767424,106.44633935644852
2025-08-11,82.44000244140625,82.44000244140625,81.16000366210938,81.26000213623047,169210484,79.96000061035156,84.4538209095171,0.9699004797952717,62.48625093321594,145.01227650875143
2025-08-12,83.04000091552734,83.33999633789062,82.58000183105469,82.73999786376953,72394771,80.34200057983398,90.75632811216497,1.061541430281074,64.57884045540737,156.85123854310936
2025-08-13,83.44000244140625,83.9000015258789,82.94000244140625,83.19999694824219,52548412,80.8160011291504,94.95802629417257,1.1610370478818446,64.57884045540737,147.38813531910782
2025-08-14,83.58000183105469,83.9800033569336,83.16000366210938,83.16000366210938,57366305,81.39400100708008,95.82461952583083,1.2598274641867875,62.853912614467944,130.7460841256842
2025-08-15,82.77999877929688,84.16000366210938,82.77999877929688,83.9800033569336,85740480,82.0980010986328,85.86060880366273,1.3373621340350748,62.853912614467944,105.73327549646423
2025-08-18,82.9800033569336,83.41999816894531,82.4000015258789,82.81999969482422,238602929,82.1400016784668,87.90983558502043,1.3976524556835468,61.137448898189604,86.38722503898127
2025-08-19,82.87999725341797,83.73899841308594,82.86000061035156,83.31999969482422,79553556,82.35200119018555,86.88518310933718,1.4391927640370752,62.697449992931446,86.57011649575625
2025-08-20,83.45999908447266,83.73999786376953,82.55999755859375,82.68000030517578,184896809,82.60200119018555,92.82782352026128,1.4727766947384207,67.53405691223315,82.58481891457646
2025-08-21,83.69999694824219,84.12000274658203,83.30000305175781,83.81999969482422,86999236,82.9240005493164,89.73200068800739,1.500085466673195,77.79329348501905,90.00459712537467
2025-08-22,84.0999984741211,84.62000274658203,83.63999938964844,83.94000244140625,129810324,83.2400001525879,88.69557429361852,1.5249923122243163,59.74683935492033,96.5735321170787
2025-08-26,83.04000091552734,84.27999877929688,82.9800033569336,84.05999755859375,270173252,83.3,65.65217968195418,1.5267006109365522,65.921771041561,66.98384436434175
2025-08-27,82.62000274658203,83.95999908447266,82.19999694824219,83.36000061035156,145282073,83.25800018310547,55.55555555555556,1.5035984730798342,61.24662983608184,43.08611569792349
2025-08-28,82.30000305175781,83.12000274658203,81.77200317382812,83.0,129086340,83.14400024414063,46.23410470034089,1.4576242731772886,62.60386055343687,16.069677728171577
2025-08-29,79.5199966430664,81.5999984741211,77.94000244140625,81.27999877929688,237182612,82.7379997253418,23.652606728714503,1.3520487522516964,42.557634219935714,-117.45644349007512
2025-09-01,80.05999755859375,80.33999633789062,79.66000366210938,79.80000305175781,83956870,82.46599960327148,31.736452400232537,1.2201845278648868,36.13053530144051,-135.82764567519266
2025-09-02,78.5,80.41999816894531,78.0199966430664,80.31999969482422,140465038,82.01799926757812,8.383196601950065,1.0510856966884257,26.2054862771097,-166.3118874984206
2025-09-03,78.80000305175781,79.05999755859375,77.37999725341797,78.55999755859375,171791383,81.60999984741211,19.61332487496865,0.8699041120430657,25.423778127278112,-161.8177148858074
2025-09-04,80.4800033569336,80.63999938964844,78.68000030517578,78.83999633789062,71708142,81.3120002746582,42.81773137385902,0.7154678658981817,35.883455289947776,-88.61464274808202
2025-09-05,79.36000061035156,80.9000015258789,79.18000030517578,80.80000305175781,88938849,80.87800064086915,27.348091915166254,0.5663911973190905,34.867289260260506,-88.72722838960173
2025-09-08,80.12000274658203,80.18000030517578,79.5199966430664,79.77999877929688,84965111,80.48000106811523,37.84535102564697,0.4393231235302112,37.94267797822602,-79.11327723440843
2025-09-09,81.58000183105469,81.66000366210938,80.33999633789062,80.73999786376953,156255088,80.33400115966796,58.01106893637469,0.3550028553988393,45.08322786654686,-26.213296283810383
2025-09-10,81.62000274658203,81.9800033569336,81.25299835205078,81.76000213623047,583767076,80.23400115966797,58.56356735043131,0.30172535940679,42.7444984759271,-6.899135021896609
2025-09-11,82.18000030517578,82.37999725341797,81.36000061035156,82.22000122070312,143717980,80.22200088500976,66.29833439062892,0.27894450682643573,44.153862496089936,10.839021012824109
2025-09-12,82.5999984741211,82.87999725341797,82.22000122070312,82.30000305175781,166467992,80.53000106811524,75.65217487452966,0.2825376239859208,44.23963322664685,39.038808279716726
2025-09-15,84.45999908447266,84.45999908447266,82.97599792480469,83.5,96521867,80.97000122070312,100.0,0.3315043403072597,55.13747256290107,96.01566795966357
2025-09-16,82.94000244140625,84.72000122070312,82.9280014038086,84.45999908447266,519724867,81.41400146484375,75.74934853944987,0.38133720922653913,51.072384619514786,74.9789731328913
2025-09-17,83.12000274658203,83.41999816894531,82.45999908447266,83.0999984741211,61959943,81.84600143432617,78.2016674479689,0.431103299584665,52.774016709295935,53.47668416256245
2025-09-18,83.80000305175781,83.91999816894531,83.05999755859375,83.26000213623047,74695669,82.1780014038086,87.4659717754132,0.4880851498381575,66.87699647351101,76.88163297708472
2025-09-19,82.13999938964844,84.37999725341797,81.36000061035156,84.37999725341797,252775174,82.45600128173828,64.85013029211002,0.5190057821561322,57.536236851736575,40.22854479673828
2025-09-22,81.9800033569336,82.58000183105469,81.69999694824219,82.16000366210938,124710281,82.64200134277344,62.67034900823122,0.5282352749031876,64.03226987380123,22.761933489712817
2025-09-23,82.08000183105469,83.0,81.5199966430664,82.19999694824219,80462567,82.69200134277344,56.291407458868854,0.5237768185420029,63.44262131053019,31.765335247168835
2025-09-24,82.36000061035156,83.0,81.04000091552734,81.55999755859375,82081022,82.7660011291504,57.400718044341374,0.5142461641821334,58.70369467715285,31.195113537575597
2025-09-25,81.37999725341797,82.36000061035156,81.18000030517578,82.05999755859375,89039714,82.68600082397461,35.769211018596636,0.4852285148089782,59.474659450468685,9.53913889991006
2025-09-26,83.0,83.18000030517578,81.51000213623047,81.69999694824219,115990917,82.7260009765625,60.73060951478498,0.47025821134623796,62.4999917215747,50.59342182406321
2025-09-29,82.80000305175781,83.62000274658203,82.5999984741211,83.41999816894531,69134985,82.56000137329102,47.82614104012688,0.460614632113621,55.945428235318616,68.28001288048507
2025-09-30,83.81999969482422,84.0199966430664,82.55999755859375,82.95999908447266,99152808,82.64800109863282,75.54343882490748,0.4700388895875217,59.786471795651515,89.57036014976781
2025-10-01,83.41999816894531,84.05999755859375,82.76000213623047,83.4800033569336,171949071,82.67800064086914,64.67383304481233,0.4834673581193223,55.5956611583052,83.34690530016702
2025-10-02,83.76000213623047,84.94000244140625,83.5999984741211,83.94000244140625,91325825,82.6740005493164,69.74359375641896,0.5030242908734994,55.27274391867897,121.69522198644327
2025-10-03,84.36000061035156,84.88999938964844,83.81999969482422,84.16000366210938,63734323,82.89600067138672,85.12816399670567,0.5338233506607949,49.486660697878264,132.5027572865248
2025-10-06,84.33999633789062,84.72000122070312,83.26000213623047,84.5,139393600,83.13199996948242,84.61523413428903,0.5685183723879492,58.495102931944736,104.5547381286078
2025-10-07,83.30000305175781,85.63300323486328,83.05999755859375,84.08000183105469,132788497,83.25400009155274,49.20533409522038,0.5859482833650619,50.98901283163768,88.14794353203206
2025-10-08,86.37999725341797,86.63999938964844,84.25700378417969,84.30000305175781,168075543,83.65599975585937,95.3571034450813,0.6394470666373782,61.217373536067484,206.55430295762707
2025-10-09,83.5,84.81999969482422,82.81999969482422,84.5,333028579,83.86800003051758,43.92856704945348,0.6653425223321572,55.345920248747326,36.08724231132322
2025-10-10,82.9000015258789,84.31999969482422,82.9000015258789,83.62000274658203,72798782,83.85800018310547,33.21430566360083,0.6614901890674305,53.49543685279082,3.764941340486295
2025-10-13,83.68000030517578,84.44000244140625,83.0199966430664,83.0199966430664,108901859,83.94599990844726,47.14285908913179,0.6501312186909883,55.78034602419468,36.03954694486243
2025-10-14,84.18000030517578,84.19999694824219,83.0199966430664,83.5,87298233,83.98199996948242,54.945064158188394,0.6411581170193794,56.472265286067234,42.09798577064353
2025-10-15,84.86000061035156,85.31999969482422,83.81999969482422,84.19999694824219,105188882,84.12600021362304,65.30214946780112,0.6435384951232404,62.64537309493671,108.3090137886935
2025-10-16,84.4800033569336,85.08000183105469,83.80000305175781,84.30000305175781,65744751,84.19800033569337,47.05894452609888,0.6453808423959136,55.91056532556906,81.99210352804722
2025-10-17,82.44000244140625,84.04000091552734,81.81999969482422,82.19999694824219,125348100,84.00600051879883,12.86312833687103,0.6127714068379656,48.74651470200702,-58.19714941859509
2025-10-20,83.0,83.88899993896484,82.77999877929688,83.4800033569336,65265746,83.87200088500977,24.481335682300596,0.5678155057363832,47.050357895799934,-26.84980446699232
2025-10-21,83.33999633789062,83.77999877929688,82.91999816894531,83.5,90882361,83.87600021362304,31.535202060253226,0.5216080184475282,49.710975648747485,-22.651770454438864
2025-10-22,84.4800033569336,84.73999786376953,83.58000183105469,83.5999984741211,225710283,83.68600082397461,55.18680146319767,0.49403763000994855,52.459023227987814,60.6061330784851
2025-10-23,85.45999908447266,86.54000091552734,83.52200317382812,83.86000061035156,262060724,83.88200073242187,75.5186643176994,0.49410314716992887,53.66178374652499,142.99387676532783
2025-10-24,85.86000061035156,85.86000061035156,83.9739990234375,85.5,189509936,84.17800064086914,83.8174516870935,0.516742509751292,54.935085652457815,133.9498319204614
2025-10-27,87.83999633789062,87.83999633789062,85.4209976196289,85.5999984741211,194368221,84.59400024414063,100.0,0.5827558432375664,63.892284403986714,256.96546953679996
2025-10-28,87.86000061035156,87.86000061035156,86.16000366210938,87.77999877929688,100561949,84.96200027465821,100.0,0.6714855514079565,55.572305509196354,217.880539952353
2025-10-29,88.58000183105469,88.94000244140625,87.76000213623047,88.0,150424830,85.33400039672851,94.94381360281945,0.7797588327834222,72.84174488171689,227.3402896417236
2025-10-30,88.81999969482422,89.13999938964844,87.87999725341797,89.05999755859375,139509667,85.76800003051758,95.62841928736033,0.8966575805369248,77.50929921564679,185.4638191665819
2025-10-31,89.08000183105469,89.26000213623047,88.27999877929688,88.66000366210938,85541900,86.43199996948242,97.58064185336801,1.0149390962191007,76.36720045120725,160.87145704628702
2025-11-03,89.4000015258789,89.54000091552734,88.76000213623047,89.30000305175781,110062034,87.0720001220703,98.1865366902664,1.1306789482824615,75.944346359428,145.54408546322966
2025-11-04,88.9000015258789,89.04000091552734,87.4000015258789,89.0,325730720,87.62800064086915,91.70985377654969,1.2282042065203793,70.44535444647877,100.30843618175689
2025-11-05,89.55999755859375,89.55999755859375,88.41999816894531,88.5199966430664,195068630,88.13600006103516,100.0,1.316931000441521,74.9999812268762,108.28998345374332
2025-11-06,91.13999938964844,92.01899719238281,90.55999755859375,91.23999786376953,196133174,88.70400009155273,90.48600547988644,1.4176983365156928,94.84535920301904,146.67411216545352
2025-11-07,90.5999984741211,92.08000183105469,90.37999725341797,91.4800033569336,125847700,89.1779998779297,83.84276457163799,1.5088834403782851,89.25618922789427,123.70199233237693
2025-11-10,92.91999816894531,92.95999908447266,91.2979965209961,91.73999786376953,106639986,89.68600006103516,99.5761715102861,1.6228577024776123,91.08061244520056,142.83146938756119
2025-11-11,94.62000274658203,95.12000274658203,93.23999786376953,93.23999786376953,153595500,90.3620002746582,95.68891172254737,1.7685648074893,91.48935506024849,168.6105384455323
2025-11-12,95.16000366210938,95.86100006103516,94.5199966430664,94.5199966430664,188622617,91.02000045776367,94.10283218863543,1.9311077187387795,91.17147411091372,164.89682567259268
2025-11-13,94.12000274658203,95.73999786376953,94.12000274658203,95.4800033569336,80264328,91.55000076293945,83.32378441265368,2.0746882268639864,83.25281111114523,138.09517134872308
2025-11-14,91.5,91.77999877929688,90.12000274658203,90.27999877929688,150556292,91.79200057983398,55.04585424319854,2.1523274928262444,64.01225141692788,52.573352772274966
2025-11-17,90.83999633789062,91.9800033569336,90.58000183105469,91.45999908447266,226193713,91.93600006103516,40.6570784490532,2.169130524396402,60.8758871251576,45.68445743562053
2025-11-18,89.08000183105469,89.13999938964844,87.9000015258789,88.31999969482422,111242007,91.95400009155273,19.855816050495942,2.113898168488064,51.69606449682764,-23.75531825758714
2025-11-19,87.62000274658203,89.12000274658203,87.44000244140625,88.87999725341797,119681922,91.76000061035157,2.600180342651037,1.988299364419064,46.24061264585953,-49.628478394567615
2025-11-20,87.41999816894531,88.69999694824219,87.41999816894531,88.4800033569336,84605418,91.38800048828125,0.2363390441839495,1.8174576380515537,44.77986570354014,-62.62909859706058
2025-11-21,87.12000274658203,87.31999969482422,85.81999969482422,86.0999984741211,90232708,91.04000091552734,12.94694755845707,1.6182857247433444,42.82116474106189,-101.08461971684382
2025-11-24,87.37999725341797,88.16000366210938,87.0199966430664,87.95999908447266,322917616,90.4860008239746,15.53627628421678,1.4122575799149186,45.14065111323798,-78.52987225230967
2025-11-25,90.68000030517578,90.69999694824219,88.72000122070312,89.13999938964844,105398180,90.09200057983398,48.40155794342957,1.2621632184377947,53.06346376894462,-3.525667616018644
2025-11-26,93.80000305175781,95.30000305175781,89.81500244140625,90.83999633789062,237528005,89.95600051879883,79.47418649427776,1.2018963595093166,56.710400300556465,83.66208286339008
2025-11-27,96.5999984741211,96.5999984741211,93.41999816894531,93.63999938964844,255834317,90.20400009155273,100.0,1.2430238539785936,63.58695539499736,143.2126716547379
2025-11-28,96.13999938964844,96.94000244140625,95.91999816894531,96.5999984741211,110022728,90.66800003051758,92.80572972876548,1.3353752740690752,57.96241598988181,145.43543812604003
2025-12-01,95.5,95.83999633789062,94.44000244140625,95.5,303224784,91.13400039672851,87.05034095563632,1.4417372374806798,52.29644424747118,100.98231452723414
2025-12-02,97.36000061035156,97.73999786376953,95.23999786376953,95.66000366210938,99174451,91.96200027465821,96.81210308900918,1.5776942807551246,55.371087419915554,121.9147835148753
2025-12-03,95.95999908447266,97.08000183105469,95.54000091552734,96.81999969482422,81719120,92.79599990844727,85.06712204088895,1.6991417627875447,54.41457932155487,95.84142832097868
2025-12-04,96.95999908447266,97.3219985961914,95.91999816894531,96.66000366210938,115038191,93.75,93.45638507454662,1.8172101834157703,64.2039565688037,96.6670060078231
2025-12-05,95.76000213623047,97.45999908447266,95.76000213623047,97.19999694824219,88627417,94.61399993896484,83.38929503615643,1.9036842920628825,62.449415652083935,78.95905703600013
2025-12-08,95.69999694824219,96.0,95.0199966430664,95.76000213623047,180313050,95.44599990844726,82.88589573073865,1.9605263530708599,68.32778519407222,57.312560285010946
2025-12-09,94.31999969482422,96.19999694824219,94.31999969482422,95.54000091552734,198866911,95.80999984741212,71.30873578609018,1.9693303795923573,68.63180906650643,43.11721940658997
2025-12-10,94.83999633789062,95.54000091552734,93.73400115966797,93.83999633789062,281700134,95.91399917602538,75.67112440139326,1.9513713155796015,70.27323256411196,38.786478249353955
2025-12-11,95.0199966430664,95.0999984741211,93.08000183105469,93.72000122070312,85150003,95.75599899291993,74.62685717376513,1.9160033385093513,71.72716468419833,32.75957110089562
2025-12-12,93.72000122070312,96.0,93.72000122070312,95.31999969482422,111083279,95.5139991760254,55.43239313557236,1.8464702129188788,66.49325203248804,31.413576709588384
2025-12-15,95.13999938964844,95.66000366210938,94.19999694824219,94.19999694824219,101837649,95.47799911499024,67.19242932577293,1.7776148377904446,62.86044402753096,39.08132324819047
2025-12-16,95.0199966430664,95.0999984741211,94.0199966430664,95.0,131272370,95.24399871826172,41.63082539968402,1.7068276585392708,54.25381642938734,28.82389908781067
2025-12-17,95.94000244140625,96.95999908447266,95.375,95.58000183105469,161980289,95.24199905395508,61.37345590582765,1.6493283924934865,47.35154060509798,59.54345099367441
2025-12-18,96.33999633789062,96.33999633789062,95.0770034790039,96.13999938964844,70326403,95.17999877929688,69.95702322383124,1.6057944555267478,50.806439704373126,53.57228409787538
2025-12-19,97.41999816894531,97.41999816894531,96.16000366210938,96.87999725341797,331404971,95.34599838256835,93.13304791296589,1.5868667052467995,57.476630516160775,96.88257948726998
2025-12-22,97.08000183105469,97.33999633789062,96.2490005493164,97.16000366210938,54035416,95.4839988708496,91.32425818026633,1.5753126268183033,48.763255408314436,95.45010350242913
2025-12-23,97.5199966430664,97.9739990234375,96.33999633789062,97.37999725341797,131618177,95.80399856567382,90.72328073506624,1.572415311057086,57.52895639161531,120.38546747836433
2025-12-24,97.0,98.02999877929688,96.9800033569336,97.58000183105469,24322694,96.01999893188477,79.19193102406575,1.5632156732069524,50.20243415195032,118.01092098224838
2025-12-29,97.26000213623047,97.87999725341797,96.55000305175781,97.0,47048532,96.24399948120117,84.44450267106038,1.551133419690738,58.38927377276661,98.04650096780158
2025-12-30,98.33999633789062,98.62000274658203,97.0999984741211,97.19999694824219,38062581,96.70599899291992,94.94573353035713,1.5515731001110047,63.253040658029185,140.18745989677686
2025-12-31,98.23999786376953,98.72000122070312,98.0,98.54000091552734,27897581,97.01599884033203,91.4893012610146,1.5547064711612602,72.58069336258528,142.30466002927324
2026-01-02,99.23999786376953,100.2249984741211,98.19999694824219,98.23999786376953,132175167,97.43799896240235,86.21412073989679,1.5717748642466827,74.01752598872079,173.28705566130404
2026-01-05,99.95999908447266,100.3219985961914,97.9000015258789,99.9000015258789,132608434,97.83999862670899,94.51681830315819,1.6045875119175903,75.46397817831738,153.81546216985302
2026-01-06,100.30000305175781,101.75,99.83999633789062,100.5,120174189,98.2359992980957,81.24196224388983,1.647315645340422,87.64307313053438,180.86879442828317
2026-01-07,98.9000015258789,100.55000305175781,98.55999755859375,100.30000305175781,94973475,98.38399963378906,63.13069551820148,1.6679279615246445,71.55966112164431,107.43827097357028
2026-01-08,100.05000305175781,100.5009994506836,98.30500030517578,98.83999633789062,152869111,98.68099975585938,74.52423445908788,1.688144037724303,75.7949248445363,107.19937645140126
2026-01-09,100.30000305175781,100.5,99.45899963378906,100.30000305175781,54519625,98.95900039672851,78.2706772934786,1.7071929805084154,74.00884943854967,113.84993489641052
2026-01-12,101.0,101.19999694824219,99.31999969482422,100.05000305175781,70742254,99.35900039672852,86.58317546800019,1.731788813968031,74.84013228636451,115.21502611172146
2026-01-13,101.3499984741211,101.5999984741211,100.69999694824219,101.19999694824219,287130200,99.76800003051758,92.72856633662818,1.7602089010369302,72.71680083544207,127.94696022410952
2026-01-14,101.0,102.8499984741211,100.8499984741211,101.5,106333877,100.03400039672852,71.58221402378355,1.7799402348752476,72.63281419315962,127.75434971599877
2026-01-15,102.19999694824219,102.6500015258789,101.30000305175781,101.44999694824219,450477104,100.43000030517578,89.68250796545698,1.8082796840095878,74.84079089849575,131.25910180077736
2026-01-16,102.0999984741211,102.33599853515625,101.0999984741211,102.25,182061276,100.71600036621093,88.09522944512463,1.8348120798640597,78.33334887470573,114.35979883783209
2026-01-19,102.30000305175781,102.30000305175781,100.10700225830078,101.0,210707596,100.95000076293945,90.43486221976902,1.8578300260478229,78.1879409412835,96.24691016100576
2026-01-20,102.4000015258789,102.4000015258789,101.19999694824219,101.94999694824219,218968670,101.16000061035156,90.9091469561009,1.8747995913110809,75.50254808388118,104.91479454325501
2026-01-21,101.4000015258789,102.1500015258789,100.25,102.1500015258789,96371059,101.41000061035156,70.70711429918958,1.8668611124820214,67.83297654865504,66.35360088608995
2026-01-22,101.9000015258789,103.55000305175781,100.44999694824219,102.94999694824219,206313045,101.59500045776367,70.79644105720423,1.8474491562175168,65.9091116501576,89.66664945867483
2026-01-23,101.6500015258789,102.3499984741211,101.3499984741211,102.1500015258789,92585999,101.73000030517578,63.77501370962932,1.8136641390826287,60.709775488851804,74.86246837533952
2026-01-26,103.0,103.5999984741211,101.69999694824219,102.0,85482133,101.93000030517578,88.66858013964895,1.7900461620263992,65.16853258353764,115.72716977731325
2026-01-27,105.25,105.25,103.25,103.94999694824219,111204857,102.32000045776367,100.0,1.8058563407123867,82.56412022057184,191.70562588062853
2026-01-28,104.5,105.5,103.8499984741211,105.25,181089543,102.67000045776368,83.81877102558563,1.8294688040220095,73.79679842548725,179.51303182681022
2026-01-29,105.44999694824219,107.0999984741211,103.25,104.94999694824219,213085093,102.99500045776367,78.79175083844902,1.8677207008337455,75.6218913026315,192.75779202074028
2026-01-30,108.94999694824219,108.94999694824219,105.69999694824219,106.4000015258789,158372522,103.68000030517578,100.0,1.964726625874717,80.93386230506438,257.9210677006075
2026-02-02,111.44999694824219,111.44999694824219,106.69999694824219,107.94999694824219,270945497,104.59499969482422,100.0,2.1288812571520928,83.66667870416194,246.80001865796467
2026-02-03,112.5999984741211,113.60099792480469,111.3499984741211,111.94999694824219,158690388,105.61499938964843,92.58188993517783,2.3400135912662376,86.70886656619685,240.82138372115887
2026-02-04,112.05000305175781,114.5999984741211,112.05000305175781,113.44999694824219,165261509,106.67999954223633,82.40532610103251,2.555414513523234,82.5082840653862,195.43307662677148
2026-02-05,105.80000305175781,111.6500015258789,105.5999984741211,110.5999984741211,349818456,107.06999969482422,39.281047953649825,2.65665982555539,58.68545862162959,73.26510356490017
2026-02-06,106.75,107.4000015258789,105.69999694824219,106.0,121026827,107.57999954223632,45.29617206386575,2.6901487474418326,60.09070161404169,44.72439502310556
2026-02-09,105.25,107.16899871826172,100.75,107.0,293309438,107.80499954223633,34.843209279896726,2.649350714933059,56.07675857624046,-7.345222740013946
2026-02-10,102.80000305175781,106.8499984741211,101.8499984741211,105.94999694824219,329522328,107.55999984741212,16.607815195056368,2.519003082279302,52.81124959440095,-23.494972286358408
2026-02-11,103.05000305175781,104.5999984741211,101.69999694824219,104.1500015258789,218042089,107.4150001525879,16.606522058868084,2.3376078198338357,52.332661595463584,-42.694038774890984
2026-02-12,102.4000015258789,105.94999694824219,102.3499984741211,105.0,297147110,107.11000061035156,11.913369730415177,2.1180276556049824,51.49700671752525,-34.50985766379376
2026-02-13,100.4000015258789,104.0,98.18000030517578,103.75,485862767,106.25500106811523,13.52010638406618,1.849288444381775,44.94163510757896,-97.23408989737901
2026-02-16,101.4000015258789,102.3499984741211,101.0999984741211,101.3499984741211,132302732,105.2500015258789,19.610241046147156,1.5755645619113987,42.12678904699304,-79.35706980707118
2026-02-17,102.75,102.75,100.5999984741211,101.30000305175781,105445006,104.2650016784668,27.831913547148456,1.3310128491522104,46.50698432577439,-69.51837500353209
2026-02-18,104.5999984741211,105.30000305175781,102.3499984741211,103.1500015258789,371033596,103.52000122070312,39.098653379190246,1.1440474897462602,48.36223733336234,-24.983244010456264
2026-02-19,102.0,105.8499984741211,101.75,105.5,406997141,103.14000091552734,23.264312550587725,0.9588882012916118,36.12774384226851,-49.065051892356344
2026-02-20,104.1500015258789,104.8499984741211,102.5,103.6500015258789,156634925,102.88000106811523,36.358111366869835,0.8166837974544571,35.222674941011164,-36.75641130589479
2026-02-23,103.80000305175781,105.9000015258789,102.80000305175781,104.80000305175781,136108917,102.73500137329101,34.22657352794951,0.7014118641398409,31.589957157254048,-30.477089616429783
2026-02-24,102.5999984741211,103.8499984741211,101.0,103.80000305175781,240678629,102.71500091552734,32.81364341787781,0.5883193951040583,30.753551242970005,-69.95417562273404
2026-02-25,104.5,104.55500030517578,102.55000305175781,103.5999984741211,394306624,102.86000061035156,68.5466253587139,0.5114939819099817,46.78217017782535,-33.33782620488072
2026-02-26,104.9000015258789,105.1709976196289,103.69999694824219,104.8499984741211,158508762,103.11000061035156,74.75806437923418,0.46664336429237724,45.29262511332465,-14.183246067291044
2026-02-27,102.44999694824219,105.0999984741211,101.69999694824219,104.5,206585507,103.31500015258788,49.250260033051916,0.4040331058337132,43.20387810157017,-48.84336148983898
2026-03-02,99.91999816894531,100.19999694824219,98.49800109863281,99.5999984741211,397858960,103.16699981689453,22.393804575478505,0.29228805569948246,43.036741349605435,-145.20539872892383
2026-03-03,96.94000244140625,98.66000366210938,95.45999908447266,98.27999877929688,290600128,102.58600006103515,14.108709802937572,0.1073938552378074,36.9500220962353,-223.23409477256035
2026-03-04,98.27999877929688,98.86000061035156,96.12000274658203,96.5,223619573,101.95400009155273,27.01148501306643,-0.09252226937072011,41.4522759181787,-181.69702457979827
2026-03-05,96.9000015258789,99.58000183105469,96.4000015258789,98.5,208235062,101.44400024414062,13.793123607855058,-0.31318008464350694,42.54684702541291,-157.13479611693666
2026-03-06,95.41999816894531,98.19999694824219,94.49099731445312,97.5999984741211,242372375,100.57099990844726,8.142698848001306,-0.5581699309027055,37.52086063139929,-172.61964420407233
2026-03-09,95.16000366210938,95.16000366210938,92.36000061035156,93.5999984741211,220609636,99.70699996948242,20.67948938280231,-0.8084437285562089,33.40621347097161,-180.49280044339218
2026-03-10,99.0199966430664,99.31999969482422,97.68000030517578,97.87999725341797,305639713,99.34899978637695,49.18755969268305,-0.9854830981576266,38.78616527704097,-59.55832289098664
2026-03-11,98.37999725341797,99.16000366210938,97.72000122070312,98.31999969482422,172123493,98.73699951171875,44.46082892182689,-1.1153045518940305,42.102957589935855,-58.787586229721
2026-03-12,95.5,98.41999816894531,94.58000183105469,98.13999938964844,166278234,97.79699935913087,23.19054045297414,-1.2521319450565696,31.712459727903052,-99.77605472820345
2026-03-13,94.18000030517578,95.95999908447266,94.0,94.37999725341797,128896609,96.96999969482422,14.206542187982942,-1.4043837694855719,30.463022673444087,-115.60401359699937
2026-03-16,94.9000015258789,96.12000274658203,93.89600372314453,94.23999786376953,169978969,96.46800003051757,19.826723194829807,-1.5436339627396525,34.051362862333264,-98.26479675970285
2026-03-17,96.19999694824219,97.0999984741211,94.66000366210938,94.95999908447266,127819237,96.39399948120118,29.97421929854338,-1.6431763384729814,32.37041036717062,-71.10494850653515
2026-03-18,96.54000091552734,98.33999633789062,96.13999938964844,96.69999694824219,142687818,96.21999969482422,32.81005499273291,-1.703442751654647,32.197598883274054,-45.869543448944064
2026-03-19,92.77999877929688,95.4000015258789,91.62000274658203,95.23999786376953,204305277,95.80799942016601,13.519776417685625,-1.7920386349151118,30.496154215467342,-116.74709012091635
2026-03-20,90.77999877929688,94.73999786376953,90.77999877929688,94.33999633789062,320796400,95.34399948120117,0.0,-1.9215709519573718,31.162392399028363,-132.36272805026724
2026-03-23,92.68000030517578,94.12000274658203,87.61599731445312,88.91999816894531,484030756,95.09599914550782,42.3269899613939,-2.0352780709709446,40.811033467654205,-137.50079812533176
2026-03-24,93.19999694824219,93.76000213623047,88.91999816894531,92.77999877929688,269225011,94.5139991760254,46.673332712642825,-2.120170494217824,38.64041780175026,-116.77460779073407
2026-03-25,95.36000061035156,96.05999755859375,94.23999786376953,94.23999786376953,146150315,94.21199951171874,66.16542823748898,-2.143258328975807,46.67242553177459,-33.52621340382263
2026-03-26,92.31999969482422,94.83999633789062,92.31999969482422,94.37999725341797,136235560,93.89399948120118,40.19139972374088,-2.17001446241376,43.72469673143623,-82.92211497859527
2026-03-27,90.44000244140625,93.08000183105469,90.26000213623047,92.68000030517578,184502356,93.51999969482422,24.128541973720836,-2.2227155699358825,41.033429628379956,-129.54830419116902
2026-03-30,91.27999877929688,91.86000061035156,89.50800323486328,89.77999877929688,192654015,93.15799942016602,31.73942697621301,-2.27044813606762,33.39055926092436,-127.2658461795693
2026-03-31,92.33999633789062,93.26000213623047,90.05999755859375,91.19999694824219,177706237,92.77199935913086,43.72453396718598,-2.2904778441945486,37.2681227921147,-85.19733383667909
2026-04-01,97.69999694824219,97.69999694824219,94.5,96.0,271379348,92.88799896240235,94.0320827309877,-2.2013578056436476,54.19846794751209,64.95909118130088
2026-04-02,97.94000244140625,98.36000061035156,95.45999908447266,95.77999877929688,538057257,93.40399932861328,96.09085964162308,-2.0396501529445414,57.48407986687437,85.88454057553133
2026-04-07,95.7300033569336,98.73500061035156,95.7300033569336,98.4000015258789,177714148,93.89899978637695,72.97422103898064,-1.8715334416920164,51.559567478423524,67.10501631188535
2026-04-08,102.13999938964844,105.25199890136719,101.76000213623047,103.54000091552734,400162167,94.84499969482422,82.35427970233424,-1.6016792662478627,59.36318129384135,215.88965577371687
2026-04-09,100.62000274658203,101.08000183105469,99.58000183105469,100.54000091552734,130290302,95.58700027465821,73.7355651055163,-1.302804328678885,56.20061183581355,137.91428660276435
2026-04-10,100.9000015258789,101.87999725341797,100.66200256347656,100.91999816894531,147792950,96.14100036621093,75.32321964227158,-0.9939706861435353,63.80014506746,145.14169522753798
2026-04-13,100.66000366210938,100.66000366210938,99.06999969482422,100.05999755859375,371164805,96.97500076293946,73.96237907653014,-0.6966482556259717,67.85974154932491,106.55481579947612
2026-04-14,103.0,103.0,100.4800033569336,101.22000122070312,134499764,98.23100051879882,86.21112662028862,-0.3832058857031299,68.36299974939732,131.0550426626185
2026-04-15,103.27999877929688,103.68000030517578,102.61000061035156,102.66000366210938,184197318,99.43100051879883,87.47458927300244,-0.07075039630676877,68.09046505921684,131.2593218398535
2026-04-16,102.86000061035156,105.04000091552734,102.86000061035156,103.66000366210938,87423412,100.48300094604492,84.80691724207779,0.21816753140934564,64.3568257721847,120.75324863519987
2026-04-17,105.12000274658203,105.36000061035156,101.77999877929688,103.13999938964844,122946430,101.22500152587891,98.48600868341906,0.5127467824819629,75.25653632455601,112.24122739975792
2026-04-20,102.77999877929688,103.79900360107422,102.23999786376953,103.54000091552734,164941696,101.70900115966796,83.72443692777726,0.7569300599816794,73.91473290009392,83.837676621825
2026-04-21,100.62000274658203,103.33999633789062,100.62000274658203,102.9800033569336,249510693,102.19800109863282,69.01962798481301,0.9205389547941555,67.2197792707117,55.821421540146176
2026-04-22,100.26000213623047,103.0199966430664,100.15799713134766,101.26000213623047,149549392,102.01000137329102,53.03869072290968,1.0172270449412553,64.98866130645197,44.57962048497543
2026-04-23,98.87999725341797,99.69000244140625,98.12000274658203,99.2699966430664,105076459,101.83600082397462,34.54543072549366,1.0425662836217136,52.62923479943085,2.352921901446893
2026-04-24,97.7699966430664,98.66000366210938,96.95999908447266,98.0,126546373,101.52300033569335,21.183736946640966,1.0017714888000397,49.63533704035006,-20.587578683525077
2026-04-27,97.5,98.70500183105469,97.31999969482422,97.94999694824219,368096376,101.20699996948242,6.4285811599402365,0.9150728149528344,54.1413141773655,-26.019230159690306
2026-04-28,98.56999969482422,98.67500305175781,96.70999908447266,98.1500015258789,116713493,100.76399993896484,21.502893436340432,0.8191329509410267,38.864623625054314,-33.69945479988979
2026-04-29,97.05000305175781,99.44999694824219,96.30999755859375,98.05999755859375,230506680,100.14100036621093,8.176853520732557,0.6963125857887047,38.864623625054314,-57.27378767772361
2026-04-30,99.69000244140625,99.69000244140625,96.37999725341797,97.52999877929688,326409592,99.82400054931641,37.34810765788626,0.6036151009249588,46.710169585046216,-47.159686911836786
2026-05-01,98.23999786376953,99.27999877929688,97.69999694824219,98.7300033569336,392552213,99.13600006103516,21.325963031591584,0.5101476720996005,43.82651533994989,-57.67288881315749
2026-05-05,94.9000015258789,97.4530029296875,93.48699951171875,97.19000244140625,254011089,98.34800033569336,11.900967602225395,0.3666469537841136,30.339808072566655,-146.8126198906657
2026-05-06,99.45999908447266,100.26000213623047,96.1500015258789,96.1500015258789,208957934,98.23199996948242,50.30741194357089,0.2712253189280953,42.32315089122561,-50.57136664364345
2026-05-07,97.97000122070312,100.27999877929688,97.97000122070312,99.81999969482422,163570389,98.00299987792968,37.757949079113594,0.18655065885892236,40.57803475005865,-41.56377909646791
2026-05-08,98.94999694824219,100.0999984741211,96.7699966430664,97.2300033569336,154902984,98.0099998474121,52.97706817399925,0.12826085276556315,37.49491656989465,-42.12983554506944
2026-05-11,98.33999633789062,100.0999984741211,98.08000183105469,98.9800033569336,143750152,98.06699981689454,49.25401795808129,0.07953967404147808,40.32256991675508,-31.363148267711967
2026-05-12,94.05999755859375,98.30000305175781,93.91999816894531,96.86000061035156,430174656,97.7229995727539,6.01068099549503,-0.029096197541672933,36.91139699871798,-127.13982261256184
2026-05-13,95.05999755859375,96.27999877929688,93.22000122070312,95.72000122070312,130769782,97.37199935913085,26.06228008748952,-0.1535698338935732,39.883255371971735,-136.0702329547176
2026-05-14,96.5999984741211,96.5999984741211,95.4000015258789,95.45999908447266,125794431,97.32699890136719,47.87533175990525,-0.25652532878160583,45.591647194883045,-92.49271350698656
2026-05-15,94.05999755859375,95.0199966430664,93.30000305175781,94.72000122070312,312591198,96.76399841308594,11.897969240345462,-0.3805361303247278,43.20263643385865,-155.06653040346674
2026-05-18,95.23999786376953,95.72000122070312,93.33999633789062,93.4800033569336,113148046,96.46399841308593,28.611860362580074,-0.49154960452449614,45.99290249603041,-121.17483670375425
2026-05-19,96.30000305175781,96.87999725341797,95.62000274658203,95.66000366210938,253517435,96.60399856567383,43.62610334483146,-0.5705649913249252,45.97375476972567,-54.17567345819326
2026-05-20,99.86000061035156,100.1500015258789,95.41999816894531,95.68000030517578,142214573,96.64399871826171,94.05101537982726,-0.5672843648314283,54.647697578127485,46.67117589505417
2026-05-21,98.5199966430664,99.8499984741211,97.63999938964844,99.16000366210938,115922191,96.69899826049804,75.07078265079406,-0.532680192263142,47.97786763567624,64.4361729039136
2026-05-22,99.5999984741211,100.19999694824219,98.58000183105469,99.31999969482422,87415656,96.76399841308594,90.36826430133742,-0.4618121514073512,52.38095365302707,98.88422216109045
2026-05-26,101.5,101.8499984741211,84.63999938964844,101.19999694824219,125740938,97.07999877929687,97.96630742161473,-0.340563662296427,62.168137547391844,-55.214512234551485
2026-05-27,102.0,102.375,101.2249984741211,101.44999694824219,114692992,97.8739990234375,97.88553714635273,-0.18534030895095696,55.507372818915066,177.85746270785995
2026-05-28,101.1500015258789,101.75,100.25,101.44999694824219,118880616,98.48299942016601,93.09276328185697,-0.030098034744729024,57.09188109445372,129.34081251693024
2026-05-29,101.9000015258789,102.25,101.0,101.1500015258789,261739739,99.0129997253418,97.32168898915151,0.12905245362607867,56.64714564847933,134.19635555765254
2026-06-01,100.0999984741211,101.6500015258789,99.26000213623047,101.6500015258789,189165876,99.61699981689453,87.17225008410186,0.2532974692830422,53.76390332407126,81.02766560836382
2026-06-02,100.0999984741211,101.5,99.12000274658203,101.05000305175781,271000478,100.10299987792969,87.17225008410186,0.3485739656791492,65.81150935279214,72.17741140330894
2026-06-03,98.9000015258789,100.80000305175781,98.9000015258789,99.95999908447266,158041376,100.3629997253418,80.40598615997337,0.4007592830046705,59.94819130083477,45.483471822954684
2026-06-04,100.5,101.0,98.86000061035156,99.44000244140625,66317235,100.42699966430663,89.42768573176366,0.4478138732485827,60.07231370354534,61.18367217041692
2026-06-05,99.16000366210938,101.05000305175781,99.16000366210938,100.4000015258789,149365664,100.49100036621094,81.87202578378206,0.4667864264291679,64.04186419344376,47.702827888913724
2026-06-08,99.05999755859375,100.67500305175781,98.0,98.44000244140625,200022948,100.4370002746582,81.30813460772394,0.46450369056905283,61.18266270188514,28.70573359951279
2026-06-09,98.18000030517578,100.80000305175781,97.94000244140625,99.26000213623047,142096164,100.10500030517578,76.3462105979535,0.4339196760174159,55.56212154933577,19.743528444075324
2026-06-10,97.22000122070312,98.69999694824219,96.4000015258789,98.54000091552734,146610619,99.62700042724609,70.93319085487933,0.370895017425194,40.769234873261375,-34.66943021836329
2026-06-11,98.16000366210938,98.76000213623047,96.83999633789062,97.41999816894531,193790160,99.32800064086913,76.23345817405601,0.304992893554063,48.70506136173151,-26.001785991776547
2026-06-12,102.3499984741211,102.55000305175781,99.83999633789062,100.80000305175781,137096021,99.37300033569336,98.88328008519701,0.30689570800284816,58.08348291616095,103.69475116749182
2026-06-15,102.6500015258789,105.05000305175781,102.0999984741211,104.75,122036349,99.62800064086915,72.25432251429518,0.35528449159113784,53.731349195150656,161.1023140768644
2026-06-16,104.05000305175781,104.69999694824219,102.6500015258789,102.8499984741211,104141542,100.02300109863282,88.43930839771276,0.451799601516509,56.28449834033747,168.3218689068734
2026-06-17,105.80000305175781,105.8499984741211,103.9000015258789,104.75,105409865,100.7130012512207,99.47094774064894,0.6003103641208469,63.509592600949844,194.79987746671756
2026-06-18,106.05000305175781,106.0999984741211,104.55000305175781,105.8499984741211,143177282,101.26800155639648,99.48458311244788,0.7762461901615291,62.41771918986875,171.7341930717876
2026-06-19,105.0999984741211,105.19999694824219,104.0,105.0,272953521,101.86200103759765,89.69071840603807,0.943222677655066,65.76292499237542,124.38806136900656
2026-06-22,109.19999694824219,109.19999694824219,104.23500061035156,105.05000305175781,223116460,102.8760009765625,100.0,1.1590937277204014,72.79558840561319,176.35115421738436
2026-06-23,109.05000305175781,109.94000244140625,104.08100128173828,107.55000305175781,129195238,103.9630012512207,93.42688826093203,1.3892597511250655,76.83766170103661,157.11367634745795
2026-06-24,107.75,109.05000305175781,107.55000305175781,108.44999694824219,177262180,105.0160011291504,83.82568468740051,1.5924127101800496,69.47877421338526,139.11166905958106
2026-06-25,110.05000305175781,110.3499984741211,107.4000015258789,107.4000015258789,197719671,106.20500106811524,97.8494947097384,1.8010505647283652,77.82318680119138,139.84389624583784
2026-06-26,109.19999694824219,110.1500015258789,108.1500015258789,109.30000305175781,193811050,106.89000091552734,91.75625965980002,1.9845227949273165,74.95077690637174,119.27130815048513
2026-06-29,108.80000305175781,109.9000015258789,108.29900360107422,108.75,106141480,107.50500106811523,88.88891927278455,2.131698983961665,76.76411447319695,103.51270782753004
2026-06-30,111.0999984741211,112.12000274658203,109.19999694824219,110.0,157247918,108.21000061035156,93.32458216849471,2.280246809017725,82.76675413934271,121.3826824019903
