date,ticker,Close,High,Low,Open,Volume,SMA_10,STOCH_K_14,MACD_signal_9,RSI_14,CCI_20,daily_compound_sentiment,eps_surprise_pct,sue,volume,shares_outstanding,turnover,close,volatility
2020-02-03,CRST,500.0,502.5,490.3999938964844,493.0,1755304,468.3600006103516,89.54317032691343,13.69957213112912,86.89956419168902,162.35910978354005,-0.23816,1.855,1.855,1303548.0,256920539.0,0.0050737399394915,500.0,0.3185315486474985
2020-02-04,CRST,517.0,517.5,498.0,498.0,1289393,475.9600006103516,99.40262852200875,15.285793482517718,88.28124930150803,162.47863998947298,0.08079999999999998,,1.855,1116222.0,256920539.0,0.004344619563483,517.0,0.330566320134395
2020-02-05,CRST,506.0,524.0,504.6499938964844,516.0,1575958,482.1,79.98042247803639,16.678474138945624,82.03267596834479,135.88762210169745,-0.14887894736842108,1.378,1.378,1271545.0,256920539.0,0.004949176134182,506.0,0.339998090983161
2020-02-06,CRST,501.0,509.5,499.9750061035156,506.0,916230,487.76000061035154,74.41942872193538,17.759054919929707,77.1639103423702,99.94486673375468,0.0,,1.378,885913.0,256920539.0,0.0034481984330571,501.0,0.3463051078966907
2020-02-07,CRST,495.3999938964844,503.0,489.3500061035156,500.0,742168,492.7200012207031,67.79278149204859,18.457550410077964,72.90552686485688,72.0146796702971,0.296,,1.378,696239.0,256920539.0,0.0027099390446164,495.4,0.3529400061379167
2020-02-10,CRST,495.0,502.0,488.7999877929688,502.0,627319,498.2,67.12018595651834,18.83149579438295,74.63504198395488,62.68601731462144,-0.5994,,1.378,563877.0,256920539.0,0.0021947525184041,495.0,0.3528874234095007
2020-02-11,CRST,498.0,501.5,494.0,500.0,470679,500.73999938964846,70.52154602998196,18.98735908469296,74.49541690243134,61.66793621330972,0.802,,1.378,439299.0,256920539.0,0.001709863297461,498.0,0.3492309131197264
2020-02-12,CRST,506.0,506.5,489.3500061035156,491.6000061035156,802752,501.8399993896484,79.59183955921829,19.0827214277427,76.36987527241781,62.05560074625917,-0.27115,,1.378,686589.0,256920539.0,0.0026723787933513,506.0,0.3495275332125444
2020-02-13,CRST,511.0,513.5,504.5,510.0,691062,502.9399993896485,85.26077301499097,19.17144259514695,77.0764252651152,77.56399409781187,0.0,,1.378,674681.0,256920539.0,0.0026260298325156,511.0,0.3495400495040782
2020-02-14,CRST,513.5,518.5,504.5,504.5,815119,504.2899993896484,87.90977025105752,19.24754073634503,81.24466982994969,78.69196125714575,,,1.378,783765.0,256920539.0,0.0030506124697177,513.5,0.3457629411244113
2020-02-17,CRST,514.5,519.5,510.0,510.0,1509200,505.73999938964846,82.6007345457269,19.283823196197023,74.3888223944328,81.55635966084539,0.0,,1.378,1256958.0,256920539.0,0.0048923998248345,514.5,0.3463935509281197
2020-02-18,CRST,511.0,515.5,509.0,514.0,1820424,505.1399993896485,63.068194625787,19.193455782218894,61.940298507462686,71.66273767672705,0.6808,,1.378,1724051.0,256920539.0,0.006710444430447,511.0,0.3490625413273698
2020-02-19,CRST,519.0,521.5,502.0,502.0,707443,506.4399993896485,85.79545947145654,19.11233344957637,63.57142857142857,78.19977314065223,-0.27115,1.395,1.395,599718.0,256920539.0,0.0023342547946312,519.0,0.3429971934852732
2020-02-20,CRST,516.0,522.0,515.5,522.0,485384,507.9399993896485,77.27273515433046,18.949834199711027,60.95890410958904,94.73661323943688,0.0,,1.395,427951.0,256920539.0,0.0016656939988748,516.0,0.2447902538363484
2020-02-21,CRST,518.0,520.0,510.0,516.5,474354,510.2,82.95455136574785,18.733566280468864,62.0,86.55313849491304,,,1.395,385862.0,256920539.0,0.0015018729195488,518.0,0.1851498952095605
2020-02-24,CRST,498.2000122070313,512.593994140625,495.2000122070313,509.5,1141101,510.5200012207032,26.70460555176976,18.136339494520588,37.91774373860003,-6.987876749025087,-0.5106,,1.395,1001069.0,256920539.0,0.0038964148366511,498.2,0.231848052831799
2020-02-25,CRST,479.3999938964844,504.0750122070313,474.3999938964844,503.0,1273734,508.6600006103516,10.50420033376994,16.990362987921095,34.46261436515064,-150.87350766848374,0.0,,1.395,962904.0,256920539.0,0.0037478669620882,479.4,0.2676137998245548
2020-02-26,CRST,474.0,476.9049987792969,462.3999938964844,470.2000122070313,1014862,505.4600006103516,19.463095495943875,15.435636546756117,34.30232558139535,-242.2387191188041,0.0,,1.395,960326.0,256920539.0,0.0037378327312321,474.0,0.2694968865808566
2020-02-27,CRST,453.0,469.6000061035156,445.6000061035156,469.6000061035156,984942,499.6600006103516,9.685856659243653,13.335991221476103,29.09270392078672,-269.9266613766285,,,1.395,891334.0,256920539.0,0.0034692983420838,453.0,0.30722712930109
2020-02-28,CRST,452.0,454.3999938964844,420.0,442.2000122070313,2006631,493.51000061035154,31.37254901960784,10.958518336374627,28.92156862745098,-258.7929906876023,0.0,,1.395,1831737.0,256920539.0,0.0071295856965331,452.0,0.2714688585109355
2020-03-02,CRST,443.3999938964844,460.0,427.6000061035156,459.0,2917794,486.4,22.94117048674939,8.369354821861057,24.628251391088146,-192.87702027745573,,,1.395,2823714.0,256920539.0,0.0109906121596607,443.4,0.2699637336661457
2020-03-03,CRST,455.6000061035156,464.0,449.6000061035156,450.0,1459179,480.8600006103516,34.901966768152576,5.958804568596138,27.459755974060613,-120.413719652428,,,1.395,1215925.0,256920539.0,0.0047326889657506,455.6,0.2951624509715695
2020-03-04,CRST,452.0,464.6000061035156,449.2000122070313,451.6000061035156,1876219,474.1600006103516,31.37254901960784,3.715553358921569,23.278991416380197,-105.50357710466788,,,1.395,1216876.0,256920539.0,0.0047363904993208,452.0,0.2948175195351107
2020-03-05,CRST,435.0,462.3999938964844,435.0,462.3999938964844,1257013,466.0600006103516,14.705882352941176,1.4150633149471457,18.57486603054592,-118.2896916260062,,,1.395,1094361.0,256920539.0,0.004259530998415,435.0,0.3163475265518644
2020-03-06,CRST,426.3999938964844,431.7999877929688,417.2000122070313,428.0,1144008,456.9,8.77860950482894,-0.9411407220998752,16.754722335015686,-141.7976265077049,,,1.395,1050088.0,256920539.0,0.0040872092363156,426.4,0.3191385568945509
2020-03-09,CRST,396.2000122070313,413.2000122070313,393.7999877929688,397.3999938964844,1515027,446.7,1.872093748467575,-3.688427121191241,13.944730216578932,-164.69558666346217,,,1.395,1513443.0,256920539.0,0.0058907045964122,396.2,0.3862822681491566
2020-03-10,CRST,398.7999877929688,411.9500122070313,394.7999877929688,403.0,2732688,438.6399993896485,3.900155634872685,-6.486931312101048,10.923269913118162,-139.97480522510608,,,1.395,2510833.0,256920539.0,0.0097727998305343,398.8,0.3788266128323451
2020-03-11,CRST,395.7999877929688,415.3999938964844,395.7999877929688,404.0,1932843,430.8199981689453,1.584785900590087,-9.203913827904408,10.923269913118162,-122.52613731167396,,,1.395,1905426.0,256920539.0,0.0074164020027997,395.8,0.3707144176972136
2020-03-12,CRST,352.0,373.7999877929688,345.0,370.0,1648817,420.7199981689453,4.176760650579418,-12.405197066682415,7.566456871292573,-177.93731412009924,,,1.395,1647817.0,256920539.0,0.0064137223377069,352.0,0.5025819492831509
2020-03-13,CRST,333.79998779296875,375.7999877929688,330.0,360.0,2621025,408.8999969482422,2.1829599462841576,-16.004310670608387,7.628859687097304,-171.2319823792811,,,1.395,2367532.0,256920539.0,0.0092150359376289,333.8,0.5100772182069058
2020-03-16,CRST,320.0,329.20001220703125,292.79998779296875,325.0,2810013,396.55999755859375,14.774183527818892,-19.847798841840493,7.830682636351028,-189.00994773657587,,0.922,0.922,,,,,0.5121586120836896
2020-03-17,CRST,299.3999938964844,332.0,276.0260009765625,332.0,2855779,380.93999633789065,12.07496476843176,-23.92639817422044,7.247790950087605,-169.7329427673643,,,0.922,2563615.0,256920539.0,0.0099782407820653,299.4,0.5116305022340984
2020-03-18,CRST,257.79998779296875,295.20001220703125,257.20001220703125,293.0,2311099,361.5199951171875,0.2892842833143739,-28.5477244108085,6.583624820566683,-176.27269220246336,,,0.922,2143914.0,256920539.0,0.0083446578788315,257.8,0.6415620774406363
2020-03-19,CRST,182.3000030517578,257.79998779296875,182.3000030517578,257.79998779296875,3124047,336.24999542236327,0.0,-34.40645592145553,4.944867741769883,-204.98165335947297,,0.536,0.536,,,,,1.121203419533456
2020-03-20,CRST,188.3999938964844,199.5,183.8000030517578,190.6000061035156,10193800,312.44999542236326,2.1608185542981277,-40.55790363446562,7.041772791868354,-180.19137933770824,,,0.536,8425306.0,256920539.0,0.0327934311238542,188.4,1.156265835840397
2020-03-23,CRST,190.1000061035156,191.1999969482422,169.42799377441406,180.0,2281210,291.8399948120117,7.003378188191276,-46.45078877007838,3.6325463463802095,-155.56376300769873,,,0.536,2147638.0,256920539.0,0.0083591526327912,190.1,1.165770631646901
2020-03-24,CRST,192.3000030517578,196.8999938964844,178.6999969482422,193.1000061035156,5747383,271.18999633789065,7.806892558952341,-51.73172670498202,4.422596658608455,-130.60880855851232,,,0.536,2044323.0,256920539.0,0.0079570244090138,192.3,1.1808429990677125
2020-03-25,CRST,196.6999969482422,198.8999938964844,179.6999969482422,198.8999938964844,3173750,251.279997253418,10.394403288294358,-56.16416609475024,6.243104334331974,-112.40847376349912,,,0.536,2591732.0,256920539.0,0.0100876792882642,196.7,1.1944429997346906
2020-03-26,CRST,204.3999938964844,208.1999969482422,185.6999969482422,190.6999969482422,3333525,236.5199966430664,14.217878500282351,-59.581568787972905,9.100947878010174,-94.23767901922574,,,0.536,2886478.0,256920539.0,0.0112349055907904,204.4,1.2239107612935252
2020-03-27,CRST,193.8000030517578,204.6000061035156,189.8999938964844,200.3999938964844,3895372,222.5199981689453,9.908448630432924,-62.21693846383026,9.8093614449822,-86.6996026422538,,-3.741,-3.741,3435749.0,256920539.0,0.0133728078470207,193.8,1.2056714471498875
2020-03-30,CRST,184.1999969482422,204.6000061035156,170.8000030517578,194.0,3793985,208.93999786376952,6.005562895978858,-64.23535206433856,8.539410042560121,-84.47525695083665,,,-3.741,2930991.0,256920539.0,0.0114081614938539,184.2,1.206331558071844
2020-03-31,CRST,175.5,204.6000061035156,165.0,186.8000030517578,12674898,196.54999847412108,4.981024956373469,-65.75365898231847,8.355385026309165,-79.58182312987782,,-4.356,-4.356,,,,,1.2125016673715008
2020-04-01,CRST,180.3000030517578,183.80999755859372,167.39999389648438,172.0,1932403,188.8,7.258066384132944,-66.65246942815372,11.929044663730435,-75.9355629693703,,,-4.356,1667797.0,256920539.0,0.0064914895729687,180.3,1.2189422920478854
2020-04-02,CRST,185.8999938964844,193.0,176.66799926757812,183.1000061035156,2033303,189.15999908447264,12.514966405080465,-66.87461531459245,15.265378267524383,-64.37687331407825,,,-4.356,1764087.0,256920539.0,0.0068662747122759,185.9,1.2382821215291302
2020-04-03,CRST,164.5,190.5709991455078,159.85000610351562,186.0,2545404,186.7699996948242,2.701129283385549,-66.84999933832728,14.739224144791464,-69.98447227918865,,-5.499,-5.499,2186011.0,256920539.0,0.0085085100961897,164.5,1.2420485964573986
2020-04-06,CRST,189.5,192.8999938964844,167.0,167.0,2419796,186.70999908447263,21.906163693711303,-66.1207831475258,25.566916008935166,-55.87949371468632,,-28.568,-28.568,2331631.0,256920539.0,0.0090753001261607,189.5,1.4041254923557052
2020-04-07,CRST,218.8000030517578,224.55799865722656,184.8999938964844,184.8999938964844,2320395,189.35999908447263,60.18377536316548,-64.36999683451604,40.82784759667927,-25.439514532544536,,,-28.568,2073422.0,256920539.0,0.0080702851086576,218.8,1.5367758270094474
2020-04-08,CRST,236.1999969482422,239.1999969482422,218.0,218.0,2300718,193.30999908447265,96.21928122730291,-61.64637028784713,67.44336716604232,10.338231708767012,,-18.988,-18.988,2057901.0,256920539.0,0.0080098734340581,236.2,1.4785434674028268
2020-04-09,CRST,249.1999969482422,255.3999938964844,232.48800659179688,234.0,2173058,197.78999938964844,93.51125301902088,-58.10785137885176,68.8351955077514,45.79988136489222,,,-18.988,1978558.0,256920539.0,0.0077010503235788,249.2,1.003290138530892
2020-04-14,CRST,229.8000030517578,255.1999969482422,229.8000030517578,250.0,1416954,201.38999938964844,73.20775079511796,-54.42114475740888,61.08319534960398,52.33956894412282,,,-18.988,1216479.0,256920539.0,0.004734845274476,229.8,1.0579643846383957
2020-04-15,CRST,214.0,237.3999938964844,209.1999969482422,237.3999938964844,1116894,204.36999969482423,56.67190038141389,-50.96286322536776,55.63051394096898,31.05987708238272,,,-18.988,1083047.0,256920539.0,0.0042154940364654,214.0,1.0942409719005426
2020-04-16,CRST,232.0,232.0,215.3999938964844,216.3999938964844,1649211,210.0199996948242,75.51020734070013,-47.42570878528575,58.55550357523904,68.98491264786156,,,-18.988,1417941.0,256920539.0,0.0055189865532704,232.0,1.1266166879734871
2020-04-17,CRST,241.8000030517578,252.8000030517578,233.3999938964844,243.6000061035156,1431102,216.1699996948242,85.7666221013088,-43.76009570648704,58.97313171521327,133.7579505406159,,-17.129,-17.129,1183443.0,256920539.0,0.0046062607707669,241.8,1.131585951897263
2020-04-20,CRST,238.8000030517578,243.0,234.44200134277344,243.0,954624,221.4600006103516,82.62690427476109,-40.15424987431807,61.20517996405369,105.35812415947667,,,-17.129,908901.0,256920539.0,0.0035376735684024,238.8,1.1309250238789914
2020-04-21,CRST,232.1999969482422,241.1999969482422,225.3999938964844,239.0,1193868,228.2300003051758,75.71951866858385,-36.78866897619662,62.133468898451135,77.6284463700943,,-17.55,-17.55,,,,,1.116484472691481
2020-04-22,CRST,235.0,240.3999938964844,232.1999969482422,232.1999969482422,1083722,232.78000030517575,78.64992516724784,-33.62158956452841,65.50286656916096,77.48316468729084,,,-17.55,856927.0,256920539.0,0.0033353775581172,235.0,1.0930825355175158
2020-04-23,CRST,255.0,259.3999938964844,237.6000061035156,237.6000061035156,1411235,236.4,95.58011608636768,-30.349231852412306,68.0347658740962,106.62672614117892,,,-17.55,1403349.0,256920539.0,0.0054621907826528,255.0,1.1195860169842076
2020-04-24,CRST,260.20001220703125,264.42999267578125,250.0,256.0,1019218,238.8000015258789,95.95526772627088,-27.030294943609853,67.97291096338392,113.86977910023744,,,-17.55,753621.0,256920539.0,0.002933284364626,260.2,1.0921613221117583
2020-04-27,CRST,260.3999938964844,276.20001220703125,256.79998779296875,260.79998779296875,678600,239.9200012207031,85.53112038065365,-23.79134915285624,75.84905495862112,117.24956547442014,,,-17.55,611700.0,256920539.0,0.0023808917822642,260.4,1.0945350838441503
2020-04-28,CRST,261.20001220703125,266.1159973144531,258.79998779296875,260.3999938964844,678613,243.06000213623048,83.57064951621459,-20.70534201355353,72.22566772093882,101.65638160155052,,,-17.55,605296.0,256920539.0,0.0023559657875386,261.2,1.095548977455354
2020-04-29,CRST,285.6000061035156,286.3999938964844,262.3999938964844,266.79998779296875,1195810,250.22000274658205,98.96374634120116,-17.44048813707478,71.35549844675488,132.6381711251311,,,-17.55,982535.0,256920539.0,0.003824275800698,285.6,1.0021458171931426
2020-04-30,CRST,256.79998779296875,291.0,255.8000030517578,290.6000061035156,1158717,252.7000015258789,58.190695683236505,-14.654422697000262,56.13825587711057,100.8441359547947,,,-17.55,1079338.0,256920539.0,0.004201057666316,256.8,1.1009503612108418
2020-05-01,CRST,255.6000061035156,261.79998779296875,250.0,255.0,405295,254.0800018310547,56.72372545746053,-12.300247340713888,52.05128478502275,63.45304431136484,-0.5423,,-17.55,384014.0,256920539.0,0.0014946800341252,255.6,0.996284769744224
2020-05-04,CRST,257.6000061035156,263.0,245.38999938964844,254.3999938964844,804241,255.9600021362305,59.16871314130515,-10.280238500428908,60.02885958404283,57.22180819589707,0.0,,-17.55,776414.0,256920539.0,0.0030220005104379,257.6,0.8531538520618869
2020-05-05,CRST,254.8000030517578,265.4570007324219,247.6000061035156,260.79998779296875,1387244,258.22000274658205,52.11641001896853,-8.596812630146923,66.24203666895346,52.88889712263056,,,-17.55,1307087.0,256920539.0,0.0050875146264581,254.8,0.8556397242991098
2020-05-06,CRST,251.0,262.0,249.07000732421875,253.0,926766,259.820002746582,39.02439591715781,-7.25363136499193,58.52782577918428,37.13689043189041,,,-17.55,895819.0,256920539.0,0.0034867551013506,251.0,0.8172438773077148
2020-05-07,CRST,257.6000061035156,260.3999938964844,245.0,250.0,748075,260.0800033569336,49.08537989496558,-6.072288872301634,57.301293457041375,31.68974471444059,0.0,-11.847,-11.847,,,,,0.7411439756450835
2020-05-11,CRST,243.1999969482422,265.9140014648437,242.0,257.79998779296875,910302,258.3800018310547,27.13414846893418,-5.270215473569811,51.83946176806954,5.65149431938287,,,-11.847,828534.0,256920539.0,0.0032248647898095,243.2,0.725001104289619
2020-05-12,CRST,229.0,243.6000061035156,223.6000061035156,242.0,1447386,255.24000244140623,8.011861106067611,-4.962447378937218,48.74213983597525,-90.59618933591152,,,-11.847,1260878.0,256920539.0,0.0049076574605816,229.0,0.7010864319748068
2020-05-13,CRST,232.3999938964844,244.0,228.3999938964844,229.0,1740495,252.3600006103516,13.05636289297611,-4.915078646468752,48.98278336032873,-72.90501740187996,0.020138709677419354,-13.056,-13.056,,,,,0.6859181719444134
2020-05-14,CRST,230.1999969482422,235.1999969482422,215.3999938964844,235.1999969482422,840990,246.81999969482425,19.57672203292265,-5.057303544617118,38.72727290382068,-121.46849661802958,0.1490909090909091,,-13.056,780436.0,256920539.0,0.0030376551560947,230.2,0.6853540335361265
2020-05-15,CRST,236.8000030517578,238.0,226.6000061035156,235.3999938964844,793667,244.82000122070312,28.30688813169061,-5.194080532778001,39.49730375575749,-88.750177531551,0.0,,-13.056,705693.0,256920539.0,0.0027467364140941,236.8,0.6854129321296075
2020-05-18,CRST,237.0,247.83399963378903,234.3999938964844,241.3999938964844,698873,242.9600006103516,28.571434338166224,-5.305243606079095,39.497312042989776,-52.97856321785452,,,-13.056,657400.0,256920539.0,0.002558767790846,237.0,0.6853889272602066
2020-05-19,CRST,252.3999938964844,252.3999938964844,237.3999938964844,238.3999938964844,1072653,242.43999938964845,48.94179499051573,-5.136735390140677,46.50792924184648,-12.683170129969325,0.0,,-13.056,920856.0,256920539.0,0.0035842054651769,252.4,0.7206166755726968
2020-05-20,CRST,241.8000030517578,255.4199981689453,238.6000061035156,252.8000030517578,2138263,241.13999938964844,34.92064421149003,-4.959177111407188,30.481281531601667,-30.95126560887004,,,-13.056,2072844.0,256920539.0,0.0080680353858357,241.8,0.671765993220314
2020-05-21,CRST,244.8000030517578,247.86199951171875,233.3999938964844,237.0,482785,240.5199996948242,58.20169606516989,-4.726088111376415,43.05556266886883,-55.39162069607856,0.148,,-13.056,410983.0,256920539.0,0.0015996502327126,244.8,0.6688594084886359
2020-05-22,CRST,241.3999938964844,249.1999969482422,238.6000061035156,240.0,744672,238.8999984741211,51.47087164845283,-4.513885891105174,41.986449645138464,-44.346747256406594,,-13.363,-13.363,718388.0,256920539.0,0.0027961485788413,241.4,0.6700202658910318
2020-05-26,CRST,270.0,271.3999938964844,246.6000061035156,249.8000030517578,852154,241.5799987792969,97.50001089913503,-3.8593146380918126,55.38194122505811,76.58067975406104,0.0,-13.313,-13.313,,,,,0.6697439877729212
2020-05-27,CRST,263.6000061035156,277.2900085449219,263.0,273.0,804368,245.03999938964844,77.88011116305032,-3.055100758189618,53.703704892972056,106.65226947973268,0.0,,-13.313,799682.0,256920539.0,0.003112565476908,263.6,0.6268959283343896
2020-05-28,CRST,267.20001220703125,271.3999938964844,263.0,268.0,456090,248.52000122070316,83.69689133989345,-2.134852811872657,56.8296843901052,98.10202673970991,0.0,,-13.313,451426.0,256920539.0,0.0017570646619264,267.2,0.6276736520132529
2020-05-29,CRST,265.20001220703125,268.6000061035156,256.65301513671875,264.0,761309,252.02000274658204,80.46535227602203,-1.2171609491781583,53.33333601031387,85.65211494390104,0.1858,,-13.313,730507.0,256920539.0,0.0028433188052746,265.2,0.6284466897450773
2020-06-01,CRST,267.3999938964844,272.6000061035156,256.3999938964844,268.79998779296875,414117,255.0800018310547,84.02001566065684,-0.3113045350598501,61.88605278852947,100.04777105020716,,,-13.313,407642.0,256920539.0,0.0015866462120414,267.4,0.626849312067803
2020-06-02,CRST,264.0,273.6000061035156,263.20001220703125,273.6000061035156,545887,257.7800018310547,78.52640911395001,0.4861117682356596,69.23077567996373,100.9455707197121,,,-13.313,517969.0,256920539.0,0.0020160669209868,264.0,0.6260577153948337
2020-06-03,CRST,281.3999938964844,283.0,264.0,268.20001220703125,875626,260.6800018310547,97.63312727950714,1.450256823793473,73.33334011501934,137.75078807427732,,,-13.313,840240.0,256920539.0,0.0032704275153338,281.4,0.6602583943260638
2020-06-04,CRST,275.0,284.8399963378906,269.1310119628906,275.20001220703125,796032,264.00000152587893,83.10439905932064,2.362948560821649,70.51282821602484,122.6476616203674,,,-13.313,773876.0,256920539.0,0.0030121219697425,275.0,0.6675418642915161
2020-06-05,CRST,295.20001220703125,297.0,277.6000061035156,278.0,756794,269.0400024414063,97.16983078580355,3.5124393048950644,73.77851067475548,161.1377201147166,,-4.435,-4.435,,,,,0.6219078476580533
2020-06-08,CRST,294.6000061035156,310.6000061035156,290.0,295.3999938964844,886815,274.36000366210936,79.27461467610655,4.7325145681576455,73.37662932804098,164.82708214244923,,,-4.435,857677.0,256920539.0,0.0033382967486301,294.6,0.6242963483186825
2020-06-09,CRST,286.6000061035156,294.20001220703125,275.3999938964844,287.0,867083,276.02000427246094,68.91192201415984,5.794450793594187,64.76684620562104,101.0478157367513,,,-4.435,848199.0,256920539.0,0.0033014059650559,286.6,0.6388563537763274
2020-06-10,CRST,283.6000061035156,293.3999938964844,280.3999938964844,286.0,849599,278.02000427246094,65.02591226592982,6.640530108761112,69.31608328591403,95.02752788230184,,,-4.435,1226856.0,256920539.0,0.0047752351944116,283.6,0.6392971788785355
2020-06-11,CRST,261.20001220703125,281.2799987792969,261.20001220703125,280.79998779296875,663819,277.4200042724609,31.388897365993923,6.934447687273587,56.42633633697915,22.10284431234152,,,-4.435,651075.0,256920539.0,0.0025341492841878,261.2,0.7105711579931767
2020-06-12,CRST,264.6000061035156,272.6000061035156,255.0,258.3999938964844,530121,277.36000366210936,28.125,6.905313249153265,59.09091561361869,-1.837757504454241,,,-4.435,502684.0,256920539.0,0.0019565738183353,264.6,0.7107492485909443
2020-06-15,CRST,253.8000030517578,267.4800109863281,245.8000030517578,251.6000061035156,566944,276.0000045776368,12.345678430925608,6.487176994260947,42.62295036403616,-51.88954434464856,,,-4.435,534193.0,256920539.0,0.0020792148501603,253.8,0.6942201673294942
2020-06-16,CRST,267.20001220703125,273.96099853515625,255.343994140625,258.0,595976,276.3200057983398,33.02470393123373,6.046145061517642,51.541098664281,-7.796538100944899,,,-4.435,586399.0,256920539.0,0.0022824138633774,267.2,0.697597082397199
2020-06-17,CRST,260.20001220703125,273.8070068359375,259.20001220703125,268.0,605761,274.2000076293945,22.22223530417382,5.488420884859937,47.08818591250492,-20.544213818515843,,,-4.435,578682.0,256920539.0,0.0022523773391274,260.2,0.7062275288418899
2020-06-18,CRST,252.3999938964844,267.6000061035156,252.3999938964844,258.0,1476642,271.940007019043,10.1851705770059,4.749839135388518,44.92062765454489,-70.57611602250327,,,-4.435,1375518.0,256920539.0,0.0053538654611027,252.4,0.713890936344252
2020-06-19,CRST,248.3999938964844,259.6000061035156,248.3999938964844,259.6000061035156,1217227,267.26000518798827,4.012331361543096,3.86197353082578,42.56651123717719,-111.96999439064857,,,-4.435,1188197.0,256920539.0,0.0046247645463642,248.4,0.71703272492199
2020-06-22,CRST,251.0,255.3999938964844,247.1999969482422,247.8000030517578,1223284,262.9000045776367,8.02468627059907,2.959762440106034,44.88189099364008,-124.02455488490877,,,-4.435,1114453.0,256920539.0,0.0043377341661267,251.0,0.5731375586209577
2020-06-23,CRST,250.8000030517578,257.20001220703125,249.6000061035156,251.0,545668,259.3200042724609,7.716049019328505,2.085918540988735,36.06558219975249,-107.95722850054452,,-5.5,-5.5,536722.0,256920539.0,0.0020890583605696,250.8,0.5679207266392134
2020-06-24,CRST,205.1999969482422,248.0,203.0,237.0,4577846,251.4800033569336,2.044606713242841,0.5433872939620918,26.57718738002268,-268.59234086192293,,-5.52,-5.52,4175012.0,256920539.0,0.0162502072284691,205.2,0.8505399637165437
2020-06-25,CRST,219.8000030517578,225.6000061035156,203.3999938964844,208.0,4878080,247.34000244140623,15.613384850178836,-1.105706110472675,23.70990645215696,-222.6442492433852,,-8.527,-8.527,3707268.0,256920539.0,0.0144296287654915,219.8,0.9000155067688302
2020-06-26,CRST,214.1999969482422,224.3999938964844,208.0,213.8000030517578,1700382,242.3000015258789,12.280696764400982,-2.821967108296316,22.911055370161776,-178.63609095079858,,-16.488,-16.488,1679911.0,256920539.0,0.0065386403381319,214.2,0.9000272676431109
2020-06-29,CRST,207.6000061035156,216.4770050048828,201.8000030517578,213.1999969482422,2201245,237.68000183105468,6.331881693732418,-4.589225380277875,23.129257279115578,-167.87939137326026,,,-41.162,1859741.0,256920539.0,0.0072385843780282,207.6,0.8586202152606418
2020-06-30,CRST,197.6999969482422,212.3999938964844,195.45899963378903,206.0,1543405,230.7300003051758,2.611245891758448,-6.443294247916385,22.092271926026527,-158.2754722657477,,,-41.162,1294467.0,256920539.0,0.0050383943807622,197.7,0.8666664779694147
2020-07-01,CRST,196.5,204.6699981689453,194.3000030517578,195.0,1381257,224.35999908447263,2.7616990409072564,-8.259040640887674,25.62170633912217,-141.71854638182404,0.2023,,-41.162,1123931.0,256920539.0,0.0043746249497008,196.5,0.8028061776792954
2020-07-02,CRST,202.8000030517578,205.43899536132807,196.8999938964844,198.6000061035156,1671853,219.4,10.670215641193463,-9.836245929414472,27.212396973674657,-112.48235458829208,0.0,,-41.162,1447862.0,256920539.0,0.0056354466857163,202.8,0.8206511626747097
2020-07-03,CRST,198.0,204.8000030517578,195.1000061035156,203.0,1467627,214.3600006103516,4.644678271706103,-11.23542101868096,28.472229662579565,-102.74097013522268,0.0,-50.19,-50.19,1180220.0,256920539.0,0.0045937160360698,198.0,0.8207105920803311
2020-07-06,CRST,208.0,214.8000030517578,201.8000030517578,204.0,1142320,210.06000061035155,17.23118253258616,-12.264511201124895,26.545169506710835,-72.71987232277509,0.4087,,-50.19,1039055.0,256920539.0,0.0040442659977449,208.0,0.8549289000366144
2020-07-07,CRST,212.1999969482422,217.1999969482422,205.1999969482422,208.0,1334915,206.2,24.42018165244144,-12.912730925651491,30.55105355474646,-57.94625889259322,0.3454,-46.58,-46.58,1004269.0,256920539.0,0.0039088700495058,212.2,0.8268217471224993
2020-07-08,CRST,208.0,214.9579925537109,205.3800048828125,212.0,1038552,206.4800003051758,20.980086229679586,-13.325825449313502,31.469120571672107,-57.18309237766372,,-40.961,-40.961,,,,,0.8162994967001626
2020-07-09,CRST,210.0,219.6000061035156,209.1999969482422,209.6000061035156,1175989,205.5,24.96024588722325,-13.507611871023832,33.70119357908183,-43.218834651690365,-0.36260000000000003,,-40.961,1005811.0,256920539.0,0.0039148719052002,210.0,0.7871278996772373
2020-07-10,CRST,220.8000030517578,221.927001953125,208.3999938964844,210.8000030517578,1077899,206.1600006103516,42.13035952758408,-13.331794990239851,38.015875678183455,-27.251963788493693,-0.6486,,-40.961,1017890.0,256920539.0,0.0039618864414728,220.8,0.8146164916487589
2020-07-13,CRST,214.3999938964844,225.0,211.6000061035156,223.0,910398,206.83999938964843,37.43015267598542,-13.012778449441678,36.23297973039965,-23.403883208423657,-0.18213333333333334,,-40.961,797442.0,256920539.0,0.0031038468279096,214.4,0.8142503161292063
2020-07-14,CRST,211.8000030517578,214.6779937744141,205.6719970703125,212.3999938964844,822239,208.25,55.91053767969903,-12.632553091317233,53.699554484475385,-40.98041935148849,0.0,,-40.961,697179.0,256920539.0,0.0027135977633925,211.8,0.8138075270908621
2020-07-15,CRST,210.0,217.8000030517578,209.0,214.3999938964844,973066,209.6,51.1400602896188,-12.233821127479109,43.58638620589657,-30.651997891898635,,,-40.961,821720.0,256920539.0,0.003198342970937,210.0,0.8113157537342661
2020-07-16,CRST,214.8000030517578,214.8000030517578,208.8000030517578,212.0,481472,210.8,66.77525093752097,-11.739927171862597,50.39682940150433,-21.88601866491484,-0.5267,,-40.961,314243.0,256920539.0,0.0012231135790976,214.8,0.8182380773826912
2020-07-17,CRST,210.0,213.3999938964844,208.5229949951172,208.6000061035156,442976,212.0,51.1400602896188,-11.26210183717045,51.62601172155901,-28.05896122263772,-0.5267,,-40.961,388791.0,256920539.0,0.0015132733315649,210.0,0.4977038779044058
2020-07-20,CRST,211.6000061035156,217.51499938964844,208.8000030517578,215.0,658914,212.3600006103516,56.35180707321983,-10.768200625305289,60.61069153980714,2.3529111169614705,-0.5267,,-40.961,607611.0,256920539.0,0.0023649763555882,211.6,0.425893407040896
2020-07-21,CRST,216.1999969482422,216.8000030517578,210.3999938964844,215.1999969482422,2221658,212.7600006103516,70.56854565849088,-10.192181407997229,64.29607716295521,57.41572533852979,,,-40.961,1018985.0,256920539.0,0.0039661484596215,216.2,0.4236963323642989
2020-07-22,CRST,212.6000061035156,217.3999938964844,208.7330017089844,215.8000030517578,688290,213.22000122070312,58.52844004111199,-9.62909380323932,57.40181533499151,40.87909221054633,-0.3182,,-40.961,640319.0,256920539.0,0.0024922841999798,212.6,0.4282126916774764
2020-07-23,CRST,207.0,215.0,206.0,213.0,610609,212.9200012207031,22.41378289765758,-9.1710276395802,56.71641791044776,-8.54982176041655,-0.1366,,-40.961,568509.0,256920539.0,0.0022127814390113,207.0,0.4242249477856213
2020-07-24,CRST,201.0,206.0,199.9499969482422,206.0,700730,210.94000091552732,4.191628438480895,-8.877623334443573,44.44444444444444,-104.50977473556038,0.0,,-40.961,632724.0,256920539.0,0.0024627225307198,201.0,0.4007746920488605
2020-07-27,CRST,199.0,202.3999938964844,194.96099853515625,201.1999969482422,866977,209.4000015258789,13.445857944282237,-8.714481563272496,39.14473989663677,-131.44313815290096,0.0,,-40.961,804234.0,256920539.0,0.0031302830171938,199.0,0.4019339992689463
2020-07-28,CRST,206.0,209.0,199.1999969482422,199.1999969482422,1287048,208.82000122070312,36.7488961900524,-8.509995008088177,48.42767310686669,-56.766423882117856,,,-40.961,1218200.0,256920539.0,0.0047415438436395,206.0,0.4052716095267403
2020-07-29,CRST,199.1999969482422,207.0,194.37600708007807,206.1999969482422,830059,207.74000091552733,15.75232165439114,-8.379407943547308,42.10526198378062,-123.1638633184633,0.34,,-40.961,745560.0,256920539.0,0.0029019089049941,199.2,0.4229992756522912
2020-07-30,CRST,191.1000061035156,202.6000061035156,190.8000030517578,200.1999969482422,1193550,205.37000122070316,0.8772019839996859,-8.41211749525926,27.39726154657241,-176.99815699102012,-0.6486,-32.896,-32.896,,,,,0.3944248409498341
2020-07-31,CRST,187.1000061035156,194.75,187.1000061035156,190.6000061035156,2084059,203.0800018310547,0.0,-8.590108260156153,28.436024441065385,-211.52018998605485,0.0772,,-32.896,2043984.0,256920539.0,0.007955704934902,187.1,0.3880191150934229
2020-08-03,CRST,184.1999969482422,189.33999633789065,181.1000061035156,188.0,696584,200.34000091552736,8.44684224115458,-8.876517262910571,28.301884076399503,-200.78259927293809,,,-32.896,647920.0,256920539.0,0.0025218692227638,184.2,0.3862894299729797
2020-08-04,CRST,185.3999938964844,189.8999938964844,184.1999969482422,185.6999969482422,1172062,197.2600006103516,11.808289402064032,-9.17649005471766,30.47618563213045,-152.88401988395498,,,-32.896,790046.0,256920539.0,0.0030750597171991,185.4,0.3882688689828477
2020-08-05,CRST,195.5,196.5,187.0,190.0,1554802,195.55,39.544134426541376,-9.287184521735224,35.87115505900326,-88.95797536293455,,,-32.896,1473083.0,256920539.0,0.0057336132242817,195.5,0.4405008948951407
2020-08-06,CRST,188.1000061035156,197.8000030517578,182.8000030517578,195.6999969482422,904826,193.6600006103516,19.222851271719637,-9.370335423385566,34.55571524557614,-100.65719990758764,,,-32.896,858066.0,256920539.0,0.0033398108354427,188.1,0.4062987063118009
2020-08-07,CRST,193.5,194.3999938964844,183.3999938964844,188.1000061035156,1013883,192.9100006103516,34.15977428754462,-9.32435300557672,37.88486576960489,-85.04651552869754,,,-32.896,930640.0,256920539.0,0.0036222872784802,193.5,0.4176141686019492
2020-08-10,CRST,192.5,197.5529937744141,188.1999969482422,193.5,678971,192.2600006103516,31.404952424508902,-9.194545128514877,33.33333333333333,-61.605938597848215,,,-32.896,618323.0,256920539.0,0.0024066701806195,192.5,0.4167218368847776
2020-08-11,CRST,193.6000061035156,197.1999969482422,192.1000061035156,193.8000030517578,655142,191.02000122070316,36.87316298100078,-8.980495637834174,36.15160473066906,-45.34043808512991,,,-32.896,602521.0,256920539.0,0.0023451647826412,193.6,0.4179381595129859
2020-08-12,CRST,192.0,199.1999969482422,187.3000030517578,193.6999969482422,1052936,190.3000015258789,39.06808702871388,-8.729924760548903,38.39009397618023,-50.95746873904776,,,-32.896,994855.0,256920539.0,0.0038722283701888,192.0,0.406112828337783
2020-08-13,CRST,193.1999969482422,196.1000061035156,189.0,189.0,2842851,190.5100006103516,43.36915230024928,-8.430555810244964,43.478258650750575,-46.38532225576461,,,-32.896,2778343.0,256920539.0,0.0108140167026506,193.2,0.4028521011999037
2020-08-14,CRST,192.8999938964844,193.5,188.6000061035156,190.1000061035156,445103,191.08999938964843,42.29387230961238,-8.101866019665053,44.75042559148155,-50.56793032329363,,,-32.896,391192.0,256920539.0,0.00152261863346,192.9,0.4006968569093789
2020-08-17,CRST,194.5,195.5,188.3999938964844,188.5,394035,192.11999969482423,51.73744036404298,-7.728036001992654,39.08918658801974,-35.81206869193154,,,-32.896,327796.0,256920539.0,0.0012758652977915,194.5,0.391846713753482
2020-08-18,CRST,201.0,206.76499938964844,194.1999969482422,194.6000061035156,1023354,193.68000030517575,77.53749893726504,-7.224192290768205,51.717559863800766,55.74890005023959,,,-32.896,970825.0,256920539.0,0.0037786975061577,201.0,0.4118735448705023
2020-08-19,CRST,197.8000030517578,202.0,194.5,197.6000061035156,926996,193.9100006103516,65.0691654661973,-6.699859521944385,57.05262610100158,42.03885714702617,,,-32.896,876838.0,256920539.0,0.0034128762278519,197.8,0.4054794039223293
2020-08-20,CRST,196.1000061035156,197.3000030517578,192.8000030517578,192.8000030517578,495945,194.7100006103516,58.44536888347728,-6.202023122257596,59.95574952366935,17.948506072303978,,,-32.896,439149.0,256920539.0,0.0017092794593584,196.1,0.3937456923590396
2020-08-21,CRST,194.3999938964844,199.1999969482422,192.6000061035156,193.5,891546,194.8,48.40389158076367,-5.759878576775796,61.59090160338607,26.08644983881197,,,-32.896,855182.0,256920539.0,0.0033285855748574,194.4,0.3933830491586826
2020-08-24,CRST,193.3999938964844,199.8999938964844,190.8000030517578,194.3999938964844,608287,194.88999938964844,44.2311390132245,-5.378645041836852,59.132416273526566,18.20625911862596,,,-32.896,553125.0,256920539.0,0.0021529030032122,193.4,0.3696922601269072
2020-08-25,CRST,189.3999938964844,196.1959991455078,186.1999969482422,193.5,1544369,194.46999816894527,27.540128743067804,-5.10713288390314,41.90980884831392,-56.05524630004116,,,-32.896,1496091.0,256920539.0,0.0058231662047073,189.4,0.358802950697927
2020-08-26,CRST,191.3999938964844,194.0,186.8000030517578,193.3999938964844,571063,194.40999755859372,34.23923868684975,-4.87507605457344,55.1083373409284,-46.24483701589429,,,-32.896,515510.0,256920539.0,0.0020064958683587,191.4,0.3311253988255375
2020-08-27,CRST,193.1000061035156,195.6000061035156,187.8999938964844,190.6000061035156,784618,194.3999984741211,33.55219224958969,-4.641679876951764,49.30071086659141,-6.377473203790268,,,-32.896,744845.0,256920539.0,0.0028991259433719,193.1,0.3325227329904056
2020-08-28,CRST,198.1999969482422,198.3999938964844,189.5,193.1000061035156,943113,194.92999877929688,58.35156127109816,-4.327732532412632,58.71558434346898,69.45946102179353,,,-32.896,847764.0,256920539.0,0.0032997128345585,198.2,0.3340850273949211
2020-09-01,CRST,191.0,206.8000030517578,188.8999938964844,196.1999969482422,852810,194.5799987792969,23.300978784363743,-4.0847628838903285,46.6494782519099,65.65188696280127,,,-32.861,795486.0,256920539.0,0.0030962335790522,191.0,0.356531324798582
2020-09-02,CRST,201.1999969482422,201.1999969482422,189.3999938964844,192.3000030517578,629115,194.5999984741211,72.81551240628069,-3.72697255570775,59.704636256614144,102.52488689936868,,,-32.861,572789.0,256920539.0,0.0022294402862045,201.2,0.3544386784115263
2020-09-03,CRST,194.5,203.6000061035156,194.1999969482422,202.3999938964844,691113,194.2699981689453,40.29126501249591,-3.4143708240462245,51.2287361311621,94.94229861752308,,,-32.861,619663.0,256920539.0,0.0024118858010024,194.5,0.3480169506235487
2020-09-04,CRST,189.3999938964844,195.6999969482422,188.5,194.5,600542,193.5999969482422,15.533961165652624,-3.2200651055404093,46.967071698839696,-83.93167436122604,,,-32.861,524697.0,256920539.0,0.0020422540060138,189.4,0.346515237713219
2020-09-07,CRST,208.1999969482422,210.0,195.8999938964844,195.8999938964844,1301007,194.979997253418,92.43696293717548,-2.802808614785268,59.14552421471742,248.58783974404452,,-15.453,-15.453,,,,,0.4956968758894723
2020-09-08,CRST,200.0,210.0829925537109,195.8000030517578,201.8000030517578,955467,195.63999786376957,57.78170912780252,-2.392122168341727,49.34725853765036,153.39702260608505,,,-15.453,900765.0,256920539.0,0.0035060061897192,200.0,0.5178006511063405
2020-09-09,CRST,200.1999969482422,202.1999969482422,193.3000030517578,200.6000061035156,764238,196.71999816894527,58.61911223897837,-1.9984395957394483,51.63043050098995,67.60418208704651,,,-15.453,714301.0,256920539.0,0.0027802409366734,200.2,0.5176362853453604
2020-09-10,CRST,204.6000061035156,205.6000061035156,198.3000030517578,203.6000061035156,1238255,198.03999938964844,77.04230013365738,-1.5612977884785837,55.57011661871714,135.868419689545,,,-15.453,1218897.0,256920539.0,0.0047442567446894,204.6,0.5220505311745187
2020-09-11,CRST,200.0,208.8000030517578,199.0,208.0,778654,198.7299987792969,57.78170912780252,-1.1896641680485345,53.53535684368144,114.0536196067927,,,-15.453,729036.0,256920539.0,0.0028375932996154,200.0,0.5296371664611689
2020-09-14,CRST,196.1000061035156,203.8489990234375,191.35299682617188,199.8999938964844,1603285,198.5199996948242,41.45212484570622,-0.9380820980588428,51.64434348739691,6.771968738523611,,,-15.453,579531.0,256920539.0,0.0022556818627879,196.1,0.5211230680692693
2020-09-15,CRST,200.1999969482422,200.3999938964844,195.0,195.0,549291,199.43999938964845,57.55272060471573,-0.7073833237266232,56.56934516588736,30.753955352313604,,,-15.453,531356.0,256920539.0,0.0020681725255138,200.2,0.5232833715815268
2020-09-16,CRST,201.6000061035156,201.6000061035156,195.1000061035156,195.1000061035156,742613,199.4800003051758,61.759063410339216,-0.4779188074110541,56.25000701231063,51.50161734905349,,,-15.453,716276.0,256920539.0,0.0027879281383572,201.6,0.5223757694912995
2020-09-17,CRST,198.3000030517578,198.8999938964844,193.6000061035156,197.3999938964844,633537,199.8600006103516,45.40613646309589,-0.3128171569296254,53.124998280635175,0.1493808628266376,,,-15.453,618502.0,256920539.0,0.0024073668940886,198.3,0.525146667886288
2020-09-18,CRST,190.0,198.3000030517578,185.6000061035156,198.3000030517578,5368239,199.9200012207031,17.971638817164294,-0.3284205327065193,45.25463189853048,-108.1236759731501,,,-15.453,3802437.0,256920539.0,0.0148000506880456,190.0,0.5470192281820507
2020-09-21,CRST,167.8000030517578,189.3000030517578,164.39999389648438,189.3000030517578,1541673,195.8800018310547,7.442613784582621,-0.8099078120347734,38.560160328626736,-321.0482133300696,,,-15.453,1509031.0,256920539.0,0.0058735319716887,167.8,0.6838392047458615
2020-09-22,CRST,166.10000610351562,170.10000610351562,160.39999389648438,166.60000610351562,2393308,192.49000244140623,11.472762033461043,-1.5834382523379196,31.10872584196396,-298.9461269027456,,,-15.453,2366468.0,256920539.0,0.0092108945793547,166.1,0.6814771099620052
2020-09-23,CRST,173.6999969482422,176.6490020751953,167.0,167.0,1916206,189.84000244140623,26.769726890917607,-2.374603552984541,38.91257869134578,-183.4438869711061,,-13.0,-13.0,1859663.0,256920539.0,0.0072382807822149,173.7,0.6953579232355958
2020-09-24,CRST,180.3999938964844,188.1000061035156,171.0,171.0,1268085,187.4200012207031,40.25521917061448,-3.023041110016131,45.283018566140775,-103.88603596020992,,,-13.0,1217666.0,256920539.0,0.0047394653799943,180.4,0.7127805129853134
2020-09-25,CRST,179.39999389648438,181.6999969482422,174.8000030517578,181.6999969482422,552008,185.3600006103516,38.24245821208376,-3.557091807980192,31.443294813407206,-97.68125058904415,,,-13.0,508400.0,256920539.0,0.0019788219422971,179.4,0.7024073116122345
2020-09-28,CRST,195.1000061035156,196.1000061035156,178.74400329589844,181.6999969482422,1229159,185.2600006103516,71.69422653559664,-3.732859361661763,47.12103787012423,-13.136934555015298,,0.65,0.65,1173725.0,256920539.0,0.0045684358462287,195.1,0.7371029100871463
2020-09-29,CRST,194.1000061035156,196.0,190.1999969482422,195.1000061035156,853035,184.6500015258789,69.62811122394066,-3.682294430388296,46.44936542806406,12.90814712424786,,,0.65,675050.0,256920539.0,0.0026274660742479,194.1,0.730474689755086
2020-09-30,CRST,197.5,198.0,189.3999938964844,189.3999938964844,741870,184.24000091552733,76.6528906730039,-3.429881768860412,45.81860623442894,25.28579040230917,,,0.65,628596.0,256920539.0,0.0024466553061372,197.5,0.638282755087934
2020-10-01,CRST,198.0,201.1999969482422,191.1000061035156,200.0,941466,184.2100006103516,86.53824407176326,-3.0483921469366693,48.76237605064711,39.0214515274953,,,0.65,911563.0,256920539.0,0.0035480347485959,198.0,0.638443310916758
2020-10-02,CRST,197.6000061035156,200.8000030517578,193.3999938964844,197.8999938964844,630532,184.97000122070312,90.29126501249593,-2.6054316699105686,50.97024594882047,39.69112032989684,,,0.65,610908.0,256920539.0,0.0023778091170826,197.6,0.6227940692259816
2020-10-05,CRST,206.0,208.6000061035156,199.3000030517578,199.3000030517578,923148,188.79000091552732,94.6057978318596,-2.0072078695184272,53.5539238373166,93.5501033102795,,,0.65,912190.0,256920539.0,0.0035504751918646,206.0,0.6407221687166964
2020-10-06,CRST,218.0,219.6000061035156,205.3999938964844,208.8000030517578,1099985,193.9800003051758,97.2972875446036,-1.1470000819213588,58.89370778387063,152.65808611541243,,,0.65,1036598.0,256920539.0,0.0040347027296248,218.0,0.6679188873938606
2020-10-07,CRST,221.1999969482422,223.8209991455078,212.8000030517578,215.3999938964844,2018386,198.7300003051758,95.86729635240845,-0.114010992703234,62.432138961381504,167.1350967541402,,,0.65,1979004.0,256920539.0,0.0077027862688704,221.2,0.6613445529717922
2020-10-08,CRST,242.0,243.0,219.8000030517578,225.1999969482422,2127454,204.8900009155273,98.78934633643152,1.305234828705842,74.8566023599488,229.32273191517203,,5.957,5.957,1789748.0,256920539.0,0.0069661538426089,242.0,0.7236319879009345
2020-10-09,CRST,246.6000061035156,250.0,242.7669982910156,243.3999938964844,1713916,211.6100021362305,96.2053642133056,2.96259519223687,95.28736601860064,239.94539482903565,,,5.957,1273027.0,256920539.0,0.0049549444546354,246.6,0.7241111990567239
2020-10-12,CRST,240.0,253.6000061035156,238.4250030517578,249.0,1121638,216.1000015258789,84.29560606813455,4.570267972418556,90.2067458131308,178.37132455362234,,,5.957,1050462.0,256920539.0,0.004088664939318,240.0,0.7302598944145813
2020-10-13,CRST,239.1999969482422,242.0,235.3999938964844,240.0,1257665,220.6100006103516,82.56657616074855,6.0393405276430485,88.48413355007625,129.92380865768783,,,5.957,1003383.0,256920539.0,0.0039054215124466,239.2,0.7059537148032196
2020-10-14,CRST,239.0,246.8000030517578,236.3999938964844,246.8000030517578,1407087,224.7600006103516,81.4720741902434,7.327574222927415,87.27735467751737,115.57448409014654,,,5.957,1323310.0,256920539.0,0.0051506586633776,239.0,0.5194482164802675
2020-10-15,CRST,242.0,242.1999969482422,233.3999938964844,239.0,920468,229.1600006103516,84.50357263487861,8.466092509213484,88.83374774383864,96.23376943516666,,,5.957,852631.0,256920539.0,0.0033186564348598,242.0,0.5091009660016694
2020-10-16,CRST,237.0,247.8000030517578,236.05999755859372,245.8000030517578,871584,233.1,74.14329759006249,9.35202105061448,79.97138594785467,87.59948728722992,,,5.957,712914.0,256920539.0,0.0027748423803516,237.0,0.5246243029296339
2020-10-19,CRST,240.0,241.63999938964844,236.0,241.0,569074,236.5,78.81619389781652,10.059737495499848,81.91933087127056,76.26526682747298,,,5.957,503494.0,256920539.0,0.0019597265440891,240.0,0.5148246631240451
2020-10-20,CRST,237.6000061035156,242.1000061035156,235.6000061035156,238.6000061035156,903477,238.4600006103516,74.4,10.5574357078039,78.27927331140717,67.51732063822288,,,5.957,855119.0,256920539.0,0.0033283403628543,237.6,0.5164198491170873
2020-10-21,CRST,239.0,241.0,236.0,236.0,617961,240.24000091552733,75.74750308470806,10.895681951389395,78.55153688759754,62.07838814435007,,,5.957,469104.0,256920539.0,0.0018258719284408,239.0,0.5121554028898626
2020-10-22,CRST,245.0,245.6000061035156,238.0,240.3999938964844,878036,240.54000091552732,84.16205226486221,11.187148395655331,80.62015351052719,68.82368097632789,,,5.957,806379.0,256920539.0,0.0031386319020605,245.0,0.5102041226241241
2020-10-23,CRST,243.1999969482422,252.3999938964844,241.8000030517578,246.0,2704931,240.2,78.42322298466904,11.37979924382108,76.27118315309069,73.19556548470162,,6.991,6.991,1129862.0,256920539.0,0.0043977099082763,243.2,0.4406597793331513
2020-10-26,CRST,234.6000061035156,252.3999938964844,234.6000061035156,239.8000030517578,1100454,239.6600006103516,53.43137603225888,11.337270619411848,62.31454570234129,50.36884597999582,,,5.519,1067031.0,256920539.0,0.0041531556961275,234.6,0.468313482193297
2020-10-27,CRST,222.0,236.98800659179688,221.6000061035156,235.0,799609,237.94000091552732,6.50886612309869,10.922699807103523,50.52083529945869,-10.387429879973974,,,5.519,690864.0,256920539.0,0.0026890181792744,222.0,0.5185435171670271
2020-10-28,CRST,217.1999969482422,222.1999969482422,211.6000061035156,222.1999969482422,744465,235.7600006103516,13.333311535063244,10.195196358536354,29.605261671906437,-65.22383372097805,,,5.519,719602.0,256920539.0,0.0028008737752181,217.2,0.5272757490109599
2020-10-29,CRST,220.0,224.3999938964844,215.3999938964844,219.0,1161266,233.56000061035155,19.99998546781994,9.33112522757518,27.457621946173205,-63.56062366409371,,,5.519,1071736.0,256920539.0,0.0041714687512779,220.0,0.5097069044153132
2020-10-30,CRST,219.8000030517578,221.0,215.0,217.1999969482422,280801,231.84000091552736,20.098037749058665,8.402293799151865,30.79847864624928,-86.73249805926692,,,5.519,243346.0,256920539.0,0.0009471644460468,219.8,0.4673369707639039
2020-11-02,CRST,217.6000061035156,222.59300231933597,208.44000244140625,222.3999938964844,559369,229.6000015258789,20.83713703964162,7.427312555605586,30.00000282570248,-113.16170728435996,-0.3182,,21.142,545616.0,256920539.0,0.0021236760677977,217.6,0.46583635321507
2020-11-03,CRST,253.6000061035156,267.0,234.0,235.8000030517578,2875095,231.2000015258789,77.11749580748076,7.03194625653143,58.129180449988205,120.04620003690071,0.3868153846153846,15.808,15.808,2586495.0,256920539.0,0.0100672955539767,253.6,0.6783562680989231
2020-11-04,CRST,266.0,267.0,244.6000061035156,249.1999969482422,1468022,233.9000015258789,98.29234965558284,7.20240456287585,62.09677642639709,167.93469842967204,0.156725,15.793,15.793,1330245.0,256920539.0,0.0051776514449862,266.0,0.6956975971199414
2020-11-05,CRST,259.79998779296875,270.79998779296875,252.7899932861328,262.20001220703125,1110473,235.38000030517577,82.36048334843879,7.603241753395975,61.35457628437521,164.21725446588366,0.098925,1.923,1.923,1004212.0,256920539.0,0.0039086481910268,259.8,0.6937337417526526
2020-11-06,CRST,260.6000061035156,268.3999938964844,257.6000061035156,262.3999938964844,623594,237.12000122070316,83.64338664938838,8.1228979164216,60.48880017452821,157.48818734593513,,0.468,0.468,608710.0,256920539.0,0.002369253942753,260.6,0.6931076689738225
2020-11-09,CRST,293.0,296.7980041503906,262.0,264.3999938964844,1747305,242.9600006103516,95.70157305854458,9.188195526850972,71.60685983672859,239.69550514054416,0.31245,,0.468,1815581.0,256920539.0,0.0070667024406328,293.0,0.8121320616873563
2020-11-10,CRST,298.0,300.6000061035156,284.3999938964844,286.0,1768801,250.56000061035155,97.17881293381004,10.598476288207532,72.38239446256537,222.52274797492697,,,0.468,1795727.0,256920539.0,0.0069894256293771,298.0,0.8037655456222486
2020-11-11,CRST,309.6000061035156,314.0,294.22100830078125,302.3999938964844,1950470,259.8000015258789,95.83176013807498,12.311971808379312,73.50800386644764,207.99752898861465,0.2202,,0.468,1468199.0,256920539.0,0.0057146034556622,309.6,0.8091573918422849
2020-11-12,CRST,300.79998779296875,317.79998779296875,300.79998779296875,311.0,915621,267.88000030517577,84.45500889072942,13.957231571805846,69.9445896882104,168.89736410015388,0.5106,,0.468,777334.0,256920539.0,0.0030255813841337,300.8,0.8189786670384002
2020-11-13,CRST,310.0,311.3999938964844,291.6000061035156,299.0,1066221,276.9,92.86760347681656,15.58844471691594,75.99998695111002,136.07714462951705,,,0.468,701139.0,256920539.0,0.0027290110893002,310.0,0.8208059906415712
2020-11-16,CRST,319.3999938964844,326.6000061035156,312.20001220703125,313.0,1534023,287.0799987792969,93.90655722420216,17.23978501914039,84.34413270708473,148.08068578262856,-0.148,,0.468,1310469.0,256920539.0,0.0051006782295439,319.4,0.8219267724140441
2020-11-17,CRST,314.3999938964844,324.20001220703125,311.20001220703125,320.0,657134,293.1599975585938,89.67500691526853,18.698109609082533,84.22534000493224,122.03338214993352,,,0.468,613491.0,256920539.0,0.0023878628092088,314.4,0.8253828238591143
2020-11-18,CRST,322.79998779296875,326.0,311.20001220703125,317.20001220703125,1128053,298.8399963378906,96.78400626881036,20.050408127731256,84.82383546315376,111.2070396947154,,,0.468,795804.0,256920539.0,0.0030974713158296,322.8,0.8247660452026606
2020-11-19,CRST,313.6000061035156,322.0,308.3999938964844,318.6000061035156,767003,304.2199981689453,88.99796919677252,21.072882565494474,79.94891132062658,88.4160546541626,0.0,,0.468,738268.0,256920539.0,0.0028735265887014,313.6,0.8195010414415722
2020-11-20,CRST,309.0,318.0,309.0,318.0,401836,309.0599975585937,80.99351517985761,21.713610086785508,78.74213092883014,74.67780237813592,0.2037,,0.468,356416.0,256920539.0,0.0013872616077611,309.0,0.7866369535235315
2020-11-23,CRST,317.3999938964844,319.3999938964844,311.20001220703125,317.20001220703125,597250,311.4999969482422,88.78047291825457,22.16600532811998,74.27700758712372,74.69340653324315,,,0.468,572125.0,256920539.0,0.0022268558295372,317.4,0.7731939262304359
2020-11-24,CRST,316.20001220703125,326.0,314.0,317.0,783524,313.3199981689453,85.90977904012082,22.40697642200593,70.8818665178533,73.841055549474,,,0.468,732649.0,256920539.0,0.0028516560133792,316.2,0.7775362017038151
2020-11-25,CRST,310.3999938964844,318.0,303.31500244140625,317.0,509862,313.3999969482422,76.52172143908514,22.35919291690941,71.11853020437349,53.38561759440663,0.2023,,0.468,502811.0,256920539.0,0.0019570681345954,310.4,0.7859820165303957
2020-11-26,CRST,300.79998779296875,310.79998779296875,297.0,303.20001220703125,579856,313.3999969482422,60.06189493356286,21.92880489957478,65.62985217010583,31.792176734731797,0.0,,0.468,524413.0,256920539.0,0.002041148605873,300.8,0.8031136940005891
2020-11-27,CRST,303.6000061035156,304.0,289.31201171875,304.0,841539,312.75999755859374,45.49764609743927,21.27586191200075,55.35353678584651,15.230645116365093,-0.5994,,0.468,690298.0,256920539.0,0.0026868151635008,303.6,0.7974213641435183
2020-11-30,CRST,293.79998779296875,306.20001220703125,291.3999938964844,291.3999938964844,856972,310.1999969482422,12.035981415112948,20.312808569583517,47.97687368433432,-2.5399214621652364,0.6435,,0.468,838804.0,256920539.0,0.0032648382385652,293.8,0.5955661492413288
2020-12-01,CRST,316.20001220703125,318.0,297.20001220703125,304.0,777399,310.3799987792969,72.10900165568198,19.51695121946841,52.87958212778763,43.68345781937415,0.29569999999999996,,0.468,687881.0,256920539.0,0.0026774075855414,316.2,0.6275097307581713
2020-12-02,CRST,314.0,318.0,308.20001220703125,309.79998779296875,818708,309.5,66.20894657540637,18.788026246030363,56.11111330887784,53.61373031164938,-0.5719,,0.468,661547.0,256920539.0,0.0025749089682549,314.0,0.6188323109241873
2020-12-03,CRST,326.3999938964844,327.56201171875,314.3999938964844,318.79998779296875,827479,310.7799987792969,96.96204490910948,18.29427758941196,57.374095141806514,105.4832615923796,,,0.468,818778.0,256920539.0,0.0031868919596186,326.4,0.6267134761295085
2020-12-04,CRST,319.6000061035156,335.114990234375,319.6000061035156,321.20001220703125,1185483,311.8399993896484,66.12669168323481,17.823629819602537,50.09208662043508,120.7664779522174,,,0.468,1140895.0,256920539.0,0.004440653146847,319.6,0.6363078330218845
2020-12-07,CRST,309.6000061035156,329.3999938964844,295.3999938964844,329.3999938964844,1160468,311.06000061035155,44.29405039203876,17.19196555465574,47.88732999753388,4.110165758329607,0.296,0.402,0.402,,,,,0.4894492093692256
2020-12-08,CRST,304.3999938964844,312.3999938964844,301.4830017089844,304.6000061035156,907373,309.8799987792969,32.941050269443366,16.370345029713796,41.666673577346685,-59.53723499388999,-0.22876,,0.402,803035.0,256920539.0,0.0031256162046273,304.4,0.4739497903375863
2020-12-09,CRST,310.20001220703125,318.79998779296875,301.6000061035156,301.6000061035156,1160766,309.8600006103516,45.60402219509725,15.527958883618822,48.411219164794495,-18.32608807094734,0.0,,0.402,1124034.0,256920539.0,0.0043750258518646,310.2,0.4666637132131289
2020-12-10,CRST,290.6000061035156,311.3999938964844,284.9760131835937,304.3999938964844,1312822,308.8400024414062,11.216808261217295,14.36861851287398,42.45902455387461,-159.3603232078379,,3.154,3.154,1250830.0,256920539.0,0.0048685480922177,290.6,0.4922504977939386
2020-12-11,CRST,281.79998779296875,289.0,276.20001220703125,285.0,949795,306.6600006103516,9.50518148939719,12.898243771899445,35.45752762473985,-237.66357352039964,,,3.154,890104.0,256920539.0,0.0034645108696428,281.8,0.4994272034781989
2020-12-14,CRST,295.6000061035156,308.3999938964844,285.20001220703125,288.6000061035156,830309,306.8400024414062,32.928797643750976,11.500771712705363,42.370376733424735,-100.52217553065894,0.0,,3.154,788546.0,256920539.0,0.0030692213361735,295.6,0.5238181818655852
2020-12-15,CRST,303.6000061035156,304.6000061035156,292.0639953613281,303.3999938964844,680621,305.5800018310547,46.50768754215172,10.323674179182811,47.52187276317716,-62.90135272030515,0.0,3.162,3.162,,,,,0.5157580807742902
2020-12-16,CRST,311.20001220703125,325.3999938964844,297.0,297.0,1562858,305.3000030517578,59.407643305503264,9.4441324436685,53.84615905511172,27.459196562534164,,,3.162,836831.0,256920539.0,0.0032571588213895,311.2,0.5224129253078544
2020-12-17,CRST,313.0,321.0480041503906,309.6000061035156,313.3999938964844,520908,303.9600036621094,62.46287281290177,8.804392614652663,53.50223048758274,54.51158697738358,0.0482,,3.162,495818.0,256920539.0,0.0019298496022538,313.0,0.5227134938479332
2020-12-18,CRST,308.79998779296875,316.79998779296875,307.20001220703125,313.3999938964844,1838442,302.8800018310547,55.33393489649971,8.26141646037318,55.83203289631056,25.93668312661766,,,3.162,1162842.0,256920539.0,0.0045260764457605,308.8,0.5207096888961404
2020-12-21,CRST,301.3999938964844,316.4939880371094,291.4020080566406,302.0,716132,302.06000061035155,42.773472100349856,7.670661590116865,43.48591128362607,-32.765709318539805,,,3.162,691775.0,256920539.0,0.002692564022684,301.4,0.5157424978575381
2020-12-22,CRST,307.20001220703125,311.20001220703125,299.3999938964844,301.79998779296875,362732,302.3400024414062,52.61819835630289,7.155981208079299,47.09898312993502,-4.505466177769613,,,3.162,350751.0,256920539.0,0.0013652119887542,307.2,0.5191625982152763
2020-12-23,CRST,324.0,324.0,304.20001220703125,308.0,1349945,303.7200012207031,81.1338464232028,6.967687302143658,49.01316094926681,89.21846034301818,,,3.162,1316724.0,256920539.0,0.0051250242784209,324.0,0.5365049903920853
2020-12-24,CRST,329.3999938964844,338.0,314.7019958496094,322.79998779296875,514522,307.6,86.08412976985396,7.064109773957977,54.07653153972005,149.3359662509922,0.6369,,3.162,506827.0,256920539.0,0.0019726994267281,329.4,0.46975650358449
2020-12-29,CRST,326.0,338.9859924316406,323.3179931640625,330.0,857148,312.02000122070314,79.3170507409699,7.263586878205714,57.21830290666328,148.14438462705277,0.5719,,3.162,838025.0,256920539.0,0.0032618061726859,326.0,0.470801975498853
2020-12-30,CRST,327.3999938964844,331.20001220703125,324.79998779296875,326.6000061035156,367019,315.2,81.546838173572,7.522980611327933,60.47358368483194,124.64487089032929,,,3.162,366169.0,256920539.0,0.0014252227611899,327.4,0.4500406905028123
2020-12-31,CRST,325.79998779296875,325.79998779296875,319.20001220703125,324.20001220703125,213687,317.4199981689453,78.9984888481465,7.763657521071759,57.38634951515793,82.8236874768498,,,3.162,211687.0,256920539.0,0.0008239395761192,325.8,0.4435106532651919
2021-01-04,CRST,306.6000061035156,332.20001220703125,306.0,330.0,1255091,316.9599975585937,48.41844276020222,7.655966967110961,57.60456185523647,21.646969987577044,0.765,,3.162,1242095.0,256920539.0,0.0048345492533782,306.6,0.4798436423680818
2021-01-05,CRST,311.0,314.20001220703125,302.0,304.0,726036,316.75999755859374,47.96786762131772,7.38832158814868,64.48413479325247,-14.957925286312824,0.148,,3.162,721457.0,256920539.0,0.0028080939064198,311.0,0.4825595304835714
2021-01-06,CRST,307.79998779296875,318.8630065917969,306.0,314.3999938964844,1030248,316.6599975585938,34.46113214710832,6.966556231530247,56.7627406685381,3.653298462762912,-0.20095,,3.162,1020806.0,256920539.0,0.0039732362541867,307.8,0.4799822411483698
2021-01-07,CRST,305.20001220703125,315.79998779296875,300.79998779296875,315.79998779296875,1838519,317.0399993896484,28.9971601403768,6.412941812834742,50.94340030049753,-22.838659901308493,,,3.162,1355138.0,256920539.0,0.0052745413242341,305.2,0.4761693945300165
2021-01-08,CRST,322.20001220703125,325.20001220703125,304.0,304.0,1195539,318.5399993896484,64.72346642449617,6.0623170186314805,55.83864421539331,48.89963093162644,0.2263,,3.162,1174507.0,256920539.0,0.00457147958887,322.2,0.5161338480159544
2021-01-11,CRST,312.0,330.0,311.6000061035156,330.0,561141,317.3399993896484,43.28765700036941,5.68075003533235,49.51267044934021,49.87699919143488,0.0,,3.162,557815.0,256920539.0,0.0021711576745524,312.0,0.4733560432452572
2021-01-12,CRST,309.20001220703125,317.20001220703125,309.20001220703125,316.0,521669,315.32000122070315,37.40334985428724,5.242171710787419,50.19764061614176,-0.7378853158516784,0.6597,,3.162,513089.0,256920539.0,0.0019970727213833,309.2,0.4587168271899755
2021-01-13,CRST,301.0,313.3999938964844,300.79998779296875,305.6000061035156,801648,312.82000122070315,4.0418485391865575,4.648076407238354,49.80392450188267,-74.09304323455292,0.0,,3.162,759743.0,256920539.0,0.0029571127437187,301.0,0.4407562384324878
2021-01-14,CRST,308.0,309.52398681640625,299.6730041503906,301.79998779296875,615291,310.8800018310547,21.181284388856454,4.088736536961646,50.387591168350646,-76.71608515967574,,,3.162,611091.0,256920539.0,0.0023785213995678,308.0,0.4475451696776348
2021-01-15,CRST,304.79998779296875,308.4849853515625,299.0,300.0,474501,308.7800018310547,14.505048994055382,3.5201288357563483,39.28570455434106,-97.30263602202764,0.4404,,3.162,460519.0,256920539.0,0.001792456927704,304.8,0.4398878529067764
2021-01-18,CRST,309.20001220703125,315.79998779296875,304.20001220703125,307.3999938964844,558275,309.0400024414063,25.50896348132166,3.0376963269956,38.60046258583069,-39.41683108458311,,,3.162,547932.0,256920539.0,0.0021326905281013,309.2,0.4336324114469785
2021-01-19,CRST,309.6000061035156,315.0,306.20001220703125,311.79998779296875,357928,308.90000305175784,31.9277174882204,2.63402481327107,40.42056499584127,-31.565106492187404,,,3.162,357610.0,256920539.0,0.0013919089590575,309.6,0.4331349176277741
2021-01-20,CRST,312.0,315.3999938964844,307.6000061035156,307.6000061035156,513961,309.3200042724609,39.1566121088558,2.333167318720884,41.10854918527588,-18.22725677805247,,,3.162,512141.0,256920539.0,0.0019933828645751,312.0,0.4310756657755255
2021-01-21,CRST,309.20001220703125,317.20001220703125,309.20001220703125,313.3999938964844,354563,309.7200042724609,30.722917038178213,2.062533176371484,40.54670962763683,-21.71249250366816,0.0,,3.162,354531.0,256920539.0,0.0013799247089388,309.2,0.4228297621390182
2021-01-22,CRST,308.3999938964844,315.0,305.6000061035156,315.0,419087,308.3400024414062,30.322560956401208,1.8075647793874587,51.29682072028495,-47.71058970806504,,,3.162,382790.0,256920539.0,0.0014899159152083,308.4,0.4178290563067754
2021-01-25,CRST,306.20001220703125,310.20001220703125,302.3999938964844,306.79998779296875,605179,307.7600036621094,23.225845829133064,1.5365620040571089,46.42858115994023,-77.28166005695871,0.23206666666666667,,3.162,551134.0,256920539.0,0.0021451535254641,306.2,0.3659407300004304
2021-01-26,CRST,309.3999938964844,320.0,306.20001220703125,306.20001220703125,999039,307.7800018310547,33.54836740801412,1.3172673076087382,51.19048105616281,-11.586069520993354,-0.043935714285714265,3.147,3.147,981573.0,256920539.0,0.0038205314523335,309.4,0.3622538978099998
2021-01-27,CRST,325.0,325.6000061035156,306.0,307.79998779296875,1624654,310.1800018310547,83.87096774193549,1.387764691223862,62.34413016163659,94.4010585986118,0.10610000000000001,2.105,2.105,1459819.0,256920539.0,0.0056819863669988,325.0,0.4070925385682275
2021-01-28,CRST,328.79998779296875,338.0,321.0,326.79998779296875,914381,312.26000061035154,76.41022511017628,1.6936661365002332,54.92535491487873,237.07948996902883,-0.1909,2.174,2.174,888453.0,256920539.0,0.0034580847582606,328.8,0.4089322818223719
2021-01-29,CRST,323.3999938964844,332.6000061035156,317.20001220703125,330.0,865808,314.1200012207031,62.5640869140625,2.041064471357452,59.16398492961084,166.36022601953533,,0.83,0.83,,,,,0.3496716874859178
2021-02-01,CRST,326.3999938964844,332.11199951171875,321.79998779296875,323.0,518520,315.8399993896484,70.2563946063702,2.439472306981993,63.78203795819776,162.94606086370095,,,0.83,498376.0,256920539.0,0.0019398059880296,326.4,0.3479268049482581
2021-02-02,CRST,326.0,332.6000061035156,321.6000061035156,332.6000061035156,914916,317.47999877929686,69.23076923076923,2.8370249925422018,72.8937831305907,134.0791332625545,,-0.591,-0.591,,,,,0.3424776049124097
2021-02-03,CRST,320.6000061035156,330.7120056152344,320.0,322.79998779296875,1132905,318.3399993896484,55.38463103465545,3.12058141530238,61.8868050553261,89.82798600118947,0.21075,,-0.591,807766.0,256920539.0,0.0031440304583823,320.6,0.2882068276625897
2021-02-04,CRST,328.3999938964844,333.6000061035156,323.20001220703125,324.20001220703125,1017381,320.25999755859374,73.0336953437556,3.435154506192451,70.48613594640345,117.01799363218872,0.4767,-0.597,-0.597,976399.0,256920539.0,0.003800392930049,328.4,0.2718757252622574
2021-02-05,CRST,338.0,342.0,322.0,322.0,1415341,323.2199981689453,89.8989914558501,3.898010881102269,72.92995332943278,142.32871733208967,,,-0.597,1344670.0,256920539.0,0.005233797209183,338.0,0.2630510251031003
2021-02-08,CRST,323.0,344.0,322.20001220703125,340.0,642119,324.8999969482422,49.519238175724006,4.1813440551036045,58.65633431523266,95.44753084698566,,-0.627,-0.627,567827.0,256920539.0,0.0022101269217717,323.0,0.3058793605374003
2021-02-09,CRST,332.20001220703125,335.20001220703125,325.20001220703125,331.6000061035156,695988,327.17999877929685,71.63464889018002,4.474553464186997,61.99526361113769,92.29187428865131,,,-0.627,554767.0,256920539.0,0.0021592940843083,332.2,0.3166701100412937
2021-02-10,CRST,315.0,334.3999938964844,312.3999938964844,333.0,1305825,326.17999877929685,30.288471766476004,4.473968022729627,52.941171008665016,14.276603907563963,,,-0.627,886523.0,256920539.0,0.0034505727080075,315.0,0.3731885074599753
2021-02-11,CRST,310.3999938964844,323.0,304.79998779296875,323.0,827860,324.3399993896484,19.230766409248,4.205680861631167,50.97656284924609,-50.504799501004285,0.0,,-0.627,703738.0,256920539.0,0.0027391270574907,310.4,0.3763494804912042
2021-02-12,CRST,310.3999938964844,314.0,306.6000061035156,309.6000061035156,440173,323.0399993896484,14.285725407277194,3.774081907808683,52.095799629220494,-74.87904166517383,0.148,,-0.627,348482.0,256920539.0,0.0013563804643894,310.4,0.3748529334225006
2021-02-15,CRST,322.79998779296875,325.79998779296875,313.5150146484375,315.0,941867,322.67999877929685,45.91835304778646,3.4519801808953536,56.12431199455258,6.726700652129044,,,-0.627,470287.0,256920539.0,0.0018304764649431,322.8,0.3998423186535301
2021-02-16,CRST,321.6000061035156,326.0,316.0,316.0,520507,322.23999938964846,42.85717622183159,3.1883815311602737,48.21052895332062,6.743748226996984,0.0,,-0.627,518380.0,256920539.0,0.0020176666373878,321.6,0.3989237038597563
2021-02-17,CRST,310.79998779296875,325.20001220703125,310.79998779296875,322.79998779296875,2166401,321.25999755859374,15.306117682595488,2.795694802708237,41.1764705882353,-49.578173912215874,-0.25,,-0.627,568121.0,256920539.0,0.0022112712444527,310.8,0.4178323806868628
2021-02-18,CRST,305.79998779296875,315.0,305.6000061035156,315.0,419753,318.9999969482422,2.5510196137659147,2.2565394208192147,41.33858019379262,-111.54760040692864,-0.41795,,-0.627,394997.0,256920539.0,0.0015374286599951,305.8,0.3772874649399353
2021-02-19,CRST,309.20001220703125,310.6000061035156,304.0,304.0,387395,316.1199981689453,13.000030517578123,1.7029460345219762,41.56863894933395,-117.2264588122628,0.0,,-0.627,372261.0,256920539.0,0.0014489343726622,309.2,0.3770010702171024
2021-02-22,CRST,309.20001220703125,313.79998779296875,302.0,313.79998779296875,632324,314.73999938964846,17.142886207217263,1.1654421083684643,41.73229245200842,-116.47660721819273,,,-0.627,631413.0,256920539.0,0.0024576197857034,309.2,0.3736210347206411
2021-02-23,CRST,317.79998779296875,321.6000061035156,310.79998779296875,313.0,601563,313.2999969482422,37.6190185546875,0.8007508975066895,48.66411363486132,-40.203863400208064,0.1531,,-0.627,598860.0,256920539.0,0.0023309152406845,317.8,0.3883283874766716
2021-02-24,CRST,329.79998779296875,330.79998779296875,318.8269958496094,324.0,961754,314.7799957275391,66.19044712611607,0.7531209827304801,50.64219885528317,51.45186117391158,0.0,,-0.627,932738.0,256920539.0,0.0036304532274081,329.8,0.410454967552873
2021-02-25,CRST,327.79998779296875,335.6000061035156,326.3999938964844,330.0,765154,316.5199951171875,61.42854236421131,0.8730904377107442,44.970409392911016,84.28484078240858,0.0,,-0.627,745757.0,256920539.0,0.0029026756790355,327.8,0.4111363433473189
2021-02-26,CRST,321.20001220703125,329.20001220703125,320.3999938964844,328.6000061035156,653432,317.59999694824216,57.14288309317397,0.9845302281422056,49.03226462743616,23.653362627557925,0.7783,,-0.627,568654.0,256920539.0,0.0022133458158438,321.2,0.4176829639284418
2021-03-01,CRST,341.6000061035156,342.79998779296875,325.0,325.3999938964844,837044,319.47999877929686,97.05886752824,1.408007976673719,54.51055448574797,134.40623858680766,0.0,,-0.627,821736.0,256920539.0,0.0031984052470012,341.6,0.4700438479544004
2021-03-02,CRST,339.20001220703125,346.6000061035156,334.0,334.0,832190,321.23999938964846,83.40808770449682,1.9633660329185685,63.534687986651456,146.69070530271642,0.7184,,-0.627,819749.0,256920539.0,0.0031906713382693,339.2,0.4714156652292773
2021-03-03,CRST,366.0,366.0,337.82000732421875,340.0,1087850,326.76000061035154,100.0,2.9953745685831312,74.91040926115977,224.74682515321325,,,-0.627,1056076.0,256920539.0,0.0041105160533701,366.0,0.5389739078348839
2021-03-04,CRST,375.7999877929688,380.7999877929688,361.7999877929688,364.3999938964844,1010656,333.76000061035154,93.65482135208384,4.421564814794329,76.93576197080316,256.3008497287281,,,-0.627,953200.0,256920539.0,0.0037100965291062,375.8,0.5376367883317343
2021-03-05,CRST,374.0,381.7999877929688,366.6000061035156,369.0,992976,340.23999938964846,90.2255777116096,5.981261876667957,73.10471392230463,211.2031349899501,,-0.052,-0.052,860193.0,256920539.0,0.0033480896597371,374.0,0.5385963082438459
2021-03-08,CRST,392.0,392.6000061035156,373.0,381.7999877929688,505278,348.51999816894534,99.33774165221348,7.816423508359036,77.5862163807237,203.3751220403588,,,-0.872,470521.0,256920539.0,0.0018313872523831,392.0,0.5212247986893327
2021-03-09,CRST,375.0,397.2000122070313,371.7999877929688,393.3999938964844,1130312,354.23999938964846,76.68066243652056,9.438998509081555,73.99104908451777,149.977431245669,,,-0.872,795588.0,256920539.0,0.0030966305889619,375.0,0.5089709443639114
2021-03-10,CRST,372.6000061035156,383.3999938964844,365.6000061035156,383.3999938964844,520384,358.52000122070314,74.15966076767086,10.783466377456635,75.45733944708721,108.48843856268849,,,-0.872,456280.0,256920539.0,0.0017759576629255,372.6,0.5046901824320883
2021-03-11,CRST,380.2000122070313,381.0,370.3999938964844,381.0,562373,363.7600036621094,82.14285943259111,11.979818813305169,76.21863043141158,102.21018407779172,,,-0.872,453086.0,256920539.0,0.0017635258035948,380.2,0.5047136670630429
2021-03-12,CRST,384.2000122070313,388.0,375.3999938964844,388.0,429620,370.06000366210935,84.95370795533697,13.05713382742692,76.90102314959141,101.23662860358026,,,-0.872,396069.0,256920539.0,0.0015416011563014,384.2,0.4927354521196503
2021-03-15,CRST,387.0,388.3999938964844,379.8469848632813,383.2000122070313,300702,374.6000030517578,86.98530096058333,14.018276179266488,75.89822472555863,94.74944701250428,,,0.668,275717.0,256920539.0,0.0010731606008346,387.0,0.4649301561118307
2021-03-16,CRST,399.0,399.7999877929688,378.0,378.0,574459,380.5800018310547,98.99245862158162,15.015721591164908,75.89822472555863,99.76700291163516,,,0.668,554914.0,256920539.0,0.0021598662456488,399.0,0.4579725608499539
2021-03-17,CRST,382.7999877929688,398.2000122070313,381.3999938964844,390.2000122070313,651508,382.26000061035154,78.58941900907033,15.69094772101693,68.60623384818179,80.58092053288905,,,0.668,637009.0,256920539.0,0.0024794008391831,382.8,0.4970827915041348
2021-03-18,CRST,364.7999877929688,375.2000122070313,358.7229919433594,373.6000061035156,1102817,381.1600006103516,53.20854851357339,15.805874246833904,63.69346386886332,25.592337971180772,,0.724,0.724,1084924.0,256920539.0,0.0042227997972556,364.8,0.5335344405383358
2021-03-19,CRST,375.3999938964844,376.5350036621094,359.6000061035156,363.0,968400,381.3,62.91793552719822,15.696683319145116,61.31191301139936,31.360126892027036,,,0.724,851179.0,256920539.0,0.0033130048820269,375.4,0.527841167154824
2021-03-22,CRST,375.2000122070313,379.7999877929688,367.3999938964844,371.3999938964844,562506,379.6200012207031,60.30980423051168,15.4137773748807,62.22826492583729,36.62369154956257,,,0.724,535064.0,256920539.0,0.0020826050034092,375.2,0.5263865111995645
2021-03-23,CRST,399.2000122070313,401.2000122070313,379.5299987792969,380.0,974855,382.0400024414063,95.29157180144652,15.384595487106086,61.49585201760552,96.05370976620104,,0.633,0.633,943608.0,256920539.0,0.0036727620285741,399.2,0.5522844125056754
2021-03-24,CRST,392.2000122070313,408.2000122070313,387.7999877929688,406.0,622778,384.0000030517578,67.66175506379902,15.36922716848567,55.79097007121632,104.17269544065653,,7.626,7.626,,,,,0.5233359143271387
2021-03-25,CRST,395.7999877929688,399.3999938964844,388.2929992675781,396.2000122070313,332152,385.5600006103516,74.93781083019843,15.385728490386628,57.60111344497577,97.1282224104266,,,7.626,319998.0,256920539.0,0.0012455135009661,395.8,0.4510080442299821
2021-03-26,CRST,401.7999877929688,406.0,394.7999877929688,395.6000061035156,607144,387.3199981689453,87.0646526812738,15.481999367271673,53.72906793159044,123.18954907129408,,5.957,5.957,531994.0,256920539.0,0.0020706557835767,401.8,0.4451783291208541
2021-03-29,CRST,406.0,416.9700012207031,397.7130126953125,410.0,620975,389.2199981689453,81.16641290805276,15.654943710901366,63.06914265658403,146.43360342953957,,2.899,2.899,,,,,0.4446002110010666
2021-03-30,CRST,412.2000122070313,412.2000122070313,403.6000061035156,412.0,432488,390.5399993896484,91.8107571996366,15.930116260091427,66.17647388814657,151.64956606961368,,,2.899,347437.0,256920539.0,0.0013523130589415,412.2,0.416213147408903
2021-03-31,CRST,408.0,412.6000061035156,401.7999877929688,401.7999877929688,714936,393.0600006103516,84.60006559651437,16.1516217692551,61.68066713990284,127.8674320588552,,,2.899,563597.0,256920539.0,0.0021936626872793,408.0,0.3826679702796831
2021-04-01,CRST,411.6000061035156,416.2000122070313,407.2730102539063,413.2000122070313,494302,397.7400024414063,90.7806509144217,16.34850131428734,61.55143022192145,133.58061419181104,,,2.899,396883.0,256920539.0,0.0015447694510714,411.6,0.3807267409455196
2021-04-06,CRST,416.3999938964844,421.7999877929688,413.4880065917969,421.7999877929688,543769,401.8400024414062,91.4390439434382,16.558944491375662,62.18905157900623,144.1881578230632,,1.816,1.816,462622.0,256920539.0,0.0018006423379019,416.4,0.3771106158215858
2021-04-07,CRST,419.3999938964844,427.2000122070313,413.2000122070313,427.2000122070313,689580,406.26000061035154,88.60929070728723,16.776979375019,59.13978171182274,137.69221803289278,,,1.816,605697.0,256920539.0,0.0023575265813995,419.4,0.3768883073003026
2021-04-08,CRST,418.7999877929688,426.3999938964844,416.0,424.2000122070313,272596,408.2199981689453,87.73307544382324,16.940531967788733,68.75,123.2717268201117,,,1.816,269207.0,256920539.0,0.0010478220271832,418.8,0.3773522042880153
2021-04-09,CRST,418.7999877929688,422.7999877929688,412.2000122070313,413.7999877929688,315727,410.87999572753904,87.57392950349801,17.022751519893543,84.61538461538461,99.8348495224006,,,1.816,561160.0,256920539.0,0.0021841772642396,418.8,0.3639763520619975
2021-04-12,CRST,412.2000122070313,430.0,407.3999938964844,426.6000061035156,252284,412.5199981689453,71.5655174800868,16.90558596316025,74.86488749112824,83.92994882835204,,,1.816,249430.0,256920539.0,0.0009708449194869,412.2,0.3342721590394455
2021-04-13,CRST,415.0,417.0,403.6000061035156,403.6000061035156,299527,413.8399993896484,70.2793746043206,16.675732614887362,75.97911258360465,56.452766795229216,,,1.816,297247.0,256920539.0,0.0011569608298229,415.0,0.3340864839617032
2021-04-14,CRST,414.6000061035156,416.3999938964844,404.3999938964844,404.3999938964844,274872,414.7,63.50713402419711,16.34290899754694,64.5283044942054,51.15978150319238,,,1.816,273536.0,256920539.0,0.0010646715948233,414.6,0.2751275224558018
2021-04-15,CRST,428.0,432.6000061035156,414.2000122070313,414.7999877929688,756971,416.2799987792969,89.61788116144069,16.13953305538167,80.13468843794087,104.24746593513277,,,1.816,738534.0,256920539.0,0.0028745619282699,428.0,0.2788851554314103
2021-04-16,CRST,425.3999938964844,434.0,423.5660095214844,428.0,413239,418.0199981689453,78.06121575142507,15.9496868717645,75.3424736276364,108.72794762421236,,,1.816,376933.0,256920539.0,0.0014671189834301,425.4,0.2814787605725797
2021-04-19,CRST,418.6000061035156,430.3999938964844,416.0,430.2000122070313,568687,418.7199981689453,57.56056085015626,15.63343053293678,64.18920904289732,78.60892493087239,,,1.816,535643.0,256920539.0,0.0020848586184851,418.6,0.1943670204777352
2021-04-20,CRST,402.3999938964844,419.3999938964844,402.3999938964844,407.2000122070313,893222,417.3199981689453,1.863372285879465,14.960427953944926,47.47190517603118,-10.756975235660386,,,1.816,872996.0,256920539.0,0.0033979221879181,402.4,0.233754892710841
2021-04-21,CRST,408.6000061035156,418.6000061035156,401.6000061035156,402.6000061035156,633124,416.23999938964846,21.604942341546398,14.1639233823991,47.47190517603118,-15.5986959985726,,,1.816,547919.0,256920539.0,0.0021326399287991,408.6,0.238883182017807
2021-04-22,CRST,407.6000061035156,412.0,402.6000061035156,407.7999877929688,659281,415.1200012207031,18.518522007039767,13.283527377943456,49.70588670882582,-44.9714917602516,,,1.816,614932.0,256920539.0,0.0023934715472475,407.6,0.2379142453011281
2021-04-23,CRST,411.2000122070313,415.864013671875,403.0,407.7999877929688,501678,414.36000366210936,29.62965404927836,12.42386181086432,49.70588670882582,-28.848416860059448,,,1.816,457487.0,256920539.0,0.0017806556135241,411.2,0.2341539766098969
2021-04-26,CRST,416.0,422.0,407.7999877929688,422.0,404412,414.7400024414063,44.4444339788807,11.670519277543084,49.70588670882582,16.798083558102157,,,1.816,342015.0,256920539.0,0.0013312092576607,416.0,0.2348283803533999
2021-04-27,CRST,412.3999938964844,416.6000061035156,410.7999877929688,416.6000061035156,368880,414.48000183105466,33.33330193664211,10.939273953447268,44.89795736790688,-15.2851166457556,,,1.816,346844.0,256920539.0,0.0013500049523093,412.4,0.2374687343424287
2021-04-28,CRST,416.0,423.6000061035156,413.8699951171875,422.6000061035156,321661,414.6200012207031,44.4444339788807,10.292714996900983,48.04470059517822,38.153841721407154,,,1.816,320636.0,256920539.0,0.001247996759029,416.0,0.2333130944772072
2021-04-29,CRST,408.7999877929688,419.4490051269531,404.6000061035156,416.7999877929688,356913,412.7,22.222169894403507,9.594798334669385,43.65482135208383,-56.56447588997819,,,1.816,322628.0,256920539.0,0.0012557501290311,408.8,0.2389635979821018
2021-04-30,CRST,408.7999877929688,414.6000061035156,402.0,407.7999877929688,481662,411.0399993896484,22.222169894403507,8.879409115932258,47.645412853731216,-92.24284938448876,,,1.816,453006.0,256920539.0,0.0017632144232734,408.8,0.2367860156751173
2021-05-04,CRST,402.0,415.3999938964844,400.3999938964844,404.3999938964844,371718,409.3799987792969,4.761922062115976,8.061842519018986,41.469817639477725,-116.38737769140052,,,1.816,345448.0,256920539.0,0.0013445713657015,402.0,0.2438241537963279
2021-05-05,CRST,407.2000122070313,409.3999938964844,401.6099853515625,406.0,329395,409.8600006103516,20.23814605746568,7.287679900819709,45.43210425403576,-102.0460231501485,,,1.816,324721.0,256920539.0,0.0012638966166889,407.2,0.2447460835354488
2021-05-06,CRST,422.6000061035156,423.2000122070313,408.3999938964844,409.6000061035156,792200,411.26000061035154,66.07145289985058,6.810392750972572,46.74699282469497,49.180381866284286,,,1.816,782044.0,256920539.0,0.0030439139005542,422.6,0.2799562242123916
2021-05-07,CRST,418.2000122070313,426.6000061035156,411.7999877929688,411.7999877929688,441483,412.3200012207032,59.33339436848959,6.458479978827908,45.75472869411065,61.27273234312212,,,1.816,434190.0,256920539.0,0.0016899777716876,418.2,0.2825921809879788
2021-05-10,CRST,426.6000061035156,434.2000122070313,418.3999938964844,425.2000122070313,419528,413.8600006103516,77.51478702263266,6.322894101097084,54.62962832143478,140.23089406577944,,,1.816,414675.0,256920539.0,0.0016140204345437,426.6,0.2913759465779763
2021-05-11,CRST,416.0,422.7999877929688,413.0,420.3999938964844,454866,413.8600006103516,46.15383920856586,6.146477304450952,58.41584345392432,31.64701159189667,,,1.816,443440.0,256920539.0,0.0017259811213458,416.0,0.3000016445206933
2021-05-12,CRST,420.2000122070313,422.7999877929688,416.0,417.7999877929688,425426,414.64000244140624,58.57990409540259,6.006716215533411,57.36040825384113,54.089897800479015,,,1.816,423857.0,256920539.0,0.0016497591109288,420.2,0.3011289253905382
2021-05-13,CRST,421.2000122070313,424.0,412.0,418.3999938964844,304802,415.1600036621094,61.5384823743024,5.899520615971842,58.62944349195371,42.89750717171105,,2.083,2.083,296277.0,256920539.0,0.0011531853434263,421.2,0.2773804554610661
2021-05-14,CRST,427.7999877929688,433.5570068359375,420.739990234375,426.2000122070313,1244984,417.06000366210935,81.06502678412618,5.910208359654477,60.146685857674655,133.7941551977801,,,2.083,1240221.0,256920539.0,0.0048272551693502,427.8,0.2824382696735921
2021-05-17,CRST,412.3999938964844,435.97601318359375,412.3999938964844,419.6000061035156,425345,417.4200042724609,33.730586615541,5.735054361234348,48.05194462050035,61.832375423370365,,,2.889,423364.0,256920539.0,0.0016478402296984,412.4,0.2706646840118785
2021-05-18,CRST,409.2000122070313,416.7579956054688,405.2000122070313,412.3999938964844,427724,418.140005493164,24.735814986854013,5.388475033350972,48.26087893971284,-50.043910141644815,,,2.889,405234.0,256920539.0,0.0015772736643682,409.2,0.2671949360507427
2021-05-19,CRST,414.7999877929688,415.3999938964844,403.0,405.2000122070313,430127,418.9000030517578,40.47668678238566,5.029680806338559,49.36169522010006,-44.82900960829173,,,2.889,421767.0,256920539.0,0.001641624300033,414.8,0.2711753429349277
2021-05-20,CRST,425.0,425.7999877929688,415.3999938964844,418.0,1645801,419.14000244140624,69.14771971812259,4.833310680986959,58.35052701059055,83.72382080292905,,,2.889,551076.0,256920539.0,0.0021449277747311,425.0,0.282723447198917
2021-05-21,CRST,430.0,431.2000122070313,419.3999938964844,419.3999938964844,667279,420.3200012207032,83.20213080793134,4.817794869387653,60.39216906509045,128.86692837443545,,2.337,2.337,633134.0,256920539.0,0.0024643183548669,430.0,0.2801764718192875
2021-05-24,CRST,436.0,436.0,422.7999877929688,425.2000122070313,372480,421.26000061035154,100.0,5.001194169080155,66.79842707742785,165.80737352454813,,,2.337,363369.0,256920539.0,0.001414324449942,436.0,0.2823862958803988
2021-05-25,CRST,437.3999938964844,444.2000122070313,434.2030029296875,436.0,605442,423.4,83.49510607818127,5.31059286437068,65.50308136888037,203.8422471796504,,,2.337,593656.0,256920539.0,0.0023106599507795,437.4,0.2725164620897052
2021-05-26,CRST,448.6000061035156,449.0,428.2000122070313,428.2000122070313,378637,426.23999938964846,99.13044805112092,5.849332087028998,63.94850516179565,193.97038604763253,,,2.337,348363.0,256920539.0,0.0013559172861613,448.6,0.2830740227551301
2021-05-27,CRST,441.3999938964844,452.2000122070313,440.6000061035156,449.2000122070313,971078,428.25999755859374,78.04874871757973,6.375372108248575,62.08332763777658,175.05069315125175,,,2.337,821809.0,256920539.0,0.0031986893815445,441.4,0.2824942103228486
2021-05-28,CRST,458.2000122070313,459.3999938964844,439.6000061035156,439.6000061035156,571890,431.3,97.8723726607922,7.119380346406904,65.13410342477987,187.8765092174041,,,2.337,516257.0,256920539.0,0.0020094033821095,458.2,0.3052129102991667
2021-06-01,CRST,459.3999938964844,466.3999938964844,454.8999938964844,463.0,474398,436.0,88.95898947335994,7.96392319803596,72.84210938852712,195.9732274969225,,2.406,2.406,,,,,0.2764718119518661
2021-06-02,CRST,459.3999938964844,462.7999877929688,454.3999938964844,455.0,522107,441.0199981689453,88.95898947335994,8.80905547398169,71.58590315773058,157.3955107938173,,,2.406,514655.0,256920539.0,0.0020031679911741,459.4,0.2709316897231517
2021-06-03,CRST,452.0,469.0,448.6000061035156,469.0,382697,444.73999938964846,74.24242424242425,9.472113759251547,65.84362307883586,124.6103738027988,,,2.406,360973.0,256920539.0,0.0014049986093171,452.0,0.2602183941427969
2021-06-04,CRST,443.2000122070313,452.2000122070313,443.2000122070313,446.0,314792,446.5600006103516,60.909109404592805,9.824305454647668,57.74649400792966,65.452123095785,,,2.406,308608.0,256920539.0,0.0012011807277113,443.2,0.2723428574750917
2021-06-07,CRST,463.7999877929688,464.3999938964844,443.7999877929688,455.0,526982,449.9399993896485,92.12119362571023,10.26945852312077,74.56979966045529,103.91750686522948,,3.115,3.115,,,,,0.3133289026682154
2021-06-08,CRST,456.7999877929688,464.0,451.2000122070313,451.2000122070313,342876,452.0199981689453,81.51513301964962,10.614455234894542,71.95571571346125,92.23324138112024,,,3.115,290243.0,256920539.0,0.0011296994826871,456.8,0.318437693778388
2021-06-09,CRST,436.6000061035156,458.2730102539063,435.6000061035156,454.2000122070313,546986,451.9399993896485,39.55225707640496,10.532119184220043,58.86179825990215,28.008505116654963,,,3.115,527453.0,256920539.0,0.002052981058085,436.6,0.3607176989326148
2021-06-10,CRST,426.2000122070313,444.35198974609375,421.7999877929688,440.7999877929688,1097915,449.7,13.70971264873472,9.99632477008715,50.48701813418624,-33.37979585797151,,,3.115,1079041.0,256920539.0,0.0041999016668729,426.2,0.3463367559262277
2021-06-11,CRST,427.3999938964844,433.9779968261719,425.7999877929688,433.7999877929688,453261,448.3,11.864416642420716,9.200760028045607,48.91121961243676,-45.655013906454,,,3.115,323752.0,256920539.0,0.0012601250225463,427.4,0.3444652345270187
2021-06-14,CRST,429.2000122070313,433.0,417.6000061035156,417.6000061035156,406794,445.4,22.56810793961793,8.291828943070414,47.04861515834179,-57.3670086634864,,,3.115,402886.0,256920539.0,0.001568134651936,429.2,0.3419816760991703
2021-06-15,CRST,424.2000122070313,430.2300109863281,422.6000061035156,429.2000122070313,469169,441.8800018310547,12.840480325362543,7.260818864829366,44.444450152934735,-64.62818003758191,,,3.115,461911.0,256920539.0,0.0017978749452958,424.2,0.3342358122605442
2021-06-16,CRST,423.3999938964844,429.2000122070313,419.1669921875,428.3999938964844,521040,438.2800018310547,11.2840242834454,6.178026590833956,38.37637420644416,-80.9169121065045,,,3.115,515649.0,256920539.0,0.0020070368916671,423.4,0.3343114922216578
2021-06-17,CRST,419.6000061035156,423.6000061035156,413.0,417.2000122070313,372163,435.0400024414063,11.78572518484933,5.044832441802263,39.619047397604746,-113.75481726480152,,,3.115,370095.0,256920539.0,0.0014405037504611,419.6,0.3327510389534834
2021-06-18,CRST,415.7999877929688,427.0,414.2000122070313,420.0,708707,432.3,4.999978201729911,3.8673260173907855,26.956493182965616,-110.09329796023272,,,3.115,698438.0,256920539.0,0.0027184981112,415.8,0.3290253072187837
2021-06-21,CRST,429.6000061035156,429.6000061035156,407.6000061035156,407.6000061035156,648234,428.8800018310547,35.83062245427954,2.935129163779224,35.75526063651631,-89.6488129104354,,,3.115,601673.0,256920539.0,0.0023418641512347,429.6,0.3519332660840555
2021-06-22,CRST,438.7999877929688,444.3999938964844,418.0,418.0,1029366,427.0800018310547,50.8143074770559,2.3456454777242137,40.94902731217001,-29.989724577696897,,,3.115,1004032.0,256920539.0,0.0039079475853037,438.8,0.3480772206362931
2021-06-23,CRST,430.3999938964844,449.2000122070313,424.0,449.2000122070313,507244,426.4600006103516,40.14083220593782,1.8625062773767769,40.592328335236246,-24.259199635439785,,,3.115,494506.0,256920539.0,0.0019247429649834,430.4,0.3500332445237902
2021-06-24,CRST,435.2000122070313,453.2000122070313,422.0,422.0,1144024,427.3600006103516,48.59157048433771,1.543685155830539,46.38989129901886,-11.09187379606074,,4.03,4.03,1043932.0,256920539.0,0.0040632485205863,435.2,0.3220919752000127
2021-06-25,CRST,411.7999877929688,442.7999877929688,409.0,442.7999877929688,1104895,425.8,7.446776851007648,0.9677164591541052,27.11268343449441,-84.46291470563246,,3.115,3.115,1027179.0,256920539.0,0.0039980415890377,411.8,0.3692327496890055
2021-06-28,CRST,429.2000122070313,430.2000122070313,407.3999938964844,411.7999877929688,1334143,425.8,42.85182965638417,0.5361674805449986,38.87098306422913,-73.3101490553771,,7.978,7.978,1305004.0,256920539.0,0.0050794070613404,429.2,0.4057739227549143
2021-06-29,CRST,438.6000061035156,440.3999938964844,428.7999877929688,429.2000122070313,586328,427.23999938964846,68.12227016041712,0.3665098723549664,50.88339165458006,5.457433919871539,,,7.978,565682.0,256920539.0,0.002201778036905,438.6,0.4119756176566854
2021-06-30,CRST,419.3999938964844,439.3999938964844,419.3999938964844,431.2000122070313,872328,426.8399993896484,26.20086288750812,0.0627341024145939,47.213109341148495,-47.976634046457406,,,7.978,867805.0,256920539.0,0.0033777174973153,419.4,0.4346932911779886
2021-07-01,CRST,427.3999938964844,429.7999877929688,417.0,421.3999938964844,1479095,427.6199981689453,43.66810481251353,-0.1816875612582529,50.0,-51.59680019721435,,7.007,7.007,,,,,0.4035946558335285
2021-07-02,CRST,423.2000122070313,440.7999877929688,423.2000122070313,426.3999938964844,501799,428.3600006103516,34.4978427812297,-0.4426883856761111,47.71341591062821,-14.9991823747723,,,7.007,485341.0,256920539.0,0.0018890704569166,423.2,0.4020649901471874
2021-07-05,CRST,428.7999877929688,436.0,419.3999938964844,436.0,411119,428.2799987792969,46.72485882294148,-0.6100452961476017,51.74505837700264,-14.030217079104515,,6.918,6.918,406373.0,256920539.0,0.0015817069416937,428.8,0.3757609524927591
2021-07-06,CRST,426.7999877929688,439.6000061035156,426.2000122070313,437.2000122070313,658367,427.0799987792969,42.35804834169013,-0.7404533050299262,51.27819290087869,35.63736600475617,,5.783,5.783,640044.0,256920539.0,0.0024912138301251,426.8,0.3661110770258207
2021-07-07,CRST,424.3999938964844,431.7300109863281,419.3999938964844,419.3999938964844,402916,426.47999877929686,37.1178890906365,-0.8774691129528115,51.82370306126472,-31.14854852233323,,5.228,5.228,387189.0,256920539.0,0.0015070379406295,424.4,0.3662229842920215
2021-07-08,CRST,410.3999938964844,425.7999877929688,407.6000061035156,424.3999938964844,450416,423.9999969482422,6.55021572187703,-1.23280586000043,48.09591213004705,-167.86282096639647,,,5.228,434458.0,256920539.0,0.0016910208957641,410.4,0.3824606791027677
2021-07-09,CRST,421.2000122070313,422.6000061035156,410.9089965820313,411.2000122070313,677928,424.9399993896485,30.131032299978344,-1.531236804297911,46.97406599843146,-104.336041100835,,,5.228,518185.0,256920539.0,0.0020169076478544,421.2,0.394860391431961
2021-07-12,CRST,419.3999938964844,429.0,416.0,429.0,300199,423.9599975585937,26.20086288750812,-1.803584293084048,42.61796583472624,-55.13412977009899,,,5.228,289757.0,256920539.0,0.0011278078472348,419.4,0.3937886392958604
2021-07-13,CRST,410.0,422.7999877929688,410.0,420.3999938964844,205383,421.09999694824216,5.676866952074762,-2.1911669510430825,42.296078008798005,-131.09115221286658,,,5.228,200370.0,256920539.0,0.0007798909374076,410.0,0.4007767087211271
2021-07-14,CRST,414.2000122070313,415.6000061035156,404.6000061035156,413.2000122070313,512674,420.5799987792969,25.13091807624125,-2.558656202709752,42.03338686642475,-142.223537912466,,,5.228,503663.0,256920539.0,0.001960384335018,414.2,0.3831624235103679
2021-07-15,CRST,404.0,415.3999938964844,402.6000061035156,413.0,290560,418.23999938964846,3.664907244892497,-3.051190445208962,46.71164191209808,-165.7780413750993,,,5.228,287834.0,256920539.0,0.0011203230427599,404.0,0.3814212004524658
2021-07-16,CRST,397.0,413.7999877929688,396.2000122070313,413.7999877929688,361659,415.6199981689453,1.7936955849388143,-3.701007638035824,35.12014391208231,-184.45252539764616,,,5.228,345236.0,256920539.0,0.0013437462078498,397.0,0.3805084419812461
2021-07-19,CRST,384.2000122070313,394.0,380.0,394.0,609463,411.1600006103516,6.907916201122927,-4.611123230447485,25.62724421088957,-248.765905218246,,,5.228,600603.0,256920539.0,0.0023376994394364,384.2,0.3890409146262217
2021-07-20,CRST,395.0,396.7999877929688,385.0,389.6000061035156,1235953,407.98000183105466,24.67105758487452,-5.453861873523826,38.17829543327428,-168.15883774200026,,3.828,3.828,,,,,0.3631974378495486
2021-07-21,CRST,405.6000061035156,408.0,386.0,386.0,366167,406.1000030517578,42.105281650198215,-6.028644836928121,39.69754711331945,-105.29898940432584,,,3.828,285998.0,256920539.0,0.0011131768643845,405.6,0.3418736405406883
2021-07-22,CRST,407.7999877929688,414.7999877929688,405.7999877929688,414.7999877929688,345767,405.8400024414062,46.64427004367188,-6.356507374734223,42.58187561410018,-41.06566236956701,,,3.828,309277.0,256920539.0,0.0012037846456487,407.8,0.3310415822321307
2021-07-23,CRST,415.0,416.0,407.6000061035156,413.0,326725,405.2200012207031,58.724826200874254,-6.383058121695889,43.4535177436223,-17.374202552697785,,,3.828,322099.0,256920539.0,0.001253691126656,415.0,0.3023028457670239
2021-07-26,CRST,412.0,415.3999938964844,404.7999877929688,404.7999877929688,261687,404.48000183105466,61.85964276801985,-6.2526756087509225,43.04512011417702,-27.574826546137547,,,3.828,257761.0,256920539.0,0.0010032712877034,412.0,0.2941906020530454
2021-07-27,CRST,404.3999938964844,420.0,400.2000122070313,420.0,503035,403.9200012207031,49.795905911192605,-6.137767781707421,41.03942946367288,-37.90860937604253,,,3.828,451031.0,256920539.0,0.0017555272215897,404.4,0.300030972844479
2021-07-28,CRST,415.2000122070313,416.2000122070313,406.2000122070313,415.2000122070313,449016,404.0200012207032,71.83675960618622,-5.852285647403218,52.2140294640874,-3.3261594256520626,,,3.828,390678.0,256920539.0,0.0015206180148952,415.2,0.3159496718756094
2021-07-29,CRST,415.0,421.3999938964844,413.6000061035156,415.3999938964844,591825,405.1200012207031,71.42857142857143,-5.464708822259397,46.830261190397145,31.883346922439248,,,3.828,498794.0,256920539.0,0.0019414329502087,415.0,0.3116115231729799
2021-07-30,CRST,414.7999877929688,427.7999877929688,409.7999877929688,427.7999877929688,381853,406.9,72.80334033492731,-5.024194341558599,47.60914549867508,45.44007103844768,,,3.828,324489.0,256920539.0,0.0012629936137569,414.8,0.3113931132674785
2021-08-02,CRST,414.3999938964844,422.0,412.2000122070313,417.7999877929688,222876,409.9199981689453,71.96653280640486,-4.56852257473081,52.522931043956135,42.65106311111505,,,1.563,209183.0,256920539.0,0.0008141933720604,414.4,0.3109625472959618
2021-08-03,CRST,414.3999938964844,421.6000061035156,407.0,409.2000122070313,481221,411.85999755859376,71.96653280640486,-4.116824994518143,50.12047085296599,36.55070109712272,,,1.563,249403.0,256920539.0,0.0009707398286284,414.4,0.2870995451962474
2021-08-04,CRST,405.6000061035156,420.0,404.7999877929688,414.7999877929688,306902,411.85999755859376,53.556511801622925,-3.82231267976488,50.9803958234304,3.248666461584241,,,1.563,261995.0,256920539.0,0.0010197510912119,405.6,0.2802326990303698
2021-08-05,CRST,405.0,416.3999938964844,397.2000122070313,416.3999938964844,807069,411.5799987792969,52.30126858667824,-3.642620789593959,55.319148072725966,-33.6131221507722,,,1.563,479668.0,256920539.0,0.0018669896998775,405.0,0.2800727595841456
2021-08-06,CRST,411.3999938964844,412.6000061035156,399.0,411.7999877929688,427730,411.2199981689453,61.682246322559486,-3.433905428583361,69.7674232924466,-13.206721005195474,,,1.563,415771.0,256920539.0,0.0016182863449465,411.4,0.2752109777369098
2021-08-09,CRST,409.3999938964844,420.2000122070313,403.3999938964844,420.2000122070313,405379,410.9599975585937,55.98086299063592,-3.242022189267916,61.99998881022705,31.013210327520586,,,1.563,395191.0,256920539.0,0.0015381837572744,409.4,0.2731976393076922
2021-08-10,CRST,418.0,420.7999877929688,406.2000122070313,408.2000122070313,293730,412.3199981689453,67.9738705495163,-2.92615053526654,60.68964428624421,77.05759968842472,,,1.563,292541.0,256920539.0,0.0011386438824184,418.0,0.2675826821872239
2021-08-11,CRST,424.2000122070313,426.2000122070313,416.7999877929688,420.3999938964844,267037,413.2199981689453,88.23536451580732,-2.443536996407985,63.22581312037991,145.8018147749319,,,1.563,262090.0,256920539.0,0.0010201208553435,424.2,0.2613072250239064
2021-08-12,CRST,416.7999877929688,425.3999938964844,415.2000122070313,423.2000122070313,156403,413.3999969482422,64.05225890096739,-1.9942060261193544,51.44693382109066,99.84062162229606,,,1.563,156386.0,256920539.0,0.0006086940367192,416.8,0.2388130831568158
2021-08-13,CRST,415.6000061035156,420.0,414.6000061035156,419.2000122070313,123089,413.47999877929686,60.13074698314551,-1.603890405057891,52.98013479258424,69.62935014119289,,,1.563,122231.0,256920539.0,0.0004757541007649,415.6,0.222410766741631
2021-08-16,CRST,409.6000061035156,415.6000061035156,402.3999938964844,410.2000122070313,208376,413.0,40.52288820185499,-1.3630963564564311,54.42177541572381,-29.794866837440644,,,1.563,207949.0,256920539.0,0.0008093903306033,409.6,0.2304407716340051
2021-08-17,CRST,405.0,413.6000061035156,402.6000061035156,407.2000122070313,209182,412.0600006103516,25.49017652338685,-1.298925993125596,40.30417765627484,-80.77424964385064,,,1.563,204494.0,256920539.0,0.0007959425929742,405.0,0.2149378444774323
2021-08-18,CRST,416.3999938964844,417.0,394.5960083007813,401.3999938964844,734853,413.1399993896485,65.66678431069789,-1.163983090848924,51.09717358517822,-58.78383189631064,,,1.563,719567.0,256920539.0,0.0028007375463275,416.4,0.2365724726087588
2021-08-19,CRST,409.7999877929688,417.0,402.6000061035156,411.0,397054,413.6199981689453,48.10776361529548,-1.094401551936398,46.43874705801034,-50.91148169283952,,,1.563,389142.0,256920539.0,0.0015146395127249,409.8,0.235458926432025
2021-08-20,CRST,409.7999877929688,423.0,404.7999877929688,423.0,572899,413.4599975585937,48.10776361529548,-1.0669404660567905,46.70486755243404,-1.5004261402688788,,,1.563,571509.0,256920539.0,0.0022244582010627,409.8,0.2341240474589971
2021-08-23,CRST,409.3999938964844,420.6000061035156,405.4630126953125,420.6000061035156,309952,413.4599975585937,46.842120509849366,-1.07126911549028,46.43874705801034,-15.496950719317596,,,1.563,300691.0,256920539.0,0.0011703657526578,409.4,0.2240257326494543
2021-08-24,CRST,420.7999877929688,422.2000122070313,406.6000061035156,413.6000061035156,263152,413.7399963378906,82.91348010814987,-0.9109741566804576,60.43954523789662,62.62978164317577,,,1.563,238285.0,256920539.0,0.0009274657484662,420.8,0.2258088466841059
2021-08-25,CRST,420.3999938964844,426.2000122070313,419.2000122070313,425.0,233060,413.359994506836,81.64783700270375,-0.6602046107582206,60.60605551088145,136.77887920854064,,,1.563,228473.0,256920539.0,0.0008892749520504,420.4,0.2258493292502147
2021-08-26,CRST,416.3999938964844,430.6000061035156,416.2000122070313,430.6000061035156,204507,413.3199951171875,60.5599014730725,-0.4281860243562898,53.56125294198967,112.94633042372746,,,1.563,156101.0,256920539.0,0.0006075847443243,416.4,0.2287559734486657
2021-08-27,CRST,419.6000061035156,421.0,414.3999938964844,416.3999938964844,136535,413.7199951171875,69.44783726443681,-0.16805272543414,57.14286324881307,69.22345052290157,,,1.563,133771.0,256920539.0,0.0005206707121223,419.6,0.2302480994834753
2021-08-31,CRST,419.7999877929688,421.2000122070313,412.489990234375,419.0,521095,414.7399932861328,70.00328027537361,0.0996393304554293,51.428561740451386,59.14237398245504,,1.603,1.603,,,,,0.2301688407568506
2021-09-01,CRST,415.0,430.3999938964844,410.7999877929688,421.2000122070313,593634,415.7399932861328,56.67146134996469,0.2812281088506305,42.532454664534406,66.14534258317235,,,1.603,574469.0,256920539.0,0.0022359792729533,415.0,0.2201653748726198
2021-09-02,CRST,409.0,424.7999877929688,409.0,424.7999877929688,511482,414.9999938964844,40.00664531238478,0.302962365712179,43.52159956849529,-0.9381458744442424,,,1.603,257191.0,256920539.0,0.0010010527029137,409.0,0.2270028654080369
2021-09-03,CRST,419.3999938964844,422.0,409.2000122070313,409.2000122070313,527060,415.9599945068359,68.89230949186246,0.3885988757477572,52.73774481134938,32.528059168690746,-0.34895,0.113,0.113,,,,,0.2368866697025803
2021-09-06,CRST,423.2000122070313,426.2000122070313,416.5639953613281,421.7999877929688,316993,417.2999969482422,79.44674383931228,0.5695402500343194,60.11905491757754,106.3264097488274,,,0.113,204323.0,256920539.0,0.0007952770175373,423.2,0.2273164236717037
2021-09-07,CRST,413.7999877929688,428.2000122070313,412.7999877929688,423.2000122070313,329576,417.7399963378906,53.33846423779369,0.6494616241202245,56.11110263400607,40.23980548825134,0.0,,0.113,323303.0,256920539.0,0.0012583774004926,413.8,0.2347146588026569
2021-09-08,CRST,400.7999877929688,412.3999938964844,399.6000061035156,412.3999938964844,352606,415.7399963378906,3.870908675655242,0.4529883468482267,39.40217064549233,-165.1792957277411,-0.296,,0.113,343932.0,256920539.0,0.0013386707086115,400.8,0.2521791294845401
2021-09-09,CRST,404.6000061035156,406.2000122070313,396.6000061035156,397.6000061035156,310043,414.1599975585938,23.529411764705884,0.1531703312988815,46.32769749674026,-162.72704602887558,,,0.113,301622.0,256920539.0,0.0011739894411477,404.6,0.2552981700343643
2021-09-10,CRST,399.6000061035156,408.2000122070313,399.2000122070313,408.0,385764,412.47999877929686,8.823529411764707,-0.275826394221826,43.27178151351852,-140.535101366652,0.0,,0.113,324416.0,256920539.0,0.0012627094792137,399.6,0.2539735712612398
2021-09-13,CRST,404.3999938964844,404.3999938964844,400.6000061035156,404.0,7441,410.9599975585937,22.94114056755515,-0.6860914493383026,46.88279349191817,-114.23141860703836,,,0.113,200088.0,256920539.0,0.0007787933217748,404.4,0.2550919757758599
2021-09-14,CRST,400.7999877929688,411.3999938964844,400.2000122070313,405.3999938964844,240258,409.05999755859375,12.352887321920957,-1.1189813378369506,36.18784996147368,-95.31396340815692,0.7096,,0.113,238217.0,256920539.0,0.0009272010751931,400.8,0.2339905166047091
2021-09-15,CRST,392.6000061035156,401.6000061035156,392.3999938964844,392.3999938964844,288392,406.8199981689453,0.5235919976864168,-1.671634764188509,32.66833942543248,-167.66500300284656,-0.5423,,0.113,280390.0,256920539.0,0.0010913491038565,392.6,0.2381941535812081
2021-09-16,CRST,403.3999938964844,406.2000122070313,393.3559875488281,395.0,276979,406.25999755859374,28.94736842105263,-2.094265158718973,42.52873563218391,-100.7967205613345,,,0.113,264230.0,256920539.0,0.0010284502789401,403.4,0.2602998909985622
2021-09-17,CRST,413.6000061035156,413.6000061035156,403.0,413.3999938964844,976437,405.67999877929685,55.78950580797697,-2.2457361608096824,46.80851063829787,-15.054335661632686,,,0.113,938655.0,256920539.0,0.0036534836944274,413.6,0.2760884099178454
2021-09-20,CRST,406.6000061035156,419.0,403.2760009765625,412.0,592094,404.0199981689453,37.36845317639803,-2.3258717734307064,43.452391224381365,-17.67886089415592,0.1713,0.023,0.023,,,,,0.2630868758032949
2021-09-21,CRST,407.2000122070313,413.0,402.1910095214844,410.2000122070313,254810,403.3600006103516,41.340812125190205,-2.342221025499055,45.9627407681202,-35.00082358145693,,,0.023,233734.0,256920539.0,0.0009097521004344,407.2,0.2615547130283669
2021-09-22,CRST,413.2000122070313,414.7999877929688,395.0,395.0,254287,404.6000030517578,58.10058008942157,-2.2166682764846524,52.17391853768414,-29.59894537791452,,0.083,0.083,241526.0,256920539.0,0.0009400805437357,413.2,0.2657963635223547
2021-09-23,CRST,405.6000061035156,416.7999877929688,404.6000061035156,416.7999877929688,161498,404.7000030517578,36.87152361914423,-2.1249572081031816,42.6439335771268,-12.181979683353743,-0.1419,,0.083,160307.0,256920539.0,0.0006239555647203,405.6,0.2731096282005105
2021-09-24,CRST,395.3999938964844,403.0119934082031,394.3999938964844,396.7999877929688,220138,404.2800018310547,8.379883982115686,-2.217157125449227,36.12774128901688,-117.6717387390946,,,0.083,203022.0,256920539.0,0.000790213195061,395.4,0.283802389273349
2021-09-27,CRST,400.3999938964844,404.6000061035156,392.4259948730469,399.2000122070313,288100,403.8800018310547,30.075181069009865,-2.334970184335231,43.00626757030111,-92.94739162352928,0.07955,0.394,0.394,273077.0,256920539.0,0.0010628850502294,400.4,0.2846629453522274
2021-09-28,CRST,388.2000122070313,402.635009765625,388.2000122070313,400.0,955490,402.62000427246096,0.0,-2.6519828220496016,43.36843390213816,-140.26314849817473,0.4215,0.493,0.493,928340.0,256920539.0,0.0036133350942409,388.2,0.285220622138905
2021-09-29,CRST,387.3999938964844,391.7999877929688,386.5079956054688,388.7999877929688,593061,402.1000030517578,2.74528551758339,-3.0839509899341104,40.65216727878736,-165.83854327067726,0.4767,,0.493,587748.0,256920539.0,0.0022876645140465,387.4,0.2813247144253327
2021-09-30,CRST,383.0,391.0,379.3999938964844,379.3999938964844,329205,400.06000366210935,9.090923102650793,-3.6284969566126968,40.919033253811776,-181.6849672100253,0.4588,,0.493,300063.0,256920539.0,0.0011679214171351,383.0,0.2746987469824787
2021-10-01,CRST,377.7999877929688,380.3999938964844,372.6199951171875,378.6000061035156,318309,396.48000183105466,11.168590190685494,-4.289751586373612,35.51198213625,-211.64194989171267,0.19068000000000002,,0.493,299493.0,256920539.0,0.0011657028323453,377.8,0.2576080128499625
2021-10-04,CRST,371.7999877929688,376.7999877929688,367.0,367.0,352994,393.0,9.230745755709137,-5.075442168902077,34.60722067834541,-209.2630864277115,,,0.493,302957.0,256920539.0,0.0011791856002606,371.8,0.2572693110865066
2021-10-05,CRST,366.7999877929688,375.6000061035156,366.7999877929688,368.2000122070313,703859,388.9599975585937,0.0,-5.966143717684728,35.824170517413634,-184.46777953092345,,,0.493,700955.0,256920539.0,0.0027282949145611,366.8,0.2577624375229155
2021-10-06,CRST,356.79998779296875,371.0,347.20001220703125,364.0,608806,383.3199951171875,13.370441807899038,-7.02191816989806,24.168523264567312,-202.6757936801148,,,0.493,584098.0,256920539.0,0.002273457786884,356.8,0.2627572772421414
2021-10-07,CRST,359.0,360.3999938964844,351.20001220703125,360.3999938964844,443358,378.6599945068359,16.43452618264136,-8.074707396865609,16.78833471751392,-169.4602885825896,,,0.493,428804.0,256920539.0,0.0016690140915514,359.0,0.2660579709920848
2021-10-08,CRST,359.0,365.3999938964844,356.6000061035156,365.3999938964844,245321,375.0199951171875,16.95401139674093,-9.05203270005035,18.35107775281992,-128.82635843278243,,,0.493,242568.0,256920539.0,0.0009441362724215,359.0,0.26051032373164
2021-10-11,CRST,360.6000061035156,362.2000122070313,354.20001220703125,358.3999938964844,298664,371.0399963378906,19.252871547259293,-9.884667093974272,19.42258531800941,-116.11708016848326,,,0.493,295886.0,256920539.0,0.0011516634721056,360.6,0.2347102327053585
2021-10-12,CRST,357.79998779296875,362.2000122070313,354.79998779296875,355.20001220703125,405311,367.9999938964844,15.229855322074563,-10.605107459346357,12.05480952448636,-104.17751827096347,,,0.493,388879.0,256920539.0,0.0015136158499184,357.8,0.2046297627573363
2021-10-13,CRST,371.2000122070313,374.9209899902344,356.3999938964844,357.79998779296875,2001889,366.37999572753904,41.81185113587608,-10.979499358363796,28.17261468382,-62.26038275302256,,,0.493,1991196.0,256920539.0,0.007750240629847,371.2,0.2549812851171032
2021-10-14,CRST,369.6000061035156,381.6000061035156,367.3999938964844,381.6000061035156,268297,365.0399963378906,39.024383760180726,-11.11787120368624,31.623959490783008,-37.7561667890715,,,0.493,252732.0,256920539.0,0.0009836971422514,369.6,0.2544483998841442
2021-10-15,CRST,370.3999938964844,374.3999938964844,362.3999938964844,362.3999938964844,411520,364.2999969482422,41.85078508379328,-11.062953355645702,27.27274829032362,-46.61630611739398,,,0.493,381517.0,256920539.0,0.0014849610758445,370.4,0.2546795340865094
2021-10-18,CRST,369.3999938964844,380.7999877929688,368.0,380.7999877929688,278095,364.05999755859375,49.77577094560752,-10.88050386424212,32.846723458238046,-27.091428325439487,,,0.493,258132.0,256920539.0,0.0010047153139438,369.4,0.2542122671851713
2021-10-19,CRST,372.7999877929688,377.2000122070313,367.5490112304688,370.0,506589,364.6599975585938,58.44744913387187,-10.548640527226729,37.28223681936961,-22.89698358038351,,,0.493,475674.0,256920539.0,0.0018514440373332,372.8,0.2493040591238894
2021-10-20,CRST,372.6000061035156,384.2000122070313,372.6000061035156,380.0,751341,366.23999938964846,68.64863215266047,-10.119672416438236,40.22557749594294,4.196700515717355,,,0.493,684379.0,256920539.0,0.0026637769119735,372.6,0.2446078685797738
2021-10-21,CRST,362.2000122070313,377.0,360.7999877929688,377.0,807519,366.5600006103516,40.54054054054054,-9.795189179996134,36.64386210240943,-45.74341088416117,,,0.493,788666.0,256920539.0,0.0030696884066555,362.2,0.2479333183043962
2021-10-22,CRST,363.6000061035156,369.7999877929688,357.0,363.3999938964844,939473,367.0200012207032,44.32430782833615,-9.508543683560962,42.37920176706928,-62.61536993177445,,,0.493,813790.0,256920539.0,0.0031674773965813,363.6,0.2418780686896905
2021-10-25,CRST,366.0,369.2000122070313,361.3999938964844,363.6000061035156,295956,367.5600006103516,50.81077781883446,-9.200678184757615,49.218762107190585,-40.21210862436358,,,0.585,281875.0,256920539.0,0.0010971291010719,366.0,0.2246741882751332
2021-10-26,CRST,371.2000122070313,371.6000061035156,365.7999877929688,371.3999938964844,459626,368.9000030517578,60.60606060606061,-8.79171785333262,65.51725952292631,5.066639683548793,,0.565,0.565,447573.0,256920539.0,0.0017420678071985,371.2,0.2327052146192625
2021-10-27,CRST,375.2000122070313,379.0,362.7999877929688,362.7999877929688,555395,369.3000030517578,70.0,-8.256975848513871,66.80498766001148,47.183616178768304,,0.508,0.508,,,,,0.2293794305544887
2021-10-28,CRST,363.6000061035156,377.2000122070313,363.0880126953125,377.0,427621,368.7000030517578,31.33331298828125,-7.837680391395745,53.846157771747976,7.399163900875736,,,0.508,365584.0,256920539.0,0.0014229457925899,363.6,0.2483932300336999
2021-10-29,CRST,356.0,363.6000061035156,355.3999938964844,361.2000122070313,320549,367.2600036621094,4.081670784114264,-7.616114754139955,46.50455560528446,-105.07296584666028,,,0.508,316015.0,256920539.0,0.001230010653216,356.0,0.2546782430336398
2021-11-01,CRST,350.20001220703125,363.2000122070313,347.79998779296875,351.20001220703125,422111,365.3400054931641,6.593469242661533,-7.605273925808762,44.47676094884845,-140.33122336992395,,,0.508,378014.0,256920539.0,0.0014713265100226,350.2,0.2425748796064822
2021-11-02,CRST,345.20001220703125,349.20001220703125,341.79998779296875,341.79998779296875,377449,362.5800079345703,8.018920887542789,-7.789517741534714,28.47680814233732,-193.1870922381949,,,0.508,350274.0,256920539.0,0.001363355383588,345.2,0.2455992916151174
2021-11-03,CRST,349.6000061035156,350.20001220703125,342.9519958496094,345.79998779296875,483831,360.28000793457034,18.39625900771864,-7.998425248057462,34.17720296522924,-151.71766852658735,,0.613,0.613,359178.0,256920539.0,0.0013980120133563,349.6,0.2509774259413063
2021-11-04,CRST,349.3999938964844,356.4259948730469,341.20001220703125,342.6000061035156,601218,359.0000061035156,19.069724859193315,-8.196801250352873,33.22683051915003,-126.9353685019568,,0.365,0.365,422445.0,256920539.0,0.0016442632482566,349.4,0.2501055322408773
2021-11-05,CRST,351.20001220703125,360.7999877929688,348.79998779296875,360.7999877929688,311883,357.7600067138672,23.25581395348837,-8.330776703042599,35.64670075586369,-79.28305444697142,,0.52,0.52,270158.0,256920539.0,0.0010515235607535,351.2,0.2053145427105309
2021-11-08,CRST,352.6000061035156,356.0,348.7080078125,356.0,324664,356.4200073242188,26.51161371275436,-8.376040314064264,33.550501875041945,-82.21148634938223,,,0.52,269993.0,256920539.0,0.0010508813388407,352.6,0.2065519563490217
2021-11-09,CRST,343.0,356.79998779296875,343.0,350.79998779296875,358348,353.6000061035156,4.761874005958195,-8.497400068443955,29.096046293602317,-108.22432699966772,,,0.52,279021.0,256920539.0,0.0010860206081071,343.0,0.223808661398617
2021-11-10,CRST,351.20001220703125,353.20001220703125,340.79998779296875,342.79998779296875,953830,351.20000610351565,27.22518610124483,-8.509899833205557,41.98251156864717,-90.01068436248156,,,0.52,915658.0,256920539.0,0.0035639735287959,351.2,0.2444258354343469
2021-11-11,CRST,348.0,359.79998779296875,347.0,359.79998779296875,328185,349.64000549316404,18.84819347179681,-8.485171549833868,38.92045885570442,-60.79509688533883,,,0.52,313170.0,256920539.0,0.0012189371905373,348.0,0.2415126827348397
2021-11-12,CRST,347.20001220703125,356.0,345.20001220703125,356.0,534236,348.7600067138672,16.75398525889603,-8.431829660266946,36.337227870335866,-68.98444838090636,,,0.52,462350.0,256920539.0,0.0017995836448093,347.2,0.2413237125211587
2021-11-15,CRST,342.20001220703125,348.20001220703125,341.6000061035156,345.6000061035156,379568,347.9600067138672,3.664984205960033,-8.423903821061462,28.862985044615257,-99.0367966686359,,,0.52,240397.0,256920539.0,0.0009356861889504,342.2,0.227501685271553
2021-11-16,CRST,343.20001220703125,347.20001220703125,339.1619873046875,344.6000061035156,225496,347.7600067138672,10.615758606580394,-8.409705171212241,25.609769713367527,-97.4942628037046,,,0.52,218119.0,256920539.0,0.0008489745539573,343.2,0.227163041835977
2021-11-17,CRST,334.0,344.0,333.79998779296875,338.6000061035156,422052,346.20000610351565,0.6711814903833845,-8.519932564206353,26.582289483176467,-136.700363339906,,,0.52,304778.0,256920539.0,0.0011862733948257,334.0,0.2422331328340244
2021-11-18,CRST,351.20001220703125,354.0,337.79998779296875,338.3999938964844,924719,346.3800079345703,59.18370736365712,-8.408534689347764,46.70330729839128,-49.52618314543842,,1.171,1.171,,,,,0.3054973383010673
2021-11-19,CRST,350.0,358.79998779296875,343.927001953125,358.79998779296875,285330,346.2600067138672,60.000045211226855,-8.16404679334303,49.85336364205872,-17.40321517707015,,,1.171,220905.0,256920539.0,0.0008598183736489,350.0,0.3013873606060698
2021-11-22,CRST,349.0,357.3999938964844,346.2659912109375,357.3999938964844,284503,345.90000610351564,56.296341507523145,-7.84630401186723,52.95948867428369,-12.123432850638109,,,1.171,268618.0,256920539.0,0.0010455294895672,349.0,0.3011429049288577
2021-11-23,CRST,352.0,358.6000061035156,348.0,351.0,301953,346.8000061035156,67.40745261863425,-7.433556527160736,51.91082075173253,20.745723674136528,,1.546,1.546,,,,,0.2762113857173628
2021-11-24,CRST,345.0,354.20001220703125,342.0,349.20001220703125,440730,346.1800048828125,41.481526692708336,-7.07763717289902,46.83908789360952,-44.903438141500125,,,1.546,369667.0,256920539.0,0.0014388378657418,345.0,0.2792284397389609
2021-11-25,CRST,346.3999938964844,347.79998779296875,339.79998779296875,342.0,529468,346.02000427246094,48.46156193659856,-6.73752701880152,46.53178081865558,-78.42107927226391,,,1.546,418068.0,256920539.0,0.0016272268524238,346.4,0.2748695972571806
2021-11-26,CRST,328.20001220703125,338.79998779296875,326.79998779296875,337.0,250494,344.12000427246096,4.242498224431818,-6.700168792673871,35.81396207092212,-275.173611686107,,,1.546,246274.0,256920539.0,0.0009585609658089,328.2,0.3282212563854856
2021-11-29,CRST,329.3999938964844,338.6000061035156,329.20001220703125,335.6000061035156,400645,342.8400024414062,7.8788063742897725,-6.820111942668831,41.23711015861667,-200.80208807682484,,1.551,1.551,381560.0,256920539.0,0.0014851284427672,329.4,0.3289698815848448
2021-11-30,CRST,320.20001220703125,326.6000061035156,317.6000061035156,324.20001220703125,479895,340.5400024414063,6.161154577385597,-7.16359684962639,30.27989209353757,-255.18575626636496,,,1.551,478076.0,256920539.0,0.0018607932314823,320.2,0.3392438329940985
2021-12-01,CRST,327.0,331.3999938964844,321.79998779296875,331.3999938964844,1191470,339.8400024414062,22.815529306147,-7.504370232719056,37.22626978446112,-159.8048340211474,,,1.551,1166769.0,256920539.0,0.0045413613272857,327.0,0.3502426988879321
2021-12-02,CRST,330.0,332.79998779296875,323.3999938964844,323.79998779296875,505126,337.7200012207031,30.097085940352923,-7.760612955739488,39.81041488737779,-118.6286020968838,,1.568,1.568,,,,,0.3389634603084948
2021-12-03,CRST,336.79998779296875,343.3999938964844,330.6000061035156,335.0,1236494,336.4,46.60191801582322,-7.8242629912252015,46.867733484387166,-43.90865169900631,,,1.568,991461.0,256920539.0,0.0038590180600547,336.8,0.3371586777195178
2021-12-06,CRST,344.3999938964844,355.6000061035156,339.79998779296875,345.6000061035156,954029,335.93999938964845,65.04854297017646,-7.624776284593421,50.646542156206,38.88745605889777,,1.448,1.448,,,,,0.3436056869855227
2021-12-07,CRST,351.6000061035156,352.3999938964844,343.6430053710937,344.3999938964844,430312,335.9,82.52430852100048,-7.138567591491913,59.69163787717207,59.81357333990211,,,1.448,415497.0,256920539.0,0.0016172198673458,351.6,0.3511046909827549
2021-12-08,CRST,360.0,366.3999938964844,353.0,358.20001220703125,565753,337.4,86.88525512826766,-6.347847738949445,55.365850209194434,136.77659734558142,,,1.448,532940.0,256920539.0,0.0020743378558769,360.0,0.3430291533151133
2021-12-09,CRST,358.6000061035156,366.7999877929688,354.4460144042969,366.7999877929688,179448,338.6200012207031,83.33336434714379,-5.415585088227265,55.23115231441898,130.09086059597422,,,1.448,159897.0,256920539.0,0.0006223597405733,358.6,0.2941195095888307
2021-12-10,CRST,351.0,361.6000061035156,348.6000061035156,361.6000061035156,481767,340.9,67.88619172117343,-4.552387347142863,51.126127054955056,79.15080794106262,,0.566,0.566,452525.0,256920539.0,0.0017613422490912,351.0,0.3044160026566919
2021-12-13,CRST,342.0,351.2799987792969,340.6000061035156,351.0,290462,342.1600006103516,49.59350198643456,-3.9109423373363774,44.72573432174308,10.014311551235073,,,0.566,237154.0,256920539.0,0.0009230636091729,342.0,0.318009135773114
2021-12-14,CRST,344.79998779296875,350.6000061035156,341.79998779296875,350.6000061035156,467566,344.6199981689453,55.284536203971626,-3.388527252176856,49.88961788318292,17.24779376611437,,0.637,0.637,,,,,0.3178518551128456
2021-12-15,CRST,345.20001220703125,347.20001220703125,342.3999938964844,342.3999938964844,732420,346.43999938964845,56.09759425872341,-2.953998384877104,49.330366950260064,8.782120540442278,,,0.637,718782.0,256920539.0,0.002797682126924,345.2,0.3098026705712155
2021-12-16,CRST,350.79998779296875,355.6000061035156,347.20001220703125,350.3999938964844,320816,348.51999816894534,67.47966269379755,-2.501256517857445,64.67532045464094,55.67438220885958,,0.332,0.332,296646.0,256920539.0,0.0011546215851586,350.8,0.3147746547463693
2021-12-17,CRST,355.6000061035156,359.79998779296875,350.0,359.79998779296875,534375,350.4,77.23580110223082,-1.9785502139757711,66.25311423270607,83.17977278516845,,,0.332,430518.0,256920539.0,0.0016756854149367,355.6,0.246177964844088
2021-12-20,CRST,344.3999938964844,349.42999267578125,342.3999938964844,347.3999938964844,156884,350.4,50.22223578559028,-1.61357282197436,64.64889824531328,11.523751761116891,,,0.332,148864.0,256920539.0,0.0005794165020025,344.4,0.2767970604316869
2021-12-21,CRST,356.20001220703125,358.20001220703125,346.6400146484375,348.79998779296875,154172,350.8600006103516,75.57608968512746,-1.1746495149582543,66.66666666666666,75.09924820441428,,,0.332,151258.0,256920539.0,0.0005887345581195,356.2,0.2745154403797684
2021-12-22,CRST,362.2000122070313,364.9519958496094,352.6000061035156,352.6000061035156,225853,351.0800018310547,87.29287869425166,-0.6139836664432835,67.77041897990489,113.28035830285708,,,0.332,212761.0,256920539.0,0.0008281198569336,362.2,0.2715997393117847
2021-12-23,CRST,368.0,371.0,359.6000061035156,361.0,360837,352.02000122070314,90.38461914664278,0.0875318290541758,67.41071398160908,138.6571380077463,,,0.332,343376.0,256920539.0,0.001336506615378,368.0,0.2734251388467792
2021-12-24,CRST,367.6000061035156,373.7999877929688,366.6000061035156,369.7999877929688,59068,353.6800018310547,81.32534605757714,0.8339733813477588,64.07767313905791,141.72589980707406,,,0.332,52898.0,256920539.0,0.0002058924529969,367.6,0.2743020496201455
2021-12-29,CRST,372.6000061035156,374.3999938964844,367.6000061035156,367.6000061035156,401319,356.74000244140626,94.67459040519776,1.6473153018119076,63.09226733394369,139.5568486142466,,0.23,0.23,400281.0,256920539.0,0.0015579953302215,372.6,0.2628402581673962
2021-12-30,CRST,369.0,373.6000061035156,366.7999877929688,372.7999877929688,187743,359.1600036621094,84.02368092686794,2.3987617899109464,55.96816782881668,119.55498273950816,,,0.23,152079.0,256920539.0,0.0005919300986675,369.0,0.2670302767767704
2021-12-31,CRST,372.0,373.2000122070313,369.3999938964844,371.7999877929688,55253,361.8400024414062,92.89942377735522,3.114417338029145,58.701291289375085,121.12760409771865,,,0.23,54849.0,256920539.0,0.0002134862405842,372.0,0.2597951543968671
2022-01-04,CRST,375.3999938964844,379.7999877929688,374.2000122070313,378.3999938964844,1071411,364.3000030517578,88.77552053125522,3.817270501727765,66.75823335126101,139.1377685669423,,,0.23,1092543.0,256920539.0,0.0042524548806119,375.4,0.2490819164127692
2022-01-05,CRST,370.3999938964844,378.1440124511719,367.1700134277344,376.7999877929688,329550,365.7800018310547,75.26317395662007,4.386782243244786,70.6395249549888,97.18264497546308,,,0.23,292967.0,256920539.0,0.0011403019826297,370.4,0.2543401235113779
2022-01-06,CRST,361.0,369.2000122070313,356.0,369.2000122070313,892832,367.4400024414063,49.73264475656516,4.682893641346498,60.74271018671571,22.331974413095782,-0.4083,,0.23,943878.0,256920539.0,0.0036738129371587,361.0,0.2719865948665523
2022-01-07,CRST,358.20001220703125,366.2000122070313,356.79998779296875,366.2000122070313,224582,367.64000244140624,42.246045157863215,4.736774920274014,58.35475709494577,5.88963846771115,-0.0617375,,0.23,214133.0,256920539.0,0.0008334600294451,358.2,0.2617800059470822
2022-01-10,CRST,351.6000061035156,366.0,348.3999938964844,366.0,512514,366.5800018310547,24.598967134847733,4.519911196732879,50.507625713609634,-32.161695469972685,-0.3207,,0.23,368600.0,256920539.0,0.0014346848307055,351.6,0.2530964704094088
2022-01-11,CRST,351.0,356.79998779296875,348.3999938964844,355.0,364026,364.8800018310547,22.994672478607093,4.124843566733001,46.91688624185056,-52.51661448121239,,,0.23,347518.0,256920539.0,0.0013526283315169,351.0,0.2520669835521016
2022-01-12,CRST,339.20001220703125,352.6000061035156,339.0,342.0,377445,362.0400024414063,0.4902261442973251,3.4411280121663443,46.5425645241996,-106.3003315826882,0.5822499999999999,,0.23,375028.0,256920539.0,0.0014597042395275,339.2,0.2804995624831519
2022-01-13,CRST,342.20001220703125,347.79998779296875,335.6000061035156,339.20001220703125,821187,359.0000030517578,14.932146691568652,2.652355250732466,39.457825511054814,-115.94144841624376,,,0.23,780315.0,256920539.0,0.0030371841933587,342.2,0.2824835382452424
2022-01-14,CRST,337.0,348.20001220703125,335.42999267578125,348.20001220703125,682306,355.8000030517578,3.5384437615378053,1.7500750270183374,30.79266647438104,-122.07405140555258,0.046514285714285716,,0.23,689704.0,256920539.0,0.0026845031646146,337.0,0.2801369531123769
2022-01-17,CRST,340.0,340.79998779296875,335.79998779296875,337.20001220703125,280459,352.6000030517578,10.299769725348645,0.8678240180992792,27.70700203612543,-125.2758881063582,0.148,,0.23,278405.0,256920539.0,0.0010836229796326,340.0,0.2826898616815492
2022-01-18,CRST,339.6000061035156,342.9630126953125,335.6000061035156,335.6000061035156,422089,349.02000427246094,9.39827335279342,0.0360163732378695,27.70700203612543,-111.40902120348854,0.038275,,0.23,430427.0,256920539.0,0.0016753312198212,339.6,0.2770308070341304
2022-01-19,CRST,347.6000061035156,354.20001220703125,331.79998779296875,335.79998779296875,1701734,346.74000549316406,32.91670481363932,-0.5930163780066107,31.003035989414386,-72.3883132448778,0.172025,0.21,0.21,1672655.0,256920539.0,0.0065103981429838,347.6,0.2684866364087945
2022-01-20,CRST,342.20001220703125,355.79998779296875,340.635986328125,350.79998779296875,330210,344.8600067138672,21.666717529296875,-1.146780962582387,30.177516662784257,-62.86861530753696,0.2023,0.204,0.204,299907.0,256920539.0,0.0011673142255084,342.2,0.2426154911173363
2022-01-21,CRST,329.79998779296875,339.6000061035156,327.20001220703125,339.6000061035156,537714,342.02000427246094,4.9429216591359,-1.8195610654640664,22.59739467075893,-127.7996115110796,0.0,0.384,0.384,513092.0,256920539.0,0.0019970843981453,329.8,0.2607350487014399
2022-01-24,CRST,311.3999938964844,328.6319885253906,310.0,325.0,565041,338.0000030517578,2.054463548778451,-2.821083553252352,15.217391304347828,-176.05124926271205,0.2023,0.31,0.31,,,,,0.3066056792522185
2022-01-25,CRST,306.3999938964844,318.0,302.6000061035156,318.0,487674,333.5400024414063,5.705686853935828,-4.0494961950621375,15.217391304347828,-180.3689622017633,0.0,,0.31,487718.0,256920539.0,0.0018983223447153,306.4,0.3062898979185142
2022-01-26,CRST,311.3999938964844,317.20001220703125,309.3999938964844,313.3999938964844,362849,330.76000061035154,13.83645746612957,-5.266722068551079,21.68949620568289,-145.76565253402083,0.0,,0.31,351415.0,256920539.0,0.0013677964454215,311.4,0.3090743904317936
2022-01-27,CRST,306.3999938964844,312.3999938964844,304.0,307.79998779296875,396892,327.17999877929685,5.993672174753104,-6.48089545555105,21.158124861727885,-150.2963498552017,,,0.31,379131.0,256920539.0,0.0014756741577597,306.4,0.3101567163228114
2022-01-28,CRST,306.79998779296875,311.3999938964844,300.1570129394531,303.20001220703125,1046387,324.1599975585938,11.727800085880055,-7.608353687185991,23.20573263172112,-138.33958655548528,0.4215,,0.31,990029.0,256920539.0,0.0038534443523022,306.8,0.3060566070408612
2022-01-31,CRST,321.0,323.0,310.0,310.0,1359725,322.25999755859374,37.458434088791314,-8.378463437477599,34.56790317263466,-81.86524743799664,0.148,,0.31,1260839.0,256920539.0,0.0049075056626749,321.0,0.3596267481221192
2022-02-01,CRST,321.3999938964844,330.6000061035156,318.79998779296875,323.0,1472242,320.43999633789065,38.17729194557807,-8.85874577503077,39.62703117024928,-51.16905502883285,0.0,,0.31,831297.0,256920539.0,0.0032356190876588,321.4,0.3602446835862899
2022-02-02,CRST,330.79998779296875,334.79998779296875,317.20001220703125,317.20001220703125,622446,318.75999450683594,55.07069838409178,-8.962030425251248,43.8177749974348,-27.69856471686048,,,0.31,616343.0,256920539.0,0.0023989635176656,330.8,0.3748174994502493
2022-02-03,CRST,334.79998779296875,337.6000061035156,329.79998779296875,331.0,564399,318.0199920654297,62.2593866426371,-8.739361932686965,48.79120208404876,7.510379573462572,-0.4404,,0.31,586333.0,256920539.0,0.0022821569746122,334.8,0.3788442200680199
2022-02-04,CRST,327.3999938964844,339.79998779296875,325.0,334.0,396303,317.7799926757813,48.96032433339604,-8.422208782358293,43.39622279368932,-1.487082290107024,-0.19935,,0.31,428658.0,256920539.0,0.0016684458224649,327.4,0.3810357463886489
2022-02-07,CRST,322.79998779296875,331.20001220703125,321.84100341796875,331.20001220703125,308120,318.9199920654297,40.69332186700115,-8.116654664541542,41.56625638502151,-23.70274577483264,0.0,,0.31,283204.0,256920539.0,0.0011023019066607,322.8,0.3828727358620754
2022-02-08,CRST,327.0,330.7380065917969,323.7799987792969,324.3999938964844,313968,320.97999267578126,48.24146647660928,-7.748880007777336,39.24843310742472,-6.710377904664136,,,0.31,323004.0,256920539.0,0.0012572136165415,327.0,0.3704462453497731
2022-02-09,CRST,333.20001220703125,336.6000061035156,325.79998779296875,327.0,471458,323.1599945068359,83.35146237050826,-7.244807239190974,45.34161667282704,27.049285073271623,0.4166,,0.31,372697.0,256920539.0,0.0014506313954136,333.2,0.3759178908981705
2022-02-10,CRST,329.20001220703125,340.20001220703125,328.2229919433594,334.6000061035156,287264,325.43999633789065,72.52953025197979,-6.729035064763478,49.65987783282321,35.91435878061123,0.4019,,0.31,311110.0,256920539.0,0.0012109191472621,329.2,0.3744948028372375
2022-02-11,CRST,329.0,329.0,322.20001220703125,322.20001220703125,262642,327.6599975585938,72.03003668084465,-6.220821804957005,62.57142745037517,1.3597880707332295,,,0.31,255726.0,256920539.0,0.0009953505507786,329.0,0.3727091413128759
2022-02-14,CRST,326.20001220703125,330.6000061035156,316.3190002441406,327.79998779296875,763511,328.17999877929685,65.0375839570652,-5.774481363936076,64.60177947139789,-10.81932952545656,0.296,,0.31,947046.0,256920539.0,0.0036861435978849,326.2,0.3735643263624875
2022-02-15,CRST,324.79998779296875,327.6000061035156,323.7200012207031,326.0,395306,328.51999816894534,61.54128138315669,-5.399494871277557,60.43612537297257,2.057807272151152,,,0.31,446759.0,256920539.0,0.0017388995124286,324.8,0.3614275553460978
2022-02-16,CRST,329.0,330.6000061035156,320.6000061035156,325.3999938964844,385229,328.3399993896484,72.03003668084465,-5.0095737798960975,67.82333321941397,22.002161265834594,,,0.31,604793.0,256920539.0,0.002354007983768,329.0,0.3626010928526361
2022-02-17,CRST,318.6000061035156,330.0,316.0,330.0,632492,326.7200012207031,28.47682989185464,-4.785240275861563,58.03815359643568,-14.035013614080366,,,0.31,911983.0,256920539.0,0.0035496694952831,318.6,0.357090763352454
2022-02-18,CRST,315.0,326.20001220703125,313.0,326.20001220703125,347459,325.48000183105466,7.35293787656094,-4.722983260857093,45.22293365056039,-40.99334301480872,0.25,,0.31,346383.0,256920539.0,0.0013482106232075,315.0,0.2972581003448177
2022-02-21,CRST,309.6000061035156,317.20001220703125,306.3999938964844,311.20001220703125,366099,324.1600036621094,9.467486607936914,-4.840965379397711,41.29795037251224,-101.29558889426816,,,0.31,313320.0,256920539.0,0.0012195210286399,309.6,0.3039767201353421
2022-02-22,CRST,310.79998779296875,315.20001220703125,302.8999938964844,305.79998779296875,1080915,322.5400024414063,21.17959790451521,-5.035554531084525,33.221486819589,-115.47026462803828,,,0.31,1000315.0,256920539.0,0.0038934800771222,310.8,0.2982952250145652
2022-02-23,CRST,304.20001220703125,315.79998779296875,303.6000061035156,304.20001220703125,347473,319.64000244140624,3.485302070694385,-5.361780510570506,25.401953713380134,-124.66809963275394,,,0.31,370272.0,256920539.0,0.0014411926794221,304.2,0.3022750536385049
2022-02-24,CRST,287.6000061035156,300.0,287.6000061035156,296.0,629884,315.48000183105466,0.0,-6.006035418445397,22.12886961903476,-230.8095239931519,-0.12040000000000001,,0.31,606446.0,256920539.0,0.0023604418796583,287.6,0.3541791537433174
2022-02-25,CRST,296.3999938964844,297.6860046386719,288.79998779296875,296.6000061035156,827577,312.2200012207031,16.730012874239165,-6.661764155281199,32.53968798604588,-188.78538397359844,,0.272,0.272,,,,,0.3285054502367039
2022-02-28,CRST,308.6000061035156,308.6000061035156,290.6000061035156,301.20001220703125,803515,310.4600006103516,39.92394973999142,-7.080482504453239,38.99521976487595,-111.13124436637528,0.09866666666666667,,0.272,728720.0,256920539.0,0.002836363347346,308.6,0.3651083450714468
2022-03-01,CRST,286.20001220703125,309.3999938964844,286.20001220703125,305.79998779296875,655017,306.6000030517578,0.0,-7.669938394667891,26.452902931461423,-139.13170058484542,,,0.272,626919.0,256920539.0,0.0024401279961505,286.2,0.4244529379072229
2022-03-02,CRST,292.0,301.20001220703125,284.79998779296875,286.0,449282,302.90000305175784,15.720544385400876,-8.225492257227469,31.692902979309324,-124.15425376197254,,,0.272,409635.0,256920539.0,0.0015944034742975,292.0,0.4302477837268205
2022-03-03,CRST,280.6000061035156,298.3999938964844,278.79998779296875,293.79998779296875,470157,299.1000030517578,3.4749375951096484,-8.893806617961738,28.546093870266148,-137.27946513133554,0.11315,,0.272,446005.0,256920539.0,0.0017359647528997,280.6,0.4424437388407007
2022-03-04,CRST,269.0,281.79998779296875,266.6000061035156,281.0,679495,294.5000030517578,3.749990463256836,-9.762563469426034,26.480253416413447,-173.12985159364527,-0.4767,,0.272,653253.0,256920539.0,0.002542626613437,269.0,0.4582807255444823
2022-03-07,CRST,266.6000061035156,274.20001220703125,247.0,261.0,789865,290.2000030517578,23.444981665726683,-10.727451765159373,26.26427089465581,-180.4924003126209,,,0.272,750522.0,256920539.0,0.002921222269427,266.6,0.4510735165713623
2022-03-08,CRST,275.0,277.79998779296875,260.3999938964844,260.3999938964844,512648,286.62000427246096,33.734939759036145,-11.54354531976809,28.70661230619642,-126.89008232124168,,0.049,0.049,466233.0,256920539.0,0.0018146972671577,275.0,0.4636952149977416
2022-03-09,CRST,288.0,290.3999938964844,280.0,281.0,941234,285.0000030517578,51.7676687887683,-11.989878758399508,38.17618934303922,-63.659601480990894,,,0.049,961229.0,256920539.0,0.0037413474366095,288.0,0.5048554209238352
2022-03-10,CRST,281.6000061035156,291.3999938964844,278.20001220703125,289.3999938964844,730753,284.40000305175784,49.28774941160207,-12.255836989132828,37.36761953744834,-65.57798939165343,0.0,,0.049,690261.0,256920539.0,0.0026866711501021,281.6,0.508042941484194
2022-03-11,CRST,289.0,293.6000061035156,283.20001220703125,286.6000061035156,649984,283.6600036621094,61.04652245925592,-12.248801451790095,42.32488141457927,-41.19021734397133,0.064,,0.049,629177.0,256920539.0,0.0024489167057212,289.0,0.5214816090590828
2022-03-14,CRST,295.79998779296875,298.6000061035156,288.6000061035156,288.6000061035156,576629,282.3800018310547,70.93022740035433,-11.93462019395824,44.635190322386286,-12.200080916597804,,,0.049,534002.0,256920539.0,0.002078471429643,295.8,0.5277166665795414
2022-03-15,CRST,287.3999938964844,296.3999938964844,285.0,296.3999938964844,298584,282.5,64.74358629506295,-11.551211432712275,44.06778784326631,-28.673956074508936,0.0,,0.049,287307.0,256920539.0,0.0011182718248929,287.4,0.5256685578941884
2022-03-16,CRST,299.0,303.20001220703125,286.8800048828125,290.0,982016,283.2,83.33334148439667,-10.933112264429177,54.17276664744609,15.686380461407202,,,0.049,948908.0,256920539.0,0.0036933909748648,299.0,0.5484459499011358
2022-03-17,CRST,287.3999938964844,296.3999938964844,282.79998779296875,293.3999938964844,612434,283.8799987792969,64.74358629506295,-10.360468023543175,46.77187863545671,-21.39790335832151,0.11333333333333334,0.278,0.278,539210.0,256920539.0,0.0020987422885641,287.4,0.5611163985869134
2022-03-18,CRST,295.3999938964844,296.20001220703125,283.0,288.0,740989,286.51999816894534,77.56410036958552,-9.695084077930186,45.11833691779573,5.942232206412234,0.24463333333333334,,0.278,690126.0,256920539.0,0.0026861456958098,295.4,0.5673224631346131
2022-03-21,CRST,289.0,295.3999938964844,286.20001220703125,287.79998779296875,403492,288.75999755859374,74.73307985286404,-9.086464314987603,51.174492005005696,4.187276887184127,0.0,,0.278,353794.0,256920539.0,0.0013770561177282,289.0,0.5372261273820901
2022-03-22,CRST,293.6000061035156,295.79998779296875,287.79998779296875,295.79998779296875,310987,290.6199981689453,82.9181423161425,-8.451227794762847,50.677968863269065,33.18788848037836,0.13448181818181817,,0.278,300848.0,256920539.0,0.0011709768365385,293.6,0.5288857307280939
2022-03-23,CRST,291.79998779296875,296.0,289.3999938964844,290.0,1784707,290.9999969482422,79.71526345569684,-7.842064737994806,55.16604350556904,43.37859119992332,,,0.278,1742513.0,256920539.0,0.0067823032241108,291.8,0.5293421682449936
2022-03-24,CRST,283.6000061035156,292.6000061035156,279.3999938964844,288.79998779296875,662069,291.1999969482422,65.12455187498439,-7.394129623892152,56.95238587948344,-25.3005596089362,0.0,,0.278,621472.0,256920539.0,0.0024189268885194,283.6,0.5143622338326501
2022-03-25,CRST,273.0,284.62799072265625,270.79998779296875,283.79998779296875,524478,289.59999694824216,29.439254002400048,-7.222994749010146,52.8268528850304,-99.82310233038474,0.19313333333333335,0.091,0.091,,,,,0.445355400230239
2022-03-28,CRST,271.0,278.6000061035156,268.3999938964844,276.0,393117,287.1199981689453,7.471277975528072,-7.249770240302398,48.12734060992873,-114.94123250655696,,,0.091,378309.0,256920539.0,0.0014724747249576,271.0,0.4375119349640589
2022-03-29,CRST,273.79998779296875,276.5199890136719,269.79998779296875,271.3999938964844,435329,285.75999755859374,15.517215675854382,-7.33799263668209,42.65009534376196,-93.3321282081618,-0.07690000000000001,,0.091,398784.0,256920539.0,0.0015521686259579,273.8,0.4126561320651037
2022-03-30,CRST,271.3999938964844,274.79998779296875,265.0,270.0,524423,282.9999969482422,16.753905369973587,-7.481669730317675,44.492432561407576,-101.9706602208998,0.0,,0.091,510341.0,256920539.0,0.0019863768073443,271.4,0.4126055931806358
2022-03-31,CRST,267.3999938964844,273.0,264.3999938964844,264.3999938964844,385120,280.9999969482422,7.731955114012202,-7.699338388309807,37.89237077496531,-102.31051235273254,,,0.091,379221.0,256920539.0,0.0014760244606212,267.4,0.4000334756658997
2022-04-01,CRST,269.6000061035156,274.9280090332031,266.79998779296875,273.0,719267,278.4199981689453,13.402086992360385,-7.899324715194708,34.515378369243194,-84.60647790755426,-0.2023,,0.091,587179.0,256920539.0,0.0022854498215107,269.6,0.4013971344007792
2022-04-04,CRST,276.6000061035156,285.6000061035156,268.0,272.79998779296875,538949,277.17999877929685,31.44331559172219,-7.9480594152122865,43.50962367283401,-48.95280405412157,,,0.091,466933.0,256920539.0,0.0018174218449697,276.6,0.3738068411060057
2022-04-05,CRST,269.0,279.20001220703125,267.6000061035156,274.0,437485,274.7199981689453,14.375019073486328,-8.00257619573239,31.06060897971892,-87.80191501709436,,,0.091,439803.0,256920539.0,0.0017118249934856,269.0,0.3780638089609821
2022-04-06,CRST,276.20001220703125,276.20001220703125,267.6000061035156,269.79998779296875,1596448,273.1600006103516,37.10695445302071,-7.924747733041729,42.51338305630207,-68.40442216135163,,0.52,0.52,1573942.0,256920539.0,0.0061261820721931,276.2,0.3665346576334827
2022-04-07,CRST,268.3999938964844,277.20001220703125,268.3999938964844,276.6000061035156,312015,271.63999938964844,12.658225403174791,-7.874430365962941,31.903494138255184,-74.8108503422025,,,0.52,303045.0,256920539.0,0.0011795281186141,268.4,0.3663915792578539
2022-04-08,CRST,273.20001220703125,274.0,267.0,268.0,197546,271.6600006103516,27.848153831741943,-7.749465231810169,39.17809960093074,-67.50954637905448,,,0.52,186921.0,256920539.0,0.0007275440131316,273.2,0.3386123728953841
2022-04-11,CRST,273.3999938964844,277.20001220703125,271.8340148925781,273.79998779296875,286578,271.9,28.481007157143285,-7.563410012374623,35.27696689244918,-43.18467429401715,,,0.52,270053.0,256920539.0,0.0010511148740817,273.4,0.3387451744692364
2022-04-12,CRST,271.6000061035156,279.3999938964844,268.6000061035156,279.3999938964844,400762,271.6800018310547,25.53194712885988,-7.360297245663098,35.27698258585292,-46.24829946292574,,,0.52,399684.0,256920539.0,0.0015556716545733,271.6,0.3135316236386513
2022-04-13,CRST,268.0,270.95001220703125,266.0,268.0,915945,271.3400024414062,16.981151087835872,-7.197801034193543,37.81250104308079,-82.74077777403292,,,0.52,907574.0,256920539.0,0.0035325085473217,268.0,0.2938728240434344
2022-04-14,CRST,268.20001220703125,271.79998779296875,265.6000061035156,271.79998779296875,1433747,271.4200042724609,17.924604351343493,-7.04968449012441,45.52240250608359,-78.05123825067666,,,0.52,1423627.0,256920539.0,0.0055411179096117,268.2,0.2874007390211087
2022-04-19,CRST,265.6000061035156,272.79998779296875,265.20001220703125,272.79998779296875,253381,271.02000427246094,5.660431679531066,-6.94375927889445,45.01845974188455,-83.04633870608134,,,0.52,252870.0,256920539.0,0.0009842342733058,265.6,0.2786112275044621
2022-04-20,CRST,262.3999938964844,269.6000061035156,260.20001220703125,265.79998779296875,335253,269.6000030517578,8.66134731535359,-6.905059646147427,39.56045798668072,-127.80985616184245,,,0.52,327786.0,256920539.0,0.0012758263752513,262.4,0.2797609104270385
2022-04-21,CRST,266.3999938964844,269.8720092773437,259.6000061035156,261.3999938964844,343355,269.3400024414062,26.15379920372596,-6.83096871081314,45.55160722081882,-117.0168429493086,,,0.52,377196.0,256920539.0,0.0014681426462366,266.4,0.2748586117997755
2022-04-22,CRST,262.6000061035156,270.79998779296875,258.79998779296875,260.0,339083,267.98000183105466,14.179163112927489,-6.783636588336198,45.71430128446167,-139.3625497425208,,0.631,0.631,320236.0,256920539.0,0.0012464398574222,262.6,0.2473664540326387
2022-04-25,CRST,256.0,264.20001220703125,254.1999969482422,260.20001220703125,222688,266.74000244140626,5.732492123988802,-6.8453955621305145,38.74172704072224,-223.6673037337221,,,0.631,214855.0,256920539.0,0.0008362702368454,256.0,0.2603539100683649
2022-04-26,CRST,256.0,261.79998779296875,253.1999969482422,257.3999938964844,318220,265.02000122070314,10.687035793512452,-6.956691172996496,30.71162461360157,-202.00900755472745,,0.645,0.645,,,,,0.2554109626586596
2022-04-27,CRST,249.1999969482422,257.79998779296875,247.1999969482422,256.0,430270,262.6000015258789,6.2111807128887975,-7.185835459267841,31.178722887029664,-230.46520609633723,,,0.645,410150.0,256920539.0,0.0015964079851163,249.2,0.2659753195668066
2022-04-28,CRST,250.0,254.0,247.8000030517578,254.0,318034,260.4400009155273,8.695662475553949,-7.447691336036421,21.64503465591463,-189.06632193432884,,,0.645,297246.0,256920539.0,0.0011569569375689,250.0,0.2636562741700255
2022-04-29,CRST,253.1999969482422,262.6000061035156,250.1999969482422,262.3999938964844,568447,258.9600006103516,18.633542138666392,-7.648294408810313,31.730782280300147,-114.2160317824568,,,0.645,519959.0,256920539.0,0.0020238125064808,253.2,0.2477132104761369
2022-05-03,CRST,255.0,258.0,251.0,252.8000030517578,533110,257.63999938964844,24.223614257775942,-7.753839458693128,26.424858381857064,-105.20503174810744,,,0.645,487279.0,256920539.0,0.0018966136452017,255.0,0.2348722992306159
2022-05-04,CRST,252.3999938964844,260.0,246.6000061035156,260.0,492925,256.3199981689453,17.68289619367504,-7.818080145780657,24.390262964564656,-106.06733896193596,,,0.645,448392.0,256920539.0,0.0017452555632385,252.4,0.2361806131634516
2022-05-05,CRST,251.6000061035156,257.6000061035156,251.0,254.6000061035156,1661164,255.23999938964843,19.08398280298327,-7.848008807416979,25.000019073471776,-90.53607545333124,,,0.645,1576815.0,256920539.0,0.0061373645179842,251.6,0.2082718822256873
2022-05-06,CRST,239.3999938964844,254.3999938964844,238.1999969482422,250.6000061035156,1641606,252.53999938964844,3.4682001900734054,-8.031619316176004,20.576147579380176,-149.51598889999917,,0.657,0.657,1741325.0,256920539.0,0.0067776792263385,239.4,0.2327111144557871
2022-05-09,CRST,233.0,244.0,229.3999938964844,244.0,873151,249.5799987792969,8.29494610552755,-8.385731942807386,17.883211272343132,-187.1510246226461,,,0.657,1267522.0,256920539.0,0.0049335175962712,233.0,0.2416745446761501
2022-05-10,CRST,237.1999969482422,239.6000061035156,233.8000030517578,235.1999969482422,556234,247.6999984741211,18.840589859169462,-8.742027547038484,24.822691006054555,-155.8457279924598,,,0.657,826270.0,256920539.0,0.0032160527267148,237.2,0.2585822230870809
2022-05-11,CRST,240.1999969482422,241.1999969482422,232.0,232.0,1041114,246.1199981689453,26.08696773908204,-9.013225698040111,30.24911196286412,-133.68116597942205,,,0.657,1041470.0,256920539.0,0.0040536657911962,240.2,0.2660078098597728
2022-05-12,CRST,244.1999969482422,244.8000030517578,233.0,238.6000061035156,532583,245.6199981689453,35.74880491229881,-9.13250913038834,30.24911196286412,-103.78007427785644,,,0.657,502359.0,256920539.0,0.0019553088357797,244.2,0.2766045449460571
2022-05-13,CRST,244.0,250.1999969482422,242.6000061035156,250.1999969482422,252079,245.0199981689453,41.95401845260175,-9.132698324408612,32.31938788475496,-61.1644014168991,,,0.657,234222.0,256920539.0,0.0009116515203947,244.0,0.2762006379398295
2022-05-16,CRST,241.0,246.656005859375,235.3999938964844,244.0,176653,243.79999847412108,34.939764573517,-9.085279620247544,34.69387755102041,-86.2451515756273,,,0.657,167441.0,256920539.0,0.0006517229048783,241.0,0.2762964044025631
2022-05-17,CRST,242.6000061035156,244.3999938964844,240.0,243.8000030517578,297404,242.55999908447265,39.75905829406801,-8.964272621729734,36.75890090895329,-68.21213827395134,,,0.657,318986.0,256920539.0,0.0012415745399008,242.6,0.2699214604465503
2022-05-18,CRST,244.3999938964844,246.1999969482422,241.3999938964844,244.1999969482422,975014,241.75999908447267,45.18070627944899,-8.75433614821544,44.73683770233376,-47.87506184379684,,,0.657,841142.0,256920539.0,0.0032739383284572,244.4,0.2728417059853018
2022-05-19,CRST,239.3999938964844,243.0,233.1999969482422,240.3999938964844,317861,240.53999786376957,30.120470852965997,-8.55948479633894,39.35742098212699,-84.50515244795521,,,0.657,294131.0,256920539.0,0.0011448325663056,239.4,0.2767426822663258
2022-05-20,CRST,243.1999969482422,248.8000030517578,239.1999969482422,239.3999938964844,574018,240.9199981689453,45.09804019343753,-8.304167309727193,40.07936387796116,-34.16718369649906,,0.304,0.304,540545.0,256920539.0,0.002103938447677,243.2,0.2743987206592043
2022-05-23,CRST,248.6000061035156,249.1999969482422,242.3999938964844,242.3999938964844,1234528,242.4799987792969,62.74512541625071,-7.91925411654732,44.07407972547743,2.369378798158835,,,0.564,1253059.0,256920539.0,0.0048772239264218,248.6,0.2879764443666343
2022-05-24,CRST,245.1999969482422,248.6000061035156,241.0,241.0,212678,243.27999877929688,56.02835536297505,-7.509486209082017,43.43066008459718,-11.102405575934588,,,0.564,206877.0,256920539.0,0.000805217834297,245.2,0.2763873000055385
2022-05-25,CRST,245.6000061035156,249.0,240.2429962158203,245.1999969482422,145569,243.81999969482425,64.800048828125,-7.082123008504952,44.485296592579296,-4.159563718469462,,0.497,0.497,,,,,0.2715245482504616
2022-05-26,CRST,251.0,251.1999969482422,244.8000030517578,249.0,460268,244.5,99.0825829346567,-6.563839164562968,62.184878798428215,54.54510488711361,,,0.497,709213.0,256920539.0,0.0027604371482343,251.0,0.2826050156046349
2022-05-27,CRST,256.20001220703125,258.3999938964844,252.0,255.6000061035156,302440,245.72000122070312,91.66673409819958,-5.917813843405102,75.0,134.75305541061493,,,0.497,222285.0,256920539.0,0.0008651896841925,256.2,0.2899459333235786
2022-05-30,CRST,261.3999938964844,271.6000061035156,259.20001220703125,259.20001220703125,480667,247.7600006103516,74.24239738658599,-5.12913778830464,75.52741801058265,218.4713874409784,,,0.497,468867.0,256920539.0,0.0018249494642388,261.4,0.2974373347734431
2022-05-31,CRST,261.0,263.0,255.6000061035156,261.6000061035156,708821,249.6,72.53884863362704,-4.287086045272975,73.21428753891757,155.64006707429652,,,0.497,638933.0,256920539.0,0.0024868895359121,261.0,0.2976288721473302
2022-06-01,CRST,262.3999938964844,266.0,259.3999938964844,263.79998779296875,283077,251.4,76.04164058964079,-3.423613977655518,71.5639789862595,163.77026162742183,,,0.497,251983.0,256920539.0,0.0009807818439926,262.4,0.2302013872378938
2022-06-06,CRST,268.79998779296875,271.20001220703125,264.20001220703125,264.79998779296875,350938,254.33999938964843,92.70828738809728,-2.482069424661561,75.6198253309802,183.70827160787488,,,0.497,311287.0,256920539.0,0.0012116080762231,268.8,0.2080876961491226
2022-06-07,CRST,269.6000061035156,275.0,266.0,275.0,277112,256.9800003051758,87.08135525780233,-1.522526908458105,80.9523793796346,161.5469527637863,,,0.497,272197.0,256920539.0,0.0010594598666944,269.6,0.2045821271187645
2022-06-08,CRST,267.79998779296875,270.3900146484375,262.79998779296875,262.79998779296875,291898,258.8999984741211,82.7750916713666,-0.6272525159137676,77.15513839451316,116.68918302129968,,,0.497,286758.0,256920539.0,0.0011161349774375,267.8,0.2083464129766524
2022-06-09,CRST,270.3999938964844,271.79998779296875,264.3999938964844,268.0,320110,261.4199981689453,88.99520151273725,0.2237193129969451,77.54234795050726,111.7134292935221,,,0.497,288650.0,256920539.0,0.0011234991220378,270.4,0.204860575242631
2022-06-10,CRST,262.3999938964844,271.6000061035156,262.3999938964844,270.20001220703125,279251,263.09999694824216,64.80445522504795,0.8741685746661889,72.90834703684904,79.48157670304364,,,0.497,277179.0,256920539.0,0.0010788510762076,262.4,0.2387010304063545
2022-06-13,CRST,255.0,259.54998779296875,251.18600463867188,257.6000061035156,387551,263.4999969482422,42.457640698294654,1.2447815631505843,60.9665387443953,9.23621749339078,,,0.497,335390.0,256920539.0,0.0013054230747974,255.0,0.2587192251070375
2022-06-14,CRST,283.6000061035156,287.0,258.79998779296875,263.0,1777790,266.2399963378906,92.72837517096258,1.8740297363654252,72.72726371972666,135.07395045997697,,1.22,1.22,1423773.0,256920539.0,0.0055416861786982,283.6,0.4664106073199557
2022-06-15,CRST,280.3999938964844,293.6000061035156,277.3999938964844,283.6000061035156,2120614,268.13999633789064,75.2609596474496,2.5770735850933164,72.91665466295873,157.96495752987107,,1.667,1.667,2027009.0,256920539.0,0.0078896339229616,280.4,0.4715383005301958
2022-06-16,CRST,262.0,280.6000061035156,260.20001220703125,280.3999938964844,1096714,268.2399963378906,35.24589318160428,2.9900815851257336,58.64978413968292,54.70824908830424,,2.364,2.364,1063461.0,256920539.0,0.0041392603492864,262.0,0.5303728865397559
2022-06-17,CRST,255.1999969482422,268.79998779296875,253.8000030517578,268.79998779296875,1376876,267.5199966430664,9.463837815202234,3.084345094356022,52.18294997355091,-2.231410867539029,,2.163,2.163,1250692.0,256920539.0,0.0048680109611633,255.2,0.5397369558573428
2022-06-20,CRST,253.6000061035156,256.20001220703125,251.6000061035156,255.1999969482422,1608936,265.99999847412107,5.691520209062744,2.941327517112641,48.596109107914565,-48.30149305210101,,,2.163,1815369.0,256920539.0,0.0070658772827811,253.6,0.5357100137523259
2022-06-21,CRST,249.1999969482422,256.2200012207031,249.1999969482422,254.6000061035156,1883116,263.9599975585937,0.0,2.580180512843197,43.35512391777743,-70.87324560874346,,,2.163,2107144.0,256920539.0,0.0082015396986225,249.2,0.5372487815501849
2022-06-22,CRST,244.6000061035156,249.8000030517578,239.3999938964844,249.8000030517578,600462,261.63999938964844,9.594116302351429,2.0219752116850924,41.458339227568544,-121.95685721273804,,1.479,1.479,,,,,0.5418168476279956
2022-06-23,CRST,244.1999969482422,246.1999969482422,239.0,243.6000061035156,551577,259.0199996948242,9.523802869881669,1.3585292290082551,40.42105885344229,-131.0768580498433,,,1.479,428789.0,256920539.0,0.0016689557077412,244.2,0.5357499372498113
2022-06-24,CRST,252.0,252.8000030517578,239.6000061035156,239.6000061035156,488421,257.9800003051758,23.80952114795267,0.7852474909290553,41.28631835070946,-96.38527607462404,,,1.479,467331.0,256920539.0,0.0018189709620685,252.0,0.543171977803365
2022-06-27,CRST,254.1999969482422,257.20001220703125,251.8000030517578,253.6000061035156,721694,257.9,27.83881913753757,0.3318412591448717,42.12678738788188,-52.05209697133066,,,1.479,698657.0,256920539.0,0.0027193505148298,254.2,0.5388934867381442
2022-06-28,CRST,256.79998779296875,258.7200012207031,253.1999969482422,255.8000030517578,269458,255.21999816894527,32.60070659922991,0.0180639782805813,44.42190703900586,-37.94035104863864,,,1.479,264527.0,256920539.0,0.0010296062783832,256.8,0.5403154255176651
2022-06-29,CRST,253.0,255.9010009765625,252.1999969482422,254.3999938964844,266108,252.4799987792969,25.64102277471826,-0.2524156149853285,41.28256712186178,-52.972256112502265,,,1.479,216960.0,256920539.0,0.0008444634315514,253.0,0.5422597243852445
2022-06-30,CRST,243.3999938964844,250.3999938964844,238.8000030517578,248.3999938964844,726425,250.6199981689453,8.394143409776706,-0.634165253550274,40.63116314415343,-111.68507450406744,,,1.479,725777.0,256920539.0,0.0028249084437737,243.4,0.5482244962106018
2022-07-01,CRST,247.0,248.3999938964844,240.8000030517578,241.0,569234,249.79999847412108,14.963497247431553,-1.0067634682795148,45.901639600557445,-92.458128917909,0.0,1.464,1.464,521374.0,256920539.0,0.002029320045915,247.0,0.5519738694955212
2022-07-04,CRST,245.6000061035156,254.6000061035156,245.6000061035156,250.0,126481,248.9999984741211,12.408764001956913,-1.3741350011022453,23.01136129651168,-64.7327361814375,0.0,,1.464,125948.0,256920539.0,0.0004902216089465,245.6,0.5497962497269275
2022-07-05,CRST,240.1999969482422,248.3999938964844,236.0,247.3999938964844,526612,248.0999984741211,9.41703222751604,-1.8019943887548255,22.31404819718226,-106.56216008879764,0.0,1.235,1.235,478998.0,256920539.0,0.0018643818896861,240.2,0.5382492620499142
2022-07-06,CRST,238.6000061035156,245.0,237.71800231933597,242.1999969482422,535244,247.4999984741211,7.926850826673117,-2.2667571056074776,29.032258946629227,-106.41701862028889,,,1.235,479473.0,256920539.0,0.0018662307103442,238.6,0.3261254367202642
2022-07-07,CRST,238.0,241.0,234.8000030517578,240.1999969482422,1032453,246.87999877929687,13.377914687287298,-2.7346928336542327,32.66129019853349,-115.55991013581796,,,1.235,1066841.0,256920539.0,0.0041524161678642,238.0,0.3265811397287215
2022-07-08,CRST,236.8000030517578,243.3999938964844,234.0,243.3999938964844,418372,245.35999908447263,11.326872627388044,-3.1929997118715647,32.926825107904776,-103.94846194638066,-0.4215,,1.235,433107.0,256920539.0,0.001685762460587,236.8,0.2454297590319185
2022-07-11,CRST,239.3999938964844,240.0,232.3999938964844,235.3999938964844,3650868,243.87999877929687,26.595737279901304,-3.572487382050042,39.66243937928248,-98.45955315594117,,,1.235,3622790.0,256920539.0,0.0141008189306344,239.4,0.2513772645280045
2022-07-12,CRST,244.0,245.6000061035156,234.8000030517578,238.6000061035156,2599929,242.6,44.07295925347903,-3.801146496715245,49.36708208778892,-64.27808807467858,0.24695,,1.235,2662980.0,256920539.0,0.0103649946024751,244.0,0.2510952147147727
2022-07-13,CRST,242.1999969482422,248.0,240.0,248.0,206158,241.5199996948242,37.23404378668312,-3.943336921835468,47.95081915954069,-42.1245160380379,0.296,,1.235,183847.0,256920539.0,0.000715579224283,242.2,0.251368446529595
2022-07-14,CRST,238.6000061035156,248.3999938964844,237.0,248.3999938964844,416758,241.04000091552732,23.55627082719774,-4.072324679351397,34.97757709456074,-58.3111725669708,,,1.235,479094.0,256920539.0,0.0018647555460717,238.6,0.2495261167283134
2022-07-15,CRST,248.3999938964844,249.8000030517578,239.1999969482422,239.1999969482422,490629,241.18000030517575,60.79025663977441,-4.020640775911932,44.44443794857434,3.494849291781246,0.0,,1.235,461239.0,256920539.0,0.0017952593505963,248.4,0.2846243171510462
2022-07-18,CRST,254.1999969482422,256.197998046875,252.1999969482422,255.3999938964844,240820,242.03999938964844,91.60433334658435,-3.7567252163543032,47.6534369609328,119.71527778086458,0.5267,,1.235,213831.0,256920539.0,0.0008322845687319,254.2,0.2954802905258341
2022-07-19,CRST,257.3999938964844,257.6000061035156,247.8000030517578,247.8000030517578,789051,243.75999908447267,99.20630115022148,-3.314005437043476,54.01459386551991,114.8485250813916,0.2714,,1.235,786829.0,256920539.0,0.0030625383360261,257.4,0.2974086800541904
2022-07-20,CRST,257.6000061035156,259.0,255.3999938964844,256.20001220703125,173699,245.65999908447264,94.73686625846548,-2.7716783725036,65.63878206614785,130.53176428108273,0.1806,,1.235,170027.0,256920539.0,0.0006617882737666,257.6,0.2767683204185418
2022-07-21,CRST,265.20001220703125,265.20001220703125,257.0,259.20001220703125,389178,248.38000030517577,100.0,-2.0677781978766965,68.4210672628509,158.98817273716384,,,1.235,347670.0,256920539.0,0.0013532199541275,265.2,0.2935353823084508
2022-07-22,CRST,266.0,267.3999938964844,261.0,266.20001220703125,296578,251.3,96.00001743861608,-1.2820305155434122,70.90163831908137,152.69882562852308,,,1.235,184280.0,256920539.0,0.0007172645702724,266.0,0.2920587471529095
2022-07-25,CRST,269.0,273.0,262.0,266.6000061035156,335815,254.2600006103516,90.1477847323436,-0.4353873381876105,81.034500335266,158.96371783939557,0.0,0.669,0.669,,,,,0.2429056950915554
2022-07-26,CRST,264.6000061035156,271.0,262.79998779296875,269.6000061035156,512373,256.32000122070315,79.310362971209,0.335834524330141,76.42277406128949,129.81001319358626,0.0,,0.669,492438.0,256920539.0,0.001916693783676,264.6,0.2541594337554715
2022-07-27,CRST,268.6000061035156,271.6000061035156,265.0,267.6000061035156,323224,258.96000213623046,89.16257823886541,1.0824072724485765,79.08747177412805,128.50966061577756,0.085425,,0.669,301859.0,256920539.0,0.0011749119053498,268.6,0.2543407717035001
2022-07-28,CRST,273.20001220703125,275.6000061035156,271.20001220703125,272.20001220703125,2172030,262.42000274658204,94.44446014278266,1.8453172417308217,82.50001702990315,138.1025141665569,,,0.669,2139268.0,256920539.0,0.008326574466668,273.2,0.2553345734684477
2022-07-29,CRST,275.6000061035156,280.6000061035156,273.0,273.0,403111,265.1400039672852,89.08297015974085,2.6125587131446166,82.43729401997535,135.6112074106125,,,0.669,380893.0,256920539.0,0.0014825323093378,275.6,0.2547460339254626
2022-08-01,CRST,280.3999938964844,280.79998779296875,275.2650146484375,276.0,165923,267.7600036621094,99.08677167131864,3.4129214724929806,82.50001226153361,129.79955132576316,,,0.669,139032.0,256920539.0,0.0005411478605063,280.4,0.235181162152463
2022-08-02,CRST,266.6000061035156,281.50299072265625,265.79998779296875,280.20001220703125,299205,268.6800048828125,66.5123975329739,3.964138191257233,67.94119528009435,80.38966952705064,-0.2904,,0.669,294970.0,256920539.0,0.0011480981674259,266.6,0.3074580777345013
2022-08-03,CRST,275.79998779296875,276.3999938964844,267.20001220703125,269.79998779296875,1266535,270.5000030517578,86.51867770848686,4.4680445691501625,75.27174555286823,81.78589196415052,0.0,,0.669,1249383.0,256920539.0,0.0048629160006549,275.8,0.3220125276142962
2022-08-04,CRST,277.6000061035156,278.20001220703125,273.0,275.79998779296875,180775,271.74000244140626,88.41946993764371,4.934416800430048,72.25611514807544,90.0253233971459,0.31845,,0.669,160893.0,256920539.0,0.0006262364255743,277.6,0.3185918211981852
2022-08-05,CRST,274.0,280.79998779296875,272.3999938964844,277.20001220703125,183830,272.5400024414063,77.737906217926,5.284132823930877,65.61514962402957,81.2287826571995,,0.052,0.052,172193.0,256920539.0,0.0006702188959676,274.0,0.3270222308070877
2022-08-08,CRST,275.20001220703125,280.0,272.1910095214844,276.20001220703125,565437,273.1600036621094,75.8534295598374,5.549500190897289,64.49513035828336,77.0562026952437,0.05135,,0.052,181596.0,256920539.0,0.0007068177604905,275.2,0.320815090477325
2022-08-09,CRST,273.0,277.7959899902344,270.6000061035156,275.79998779296875,235167,274.0000030517578,65.29815148322237,5.700340114838501,62.14510676580549,60.41980398784266,-0.1027,,0.052,212378.0,256920539.0,0.0008266291236451,273.0,0.3156031447968189
2022-08-10,CRST,281.20001220703125,281.3999938964844,268.20001220703125,268.20001220703125,276889,275.2600036621094,98.5222716055263,5.889323355592948,62.50000000000001,77.99055728747037,0.0,,0.052,299135.0,256920539.0,0.0011643094054072,281.2,0.3019091609582828
2022-08-11,CRST,277.79998779296875,285.3999938964844,275.0,281.6000061035156,179262,275.7200012207031,67.52133296642674,6.024638911634575,58.858844823241,94.41902741956476,,,0.052,172310.0,256920539.0,0.0006706742896876,277.8,0.3017198919438322
2022-08-12,CRST,277.79998779296875,279.79998779296875,273.0,273.0,141722,275.93999938964845,66.37166349112897,6.105491766829215,56.91822541345056,67.90360900128454,-0.31845,,0.052,134897.0,256920539.0,0.0005250533901456,277.8,0.3006181584942848
2022-08-15,CRST,276.79998779296875,281.6000061035156,271.3999938964844,276.6000061035156,222772,275.5799987792969,57.84309472270135,6.11809994927348,60.13286796594403,61.44056798671451,,,0.052,181152.0,256920539.0,0.0007050895997069,276.8,0.3016387249091158
2022-08-16,CRST,276.20001220703125,277.0,274.0,274.0,254050,276.5399993896484,53.0613325278356,6.063756103789747,56.69014406118987,46.71504682544492,,,0.052,150294.0,256920539.0,0.000584982425247,276.2,0.2863711520225235
2022-08-17,CRST,266.6000061035156,279.0,265.79998779296875,274.0,211557,275.6200012207031,4.0817248031538975,5.803313801183564,44.66019081875478,-43.00857318044636,0.3612,,0.052,190219.0,256920539.0,0.00074038066688,266.6,0.3148947255638362
2022-08-18,CRST,268.20001220703125,271.6000061035156,261.6000061035156,265.79998779296875,127173,274.6800018310547,27.73113230530929,5.439646031169287,43.93443426692061,-111.30042145682056,-0.296,,0.052,122000.0,256920539.0,0.000474854990087,268.2,0.313006464613528
2022-08-19,CRST,263.0,276.6000061035156,263.0,276.6000061035156,167736,273.5800018310547,5.882330313202834,4.934981392078576,35.8306365394489,-111.32206794265475,-0.09866666666666667,-0.027,-0.027,133966.0,256920539.0,0.0005214297016557,263.0,0.3152891432419607
2022-08-22,CRST,257.0,259.6000061035156,253.77999877929688,258.20001220703125,348413,271.76000061035154,10.18343364307747,4.261423684750804,41.04478164301652,-254.2823122431435,0.2139,,-0.027,514602.0,256920539.0,0.0020029617017112,257.0,0.3197032344954321
2022-08-23,CRST,249.3999938964844,257.79998779296875,249.1999969482422,257.0,1537514,269.4,0.5524778041504753,3.386349777067444,24.6154351769635,-260.6574928469211,,,-0.027,1532416.0,256920539.0,0.0059645523318787,249.4,0.3255485427083525
2022-08-24,CRST,246.6000061035156,250.3999938964844,243.8000030517578,250.3999938964844,156128,265.93999938964845,6.730778048026315,2.37845189320422,20.7547506601578,-246.11966493044,0.2947285714285714,,-0.027,144813.0,256920539.0,0.0005636489809792,246.6,0.3225796401366252
2022-08-25,CRST,239.3999938964844,248.1999969482422,239.0,247.6000061035156,127137,262.1,0.8620559247846833,1.219845224240059,19.434659839939272,-215.97204794813368,0.5104500000000001,,-0.027,117753.0,256920539.0,0.0004583245872763,239.4,0.321386581736901
2022-08-26,CRST,236.1999969482422,242.3999938964844,234.8000030517578,240.3999938964844,200156,257.9400009155273,2.7667868572950143,-0.0263210717976405,16.72356592897691,-193.70261144623225,0.0,,-0.027,182183.0,256920539.0,0.0007091025135985,236.2,0.28281027272885
2022-08-30,CRST,237.3999938964844,242.3470001220703,234.1999969482422,239.3999938964844,357384,254.0000015258789,6.249994412064219,-1.2428367078395877,19.09723657147944,-153.89855427672757,0.6808,,-0.027,331068.0,256920539.0,0.0012886007529355,237.4,0.2436426127841993
2022-08-31,CRST,234.3999938964844,240.6000061035156,232.8000030517578,236.8000030517578,486607,249.81999969482425,3.0418082190350235,-2.4220266963929085,5.343514784711388,-135.8644195349637,,,-0.027,302419.0,256920539.0,0.0011770915675994,234.4,0.2386042528246761
2022-09-01,CRST,222.6000061035156,234.8000030517578,220.8000030517578,232.0,273626,245.4199996948242,2.960531186528899,-3.6987482292386265,4.605269101849416,-151.6030333785613,0.7184,-0.102,-0.102,225939.0,256920539.0,0.000879411980371,222.6,0.2813271199733133
2022-09-02,CRST,220.3999938964844,224.4980010986328,208.8000030517578,217.8000030517578,746917,240.63999786376957,15.934052690189375,-4.99634250657423,4.444449288504472,-156.7327046174375,0.0,-0.132,-0.132,,,,,0.276041005703432
2022-09-05,CRST,221.3999938964844,222.1999969482422,214.1999969482422,214.1999969482422,1968287,236.479997253418,17.948705687290015,-6.211655288409946,6.03175087580604,-131.33253463457072,,,-0.132,2034809.0,256920539.0,0.0079199935042951,221.4,0.2813216081909989
2022-09-06,CRST,227.1999969482422,232.8000030517578,223.1999969482422,224.8000030517578,321150,233.4999969482422,26.21081865580496,-7.204993638575226,14.07624961489472,-90.20696820131224,0.46212,,-0.132,309218.0,256920539.0,0.0012035550026617,227.2,0.2742668877716811
2022-09-07,CRST,224.1999969482422,230.44000244140625,218.6000061035156,230.0,405950,230.979997253418,22.713854282171905,-8.03857188753994,15.584420088188836,-91.74110859115704,-0.017962499999999992,,-0.132,386794.0,256920539.0,0.0015055005002928,224.2,0.2743830597315895
2022-09-08,CRST,225.1999969482422,229.8000030517578,221.1999969482422,223.0,310613,228.83999633789065,24.18878046947106,-8.694042103584122,14.754094670006252,-80.5891553436746,,,-0.132,304403.0,256920539.0,0.0011848137995693,225.2,0.2770939382806239
2022-09-09,CRST,225.6000061035156,229.3999938964844,224.6000061035156,229.3999938964844,223575,227.45999755859376,33.070870162431,-9.17731943025472,16.725991305207202,-70.48919206462121,,,-0.132,203348.0,256920539.0,0.0007914820698706,225.6,0.279463441017993
2022-09-12,CRST,229.1999969482422,230.6000061035156,225.8000030517578,228.3999938964844,510223,226.7599975585937,41.63265356963911,-9.448982675023323,24.16356740257703,-57.988636983210775,-0.06055,,-0.132,490079.0,256920539.0,0.0019075119564496,229.2,0.2932865104144836
2022-09-13,CRST,224.6000061035156,236.8000030517578,224.3999938964844,230.6000061035156,685406,225.4799987792969,37.98078492548685,-9.62562330118301,25.59055733040813,-52.998058214883855,0.23835,-0.34,-0.34,642383.0,256920539.0,0.0025003178122711,224.6,0.280617433141092
2022-09-14,CRST,220.0,227.8000030517578,217.69700622558597,220.1999969482422,915770,224.03999938964844,28.42639259708503,-9.784897465586116,24.714826029518505,-79.0919504996908,,,-0.34,854559.0,256920539.0,0.0033261607006047,220.0,0.2783466073770297
2022-09-15,CRST,231.6000061035156,233.1999969482422,220.5030059814453,226.8000030517578,1461717,224.93999938964845,67.857170429367,-9.717564170263804,43.15790544476425,-41.50379943547976,0.11333333333333334,,-0.34,1429778.0,256920539.0,0.0055650591640709,231.6,0.3528288637744605
2022-09-16,CRST,235.6000061035156,237.6000061035156,226.1999969482422,228.0,1720471,226.4600006103516,79.88793451642366,-9.425761473682597,49.48097680532189,-7.260349315847766,,,-0.34,1625186.0,256920539.0,0.0063256367370457,235.6,0.3563216660063445
2022-09-20,CRST,218.6000061035156,237.1999969482422,218.6000061035156,230.6000061035156,747669,226.18000183105468,30.81761670213455,-9.258304338814188,37.22827022152194,-56.79197130223695,-0.009450000000000014,,-0.34,708373.0,256920539.0,0.00275716765486,218.6,0.4225978565689793
2022-09-21,CRST,219.3999938964844,227.8000030517578,214.3999938964844,219.8000030517578,2745660,225.4000015258789,36.80551986635845,-9.143698086415062,39.49579742139265,-88.1095687855246,0.17556666666666665,,-0.34,2692182.0,256920539.0,0.0104786562042826,219.4,0.4235648178862741
2022-09-22,CRST,211.3999938964844,215.3999938964844,207.3999938964844,214.0,631606,224.12000122070316,13.245027758858685,-9.175020582500984,41.7159680504461,-172.75518146599518,0.004900000000000002,,-0.34,599082.0,256920539.0,0.0023317793210763,211.4,0.4297009807438715
2022-09-23,CRST,209.1999969482422,218.8000030517578,207.6000061035156,211.8000030517578,3389096,222.52000122070316,5.9602725966406425,-9.310354352612222,41.71597746664792,-158.30168183477988,0.5431076923076923,,-0.34,3349149.0,256920539.0,0.0130357386491392,209.2,0.4291420334623409
2022-09-26,CRST,194.0,205.6000061035156,194.0,205.0,2558804,219.3600006103516,0.0,-9.725072847349072,33.25183497225437,-253.77182443363927,0.10362500000000001,-0.172,-0.172,2403438.0,256920539.0,0.0093547912103671,194.0,0.4889467337821955
2022-09-27,CRST,181.8000030517578,197.0,179.75100708007812,194.1000061035156,2518354,214.62000122070316,3.54197307865178,-10.465642463871538,24.26303666573591,-272.22641443131187,,,-0.172,2545311.0,256920539.0,0.0099069969645361,181.8,0.5048018357488879
2022-09-28,CRST,186.1000061035156,187.3000030517578,174.89999389648438,180.0,1214386,210.77000122070316,17.86285490670968,-11.279170014262617,28.71508528471115,-228.11212941610927,,,-0.172,1188329.0,256920539.0,0.0046252783238945,186.1,0.5183884245153656
2022-09-29,CRST,172.5,186.1000061035156,171.6999969482422,186.1000061035156,2331110,206.02000122070316,1.2139650085219975,-12.28705237004451,24.19196783847501,-202.51497570450263,,,-0.172,2291860.0,256920539.0,0.0089205012916464,172.5,0.5662990866224312
2022-09-30,CRST,183.1999969482422,185.3000030517578,172.947998046875,174.0,818931,201.18000030517575,17.450680428440805,-13.165200814240652,31.13878237826735,-149.00013811840753,0.23156666666666667,,-0.172,721153.0,256920539.0,0.0028069106611986,183.2,0.6220030955674387
2022-10-03,CRST,189.6000061035156,190.6999969482422,181.5,181.5,760785,196.5800003051758,27.16237734216012,-13.783885999624832,32.81250351832982,-101.98517169313178,0.03340000000000001,,-0.172,649033.0,256920539.0,0.0025262013014848,189.6,0.6292330849139628
2022-10-04,CRST,200.3999938964844,201.6000061035156,190.1000061035156,190.1000061035156,936310,194.75999908447267,43.55082391660876,-14.00378837933943,40.03294340044771,-54.16737490077221,,,-0.172,873974.0,256920539.0,0.0034017288123469,200.4,0.6698812664304561
2022-10-05,CRST,194.8000030517578,202.3999938964844,193.6999969482422,199.6999969482422,1691020,192.3,35.05311516586811,-14.019640892937044,39.70588180295589,-49.14608901360441,,,-0.172,1626580.0,256920539.0,0.0063310625391456,194.8,0.6738430614454174
2022-10-06,CRST,196.1999969482422,199.8000030517578,192.50100708007807,194.1000061035156,884325,190.78000030517575,37.1775365649391,-13.852478206162592,34.22459013071564,-46.56939906262394,,,-0.172,866066.0,256920539.0,0.0033709488675796,196.2,0.674982150806837
2022-10-07,CRST,191.0,200.0,189.3000030517578,200.0,1143931,188.9600006103516,29.465653514134065,-13.630758396026378,30.33508796008493,-51.3644082388716,0.0,,-0.172,1095737.0,256920539.0,0.0042648867399425,191.0,0.6734145495888751
2022-10-10,CRST,183.1999969482422,191.8999938964844,182.0,187.5,698884,187.88000030517577,20.499106504160128,-13.479843394266066,33.01342583501261,-74.36261415790024,,,-0.172,644316.0,256920539.0,0.0025078415392861,183.2,0.6822422072316146
2022-10-11,CRST,184.1999969482422,186.5,180.5,186.5,961273,188.11999969482423,26.539274692507902,-13.334540982704258,33.14176046414791,-76.03671529753491,0.0,,-0.172,939854.0,256920539.0,0.0036581505069939,184.2,0.6834977298090339
2022-10-12,CRST,172.10000610351562,184.5,171.1999969482422,184.5,1111090,186.71999969482425,1.890775293843849,-13.36302959724135,31.88940145308716,-102.2063588347456,0.0,,-0.172,1080050.0,256920539.0,0.0042038289511762,172.1,0.711840734939514
2022-10-13,CRST,186.1999969482422,191.8000030517578,170.5,171.89999389648438,1095335,188.08999938964843,44.72932825692492,-13.24353947339102,40.44850207818687,-68.61752088549052,0.0,0.273,0.273,1083861.0,256920539.0,0.0042186623312354,186.2,0.753000522629964
2022-10-14,CRST,186.0,192.0,183.5,187.8999938964844,713858,188.36999969482423,48.589350989525485,-13.010569142033724,46.20493226774639,-43.49735727920761,,0.513,0.513,663114.0,256920539.0,0.0025810081302997,186.0,0.7470527199176603
2022-10-17,CRST,195.1999969482422,198.1000061035156,184.75999450683597,185.8000030517578,758347,188.92999877929688,77.42947233279665,-12.542250007889129,56.5429681097155,-5.602851031298053,-0.4404,,0.627,594052.0,256920539.0,0.0023122012833703,195.2,0.7386062813410825
2022-10-18,CRST,194.8000030517578,197.9019927978516,189.6999969482422,197.1000061035156,769644,188.36999969482423,76.17557273086456,-11.928764210693412,54.41624415808856,15.043087750498652,,,0.627,713378.0,256920539.0,0.0027766483862156,194.8,0.7290774396349929
2022-10-19,CRST,190.3999938964844,197.6000061035156,188.0,196.0,537671,187.92999877929688,62.382437943593175,-11.29946221035847,60.02239779425811,11.728909927587363,,,0.627,505335.0,256920539.0,0.0019668921837346,190.4,0.73197814339008
2022-10-20,CRST,191.3999938964844,193.8000030517578,184.6999969482422,190.3999938964844,1532963,187.4499984741211,65.51723478162708,-10.651527795058422,55.15075441906061,4.014306307498468,-0.028711111111111118,0.586,0.586,,,,,0.73197814339008
2022-10-21,CRST,190.1000061035156,191.3000030517578,186.8000030517578,190.3000030517578,605915,187.35999908447263,61.44203715874597,-10.022344295296197,50.33557074471963,11.503135268429968,0.0,,0.586,555625.0,256920539.0,0.0021626336382549,190.1,0.644584182282533
2022-10-24,CRST,194.3999938964844,197.8000030517578,189.8999938964844,189.8999938964844,541679,188.4799987792969,74.92162529572879,-9.346449601052724,45.58823133422074,71.85851479421343,,,0.586,445427.0,256920539.0,0.0017337150300778,194.4,0.6441559515550775
2022-10-25,CRST,201.6000061035156,202.8000030517578,188.6000061035156,188.6000061035156,320158,190.21999969482425,96.2848395205434,-8.540534312928877,54.88506244816449,103.86179980046464,0.0,,0.586,290040.0,256920539.0,0.0011289093551216,201.6,0.587877149526835
2022-10-26,CRST,203.3999938964844,207.8000030517578,201.27999877929688,201.8000030517578,3949722,193.3499984741211,88.20372977136772,-7.647188687360097,55.14285832619258,159.1674991130786,,,0.586,3920574.0,256920539.0,0.0152598699008645,203.4,0.552888581268948
2022-10-27,CRST,204.8000030517578,207.5,201.0,201.0,541743,195.20999908447263,91.95710521568276,-6.706108255674966,60.422968315408085,148.6495281124845,,,0.586,495212.0,256920539.0,0.0019274908963195,204.8,0.5421553290211599
2022-10-28,CRST,203.3999938964844,205.8000030517578,198.5,201.8000030517578,425791,196.9499984741211,88.20372977136772,-5.791493314765907,66.88963731270657,118.2492142254236,,,0.586,369348.0,256920539.0,0.0014375962367103,203.4,0.5062460899261672
2022-10-31,CRST,202.0,209.8000030517578,199.2460021972656,201.0,1099789,197.62999877929687,80.15266553164064,-4.95054815748067,64.78406393486875,117.63963359992285,0.0,,0.586,899742.0,256920539.0,0.0035020244138597,202.0,0.4955599277787935
2022-11-01,CRST,203.3999938964844,207.6000061035156,201.1199951171875,207.3999938964844,1952897,198.48999786376956,83.71499069136287,-4.166242142488859,81.616168777724,112.0550045433872,0.5994,,0.586,1899362.0,256920539.0,0.00739279937444,203.4,0.4955270868997656
2022-11-02,CRST,198.3999938964844,207.8000030517578,196.5,207.8000030517578,1702807,199.28999786376957,56.653962614230586,-3.528827433099364,65.09901410796655,74.13015722680458,,,0.586,1588390.0,256920539.0,0.0061824173582323,198.4,0.494092530499384
2022-11-03,CRST,199.8999938964844,201.6000061035156,195.3000030517578,198.6999969482422,702163,200.13999786376957,60.55774204020295,-2.984921145187921,66.66666666666666,51.26150299892,,0.51,0.51,,,,,0.4673992119433663
2022-11-04,CRST,210.3999938964844,210.6000061035156,200.6000061035156,201.0,682710,202.1699966430664,99.22775236938276,-2.35381198407588,67.67442132796224,116.15459469291324,,,0.51,537378.0,256920539.0,0.0020916116792048,210.4,0.4176448127130568
2022-11-07,CRST,213.3999938964844,216.0,206.1999969482422,209.0,1378495,204.0699966430664,91.69327204468242,-1.6479014750238643,70.39473089815057,138.92267114935774,,0.266,0.266,,,,,0.3217776144007133
2022-11-08,CRST,215.8000030517578,216.3999938964844,205.6000061035156,211.3999938964844,529214,205.48999633789063,98.10728421928182,-0.8900652804168995,79.12845698262983,131.29330588844869,0.0,,0.266,447900.0,256920539.0,0.0017433405742621,215.8,0.3209679677168832
2022-11-09,CRST,215.8000030517578,220.6000061035156,210.1999969482422,216.0,421386,206.729997253418,85.79880882138505,-0.1373814588422598,78.63851455298365,146.175810077203,,,0.266,394741.0,256920539.0,0.0015364322429667,215.8,0.2810426448470833
2022-11-10,CRST,227.6000061035156,228.5,209.6000061035156,209.6000061035156,515326,209.0099975585937,97.74437585424374,0.7611913025410189,85.3107304045274,182.28339478076705,0.2294,,0.266,442259.0,256920539.0,0.0017213843693516,227.6,0.3296400206215404
2022-11-11,CRST,229.0,236.8000030517578,227.6000061035156,229.3999938964844,590014,211.5699981689453,83.81742002985278,1.724700932091614,84.46214909353088,224.77624620011952,,,0.266,568788.0,256920539.0,0.0022138673778821,229.0,0.3094223148883374
2022-11-14,CRST,226.0,229.8000030517578,221.8000030517578,228.6000061035156,1771243,213.96999816894527,73.97589626082454,2.626608775509458,76.52173249617867,153.15009544798025,0.0,,0.266,1692301.0,256920539.0,0.0065868653654038,226.0,0.3181009377255279
2022-11-15,CRST,229.6000061035156,232.8000030517578,219.0,219.0,1011630,216.58999938964843,82.65060976327183,3.4940757354264105,77.40586001119829,136.94207058889492,-0.12673333333333334,,0.266,987355.0,256920539.0,0.0038430364650605,229.6,0.3187811965767212
2022-11-16,CRST,221.1999969482422,232.0,217.1999969482422,232.0,1909426,218.86999969482423,62.4096238469503,4.152500819871742,64.96349308092113,98.09850213236057,,,0.266,1977199.0,256920539.0,0.0076957607503695,221.2,0.3543239113465261
2022-11-17,CRST,214.8000030517578,222.0,213.8000030517578,221.3999938964844,1380743,220.3600006103516,46.98795180722892,4.533814221599802,59.53177974372891,48.30026265749272,-0.006430769230769234,0.273,0.273,,,,,0.3533887084047471
2022-11-18,CRST,218.0,219.6000061035156,212.8000030517578,214.1999969482422,1945862,221.12000122070316,54.69878782708961,4.76217091319476,62.98701170022031,41.396643247914135,0.35263333333333335,,0.273,1966471.0,256920539.0,0.007654004649274,218.0,0.3552555316344707
2022-11-21,CRST,218.3999938964844,222.0,212.1999969482422,216.0,990431,221.62000122070316,55.66262854150979,4.878214185231674,62.376236377251615,40.90503194865149,0.0,0.307,0.307,984454.0,256920539.0,0.0038317450361568,218.4,0.3533059291219004
2022-11-22,CRST,217.6000061035156,223.6000061035156,216.6000061035156,223.6000061035156,303207,221.8000015258789,53.73494711266943,4.893896626792637,67.02128925959694,48.22870944838481,0.4939,,0.307,267205.0,256920539.0,0.001040029734641,217.6,0.3521981430769242
2022-11-23,CRST,224.1999969482422,224.6000061035156,214.0,214.0,396855,222.6400009155273,65.19335037091085,4.939997563509165,69.75610494377445,55.990467658368985,0.20095,,0.307,307658.0,256920539.0,0.001197483086395,224.2,0.3644013928174304
2022-11-24,CRST,227.6000061035156,229.1999969482422,224.8000030517578,229.1999969482422,229894,222.6400009155273,70.5128274098741,5.045733443010202,65.8088365228133,98.93737789953155,0.3182,,0.307,178044.0,256920539.0,0.0006929924742217,227.6,0.3483820148206556
2022-11-25,CRST,230.1999969482422,230.3999938964844,218.0,218.0,439317,222.7600006103516,78.84613221448578,5.213285588054932,65.55556277679523,84.53782815242353,0.18853333333333333,0.363,0.363,390717.0,256920539.0,0.0015207698128019,230.2,0.3487172457886019
2022-11-28,CRST,226.6000061035156,232.0,226.0,230.3999938964844,512937,222.82000122070312,62.50000701231194,5.341481726689047,59.78261740912792,94.13378554061192,0.0,,0.363,472729.0,256920539.0,0.0018399813492528,226.6,0.3136672658897199
2022-11-29,CRST,225.6000061035156,233.1999969482422,224.3999938964844,230.3999938964844,318676,222.4200012207031,58.823536011587706,5.410161296256058,58.7188691329989,82.66154631392207,0.5501999999999999,,0.363,285302.0,256920539.0,0.0011104678555886,225.6,0.3124889275555285
2022-11-30,CRST,230.1999969482422,231.3999938964844,221.8999938964844,224.6000061035156,657539,223.32000122070312,73.17071355290271,5.498996052201046,52.65305436088814,77.8406880104494,,,0.363,606576.0,256920539.0,0.0023609478726805,230.2,0.318250631436768
2022-12-01,CRST,232.6000061035156,235.8000030517578,228.6000061035156,229.0,332884,225.1000015258789,86.44069440403453,5.621564243819929,53.60000830078632,119.49402873911654,,0.329,0.329,,,,,0.318015522586097
2022-12-02,CRST,229.8000030517578,236.0,229.1999969482422,235.3999938964844,2516191,226.28000183105468,73.94959599476073,5.701365576856384,53.81526621239573,104.50098330004124,,,0.329,2544127.0,256920539.0,0.0099023885357799,229.8,0.2596715752410248
2022-12-05,CRST,230.1999969482422,234.1999969482422,228.8000030517578,234.1999969482422,366897,227.4600021362305,75.63024240314357,5.743565257308292,50.64376754885028,90.35974292381827,,,0.329,346526.0,256920539.0,0.0013487672155319,230.2,0.2588938200140787
2022-12-06,CRST,229.3999938964844,233.8000030517578,226.6000061035156,226.6000061035156,391337,228.6400009155273,72.26888547382701,5.734130444926565,60.512828939775055,70.75850345251972,,,0.329,364222.0,256920539.0,0.0014176445426186,229.4,0.254458974072189
2022-12-07,CRST,230.3999938964844,232.8000030517578,225.0,228.8000030517578,554204,229.2600006103516,76.47056560733499,5.695711893993509,73.2142995004103,59.1073661128877,,,0.329,525825.0,256920539.0,0.0020466444685451,230.4,0.2486244596485724
2022-12-08,CRST,225.8000030517578,230.8000030517578,225.8000030517578,227.6000061035156,475946,229.0800003051758,57.14287546072882,5.554769014314614,61.1428760762365,25.711624541063856,,,0.329,401237.0,256920539.0,0.0015617163250618,225.8,0.2214427323013179
2022-12-09,CRST,228.0,228.8000030517578,222.3999938964844,224.1999969482422,416384,228.8600006103516,63.63636363636363,5.379393554466809,63.04350169712761,12.52446759439032,,,0.329,422520.0,256920539.0,0.0016445551673079,228.0,0.1924834293988717
2022-12-12,CRST,224.6000061035156,228.0,222.0,223.0,441134,228.6600006103516,48.18184592507102,5.125124248921435,58.88325698767987,-12.607202891753037,,,0.329,432329.0,256920539.0,0.0016827342869617,224.6,0.2026342003385227
2022-12-13,CRST,229.0,234.25100708007807,220.0,220.0,557704,229.0,61.11111111111112,4.893253164429465,56.45162282700497,35.26198174678281,,,0.329,483437.0,256920539.0,0.001881659605268,229.0,0.2071352333725832
2022-12-14,CRST,225.6000061035156,229.0,222.0,224.8000030517578,2408843,228.54000091552732,42.22225613064237,4.622178285733922,47.31182442853299,-3.743059105848504,,,0.329,2377388.0,256920539.0,0.0092533979932215,225.6,0.216066691017229
2022-12-15,CRST,228.0,228.6000061035156,220.6000061035156,220.6000061035156,385968,228.0800003051758,50.0,4.368497043035352,47.02702747286509,-9.366931272864353,,,0.329,344026.0,256920539.0,0.0013390365804891,228.0,0.2183320090431225
2022-12-16,CRST,224.0,231.0,221.1999969482422,231.0,3552291,227.5,25.0,4.0652418321047525,46.52405260778672,-29.384654644219545,,,0.329,3405900.0,256920539.0,0.0132566279568641,224.0,0.2286288410086485
2022-12-19,CRST,223.3999938964844,226.3999938964844,220.0,220.0,169273,226.81999969482425,21.249961853027344,3.72797350215622,47.02700807891687,-98.78298756973363,,,0.329,135125.0,256920539.0,0.0005259408240615,223.4,0.2019855486161225
2022-12-20,CRST,225.8000030517578,227.0,219.6000061035156,222.8000030517578,587913,226.4600006103516,37.80487351017408,3.4168605099709755,43.678167471407306,-91.88298101158982,,,0.329,473102.0,256920539.0,0.0018414331600012,225.8,0.1981256257791851
2022-12-21,CRST,230.8000030517578,232.3999938964844,225.0,231.1999969482422,294209,226.5000015258789,68.29268973473889,3.210434597432898,47.59357743329885,62.17752994065333,,,0.329,244633.0,256920539.0,0.0009521737769668,230.8,0.2135922158534148
2022-12-22,CRST,229.6000061035156,234.0,225.0,225.0,355187,226.8800018310547,68.25472209030086,3.053983225421812,49.72067443899399,60.65504334958274,,,0.329,234715.0,256920539.0,0.0009135704016252,229.6,0.2107414230126636
2022-12-23,CRST,234.0,236.1999969482422,228.0,229.6000061035156,209624,227.4800018310547,86.74699902656226,3.000295053983145,54.77387647503328,142.24509240516636,,,0.329,159049.0,256920539.0,0.0006190591091668,234.0,0.2127890389284181
2022-12-28,CRST,237.8000030517578,240.0,234.3999938964844,234.3999938964844,361613,228.8000015258789,89.21569800753066,3.067619838462025,59.81310110487251,219.0176990476612,,,0.329,330550.0,256920539.0,0.0012865845653546,237.8,0.2175042560893398
2022-12-29,CRST,238.0,240.3999938964844,234.1999969482422,237.0,288564,229.7000015258789,88.46156103372488,3.2034630312224888,59.04763288780059,182.36237441418007,,,0.329,243722.0,256920539.0,0.0009486279335573,238.0,0.2072760590564535
2022-12-30,CRST,236.6000061035156,240.3999938964844,235.3999938964844,235.3999938964844,127106,230.8000015258789,81.73081719666537,3.345493685036699,63.91753955784875,154.40706619508254,,,0.329,102652.0,256920539.0,0.000399547659364,236.6,0.2063022996962198
2023-01-03,CRST,243.8000030517578,245.1999969482422,236.0,242.6000061035156,553883,232.3800018310547,94.53127188608832,3.5912037273516764,68.03654447434658,195.2017170960149,,,0.615,436369.0,256920539.0,0.0016984589931908,243.8,0.2251086179757299
2023-01-04,CRST,255.1999969482422,255.1999969482422,243.0,243.0,395675,235.5000015258789,100.0,4.06271264012251,79.5366863607268,255.76107614425632,0.7648,,0.615,338518.0,256920539.0,0.0013175980453629,255.2,0.2732015587759324
2023-01-05,CRST,256.3999938964844,258.20001220703125,251.3999938964844,251.3999938964844,359327,238.8000015258789,95.33674086548154,4.660916140652214,78.18930829299904,225.95117326405503,0.0,,0.615,278728.0,256920539.0,0.0010848801776801,256.4,0.2712499760905121
2023-01-06,CRST,258.20001220703125,263.6000061035156,252.3999938964844,261.20001220703125,247386,242.04000244140624,87.72728659889914,5.32526560848603,84.68085755693151,194.8316956696673,,,0.615,217224.0,256920539.0,0.000845490986612,258.2,0.2712378646662863
2023-01-09,CRST,250.3999938964844,261.6619873046875,249.1999969482422,259.79998779296875,1184246,244.0000015258789,69.99997225674716,5.859665696185695,71.37403001903272,134.18195688335786,,,0.615,1117388.0,256920539.0,0.0043491579316669,250.4,0.2861937091143258
2023-01-10,CRST,251.8000030517578,252.3999938964844,245.3999938964844,250.8000030517578,307882,246.22000122070312,73.18181124600497,6.293582859296743,77.91163083560198,93.84476377549991,,,0.615,230696.0,256920539.0,0.0008979274327304,251.8,0.285725021441555
2023-01-11,CRST,259.79998779296875,260.3999938964844,248.0,252.3999938964844,206358,248.8,91.36359474875712,6.755063353041995,81.81816969263684,118.98668278220153,-0.15293333333333334,,0.615,179674.0,256920539.0,0.0006993368482696,259.8,0.2903101479919184
2023-01-12,CRST,268.0,268.0,260.0,264.3999938964844,447393,251.81999969482425,100.0,7.325058688187685,83.49205295815774,148.81341255844643,,,0.615,395604.0,256920539.0,0.0015397912581835,268.0,0.2998953945524824
2023-01-13,CRST,267.0,269.79998779296875,257.59100341796875,266.0,309594,254.71999969482425,93.75002554485472,7.900539219888546,80.6779555814179,125.65989116328193,0.14049999999999999,,0.615,252779.0,256920539.0,0.0009838800781902,267.0,0.2910996155428137
2023-01-16,CRST,265.6000061035156,273.79998779296875,265.6000061035156,273.79998779296875,539347,257.61999969482423,82.09610507644722,8.408947114160966,80.4053991358166,125.66117263743784,0.4215,,0.615,458899.0,256920539.0,0.0017861514761963,265.6,0.2950695137888039
2023-01-17,CRST,248.6000061035156,273.3999938964844,248.6000061035156,273.20001220703125,1069393,258.1,36.36366789006733,8.558272834130827,60.16713257674128,61.10673752397455,-0.08971578947368421,-1.421,-1.421,937890.0,256920539.0,0.0036505061201043,248.6,0.3814855619682771
2023-01-18,CRST,247.3999938964844,255.0,241.3999938964844,248.8000030517578,535159,257.3199996948242,33.333333333333336,8.436053373984766,56.93640681679516,10.469290798432445,0.09866666666666667,-2.25,-2.25,484195.0,256920539.0,0.001884609933813,247.4,0.3821721474005005
2023-01-19,CRST,244.0,252.6000061035156,240.3999938964844,252.6000061035156,1396816,256.08000030517576,22.395852787630208,8.07656921276089,54.14364501155789,-9.092401376918518,,-0.543,-0.543,1230944.0,256920539.0,0.0047911467288335,244.0,0.3874730928021807
2023-01-20,CRST,241.1999969482422,246.6009979248047,235.07200622558597,239.0,668152,254.37999877929687,15.823160605450504,7.524136338914073,53.11652354494176,-47.0703730854604,0.327875,-1.988,-1.988,612177.0,256920539.0,0.0023827483874304,241.2,0.3851585420860656
2023-01-23,CRST,243.6000061035156,248.8000030517578,240.8500061035156,246.0,1818792,253.7,22.020253916646343,6.900868109796975,49.85507477133393,-31.308312576441043,0.0,-2.571,-2.571,1796125.0,256920539.0,0.0069909747464759,243.6,0.3849020292143466
2023-01-24,CRST,244.6000061035156,246.6000061035156,242.6000061035156,243.8000030517578,465178,252.9800003051758,24.60236627966764,6.266100344407676,40.95564721815075,-38.588932830605465,0.0,-4.317,-4.317,,,,,0.3803749358642622
2023-01-25,CRST,245.0,247.8000030517578,242.0,242.0,199049,251.5000015258789,25.635195464913004,5.649500426448766,40.13842191519288,-43.80429220384655,-0.148,,-4.317,178542.0,256920539.0,0.0006949308167222,245.0,0.3768817107313267
2023-01-26,CRST,245.0,248.0,238.8000030517578,238.8000030517578,386717,249.2000015258789,25.635195464913004,5.063734595623667,38.21428123785768,-57.17356123207076,,,-4.317,351622.0,256920539.0,0.0013686021420031,245.0,0.3758849195697121
2023-01-27,CRST,244.8000030517578,247.0,237.75999450683597,242.0,699494,246.9800018310547,25.11878087229032,4.513269676109015,44.214886585288575,-68.52840213179407,-0.0258,-5.094,-5.094,1167238.0,256920539.0,0.0045431867944197,244.8,0.3606083073598485
2023-01-30,CRST,237.8000030517578,245.6000061035156,230.5189971923828,241.1999969482422,975341,244.2000015258789,16.822641437593226,3.8918193983792064,37.037037037037045,-116.57628962086244,-0.1998,,-5.094,1344420.0,256920539.0,0.0052328241456787,237.8,0.3301851140589172
2023-01-31,CRST,243.6000061035156,243.8000030517578,235.3999938964844,236.6000061035156,646068,243.7000015258789,30.223450825905363,3.342119741373143,34.36295756467456,-88.81107626281522,-0.2997,,-5.094,580324.0,256920539.0,0.0022587684202234,243.6,0.3436472303858316
2023-02-01,CRST,244.0,247.6000061035156,239.47999572753903,242.1999969482422,377502,243.3600021362305,31.14762998847508,2.8649724498239126,22.727272727272734,-58.3182189009454,0.6908,,-5.094,358138.0,256920539.0,0.0013939640691786,244.0,0.3422335145209307
2023-02-02,CRST,250.0,252.1320037841797,237.1999969482422,237.1999969482422,3157567,243.9600021362305,45.01052895807208,2.5475090688306663,32.65306122448979,-31.02374223730069,,,-5.094,3252851.0,256920539.0,0.0126609223717999,250.0,0.3388623742503714
2023-02-03,CRST,241.3999938964844,250.8000030517578,236.3999938964844,249.0,953531,243.9800018310547,25.374868917309463,2.203760061335546,28.46974470585296,-58.68804262743076,,,-5.094,1395989.0,256920539.0,0.0054335437930869,241.4,0.3594386965024224
2023-02-06,CRST,245.0,246.1999969482422,236.0,236.0,457639,244.12000122070316,59.152000109699216,1.913968803236766,45.79438719231984,-58.7487465031912,,,-5.094,431938.0,256920539.0,0.001681212415641,245.0,0.3431295135067191
2023-02-07,CRST,240.6000061035156,244.6000061035156,238.6000061035156,241.6000061035156,324138,243.72000122070312,45.65465713865169,1.5986268988511223,42.60870892068615,-64.67602620325144,,,-5.094,325915.0,256920539.0,0.0012685439679853,240.6,0.3219106692297128
2023-02-08,CRST,243.0,247.5449981689453,240.0,246.3999938964844,863521,243.52000122070316,57.747647254011845,1.3184479949179486,48.88888888888889,-40.43022580708232,,,-5.094,842459.0,256920539.0,0.0032790644269977,243.0,0.3263736343218265
2023-02-09,CRST,249.0,249.6000061035156,239.8000030517578,243.0,1157305,243.9200012207031,85.50870851365758,1.167717505617198,58.09128998507361,-5.269987875981663,,,-5.094,1112220.0,256920539.0,0.0043290427629065,249.0,0.3423664293568273
2023-02-10,CRST,247.1999969482422,250.0,244.33999633789065,247.6000061035156,320148,244.1600006103516,77.18037601575793,1.074644854287755,53.7815037154838,26.004138360642653,,-9.965,-9.965,316253.0,256920539.0,0.001230937009672,247.2,0.256801264725672
2023-02-13,CRST,234.1999969482422,243.95199584960935,229.6000061035156,240.3999938964844,1367479,243.8,20.415370664954693,0.8127333005501047,41.27515876439633,-194.76406802894175,,-6.886,-6.886,,,,,0.3144897505884593
2023-02-14,CRST,237.8000030517578,241.3999938964844,234.1999969482422,236.6000061035156,2813134,243.21999969482425,36.39267615973107,0.5143102413942623,44.26751863187954,-143.37790140242643,,,-6.886,2765770.0,256920539.0,0.0107650793928935,237.8,0.3180199458594241
2023-02-15,CRST,237.8000030517578,241.6000061035156,235.4239959716797,236.6000061035156,1073798,242.6,36.39267615973107,0.2074740907949712,44.26751863187954,-114.03218168205431,,,-6.886,1042850.0,256920539.0,0.0040590371017398,237.8,0.3156289386781071
2023-02-16,CRST,236.0,244.6000061035156,234.0,244.3999938964844,515221,241.2,28.40402341234288,-0.1177412373228689,43.167700465274535,-101.31058303157448,,,-6.886,392685.0,256920539.0,0.0015284297687075,236.0,0.3164490614678354
2023-02-17,CRST,237.0,239.1999969482422,233.0,236.0,663861,240.7600006103516,32.84215630305481,-0.4212051809018315,49.31506598772034,-127.6600318201285,,,-6.886,711727.0,256920539.0,0.0027702222748333,237.0,0.3164798668752379
2023-02-20,CRST,238.3999938964844,240.1999969482422,235.8000030517578,238.1999969482422,323999,240.1,39.05551526183806,-0.671831599906894,45.18517388237847,-78.22542224302785,,,-6.886,290339.0,256920539.0,0.0011300731390727,238.4,0.3173826678948624
2023-02-21,CRST,233.3999938964844,244.3999938964844,233.3999938964844,244.3999938964844,3396218,239.37999877929687,16.86485080827843,-0.954443070775556,40.95562713356127,-90.8392715284416,,,-6.886,3371660.0,256920539.0,0.0131233571793183,233.4,0.3249955931598264
2023-02-22,CRST,234.8000030517578,239.0,231.0,231.0,844407,238.55999908447265,24.52829102257653,-1.2177754949771402,35.925932728539166,-120.17567154504358,,,-6.886,692519.0,256920539.0,0.0026954598596727,234.8,0.3262342853016226
2023-02-23,CRST,236.3999938964844,238.0,230.8000030517578,230.8000030517578,805714,237.29999847412108,33.33328346799468,-1.4269173892684257,44.680851063829785,-104.19495834820368,,,-6.886,777167.0,256920539.0,0.0030249313777128,236.4,0.3276980468271832
2023-02-24,CRST,236.3999938964844,239.6000061035156,233.8500061035156,235.6000061035156,520302,236.21999816894527,33.33328346799468,-1.5878779122017594,40.09215747353795,-67.00772183396396,,,-6.886,449793.0,256920539.0,0.0017507086111165,236.4,0.3117154312696287
2023-02-27,CRST,242.6000061035156,243.3999938964844,236.6000061035156,236.8000030517578,445562,237.05999908447265,63.72550926223733,-1.6076647997793694,52.21238878303764,13.580143181607218,,,-6.886,475844.0,256920539.0,0.0018521057205161,242.6,0.3136917550709412
2023-02-28,CRST,244.1999969482422,245.3999938964844,239.5200042724609,240.0,575386,237.6999984741211,71.56860398493868,-1.5087384136248416,51.35134763603947,53.128521529782326,,,-6.886,555091.0,256920539.0,0.0021605551746098,244.2,0.3145309360114676
2023-03-01,CRST,237.1999969482422,244.6000061035156,236.0,243.0,3068082,237.63999786376957,37.25486822834935,-1.4488329236334905,37.00440454604272,-16.173402152862764,-0.06574999999999998,,-6.886,2659855.0,256920539.0,0.0103528313086716,237.2,0.3166260709092358
2023-03-02,CRST,231.3999938964844,242.1999969482422,228.1999969482422,242.1999969482422,1250238,237.179997253418,18.604636720992104,-1.5057587980942069,34.00809704093834,-115.82488627957596,0.0,,-6.886,1482714.0,256920539.0,0.0057710995227205,231.4,0.3050628135632769
2023-03-03,CRST,233.0,234.3999938964844,229.9199981689453,231.8000030517578,792976,236.779997253418,27.906999438440977,-1.603969068199411,48.4210572810696,-133.8469825025264,,-5.059,-5.059,,,,,0.2948143256433393
2023-03-06,CRST,232.0,233.6000061035156,227.3999938964844,230.0,604228,236.13999786376957,25.555589463975693,-1.7352058990376344,41.807907412795394,-149.4380828496111,0.0,,-5.059,545927.0,256920539.0,0.002124886558797,232.0,0.2918238447696699
2023-03-07,CRST,232.0,236.6000061035156,229.5,236.6000061035156,530375,235.9999984741211,25.555589463975693,-1.876308601541419,41.807907412795394,-104.61326234386812,,,-5.059,469058.0,256920539.0,0.001825692884756,232.0,0.2743395382298466
2023-03-08,CRST,233.1999969482422,234.1999969482422,230.8000030517578,231.6000061035156,381743,235.83999786376955,32.22223917643229,-1.992776467147668,45.977007462336445,-95.63045056755152,0.18883333333333333,-3.541,-3.541,,,,,0.2031705043004815
2023-03-09,CRST,229.8000030517578,237.6000061035156,228.1999969482422,237.6000061035156,535631,235.17999877929688,13.33338419596354,-2.137401232474659,40.322583953084965,-107.56120571079992,0.04074999999999998,,-3.541,514232.0,256920539.0,0.0020015215677248,229.8,0.2095331626684455
2023-03-10,CRST,227.0,231.0,222.1999969482422,225.8000030517578,2379299,234.23999938964843,20.68967104808821,-2.331893571478037,35.23317086283299,-201.91656382232927,0.0,,-3.541,2287280.0,256920539.0,0.008902674768248,227.0,0.2039700113806966
2023-03-13,CRST,223.1999969482422,230.0,220.0,227.0,875581,232.29999847412108,12.5984162094035,-2.6027583019452405,36.3636437816166,-203.71929606902023,-0.12062500000000001,,-3.541,814212.0,256920539.0,0.0031691199277765,223.2,0.2100925680769315
2023-03-14,CRST,221.3999938964844,224.3999938964844,220.0,220.6000061035156,1123562,230.0199981689453,5.511788318493056,-2.9300783758020006,32.275121595988466,-201.83531701489625,0.05013333333333333,,-3.541,1649349.0,256920539.0,0.0064196852708611,221.4,0.2102402108463924
2023-03-15,CRST,219.1999969482422,227.1999969482422,216.4010009765625,227.1999969482422,948666,228.21999816894527,9.652045432780596,-3.3040463311295607,27.604175979890183,-180.947866477206,-0.3818,,-3.541,906395.0,256920539.0,0.0035279195798355,219.2,0.2096950719308858
2023-03-16,CRST,210.8000030517578,224.3999938964844,206.3999938964844,221.1999969482422,1111748,226.15999908447264,11.282074757111378,-3.8141346633829287,22.64958421432729,-223.63588723793453,0.39624,,-3.541,1045303.0,256920539.0,0.0040685848008438,210.8,0.239197970078108
2023-03-17,CRST,208.6000061035156,212.6000061035156,206.6000061035156,212.3999938964844,2916784,223.71999969482425,5.641056941105769,-4.4092074195384825,10.280362503297752,-211.7962707058383,0.0,,-3.541,2853358.0,256920539.0,0.0111059941377438,208.6,0.2333160106079145
2023-03-20,CRST,207.3999938964844,209.8000030517578,202.8000030517578,204.0,612014,221.25999908447267,11.004761982985356,-5.035448087286523,6.603779356518288,-185.8571945147852,,,-3.541,508093.0,256920539.0,0.0019776270203138,207.4,0.2293313648250899
2023-03-21,CRST,207.3999938964844,213.1999969482422,204.6000061035156,213.1999969482422,390029,218.79999847412108,11.675105475427536,-5.636918822823604,7.909611094947138,-143.20937881982195,-0.1591,,-3.541,363796.0,256920539.0,0.0014159864424073,207.4,0.2254911947756903
2023-03-22,CRST,207.6000061035156,209.6000061035156,203.69900512695312,204.6000061035156,915766,216.23999938964843,13.793111008119164,-6.1752953987084656,10.067159112205289,-131.04096748223014,0.3818,,-3.541,1065163.0,256920539.0,0.0041458849656235,207.6,0.2258813112178623
2023-03-23,CRST,206.8000030517578,211.0,205.3999938964844,209.8000030517578,405316,213.93999938964845,11.494251865584111,-6.644592022032386,4.827615236682107,-109.59604843423548,,,-3.541,283113.0,256920539.0,0.0011019477115451,206.8,0.1908075909914365
2023-03-24,CRST,210.3999938964844,211.1999969482422,201.8000030517578,202.6000061035156,2823021,212.27999877929688,24.02231874755188,-6.973409244271797,15.8227817539685,-96.73286905029624,-0.6249,,-3.541,2774759.0,256920539.0,0.0108000668642533,210.4,0.2050196309055796
2023-03-27,CRST,214.1999969482422,214.1999969482422,210.1999969482422,212.1999969482422,605538,211.37999877929687,34.63685150684791,-7.120418917756056,24.85875925387127,-58.96113188832184,,,-3.541,493624.0,256920539.0,0.0019213099969403,214.2,0.2076349150675543
2023-03-28,CRST,214.1999969482422,218.0,212.8000030517578,218.0,611443,210.65999908447264,34.63685150684791,-7.129539776845872,22.22223213696141,-39.28272318954445,,,-3.541,543993.0,256920539.0,0.0021173589395279,214.2,0.1950176130336312
2023-03-29,CRST,219.3999938964844,221.1999969482422,212.1999969482422,212.1999969482422,548638,210.67999877929688,60.27394754842968,-6.95254389033551,35.555548962254434,-15.648711717536406,,-3.869,-3.869,,,,,0.216231886247616
2023-03-30,CRST,223.6000061035156,226.1999969482422,221.8000030517578,226.1999969482422,542575,211.95999908447263,77.30498372666203,-6.585317054560497,45.454556581511255,35.784308433609795,0.0,,-3.869,1392202.0,256920539.0,0.0054188038271241,223.6,0.2298250732933408
2023-03-31,CRST,218.3999938964844,224.1999969482422,218.3999938964844,218.6000061035156,396237,212.93999786376952,65.35431036865003,-6.186061670796215,43.81443440869687,14.137117768117278,0.3182,,-3.869,352462.0,256920539.0,0.0013718716353775,218.4,0.2419902958365432
2023-04-03,CRST,222.6000061035156,222.6000061035156,215.6000061035156,219.1999969482422,427368,214.45999908447263,81.88979547210344,-5.706553012979539,51.456323983754594,19.34043339844782,,,-3.869,361670.0,256920539.0,0.001407711510367,222.6,0.2531041980579882
2023-04-04,CRST,220.1999969482422,223.3999938964844,216.0,216.0,370181,215.73999938964843,75.40982991448823,-5.227164149668413,51.20772786612384,23.46136680320613,0.0,,-3.869,272626.0,256920539.0,0.0010611296436677,220.2,0.2547481557480405
2023-04-05,CRST,216.1999969482422,222.6000061035156,214.6000061035156,222.6000061035156,419219,216.5999984741211,59.016383190813706,-4.824884626973836,57.29727701172368,11.774724616258489,,,-3.869,360632.0,256920539.0,0.0014036713506972,216.2,0.2572636656102806
2023-04-06,CRST,220.3999938964844,220.8000030517578,215.5059967041016,216.1999969482422,334405,217.95999755859376,76.22948974346467,-4.414018516078371,65.12816580252496,33.84749911709827,,,-3.869,280478.0,256920539.0,0.00109169162221,220.4,0.2664714976566817
2023-04-11,CRST,222.8000030517578,226.8000030517578,215.3999938964844,215.3999938964844,652958,219.1999984741211,84.0,-3.970957593085717,69.15421261535647,72.75597718621377,0.0,-2.26,-2.26,,,,,0.2601912094478357
2023-04-12,CRST,230.3999938964844,230.3999938964844,222.1999969482422,225.0,827008,220.8199981689453,100.0,-3.4006395405111407,74.05855282983211,141.3535830024132,,,-2.26,726474.0,256920539.0,0.0028276213448236,230.4,0.2841495330115721
2023-04-13,CRST,239.0,241.22999572753903,232.69700622558597,234.6000061035156,1436978,223.29999847412108,94.344417596332,-2.6354973792392777,77.93591639275985,223.74602021789505,-0.05938000000000001,-2.581,-2.581,,,,,0.2594977817691498
2023-04-14,CRST,246.0,250.8000030517578,233.6000061035156,233.6000061035156,1124772,225.95999908447263,90.20407540457587,-1.670665514122995,81.4102339948487,234.4901568486805,,,-2.581,1129720.0,256920539.0,0.0043971572082059,246.0,0.2664619213250378
2023-04-17,CRST,250.0,251.3999938964844,244.9199981689453,246.6000061035156,1292427,228.5999984741211,96.60195631023194,-0.5636246434826948,81.52864276578457,223.59337165968012,,,-2.581,1831877.0,256920539.0,0.0071301306120955,250.0,0.2656676631680628
2023-04-18,CRST,272.20001220703125,276.3999938964844,250.6000061035156,255.8000030517578,3738407,233.9800003051758,93.4579721353583,0.9299900085526608,85.71426960720109,259.29573087184906,0.360675,,-2.581,4626252.0,256920539.0,0.0180065479311484,272.2,0.3845302298292945
2023-04-19,CRST,267.6000061035156,275.20001220703125,262.0,273.0,825637,238.4800003051758,86.29285325346157,2.5120938233314094,81.11886321039347,205.0581162099983,0.296,,-2.581,747478.0,256920539.0,0.0029093742481989,267.6,0.3951639041491934
2023-04-20,CRST,253.0,270.20001220703125,253.0,267.6000061035156,1343066,241.7600006103516,62.13592472724292,3.828064294444247,67.64704845238813,132.01134977799802,,,-2.581,1253837.0,256920539.0,0.0048802521000471,253.0,0.4620463108401999
2023-04-21,CRST,247.0,257.20001220703125,245.6000061035156,252.0,1746543,244.84000091552736,52.42718494544858,4.803790766381781,62.06184493430545,81.28201595326877,-0.128,,-2.581,1576527.0,256920539.0,0.0061362435488273,247.0,0.4755678787688569
2023-04-24,CRST,243.0,251.1999969482422,243.0,247.0,2174511,247.1000015258789,45.95469175758569,5.440343222606146,62.83924507577785,56.01330498605677,-0.4019,,-2.581,2072406.0,256920539.0,0.0080663305785762,243.0,0.482411247994387
2023-04-25,CRST,252.3999938964844,252.8000030517578,241.0,251.0,829054,250.06000061035155,61.16504087282266,5.968510614986645,64.75246474692023,60.61837693138325,,,-2.581,1012778.0,256920539.0,0.0039419892389374,252.4,0.4919656213871017
2023-04-26,CRST,270.0,275.79998779296875,247.3999938964844,250.8000030517578,2179832,254.02000122070316,89.6440207756602,6.668251316832235,71.4285676767186,112.0076724835478,0.6377,,-2.581,2700552.0,256920539.0,0.0105112343704058,270.0,0.5380159762311809
2023-04-27,CRST,261.3999938964844,274.0,256.79998779296875,268.0,1893772,256.26000061035154,75.40983606557377,7.2864429130801245,68.70860280941007,99.57384538421536,0.5994,,-2.581,1949844.0,256920539.0,0.0075892881417316,261.4,0.5578225524748842
2023-04-28,CRST,269.0,270.6000061035156,261.1960144042969,262.3999938964844,877725,258.56000061035155,87.86886246477971,7.925760866156414,69.56521311803296,100.81145301657688,,-1.581,-1.581,,,,,0.5462987379830109
2023-05-02,CRST,265.20001220703125,276.79998779296875,265.20001220703125,269.0,2421999,260.0800018310547,78.75461990657483,8.46611530878283,66.87898166552327,99.86880995411524,-0.4019,,-1.581,3140483.0,256920539.0,0.0122235575724056,265.2,0.5515201136229695
2023-05-03,CRST,259.20001220703125,271.3999938964844,259.20001220703125,266.20001220703125,1119885,258.7800018310547,60.09345635952674,8.801092582490945,61.61290775104455,70.86117166725035,0.0,,-1.581,1006051.0,256920539.0,0.0039158060461643,259.2,0.5547477998823572
2023-05-04,CRST,257.79998779296875,264.0,254.8000030517578,260.20001220703125,2398466,257.8,56.01849987672871,8.947387321204758,58.04793661543478,47.83186197863351,,,-1.581,2352643.0,256920539.0,0.0091570841675682,257.8,0.5559619497162906
2023-05-05,CRST,258.6000061035156,261.79998779296875,250.0,250.0,800323,258.3600006103516,49.16204498531234,8.960121409750531,55.69620183309544,33.469633360110045,,,-1.581,850811.0,256920539.0,0.0033115725325486,258.6,0.5554460473200067
2023-05-09,CRST,256.0,263.0,252.0,263.0,2978995,259.26000061035154,41.899455627596765,8.82657122030856,52.747250904627606,27.911410923725487,,,-1.581,2798549.0,256920539.0,0.0108926635873202,256.0,0.5592604716810324
2023-05-10,CRST,255.8000030517578,259.0,254.6000061035156,257.0,952069,260.54000091552734,41.34080474369488,8.585025425288315,40.59633127858943,17.448267478796218,,,-1.581,926977.0,256920539.0,0.0036080299520156,255.8,0.5509319679612036
2023-05-11,CRST,255.6000061035156,258.79998779296875,252.3999938964844,258.79998779296875,440792,260.8600021362305,40.78215385979299,8.265694462606428,42.75362746167614,1.626361439496668,0.0,,-1.581,427227.0,256920539.0,0.0016628760069664,255.6,0.5384775692978621
2023-05-12,CRST,263.0,265.0,257.6000061035156,264.0,1143528,260.16000213623045,61.45253492047526,8.013572511542817,56.61375341001477,44.84028416428336,-0.3108666666666667,-1.723,-1.723,,,,,0.5382679618853788
2023-05-15,CRST,263.0,265.3999938964844,261.79998779296875,264.3999938964844,802356,260.320002746582,61.45253492047526,7.798527963460275,61.49424682569123,53.03841374188398,0.4019,,-1.723,737915.0,256920539.0,0.0028721526230333,263.0,0.5363992920845048
2023-05-16,CRST,263.6000061035156,266.0,260.6000061035156,266.0,480768,259.7800033569336,63.128530194511264,7.609794128054302,65.55890695509908,46.78143694719269,0.0,,-1.723,495133.0,256920539.0,0.0019271834082521,263.6,0.4304459299383402
2023-05-17,CRST,262.3999938964844,264.6000061035156,259.20001220703125,259.20001220703125,1011716,259.50000152587893,51.02041875523548,7.410955323128375,58.6206805833692,25.56905324716317,,,-1.723,960602.0,256920539.0,0.0037389069933408,262.4,0.4267104162294288
2023-05-18,CRST,264.20001220703125,269.0,263.0,264.6000061035156,1247607,260.00000152587893,52.98514430949393,7.228033552381383,43.12798847565684,69.05538439793308,-0.3182,,-1.723,1221278.0,256920539.0,0.0047535242015041,264.2,0.3765211496637812
2023-05-19,CRST,265.20001220703125,265.79998779296875,262.0,265.79998779296875,441744,260.74000396728513,56.71648929265232,7.064157597187682,55.49134528455823,59.96584107653542,,-2.518,-2.518,417715.0,256920539.0,0.0016258528867557,265.2,0.363626892472967
2023-05-22,CRST,261.79998779296875,265.79998779296875,260.20001220703125,263.3999938964844,426370,261.0600021362305,44.02982525262417,6.850463790714175,38.15790794559052,34.13877073175616,,,-0.385,536093.0,256920539.0,0.0020866101327928,261.8,0.3373670195378928
2023-05-23,CRST,257.3999938964844,260.6000061035156,254.3999938964844,258.20001220703125,292642,261.2000015258789,34.57942059366689,6.530934377131463,37.419362460142686,-41.83412249631391,0.296,,-0.385,452193.0,256920539.0,0.0017600500207575,257.4,0.2297572845108474
2023-05-24,CRST,247.3999938964844,257.3999938964844,245.0,257.3999938964844,780415,260.3600006103516,9.999974568684896,5.98739003518463,33.14287507967248,-162.10143186822668,-0.06936666666666667,-4.906,-4.906,,,,,0.2426803270780617
2023-05-25,CRST,248.1999969482422,249.8000030517578,244.1999969482422,247.6000061035156,311451,259.61999969482423,16.12903027331072,5.331048077036688,36.04655340587453,-196.06508631660384,-0.4215,,-4.906,277052.0,256920539.0,0.0010783567599474,248.2,0.2134723643432397
2023-05-26,CRST,244.3999938964844,248.6000061035156,243.8000030517578,248.0,1075805,257.75999908447267,2.380916338834773,4.565635922063118,31.016054344056627,-182.49996328962388,,,-4.906,968709.0,256920539.0,0.0037704614966575,244.4,0.2142622917173212
2023-05-30,CRST,244.8000030517578,249.8000030517578,240.3999938964844,245.3999938964844,485385,255.93999938964845,15.384644112829651,3.767960755356661,34.09093963208173,-161.19516070509246,,,-6.676,418739.0,256920539.0,0.0016298385548692,244.8,0.2032798895049058
2023-05-31,CRST,242.3999938964844,252.1999969482422,240.3999938964844,252.1999969482422,1811698,253.8199981689453,6.993005500632226,2.945000519169713,32.08558287852844,-141.54428136269945,,,-6.676,1545273.0,256920539.0,0.0060145950417767,242.4,0.2037193387737867
2023-06-01,CRST,248.3999938964844,250.6000061035156,239.6000061035156,242.6000061035156,503570,252.4199981689453,29.93193748254841,2.238347270574772,41.66666666666667,-113.24247368548993,-0.47209999999999996,,-6.676,498784.0,256920539.0,0.0019413940276686,248.4,0.2244828472667532
2023-06-02,CRST,254.0,254.8000030517578,247.1999969482422,248.3999938964844,478054,251.39999694824215,48.979581244764525,1.725880100064206,39.13045721724491,-42.56740597084042,,,-6.676,388372.0,256920539.0,0.0015116424771318,254.0,0.2400774820582929
2023-06-05,CRST,251.3999938964844,256.20001220703125,251.0,251.8000030517578,434058,250.0199951171875,40.1360212335955,1.3165741684602466,36.818202310314575,-29.40304606606896,,,-6.676,437350.0,256920539.0,0.0017022772943816,251.4,0.2426897709651704
2023-06-06,CRST,252.6000061035156,252.6000061035156,248.3999938964844,251.6000061035156,1254266,249.0999969482422,44.217696254537415,1.0095289511741643,37.66818843673706,-43.46888018592818,-0.1531,,-6.676,1242609.0,256920539.0,0.004836549871943,252.6,0.2173386965108302
2023-06-07,CRST,249.3999938964844,252.6000061035156,248.6000061035156,250.3999938964844,298282,248.29999694824215,33.33329873289744,0.7293193396649569,36.05153137671972,-49.26622526541399,0.0,-3.783,-3.783,267643.0,256920539.0,0.0010417345419005,249.4,0.2204792643884437
2023-06-08,CRST,231.6000061035156,246.66400146484372,223.1999969482422,245.0,2469903,246.71999816894527,19.71833558812436,0.1949681412905725,23.96168439300554,-184.1167518975465,0.026123333333333335,-3.819,-3.819,1991433.0,256920539.0,0.007751163094049,231.6,0.3285556933533088
2023-06-09,CRST,229.0,230.9750061035156,225.0,225.0,684374,244.79999847412108,13.615033563970336,-0.5125884580894201,21.8068762394781,-196.32875722296436,0.02212500000000001,1.698,1.698,609032.0,256920539.0,0.0023705072485466,229.0,0.3274672069298792
2023-06-12,CRST,234.0,236.50999450683597,228.6000061035156,230.6000061035156,899518,243.75999908447267,28.87700643847303,-1.210675188598107,28.87540489097164,-140.41539939884305,0.0,-0.018,-0.018,,,,,0.3404843641599638
2023-06-13,CRST,223.8000030517578,235.6000061035156,223.8000030517578,233.6000061035156,564656,241.65999908447264,1.7544039679993717,-2.0262071492100158,26.536336243796057,-157.9871599892321,0.1092,,-0.018,545631.0,256920539.0,0.002123734451608,223.8,0.3634966366931859
2023-06-14,CRST,221.0,226.3999938964844,219.8000030517578,223.3999938964844,663105,239.5199996948242,3.296694083573708,-2.912654249189233,29.50312781215216,-169.87921520499904,0.7959,,-0.018,641224.0,256920539.0,0.0024958066898653,221.0,0.3624668416519878
2023-06-15,CRST,216.0,222.1999969482422,213.6000061035156,222.1999969482422,2204804,236.28000030517575,5.633787682218928,-3.870214114472835,26.53063221830817,-172.50268586055006,,3.026,3.026,2121470.0,256920539.0,0.0082573001296716,216.0,0.3658562784717913
2023-06-16,CRST,212.3999938964844,217.3999938964844,212.0,213.0,1327021,232.11999969482423,0.904963316776516,-4.870764206918419,26.608205920316166,-158.08309803145067,0.5106,,3.026,1132609.0,256920539.0,0.0044084019300613,212.4,0.3495352367794935
2023-06-19,CRST,210.6000061035156,213.8000030517578,208.8000030517578,213.8000030517578,607131,228.04000091552732,3.797474059258816,-5.863425548793426,25.50144663306675,-147.00455217183475,,,3.026,527900.0,256920539.0,0.0020547208956306,210.6,0.3484607458924991
2023-06-20,CRST,211.6000061035156,215.0,209.1999969482422,212.0,830421,223.94000091552732,5.907178293121281,-6.769787077975948,27.48539707638137,-124.78479336852708,0.2732,,3.026,860772.0,256920539.0,0.003350343274813,211.6,0.3491368520339952
2023-06-21,CRST,204.0,210.7899932861328,204.0,208.6000061035156,1222455,219.4000015258789,0.0,-7.680368531910614,18.285732471691688,-134.92415685872348,,,3.026,1137338.0,256920539.0,0.0044268083993082,204.0,0.3624934324854516
2023-06-22,CRST,200.6000061035156,207.8000030517578,193.8999938964844,203.8000030517578,697599,216.3000015258789,10.75443055832456,-8.58260057185057,10.61948416304665,-139.992425289104,,-0.087,-0.087,698806.0,256920539.0,0.0027199304606783,200.6,0.3619909982196236
2023-06-23,CRST,192.8000030517578,196.73199462890625,186.8000030517578,194.8999938964844,895362,212.68000183105468,9.118540610523135,-9.537185876800873,9.86302835897611,-153.60594303692048,0.4488666666666667,-1.042,-1.042,890931.0,256920539.0,0.0034677297637149,192.8,0.3737325547305832
2023-06-26,CRST,193.3000030517578,195.1000061035156,188.6000061035156,192.6999969482422,3825374,208.6100021362305,9.8784189947334,-10.444829871180664,8.990317739470655,-133.11308490112907,0.0,,-1.042,3763959.0,256920539.0,0.0146502845379753,193.3,0.3556142532263129
2023-06-27,CRST,191.6999969482422,195.1999969482422,189.8000030517578,192.3999938964844,1185354,205.4000015258789,8.18520985296108,-11.277193046360008,9.193776917357567,-117.75741396108224,,,-1.042,1094123.0,256920539.0,0.0042586046419589,191.7,0.3316787560942382
2023-06-28,CRST,191.6999969482422,194.3000030517578,187.0,187.1999969482422,905070,202.47000122070312,9.857161011408332,-11.993034805344232,12.287332467034233,-109.64676214570837,0.5859,,-1.042,852189.0,256920539.0,0.0033169360585842,191.7,0.3350930381710422
2023-06-29,CRST,187.6999969482422,193.1999969482422,184.6999969482422,191.6000061035156,415896,199.6400009155273,5.79038822884945,-12.634800701728713,11.970533397216045,-107.50853039898507,0.7269,,-1.042,375490.0,256920539.0,0.0014615024608834,187.7,0.3291121175445921
2023-06-30,CRST,188.3999938964844,191.3999938964844,186.8999938964844,188.0,2157481,197.24000091552733,7.269147903205934,-13.156529544731544,4.399993896484375,-98.20886523783996,,,-1.042,2045491.0,256920539.0,0.0079615705617058,188.4,0.335427741401671
2023-07-03,CRST,188.1999969482422,190.5,185.5,185.5,3164023,195.0,8.393285985953863,-13.548876042489804,5.499992370605469,-94.40379542903896,,,-1.042,3094889.0,256920539.0,0.0120460941427497,188.2,0.259335301900286
2023-07-04,CRST,188.5,190.3999938964844,185.6000061035156,189.0,399997,192.68999938964845,10.133341471354166,-13.803893738434985,6.666666666666657,-86.04675608118897,0.10115,,-1.042,363516.0,256920539.0,0.0014148966112826,188.5,0.2626296668876945
2023-07-05,CRST,186.5,189.0,185.3000030517578,188.1000061035156,650882,190.93999938964845,5.504597002277619,-13.95991491872484,7.246376811594203,-84.51000030716165,,,-1.042,560278.0,256920539.0,0.0021807442961965,186.5,0.2350017877809016
2023-07-06,CRST,179.10000610351562,186.3000030517578,178.1999969482422,186.3000030517578,576956,188.78999938964844,2.445676849557889,-14.13195322358401,6.52741722403097,-101.45876545148364,0.0,,-1.042,538065.0,256920539.0,0.0020942856577145,179.1,0.2515985735919704
2023-07-07,CRST,180.3000030517578,180.3999938964844,176.5,179.10000610351562,488875,187.53999938964844,9.87013779677354,-14.253657389146358,9.814316307032769,-103.82104804817776,,,-1.042,446216.0,256920539.0,0.0017367860184973,180.3,0.2336068452061518
2023-07-10,CRST,178.60000610351562,180.5399932861328,177.39999389648438,179.1999969482422,392683,186.06999969482425,6.124253469495098,-14.332068647891584,7.03124317030003,-99.53999660586253,,,-1.042,341081.0,256920539.0,0.0013275738924088,178.6,0.2335362309278058
2023-07-11,CRST,179.6999969482422,180.3999938964844,176.5,176.5,293110,184.86999969482423,10.223631425692384,-14.329018908604164,11.912195415950563,-96.25066688339663,0.0,,-1.042,253764.0,256920539.0,0.000987713948397,179.7,0.2381824046767925
2023-07-12,CRST,188.6000061035156,191.1999969482422,177.8000030517578,179.89999389648438,1621448,184.56000061035155,59.80629357338732,-14.100417685668,33.95721663322516,-52.41370701878167,0.13486666666666666,,-1.042,1577567.0,256920539.0,0.0061402914930051,188.6,0.3138624337538834
2023-07-13,CRST,182.6000061035156,188.6000061035156,181.1000061035156,188.6000061035156,2738664,184.0500015258789,32.620358818235154,-13.806017607890714,35.67415790536205,-62.352758135504914,0.21075,,-1.042,2624426.0,256920539.0,0.0102149326410995,182.6,0.3247390761670995
2023-07-14,CRST,189.1999969482422,191.0169982910156,183.0,183.1000061035156,736782,184.1300018310547,67.91443326645032,-13.349043315154102,45.08392337669466,-27.371569946766748,0.0,,-1.042,654552.0,256920539.0,0.0025476826514053,189.2,0.3594262366801578
2023-07-17,CRST,184.3000030517578,193.5240020751953,184.3000030517578,190.6000061035156,504826,183.74000244140623,43.82023435095723,-12.861877372455924,41.77777898341132,-23.76801497157603,,,-1.042,431390.0,256920539.0,0.0016790794604397,184.3,0.3647123165407068
2023-07-18,CRST,193.8000030517578,194.3999938964844,182.3999938964844,184.8000030517578,808959,184.27000274658204,96.64809469658869,-12.20044416040201,51.92661218295999,25.407562867206813,0.0,,-1.042,583895.0,256920539.0,0.0022726676593185,193.8,0.4018223584024785
2023-07-19,CRST,215.6000061035156,220.0,197.6000061035156,197.6000061035156,1962021,187.1800033569336,89.88507150233477,-11.088843425343438,69.29461947034888,303.1139575986937,0.1655,,-1.042,1700760.0,256920539.0,0.0066197899421345,215.6,0.5676965542571234
2023-07-20,CRST,220.6000061035156,223.3999938964844,213.0,215.6000061035156,1459577,191.3300033569336,94.0298759971083,-9.648312558443775,71.01829142941833,322.14827962980246,0.34,,-1.042,1769258.0,256920539.0,0.0068864015577983,220.6,0.5476237913291572
2023-07-21,CRST,222.8000030517578,223.1999969482422,216.0,216.3999938964844,1367116,195.5800033569336,98.72070165712422,-8.020039543364641,72.01018883630925,246.35499482329467,,,-1.042,1759030.0,256920539.0,0.0068465915837114,222.8,0.5470039404433937
2023-07-24,CRST,223.1999969482422,226.1999969482422,217.1999969482422,217.1999969482422,678976,200.04000244140624,93.9637823255317,-6.334789187610194,72.04575079381605,192.35883876818843,-0.296,-1.37,-1.37,770295.0,256920539.0,0.0029981838081072,223.2,0.5446773800264878
2023-07-25,CRST,223.1999969482422,225.0,220.0800018310547,221.6000061035156,223266,204.39000244140624,93.9637823255317,-4.687731880993143,73.9243891856319,152.56174660655122,-0.4019,,-1.37,191617.0,256920539.0,0.0007458220379959,223.2,0.5446773800264878
2023-07-26,CRST,222.1999969482422,226.6000061035156,218.1999969482422,218.3999938964844,1630242,207.7500015258789,91.21754766619743,-3.156224830066084,80.65434401398339,123.39691862354395,,,-1.37,1725903.0,256920539.0,0.0067176528848867,222.2,0.5361286743007424
2023-07-27,CRST,219.6000061035156,225.8000030517578,218.8000030517578,223.1999969482422,459388,211.4500015258789,86.02794581394512,-1.811714231718148,77.40587269992801,101.4608264347567,,,-1.37,428261.0,256920539.0,0.0016669005976201,219.6,0.5409148236322459
2023-07-28,CRST,218.6000061035156,226.0,217.1999969482422,220.8000030517578,474087,214.39000244140624,84.03193807308016,-0.6667160071355502,78.16902619225996,85.68086501341932,,,-1.37,414558.0,256920539.0,0.0016135650408237,218.6,0.5418510015276853
2023-07-31,CRST,213.3999938964844,218.1999969482422,212.3999938964844,213.0,447926,217.3000015258789,72.95079634927241,0.2117654507394645,72.43675170208664,55.8275503523584,,,-1.37,337283.0,256920539.0,0.0013127911116518,213.4,0.5532314149902249
2023-08-01,CRST,213.8000030517578,215.0,209.08799743652344,211.6000061035156,301531,219.3000015258789,71.86812516097184,0.8830471690371904,68.91891922852835,43.22510925711714,-0.6597,,-1.37,285035.0,256920539.0,0.001109428623766,213.8,0.5497911481801733
2023-08-02,CRST,212.0,215.0,209.1999969482422,209.1999969482422,443739,218.94000091552732,66.96832110559217,1.3585397672529946,73.55768972129721,36.90301263299726,,,-1.37,257624.0,256920539.0,0.0010027380489031,212.0,0.5249219054109798
2023-08-03,CRST,211.6000061035156,215.0,208.0,209.8000030517578,220616,218.04000091552732,66.06335778881565,1.6769113744166382,69.92883485020728,30.551123844103408,0.23835,,-1.37,141175.0,256920539.0,0.000549488960865,211.6,0.5262966246693167
2023-08-04,CRST,214.8000030517578,216.8000030517578,211.0,216.8000030517578,226248,217.24000091552733,73.30316788944079,1.9273450847350868,77.98165137614679,37.27378957637964,,,-1.37,198693.0,256920539.0,0.000773363627421,214.8,0.5223821742723539
2023-08-07,CRST,214.1999969482422,216.3999938964844,211.6499938964844,215.0,272481,216.34000091552736,57.24134774043642,2.108102932309151,72.36841136619014,32.43708882731462,,,-1.37,246410.0,256920539.0,0.0009590903123552,214.2,0.524165078948977
2023-08-08,CRST,212.8000030517578,216.0,211.6000061035156,216.0,209716,215.3000015258789,25.80645955191678,2.2085727959365267,44.44443771658249,24.283683095578212,,,-1.37,189507.0,256920539.0,0.0007376093820198,212.8,0.504532023513017
2023-08-09,CRST,208.1999969482422,217.0,205.8000030517578,217.0,356792,213.9000015258789,11.538430501727984,2.1750287154742987,24.99998461815808,-2.054104016375795,0.100475,,-1.37,293796.0,256920539.0,0.0011435286612099,208.2,0.4954754445787054
2023-08-10,CRST,210.3999938964844,212.8000030517578,205.1999969482422,208.6000061035156,240790,212.9800003051758,24.299040764479265,2.0893880632701047,24.99998461815808,-21.388798756240664,,,-1.37,227135.0,256920539.0,0.0008840671161755,210.4,0.483715449926057
2023-08-11,CRST,207.1999969482422,215.8000030517578,205.6000061035156,215.8000030517578,317552,211.83999938964843,9.34579039423988,1.9197674932783095,21.014499163531056,-36.69112359561044,,,-1.37,269129.0,256920539.0,0.0010475184313699,207.2,0.4758655857573857
2023-08-14,CRST,202.0,210.8000030517578,199.3000030517578,210.8000030517578,272423,210.7,9.890097605935388,1.619063275622121,17.682934488163042,-121.19442268184088,0.1468,,-1.37,245436.0,256920539.0,0.0009552992569426,202.0,0.4565417947584613
2023-08-15,CRST,200.3999938964844,201.8000030517578,197.5,199.1000061035156,279077,209.35999908447263,10.17541718064693,1.222744443488787,17.365273838082373,-194.87913817698768,0.0,,-1.37,254550.0,256920539.0,0.0009907732600545,200.4,0.1990948610472822
2023-08-16,CRST,196.6000061035156,201.6000061035156,196.4750061035156,201.3999938964844,257358,207.81999969482425,0.4233701129228145,0.7238584436371194,16.763011643424207,-185.8087041908836,,,-1.37,229199.0,256920539.0,0.0008921007284668,196.6,0.1791642255865815
2023-08-17,CRST,195.6999969482422,202.1999969482422,195.1000061035156,202.1999969482422,228477,206.2299987792969,2.597363993603196,0.170828818357523,16.81159561307797,-164.32807144630033,,-1.495,-1.495,,,,,0.1694854618553103
2023-08-18,CRST,194.0,194.8999938964844,190.0,192.0,348377,204.1499984741211,14.814814814814817,-0.4146580674743272,18.70968726373488,-180.11214935562285,-0.5994,,-1.495,333741.0,256920539.0,0.0012990047479232,194.0,0.1668187369244885
2023-08-21,CRST,177.0,184.1000061035156,165.10000610351562,171.3000030517578,2532326,200.42999877929688,22.928699992179503,-1.2600763270047874,11.344527174594234,-262.4947827791856,-0.2596081632653061,-3.359,-3.359,2188310.0,256920539.0,0.008517458388175,177.0,0.3293411884672428
2023-08-22,CRST,172.0,176.0030059814453,170.0,175.0,1229098,196.3499984741211,13.29478749120194,-2.300996424645585,10.62991179937211,-216.69498294776784,0.0505,-13.715,-13.715,998004.0,256920539.0,0.0038844850780886,172.0,0.3335787940967357
2023-08-23,CRST,173.5,174.2010040283203,170.10000610351562,170.10000610351562,609759,192.87999877929687,16.18496124149521,-3.3807104751296,13.294787491201944,-177.16025948055105,,-13.718,-13.718,563444.0,256920539.0,0.0021930671724147,173.5,0.3420002737056804
2023-08-24,CRST,171.3000030517578,175.6999969482422,170.39999389648438,171.3000030517578,452230,188.96999969482425,11.946045621138628,-4.455533772413193,7.269150082349512,-149.06846130813642,,-10.981,-10.981,452229.0,256920539.0,0.0017601901419022,171.3,0.3404761486384909
2023-08-25,CRST,170.0,173.1999969482422,169.39999389648438,170.1999969482422,492051,185.25,9.441222490810915,-5.48153335373611,7.170537993652218,-134.9782572987921,-0.6249,,-10.981,407931.0,256920539.0,0.0015877710734524,170.0,0.337485034853642
2023-08-29,CRST,182.6000061035156,183.0,170.906005859375,171.0,1214970,183.31000061035155,33.71869375342147,-6.209627320613543,25.95541761092568,-84.64359844948369,0.29802,-10.987,-10.987,1180291.0,256920539.0,0.004593992386105,182.6,0.4539401070822652
2023-08-30,CRST,180.5,185.1000061035156,178.39999389648438,178.39999389648438,736695,181.32000122070312,30.374743241514743,-6.73218330502557,27.031512813966017,-64.39257345834157,0.35875,,-10.987,676397.0,256920539.0,0.002632708940409,180.5,0.4465463477263056
2023-08-31,CRST,180.5,183.8000030517578,178.6999969482422,183.6999969482422,3742872,179.71000061035156,30.374743241514743,-7.083174808242187,24.26851053749276,-58.63985144167639,,,-10.987,3451270.0,256920539.0,0.0134332195216202,180.5,0.4471114458167902
2023-09-01,CRST,177.89999389648438,184.1999969482422,177.89999389648438,179.6999969482422,3308400,177.93000030517578,28.00872789437044,-7.333571054509846,24.521743237903564,-56.51116074154308,,,-10.987,3265862.0,256920539.0,0.0127115644888165,177.9,0.4476085945140413
2023-09-04,CRST,178.0,181.8999938964844,176.0,178.0,528256,176.3300003051758,34.77088161685624,-7.489479726750755,27.09924731107648,-56.158465065744736,0.0,-6.816,-6.816,452966.0,256920539.0,0.0017630587331128,178.0,0.4418359093732619
2023-09-05,CRST,175.5,180.0,173.39999389648438,173.39999389648438,314585,176.18000030517578,28.032335479572343,-7.600808428517254,26.64166478198261,-60.96267497878319,0.0,,-6.816,245925.0,256920539.0,0.0009572025691569,175.5,0.4416016712785202
2023-09-06,CRST,174.0,175.39999389648438,171.1999969482422,173.39999389648438,337182,176.38000030517577,23.98920779720201,-7.68496707797695,27.84314452936836,-69.1322071135787,,,-6.816,285099.0,256920539.0,0.0011096777280231,174.0,0.4369352923999386
2023-09-07,CRST,172.6999969482422,175.5,171.1999969482422,171.1999969482422,346498,176.3,25.50333542928419,-7.750909524501907,27.62646977098765,-67.03748709966183,,,-6.816,316323.0,256920539.0,0.0012312094674532,172.7,0.4369265899341178
2023-09-08,CRST,174.6999969482422,175.89999389648438,171.4600067138672,172.60000610351562,770891,176.63999938964844,47.99995422363281,-7.752402873359335,31.33462978862309,-58.90773469342608,,-2.818,-2.818,901372.0,256920539.0,0.0035083687879076,174.7,0.4393239324317715
2023-09-11,CRST,176.39999389648438,181.8000030517578,171.1999969482422,171.1999969482422,311395,177.27999877929688,44.58595259476965,-7.668630739838766,49.17581634466731,-39.36660491809424,0.12800000000000003,,-1.806,289477.0,256920539.0,0.00112671801611,176.4,0.4426543040337773
2023-09-12,CRST,177.1999969482422,180.0,174.0590057373047,176.39999389648438,244829,176.73999786376953,49.68150947210462,-7.505565385383447,58.07452253536411,-29.15884264346184,0.0,,-1.806,211752.0,256920539.0,0.0008241925726304,177.2,0.4436033306370656
2023-09-13,CRST,179.10000610351562,180.8999938964844,175.0,177.6999969482422,606799,176.5999984741211,61.78346920448316,-7.253928493430964,58.588956768061045,-8.735921158640652,,,-1.806,574220.0,256920539.0,0.002235010101703,179.1,0.3175819249997063
2023-09-14,CRST,185.1000061035156,185.1000061035156,177.0,180.6000061035156,666390,177.05999908447265,100.0,-6.84770823329559,68.95602748758861,58.863823002006,,,-1.806,579546.0,256920539.0,0.0022557402465981,185.1,0.3183757028333877
2023-09-15,CRST,186.3999938964844,188.4219970703125,183.3000030517578,185.8000030517578,1288521,177.90999908447264,88.45624464252113,-6.329544991846807,72.52744903400193,138.2328597036237,0.0,,-1.806,998604.0,256920539.0,0.0038868204304989,186.4,0.3180889391349599
2023-09-18,CRST,179.0,189.3350067138672,176.10000610351562,183.0,658510,178.00999908447267,43.01074635505715,-5.87201729906054,44.23076170671445,85.5518484772477,-0.24975,,-1.806,579377.0,256920539.0,0.0022550824556692,179.0,0.3535762277485168
2023-09-19,CRST,180.3000030517578,181.8999938964844,175.0,181.8999938964844,2588701,178.48999938964843,50.179218104225846,-5.442354846513384,49.6710577499818,34.39375690120763,,,-1.806,2535708.0,256920539.0,0.0098696196492099,180.3,0.3498164802057943
2023-09-20,CRST,190.8000030517578,193.0,182.5,182.5,1186084,180.1699996948242,89.90827229235276,-4.872755807362985,62.59168795372969,194.02155404786615,0.0086,,-1.806,1142947.0,256920539.0,0.0044486400520901,190.8,0.3985548818234281
2023-09-21,CRST,185.5,190.3000030517578,181.3999938964844,185.0,869847,181.45,65.59633509136023,-4.318759006707194,58.71560210963228,125.69554358829556,-0.296,,-1.806,841287.0,256920539.0,0.0032745027052897,185.5,0.4159908276224358
2023-09-22,CRST,186.3000030517578,188.6999969482422,184.1000061035156,184.1000061035156,677980,182.6100006103516,69.2660733471689,-3.780975907776961,59.36794862300632,121.3452699734766,0.0,,-1.806,575545.0,256920539.0,0.0022401673382757,186.3,0.3254078299563851
2023-09-25,CRST,185.0,193.6999969482422,183.0,191.6999969482422,755166,183.47000122070312,61.333346896701386,-3.293669902190207,61.02088010983495,122.62166852062704,,-1.333,-1.333,977926.0,256920539.0,0.0038063364019332,185.0,0.3234566409229095
2023-09-26,CRST,184.8999938964844,186.1000061035156,179.0,179.0,1076250,184.24000091552733,60.88887532552084,-2.857635945880648,63.069533220240245,48.76673254634795,-0.6486,,-1.333,1318965.0,256920539.0,0.0051337468196732,184.9,0.3181568876717399
2023-09-27,CRST,184.1999969482422,185.8000030517578,182.8000030517578,183.1999969482422,1014148,184.75,57.77777777777778,-2.4812508493731764,63.99026556229186,60.08323500779978,0.0,,-1.333,1201053.0,256920539.0,0.0046748033640082,184.2,0.3187747375187499
2023-09-28,CRST,169.5,185.1000061035156,169.5,182.3999938964844,1179794,183.18999938964845,0.0,-2.3908578245547467,45.16728935569058,-88.50603212106483,,,-1.333,943495.0,256920539.0,0.0036723222038702,169.5,0.4311805779963765
2023-09-29,CRST,173.6999969482422,178.6999969482422,169.0,169.0,882815,181.9199996948242,19.028330076683147,-2.4119998944897274,47.60213427896263,-91.73737536436028,0.2086,,-1.333,812800.0,256920539.0,0.0031636240651044,173.7,0.4388550710823996
2023-10-02,CRST,172.10000610351562,177.39999389648438,169.5,174.89999389648438,937780,181.2300003051758,12.55063354870674,-2.521971182583754,45.53415791379452,-94.09928886531236,,,-1.333,1157938.0,256920539.0,0.0045069888320606,172.1,0.4390300271595208
2023-10-03,CRST,167.0,171.10000610351562,166.6999969482422,169.0,925055,179.9,1.1111224139178242,-2.757473563349236,39.96682541208861,-143.6081663923724,,,-1.333,1036644.0,256920539.0,0.0040348817733096,167.0,0.4508028462938865
2023-10-04,CRST,162.89999389648438,167.3939971923828,162.5,164.0,994031,177.10999908447266,1.2820318449002628,-3.1184393398715367,30.993138247256155,-174.68633710042502,,,-1.333,1133421.0,256920539.0,0.0044115624403232,162.9,0.4553450413155251
2023-10-05,CRST,167.10000610351562,167.89999389648438,163.9669952392578,164.8000030517578,523408,175.2699996948242,14.743610748252944,-3.465004423935762,34.25776343557135,-137.63852265332898,0.0,,-1.333,474560.0,256920539.0,0.0018471080663582,167.1,0.4667236364829858
2023-10-06,CRST,170.1999969482422,170.8000030517578,165.60000610351562,167.5,573724,173.65999908447264,24.679479812179935,-3.72701992920462,42.28070114384671,-101.59531271087135,,,-1.333,662978.0,256920539.0,0.0025804787837534,170.2,0.4706490216509585
2023-10-09,CRST,166.60000610351562,172.5,166.1999969482422,172.5,470525,171.81999969482422,13.141046488937622,-3.9712472297873695,38.44856977807856,-95.13855999825248,,,-1.333,406901.0,256920539.0,0.0015837620518147,166.6,0.4751891106696675
2023-10-10,CRST,172.8000030517578,173.11000061035156,166.60000610351562,166.60000610351562,1356373,170.61000061035156,33.0128335231716,-4.083553823658858,33.63636363636364,-64.46555382888954,,,-1.333,1105728.0,256920539.0,0.0043037742498274,172.8,0.4940082615502904
2023-10-11,CRST,172.8000030517578,175.6999969482422,171.0,172.39999389648438,510915,169.47000122070312,33.0128335231716,-4.097980531881801,37.22334232588784,-38.69123709309812,,,-1.333,432435.0,256920539.0,0.0016831468658875,172.8,0.476695318594879
2023-10-12,CRST,170.39999389648438,175.3000030517578,168.89999389648438,169.1999969482422,434917,169.56000061035155,25.320495734630068,-4.079252369933924,34.50291597523734,-48.984501406453774,0.6486,,-1.333,428797.0,256920539.0,0.0016689868457733,170.4,0.4766438051937503
2023-10-13,CRST,168.5,172.10000610351562,166.5,168.5,790617,169.04000091552734,25.42372223838619,-4.061740990512054,34.104044373387026,-66.70873165087991,-0.23870000000000002,,-1.333,668662.0,256920539.0,0.0026026023555866,168.5,0.4587559044011584
2023-10-16,CRST,169.0,171.6999969482422,166.1999969482422,169.39999389648438,445698,168.7300003051758,27.896992054297705,-4.028675504949647,34.799237468825964,-62.36233993554548,,,-1.22,386666.0,256920539.0,0.0015050022917786,169.0,0.3974408416364393
2023-10-17,CRST,174.0,174.0,167.3000030517578,168.60000610351562,1662745,169.43000030517578,50.88494200986555,-3.898640108217644,40.98940053168531,-31.931855705147505,,,-1.22,1451518.0,256920539.0,0.0056496767664028,174.0,0.4072982264261957
2023-10-18,CRST,164.0,173.0,162.89999389648438,173.0,1126592,169.54000091552734,9.259261003519883,-3.865300890277617,44.70134812446234,-81.72362388278465,0.027933333333333324,,-1.22,1015738.0,256920539.0,0.003953510310828,164.0,0.4496768063824675
2023-10-19,CRST,161.3000030517578,166.14999389648438,161.3000030517578,162.0,809238,168.96000061035156,0.0,-3.928583732571963,37.6984172637476,-119.74976717521062,0.0,,-1.22,748996.0,256920539.0,0.0029152826897969,161.3,0.4512183003170775
2023-10-20,CRST,158.89999389648438,162.6999969482422,157.89999389648438,162.6999969482422,1321268,167.8300003051758,5.617976564904277,-4.078446726538162,37.10936615243765,-151.9337282876025,-0.0772,,-1.22,1133392.0,256920539.0,0.0044114495649567,158.9,0.4514933221896035
2023-10-23,CRST,160.5,163.6999969482422,155.10000610351562,162.8000030517578,692457,167.21999969482422,26.213574254411533,-4.23989764847562,43.186584552863216,-146.3936237023121,0.025733333333333334,,-1.22,648754.0,256920539.0,0.0025251153626141,160.5,0.4551196215172227
2023-10-24,CRST,155.39999389648438,161.89999389648438,155.39999389648438,161.89999389648438,721814,165.47999877929686,1.4562520693815966,-4.471852169418589,42.29979659130644,-167.61513383199411,0.6597,,-1.22,455825.0,256920539.0,0.0017741866873477,155.4,0.4635483415681097
2023-10-25,CRST,157.1999969482422,159.5,152.6999969482422,158.39999389648438,559593,163.9199981689453,19.565217391304348,-4.69692728799826,39.30884610935509,-161.72696336802335,0.0,-1.169,-1.169,543688.0,256920539.0,0.0021161718020527,157.2,0.3678682056360935
2023-10-26,CRST,157.0,159.8000030517578,154.3000030517578,157.0,543899,162.5799987792969,18.695665442425277,-4.898377307939657,34.792633451969806,-132.57825479456332,0.0,,-1.169,484077.0,256920539.0,0.001884150647839,157.0,0.3676622967137952
2023-10-27,CRST,160.1999969482422,164.89999389648438,156.39999389648438,158.39999389648438,635610,161.7499984741211,32.608695652173914,-5.012240755733338,42.55813153000533,-73.46360286153742,0.0,,-1.169,534827.0,256920539.0,0.0020816825392071,160.2,0.3648509956721054
2023-10-30,CRST,161.5,163.60000610351562,157.60000610351562,161.39999389648438,573021,160.9999984741211,38.26088283372962,-5.0330730268708015,35.17060798430708,-60.16285608723386,-0.2023,1.711,1.711,,,,,0.342753789218671
2023-10-31,CRST,160.0,164.89999389648438,159.8000030517578,164.3000030517578,801733,159.5999984741211,32.30088973569894,-5.006963329134208,33.83838870357006,-45.76550104038851,,,1.711,513254.0,256920539.0,0.0019977149432961,160.0,0.3353404778098916
2023-11-01,CRST,165.60000610351562,166.6999969482422,156.39999389648438,161.6999969482422,740276,159.75999908447267,60.56341458697043,-4.852043319269597,44.392540024000496,-25.671548227389835,0.0,,1.711,669929.0,256920539.0,0.0026075338414263,165.6,0.3534861202796766
2023-11-02,CRST,170.1999969482422,173.60000610351562,167.80299377441406,168.10000610351562,657605,160.6499984741211,82.15961264172583,-4.540059708628524,51.86812788806022,74.07265447753784,,,1.711,557876.0,256920539.0,0.0021713951020474,170.2,0.3416761622585295
2023-11-03,CRST,175.89999389648438,177.32899475097656,169.8459930419922,174.8000030517578,548463,162.3499984741211,94.197892801251,-4.044698535559853,56.80472607019161,114.95403027172166,,,1.711,439701.0,256920539.0,0.0017114279835758,175.9,0.3624226502867168
2023-11-06,CRST,170.1999969482422,177.6999969482422,169.89999389648438,174.3000030517578,306142,163.31999816894532,70.0,-3.5420889463433185,46.30349963530313,86.75606266596382,,,1.711,238745.0,256920539.0,0.0009292561853141,170.2,0.3782208919658854
2023-11-07,CRST,174.10000610351562,175.5,169.10000610351562,171.10000610351562,465229,165.18999938964845,85.60003662109375,-2.99098831001126,61.14790510047555,87.5008547644863,,,1.711,424620.0,256920539.0,0.0016527289007438,174.1,0.383932025581384
2023-11-08,CRST,174.39999389648438,178.1999969482422,171.39999389648438,174.89999389648438,1732934,166.90999908447264,85.09802724800858,-2.4267808333785177,65.2680513392341,106.21005872045608,,,1.711,1282989.0,256920539.0,0.0049937190891538,174.4,0.3838666589982912
2023-11-09,CRST,177.10000610351562,178.1999969482422,172.60000610351562,177.3000030517578,327593,168.9199996948242,95.68631041283702,-1.8353266891611968,71.06482299103264,114.4059880194429,,,1.711,175830.0,256920539.0,0.0006843750238278,177.1,0.3868424841030529
2023-11-10,CRST,172.60000610351562,178.656005859375,170.5,176.5,3103262,170.16000061035157,76.66821668695802,-1.3254116561508944,63.12364913395626,84.98040875843346,,,1.711,3047645.0,256920539.0,0.0118622084939655,172.6,0.3852653627304293
2023-11-13,CRST,174.39999389648438,175.8000030517578,171.1999969482422,175.39999389648438,413283,171.45,83.60298003648329,-0.8615957117656279,72.19626801286302,78.00133042330131,,,1.711,378790.0,256920539.0,0.0014743468991398,174.4,0.3212873958261704
2023-11-14,CRST,187.3999938964844,191.5,170.0,170.3000030517578,2039208,174.18999938964845,88.9784773121887,-0.2416166229495477,77.96296803876186,153.76442886649286,,,1.711,1967360.0,256920539.0,0.0076574648630952,187.4,0.3999142429540812
2023-11-15,CRST,189.1000061035156,203.1999969482422,187.3000030517578,192.8999938964844,1984496,176.53999938964844,69.87181639895861,0.4714155661465857,78.91892441758165,201.3113677160824,,,1.711,1819591.0,256920539.0,0.0070823103792414,189.1,0.3908138785591309
2023-11-16,CRST,184.8000030517578,192.6999969482422,182.0,187.6959991455078,899324,178.0,60.68377628921272,1.135714821452066,71.73145181161706,129.50495019036924,,-0.384,-0.384,867584.0,256920539.0,0.0033768573091776,184.8,0.4066769992559764
2023-11-17,CRST,184.8999938964844,186.1000061035156,180.3999938964844,181.6000061035156,680612,178.9,60.897431926405694,1.7336523250246192,71.11913039215092,99.89081487678033,,-4.476,-4.476,614510.0,256920539.0,0.0023918290160523,184.9,0.380760341911373
2023-11-20,CRST,186.3999938964844,189.8999938964844,184.3999938964844,187.0,416200,180.5199996948242,64.10255992253231,2.278630975870678,73.82671191788677,113.04766729467694,,-3.239,-3.239,356755.0,256920539.0,0.0013885810818729,186.4,0.3793041196040552
2023-11-21,CRST,185.1000061035156,191.3000030517578,185.1000061035156,187.3000030517578,681395,181.61999969482423,48.86575353331224,2.735913355501016,69.08024394963343,107.10479964927788,,,-3.239,604398.0,256920539.0,0.0023524705434313,185.1,0.3831823926962633
2023-11-22,CRST,177.39999389648438,191.8000030517578,176.39999389648438,186.3999938964844,2365375,181.9199996948242,24.34014669025142,2.9851730157682974,56.64206397937417,59.14994617677615,,,-3.239,2313266.0,256920539.0,0.0090038188811366,177.4,0.4192383542741028
2023-11-23,CRST,180.0,180.5,175.5,177.39999389648438,471634,182.20999908447263,31.96480006729978,3.12565922805348,54.01174717592994,25.63203738856137,,,-3.239,431609.0,256920539.0,0.0016799318640694,180.0,0.4204333703364452
2023-11-24,CRST,178.60000610351562,181.1629943847656,178.60000610351562,179.0,807127,182.80999908447265,27.859245016393132,3.161143736450163,58.97436817042893,25.95422284142917,,,-3.239,744856.0,256920539.0,0.0028991687581661,178.6,0.4227482613495535
2023-11-27,CRST,181.1999969482422,181.6000061035156,178.0,180.3999938964844,687188,183.48999938964843,33.73493366792368,3.163231503910492,57.80219035798473,26.82543694058938,,,-3.239,668487.0,256920539.0,0.0026019212111336,181.2,0.4202431946734714
2023-11-28,CRST,179.60000610351562,181.5,177.39999389648438,181.0,528999,182.7100006103516,28.915683692627294,3.111540833020777,55.55557004633717,10.80766537526916,,-2.629,-2.629,,,,,0.4002943081275771
2023-11-29,CRST,180.0,181.6499938964844,178.5,181.0,2397114,181.8,30.12048469639833,3.0281424272628508,53.25842234299724,8.332430381892754,,,-2.629,2367589.0,256920539.0,0.0092152577961079,180.0,0.3837399532356532
2023-11-30,CRST,185.5,189.1999969482422,179.5,181.0,2509130,181.86999969482423,46.68675127941741,3.0100896484369124,64.17582697661815,66.33170772879465,,,-2.629,2292901.0,256920539.0,0.0089245531280782,185.5,0.3751023606282581
2023-12-01,CRST,191.8999938964844,194.1000061035156,185.6000061035156,190.0,1395071,182.56999969482425,65.96384310102744,3.129188160656556,67.46507837112804,130.31094091034103,,,-2.629,1153307.0,256920539.0,0.0044889638037074,191.9,0.3847474283291497
2023-12-04,CRST,191.3000030517578,195.3999938964844,189.8000030517578,192.0,451021,183.06000061035155,57.03972849267936,3.311302547936573,55.17243054108038,135.10895403438806,,,-2.629,451020.0,256920539.0,0.0017554844067955,191.3,0.3857048486342006
2023-12-05,CRST,194.1999969482422,194.1999969482422,187.8000030517578,191.3000030517578,945936,183.96999969482425,93.9698627321982,3.562087908348476,56.55526689775852,119.84625466755858,,,-2.629,988601.0,256920539.0,0.0038478862135658,194.2,0.3855894036107702
2023-12-06,CRST,198.8000030517578,199.6999969482422,191.8999938964844,196.5,853862,186.1100006103516,96.28101648769112,3.908040013234582,67.8571651003033,158.0555877369544,,,-2.629,853862.0,256920539.0,0.0033234477995548,198.8,0.3736098997556204
2023-12-07,CRST,202.8000030517578,204.6000061035156,194.8999938964844,200.0,829706,188.3900009155273,93.81442379993058,4.350415858986309,70.76569098834914,175.87220539685853,,,-2.629,864684.0,256920539.0,0.0033655697725279,202.8,0.3762440077999242
2023-12-08,CRST,206.0,209.3999938964844,199.3000030517578,200.1999969482422,1756266,191.13000030517577,89.9705176736419,4.871176769272432,71.87502767361147,190.71313934624877,,-0.992,-0.992,,,,,0.2848160040051125
2023-12-11,CRST,207.3999938964844,208.6000061035156,204.1999969482422,206.0,726076,193.75,94.10029392303989,5.425002459767092,74.83296879863956,175.23151677316054,,,-0.992,726076.0,256920539.0,0.0028260722277248,207.4,0.2661120519981721
2023-12-12,CRST,208.0,209.6000061035156,206.0,208.1999969482422,2660273,196.58999938964843,95.3079008295231,5.967728125055628,90.47624429914042,155.77384641892868,,,-0.992,2660290.0,256920539.0,0.0103545244391691,208.0,0.2656121162196602
2023-12-13,CRST,204.6000061035156,212.3999938964844,204.3999938964844,212.3999938964844,1137408,199.05,77.71432059151786,6.40719935699085,81.86533822774842,130.6396403460842,,,-0.992,1137407.0,256920539.0,0.0044270769648354,204.6,0.2770212814820582
2023-12-14,CRST,215.6000061035156,221.0,209.1999969482422,209.6000061035156,1076256,202.06000061035155,87.61469463177677,6.919810174421995,88.38178162054835,160.71082829146067,,,-0.992,1321213.0,256920539.0,0.0051424966067037,215.6,0.3260303327470596
2023-12-15,CRST,215.6000061035156,217.8000030517578,211.3999938964844,211.3999938964844,1234093,204.43000183105468,87.61469463177677,7.435619913872607,87.7193411008222,133.87058841766762,,,-0.992,1239093.0,256920539.0,0.0048228647068189,215.6,0.3228474828064542
2023-12-18,CRST,212.3999938964844,217.1999969482422,212.0,215.6000061035156,471872,206.54000091552732,79.76469152113971,7.858393469129254,84.74576325979586,110.28856780085012,,-1.083,-1.083,,,,,0.2805966359483039
2023-12-19,CRST,214.1999969482422,215.0,207.8000030517578,207.8000030517578,331278,208.54000091552732,83.61445047769202,8.211498387278056,85.18518867370643,90.2799310526708,,,-1.083,331279.0,256920539.0,0.0012894220185331,214.2,0.2739781926533827
2023-12-20,CRST,217.1999969482422,222.3999938964844,214.1999969482422,219.0,2269653,210.38000030517577,85.86956882296647,8.531573592129178,84.38178226001578,108.47209467237928,,,-1.083,2323651.0,256920539.0,0.0090442399391042,217.2,0.2738438127264228
2023-12-21,CRST,214.6000061035156,218.3260040283203,213.0,214.8000030517578,1106760,211.56000061035155,77.45667671424381,8.753241024048895,76.83217347264167,86.30549104603948,,,-1.083,1146908.0,256920539.0,0.0044640572702519,214.6,0.2768034043465921
2023-12-22,CRST,217.1999969482422,219.3999938964844,214.0,219.3999938964844,1629421,212.68000030517575,84.97110310930985,8.923139125823308,79.232506809624,87.83133188164466,,,-1.083,1629421.0,256920539.0,0.0063421204328082,217.2,0.2748640662300157
2023-12-27,CRST,219.6000061035156,221.6000061035156,216.8000030517578,221.6000061035156,461949,213.9000015258789,90.8197121542008,9.069635980487345,78.99544222092705,95.35050395373916,,,-1.083,461949.0,256920539.0,0.0017980228509484,219.6,0.2734676678659043
2023-12-28,CRST,217.3999938964844,222.1999969482422,215.6000061035156,220.3999938964844,473251,214.84000091552736,81.81818181818181,9.138014334769988,72.46375209117235,85.65844313172104,,,-1.083,473252.0,256920539.0,0.0018420169981038,217.4,0.2711907785850014
2023-12-29,CRST,217.1999969482422,220.6000061035156,215.6000061035156,215.8000030517578,273785,216.1,77.48918177848853,9.129826802497991,69.14892494543767,78.08977642130584,,,-1.083,273785.0,256920539.0,0.0010656407660735,217.2,0.2540641750286749
2024-01-02,CRST,213.0,217.0,210.3999938964844,211.0,414753,215.83999938964843,48.35167322710867,8.986261239455711,59.06735607920338,39.74911321443429,,,-1.083,414753.0,256920539.0,0.0016143240303571,213.0,0.2681909711120794
2024-01-03,CRST,209.6000061035156,214.8000030517578,206.6000061035156,210.3999938964844,578562,215.23999938964843,28.888956705729168,8.690642869514964,52.709374231892966,5.962281211954976,,,-1.083,578562.0,256920539.0,0.0022519102686453,209.6,0.2759945330472428
2024-01-04,CRST,212.6000061035156,212.8000030517578,206.85400390625,208.1999969482422,461015,215.2600006103516,45.55562337239584,8.34327306422845,55.34884430641352,1.233686344282415,,,-1.083,461015.0,256920539.0,0.0017943874856965,212.6,0.2690279334510234
2024-01-05,CRST,216.0,216.0,208.8000030517578,212.8000030517578,535447,215.44000091552732,59.49367822086245,8.016905070936618,63.255806856377184,25.8610913625994,,-1.178,-1.178,544138.0,256920539.0,0.0021179233163604,216.0,0.262067938024299
2024-01-08,CRST,227.3999938964844,230.6000061035156,218.8000030517578,220.8000030517578,997943,216.4600006103516,86.66661580403645,7.884417452228725,63.59445789452589,186.54253267244903,,,-1.178,1197040.0,256920539.0,0.0046591837486375,227.4,0.3166644116662027
2024-01-09,CRST,213.0,226.8000030517578,213.0,223.1999969482422,1396873,216.3,26.66664123535156,7.632681841528227,47.75085929703958,61.47049101184445,,,-1.178,1502502.0,256920539.0,0.005848119445211,213.0,0.398932936011144
2024-01-10,CRST,217.8000030517578,219.8000030517578,213.3999938964844,219.8000030517578,602911,216.3600006103516,46.66665395100912,7.378585115771144,54.54546388662048,45.113714333280925,,,-1.178,784853.0,256920539.0,0.0030548472420883,217.8,0.4057895728265962
2024-01-11,CRST,211.3999938964844,217.0780029296875,210.3999938964844,212.3999938964844,586792,215.53999938964844,19.999949137369796,7.0174029628896495,47.81249709427288,-40.86435054678652,,,-1.178,586793.0,256920539.0,0.0022839474114601,211.4,0.4163716725133336
2024-01-12,CRST,216.6000061035156,217.3999938964844,213.1999969482422,216.0,803114,215.4600006103516,41.66666666666666,6.675004581047223,49.54683468853053,9.891008378205118,,,-1.178,803114.0,256920539.0,0.0031259236926947,216.6,0.3794838088261609
2024-01-15,CRST,214.8000030517578,215.1999969482422,204.1999969482422,206.0,1607945,215.22000122070312,40.15152434671887,6.318396908890876,50.15290284422389,-103.5685540605003,,-1.069,-1.069,1621949.0,256920539.0,0.0063130375107923,214.8,0.3807748222761989
2024-01-16,CRST,208.8000030517578,213.6000061035156,208.3999938964844,209.6000061035156,3020664,214.8000015258789,17.42425950104933,5.861449691923992,43.89535489760424,-115.78742858587738,,-1.71,-1.71,3020664.0,256920539.0,0.0117571915883299,208.8,0.3902995303558417
2024-01-17,CRST,198.5,209.1999969482422,197.6000061035156,204.6000061035156,755331,213.69000091552732,2.727254231770833,5.187875557835996,36.245109031689736,-241.8759902485565,,-7.794,-7.794,755332.0,256920539.0,0.0029399440112493,198.5,0.4249396302304692
2024-01-18,CRST,203.3999938964844,205.1999969482422,200.0,202.6000061035156,509230,212.7699996948242,17.57572058475379,4.480186060997626,41.18387841549955,-182.47783303742145,,,-7.794,509230.0,256920539.0,0.0019820525131313,203.4,0.4323854582278015
2024-01-19,CRST,205.0,207.6000061035156,202.8000030517578,204.0,610726,211.6699996948242,22.42422392874053,3.803527881161058,42.45049722310822,-128.38373017360152,,,-7.794,610726.0,256920539.0,0.0023771007268515,205.0,0.4326124348338262
2024-01-22,CRST,204.8000030517578,207.3999938964844,204.8000030517578,205.0,670109,209.4100006103516,21.81817257043087,3.169931225638748,44.661460532289325,-106.03291544730996,,-5.896,-5.896,670110.0,256920539.0,0.0026082383394034,204.8,0.4294597232783774
2024-01-23,CRST,201.6000061035156,209.3999938964844,200.8000030517578,209.3999938964844,853923,208.27000122070316,12.12121212121212,2.538259886128059,44.7780683012029,-113.18942351480456,,-0.215,-0.215,853922.0,256920539.0,0.0033236813347958,201.6,0.428665567661269
2024-01-24,CRST,207.8000030517578,207.8000030517578,198.1000061035156,200.3999938964844,906182,207.27000122070316,30.90908166133996,2.034040675309131,46.9924794058939,-93.40505452862344,,-4.946,-4.946,906183.0,256920539.0,0.0035270944219839,207.8,0.4450865478598614
2024-01-25,CRST,208.1999969482422,208.3999938964844,200.3999938964844,201.0,862297,206.9500015258789,32.12118437795928,1.6378836726706043,44.92187321496514,-72.23443210369857,,-2.123,-2.123,,,,,0.4404088033543185
2024-01-26,CRST,214.1999969482422,215.3999938964844,205.3999938964844,208.0,1872149,206.7100006103516,56.84928965626439,1.4222186008300812,40.75630584336748,10.816827387861116,,,-2.123,1872150.0,256920539.0,0.0072868833581265,214.2,0.448531239780303
2024-01-29,CRST,208.1999969482422,214.4850006103516,206.55999755859372,214.1999969482422,2811381,206.05,47.74771307149156,1.232019874336461,46.19047469112465,-10.953429962282586,,,-2.123,2811376.0,256920539.0,0.0109425895295977,208.2,0.4575273311718114
2024-01-30,CRST,211.0,211.0,205.75999450683597,208.0,512594,206.2699996948242,67.6767785747974,1.109617882128244,44.42622840100188,-15.528755714191352,,,-2.123,512595.0,256920539.0,0.0019951499478988,211.0,0.4602618823713038
2024-01-31,CRST,209.3999938964844,213.6000061035156,206.0,206.0,637549,207.35999908447263,59.59593468617738,1.008069877709286,48.22064095588419,-8.690944310462797,,,-2.123,637549.0,256920539.0,0.0024815026563524,209.4,0.4570106529850968
2024-02-01,CRST,207.0,213.3999938964844,206.3999938964844,210.0,577083,207.71999969482425,52.808990690417815,0.8843279669440764,41.01122921275498,-18.26295094291135,,,-2.123,577083.0,256920539.0,0.002246153624954,207.0,0.4110407164864256
2024-02-02,CRST,208.6000061035156,211.60699462890625,208.1999969482422,208.3999938964844,567334,208.0800003051758,61.797795189191966,0.7766737016718471,44.1729348647575,-7.434780700685729,0.17020000000000002,0.242,0.242,,,,,0.3470487041720702
2024-02-05,CRST,204.3999938964844,212.8000030517578,204.3999938964844,209.3999938964844,364134,208.03999938964844,38.202204810808034,0.6159673371652905,45.71983621444354,-34.27870769724177,,,0.242,364134.0,256920539.0,0.0014173020242651,204.4,0.328978698752528
2024-02-06,CRST,209.0,209.1999969482422,203.8000030517578,205.0,342350,208.77999877929688,63.0057895238196,0.5024199344402887,61.48796192048337,-24.189711277333306,0.0,,0.242,342350.0,256920539.0,0.0013325131627565,209.0,0.3268554725543511
2024-02-07,CRST,218.1999969482422,231.3999938964844,216.6000061035156,222.0,1463773,209.8199981689453,60.36035499379568,0.5700186592500005,64.7999985351567,255.18987638951947,-0.09006666666666667,,0.242,1475670.0,256920539.0,0.005743682485424,218.2,0.3633149739474868
2024-02-08,CRST,218.1999969482422,227.6000061035156,214.1999969482422,220.1999969482422,1145122,210.8199981689453,60.36035499379568,0.7463134427313356,63.63635790428769,190.4210619876392,0.0,,0.242,1145122.0,256920539.0,0.0044571057045773,218.2,0.3469365022256182
2024-02-09,CRST,218.8000030517578,220.3999938964844,213.3999938964844,213.3999938964844,513647,211.27999877929688,62.16217578498021,0.989366893783046,64.34425691288548,142.32544257406337,0.0,0.745,0.745,,,,,0.2881542754436742
2024-02-12,CRST,226.0,226.0,216.0,216.0,1770804,213.05999908447265,83.78379616816383,1.3741388997101494,73.10604681325503,188.63255614269892,0.17,,0.745,1770805.0,256920539.0,0.0068924228747628,226.0,0.2969342689637918
2024-02-13,CRST,211.6000061035156,228.1999969482422,211.3999938964844,227.8000030517578,1527552,213.11999969482423,36.12907163558468,1.5946915330544775,53.11475582066375,92.12863278909492,-0.5719,,0.745,1527553.0,256920539.0,0.0059456243005935,211.6,0.3848889945508082
2024-02-14,CRST,212.6000061035156,219.6000061035156,211.6000061035156,211.6000061035156,306603,213.44000091552732,31.88407960446552,1.7130727030136466,53.57143476411679,50.96509794482596,0.4399,,0.745,307603.0,256920539.0,0.0011972690124241,212.6,0.3848625019050652
2024-02-15,CRST,215.1999969482422,216.0,212.8000030517578,213.0,969643,214.2600006103516,41.30433941307823,1.7987859387735985,50.85910634901825,44.74977064526004,,,0.745,981231.0,256920539.0,0.0038192003014597,215.2,0.3804730632523238
2024-02-16,CRST,212.1999969482422,220.0,212.0,220.0,416929,214.61999969482423,30.43477059011175,1.8075672719328968,53.623187604558616,39.80806149936611,,,0.745,416929.0,256920539.0,0.0016227935750983,212.2,0.3710409109417599
2024-02-19,CRST,212.1999969482422,216.1999969482422,209.0800018310547,215.0,385450,215.4,30.43477059011175,1.763549035520055,51.14503505589696,4.747597750044724,,,0.745,385451.0,256920539.0,0.0015002732031478,212.2,0.3710615482736915
2024-02-20,CRST,211.0,214.1999969482422,209.8000030517578,212.1999969482422,784179,215.6,26.08695411802235,1.6655798250489604,51.53846740722656,-13.713927924717762,0.0,,0.745,784180.0,256920539.0,0.0030522277551348,211.0,0.3718491154263634
2024-02-21,CRST,209.6000061035156,213.8000030517578,209.0,209.0,1908800,214.74000091552733,21.014510781499045,1.5127986188499467,52.54902559168199,-33.984083522101535,0.0,,0.745,1090198.0,256920539.0,0.0042433275449418,209.6,0.3576074242703888
2024-02-22,CRST,211.0,212.3999938964844,208.0,211.0,602757,214.02000122070316,26.08695411802235,1.352559469799517,52.36219928463897,-45.600457550218046,,,0.745,602757.0,256920539.0,0.0023460833545892,211.0,0.3435755050037852
2024-02-23,CRST,210.3999938964844,214.8000030517578,210.3999938964844,211.8000030517578,714417,213.18000030517575,23.91301823923467,1.1833903240530457,56.35593466908136,-21.589216844612363,,,0.745,714417.0,256920539.0,0.0027806924381394,210.4,0.3405328172738475
2024-02-26,CRST,212.3999938964844,214.0,206.3999938964844,209.8000030517578,683499,211.81999969482425,24.0,1.0467038015241332,53.811654436820376,-39.28760714886415,,,0.745,689501.0,256920539.0,0.0026837130370491,212.4,0.3408357844205333
2024-02-27,CRST,213.8000030517578,216.0,211.0,212.3999938964844,729917,212.03999938964844,33.94499137318583,0.9574927700228798,44.02174544019133,3.8763882131567793,,,0.745,735917.0,256920539.0,0.0028643758995072,213.8,0.3381419580707007
2024-02-28,CRST,208.0,214.6000061035156,206.0,210.6000061035156,1739194,211.5799987792969,9.00901024744673,0.8079970653018097,38.0281700230637,-70.28462919834585,,0.794,0.794,1879783.0,256920539.0,0.0073165929330391,208.0,0.3524204113734234
2024-02-29,CRST,212.0,214.3999938964844,202.8000030517578,202.8000030517578,1431950,211.25999908447267,36.22046912978024,0.6905289822510136,42.608689883253646,-68.03334757658656,,,0.794,1431950.0,256920539.0,0.0055735131397961,212.0,0.3501481916842027
2024-03-01,CRST,215.0,216.1999969482422,211.8000030517578,215.6000061035156,812801,211.53999938964844,48.03149558996861,0.6455824556383761,36.84210142060098,12.852307835987972,,0.915,0.915,,,,,0.3064099095908805
2024-03-04,CRST,214.0,218.1999969482422,211.3999938964844,216.3999938964844,538563,211.71999969482425,65.11627288042519,0.6310213778620892,54.22534227512892,10.49544963977722,,,0.915,538942.0,256920539.0,0.0020976991644875,214.0,0.3067422936465694
2024-03-05,CRST,215.6000061035156,216.0,212.6000061035156,214.0,864902,212.18000030517575,74.41863559787406,0.6603575640529744,55.17241379310345,7.742636543847064,,,0.915,864903.0,256920539.0,0.0033664221761577,215.6,0.307922392891743
2024-03-06,CRST,217.8000030517578,220.0,210.8000030517578,210.8000030517578,1688840,213.0,87.20931779893704,0.7492644314569091,54.54546424589053,53.89256822759869,,,0.915,1688841.0,256920539.0,0.0065733981665047,217.8,0.3102869943084387
2024-03-07,CRST,218.0,220.6000061035156,216.6000061035156,216.6000061035156,1093733,213.7,85.39322664184114,0.8723315121703263,61.240314662216,115.85147001308422,,,0.915,1093734.0,256920539.0,0.0042570905551463,218.0,0.2849765899409855
2024-03-08,CRST,219.0,221.0,215.3999938964844,219.1999969482422,1609299,214.56000061035155,89.01098716836232,1.024324369046775,62.68657141311744,114.47030223679096,,,0.915,1609300.0,256920539.0,0.00626380438973,219.0,0.1659135265370206
2024-03-11,CRST,220.0,220.8000030517578,217.0,219.0,723148,215.32000122070312,94.50549358418117,1.200099398840889,66.91728935131805,148.64300415836385,,,0.915,723148.0,256920539.0,0.0028146757079627,220.0,0.165876786771954
2024-03-12,CRST,219.1999969482422,223.1999969482422,218.3999938964844,219.8000030517578,746324,215.8600006103516,80.39215099623466,1.3660673656286222,68.46151002061697,162.21573862310922,,,0.915,746325.0,256920539.0,0.0029048864793172,219.2,0.1621185840437233
2024-03-13,CRST,222.0,224.3999938964844,220.0,224.3999938964844,1302943,217.2600006103516,88.88891243641285,1.5587470097583538,70.07297481522403,176.90887067949168,,,0.915,1302943.0,256920539.0,0.0050713851258112,222.0,0.1571866953718159
2024-03-14,CRST,225.6000061035156,228.3999938964844,221.8000030517578,225.8000030517578,1082903,218.62000122070316,89.06254377217667,1.8119517254981568,75.0,194.9836946824576,,,0.915,1082904.0,256920539.0,0.004214937444141,225.6,0.1644042730279311
2024-03-15,CRST,224.6000061035156,226.0,221.6000061035156,223.0,1744782,219.5800018310547,85.1562923751923,2.0697347535006503,70.74830285038095,141.81628189831488,,,0.915,1745161.0,256920539.0,0.0067926099127481,224.6,0.1635944096841934
2024-03-18,CRST,224.0,230.8000030517578,222.6000061035156,230.8000030517578,3585436,220.5800018310547,75.71427481515067,2.302583875520403,67.83214917749319,143.85681141654086,,,0.915,3650689.0,256920539.0,0.0142094089254576,224.0,0.1610256359844699
2024-03-19,CRST,203.6000061035156,217.8000030517578,196.6000061035156,214.0,13233207,219.3800018310547,20.46783808371008,2.176880530069796,44.90741591067394,-137.86318617059092,,0.948,0.948,13477873.0,256920539.0,0.0524593053263055,203.6,0.3711644274572833
2024-03-20,CRST,206.3999938964844,208.25799560546875,202.0,202.0,2257144,218.24000091552733,28.6549376241171,1.8727436402584556,43.3333260672433,-133.80644883841504,,,0.948,2257144.0,256920539.0,0.0087853778011885,206.4,0.3731156109999566
2024-03-21,CRST,197.0,202.6000061035156,195.5,201.3999938964844,7439841,216.1400009155273,4.249291417342541,1.318471645833574,31.40495633274506,-199.9767749920238,,,0.948,7489415.0,256920539.0,0.02915070561953,197.0,0.4034194428448868
2024-03-22,CRST,194.1000061035156,197.3999938964844,190.1000061035156,194.0,1950605,213.6500015258789,9.8280105649314,0.5872028951279489,30.218689139258487,-207.5622130734696,,,0.948,1950605.0,256920539.0,0.0075922501470386,194.1,0.4049794296785171
2024-03-25,CRST,194.8000030517578,196.0,192.3999938964844,194.0,1685567,211.1300018310547,11.54790491561739,-0.2068399888390071,28.94735622832225,-167.0543863186166,,,0.948,1685568.0,256920539.0,0.0065606588191067,194.8,0.3968140722893839
2024-03-26,CRST,195.8000030517578,197.0,193.1999969482422,193.5,538399,208.79000244140624,14.00490755685024,-0.982177597197494,27.17841456689399,-132.06002458612738,,,0.948,538400.0,256920539.0,0.0020955895628103,195.8,0.389443724251574
2024-03-27,CRST,194.5,197.8999938964844,189.0,196.0,911842,206.04000244140624,13.157893776203226,-1.7236488305828424,26.16632269901737,-124.1900501945104,,,0.948,911842.0,256920539.0,0.0035491206874667,194.5,0.3837787847210471
2024-03-28,CRST,193.1999969482422,196.6000061035156,191.47999572753903,194.5,1107962,202.8000015258789,10.047838855517895,-2.421836374045105,23.991927606876917,-107.99727455978687,,,0.948,1107962.0,256920539.0,0.0043124695453017,193.2,0.3834248040078253
2024-04-02,CRST,187.6999969482422,195.8999938964844,187.6999969482422,193.1000061035156,1150167,199.1100006103516,0.0,-3.1385238272451987,20.14786643452244,-111.41814810663236,,,0.948,2970978.0,256920539.0,0.0115638010552359,187.7,0.3923208377468838
2024-04-03,CRST,189.0,190.6999969482422,187.0,187.0,591101,195.6100006103516,4.566209727512187,-3.801342604809398,22.34432050169565,-105.66004597536823,,,0.948,591101.0,256920539.0,0.0023007152417658,189.0,0.3920704198771198
2024-04-04,CRST,191.6999969482422,193.1000061035156,185.6000061035156,193.1000061035156,1725140,194.4199996948242,13.495555877385494,-4.343910581401854,22.20182427973596,-88.87047646516069,,,0.948,1725141.0,256920539.0,0.0067146869873256,191.7,0.3946031033944395
2024-04-05,CRST,187.0,192.0,185.8999938964844,192.0,293751,192.4800003051758,3.0973318385120385,-4.847750431105274,15.287749053186232,-89.51320475209658,0.0,,0.948,293752.0,256920539.0,0.0011433574020331,187.0,0.3989467507238655
2024-04-08,CRST,190.3000030517578,191.6000061035156,187.3000030517578,187.6000061035156,547897,191.81000061035155,10.398224038873456,-5.237205498515651,20.379951893948487,-74.67201542257106,,,0.948,547897.0,256920539.0,0.0021325542992107,190.3,0.4067369604025329
2024-04-09,CRST,188.6999969482422,191.1000061035156,187.6000061035156,189.3000030517578,454483,191.2699996948242,9.627301672448738,-5.54814103440482,20.03394239843898,-71.60571580273961,0.2732,,0.948,463683.0,256920539.0,0.0018047720194141,188.7,0.4045831886535304
2024-04-10,CRST,187.1999969482422,198.1999969482422,186.5,193.8999938964844,2797503,190.50999908447267,7.06148638911075,-5.804848582765355,29.49998073577146,-59.21182139544227,,,0.948,2797503.0,256920539.0,0.0108885922896183,187.2,0.4043515936049677
2024-04-11,CRST,186.1999969482422,190.3999938964844,182.6999969482422,187.3000030517578,575160,189.54999847412108,17.58793160691844,-6.016834037073621,23.560211306284277,-78.94673270996573,0.0,,0.948,578160.0,256920539.0,0.0022503455825304,186.2,0.3973342856620157
2024-04-12,CRST,188.6999969482422,189.6999969482422,186.0,186.6000061035156,910740,188.96999816894527,38.70967741935484,-6.136076299699754,36.7412104752308,-66.70136103327509,0.0,1.075,1.075,910740.0,256920539.0,0.0035448314235398,188.7,0.3951552541171249
2024-04-15,CRST,191.0,201.1999969482422,191.0,192.3999938964844,3273145,188.7499984741211,44.86488136085304,-6.140257485596557,44.95113213211422,-16.745209137020684,-0.29425,0.451,0.451,,,,,0.4023788171811822
2024-04-16,CRST,184.8999938964844,190.0,184.8999938964844,188.0,2517780,188.46999816894527,11.891875395903716,-6.155428578873005,36.28808407630066,-89.67395421126086,,,0.451,2526280.0,256920539.0,0.0098329234783366,184.9,0.4102511799417188
2024-04-17,CRST,185.1999969482422,189.0,183.5,184.1000061035156,1028152,188.08999786376955,13.513513513513514,-6.157876799084765,35.028250292244394,-102.0293705060264,,,0.451,1042152.0,256920539.0,0.0040563203084359,185.2,0.2744048614562117
2024-04-18,CRST,188.3999938964844,188.5,182.6999969482422,182.6999969482422,451696,187.7599975585937,30.81079431482264,-6.08713309999296,41.8230521326704,-88.98132288595127,0.0,,0.451,457739.0,256920539.0,0.0017816364615364,188.4,0.2777940441918622
2024-04-19,CRST,186.5,189.8999938964844,184.0,185.5,404446,187.70999755859376,20.54055703652872,-5.99066211074965,41.16095602933392,-84.2096835119586,,,0.451,404446.0,256920539.0,0.0015742065682027,186.5,0.2330623078459195
2024-04-22,CRST,186.3000030517578,191.1000061035156,185.1999969482422,185.1999969482422,795950,187.30999755859372,19.45949245143581,-5.87265982689182,47.85277049943038,-63.20598837450706,0.0,0.271,0.271,,,,,0.2278613780747954
2024-04-23,CRST,191.3999938964844,191.3999938964844,185.1999969482422,185.1999969482422,1187065,187.579997253418,47.02701053103885,-5.652595664446539,53.29669546553986,-13.058789090135354,,,0.271,1199265.0,256920539.0,0.0046678440138256,191.4,0.2498782726084418
2024-04-24,CRST,184.1999969482422,191.1999969482422,182.8000030517578,186.1000061035156,3312066,187.279997253418,8.108108108108109,-5.482085558064951,40.83129447527292,-96.17382138632192,-0.08533333333333333,,0.271,3312066.0,256920539.0,0.0128914021934229,184.2,0.2813366942912431
2024-04-25,CRST,185.0,190.1999969482422,181.3999938964844,185.0,694681,187.15999755859372,18.181846205301586,-5.326315032182327,47.2972972972973,-105.92685320358598,0.1101,,0.271,694681.0,256920539.0,0.0027038749128577,185.0,0.2819185651406511
2024-04-26,CRST,185.8999938964844,190.3999938964844,185.3999938964844,186.5,794131,186.879997253418,22.727269224337302,-5.161450111826637,43.64160358449336,-46.45545275258525,,,0.271,794132.0,256920539.0,0.003090963467113,185.9,0.2647417446046083
2024-04-29,CRST,188.5,188.5,182.1999969482422,182.1999969482422,580581,186.629997253418,35.85861115756393,-4.946281925035963,49.719105337534366,-70.39734935884958,,,0.271,580580.0,256920539.0,0.0022597648372518,188.5,0.2684745342584996
2024-04-30,CRST,185.8999938964844,190.8999938964844,183.6999969482422,183.6999969482422,838405,186.729997253418,22.727269224337302,-4.741072099102588,48.22887852880315,-48.44441877344742,,,0.271,838406.0,256920539.0,0.0032632891214664,185.9,0.2671621605332935
2024-05-01,CRST,187.0,190.3999938964844,185.8999938964844,190.3000030517578,834795,186.90999755859372,28.28285474945149,-4.524505601735621,51.08696057800952,-8.527545288759148,,,0.271,834795.0,256920539.0,0.0032492341922106,187.0,0.2537379901662127
2024-05-02,CRST,188.0,189.66000366210935,185.8500061035156,187.0,498141,186.8699981689453,33.33335902152645,-4.285907056946361,49.00850299188949,-0.9163047618841168,,0.537,0.537,,,,,0.2443293956152042
2024-05-03,CRST,194.5,194.5,188.3000030517578,189.0,807903,187.6699981689453,100.0,-3.932534828811405,54.43037974683545,167.85586387998208,,,0.537,807903.0,256920539.0,0.0031445636971826,194.5,0.2712855799039968
2024-05-07,CRST,198.0,201.8000030517578,196.1999969482422,201.6000061035156,542726,188.83999786376955,81.37254241978854,-3.460945537424544,67.75068871320832,287.6502525844541,,,0.537,543637.0,256920539.0,0.0021159732970979,198.0,0.2754625465144599
2024-05-08,CRST,197.3000030517578,201.1999969482422,194.6999969482422,198.1000061035156,868685,189.42999877929688,77.94118637031718,-2.9432614184773294,66.21985263195789,198.3189896225842,,,0.537,868685.0,256920539.0,0.0033811426808504,197.3,0.2737019713443677
2024-05-09,CRST,199.3999938964844,201.6000061035156,196.25,197.0,643110,190.9499984741211,88.23525451873128,-2.383611395997635,65.19337785080269,182.53058406818263,,,0.537,650474.0,256920539.0,0.0025318100395235,199.4,0.2730211720940598
2024-05-10,CRST,206.1999969482422,209.0,201.6999969482422,203.0,783850,193.0699981689453,89.8550636501448,-1.7130729274491,73.96593836561627,221.82616716493183,,0.316,0.316,,,,,0.2636736684428115
2024-05-13,CRST,207.0,207.0,202.1999969482422,202.1999969482422,2642555,195.17999877929688,92.75362479088275,-0.9915144425311802,74.82014204213841,172.14066082002472,,,0.316,2642556.0,256920539.0,0.0102854992064297,207.0,0.2633438877083628
2024-05-14,CRST,209.6000061035156,209.6000061035156,203.3999938964844,206.6000061035156,669925,197.28999938964844,100.0,-0.2320614470363722,73.21429405545788,164.51207117765782,,,0.316,669925.0,256920539.0,0.0026075182724102,209.6,0.2611180396687774
2024-05-15,CRST,218.6000061035156,219.6000061035156,207.0,207.0,1597486,200.56000061035155,97.3821997894128,0.6554499711576967,91.95121506436416,190.59527716693552,,,0.316,1597486.0,256920539.0,0.0062178213007719,218.6,0.2858730792913994
2024-05-16,CRST,225.3999938964844,225.3999938964844,219.0,220.6000061035156,2378488,204.4,100.0,1.6836970433767329,92.9787169111536,205.40093287201492,,,0.316,2378492.0,256920539.0,0.0092576950416564,225.4,0.2948212821654636
2024-05-17,CRST,225.6000061035156,228.0,221.1999969482422,223.1999969482422,1038956,208.1600006103516,94.75983900312804,2.7456056782206595,92.87256642184504,179.00816236939076,,,0.316,1038957.0,256920539.0,0.0040438845568512,225.6,0.2944492953118924
2024-05-20,CRST,228.8000030517578,229.27999877929688,225.6000061035156,226.0,1857055,211.59000091552736,98.94691595380316,3.8177420146712135,92.9637475318344,165.47904186350843,,,0.316,1857056.0,256920539.0,0.0072281336759923,228.8,0.2876381821209516
2024-05-21,CRST,226.3999938964844,229.6000061035156,222.1999969482422,222.1999969482422,1762146,214.43000030517575,92.68568638392856,4.793093567308383,93.36187303383856,130.87282406915352,,,0.316,1762147.0,256920539.0,0.0068587237394827,226.4,0.2416118497956328
2024-05-22,CRST,228.0,228.1999969482422,221.0,225.0,1316060,217.5,96.34284319196428,5.671255485524956,93.43219215724308,112.28935680549507,,0.341,0.341,1316060.0,256920539.0,0.0051224398217536,228.0,0.240887215145985
2024-05-23,CRST,229.8000030517578,233.0,226.1999969482422,231.3999938964844,733720,220.54000091552732,92.84116964941308,6.45825818389454,93.54165600406138,116.59368684418178,,3.122,3.122,733721.0,256920539.0,0.0028558285096856,229.8,0.2401674902330834
2024-05-24,CRST,233.1999969482422,233.3999938964844,222.6000061035156,222.6000061035156,629685,223.24000091552733,99.48321197929378,7.1863933074973465,93.09575618838926,103.61857112500071,,2.504,2.504,629686.0,256920539.0,0.0024508978630159,233.2,0.2403286820163083
2024-05-28,CRST,234.1999969482422,237.1999969482422,228.6000061035156,232.3999938964844,797978,225.9600006103516,92.94117647058825,7.839036501273994,92.68866642890792,105.8861580387476,,,1.671,797968.0,256920539.0,0.0031058941535226,234.2,0.2267815584980182
2024-05-29,CRST,228.3999938964844,236.8000030517578,228.3999938964844,233.8000030517578,1230817,227.83999938964843,78.51036945648525,8.29974777021273,82.736821951833,86.85041371917244,,,1.671,1230816.0,256920539.0,0.0047906485203193,228.4,0.2601911968818058
2024-05-30,CRST,235.0,235.6000061035156,226.6000061035156,227.6000061035156,453420,229.4799987792969,93.80282549790932,8.702391019637801,84.23075501030848,84.55201582353133,,,1.671,453420.0,256920539.0,0.0017648258164365,235.0,0.2657577506854038
2024-05-31,CRST,236.6000061035156,237.1999969482422,233.1999969482422,234.1999969482422,1262673,230.6,98.2857404436384,9.053223788383525,82.47861896320515,92.23891896272356,,,1.671,1262673.0,256920539.0,0.0049146440565423,236.6,0.2514688432155432
2024-06-03,CRST,241.6000061035156,242.6000061035156,236.6000061035156,238.0,810085,232.2,97.44898038623408,9.4123294695934,83.92155431317838,107.6820783505954,,,1.4,810086.0,256920539.0,0.0031530604877019,241.6,0.2508108453711152
2024-06-04,CRST,242.8000030517578,243.1999969482422,234.8000030517578,234.8000030517578,825378,233.6,98.89504439169905,9.755488186536414,83.46772444484643,103.33255313631793,,,1.4,825377.0,256920539.0,0.0032125769438775,242.8,0.2515151416612295
2024-06-05,CRST,247.6000061035156,248.0,241.8000030517578,244.8000030517578,1633714,235.72000122070312,98.62071070177802,10.125009222596676,81.93830881621437,129.4562459175893,,,1.4,1633714.0,256920539.0,0.0063588298793036,247.6,0.238095535467887
2024-06-06,CRST,249.6000061035156,250.6000061035156,247.3999938964844,247.6000061035156,654723,237.8800018310547,96.6216223182426,10.500514634053545,79.80294381613702,144.78833472782748,,,1.4,654723.0,256920539.0,0.0025483482268422,249.6,0.2356262554436462
2024-06-07,CRST,249.8000030517578,255.0,247.8000030517578,249.0,915548,239.8800018310547,84.70589132869945,10.839344359525684,79.80293622543608,146.6228209853412,,,1.4,915548.0,256920539.0,0.0035635453808541,249.8,0.2368848330673311
2024-06-10,CRST,241.6000061035156,247.3999938964844,241.6000061035156,246.0,915726,240.72000274658205,60.58825324563419,10.98189324094339,64.03508449048552,90.02349947126778,,,1.4,915725.0,256920539.0,0.0035642343098151,241.6,0.2800727358703095
2024-06-11,CRST,238.0,248.8000030517578,238.0,248.1999969482422,863870,241.10000305175785,50.0,10.911478493066218,62.39316406517457,68.80482652857079,,,1.4,863870.0,256920539.0,0.003362401477758,238.0,0.2566662571877285
2024-06-12,CRST,240.8000030517578,245.0,238.1999969482422,239.1999969482422,1302349,242.3400039672852,56.17284066901325,10.731076472287212,63.33333227369555,58.57386098732592,,,1.4,1302350.0,256920539.0,0.005069077019179,240.8,0.2384971092595392
2024-06-13,CRST,212.8000030517578,223.3999938964844,210.1999969482422,216.0,3250522,240.12000427246093,5.803584657152404,10.020011591012768,38.54447627813929,-160.21266139733945,,-12.951,-12.951,3250523.0,256920539.0,0.0126518612044481,212.8,0.4875628150941544
2024-06-14,CRST,242.0,245.0,225.8999938964844,229.8000030517578,2575111,240.66000366210935,70.98214483382738,9.45664396940727,54.40000085449206,22.29342974609826,,-22.881,-22.881,2775112.0,256920539.0,0.0108014408299213,242.0,0.6947698995498374
2024-06-17,CRST,248.1999969482422,251.8000030517578,240.25999450683597,241.6000061035156,2124080,241.320002746582,84.82142279342769,9.09274651617596,56.6539916233319,93.56545432366713,,-6.794,-6.794,2770081.0,256920539.0,0.0107818588999612,248.2,0.6968014103906164
2024-06-18,CRST,244.6000061035156,252.8000030517578,241.1499938964844,252.8000030517578,1430700,241.5000030517578,76.78572949097978,8.794789245959944,57.86408359564624,80.48197670191881,,-6.441,-6.441,,,,,0.7004066635984529
2024-06-19,CRST,240.0,249.3999938964844,239.8000030517578,249.3999938964844,1010089,240.74000244140623,66.51785942364697,8.460345902977215,52.47524752475248,47.69131571001368,,,-6.441,888090.0,256920539.0,0.0034566718700523,240.0,0.7037130017619091
2024-06-20,CRST,245.3999938964844,245.3999938964844,240.0,240.0,711090,240.32000122070312,78.57141640721618,8.187436778228491,54.19846794751209,47.74395364195666,,2.041,2.041,711090.0,256920539.0,0.0027677429090244,245.4,0.7072342918874152
2024-06-21,CRST,240.0,248.55999755859372,240.0,244.8000030517578,3000920,239.34000091552736,66.51785942364697,7.862587883291624,49.23954069296381,36.03910462031565,,1.622,1.622,,,,,0.7059490301108914
2024-06-24,CRST,240.1999969482422,243.6000061035156,239.0,240.1999969482422,546942,239.2,66.96428115270606,7.507483668779173,48.75239608426016,10.148128634350124,,,1.622,546943.0,256920539.0,0.0021288410888784,240.2,0.6995110649568145
2024-06-25,CRST,240.8000030517578,242.3999938964844,237.3999938964844,240.0,786607,239.4800003051758,68.30358039967807,7.14449282886805,46.59999795532195,-3.188223619050561,,,1.622,786607.0,256920539.0,0.0030616742556343,240.8,0.6992860673994863
2024-06-26,CRST,238.1999969482422,243.0,235.3999938964844,235.3999938964844,2713914,239.21999969482425,62.49999574252566,6.7378220613896165,44.3339909578774,-28.480108945347904,,,1.622,2713914.0,256920539.0,0.0105632426685824,238.2,0.7007021377965057
2024-06-27,CRST,238.0,240.1999969482422,236.0,238.6000061035156,728615,241.73999938964843,65.25821377632052,6.306544221254565,44.135186816283706,-47.58832301243189,,,1.622,728616.0,256920539.0,0.0028359585529283,238.0,0.6967638373083354
2024-06-28,CRST,240.1999969482422,241.0,237.8000030517578,240.0,583984,241.55999908447265,70.42252512147928,5.903177218177008,49.26003737274596,-27.079386949498613,,,1.622,583984.0,256920539.0,0.0022730140699261,240.2,0.6973207772488592
2024-07-01,CRST,245.0,247.8000030517578,240.0,240.0,1029563,241.23999938964843,81.69013630466569,5.6015760621780215,53.65344514193861,44.709514296162176,0.0,,1.622,1029563.0,256920539.0,0.0040073207226145,245.0,0.6974001508274543
2024-07-02,CRST,245.6000061035156,249.0959930419922,242.3999938964844,242.3999938964844,837457,241.33999938964843,83.09860113459467,5.376375820588188,52.56410444511718,61.84449369663804,0.0,,1.622,837457.0,256920539.0,0.0032595953724042,245.6,0.6968620558460927
2024-07-03,CRST,245.0,248.0,242.8000030517578,248.0,3508038,241.83999938964843,71.00371599602704,5.18904096583342,74.32024050803011,55.76527668418476,0.29295,,1.622,3508038.0,256920539.0,0.0136541749976633,245.0,0.6969137600723729
2024-07-04,CRST,244.6000061035156,248.0,243.3999938964844,248.0,254882,241.7600006103516,52.87360555349474,5.017051261614904,53.47594455591612,62.4164798493732,0.0,,1.622,254882.0,256920539.0,0.0009920654883882,244.6,0.6861781163827715
2024-07-05,CRST,250.0,272.3999938964844,245.1999969482422,249.8000030517578,4647953,242.7600006103516,39.45947595544764,4.938414459067657,52.459021177620265,220.41101845628123,0.21320666666666668,,1.622,4647953.0,256920539.0,0.0180910137355737,250.0,0.687012826552269
2024-07-08,CRST,245.3999938964844,254.6000061035156,244.0,253.1999969482422,628814,243.28000030517575,27.027027027027028,4.837765661613302,51.06381338179351,89.34008497849554,0.0903,1.634,1.634,628815.0,256920539.0,0.002447507709767,245.4,0.5317481261001947
2024-07-09,CRST,238.6000061035156,249.3999938964844,238.6000061035156,245.1999969482422,703611,243.06000061035155,8.648681640625,4.609080268215022,48.241213158447614,2.0636039813810214,0.0,,1.634,830110.0,256920539.0,0.0032309989821405,238.6,0.2421547728736451
2024-07-10,CRST,236.1999969482422,251.6000061035156,236.1999969482422,238.0,3283899,242.8600006103516,2.16217041015625,4.263336312556804,37.50000518301216,-10.968380111696735,0.14065333333333332,,1.634,3283899.0,256920539.0,0.012781769074523,236.2,0.2233077263746286
2024-07-11,CRST,250.8000030517578,251.3000030517578,235.1999969482422,238.8000030517578,3066337,244.1400009155273,41.93550371850977,4.085564351817579,61.739129857890966,47.137526475836026,0.05029999999999999,,1.634,3066338.0,256920539.0,0.0119349663983072,250.8,0.3141781619821992
2024-07-12,CRST,254.0,260.3999938964844,250.60499572753903,254.8000030517578,1148373,245.52000122070316,50.53764675818386,4.064135338054091,64.08163138202546,207.85860255792963,0.044475,,1.634,1148373.0,256920539.0,0.004469759422387,254.0,0.3166597628945639
2024-07-15,CRST,253.0,257.0830078125,250.1999969482422,254.8000030517578,677413,246.32000122070312,47.84947449464486,4.116604996420135,62.34817276034841,153.63336309570985,0.1806,,1.634,677413.0,256920539.0,0.0026366634704903,253.0,0.3079347835785307
2024-07-16,CRST,257.20001220703125,257.20001220703125,249.8000030517578,251.0,712592,247.4800018310547,59.13983081611148,4.27026853090242,68.62746036680323,150.3887831383839,0.0,,1.634,712592.0,256920539.0,0.0027735890745581,257.2,0.3036151817699373
2024-07-17,CRST,253.8000030517578,258.6000061035156,252.3999938964844,255.8000030517578,367435,248.3600021362305,50.00002050912676,4.415325164008204,64.57564118553411,129.1056778547378,0.0,,1.634,434575.0,256920539.0,0.0016914762894841,253.8,0.2957005723571652
2024-07-18,CRST,258.20001220703125,263.20001220703125,254.3999938964844,254.8000030517578,1439265,249.72000274658205,61.82800307965047,4.607519206761698,65.95744911102736,146.832556453335,0.0,,1.634,1439264.0,256920539.0,0.0056019810856772,258.2,0.2997735009039994
2024-07-19,CRST,254.8000030517578,261.3999938964844,250.1999969482422,255.1999969482422,442444,250.20000305175785,52.688192772665765,4.754436306782688,58.90908626840521,94.29301666100702,0.08808,,1.634,603180.0,256920539.0,0.0023477297780384,254.8,0.3056900396350889
2024-07-22,CRST,256.6000061035156,259.20001220703125,248.0,248.8000030517578,601690,251.32000427246092,57.52691105068666,4.883154734447215,59.78646942841488,75.02799976536497,0.24695,,1.634,601691.0,256920539.0,0.002341934211807,256.6,0.3059948634549104
2024-07-23,CRST,256.20001220703125,262.20001220703125,252.1999969482422,262.20001220703125,865227,253.0800048828125,56.45165855257248,4.976207587766105,60.00000544956456,88.96313907392883,0.22383333333333333,,1.634,865227.0,256920539.0,0.0033676832664592,256.2,0.3020592618439243
2024-07-24,CRST,253.6000061035156,257.20001220703125,250.8000030517578,253.0,2328456,254.82000579833985,49.46239426006967,4.989204603173289,57.731953086861246,50.027790075014536,0.0,2.225,2.225,2328457.0,256920539.0,0.0090629461119105,253.6,0.3051454892504761
2024-07-25,CRST,261.3999938964844,263.20001220703125,250.7689971923828,258.6000061035156,1069348,255.8800048828125,93.57136667994544,5.064415688477963,59.40592987407226,93.9702645046392,0.0,,2.225,1069349.0,256920539.0,0.0041621779409391,261.4,0.3153748252235338
2024-07-26,CRST,264.0,265.6000061035156,254.0,257.0,527067,256.8800048828125,94.73682361296896,5.20461740921496,65.8703024571322,118.13868100577218,0.16326000000000002,,2.225,527067.0,256920539.0,0.0020514786480344,264.0,0.3161876721335369
2024-07-29,CRST,263.0,268.20001220703125,262.3999938964844,263.0,478697,257.8800048828125,84.242394537541,5.350387603473836,73.10603345833198,147.02097660592963,0.0,,2.225,478697.0,256920539.0,0.0018632103212269,263.0,0.3165758825526633
2024-07-30,CRST,265.79998779296875,268.0,258.6000061035156,267.20001220703125,690374,258.74000244140626,92.72720210811632,5.52448404889595,77.81952590507949,133.94410448466706,0.07955,,2.225,690375.0,256920539.0,0.0026871148670601,265.8,0.3168141119744428
2024-07-31,CRST,266.3999938964844,270.0,263.79998779296875,265.0,561473,260.00000152587893,83.6363358931108,5.704189746741759,69.89793356436888,156.34138055974333,0.0,,2.225,561473.0,256920539.0,0.002185395539747,266.4,0.3098406649044212
2024-08-01,CRST,264.0,270.79998779296875,261.3999938964844,264.6000061035156,1145168,260.58000030517576,70.175476168168,5.826699242522446,63.02082505491572,126.72694487113738,0.2023,,2.225,1145168.0,256920539.0,0.0044572847482621,264.0,0.3127726757117257
2024-08-02,CRST,258.0,264.6000061035156,254.8000030517578,260.3999938964844,928931,260.9,43.85967260510501,5.797930394796841,55.76036542318153,42.4769766965367,,,2.225,928932.0,256920539.0,0.003615639308619,258.0,0.3170310568088466
2024-08-05,CRST,246.1999969482422,254.1999969482422,239.0,252.0,950276,259.85999908447263,22.64150852861072,5.4743745095244645,39.21567454149597,-112.71400687400067,,,2.225,950276.0,256920539.0,0.0036987155783602,246.2,0.3451681482707782
2024-08-06,CRST,248.8000030517578,250.4040069580078,245.1999969482422,248.6000061035156,577797,259.1199981689453,30.817631489546287,5.012017526248648,45.01992152972058,-100.83143419696636,,,2.225,577797.0,256920539.0,0.0022489326943222,248.8,0.3435353064867341
2024-08-07,CRST,256.3999938964844,256.3999938964844,249.8000030517578,252.3999938964844,810945,259.3999969482422,54.71698294277856,4.5967302342577,48.314589404227085,-34.67327783530653,,,2.225,810336.0,256920539.0,0.0031540335512062,256.4,0.2853242956964422
2024-08-08,CRST,251.0,256.6000061035156,250.0,250.0,587443,258.35999755859376,37.73586354222847,4.136084732145908,46.57039303515885,-68.3096145164693,,,2.225,587443.0,256920539.0,0.0022864773765712,251.0,0.2924121236032395
2024-08-09,CRST,259.20001220703125,259.3999938964844,248.1999969482422,252.3999938964844,1275987,257.8799987792969,63.52207534965672,3.792556812900009,52.10356522417585,-21.150218033953564,,,2.225,1275988.0,256920539.0,0.0049664694187801,259.2,0.314619651347836
2024-08-12,CRST,263.3999938964844,265.0,258.0,260.6000061035156,2779285,257.9199981689453,76.7295700090785,3.598808477572174,55.48779296420696,72.17687863118151,,,2.225,2779286.0,256920539.0,0.0108176870981887,263.4,0.3143682266209261
2024-08-13,CRST,208.8000030517578,264.2879943847656,208.0,264.0,9923341,252.21999969482425,1.2738904574235967,2.629782314094709,30.95237322906837,-337.78640558376634,,,2.225,9923341.0,256920539.0,0.0386241638703708,208.8,0.8053153074032681
2024-08-14,CRST,215.6000061035156,221.3999938964844,209.1999969482422,210.6000061035156,2521905,247.1400009155273,12.101922899364864,1.3281212516247456,30.360206954240383,-319.0166709713091,,,2.225,2521906.0,256920539.0,0.0098158987592657,215.6,0.8135250686422885
2024-08-15,CRST,213.0,219.6000061035156,213.0,218.1999969482422,840951,242.04000091552732,7.96178498709806,-0.1583023333805087,28.130355626699284,-228.2883455975495,,,2.225,840952.0,256920539.0,0.003273198800194,213.0,0.8134332730691864
2024-08-16,CRST,213.1999969482422,220.3999938964844,206.0,209.3999938964844,883769,237.56000061035155,11.111108494720176,-1.6790590700005998,28.497402908684293,-183.141749161057,,1.957,1.957,883770.0,256920539.0,0.0034398573326984,213.2,0.8124456664321242
2024-08-19,CRST,213.8000030517578,218.3999938964844,210.8000030517578,217.8000030517578,582841,234.32000122070312,12.037044014079532,-3.128214917634269,27.112680927815035,-143.8759496919593,,,1.957,582844.0,256920539.0,0.0022685769003466,213.8,0.8128623988016591
2024-08-20,CRST,212.1999969482422,215.6999969482422,210.156005859375,212.1999969482422,524163,230.6600006103516,9.567898327466862,-4.47492289937651,26.35252998332318,-124.89098001358212,,,1.957,524163.0,256920539.0,0.0020401755423687,212.2,0.8128064372470443
2024-08-21,CRST,212.1999969482422,215.3999938964844,207.1999969482422,212.0,2302983,226.24000091552733,10.508469403800316,-5.676622631319113,26.916219046042784,-109.07780819265612,,,1.957,2302983.0,256920539.0,0.0089637948330787,212.2,0.8008693630370604
2024-08-22,CRST,211.8000030517578,214.8000030517578,210.0,211.3999938964844,1108785,222.32000122070312,9.83051364704714,-6.717882413665114,28.33020594929644,-93.01019585029474,,,1.957,1108786.0,256920539.0,0.0043156767626118,211.8,0.798253864939741
2024-08-23,CRST,211.6000061035156,213.0,208.1999969482422,210.6000061035156,1051623,217.56000061035155,9.49153576867055,-7.591876407044753,31.78947557782233,-85.87083804877555,,,1.957,1051623.0,256920539.0,0.0040931838462319,211.6,0.7985918238587124
2024-08-27,CRST,211.1999969482422,215.0,206.8000030517578,213.1999969482422,703705,212.34000091552736,8.81355414956303,-8.304293725475988,29.74137335696692,-77.05805498018057,,2.153,2.153,703706.0,256920539.0,0.0027390025053621,211.2,0.7956420458178064
2024-08-28,CRST,207.8000030517578,214.1999969482422,203.8000030517578,212.0,456700,212.24000091552733,6.535948038335466,-8.913409572944683,22.57336576371712,-77.0515668768322,,,2.153,456701.0,256920539.0,0.0017775963018667,207.8,0.7954767569943179
2024-08-29,CRST,205.8000030517578,210.3999938964844,205.0,205.0,321936,211.2600006103516,3.267974019167733,-9.4374405689503,23.4741792445717,-75.98412315998318,,,2.153,321936.0,256920539.0,0.0012530566892513,205.8,0.794173694650269
2024-08-30,CRST,205.3999938964844,209.6000061035156,202.1999969482422,205.8000030517578,1360848,210.5,5.095536294170001,-9.865543534089792,15.245463467025845,-75.94271080414985,,,2.153,1360848.0,256920539.0,0.0052967660946717,205.4,0.7830920734951675
2024-09-02,CRST,206.1999969482422,208.1999969482422,204.1999969482422,204.1999969482422,308108,209.8,6.4424690200218775,-10.175829652316956,11.35136138269344,-69.95764195156949,,1.937,1.937,,,,,0.7688051979646588
2024-09-03,CRST,205.6000061035156,208.3999938964844,204.1999969482422,204.1999969482422,274456,208.9800003051758,17.708383831720962,-10.382384471719394,42.00001373289968,-66.49750083444049,,,1.937,274456.0,256920539.0,0.001068252468519,205.6,0.7679029871446523
2024-09-04,CRST,201.0,209.8000030517578,200.6000061035156,209.8000030517578,1798805,207.8600006103516,2.0201724398356364,-10.562821434095811,8.98878908774823,-73.16823273687673,,,1.937,1798805.0,256920539.0,0.0070014059872418,201.0,0.7533370992435798
2024-09-05,CRST,200.3999938964844,205.8000030517578,198.6000061035156,200.0,3173577,206.68000030517575,8.256829361846286,-10.702927366212858,10.12660917264624,-84.42029653925553,,,1.937,3173577.0,256920539.0,0.0123523678268478,200.4,0.74706332272741
2024-09-06,CRST,192.6000061035156,202.6000061035156,192.6000061035156,201.1999969482422,1022128,204.7600006103516,0.0,-10.91046011867076,5.982942767173796,-124.2867847744918,,,1.937,1022129.0,256920539.0,0.0039783857062513,192.6,0.2114538055720019
2024-09-09,CRST,197.0,197.0,192.6000061035156,195.0,1194415,203.3,19.04760017465045,-11.054309007637247,19.117637984066903,-139.70664555776975,,,1.937,1194416.0,256920539.0,0.0046489704740966,197.0,0.1910174853091077
2024-09-10,CRST,194.6999969482422,199.3000030517578,193.0,199.3000030517578,392205,201.65,9.210491092342494,-11.162201487369092,18.637985970661543,-145.37474241238297,,,1.937,392206.0,256920539.0,0.0015265653790333,194.7,0.1908187385181323
2024-09-11,CRST,195.3999938964844,197.3999938964844,192.0,194.5,327943,200.40999908447264,14.782582158627717,-11.205292326762647,20.62935589216194,-141.0346534670256,,,1.937,327943.0,256920539.0,0.001276437459132,195.4,0.1923419865801382
2024-09-12,CRST,196.1999969482422,199.6999969482422,193.9010009765625,194.0,351153,199.4499984741211,18.260856296705164,-11.167205151140482,23.103437752559277,-107.8593503695382,,,1.937,351153.0,256920539.0,0.0013667766748691,196.2,0.1937877559427685
2024-09-13,CRST,197.6000061035156,199.8999938964844,195.52999877929688,199.6999969482422,644821,198.6699996948242,24.347852623980977,-11.032445113232118,26.8212014219973,-83.80149594056253,,,1.937,644821.0,256920539.0,0.0025098071275648,197.6,0.1964144698748751
2024-09-16,CRST,195.8000030517578,198.8000030517578,194.6000061035156,197.1000061035156,291382,197.63000030517577,17.11713321680749,-10.847729565334603,25.632925756348087,-87.11060434162698,,,1.937,291383.0,256920539.0,0.0011341366522666,195.8,0.1968965978282786
2024-09-17,CRST,194.6999969482422,200.1999969482422,194.6999969482422,199.6000061035156,729077,196.53999938964844,14.673901325358957,-10.634211750802107,27.645054749334196,-76.67445370236625,,,1.937,729077.0,256920539.0,0.0028377528820301,194.7,0.1964149163951833
2024-09-18,CRST,193.0,195.1999969482422,191.1000061035156,191.1000061035156,456843,195.73999938964843,10.160396826497747,-10.416719128968236,27.931040833024213,-103.5465718983953,,,1.937,456843.0,256920539.0,0.0017781490019371,193.0,0.19683808621215
2024-09-19,CRST,198.8000030517578,199.3000030517578,191.1000061035156,194.8000030517578,626996,195.5800003051758,41.17646098849226,-10.091859026343538,40.40699260436854,-60.580439354146215,,,1.937,626997.0,256920539.0,0.0024404315919639,198.8,0.2320046612736522
2024-09-20,CRST,193.5,199.8000030517578,193.1999969482422,197.0,956824,195.6699996948242,12.834194054293556,-9.778289835351554,33.676100309451314,-64.83530983074789,,,1.937,956823.0,256920539.0,0.0037241981654102,193.5,0.2466148901387112
2024-09-23,CRST,193.8999938964844,198.1000061035156,192.1000061035156,192.1000061035156,284411,195.35999908447263,14.973199197403884,-9.459567014686794,34.88370992696285,-69.40555696019518,,2.292,2.292,,,,,0.2434506332314637
2024-09-24,CRST,191.6999969482422,197.1999969482422,191.6999969482422,194.3000030517578,239030,195.05999908447265,4.081571219634225,-9.167861375419832,37.19007951804089,-81.22677390839144,,,2.292,239031.0,256920539.0,0.000930369369963,191.7,0.2441154768090792
2024-09-25,CRST,188.1999969482422,197.1000061035156,187.5,197.1000061035156,382684,194.33999938964843,4.63573950529207,-8.94332631897251,34.43877819129618,-117.24478942593936,,,2.292,382685.0,256920539.0,0.0014895072285365,188.2,0.2496053466211358
2024-09-26,CRST,187.5,192.1000061035156,185.1000061035156,186.0,3114073,193.46999969482425,15.894008951154667,-8.763447373960883,42.05606676978627,-160.13595327647948,,,2.292,3114074.0,256920539.0,0.0121207670360679,187.5,0.2477684959330173
2024-09-27,CRST,193.1999969482422,193.1999969482422,187.1999969482422,190.8000030517578,719435,193.02999877929688,53.64235599888035,-8.510073774518318,44.31137423631837,-108.32005023252349,,,2.292,719435.0,256920539.0,0.0028002237687972,193.2,0.2770631312923489
2024-09-30,CRST,193.0,195.33999633789065,188.6000061035156,188.6000061035156,812519,192.7499984741211,52.317872094891534,-8.207712067228119,47.284350187712334,-82.28545928985262,,,2.292,812519.0,256920539.0,0.0031625303417256,193.0,0.2771606190550136
2024-10-01,CRST,188.6999969482422,198.3000030517578,188.5,189.8999938964844,1636634,192.1499984741211,23.841013426732,-7.940392864563907,40.40115302200457,-86.59990223951395,,,2.292,1636634.0,256920539.0,0.0063701952610336,188.7,0.2770739464838347
2024-10-02,CRST,188.0,191.3000030517578,186.0,186.0,413861,191.6499984741211,19.20526923694893,-7.702121220205227,38.2183962224854,-156.3354185905115,,,2.292,413861.0,256920539.0,0.0016108521397738,188.0,0.277085104258151
2024-10-03,CRST,188.3000030517578,193.6179962158203,186.1999969482422,186.1999969482422,893284,190.5999984741211,21.192045618754378,-7.472205550255125,36.20177463807914,-117.81814941703804,,,2.292,893284.0,256920539.0,0.0034768882374172,188.3,0.2426927525318411
2024-10-04,CRST,195.6999969482422,198.5399932861328,189.1020050048828,193.1000061035156,1247873,190.8199981689453,70.19865742785166,-7.124486553913146,49.8727657320882,21.623949387376395,,,2.292,1247874.0,256920539.0,0.0048570425893431,195.7,0.2696777863391862
2024-10-07,CRST,193.5,199.0,191.0,196.3999938964844,943546,190.77999877929688,57.14282748534066,-6.740020239603952,48.51485447677622,24.999194050877144,,,2.292,943547.0,256920539.0,0.003672524601079,193.5,0.2694373517183619
2024-10-08,CRST,181.0,193.0,181.0,193.0,1649846,189.70999908447263,0.0,-6.536744107741528,38.28124580904692,-197.09183042923956,,,2.292,1649846.0,256920539.0,0.0064216197211076,181.0,0.3526692691667374
2024-10-09,CRST,181.8000030517578,182.8999938964844,180.10000610351562,180.10000610351562,500547,189.06999969482425,8.62942747000718,-6.430028399208227,31.601724309902835,-219.69148887691688,,,2.292,500547.0,256920539.0,0.0019482560715007,181.8,0.3527651975861373
2024-10-10,CRST,175.89999389648438,183.3000030517578,175.4510040283203,181.8000030517578,761816,187.90999908447264,1.906620004963368,-6.4689049719273,31.19656977115723,-227.10730378231665,,,2.292,761817.0,256920539.0,0.0029651852785502,175.9,0.3646255181582654
2024-10-11,CRST,180.0,180.8000030517578,176.39999389648438,180.0,838055,186.58999938964843,19.3171546555546,-6.516840846014643,36.23762980546102,-174.07993436305225,,,2.292,838055.0,256920539.0,0.0032619229403064,180.0,0.3783246798212306
2024-10-14,CRST,180.5,182.6000061035156,180.1060028076172,180.5,696720,185.33999938964843,21.440387427776844,-6.545111630475207,38.524594008361696,-122.78672311379904,,,7.371,696720.0,256920539.0,0.0027118112187986,180.5,0.3786700884150478
2024-10-15,CRST,184.1999969482422,185.1000061035156,180.1999969482422,180.1999969482422,722301,184.88999938964844,37.15229698303708,-6.485625792808982,45.91836734693878,-82.38769788155612,,,7.371,722301.0,256920539.0,0.0028113789688102,184.2,0.3689820419806582
2024-10-16,CRST,187.6000061035156,189.1999969482422,186.6000061035156,187.6000061035156,952320,184.85,51.59031871170156,-6.305226937027049,50.09671767882293,-15.053243175257233,,7.633,7.633,952321.0,256920539.0,0.0037066752378251,187.6,0.3662439250078693
2024-10-17,CRST,189.6999969482422,191.5399932861328,184.6000061035156,184.6000061035156,1125968,184.98999938964843,60.5078574774818,-6.010623935036686,46.361746823412375,2.085477807143404,,8.428,8.428,,,,,0.3687779422431861
2024-10-18,CRST,185.6999969482422,190.8600006103516,184.3999938964844,185.8000030517578,401957,183.98999938964843,43.52199529970382,-5.710001798923073,42.96724300190603,-17.096173221447543,,,8.428,401957.0,256920539.0,0.0015645187479542,185.7,0.3740431296554135
2024-10-21,CRST,183.6000061035156,189.6999969482422,183.6000061035156,189.6000061035156,366571,183.0,34.60445653392358,-5.441855973603492,44.86922418723917,-32.70372481781896,,,8.428,366571.0,256920539.0,0.0014267874473048,183.6,0.3706680351998239
2024-10-22,CRST,187.8000030517578,188.5,183.0,183.0,401778,183.68000030517575,52.43959886140606,-5.128710729114479,49.81203293259888,-14.193752632242708,,,8.428,401779.0,256920539.0,0.0015638259267391,187.8,0.3799606119235676
2024-10-23,CRST,182.3999938964844,192.6999969482422,182.3999938964844,192.6999969482422,441105,183.73999938964843,29.508646043852583,-4.878240934675499,44.9399581076904,-20.87103863679499,,8.441,8.441,,,,,0.3759957876658255
2024-10-24,CRST,180.6999969482422,186.1999969482422,179.10000610351562,180.0,932864,184.21999969482425,22.289667577481342,-4.69618889918552,35.74144652143163,-80.46618403804348,,,8.441,1408622.0,256920539.0,0.005482714638085,179.1,0.3733659833546469
2024-10-25,CRST,176.39999389648438,183.0,176.39999389648438,179.0,479018,183.85999908447263,5.407659046110265,-4.624463730910053,34.369284929229366,-123.25544232214948,,5.501,5.501,479018.0,256920539.0,0.0018644597347664,176.4,0.3758775111269961
2024-10-28,CRST,178.60000610351562,181.0,174.0,174.0,666688,183.6699996948242,24.598967134847733,-4.580009259327911,47.297305656746175,-120.29213065653418,,,5.501,666688.0,256920539.0,0.0025949190461569,178.6,0.3467835595027319
2024-10-29,CRST,179.39999389648438,179.89999389648438,177.0,178.0,427025,183.18999938964845,28.876977421068396,-4.531775803419715,47.29728754460359,-94.4272191432542,,4.784,4.784,427025.0,256920539.0,0.001662089771655,179.4,0.2616261904195668
2024-10-30,CRST,179.8000030517578,189.8000030517578,175.0,175.0,1629368,182.40999908447264,31.01606416199451,-4.466991484618964,55.01286405834269,-44.994586227955054,,,4.784,1629368.0,256920539.0,0.0063419141433453,179.8,0.2612157317077959
2024-10-31,CRST,169.3000030517578,183.1999969482422,166.10000610351562,176.8000030517578,1813309,180.36999969482423,12.030067855743589,-4.552569696991649,38.18984963862272,-162.0407899464356,,-6.187,-6.187,1813309.0,256920539.0,0.0070578592395059,169.3,0.3142589922813876
2024-11-01,CRST,168.0,172.10000610351562,167.3000030517578,169.89999389648438,597578,178.6,7.142836655754143,-4.738270641793817,36.44251806395451,-199.1413672376452,,-16.536,-16.536,,,,,0.3004721305432205
2024-11-04,CRST,165.5,172.5,165.5,168.60000610351562,747926,176.78999938964844,0.0,-5.006078387840119,29.17595419237693,-194.21031772218905,,,-16.536,747926.0,256920539.0,0.0029111179779986,165.5,0.3022903883249647
2024-11-05,CRST,164.8000030517578,171.10000610351562,164.8000030517578,167.0,997936,174.48999938964843,0.0,-5.311068338861753,22.985776421119468,-172.15691136635843,,,-16.536,997937.0,256920539.0,0.0038842242970695,164.8,0.2879475321911384
2024-11-06,CRST,163.3000030517578,169.6999969482422,162.5,165.5,990651,172.5800003051758,2.649016995362237,-5.635201923287048,18.269242760696017,-162.90057546617305,-0.0762,,-16.536,990652.0,256920539.0,0.0038558692265549,163.3,0.2739521256388341
2024-11-07,CRST,162.1999969482422,166.39999389648438,160.6999969482422,164.3000030517578,944033,170.7300003051758,4.6875,-5.959048938015586,19.638252470976767,-154.58563170193216,,,-16.536,944033.0,256920539.0,0.0036744162365314,162.2,0.2656267142217378
2024-11-08,CRST,158.10000610351562,165.0,157.0,163.60000610351562,1314827,168.9000015258789,3.0812498530753727,-6.31757082219075,18.673228068965216,-150.48143966317997,0.4215,-16.433,-16.433,,,,,0.2688330537635405
2024-11-11,CRST,157.8000030517578,165.1999969482422,157.3000030517578,160.10000610351562,549441,166.82000122070312,2.240905098444843,-6.669419284831796,9.239150716126131,-126.185692886819,0.5267,,-16.433,549442.0,256920539.0,0.0021385678316672,157.8,0.2693134116805484
2024-11-12,CRST,152.6999969482422,161.10000610351562,152.6999969482422,155.5,737320,164.1500015258789,0.0,-7.064807161437863,9.315089681927546,-137.54863906698915,,-10.765,-10.765,737320.0,256920539.0,0.0028698367318932,152.7,0.250641020307678
2024-11-13,CRST,152.39999389648438,154.8000030517578,151.39999389648438,151.6999969482422,502856,161.41000061035157,2.604166045785098,-7.455442062270271,9.686629874604137,-136.98924016888748,-0.11315,,-10.765,502857.0,256920539.0,0.0019572471782802,152.4,0.24982961670209
2024-11-14,CRST,151.8000030517578,157.3000030517578,149.8000030517578,156.1999969482422,1134213,159.66000061035157,5.0,-7.815200205937815,10.828051477502283,-121.8170141824583,,,-10.765,1134214.0,256920539.0,0.0044146489977587,151.8,0.2479098311609951
2024-11-15,CRST,150.0,154.89999389648438,150.0,152.8000030517578,820917,157.86000061035156,0.4999923706054687,-8.147651855318578,3.870957897555456,-118.46304096962844,,,-10.765,820917.0,256920539.0,0.0031952174909612,150.0,0.2463293567565713
2024-11-18,CRST,147.39999389648438,151.8000030517578,146.10000610351562,150.0,2662345,156.05,2.974800649319133,-8.468472090464967,1.2195394267350537,-126.93179774320063,0.0,,-10.765,2662347.0,256920539.0,0.0103625308056822,147.4,0.2472321284613464
2024-11-19,CRST,153.3000030517578,155.1699981689453,145.1999969482422,147.10000610351562,1921569,154.9,21.315805535567435,-8.651751492562468,15.404716278291488,-99.14299689777138,,,-10.765,1921572.0,256920539.0,0.0074792463361599,153.3,0.2936923002926038
2024-11-20,CRST,153.0,154.89999389648438,150.00399780273438,151.0,625338,153.86999969482423,28.571436556142,-8.724282437755255,20.99645790016416,-82.03089149916055,0.021015384615384616,-8.602,-8.602,625339.0,256920539.0,0.0024339782348035,153.0,0.2931160307698094
2024-11-21,CRST,151.0,157.5,150.6999969482422,157.5,688370,152.75,21.24543004907964,-8.735620631207905,20.4861298755244,-72.33385898147681,0.0,-2.715,-2.715,688370.0,256920539.0,0.0026793108977558,151.0,0.2901754437598558
2024-11-22,CRST,154.5,155.8000030517578,150.0,151.0,1883057,152.38999938964844,35.90733499746374,-8.63225932424082,31.543635501547897,-63.46654129906493,,4.314,4.314,1883057.0,256920539.0,0.0073293361726911,154.5,0.309271948250579
2024-11-25,CRST,155.8000030517578,159.1999969482422,155.5,158.3000030517578,1321136,152.18999938964845,43.26533103475765,-8.422009508460679,35.19738030895007,-32.35783242514524,,,4.387,1321136.0,256920539.0,0.0051421969031444,155.8,0.2479127280708109
2024-11-26,CRST,156.5,160.10000610351562,154.33999633789062,158.0,651196,152.56999969482422,53.30190886039141,-8.12542218314936,38.5135166483063,-25.00869917441114,,,4.387,651196.0,256920539.0,0.0025346202469238,156.5,0.2492985154307024
2024-11-27,CRST,160.3000030517578,162.60000610351562,153.8000030517578,156.5,1086670,153.36000061035156,75.50003051757812,-7.711121467104441,47.058834644895576,4.849087656621129,0.1626,,4.387,1086672.0,256920539.0,0.0042296034572775,160.3,0.2637626259831865
2024-11-28,CRST,162.8000030517578,163.0,160.0,163.0,439974,154.46000061035156,88.00003051757812,-7.187297360860521,57.65471130844248,51.57871277362121,,,4.387,439975.0,256920539.0,0.0017124944611765,162.8,0.2703126300227811
2024-11-29,CRST,165.3000030517578,165.6999969482422,162.0,162.39999389648438,2910056,155.99000091552733,98.04881026105184,-6.566018496275918,61.39816783356895,90.230328039883,,,4.387,2910057.0,256920539.0,0.0113266810482598,165.3,0.2738760207709216
2024-12-02,CRST,171.60000610351562,171.60000610351562,163.1999969482422,166.10000610351562,1271655,158.41000213623047,100.0,-5.80074718834813,77.71260603397472,148.66165987349677,,4.991,4.991,,,,,0.2837984840768573
2024-12-03,CRST,169.60000610351562,174.22999572753906,168.60000610351562,172.0,3058139,160.04000244140624,84.0510168146291,-5.004028748738555,74.02235113098257,165.8624405641755,,,4.991,3058140.0,256920539.0,0.011903057699875,169.6,0.2890829717932099
2024-12-04,CRST,172.39999389648438,174.39999389648438,169.0,169.3000030517578,1238350,161.9800018310547,93.1506842156694,-4.173287789696518,77.10524022745224,164.168383448267,,,4.991,1238351.0,256920539.0,0.0048199766543382,172.4,0.2917498965910993
2024-12-05,CRST,169.8000030517578,176.89999389648438,169.6999969482422,176.8000030517578,703056,163.86000213623046,77.60255038409312,-3.3967405567796747,75.51546584332135,147.89469911280543,,,4.991,703058.0,256920539.0,0.002736480324759,169.8,0.2997022725129931
2024-12-06,CRST,173.60000610351562,175.39999389648438,167.5,171.6999969482422,1921955,165.77000274658204,89.58994286858523,-2.6265001024894548,82.75001525878906,126.67141542928924,,,4.991,1921957.0,256920539.0,0.0074807448539565,173.6,0.273961626438529
2024-12-09,CRST,173.10000610351562,175.89999389648438,171.89999389648438,173.5,533439,167.5000030517578,85.87364812203404,-1.902580775192987,78.61272874408226,120.03748650771875,,,4.991,533438.0,256920539.0,0.0020762761983774,173.1,0.2743591014865523
2024-12-10,CRST,170.89999389648438,174.3000030517578,169.8000030517578,172.39999389648438,324997,168.94000244140625,77.69516222535592,-1.2764072236802857,74.52053958422518,90.35329860609956,,,4.991,324998.0,256920539.0,0.0012649747710516,170.9,0.2804958485885584
2024-12-11,CRST,168.3000030517578,172.89999389648438,166.39999389648438,169.10000610351562,2549405,169.74000244140626,68.02976655749161,-0.7828960282125521,73.31537374788444,62.83707323932445,,,4.991,2549406.0,256920539.0,0.0099229357447362,168.3,0.2835798158480422
2024-12-12,CRST,170.0,172.89999389648438,166.6999969482422,171.0,271736,170.46000213623046,70.12988471352769,-0.3694988629265116,71.95468181307328,61.75321142295288,,,4.991,271737.0,256920539.0,0.0010576694298465,170.0,0.2701424588225301
2024-12-13,CRST,169.8000030517578,171.89999389648438,168.60000610351562,168.89999389648438,363436,170.91000213623047,69.26409671565995,-0.0303352540537211,70.46784721571566,57.82432162121098,,,4.991,363436.0,256920539.0,0.0014145852309612,169.8,0.2420574166477224
2024-12-16,CRST,168.89999389648438,171.0,165.3000030517578,166.8000030517578,288034,170.64000091552734,65.36795164217003,0.2302307027379783,68.02325014038976,37.91875185185955,,,4.991,288033.0,256920539.0,0.0011210976013093,168.9,0.2436603746665816
2024-12-17,CRST,169.8000030517578,173.3000030517578,167.89999389648438,173.3000030517578,403839,170.66000061035157,57.98820468092868,0.4417082539585477,65.07936507936508,51.22828018778574,,,4.991,403839.0,256920539.0,0.0015718439700144,169.8,0.2340578583279655
2024-12-18,CRST,171.10000610351562,176.0,166.0,170.60000610351562,399832,170.53000183105468,61.07389148436332,0.6310661878531071,63.69637329339527,54.22635900563979,,,4.991,399834.0,256920539.0,0.0015562554926758,171.1,0.2252555742352878
2024-12-19,CRST,165.89999389648438,172.8000030517578,165.5,168.0,1895127,170.14000091552734,19.70801131155447,0.7122320331293218,50.90907661711878,13.919677542716428,,,4.991,1895128.0,256920539.0,0.0073763195709316,165.9,0.2580284263726183
2024-12-20,CRST,168.39999389648438,171.39999389648438,164.60000610351562,170.3000030517578,994283,169.61999969482423,30.89424035966118,0.7595930445718552,44.52052933344203,6.200677173986599,,,4.991,994283.0,256920539.0,0.003870002000891,168.4,0.2607116118284543
2024-12-23,CRST,170.0,170.60000610351562,166.1999969482422,168.60000610351562,283706,169.30999908447265,43.90243297291128,0.8070789953023598,50.69443340655428,11.83292106453189,,,4.991,283707.0,256920539.0,0.0011042597104313,170.0,0.2614362633449871
2024-12-24,CRST,168.3000030517578,170.97500610351562,165.8000030517578,166.10000610351562,214330,169.05,30.081305855907267,0.8231920088348925,42.59930184223529,-15.692740497389916,,,4.991,214331.0,256920539.0,0.0008342306957405,168.3,0.2548783576190135
2024-12-27,CRST,166.5,171.0,165.6999969482422,171.0,136093,168.86999969482423,16.666622050300493,0.788202183821953,43.866174377638025,-55.13248363259057,,,4.991,136093.0,256920539.0,0.0005297085259501,166.5,0.2541282455945034
2024-12-30,CRST,166.10000610351562,169.6999969482422,165.10000610351562,168.0,120302,168.4800003051758,13.157901781531502,0.714838172862751,34.042573914127544,-102.1884474694843,,,4.991,120304.0,256920539.0,0.000468253727274,166.1,0.2488124995643359
2024-12-31,CRST,168.89999389648438,169.6999969482422,165.0,166.8000030517578,137100,168.38999938964844,37.71921136111148,0.6643107373901749,41.86044723597286,-82.86098774479565,,,4.991,137100.0,256920539.0,0.0005336280257453,168.9,0.2152047108134981
2025-01-02,CRST,167.0,169.5,163.3000030517578,169.39999389648438,246713,168.2,29.133841238869792,0.5989181651926122,42.35295314414829,-123.5548920997302,,,4.991,246759.0,256920539.0,0.0009604487090072,167.0,0.2183967138000341
2025-01-03,CRST,167.60000610351562,170.10000610351562,164.8000030517578,164.8000030517578,466281,167.9800003051758,33.85829988213484,0.5358440912755934,48.510645758026925,-79.25844574356829,,,4.991,466282.0,256920539.0,0.0018148879876046,167.6,0.2154650865484625
2025-01-06,CRST,163.3000030517578,168.8000030517578,160.57899475097656,163.60000610351562,614561,167.2,17.644817940474812,0.4077043199766088,37.16476730950352,-184.04428748711555,,,4.991,614561.0,256920539.0,0.0023920275210071,163.3,0.223151176322478
2025-01-07,CRST,161.10000610351562,163.5,158.0,162.10000610351562,619071,166.72000122070312,17.22225613064236,0.209471021617025,34.519590152495454,-261.2428941994877,,,4.991,619071.0,256920539.0,0.0024095815866243,161.1,0.2220290879360008
2025-01-08,CRST,155.6999969482422,164.10000610351562,155.6999969482422,161.0,889097,165.45000152587892,0.0,-0.1089352435526466,29.75461917410688,-273.2232790114223,,,4.991,889098.0,256920539.0,0.0034605952621016,155.7,0.227438136411199
2025-01-09,CRST,158.0,158.39999389648438,153.0,153.5,3102961,164.2500015258789,21.73913043478261,-0.449028722780471,32.647062123439056,-246.3214913482359,,,4.991,3102961.0,256920539.0,0.0120775124171758,158.0,0.2383284421137081
2025-01-10,CRST,156.5,162.3000030517578,156.0,160.0,479665,163.07000122070312,17.676764952262346,-0.8077952621130711,28.65496945566298,-161.14277220463376,,,4.991,479667.0,256920539.0,0.0018669858076235,156.5,0.2371198153075553
2025-01-13,CRST,156.39999389648438,159.10000610351562,155.10000610351562,156.0,466343,162.06000061035155,18.478233827751435,-1.1592129891075755,33.676979368653306,-150.64027312811956,,,4.991,466344.0,256920539.0,0.0018151293073536,156.4,0.2338312078278105
2025-01-14,CRST,161.0,163.0,150.0,150.1999969482422,2154721,161.55,52.38095238095238,-1.411570233304203,38.14104006213064,-111.194192726395,,4.979,4.979,2154722.0,256920539.0,0.0083867253602484,161.0,0.2577457113302431
2025-01-15,CRST,168.89999389648438,168.89999389648438,162.0,162.6999969482422,1062674,161.55,89.99997093563988,-1.4593522595073631,48.53332519531249,25.799750321902465,,,4.979,1062675.0,256920539.0,0.0041362010376289,168.9,0.3157287522269734
2025-01-16,CRST,172.89999389648438,172.89999389648438,167.0,170.0,877657,162.13999938964844,100.0,-1.3092618667694815,55.77888252765272,91.10251098028796,,,4.979,877657.0,256920539.0,0.0034160639838919,172.9,0.3262399910857558
2025-01-17,CRST,174.6999969482422,177.10000610351562,172.5,172.5,1204703,162.8499984741211,91.14387965041053,-1.011314791627296,60.30150291393008,142.4409772775897,,,4.979,1204704.0,256920539.0,0.0046890139834246,174.7,0.3271190041358526
2025-01-20,CRST,177.10000610351562,177.89999389648438,171.5,174.0,2616999,164.22999877929686,97.13265961298453,-0.595717155091481,63.15788897301094,145.00752408101536,,,4.979,2616999.0,256920539.0,0.0101860248705145,177.1,0.3074309085465336
2025-01-21,CRST,179.1999969482422,181.3000030517578,176.0,177.5,1760884,166.03999786376954,93.29071597838808,-0.0933028534591325,62.53041082504713,171.62316385573263,,,4.979,1760885.0,256920539.0,0.0068538117149131,179.2,0.3060290006615793
2025-01-22,CRST,179.10000610351562,181.5,177.10000610351562,181.3999938964844,1139213,168.37999877929687,92.38097175719246,0.4358064245934399,65.39440262839314,156.89282465316518,,5.152,5.152,1539213.0,256920539.0,0.005991007982433,179.1,0.3054028327366485
2025-01-23,CRST,179.3000030517578,183.0,178.05999755859375,183.0,1289875,170.50999908447267,88.78788803562973,0.9561083575370752,65.03855294935849,146.51208731350638,,,5.152,1701875.0,256920539.0,0.0066241298053636,179.3,0.2975179800812105
2025-01-24,CRST,179.0,182.3000030517578,177.3000030517578,179.0,1324958,172.75999908447267,87.87878787878788,1.436649392286972,72.49282640355682,121.34177637020636,,,5.152,1324958.0,256920539.0,0.0051570730979978,179.0,0.2973250804595214
2025-01-27,CRST,179.10000610351562,182.5,176.25100708007812,180.6999969482422,756492,175.03000030517578,88.18183667732008,1.8653994356517944,77.43900907246153,102.0758303865547,,,5.152,756492.0,256920539.0,0.0029444590259091,179.1,0.2935177478478133
2025-01-28,CRST,182.8000030517578,184.6000061035156,175.6999969482422,182.8999938964844,662338,177.21000061035156,94.797679958863,2.293991770922616,93.56913309488414,102.70156278092884,,,5.152,662338.0,256920539.0,0.0025779877411824,182.8,0.2946828757006705
2025-01-29,CRST,175.8000030517578,184.8999938964844,175.72000122070312,180.0,1088964,177.9000015258789,73.92552310548328,2.583108356431608,74.860337338552,74.80795523611067,,,5.152,1088965.0,256920539.0,0.0042385283957387,175.8,0.3319128112228539
2025-01-30,CRST,181.0,182.83099365234372,173.5,176.1999969482422,841282,178.71000213623046,88.82523043398803,2.846723762749837,81.0126582278481,69.94982635145372,,,5.152,841282.0,256920539.0,0.0032744832440196,181.0,0.32742836672593
2025-01-31,CRST,179.8000030517578,185.0,177.60000610351562,185.0,399387,179.22000274658205,85.14286586216518,3.054902859043629,78.81775176349925,75.69296338001264,,,5.152,399387.0,256920539.0,0.0015545156551302,179.8,0.3230806838168643
2025-02-03,CRST,175.10000610351562,180.8000030517578,173.60000610351562,177.10000610351562,836876,179.02000274658204,56.95654827615489,3.1354740101107152,67.3218826129957,38.97455857999055,0.0,4.816,4.816,836876.0,256920539.0,0.0032573339728202,175.1,0.3120731365759099
2025-02-04,CRST,163.0,177.39999389648438,159.13999938964844,171.89999389648438,2584815,177.4000030517578,14.92652946344647,2.931644390473283,43.429850001665216,-42.78306621253001,-0.13604166666666667,-3.51,-3.51,2584817.0,256920539.0,0.010060764351736,163.0,0.408256684078581
2025-02-05,CRST,173.89999389648438,173.89999389648438,163.60000610351562,164.60000610351562,2564967,176.8800018310547,57.076543536227234,2.7274641889391797,50.96525119271914,-17.036105074297495,-0.3762666666666667,-5.03,-5.03,2564968.0,256920539.0,0.0099835070017504,173.9,0.4659581800211259
2025-02-06,CRST,174.5,179.0,172.60000610351562,175.0,736668,176.4000015258789,59.39675269846309,2.537124017375151,49.80237452131572,20.718671927168376,0.19063333333333332,-5.02,-5.02,,,,,0.4654466341697096
2025-02-07,CRST,171.39999389648438,176.97500610351562,171.0,174.6999969482422,1240878,175.64000091552734,47.409103702527965,2.3101950491063024,44.44443122478432,-11.248992242433292,-0.0516,,-5.02,1240878.0,256920539.0,0.0048298123802394,171.4,0.4639621585191185
2025-02-10,CRST,172.0,173.3000030517578,168.6999969482422,172.10000610351562,663310,174.93000030517578,49.72931286476382,2.076536268534003,42.77108784435301,-49.48819803486167,0.0,-3.285,-3.285,663310.0,256920539.0,0.0025817710120871,172.0,0.4317330405759562
2025-02-11,CRST,171.0,176.6999969482422,169.89999389648438,171.8000030517578,3694190,173.75,45.86233693128412,1.8302208892179488,42.01183022359086,-52.31135899395176,0.7003,-3.612,-3.612,,,,,0.4235281185548059
2025-02-12,CRST,171.39999389648438,175.0,167.60000610351562,168.3000030517578,1842241,173.30999908447265,47.409103702527965,1.5910950835905804,42.23967806059327,-82.6151914153253,,,-3.612,1842241.0,256920539.0,0.0071704699327288,171.4,0.4189369505509071
2025-02-13,CRST,171.89999389648438,174.0,171.0,171.0,992825,172.3999984741211,49.34259166926782,1.3733617137699976,43.05283243104432,-67.12055991564544,,,-3.612,992825.0,256920539.0,0.003864327094534,171.9,0.4164064363363685
2025-02-14,CRST,171.0,173.60000610351562,169.60000610351562,171.89999389648438,828501,171.5199981689453,45.86233693128412,1.162961605176948,42.19652499413463,-77.33521269965895,0.0,-3.614,-3.614,828501.0,256920539.0,0.003224736345427,171.0,0.4165599575961937
2025-02-17,CRST,166.39999389648438,174.60000610351562,166.3000030517578,173.60000610351562,1482168,170.64999694824218,28.07422403512944,0.8921463285050906,34.46968919755825,-104.1422711252207,-0.8126,-3.616,-3.616,,,,,0.4255690479580177
2025-02-18,CRST,162.39999389648438,171.10000610351562,161.0,171.0,445615,170.58999633789062,12.606320301210614,0.5318095334589361,36.54617637136826,-150.49796060133107,,,-3.616,445616.0,256920539.0,0.001734450666087,162.4,0.4317367615914393
2025-02-19,CRST,158.89999389648438,165.60000610351562,158.03900146484375,162.0,1097526,169.08999633789062,3.1934738267127583,0.0771992778992082,27.02702359750809,-182.1678703231286,,,-3.616,1097526.0,256920539.0,0.0042718499823791,158.9,0.4354171720838231
2025-02-20,CRST,153.8000030517578,160.8000030517578,152.5,158.0,1857319,167.0199966430664,4.593649864207576,-0.4942116635963456,25.00000000000001,-218.9835671537242,,,-3.616,1857320.0,256920539.0,0.0072291612310528,153.8,0.4334712438639904
2025-02-21,CRST,154.0,156.39999389648438,153.0,153.1999969482422,793707,165.27999725341795,5.660377358490566,-1.1045594636142082,27.78946725945724,-196.99820816306985,,,-3.616,793708.0,256920539.0,0.0030893131514098,154.0,0.4196325476514445
2025-02-24,CRST,153.0,158.3000030517578,152.89999389648438,155.0,2572491,163.37999725341797,1.8867924528301887,-1.7207535935001317,36.263733960452896,-159.40262615231262,,,-3.616,2572492.0,256920539.0,0.0100127923209751,153.0,0.3977285321045216
2025-02-25,CRST,157.89999389648438,158.5,152.0,152.10000610351562,937869,162.06999664306642,21.851829246238427,-2.2262116888731187,23.68420524280052,-123.59118976391888,-0.3818,,-3.616,937870.0,256920539.0,0.0036504282750239,157.9,0.4224833285397162
2025-02-26,CRST,156.0,159.8000030517578,154.0,154.3000030517578,666511,160.52999725341795,16.01601210194274,-2.661004940717633,20.8201724196025,-103.1909530483868,0.0,,-3.616,666511.0,256920539.0,0.0025942301171958,156.0,0.4165503264001058
2025-02-27,CRST,153.3000030517578,156.39999389648438,150.6999969482422,153.1999969482422,677335,158.6699981689453,10.000023475060097,-3.065726162782597,21.08625123398862,-115.93705682696746,0.0,,-3.616,677336.0,256920539.0,0.002636363766931,153.3,0.3461722248975152
2025-02-28,CRST,157.3000030517578,159.0,150.5,150.60000610351562,991092,157.29999847412108,25.954213144341757,-3.3595775900677216,28.818427709987745,-86.11805730538104,,,-3.616,991093.0,256920539.0,0.0038575857105764,157.3,0.2556933767992335
2025-03-03,CRST,157.0,158.8000030517578,153.10000610351562,155.39999389648438,354824,156.35999908447266,26.53061224489796,-3.565663017079856,29.411746226363437,-71.18321506300968,,,-3.616,354825.0,256920539.0,0.0013810690316199,157.0,0.2540803968156729
2025-03-04,CRST,152.10000610351562,157.39999389648438,151.947998046875,153.6999969482422,638231,155.3300003051758,6.639027793782267,-3.77598475033007,24.935060920268214,-83.53764053311203,,,-3.616,638231.0,256920539.0,0.0024841571735921,152.1,0.2693844130001938
2025-03-05,CRST,148.8000030517578,156.8000030517578,148.8000030517578,150.39999389648438,457379,154.32000122070312,0.0,-4.021979693751662,22.033890790594228,-93.74995434377765,,,-3.616,457380.0,256920539.0,0.0017802391423443,148.8,0.2718743013668392
2025-03-06,CRST,148.5,152.8000030517578,148.5,149.0,615254,153.79000091552734,0.0,-4.273057920972652,22.35870992316616,-99.34333532203044,,,-3.616,615257.0,256920539.0,0.002394736529803,148.5,0.2697708596016384
2025-03-07,CRST,150.39999389648438,151.6999969482422,148.0,148.5,517475,153.43000030517578,10.389581222314552,-4.474107860153501,28.94735151379355,-92.01651889393672,,,-3.616,517479.0,256920539.0,0.0020141597165184,150.4,0.2779860166732016
2025-03-10,CRST,145.60000610351562,154.3000030517578,145.60000610351562,150.8000030517578,748968,152.69000091552735,0.0,-4.699645272561536,28.350507355295008,-100.05121125418326,,-3.842,-3.842,748970.0,256920539.0,0.0029151814911924,145.6,0.2911928822664368
2025-03-11,CRST,151.10000610351562,152.3000030517578,147.0,148.8000030517578,491925,152.01000213623047,36.1842177911493,-4.830247184979899,40.44118142046011,-81.75074593551838,,,-3.842,491927.0,256920539.0,0.0019147048418733,151.1,0.3319090883758183
2025-03-12,CRST,146.1999969482422,154.6999969482422,146.0,151.60000610351562,670589,151.03000183105468,4.225288546986872,-4.961666671003169,40.6403809437905,-94.11233038410391,,,-3.842,670592.0,256920539.0,0.0026101144058396,146.2,0.3446309277885173
2025-03-13,CRST,148.8000030517578,149.89999389648438,143.5,143.5,737980,150.5800018310547,32.51535005808636,-5.033919148860511,43.95348977501085,-113.83483722105775,,,-3.842,737984.0,256920539.0,0.0028724211885605,148.8,0.3478911698060621
2025-03-14,CRST,151.10000610351562,154.64199829101562,147.6999969482422,151.6999969482422,729781,149.96000213623046,46.62579558655991,-5.017130772592468,47.85553677196957,-55.57368849191632,,,-3.842,729783.0,256920539.0,0.0028405008133662,151.1,0.3552894778621746
2025-03-17,CRST,152.8000030517578,155.6999969482422,150.3000030517578,151.39999389648438,219320,149.54000244140624,57.05522276423677,-4.906855874066634,43.79563019369756,-14.699826147769436,,,-3.842,219322.0,256920539.0,0.0008536569355399,152.8,0.3517108129684604
2025-03-18,CRST,153.8000030517578,157.39999389648438,149.39999389648438,149.39999389648438,639278,149.71000213623046,66.45163259198588,-4.7166280938795735,47.26368518003285,10.954346521977872,,,-3.842,639279.0,256920539.0,0.002488236255802,153.8,0.3459450313710034
2025-03-19,CRST,152.1999969482422,156.0,151.89999389648438,156.0,643951,150.0500015258789,56.12901256930444,-4.501036464389252,48.59334279820391,18.11495958700248,,-3.678,-3.678,,,,,0.3263852168126967
2025-03-20,CRST,162.8000030517578,171.6999969482422,160.5,161.60000610351562,2042810,151.4800018310547,68.43973454032893,-4.101473255937981,56.017503863110335,280.76495229415656,,,-3.678,2042813.0,256920539.0,0.007951147105448,162.8,0.4106296567671285
2025-03-21,CRST,167.0,172.10000610351562,163.01199340820312,165.0,1690518,153.14000244140624,82.16781463242866,-3.531189404037104,60.080643920819206,258.1829930117831,,-0.937,-0.937,1690522.0,256920539.0,0.0065799410455074,167.0,0.405438283162333
2025-03-24,CRST,165.6999969482422,168.8000030517578,163.5,168.39999389648438,386391,155.1500015258789,77.62235038653812,-2.896488876588299,64.78259384069231,183.0190583108092,,-0.231,-0.231,386394.0,256920539.0,0.0015039435986859,165.7,0.4036098678570876
2025-03-25,CRST,175.6999969482422,177.3000030517578,162.5,162.5,1304999,157.61000061035156,95.26625455901429,-2.0885394317128307,75.52180992938685,211.5419723437608,,-0.754,-0.754,1305000.0,256920539.0,0.0050793914923244,175.7,0.4380577042611323
2025-03-26,CRST,172.10000610351562,178.0,171.1999969482422,178.0,975493,160.20000152587892,82.89856841598731,-1.2670305142930367,71.0714340209961,184.48435693706287,,,-0.754,975494.0,256920539.0,0.0037968704401636,172.1,0.4473193553189112
2025-03-27,CRST,169.60000610351562,175.0,166.0,170.8000030517578,2023164,162.28000183105468,75.65219160439311,-0.5170858581534077,66.96113969662511,121.81312635000488,,,-0.754,2023166.0,256920539.0,0.0078746759907739,169.6,0.4331151080886491
2025-03-28,CRST,173.39999389648438,175.8000030517578,167.6999969482422,167.6999969482422,791998,164.51000061035157,86.66664897531703,0.2104954964834917,74.99998627806889,117.87887381137664,,,-0.754,791999.0,256920539.0,0.0030826612892945,173.4,0.4241703165206442
2025-03-31,CRST,169.6999969482422,173.3000030517578,168.1999969482422,170.6999969482422,485787,166.2,75.94202013983242,0.8264078979487034,67.28623586399485,89.21798611107025,,,-0.754,485788.0,256920539.0,0.0018908102944622,169.7,0.4356194133408625
2025-04-01,CRST,163.5,171.60000610351562,163.5,169.39999389648438,938214,167.1699996948242,57.971014492753625,1.2392403361283115,65.69873496032852,52.081785451215296,,,-0.754,938214.0,256920539.0,0.0036517672104058,163.5,0.4614141872233983
2025-04-02,CRST,164.5,165.1999969482422,161.0,162.60000610351562,933322,168.4,55.44554904189418,1.51627476560638,64.6728985290238,29.05478849226788,-0.4023,,-0.754,933322.0,256920539.0,0.0036327263037541,164.5,0.4611197370776078
2025-04-03,CRST,162.89999389648438,166.6999969482422,159.89999389648438,160.8000030517578,469086,168.40999908447264,47.20278712926753,1.6646879716972511,61.17423344796694,22.13722705101995,,,-0.754,469087.0,256920539.0,0.0018258057601225,162.9,0.4440438590948257
2025-04-04,CRST,151.8000030517578,166.1999969482422,151.0,162.6999969482422,615503,166.88999938964844,8.391638612197426,1.5438157896254976,49.19614124245831,-34.26038681335823,,,-0.754,615503.0,256920539.0,0.0023956940242913,151.8,0.4992334533600495
2025-04-07,CRST,143.8000030517578,156.6999969482422,142.80099487304688,148.39999389648438,971199,164.7,2.838171633282787,1.129343066592605,42.77456456211453,-102.16188764231931,-0.3818,,-0.78,971202.0,256920539.0,0.0037801648859221,143.8,0.5173717756242687
2025-04-08,CRST,149.39999389648438,153.1999969482422,144.5,148.0,622293,162.06999969482422,18.747686190665693,0.6393451394843519,48.08742873235468,-90.95894961706242,-0.1594,,-0.78,622294.0,256920539.0,0.0024221263213214,149.4,0.5338569288995406
2025-04-09,CRST,142.5,149.6999969482422,140.10000610351562,148.0,730346,159.10999908447266,6.332438741387238,0.0161534090436619,35.39567163854693,-124.16635861416206,,,-0.78,730349.0,256920539.0,0.0028427038291399,142.5,0.5562216116373376
2025-04-10,CRST,149.0,153.8000030517578,146.1999969482422,148.89999389648438,603319,157.04999847412108,23.482837281696614,-0.5541859898308291,37.46517359964399,-83.4924575067509,0.296,,-0.78,603320.0,256920539.0,0.0023482746936008,149.0,0.5817257109604743
2025-04-11,CRST,149.8000030517578,153.1999969482422,143.89199829101562,153.1999969482422,452769,154.68999938964845,25.593663615713577,-1.0474737540455932,38.84992747255664,-86.89661691313935,,,-0.78,452771.0,256920539.0,0.0017622997435794,149.8,0.5821537749025558
2025-04-14,CRST,157.10000610351562,157.1999969482422,148.8000030517578,152.1999969482422,750485,153.43000030517578,44.85488849003991,-1.3477533969504711,36.44314752076787,-46.362738814433605,,,-0.78,750487.0,256920539.0,0.0029210860405364,157.1,0.6063919695884008
2025-04-15,CRST,163.8000030517578,164.8000030517578,157.3000030517578,157.6999969482422,499105,153.46000061035156,66.38655174845648,-1.4013517927176262,44.21198958315821,9.677029486941752,0.5606,,-0.78,499105.0,256920539.0,0.0019426434412081,163.8,0.5732801926621326
2025-04-16,CRST,165.89999389648438,166.1999969482422,162.14199829101562,163.0,319286,153.6,72.26887954745078,-1.2608273536783423,47.40531947814482,28.72766771374376,,,-0.78,319286.0,256920539.0,0.0012427422161059,165.9,0.5676357323807343
2025-04-17,CRST,168.39999389648438,169.6999969482422,161.39999389648438,166.5,395595,154.15,85.24093492263748,-0.9632372854024922,46.42856987155146,42.57922456698414,-0.4404,,-0.78,395597.0,256920539.0,0.0015397640124054,168.4,0.5691249308442883
2025-04-22,CRST,168.1999969482422,173.3000030517578,164.3000030517578,164.3000030517578,574780,155.78999938964844,84.63853442075195,-0.5837971085969116,48.87217993355884,59.3199640746032,0.0,,-0.78,574784.0,256920539.0,0.0022372053329687,168.2,0.569179880781987
2025-04-23,CRST,171.0,175.39999389648438,169.89999389648438,172.0,500491,158.50999908447267,87.53542374493175,-0.1269427454664309,55.94295000145092,83.68525550426467,,,-0.78,500495.0,256920539.0,0.0019480536742918,171.0,0.5288169497931771
2025-04-24,CRST,171.8000030517578,175.0,169.3990020751953,170.1999969482422,411223,160.75,89.80172212568405,0.3675371789064787,55.802866081883685,83.23530939297214,-0.4215,,-0.78,411224.0,256920539.0,0.0016005882659307,171.8,0.5239265880958355
2025-04-25,CRST,173.8000030517578,178.1999969482422,169.39999389648438,174.39999389648438,472182,163.88000030517577,88.45145681421238,0.8907497617459095,58.60980559619345,97.2509623189776,,,-0.78,472181.0,256920539.0,0.0018378483940515,173.8,0.5222466883089375
2025-04-28,CRST,175.89999389648438,178.0,171.8000030517578,173.8000030517578,419688,166.56999969482422,93.96324513270544,1.436017678657874,72.19153133968582,104.4870734609717,0.0,,-0.78,419694.0,256920539.0,0.0016335556574556,175.9,0.5180988763290204
2025-04-29,CRST,178.89999389648438,183.5,175.1999969482422,177.0,529611,169.47999877929686,89.40090610499314,2.011115879563719,85.59838782911261,128.94884574679386,-0.128925,,-0.78,529614.0,256920539.0,0.002061392219016,178.9,0.5138268404908392
2025-04-30,CRST,179.8000030517578,183.3000030517578,173.60000610351562,180.3000030517578,473256,171.7499984741211,91.47466021062758,2.5845389071016607,84.08073474847797,118.7426769673804,,-0.818,-0.818,,,,,0.492301748627641
2025-05-01,CRST,185.3000030517578,185.3000030517578,177.6999969482422,180.10000610351562,364159,173.8999984741211,100.0,3.2087107865674747,99.53704406858684,130.7769971568219,0.0,,-0.818,364160.0,256920539.0,0.0014174032228696,185.3,0.4971698272949118
2025-05-02,CRST,188.1000061035156,188.8999938964844,184.0,188.8999938964844,362743,176.11999969482423,98.22256516379603,3.869330054359644,99.4936786120451,136.91658727669312,,,-0.818,362744.0,256920539.0,0.0014118917911813,188.1,0.4107468295588655
2025-05-06,CRST,188.6999969482422,191.0,185.1999969482422,191.0,664860,178.15,94.54975540737895,4.518916603039003,99.49110175480013,125.92071564910526,,,-0.818,664865.0,256920539.0,0.0025878234670837,188.7,0.4097586230375304
2025-05-07,CRST,193.8999938964844,195.5,187.6000061035156,188.6999969482422,1010090,180.71999969482425,95.81150201220304,5.200199046097862,99.46237353041792,131.8142470519044,0.5859,,-0.818,1010090.0,256920539.0,0.0039315268601394,193.9,0.3360045930706315
2025-05-08,CRST,197.0,197.7449951171875,192.5500030517578,194.6999969482422,1705984,183.31999969482425,97.95021298069696,5.90324039158982,99.40477082518736,136.52838955049873,-0.3612,,-0.818,1705985.0,256920539.0,0.0066401269693739,197.0,0.3242280559529193
2025-05-09,CRST,192.8999938964844,198.5,191.6000061035156,197.0,743479,185.42999877929688,84.9056464090852,6.504197324789102,87.92134181310387,118.84419255427514,0.368,,-0.818,743487.0,256920539.0,0.0028938402624167,192.9,0.2695293569086236
2025-05-12,CRST,189.8000030517578,198.3999938964844,189.3999938964844,194.1999969482422,576464,187.02999877929688,74.56141016208673,6.9453836458358,79.55802618695053,100.32620115386769,0.0,,-0.818,576469.0,256920539.0,0.0022437637809875,189.8,0.2667137521693421
2025-05-13,CRST,188.5,194.1000061035156,186.6999969482422,194.1000061035156,317431,188.28999938964844,65.63691724304634,7.226730402816004,77.21179811110116,76.7126753974974,,,-0.818,317432.0,256920539.0,0.0012355259771582,188.5,0.2743462970498294
2025-05-14,CRST,185.3000030517578,190.3999938964844,183.8999938964844,187.6999969482422,348842,188.93000030517575,54.6407412476018,7.325618892971501,68.96552282403377,51.19013629118594,,,-0.818,348844.0,256920539.0,0.0013577894603436,185.3,0.2551743307085107
2025-05-15,CRST,187.3000030517578,189.6000061035156,181.6999969482422,188.8999938964844,449371,189.68000030517575,61.512046051120606,7.320174442857271,69.92288230333222,42.15765195544298,,,-0.818,449373.0,256920539.0,0.0017490738644293,187.3,0.2212899788606332
2025-05-16,CRST,187.6999969482422,191.5,185.0,187.0,264813,189.9199996948242,59.55054574465471,7.239319044847848,68.63270569099838,49.94294732319644,0.296,,-0.818,264818.0,256920539.0,0.0010307389243021,187.7,0.2206953190204707
2025-05-19,CRST,187.1999969482422,188.0,181.8000030517578,188.0,340763,189.8299987792969,54.6184505155511,7.090959018777319,65.8263361592727,25.3323569780437,,,-0.818,340766.0,256920539.0,0.0013263478323934,187.2,0.2203087085584105
2025-05-20,CRST,191.8000030517578,191.8000030517578,183.5,188.0,419073,190.13999938964844,73.09237513834026,6.96529435815101,67.29223605876555,49.78109794604099,,,-0.818,419075.0,256920539.0,0.001631146352219,191.8,0.2289055764061993
2025-05-21,CRST,185.6000061035156,192.1000061035156,184.156005859375,185.8000030517578,491849,189.31000061035155,37.98080767399602,6.745649617059102,56.80751678198517,27.19537768995539,0.23835,,-0.818,491850.0,256920539.0,0.0019144051383139,185.6,0.2639603102930075
2025-05-22,CRST,179.60000610351562,185.8999938964844,179.1999969482422,180.6999969482422,420801,187.57000122070312,2.0725859690317785,6.367512926793439,43.387473133373526,-46.57439975952773,,,-0.818,420800.0,256920539.0,0.0016378604903985,179.6,0.294102223576694
2025-05-23,CRST,180.8000030517578,181.3999938964844,175.6999969482422,175.89999389648438,287360,186.3600021362305,22.368444828442374,5.914491503910638,41.20481236646257,-86.79139436032007,,,-0.818,287362.0,256920539.0,0.0011184858988638,180.8,0.2925549050851889
2025-05-27,CRST,184.3000030517578,185.75,180.9510040283203,184.8000030517578,422125,185.81000213623048,37.71931996672514,5.480642046276112,45.04505123723365,-38.773366050444096,,,-0.818,422128.0,256920539.0,0.0016430294037332,184.3,0.296942108198905
2025-05-28,CRST,182.6000061035156,186.5,181.5,184.1999969482422,440743,185.22000274658205,30.263193998745837,5.041938360231099,36.18583193243452,-52.82937429617121,,,-0.818,440745.0,256920539.0,0.0017154914967697,182.6,0.2945015791659888
2025-05-29,CRST,184.3999938964844,185.0,181.1999969482422,181.1999969482422,241450,185.1300018310547,38.157876244544816,4.64041586656603,34.09089157621847,-59.94721565960264,,,-0.818,241452.0,256920539.0,0.0009397925169384,184.4,0.2958323485033016
2025-05-30,CRST,182.6999969482422,185.8999938964844,179.0,179.0,849838,184.6700012207031,30.837008550972765,4.245547391714682,36.2903143108292,-85.8941076697623,,,-0.818,849838.0,256920539.0,0.00330778536939,182.7,0.2982233889646007
2025-06-02,CRST,179.5,183.36399841308597,179.0070037841797,180.0,249024,183.8500015258789,20.652180222794797,3.8148186412301657,36.19301523302806,-117.03766007419446,,,-0.818,249026.0,256920539.0,0.000969272448864,179.5,0.2833661896986348
2025-06-03,CRST,174.5,180.3999938964844,173.17100524902344,177.89999389648438,608956,182.5800018310547,7.020945063041553,3.295726054439755,32.92681656019002,-169.01837198422274,0.1779,,-0.818,608959.0,256920539.0,0.0023702231140033,174.5,0.291027596065246
2025-06-04,CRST,174.60000610351562,177.60000610351562,174.35000610351562,175.3000030517578,322666,180.8600021362305,7.549267208961324,2.7425443307427435,35.88390108273046,-150.9179871083048,,,-0.818,322668.0,256920539.0,0.0012559058191918,174.6,0.2903671259483232
2025-06-05,CRST,175.1999969482422,176.6999969482422,171.6999969482422,171.6999969482422,352846,179.82000122070312,17.15685504530886,2.200316586710822,33.42463531463649,-145.09256269421087,,-0.901,-0.901,,,,,0.2568799326323639
2025-06-06,CRST,175.3000030517578,178.5,173.5,178.5,720546,179.39000091552734,17.64708082292707,1.6899596316442191,32.87292794391507,-118.46810862122868,0.0,,-0.901,720547.0,256920539.0,0.0028045519552642,175.3,0.2513738193987722
2025-06-09,CRST,175.1999969482422,177.3000030517578,169.60000610351562,170.8000030517578,482775,178.8300003051758,24.88884819878472,1.2208851257530948,33.2402177489613,-129.16403529367076,,,-0.683,482777.0,256920539.0,0.0018790907176167,175.2,0.2481378980862405
2025-06-10,CRST,181.1000061035156,181.8999938964844,174.89999389648438,177.39999389648438,972826,178.51000061035157,51.11111111111112,0.8936238759757336,35.57951537909463,-44.34910740525339,0.34,,-0.683,972829.0,256920539.0,0.003786497583208,181.1,0.2753895436181245
2025-06-11,CRST,189.3000030517578,193.3999938964844,180.6999969482422,182.1999969482422,674673,179.18000030517578,82.77313887556771,0.8011934158003889,54.73145500587913,92.6054090212358,0.43035,-0.321,-0.321,674676.0,256920539.0,0.0026260103712455,189.3,0.3187699460855156
2025-06-12,CRST,196.8999938964844,197.6000061035156,184.8000030517578,184.8000030517578,1135496,180.43000030517575,97.49995640345982,0.980223035902814,71.2530658182726,160.90209042618622,0.16216666666666665,-0.254,-0.254,1135499.0,256920539.0,0.0044196505441707,196.9,0.3477954816160446
2025-06-13,CRST,188.6000061035156,197.5,187.6999969482422,194.3000030517578,1473905,181.02000122070316,67.85714285714286,1.1853579625063193,58.1590036962682,123.14625836962058,0.054000000000000006,,-0.254,1473906.0,256920539.0,0.0057368165493378,188.6,0.3720830016189144
2025-06-16,CRST,185.1999969482422,191.8999938964844,184.1000061035156,189.6000061035156,465936,181.59000091552736,55.71425301688058,1.3391548467770489,50.943390190738135,64.81852179300789,,2.24,2.24,465941.0,256920539.0,0.0018135607289847,185.2,0.3381012958681795
2025-06-17,CRST,185.3000030517578,189.0,182.6999969482422,189.0,564703,182.6700012207031,56.07141767229353,1.4512550880804664,52.92841375753879,44.69383730478178,,,2.24,564703.0,256920539.0,0.0021979675202222,185.3,0.3376158495628946
2025-06-18,CRST,185.3000030517578,189.6000061035156,182.6000061035156,189.3000030517578,405839,183.74000091552733,56.07141767229353,1.528036497579735,51.01581161768986,50.99974902772053,,,2.24,405841.0,256920539.0,0.0015796362625566,185.3,0.3309183508220565
2025-06-19,CRST,182.8999938964844,190.1999969482422,182.1999969482422,190.1999969482422,320894,184.5100006103516,47.49995640345982,1.536882290556799,50.222218756029335,42.6706514548825,,2.208,2.208,,,,,0.3307017745667469
2025-06-20,CRST,184.1000061035156,186.3999938964844,180.0,183.1000061035156,2835990,185.3900009155273,51.785714285714285,1.5183262724263575,55.34884051028193,16.902724511414306,,,2.208,2835989.0,256920539.0,0.0110383895777207,184.1,0.3297383544035123
2025-06-23,CRST,188.8999938964844,188.8999938964844,182.8999938964844,188.1000061035156,280906,186.7600006103516,68.92852783203125,1.5566884962122518,66.82241557935959,62.95595775402885,,,2.208,280908.0,256920539.0,0.0010933652914374,188.9,0.3342720469923126
2025-06-24,CRST,189.6000061035156,194.0,186.8000030517578,191.3999938964844,600418,187.6100006103516,71.42857142857143,1.636335238135859,67.2810962695446,101.27794463791996,,,2.208,600422.0,256920539.0,0.0023369949414593,189.6,0.3140917130992611
2025-06-25,CRST,190.5,191.6999969482422,189.6000061035156,190.8000030517578,250441,187.7300003051758,74.64283534458706,1.748312440369172,67.50571331302321,96.99506098541526,,,2.208,250444.0,256920539.0,0.0009747916650603,190.5,0.3137765445423039
2025-06-26,CRST,190.6999969482422,193.3000030517578,186.8999938964844,191.1000061035156,365513,187.1100006103516,75.35711015973773,1.8738897956079053,67.57989435905796,83.2900935136633,,,2.208,365517.0,256920539.0,0.0014226850115708,190.7,0.3140033199105459
2025-06-27,CRST,194.6999969482422,196.5,190.1999969482422,191.6999969482422,616259,187.71999969482425,87.2246361419349,2.060955180727874,70.44024634141036,113.70116677425666,,,2.208,616259.0,256920539.0,0.0023986365683282,194.7,0.3188659937210221
2025-06-30,CRST,186.6999969482422,196.6000061035156,185.0,194.6000061035156,635380,187.86999969482423,38.068151276969466,2.144421133776854,55.622480423250586,56.55259852245062,,,2.208,635383.0,256922810.0,0.002473050174097,186.7,0.3591230782260978
2025-07-01,CRST,188.6999969482422,188.8000030517578,182.6000061035156,184.6000061035156,388746,188.20999908447263,49.43178369980424,2.185598809051642,49.31191970238367,18.62990514855919,,,2.208,388747.0,256922810.0,0.0015130886977298,188.7,0.3597911857980159
2025-07-02,CRST,180.6999969482422,192.1999969482422,180.3600006103516,192.1999969482422,582090,187.7499984741211,3.999982561383928,2.065495659874529,31.59091894291308,-20.44506019881072,,,2.208,583107.0,256922810.0,0.00226958050163,180.7,0.3955860542704128
2025-07-03,CRST,184.0,185.1999969482422,178.0,178.0,342598,187.85999908447263,32.25805393077762,1.8985427589235775,44.10256089230199,-63.57913374383988,,,2.208,342600.0,256922810.0,0.0013334744392683,184.0,0.3827091650773675
2025-07-04,CRST,182.6999969482422,185.0,179.69000244140625,182.3999938964844,251404,187.71999816894527,25.26879250514779,1.6859093357226886,46.61246836594605,-75.20832807088384,,1.865,1.865,,,,,0.3458435560674905
2025-07-07,CRST,184.0,185.5,181.1000061035156,182.0,268526,187.2299987792969,32.25805393077762,1.4726891025878257,48.29396020622182,-74.27839225949218,,,1.865,268529.0,256922810.0,0.0010451738403452,184.0,0.3111643608546435
2025-07-08,CRST,183.5,186.5,181.1000061035156,183.3000030517578,369915,186.6199981689453,29.569882769879488,1.2589446609690271,47.66839111970592,-80.28168992636161,,,1.865,369917.0,256922810.0,0.001439798202425,183.5,0.2750760755927252
2025-07-09,CRST,186.1000061035156,188.6999969482422,182.6999969482422,185.0,247113,186.17999877929688,43.54840562113916,1.0946886817725374,54.12372512484279,-28.810717238344083,,,1.865,247115.0,256922810.0,0.0009618258495615,186.1,0.2804583979280002
2025-07-10,CRST,189.3000030517578,189.6000061035156,186.8000030517578,187.3999938964844,275610,186.03999938964844,60.75268464359254,1.0186207473477389,56.37254480305505,43.20900243030479,,,1.865,275610.0,256922810.0,0.0010727346474219,189.3,0.2791560623661138
2025-07-11,CRST,187.0,189.3999938964844,185.6999969482422,188.6999969482422,228502,185.2699996948242,48.38708089616644,0.9627981296051752,47.51959139930598,19.299976759014086,,0.8,0.8,,,,,0.2791807115010026
2025-07-14,CRST,188.3999938964844,189.22999572753903,181.6999969482422,181.6999969482422,191886,185.43999938964845,55.913927332091845,0.942732871273392,48.461522811498405,-5.295516041481926,,,0.8,191889.0,256922810.0,0.0007468741292374,188.4,0.2794728280848371
2025-07-15,CRST,185.1999969482422,188.8999938964844,184.1999969482422,187.1000061035156,333990,185.08999938964843,38.70964830963847,0.8929287258091331,43.58353188846528,-15.523010447583086,,,0.8,386326.0,256922810.0,0.0015036656340478,185.2,0.2871851278535355
2025-07-16,CRST,186.0,188.1000061035156,182.0,182.0,345325,185.61999969482423,43.010738574370166,0.8378240538964277,44.39141298176703,-35.0255307558443,,,0.8,345329.0,256922810.0,0.001344096306591,186.0,0.2866967798348675
2025-07-17,CRST,188.1000061035156,189.3000030517578,184.0,186.8000030517578,249249,186.03000030517575,54.3010902647317,0.8138805930410069,41.75001459121148,11.25169127892084,,,0.8,249250.0,256922810.0,0.0009701357384344,188.1,0.2738385246648141
2025-07-18,CRST,186.0,190.0,185.6999969482422,190.0,239591,186.3600006103516,56.3380402767644,0.7753641619810887,48.97361215583286,9.33793744125915,,,0.8,239593.0,256922810.0,0.0009325485736357,186.0,0.2761970675886362
2025-07-21,CRST,188.8000030517578,190.8999938964844,185.0,187.1000061035156,220907,186.84000091552736,76.05637586488876,0.7726379720800658,50.14327511970928,36.22257590336624,,,0.796,220908.0,256922810.0,0.0008598224501748,188.8,0.2812820572390788
2025-07-22,CRST,188.6000061035156,192.1000061035156,185.6000061035156,192.1000061035156,158870,187.3500015258789,75.17731570961996,0.7875354906158378,64.57565115845648,55.37417401138117,,,0.796,158872.0,256922810.0,0.000618364714289,188.6,0.2697646958317738
2025-07-23,CRST,188.8000030517578,191.3999938964844,184.1000061035156,184.1000061035156,173113,187.62000122070316,73.40852475464219,0.8140941374498993,60.0,41.46549939542056,,,0.796,173116.0,256922810.0,0.0006738054904506,188.8,0.2254773263180929
2025-07-24,CRST,189.6999969482422,191.3999938964844,187.6000061035156,187.6000061035156,316908,187.6600006103516,78.18173495205966,0.8590728972019974,64.8305046390586,90.80713694771984,,1.611,1.611,,,,,0.1557720370539098
2025-07-25,CRST,186.8000030517578,189.6999969482422,185.6999969482422,187.8000030517578,219025,187.6400009155273,51.81815407492898,0.8650134561690663,55.5555622834175,36.25941697068482,,,1.611,219027.0,256922810.0,0.0008525011850835,186.8,0.1562075143428929
2025-07-28,CRST,184.5,190.3999938964844,183.3000030517578,190.3999938964844,381842,187.2500015258789,26.923082566115248,0.8075074672373319,51.85185185185185,-8.18041586615208,,,1.611,381844.0,256922810.0,0.0014862207057442,184.5,0.1607567362402156
2025-07-29,CRST,183.5,186.1999969482422,183.3000030517578,183.6999969482422,211748,187.0800018310547,17.30770641528812,0.6954540813962433,44.88187651912095,-70.0712963808383,,,1.611,211750.0,256922810.0,0.0008241775029628,183.5,0.1621430877628162
2025-07-30,CRST,180.8000030517578,185.8000030517578,178.0,184.1000061035156,306206,186.56000213623048,19.85816907596709,0.5104235126609815,32.93172272383546,-157.86252408298478,,,1.611,306209.0,256922810.0,0.0011918326753471,180.8,0.1683137867820087
2025-07-31,CRST,182.6999969482422,183.1000061035156,176.60000610351562,179.89999389648438,279536,186.02000122070316,39.35477964339718,0.3185018021541992,41.22447810237845,-172.16828402684652,,,1.611,279538.0,256925025.0,0.0010880139060023,182.7,0.1728270887632011
2025-08-01,CRST,181.0,186.1000061035156,178.56399536132812,186.1000061035156,236931,185.52000122070316,28.387057396673388,0.1044733222220861,35.08065012317786,-132.3649656718916,,,1.611,236932.0,256925025.0,0.0009221834268576,181.0,0.1669984738876917
2025-08-04,CRST,183.6999969482422,183.6999969482422,177.0,177.0,325617,185.0100006103516,45.80639254662298,-0.0693527673694048,46.91357869645921,-134.35699803044938,,,1.611,325619.0,256925025.0,0.001267369731695,183.7,0.1638113040323343
2025-08-05,CRST,182.3999938964844,186.1000061035156,181.5500030517578,184.3999938964844,266313,184.38999938964844,37.41927608366935,-0.2294512471390441,42.74191960583083,-74.56143670821602,,,1.611,266320.0,256925025.0,0.0010365669907008,182.4,0.1649030665422143
2025-08-06,CRST,188.1000061035156,188.1000061035156,180.10000610351562,182.3999938964844,222476,184.31999969482425,74.19354838709677,-0.2810895686589544,50.0,-9.870345307941257,,,1.611,222479.0,256925025.0,0.0008659296617758,188.1,0.197521068196621
2025-08-07,CRST,185.3999938964844,188.8000030517578,183.3999938964844,188.1000061035156,254941,183.88999938964844,56.774114793346776,-0.3044766559154468,48.96550671807652,7.826001466441266,,,1.611,254942.0,256925025.0,0.0009922816977443,185.4,0.2022372111972426
2025-08-08,CRST,184.8999938964844,188.3000030517578,182.5,188.3000030517578,175414,183.6999984741211,53.54830834173387,-0.3162136711827567,42.69661123401328,-9.303168666803623,,,1.611,175415.0,256925025.0,0.000682747817189,184.9,0.1931569618476173
2025-08-11,CRST,180.8000030517578,187.6999969482422,179.1999969482422,187.6999969482422,177712,183.3299987792969,28.378381164865164,-0.3847256177178265,37.25489316101867,-85.81734959033817,,,1.1,177717.0,256925025.0,0.0006917076294923,180.8,0.2023238326337022
2025-08-12,CRST,180.3000030517578,184.1000061035156,177.89999389648438,183.0,574202,183.00999908447267,25.0,-0.492331822282773,36.24595197579136,-120.44571860286402,,,1.1,574202.0,256925025.0,0.0022349010183029,180.3,0.1993986805714989
2025-08-13,CRST,179.60000610351562,181.6000061035156,178.10000610351562,178.5,256063,182.88999938964844,21.739149664527485,-0.6288465740126992,33.550501875041945,-125.97414536701524,,,1.1,256063.0,256925025.0,0.0009966448383142,179.6,0.1994925901928084
2025-08-14,CRST,178.89999389648438,182.8000030517578,178.89999389648438,179.60000610351562,258108,182.50999908447267,16.66659295264464,-0.7860593315677826,36.140342235716574,-102.08636996172908,,,1.1,258111.0,256925025.0,0.0010046160353589,178.9,0.1895076631630016
2025-08-15,CRST,179.0,182.8999938964844,177.9600067138672,182.8999938964844,488831,182.30999908447265,19.672086039580307,-0.9446167184607004,39.54373351558774,-96.6632724560902,,,1.1,488830.0,256925025.0,0.0019026173102444,179.0,0.18977154198981
2025-08-18,CRST,175.89999389648438,181.3999938964844,172.89999389648438,179.0,343850,181.52999877929688,18.867913664093788,-1.143010867007217,36.61971906659274,-153.40846582133338,,,1.1,343853.0,256925025.0,0.0013383398522584,175.9,0.1962483782121633
2025-08-19,CRST,176.3000030517578,177.5,174.10000610351562,175.39999389648438,1544594,180.9199996948242,21.38369306627589,-1.3469867114722465,41.37932244056096,-154.47797420495232,,,1.1,1544595.0,256925025.0,0.0060118511227156,176.3,0.1950581680052365
2025-08-20,CRST,173.3000030517578,179.10000610351562,170.5,179.10000610351562,1802582,179.43999938964845,15.300560572796504,-1.5885614966630262,32.72062659670074,-172.46913342450864,,,1.1,1802583.0,256925025.0,0.0070159884191896,173.3,0.2001949793362241
2025-08-21,CRST,168.5,175.60000610351562,168.5,172.60000610351562,1141782,177.75,0.0,-1.913999412351433,29.37297053396611,-218.0534796066294,,,1.1,1111782.0,256925025.0,0.0043272623988262,168.5,0.2135205434430757
2025-08-22,CRST,170.10000610351562,171.39999389648438,165.60000610351562,165.60000610351562,1046742,176.27000122070314,19.396554275585604,-2.245051565507768,26.71239068693156,-210.92602639217583,,,1.1,1046744.0,256925025.0,0.0040741224020509,170.1,0.2176825987167721
2025-08-26,CRST,164.89999389648438,170.89999389648438,164.3000030517578,166.8000030517578,680610,174.68000030517578,2.4489422233737246,-2.6401145441109315,23.565008302423976,-198.580837338386,,,1.1,680614.0,256925025.0,0.0026490763210006,164.9,0.2373307396918249
2025-08-27,CRST,162.10000610351562,165.89999389648438,160.10000610351562,164.89999389648438,977601,172.86000061035156,6.968641855979346,-3.0932432286894214,6.9537032826560505,-201.4000630738361,,,1.1,977603.0,256925025.0,0.0038050127658837,162.1,0.2386652005944371
2025-08-28,CRST,155.0,163.3000030517578,154.1999969482422,162.0,814634,170.4,2.346049585238444,-3.66523894208576,6.06941947866153,-208.12738472032663,,,1.1,814635.0,256925025.0,0.0031707109885461,155.0,0.2670153967440054
2025-08-29,CRST,150.1999969482422,157.60000610351562,150.1999969482422,152.10000610351562,1196750,167.53000030517578,0.0,-4.34998067015335,5.398506993735282,-202.2053518702837,,,1.1,1196750.0,256927446.0,0.0046579297721271,150.2,0.2791596540513468
2025-09-01,CRST,148.39999389648438,152.0,147.10000610351562,150.0,1781090,164.46999969482422,3.5134805215371623,-5.088297634645306,5.737755151814312,-185.17090401847477,,1.544,1.544,,,,,0.2667487251701273
2025-09-02,CRST,145.89999389648438,149.0,144.3000030517578,147.1999969482422,5115136,161.46999969482422,4.145054985019898,-5.849779504433535,5.440462538339631,-167.31262686696834,,,1.544,5115136.0,256927446.0,0.0199088734179064,145.9,0.2179753101609917
2025-09-03,CRST,146.6999969482422,148.60000610351562,143.1999969482422,145.89999389648438,6705973,158.50999908447267,8.81612158450045,-6.559766137947366,7.49359190962079,-143.1412376476085,,,1.544,6705970.0,256927446.0,0.0261006369868324,146.7,0.2269632555317143
2025-09-04,CRST,149.39999389648438,150.10000610351562,146.0,148.0,2258667,156.1199981689453,15.61712197692425,-7.142229974146274,13.759251802747173,-112.69848201127688,,,1.544,2258669.0,256927446.0,0.0087910771510179,149.4,0.2491434834654378
2025-09-05,CRST,151.39999389648438,153.3000030517578,149.8000030517578,149.8000030517578,1611954,154.40999755859374,21.465962312385784,-7.566043856001425,17.605654486868147,-85.04262322106507,,,1.544,1611958.0,256927446.0,0.0062739813324575,151.4,0.2608706396081633
2025-09-08,CRST,148.8000030517578,154.5,147.39999389648438,154.5,729636,152.27999725341795,15.598898817252882,-7.892438787041496,17.81475404547986,-81.87399418793545,,,1.544,729637.0,256927446.0,0.0028398561981579,148.8,0.2583196402266614
2025-09-09,CRST,147.89999389648438,151.6999969482422,146.0,146.0,601547,150.57999725341796,13.091910166133742,-8.137033901356332,16.666672636455942,-82.18128276525707,,,1.544,601549.0,256927446.0,0.0023413185681999,147.9,0.2574348966074297
2025-09-10,CRST,148.8000030517578,149.0,145.60000610351562,147.0,707084,149.2499969482422,17.283964571362368,-8.284631328567007,19.753109211403768,-78.14446348494917,,,1.544,707088.0,256927446.0,0.0027520921217579,148.8,0.2628125223535047
2025-09-11,CRST,152.8000030517578,152.8000030517578,147.00100708007812,147.5,757322,149.02999725341795,34.04257851919388,-8.280995169206612,30.22671777524704,-55.17443068922945,,,1.544,757325.0,256927446.0,0.0029476220302287,152.8,0.2921667287942242
2025-09-12,CRST,153.10000610351562,155.0,150.89999389648438,155.0,655144,149.31999816894532,35.74010919124553,-8.159098904608005,27.8645974066433,-37.71184373042403,,,1.544,655143.0,256927446.0,0.0025499144221439,153.1,0.2927347037205228
2025-09-15,CRST,152.6999969482422,156.10000610351562,150.0,150.0,619366,149.7499984741211,41.8502258906059,-7.95725517636852,31.845254179020912,-33.207783541307414,,,1.544,619370.0,256927446.0,0.0024106805623249,152.7,0.2909222487482943
2025-09-16,CRST,151.1999969482422,154.3000030517578,151.0,152.5,712023,150.27999877929688,39.80098293900889,-7.721678338321391,33.12693834841495,-33.75716193387249,,,1.544,712024.0,256927446.0,0.0027713037711043,151.2,0.2890332869044735
2025-09-17,CRST,156.5,157.0,151.3000030517578,151.3000030517578,476911,151.25999908447267,92.36107358228456,-7.37514984757308,52.45901393301149,-3.510957393376781,,1.611,1.611,,,,,0.3121732084376554
2025-09-18,CRST,158.89999389648438,160.10000610351562,153.5,160.10000610351562,967344,152.20999908447266,92.89933989972543,-6.922144647243967,65.48040984750455,34.94649624176148,,,1.611,967345.0,256927446.0,0.0037650512432992,158.9,0.3160623231047103
2025-09-19,CRST,156.39999389648438,158.8000030517578,153.8000030517578,158.5,6424209,152.70999908447266,78.10644850522635,-6.450258261332191,63.88888005857676,35.703927952516295,,,1.611,10454734.0,256927446.0,0.0406913864702488,156.4,0.3031519760443641
2025-09-22,CRST,156.0,159.1999969482422,155.39999389648438,159.1999969482422,592154,153.42999877929688,75.73962199756402,-5.982954803864399,68.91386046043803,61.36094792514275,,,1.611,592155.0,256927446.0,0.0023047557169116,156.0,0.2982790335371965
2025-09-23,CRST,155.60000610351562,161.0,155.60000610351562,160.39999389648438,764592,154.2,64.9350906709312,-5.535765961360434,66.92016753336192,89.67708619587243,,,1.611,764593.0,256927446.0,0.0029759101719323,155.6,0.2537653526744862
2025-09-24,CRST,157.3000030517578,158.5,154.10000610351562,155.0,581645,155.05,75.97403626837249,-5.084887359069775,65.61266443152573,88.53266797410352,,,1.611,581647.0,256927446.0,0.0022638570112124,157.3,0.2274810717785774
2025-09-25,CRST,155.10000610351562,161.60000610351562,155.10000610351562,161.60000610351562,434969,155.28000030517578,59.375,-4.678842067753408,57.25492589613971,102.25019416893674,,,1.611,434971.0,256927446.0,0.0016929721085539,155.1,0.2292650821837825
2025-09-26,CRST,156.60000610351562,158.1999969482422,154.0,154.0,672256,155.63000030517577,68.75,-4.287587340882522,65.98360681367211,73.61523517564233,,,1.611,672259.0,256927446.0,0.002616532450955,156.6,0.2305400055809257
2025-09-29,CRST,160.0,162.6999969482422,156.39999389648438,160.60000610351562,998101,156.36000061035156,84.21053570870866,-3.862096076858959,72.49072276759327,125.0589023734958,,,1.611,998103.0,256927446.0,0.0038847659739707,160.0,0.2275846893284559
2025-09-30,CRST,162.60000610351562,164.1999969482422,157.60000610351562,159.0,731251,157.5000015258789,90.69718130546607,-3.387166892730753,74.1258871841603,140.61198564118158,,,1.611,731253.0,256930563.0,0.0028461113830198,162.6,0.2312430657058489
2025-10-01,CRST,164.60000610351562,166.0,160.3000030517578,162.89999389648438,877820,158.31000213623048,91.25003814697266,-2.866518680257115,72.18046449834992,163.33903341241069,0.4215,,1.611,877822.0,256930563.0,0.0034165729049525,164.6,0.2276269840892903
2025-10-02,CRST,164.60000610351562,167.5,163.6999969482422,166.0,658709,158.8800033569336,83.42860630580357,-2.337974530260152,71.86312801839874,172.58876047226985,,,1.611,658710.0,256930563.0,0.0025637666158074,164.6,0.2260027871912749
2025-10-03,CRST,167.1999969482422,168.6999969482422,162.8000030517578,162.8000030517578,299882,159.9600036621094,91.52542226766334,-1.7853784650214126,75.43862373070831,168.26867603526344,,,1.611,299885.0,256930563.0,0.0011671830571592,167.2,0.2144941729726261
2025-10-06,CRST,166.6999969482422,168.60000610351562,165.36500549316406,165.6999969482422,340210,161.0300033569336,88.50574309451858,-1.2505830934441713,78.18184945606518,157.13229648992498,0.0,,1.611,340214.0,256930563.0,0.001324147645292,166.7,0.2124940905482759
2025-10-07,CRST,164.3000030517578,168.3000030517578,164.3000030517578,167.1999969482422,370813,161.9000030517578,71.05266592179669,-0.7904198779584029,65.85369030686962,118.6077642145555,-0.6249,,1.611,370814.0,256930563.0,0.0014432459714806,164.3,0.2245880686609218
2025-10-08,CRST,168.0,168.8000030517578,162.5,162.5,638257,162.97000274658205,94.66664632161458,-0.3403243510553664,67.56760418998692,113.8388204186024,,,1.611,638259.0,256930563.0,0.0024841692344713,168.0,0.219441930537466
2025-10-09,CRST,166.0,169.89999389648438,165.3000030517578,167.0,571137,164.06000213623048,75.47172708445694,0.0487330285474615,68.89767705627497,108.95136298614509,,,1.611,571139.0,256930563.0,0.0022229313372889,166.0,0.2272386625745115
2025-10-10,CRST,163.3000030517578,166.5,162.39999389648438,162.60000610351562,304336,164.7300018310547,58.49060768390687,0.3359499023846709,63.17691678441288,57.31074598793131,0.0,,1.611,304338.0,256930563.0,0.0011845145880912,163.3,0.2375602156139453
2025-10-13,CRST,170.60000610351562,171.10000610351562,161.89999389648438,164.1999969482422,839586,165.79000244140624,97.07602443546962,0.6599803244295583,71.67631587303268,102.59190526291088,,,1.611,839591.0,256930563.0,0.0032677739471578,170.6,0.2732641249416773
2025-10-14,CRST,171.6999969482422,172.6999969482422,168.10000610351562,170.6999969482422,604113,166.70000152587892,94.65240554440838,1.0061440379587427,71.17648061997414,132.78865175207267,,,1.611,604113.0,256930563.0,0.0023512695140126,171.7,0.2511672098976957
2025-10-15,CRST,171.5,174.5959930419922,168.1999969482422,168.1999969482422,290662,167.39000091552734,84.96798364769344,1.34254995563917,75.6250149011754,128.151104179681,,-0.224,-0.224,,,,,0.2511672098976957
2025-10-16,CRST,172.10000610351562,175.6999969482422,170.0,175.6999969482422,618486,168.14000091552734,81.34720064513834,1.661717725864121,74.91963371027315,131.90439821183452,,,-0.224,618489.0,256930563.0,0.0024072223747082,172.1,0.2377246328979487
2025-10-17,CRST,161.3000030517578,171.39999389648438,161.1999969482422,168.1999969482422,1492450,167.5500015258789,20.44198242962196,1.7772545254825831,51.68831632076762,11.480420728559192,-0.4404,0.392,0.392,1492452.0,256930563.0,0.0058087756574137,161.3,0.337755074844171
2025-10-20,CRST,159.60000610351562,163.0,158.3000030517578,160.0,530209,166.84000244140626,7.471284527407075,1.7279295667621573,46.01063570753752,-63.02351809202257,,,-0.188,530212.0,256930563.0,0.0020636392720627,159.6,0.3385143558736609
2025-10-21,CRST,161.60000610351562,161.89999389648438,158.10000610351562,158.5,453326,166.57000274658202,19.88637398097679,1.6058286785616478,46.01063570753752,-64.52590218344562,,,-0.188,453326.0,256930563.0,0.0017643911051562,161.6,0.3360795479281555
2025-10-22,CRST,168.8000030517578,169.0,163.60000610351562,164.3000030517578,561987,166.6500030517578,60.79546883087271,1.5557257157872848,54.68749946781534,45.15852708745908,,,-0.188,561989.0,256930563.0,0.0021873186024972,168.8,0.3675997355894567
2025-10-23,CRST,173.0,173.25999450683594,168.5,170.0,442779,167.35000305175782,84.65910026850281,1.6168388226605788,56.25000616600058,121.76455674333006,,,-0.188,442781.0,256930563.0,0.0017233488878471,173.0,0.3697895865440161
2025-10-24,CRST,175.3000030517578,176.10000610351562,171.89999389648438,175.0,379904,168.5500030517578,95.55553860134548,1.77746645998325,58.92117154620977,165.544204611874,0.2553,,-0.188,379908.0,256930563.0,0.0014786407485511,175.3,0.3686565873672086
2025-10-27,CRST,172.39999389648438,176.1999969482422,168.8000030517578,171.1999969482422,395733,168.7300018310547,79.00549738197826,1.9417283529600735,58.3162128873798,112.6898176876902,,,-0.188,395736.0,256930563.0,0.0015402449415875,172.4,0.3742447142375413
2025-10-28,CRST,170.8000030517578,173.1999969482422,167.8000030517578,169.89999389648438,187635,168.64000244140624,70.1657644867944,2.069704735966249,53.004295710151055,65.03415303111707,0.0,,-0.188,187635.0,256930563.0,0.0007302945893595,170.8,0.3765373374812396
2025-10-29,CRST,167.8000030517578,171.3000030517578,165.89999389648438,165.89999389648438,153877,168.27000274658204,53.59117046773692,2.1156488072071014,51.89075987181332,13.384135361458082,,,-0.188,153879.0,256930563.0,0.0005989127887444,167.8,0.3790782672532102
2025-10-30,CRST,167.0,168.6999969482422,163.89999389648438,166.10000610351562,670416,167.76000213623047,49.17126186877266,2.090182577494073,54.048136975186935,-27.59304643223611,0.0,,-0.188,670419.0,256930563.0,0.0026093392400342,167.0,0.3793446681003835
2025-10-31,CRST,165.5,168.89999389648438,165.5,167.0,282432,168.18000183105468,40.883964859243925,1.9925971636068915,43.609013930244,-25.978048999922773,,,-0.188,282435.0,256933278.0,0.0010992542585316,165.5,0.3770301618582858
2025-11-03,CRST,164.1999969482422,167.10000610351562,163.10000610351562,165.1999969482422,149201,168.64000091552734,33.701623923770086,1.829642109481759,40.648380475754514,-62.50268918123405,,,-0.77,149203.0,256933278.0,0.0005807071826639,164.2,0.3666717002307815
2025-11-04,CRST,163.10000610351562,167.6999969482422,161.3000030517578,161.39999389648438,256462,168.79000091552734,27.6243233650958,1.612537168534691,39.75610500428735,-75.56168269257974,,,-0.77,256464.0,256933278.0,0.0009981735413814,163.1,0.3626948229975228
2025-11-05,CRST,163.89999389648438,164.8000030517578,161.60000610351562,163.60000610351562,292846,168.3,32.04414766131541,1.381961166956277,40.048524452220335,-81.56898965567851,,,-0.77,292846.0,256933278.0,0.0011397745059711,163.9,0.3232804540075818
2025-11-06,CRST,162.89999389648438,166.0,162.0,162.0,162267,167.28999938964844,26.51928298829625,1.1359247555675525,52.547757855487504,-70.73533937040763,,,-0.77,162268.0,256933278.0,0.0006315569600914,162.9,0.3220998849709138
2025-11-07,CRST,161.3000030517578,164.39999389648438,159.5,161.1999969482422,187078,165.88999938964844,17.679550093112383,0.8649797723166115,52.71565246005533,-102.085644213495,,,-0.77,187081.0,256933278.0,0.0007281306705626,161.3,0.3230030045048059
2025-11-10,CRST,164.10000610351562,166.2220001220703,160.10000610351562,160.10000610351562,384540,165.06000061035155,27.544951761202647,0.6353269120118817,53.89408395857972,-63.12047522093565,,5.382,5.382,,,,,0.3303959657058976
2025-11-11,CRST,169.3000030517578,169.5,161.0,161.0,269555,164.91000061035157,58.68266372820711,0.5251088125570658,50.83056545772349,-2.817651884338884,,,5.382,269559.0,256933278.0,0.0010491400806399,169.3,0.2641346270755041
2025-11-12,CRST,167.3000030517578,171.60000610351562,166.7949981689453,171.60000610351562,285462,164.86000061035156,46.70661363551224,0.4624222611561047,39.78494388425625,39.72756427313543,,,5.382,285463.0,256933278.0,0.0011110394193468,167.3,0.268934021471591
2025-11-13,CRST,166.8000030517578,170.5,164.5,164.5,134737,164.84000091552736,43.71260111233852,0.42378253399646,33.71645986408558,20.367948882980343,,,5.382,134738.0,256933278.0,0.0005244085197869,166.8,0.265593450890068
2025-11-14,CRST,166.0,166.0,160.6999969482422,163.3000030517578,255892,164.89000091552734,47.44526604317236,0.3885109811837832,36.666662428108765,-45.27287993338634,,,5.382,255901.0,256933278.0,0.0009959823110185,166.0,0.2638912090425461
2025-11-17,CRST,163.39999389648438,167.8000030517578,161.39999389648438,161.39999389648438,372547,164.81000061035155,32.23133825817858,0.3148324539080064,35.199972656233314,-54.01297758749837,,,5.382,372550.0,256933278.0,0.0014499873387362,163.4,0.2156676323878432
2025-11-18,CRST,138.89999389648438,151.8000030517578,138.89999389648438,145.0,3324544,162.38999938964844,0.0,-0.1706572284764127,18.92471114118388,-393.1353774361876,,-5.39,-5.39,3324552.0,256933278.0,0.012939359299343,138.9,0.5559515359067689
2025-11-19,CRST,131.8000030517578,139.86300659179688,131.8000030517578,138.89999389648438,2070800,159.18000030517578,0.0,-1.00169923825603,16.66665221704828,-363.7453445958956,,-5.145,-5.145,2070802.0,256933278.0,0.0080596877762171,131.8,0.5666388190009566
2025-11-20,CRST,128.0,134.3000030517578,126.9000015258789,131.10000610351562,1880364,155.69000091552735,2.460846446247166,-2.0641059111303437,15.970946809665506,-273.2599434885093,,-2.907,-2.907,1880367.0,256933278.0,0.0073185031329417,128.0,0.5711825537896582
2025-11-21,CRST,132.3000030517578,133.0,125.70600128173828,126.0,1680618,152.79000091552734,14.367893574828289,-3.1425258070280133,22.54732590265887,-193.72659921038647,,,-2.907,1680620.0,256933278.0,0.0065410756173048,132.3,0.5949056907948153
2025-11-24,CRST,135.0,138.5,132.3000030517578,132.3000030517578,1042641,149.88000030517577,20.25100828387848,-4.124210601571956,26.465649311514014,-129.53656245724684,,,-2.907,1042644.0,256933278.0,0.0040580340861879,135.0,0.6050802211388047
2025-11-25,CRST,138.39999389648438,138.39999389648438,131.3000030517578,132.0,465524,146.78999938964844,27.65937002892068,-4.930157342500521,29.534506423388123,-104.8955716658584,,,-2.907,465522.0,256933278.0,0.0018118400373189,138.4,0.6177396086192675
2025-11-26,CRST,135.60000610351562,141.60000610351562,133.5,138.5,836142,143.61999969482423,21.55838188495265,-5.6171411601759695,28.705149617125656,-86.58941495978591,,,-2.907,838379.0,256933278.0,0.003263022238793,135.6,0.6183845573906703
2025-11-27,CRST,142.8000030517578,144.26499938964844,136.8000030517578,136.8000030517578,700966,141.21999969482422,37.246698858383766,-6.065874148224032,36.7288343902109,-57.53450102285009,,,-2.907,700969.0,256933278.0,0.0027282141319194,142.8,0.6567204420923926
2025-11-28,CRST,143.6999969482422,147.10000610351562,142.6999969482422,147.10000610351562,862263,138.98999938964843,39.20772601210323,-6.313568576052722,34.955739366273875,-37.14910080541768,,,-2.907,862265.0,256935953.0,0.0033559530689735,143.7,0.6581800544179962
2025-12-01,CRST,140.8000030517578,143.6999969482422,140.1999969482422,140.89999389648438,419172,136.7300003051758,32.88883118532558,-6.454149186898967,28.24426467278852,-46.04534585258461,,,-2.907,419175.0,256935953.0,0.0016314376991841,140.8,0.6589745954764464
2025-12-02,CRST,137.10000610351562,143.5,136.5,141.10000610351562,779049,136.5500015258789,25.436453872853757,-6.564544443286314,27.52975295054492,-52.97399069545244,,,-2.907,779060.0,256935953.0,0.0030321175020609,137.1,0.6626166226601313
2025-12-03,CRST,137.6999969482422,138.8000030517578,135.0,135.0,336934,137.14000091552734,28.49336048407341,-6.625698574364314,28.38036807034013,-57.033182086403095,,,-2.907,336935.0,256935953.0,0.0013113579320679,137.7,0.6639293218884726
2025-12-04,CRST,137.10000610351562,140.39999389648438,136.1999969482422,140.39999389648438,370171,138.0500015258789,27.06800100410614,-6.647254717667624,28.464964563650582,-49.12705712723971,,,-2.907,370173.0,256935953.0,0.0014407209099304,137.1,0.657812428225531
2025-12-05,CRST,136.1999969482422,138.8000030517578,136.0,136.0,258362,138.44000091552735,40.2161223065482,-6.642070283045532,29.20487880335536,-50.1907933629506,,,-2.907,258363.0,256935953.0,0.0010055540961992,136.2,0.6571557350962588
2025-12-08,CRST,131.5,139.3000030517578,131.1999969482422,137.0,661194,138.09000091552736,27.08234744513053,-6.6802442334296455,41.88596183022703,-64.24519506195188,,,-2.907,661197.0,256935953.0,0.0025733922881551,131.5,0.6454954104294397
2025-12-09,CRST,130.0,132.3000030517578,128.4600067138672,129.0,2529774,137.2500015258789,20.071037442652063,-6.752299234034716,47.749993610374766,-85.98640984615228,,,-2.907,2538773.0,256935953.0,0.0098809565977712,130.0,0.6454962035234907
2025-12-10,CRST,131.3000030517578,134.39999389648438,129.10000610351562,131.5,734159,136.82000122070312,26.14752037601345,-6.805682333102476,54.400009440115696,-76.01780108280728,,,-2.907,734159.0,256935953.0,0.0028573618889373,131.3,0.6494541448602852
2025-12-11,CRST,129.3000030517578,132.60000610351562,128.39999389648438,132.39999389648438,782362,135.47000122070312,4.812880041516935,-6.860961120980671,45.73863045242373,-90.05277884090775,,,-2.907,782363.0,256935953.0,0.0030449728458204,129.3,0.6491786991174315
2025-12-12,CRST,129.3000030517578,132.39999389648438,128.10000610351562,131.60000610351562,456659,134.03000183105468,6.315773411800987,-6.898892766250755,41.2307615742773,-95.10196332518636,,,-2.907,456661.0,256935953.0,0.0017773339801923,129.3,0.6502480114900148
2025-12-15,CRST,127.9000015258789,129.89999389648438,126.5,126.5,466775,132.7400016784668,6.796121898429827,-6.930575353643822,32.78687622430047,-120.8223848248599,,,-2.907,466777.0,256935953.0,0.0018167056597174,127.9,0.3913579099080856
2025-12-16,CRST,128.0,131.89999389648438,126.9000015258789,131.1999969482422,362963,131.83000106811522,7.281551240628069,-6.939288698646662,36.33091076947734,-97.21871305389604,,,-2.907,362966.0,256935953.0,0.0014126711180821,128.0,0.3492837591856827
2025-12-17,CRST,132.60000610351562,133.49000549316406,130.0,131.60000610351562,966104,131.32000198364258,29.61167134059533,-6.843942146177976,29.7618961117913,-41.70823220628639,,,-2.907,966106.0,256935953.0,0.0037601043712243,132.6,0.3734275619801387
2025-12-18,CRST,140.10000610351562,141.39999389648438,132.1999969482422,134.6999969482422,1490379,131.62000198364257,79.0698169565985,-6.553114241586055,44.33963486375528,48.90305048029336,,,-2.907,1490384.0,256935953.0,0.0058006051025486,140.1,0.4058848678932411
2025-12-19,CRST,135.60000610351562,140.10000610351562,134.5,140.10000610351562,1126511,131.56000289916992,53.52944766773897,-6.211867090795025,42.21557200824889,25.208797462594383,,,-2.907,1126512.0,256935953.0,0.0043844078138803,135.6,0.4111186900407723
2025-12-22,CRST,137.0,137.39999389648438,133.0,133.0,910127,132.11000289916993,70.46982752440896,-5.820412686208556,49.83921843576268,8.146723333449035,,-2.89,-2.89,910127.0,256935953.0,0.0035422329548406,137.0,0.3963813256664191
2025-12-23,CRST,137.39999389648438,139.10000610351562,135.6999969482422,139.0,494219,132.85000228881836,73.15435141927279,-5.398362467491358,49.51455807278987,34.687628607780134,,,-2.89,494221.0,256939115.0,0.0019234945990998,137.4,0.3893327389135339
2025-12-24,CRST,139.6999969482422,140.39999389648438,136.0,136.0,355544,133.6900016784668,88.59061983479538,-4.930260789662479,53.98771527292165,54.71796742832824,,,-2.89,355544.0,256939115.0,0.0013837675123929,139.7,0.3434157838002236
2025-12-29,CRST,141.1999969482422,142.3000030517578,139.10000610351562,139.8000030517578,519532,134.88000106811523,93.0379373984156,-4.42266492732007,57.530121174099584,92.49096185743852,,,-2.89,519532.0,256939115.0,0.0020220043180268,141.2,0.3450025383141574
2025-12-30,CRST,143.3000030517578,145.10000610351562,140.10000610351562,140.5,497301,136.28000106811524,90.32256741347204,-3.873339370255672,69.28104689234378,129.89156629875663,,,-2.89,497302.0,256939115.0,0.001935485766735,143.3,0.3411053683070806
2025-12-31,CRST,143.5,144.89999389648438,140.6999969482422,140.6999969482422,171277,137.84000091552736,91.3978194705366,-3.314636043974139,73.03754026262821,130.10396570886925,,,-2.89,171278.0,256939115.0,0.000666609286017,143.5,0.3254320606655967
2026-01-02,CRST,143.89999389648438,145.89999389648438,140.8000030517578,142.0,3522325,139.43000030517578,89.69071840603807,-2.7654066701721485,72.18308724053337,128.85069919475427,,,-2.89,3522326.0,256939115.0,0.0137087963426666,143.9,0.3253582188237685
2026-01-05,CRST,141.1999969482422,145.5,137.0,143.89999389648438,1273960,140.28999938964844,75.77320398490481,-2.287680850778913,70.44673134088093,84.1525853066252,,,-2.89,1273962.0,256939115.0,0.0049582252200098,141.2,0.3332502574436243
2026-01-06,CRST,137.8000030517578,141.10000610351562,136.8000030517578,136.8000030517578,416407,140.05999908447265,58.247456736600185,-1.9288460803499283,63.07692921655706,41.30399541461174,,-1.48,-1.48,,,,,0.3184821746346126
2026-01-07,CRST,138.5,140.60000610351562,136.0,136.0,472929,140.3499984741211,61.05264806351835,-1.6477763548599518,66.66667466394055,36.57637469278251,0.2023,,-1.48,472930.0,256939115.0,0.001840630610096,138.5,0.3142611687713867
2026-01-08,CRST,141.3000030517578,141.3000030517578,136.39999389648438,136.60000610351562,451019,140.77999877929688,71.06922886464969,-1.3817543634493648,69.27537526686307,51.93560092941548,,,-1.48,451018.0,256939115.0,0.0017553497060967,141.3,0.3191800627381572
2026-01-09,CRST,141.1999969482422,143.60000610351562,139.0,143.3000030517578,237174,141.15999908447264,65.69344529054634,-1.137555553885924,64.33332536485055,71.43165272916876,0.0,,-1.48,237176.0,256939115.0,0.0009230824975792,141.2,0.311729969572864
2026-01-12,CRST,141.89999389648438,144.10000610351562,140.0,144.10000610351562,530379,141.37999877929687,68.99223339097767,-0.9060756353454844,53.87928709828903,77.85539687320026,0.296,,-1.48,530380.0,256939115.0,0.0020642244369838,141.9,0.3112575613367075
2026-01-13,CRST,138.1999969482422,144.60000610351562,137.0,140.0,468497,141.0799987792969,40.31007293468053,-0.7516683918138343,55.80355652739602,38.78021773099373,,,-1.48,468497.0,256939115.0,0.0018233774954817,138.2,0.3258028437413579
2026-01-14,CRST,131.0,139.1999969482422,131.0,139.0,1194344,139.8499984741211,0.0,-0.7668216325546133,39.36169522010006,-85.2253019326178,,,-1.48,1194347.0,256939115.0,0.0046483658200504,131.0,0.3821062131719232
2026-01-15,CRST,134.8000030517578,136.0,129.8000030517578,130.0,827875,138.97999877929686,31.055918281082217,-0.8250831710572555,45.88608924366121,-104.7324883690533,0.0,,-1.48,827876.0,256939115.0,0.0032220707228636,134.8,0.3745233484952855
2026-01-16,CRST,138.0,139.10000610351562,133.29200744628906,137.89999389648438,402435,138.38999938964844,50.93168702594659,-0.8543753755204682,47.38461885170281,-48.500942214787926,,,-1.48,402436.0,256939115.0,0.0015662698923828,138.0,0.3248749709346453
2026-01-19,CRST,136.0,139.1999969482422,134.89999389648438,136.0,311444,137.86999969482423,38.509319713513705,-0.89393615448165,42.121213102034645,-61.94634590460624,,,-1.48,311448.0,256939115.0,0.0012121470878421,136.0,0.3077316160644466
2026-01-20,CRST,133.8000030517578,137.0,132.3000030517578,135.39999389648438,425631,137.46999969482422,24.844734624865776,-0.9709214406885218,35.64953624310819,-114.28677915919084,-0.074,,-1.48,425632.0,256939115.0,0.0016565480892233,133.8,0.3132677162302026
2026-01-21,CRST,134.0,137.5,131.47999572753906,137.5,384858,137.0199996948242,26.08695240108081,-1.0619242262262738,35.64953624310819,-107.36784743770576,,,-1.48,384859.0,256939115.0,0.0014978606896812,134.0,0.3107864260831685
2026-01-22,CRST,135.5,136.5,132.5,134.0,490983,136.43999938964845,36.30572010321552,-1.1305904283392914,37.71930059384383,-91.8691465441786,0.0,,-1.48,490983.0,256939115.0,0.0019108923917637,135.5,0.3135189243113005
2026-01-23,CRST,133.8000030517578,136.5,132.43499755859375,134.0,765666,135.7,27.0270214540592,-1.2062025110653127,38.85542473230461,-96.33654047528351,0.5994,,-1.48,765667.0,256939115.0,0.0029799549982882,133.8,0.3093566610497186
2026-01-26,CRST,136.3000030517578,136.5,133.0,134.0,376665,135.14000091552734,43.9189098628462,-1.2395692074775118,47.67801769831237,-65.33475975969596,,,-1.48,376665.0,256939115.0,0.0014659698660517,136.3,0.314923500235484
2026-01-27,CRST,135.0,136.39999389648438,133.89999389648438,134.5,1105021,134.82000122070312,35.13510727029599,-1.2626237372824076,44.680850077036034,-62.12126021534416,-0.7778,,-1.48,1105023.0,256939115.0,0.0043007192579456,135.0,0.3098941244263841
2026-01-28,CRST,135.6999969482422,138.5,135.0,138.1999969482422,2254277,135.29000091552734,39.864815404775385,-1.2639604269106688,40.90907739776112,-28.828223912514886,,,-1.48,2254278.0,256939115.0,0.0087735882487179,135.7,0.3108643763994213
2026-01-29,CRST,154.1999969482422,158.89999389648438,133.0,138.0,4704188,137.2300003051758,83.8488026566032,-0.9535772069390795,63.21138703064475,225.035798007508,-0.07543333333333334,-0.157,-0.157,4704193.0,256939115.0,0.0183085903444479,154.2,0.5834793258528489
2026-01-30,CRST,152.3000030517578,158.6999969482422,150.3000030517578,154.1999969482422,914416,138.66000061035157,77.31961195471442,-0.4922246855152702,60.317473773188304,271.65775579445585,,-0.014,-0.014,914416.0,256941700.0,0.0035588462285413,152.3,0.5805767988622056
2026-02-02,CRST,155.60000610351562,157.3000030517578,150.5,155.1999969482422,621473,140.62000122070313,88.65983219521608,0.0933391087391537,67.40001446533644,222.25665484461533,,0.27,0.27,,,,,0.5734873911526347
2026-02-03,CRST,156.3000030517578,159.8000030517578,154.3000030517578,158.0,250005,142.87000122070313,88.33333333333333,0.7370152045081644,79.0804734786368,196.61230121820205,,,0.27,250006.0,256941700.0,0.0009730067170879,156.3,0.5735126066523876
2026-02-04,CRST,160.1999969482422,165.25799560546875,153.95399475097656,155.5,1121313,145.49000091552733,85.02576033067184,1.4439147185898973,79.12844967816535,180.31641811138175,,0.835,0.835,,,,,0.5751234549418635
2026-02-05,CRST,160.60000610351562,161.60000610351562,156.6999969482422,158.39999389648438,1065387,148.0000015258789,86.20999017470947,2.156475544535888,77.69609419761933,145.03495008139473,,,0.835,1065388.0,256941700.0,0.0041464192071586,160.6,0.575301293992307
2026-02-06,CRST,153.6999969482422,161.60000610351562,151.5,159.6999969482422,512661,149.99000091552733,65.78246580911832,2.720230495004865,69.36542465012462,95.69665646584282,,,0.835,512661.0,256941700.0,0.0019952425005361,153.7,0.591010866990786
2026-02-09,CRST,151.5,156.5,149.5,151.3000030517578,612388,151.51000061035157,59.26935977503473,3.1198642175543814,69.36542465012462,64.60944202368348,,,0.835,612388.0,256941700.0,0.0023833733488958,151.5,0.5559636948253298
2026-02-10,CRST,150.60000610351562,155.3000030517578,148.6999969482422,150.89999389648438,502026,153.07000122070312,55.34231979351844,3.3742107952846725,67.88793996454962,52.073990632054986,,,0.835,502027.0,256941700.0,0.0019538556801017,150.6,0.5521468569447527
2026-02-11,CRST,167.8000030517578,171.39999389648438,147.0,152.60000610351562,1087132,156.28000183105468,90.76096193232326,3.790886334221407,76.00644751504072,109.81829414278552,,,0.835,1087132.0,256941700.0,0.0042310454083552,167.8,0.6710692245379472
2026-02-12,CRST,168.89999389648438,172.89999389648438,165.8000030517578,172.89999389648438,1034395,157.7500015258789,89.97493580982116,4.296373215642679,78.5365850027652,139.07546926139398,,,0.835,1034396.0,256941700.0,0.0040258004053059,168.9,0.6647512485133625
2026-02-13,CRST,166.0,170.0,162.7209930419922,170.0,609665,159.12000122070313,82.70677956897548,4.774966855854891,73.99031276091245,109.65812261750324,,,0.835,609666.0,256941700.0,0.0023727795060124,166.0,0.6653123905258165
2026-02-16,CRST,167.60000610351562,171.60000610351562,164.10000610351562,166.0,591746,160.32000122070312,86.716820542081,5.226259711591625,76.20580040222376,109.05721625856674,,,0.835,591745.0,256941700.0,0.0023030321664408,167.6,0.6642951954806139
2026-02-17,CRST,162.3000030517578,173.0,162.3000030517578,173.0,473964,160.9200012207031,73.25000762939453,5.540313291005624,69.91018784760578,91.44178972350367,,,0.835,473966.0,256941700.0,0.001844644135226,162.3,0.6821569851494433
2026-02-18,CRST,164.0,164.3000030517578,159.5,160.0,490227,161.3000015258789,65.38461538461539,5.766379706958463,59.80000604248232,65.57922941573165,,,0.835,490228.0,256941700.0,0.0019079347571842,164.0,0.676989482818248
2026-02-19,CRST,160.10000610351562,165.0,159.8000030517578,163.1999969482422,421426,161.2500015258789,50.38463885967548,5.85008182775214,57.50000513517091,54.24635397386509,,,0.835,421426.0,256941700.0,0.0016401619511352,160.1,0.687332697892964
2026-02-20,CRST,162.0,164.10000610351562,156.60000610351562,156.60000610351562,749646,162.0800018310547,57.69230769230769,5.857144736011604,56.324107692122126,43.214938977692,,,0.835,749645.0,256941700.0,0.0029175684600825,162.0,0.6839007138046088
2026-02-23,CRST,157.6999969482422,163.6999969482422,156.39999389648438,160.8000030517578,371741,162.70000152587892,41.15383441631611,5.733847766356097,51.29150772089357,22.277753423779323,,,0.835,371742.0,256941700.0,0.0014467951290117,157.7,0.6960221746492931
2026-02-24,CRST,156.3000030517578,161.8000030517578,155.39999389648438,161.8000030517578,359755,163.27000122070314,35.76924250676082,5.49990249774609,46.22824441224128,-3.546326011963909,,,0.835,359755.0,256941700.0,0.0014001425226033,156.3,0.5073101249895697
2026-02-25,CRST,155.1999969482422,158.8000030517578,152.6999969482422,152.6999969482422,412719,162.01000061035157,31.53844980093149,5.178783471285799,44.84731740769375,-52.13513848103552,,,0.835,412719.0,256941700.0,0.001606274886482,155.2,0.5057947579682892
2026-02-26,CRST,157.60000610351562,161.0,155.39999389648438,158.8000030517578,742810,160.8800018310547,40.76925424429086,4.846346461498753,54.07099258307841,-25.7487326318454,,,0.835,742811.0,256941700.0,0.0028909709868036,157.6,0.5029700096784792
2026-02-27,CRST,152.1999969482422,161.6999969482422,151.0,160.60000610351562,619140,159.5000015258789,19.99998826246995,4.427042660285683,50.68492864349938,-78.23000896856537,,,0.835,619140.0,256947314.0,0.0024095990355439,152.2,0.5184274738835525
2026-03-02,CRST,146.1999969482422,149.6999969482422,146.0,149.3000030517578,417641,157.36000061035156,0.7407294379340278,3.869456413774512,46.08540089483842,-184.5378266841892,0.0,,0.835,417642.0,256947314.0,0.0016253993610534,146.2,0.5358279370317249
2026-03-03,CRST,137.39999389648438,146.3000030517578,136.1999969482422,145.5,592249,154.86999969482423,3.2608610019799107,3.105208818970918,18.2008292736338,-234.4825287973888,,,0.835,592250.0,256947314.0,0.0023049472313222,137.4,0.5619108807923392
2026-03-04,CRST,136.39999389648438,140.60000610351562,133.0,139.5,951840,152.10999908447266,8.499984741210938,2.2284612015601306,15.93292276431606,-214.657283747802,,,0.835,951841.0,256947314.0,0.0037044208992976,136.4,0.5612897003553291
2026-03-05,CRST,132.8000030517578,136.89999389648438,131.10000610351562,132.5,667935,149.37999877929687,4.057272543862652,1.2646464431096325,15.70248897915252,-196.3868675162828,,,0.835,667935.0,256947314.0,0.0025995017795749,132.8,0.5638716350222407
2026-03-06,CRST,128.6999969482422,134.60000610351562,128.39999389648438,131.0,937853,146.04999847412108,0.6726524903640418,0.2284888618459597,11.787817133188824,-177.242727360017,-0.4215,,0.835,937853.0,256947314.0,0.0036499817234905,128.7,0.5557532818412015
2026-03-09,CRST,121.4000015258789,130.3000030517578,120.4000015258789,127.0,1289663,142.41999893188478,2.2421525430774274,-0.9156826424329728,11.342154682291977,-178.405601452499,,,0.835,1289664.0,256947314.0,0.0050191768106982,121.4,0.5816480580765373
2026-03-10,CRST,125.8000030517578,128.0,121.5,121.5,716571,139.36999893188477,12.10762715387138,-1.9952893396627784,15.647488529837789,-141.57724291336328,0.0,,0.835,716572.0,256947314.0,0.0027887896115543,125.8,0.604748921209103
2026-03-11,CRST,124.1999969482422,126.9000015258789,122.1999969482422,125.0,559812,136.26999893188477,8.695640787891158,-2.9988127945225607,16.32270466953139,-123.03983170022138,0.0,,0.835,559813.0,256947314.0,0.002178707343872,124.2,0.3953238291325539
2026-03-12,CRST,118.4000015258789,125.4000015258789,118.0,122.0,551784,132.3499984741211,0.8752769203287485,-3.9877430278404375,11.88812643876392,-123.03841847573504,,,0.835,551785.0,256947314.0,0.0021474635846942,118.4,0.4025964452141851
2026-03-13,CRST,119.0,121.0,115.0,121.0,858527,129.02999877929688,8.547007989670973,-4.897023657427207,13.831788868616728,-116.5602101842512,0.0,,0.835,858528.0,256947314.0,0.003341260846961,119.0,0.4103517613494751
2026-03-16,CRST,117.5,119.9000015258789,116.6999969482422,117.1999969482422,580389,126.15999908447266,5.353319407645275,-5.721485781796936,13.805981727607389,-105.4809148177154,,,0.184,580390.0,256947314.0,0.0022587899089694,117.5,0.3999606489085978
2026-03-17,CRST,116.6999969482422,119.4000015258789,112.5999984741211,116.0,649353,124.08999938964844,8.350302650787373,-6.449288801403853,13.88368970561713,-103.08011986664864,,,0.184,649353.0,256947314.0,0.0025271834520908,116.7,0.3895199882579641
2026-03-18,CRST,115.1999969482422,119.0999984741211,113.4000015258789,116.0,627716,121.96999969482422,5.2953127391469526,-7.087587520014447,9.541983065659082,-95.49386148497128,,,0.184,627716.0,256947314.0,0.0024429755276601,115.2,0.3887708019270514
2026-03-19,CRST,106.0999984741211,115.0,105.5,114.0,1427798,119.29999923706056,1.3574627048587509,-7.765357118389828,8.912656213897222,-115.44689158935068,,,0.184,1427799.0,256947314.0,0.0055567772932625,106.1,0.4334975394338832
2026-03-20,CRST,103.0999984741211,111.5,102.1999969482422,109.4000015258789,3928294,116.73999938964845,2.0408195041205643,-8.462500925435965,9.41619612745717,-119.52769316547212,,,0.184,3928295.0,256947314.0,0.0152883287194043,103.1,0.4338572431947352
2026-03-23,CRST,104.3000030517578,108.0,97.8000030517578,101.8000030517578,2179034,115.02999954223633,15.186914804981638,-9.096809557219434,13.626383687113671,-119.8635376607069,-0.2023,,0.184,2179035.0,256947314.0,0.0084804739387157,104.3,0.447156905303821
2026-03-24,CRST,99.8000030517578,106.8000030517578,96.9499969482422,104.9000015258789,2850669,112.42999954223632,7.13393321958946,-9.709544214563078,12.65307056660555,-121.40262091763456,0.0,,0.184,2850670.0,256947314.0,0.0110943755574732,99.8,0.4520063693063337
2026-03-25,CRST,110.0,113.3000030517578,104.5999984741211,104.5999984741211,2276202,111.0099998474121,34.66135425874118,-10.091771150101334,29.49640238410321,-78.87073315948285,,0.789,0.789,,,,,0.6190498547282254
2026-03-26,CRST,106.3000030517578,108.9000015258789,104.3209991455078,108.4000015258789,1512788,109.8,28.035995179413128,-10.345513446263482,29.71014933434911,-87.40495123333145,-0.1366,,0.789,1512788.0,257020326.0,0.0058858691199387,106.3,0.6164061523801383
2026-03-27,CRST,102.6999969482422,106.5,102.6999969482422,106.5,902742,108.1699996948242,18.518516698421,-10.539278946159389,31.84465843946461,-96.67360212721384,,,0.789,902743.0,257020326.0,0.0035123408877786,102.7,0.5976637617673068
2026-03-30,CRST,100.6999969482422,103.8000030517578,99.5,103.8000030517578,1502486,106.48999938964845,12.52086619980044,-10.693182327725992,24.43991549553145,-106.1313711463124,0.0,,0.789,1502487.0,257020326.0,0.0058457905776681,100.7,0.5974703920357741
2026-03-31,CRST,100.8000030517578,102.5999984741211,99.6999969482422,100.0,824059,104.9,13.53253245710176,-10.788065571699605,25.42017763023344,-98.67081518380382,,,0.789,824060.0,257020326.0,0.0032062055667924,100.8,0.5980845469251718
2026-04-01,CRST,105.5999984741211,107.0999984741211,99.5,101.9000015258789,1169536,103.94000015258788,35.96673774744772,-10.739812893216902,36.26609294500484,-70.01231042583464,,,0.789,1169536.0,257020326.0,0.0045503638494334,105.6,0.6310104926771577
2026-04-02,CRST,104.0,104.8000030517578,100.5999984741211,103.8000030517578,1011269,103.73000030517578,30.71896141854185,-10.60542371184017,34.243699499345084,-70.56655642878283,,,0.789,1011270.0,257020326.0,0.0039345915388808,104.0,0.6061665119742047
2026-04-07,CRST,101.0,104.4000015258789,100.5999984741211,103.4000015258789,737305,103.52000045776369,18.04009900199384,-10.447782084113507,33.197558096822135,-74.45990221151567,,,0.789,737306.0,257020326.0,0.0028686680601284,101.0,0.5883162730545423
2026-04-08,CRST,109.0,114.1999969482422,104.1999969482422,104.1999969482422,2248591,103.9900001525879,54.401815899106,-10.132382171731273,43.16163718395946,-7.435909605193167,,0.996,0.996,,,,,0.5893476542715157
2026-04-09,CRST,107.0,109.1999969482422,103.0,107.0,1250387,104.7099998474121,55.67867785362554,-9.743451290762778,42.78169321507772,-28.47512417572482,,,0.996,1250387.0,257020326.0,0.0048649343009548,107.0,0.6519120348678689
2026-04-10,CRST,107.5999984741211,111.5999984741211,107.5999984741211,109.1999969482422,727338,104.46999969482422,61.73913928045743,-9.29704110105683,51.552794932945055,9.529855101776253,,,0.996,727339.0,257020326.0,0.0028298890259753,107.6,0.652730706542323
2026-04-13,CRST,104.8000030517578,110.5999984741211,103.5999984741211,110.5999984741211,1208411,104.31999969482422,45.50728175951087,-8.861488008367235,51.767156581669504,-17.07900919180138,,,0.996,1208412.0,257020326.0,0.004701620369122,104.8,0.6567374488654474
2026-04-14,CRST,106.4000015258789,107.65399932861328,105.49700164794922,106.4000015258789,1376533,104.69000015258788,54.78263523267663,-8.409848181738363,52.16494722109879,-6.552652294554017,,,0.996,1376534.0,257020326.0,0.0053557398413695,106.4,0.660553774185107
2026-04-15,CRST,107.8000030517578,109.4000015258789,105.4000015258789,106.5999984741211,712496,105.40000076293946,56.46261751605547,-7.93029725611524,58.8105738717065,24.5638157540951,,,0.996,712497.0,257020326.0,0.0027721426203466,107.8,0.662277976767088
2026-04-16,CRST,108.0,114.1999969482422,106.8000030517578,107.8000030517578,1613876,106.12000045776368,57.82314125593354,-7.437125460229105,47.17514075588778,84.37632453995296,,0.147,0.147,1613877.0,257020326.0,0.0062791804255979,108.0,0.5870622009167357
2026-04-17,CRST,115.1999969482422,115.5999984741211,106.8000030517578,109.0,4406719,107.0800003051758,97.51551823733485,-6.829446787727875,61.43958263871183,163.608946973563,,,0.147,4406720.0,257020326.0,0.0171454144058629,115.2,0.6288672877504068
2026-04-20,CRST,108.0,114.8000030517578,107.8000030517578,112.0,2086653,107.48000030517578,52.795036059554775,-6.281158998983557,56.235299946612166,102.41377976232872,,,0.147,2086654.0,257020326.0,0.0081186341659219,108.0,0.6521308405754804
2026-04-21,CRST,70.0,85.0,59.70000076293945,85.0,48848216,104.38000030517578,18.425759675836705,-6.390790191835333,30.44585801548233,-468.68796490595366,,-9.939,-9.939,48848216.0,257020326.0,0.1900558479565542,70.0,1.359792485498266
2026-04-22,CRST,69.5999984741211,72.30000305175781,65.4000015258789,71.4000015258789,8252090,100.44000015258788,17.710193410618604,-6.8988610952116725,30.203037797172485,-323.313980521881,,-154.638,-154.638,,,,,1.3591367260107288
2026-04-23,CRST,66.0,69.19999694824219,66.0,68.30000305175781,5742742,96.34000015258788,11.27012432023832,-7.671744346941822,24.48453154671752,-237.55082387597892,,,-154.638,5742743.0,257020326.0,0.0223435363629567,66.0,1.3636216641734031
2026-04-24,CRST,62.400001525878906,65.5,62.20000076293945,65.0999984741211,7716810,91.82000045776368,4.830055229858039,-8.610041447058093,23.86934218215489,-190.56431821758324,,,-154.638,7716811.0,257020326.0,0.0300241273524802,62.4,1.3699755701148242
2026-04-27,CRST,61.29999923706055,63.20000076293945,60.400001525878906,62.09999847412109,4618580,87.47000007629394,2.8622514125810903,-9.600755526269928,24.453019195982435,-155.36929326021234,,,-125.034,4618580.0,257020326.0,0.0179697071896173,61.3,1.3469191032009205
2026-04-28,CRST,62.29999923706055,63.29999923706055,59.59999847412109,60.79999923706055,3961748,83.05999984741212,4.821429933820452,-10.534552203551597,16.97311857284754,-126.7931389582694,,,-125.034,4711748.0,257020326.0,0.0183321999210288,62.3,1.3538177845863495
2026-04-29,CRST,65.0,65.69999694824219,60.70000076293945,61.5,3153170,78.77999954223633,9.642859867640905,-11.316635680485906,20.588229637126062,-101.1562607006535,,,-125.034,3153170.0,257020326.0,0.0122681736852205,65.0,1.3723583150942356
2026-04-30,CRST,66.0,66.4000015258789,64.4000015258789,64.4000015258789,2682618,74.57999954223632,11.42857415335519,-11.920882836632751,21.030636805905612,-82.94494653183409,,,-125.034,2442446.0,257023734.0,0.0095028033481141,66.0,1.3760190616697658
2026-05-01,CRST,68.0,68.0,65.0,65.5,5258218,69.85999984741211,15.00000272478376,-12.322911062535589,24.084502108345788,-69.73422468489755,,,-125.034,5258218.0,257023734.0,0.020458102908115,68.0,1.3413819066003372
2026-05-05,CRST,66.9000015258789,67.80000305175781,65.69999694824219,67.5999984741211,2277648,65.75,13.035719735281807,-12.56658082289641,21.98581257118741,-63.39856498224477,,,-125.034,2277648.0,257023734.0,0.0088616252069546,66.9,1.3414185294209724
2026-05-06,CRST,68.80000305175781,71.5999984741211,68.19999694824219,68.4000015258789,5603378,65.63000030517578,16.428579602922714,-12.639265799174272,22.53520831634181,-49.74825772265255,,,-125.034,5603378.0,257023734.0,0.0218010139094781,68.8,1.3493611360564035
2026-05-07,CRST,72.69999694824219,73.80000305175781,67.68000030517578,70.4000015258789,4006976,65.94000015258788,23.39285441807338,-12.50994099049083,26.3721498666592,-39.52411381412736,0.0,,-125.034,4006976.0,257023734.0,0.0155899065725969,72.7,1.3743620685922544
2026-05-08,CRST,73.19999694824219,75.80000305175781,70.5999984741211,72.0,4707245,66.65999984741211,24.637676351988723,-12.224289888348403,19.11764359391644,-29.740475391888047,,,-125.034,4707246.0,257023734.0,0.0183144409535346,73.2,1.372342947631923
2026-05-11,CRST,73.69999694824219,74.69999694824219,71.4000015258789,73.80000305175781,2583980,67.78999938964844,55.51180168141032,-11.819791959447471,22.02283392076357,-25.46847556036229,-0.3182,,-125.034,2583980.0,257023734.0,0.0100534684473924,73.7,1.3708616703882728
2026-05-12,CRST,70.19999694824219,74.0,70.19999694824219,74.0,2208258,68.6799991607666,65.43207085727526,-11.39090835088087,50.37312869851333,-28.610251265173947,0.0,,-125.034,2208259.0,257023734.0,0.0085916540298959,70.2,1.3746165546918363
2026-05-13,CRST,69.69999694824219,70.80000305175781,68.0,69.4000015258789,2146240,69.41999893188476,62.34565197631874,-10.951238081888263,50.18587081191525,-33.63481555654892,0.0,,-125.034,2776789.0,257023734.0,0.0108036287419277,69.7,1.373373854620817
2026-05-14,CRST,72.4000015258789,72.4000015258789,68.69999694824219,68.69999694824219,2936447,70.15999908447266,79.01234219049275,-10.45981810222747,62.30769524207482,-20.270248755833546,,,-125.034,3186448.0,257023734.0,0.0123974854400022,72.4,1.3541981586695355
2026-05-15,CRST,69.0,71.5999984741211,68.4000015258789,71.5999984741211,1965918,70.45999908447266,58.02468438098549,-9.992128451176072,62.79069320433941,-23.65415921538929,,,-125.034,2315919.0,257023734.0,0.0090105258528381,69.0,1.348628045860802
2026-05-18,CRST,66.0999984741211,68.30000305175781,63.900001525878906,67.4000015258789,3781226,70.26999893188477,40.12344545243474,-9.587323323365109,58.695650070661735,-52.886044806304746,,-60.475,-60.475,4281227.0,257023734.0,0.0166569325461593,66.1,0.5319033651865618
2026-05-19,CRST,66.19999694824219,68.30000305175781,63.93199920654297,67.0,6663835,70.19999847412109,36.42381027568131,-9.219706683733198,57.30336629165003,-39.839871984182025,0.0,,-60.475,7748848.0,257023734.0,0.0301483753247472,66.2,0.532007429157515
2026-05-20,CRST,66.0,66.80000305175781,63.59999847412109,66.5,2474931,69.91999816894531,19.6721362734424,-8.876847397753108,52.06611596302832,-49.44336907324171,,,-60.475,2474931.0,257023734.0,0.0096291924542657,66.0,0.4986321234135012
2026-05-21,CRST,69.5999984741211,69.5999984741211,65.30000305175781,67.0,1334662,69.6099983215332,49.18030941560736,-8.48981078781904,56.71641621087195,12.977729989673817,,,-60.475,1334663.0,257023734.0,0.0051927616925836,69.6,0.489264994787093
2026-05-22,CRST,71.5,75.0,69.30000305175781,69.30000305175781,2813986,69.43999862670898,64.75408657108248,-8.045710374972533,56.554307865249456,88.38090973075842,-0.0772,,-60.475,2813986.0,257023734.0,0.0109483507853792,71.5,0.4944487040830805
2026-05-26,CRST,73.5,74.5,71.69999694824219,71.69999694824219,1524851,69.41999893188476,81.1475230429516,-7.538877320119363,61.956519635878834,105.37142661239898,,,-60.475,1524852.0,257023734.0,0.0059327283759716,73.5,0.4904472232949825
2026-05-27,CRST,72.5,76.0999984741211,72.0999984741211,72.0999984741211,3172088,69.64999923706054,71.20001220703125,-7.018065476410745,56.928834028360775,104.20037225648836,0.0,,-60.475,3172088.0,257023734.0,0.0123416151132564,72.5,0.4964528853696314
2026-05-28,CRST,71.0999984741211,73.69999694824219,69.19999694824219,72.69999694824219,1936553,69.78999938964844,60.0,-6.522134431960908,46.69421865399221,48.65803290987596,,,-60.475,1936554.0,257023734.0,0.0075345337563261,71.1,0.4871497199438472
2026-05-29,CRST,71.5999984741211,73.30000305175781,70.5,72.4000015258789,19054820,69.70999908447266,64.0,-6.044953243662753,46.69421865399221,54.65137542585776,,,-60.475,21516961.0,257032596.0,0.0837129661173402,71.6,0.485674933544466
2026-06-01,CRST,65.80000305175781,71.5999984741211,65.4000015258789,71.4000015258789,3171317,69.38999938964844,17.60003662109375,-5.68329659664198,36.610179836467154,-66.60148552114647,,,-60.475,3171318.0,257032596.0,0.0123381938686095,65.8,0.5620266566999045
2026-06-02,CRST,67.5999984741211,68.8499984741211,65.0,65.0,2333048,69.53999938964844,32.0,-5.371335874816813,45.32374298157336,-80.01176348429023,,,-60.475,2480187.0,257032596.0,0.0096493092261341,67.6,0.5676921115141774
2026-06-03,CRST,68.30000305175781,69.80000305175781,66.80000305175781,67.9000015258789,1340249,69.75,37.60003662109375,-5.083466567493064,47.50001089913505,-50.65243492043065,,,-60.475,1340249.0,257032596.0,0.0052143153080864,68.3,0.5597552756499748
2026-06-04,CRST,69.19999694824219,70.69999694824219,67.80000305175781,69.4000015258789,2786457,70.06999969482422,44.79998779296875,-4.799842751254106,43.89311854540584,-22.236727011698736,,,-60.475,2786458.0,257032596.0,0.0108408740500757,69.2,0.5215590141789347
2026-06-05,CRST,67.69999694824219,72.0999984741211,67.0999984741211,68.5,4406012,69.87999954223633,32.79998779296875,-4.546739767084797,47.32509525759109,-26.91874360561632,,,-60.475,4406012.0,257032596.0,0.0171418414184323,67.7,0.5249917099851638
2026-06-08,CRST,67.80000305175781,69.30000305175781,65.5999984741211,67.0,2524051,69.5099998474121,33.60003662109375,-4.314076247219429,53.95350042068141,-63.35221860747206,,,-60.475,2524051.0,257032596.0,0.0098199646242533,67.8,0.5239549688040347
2026-06-09,CRST,70.5999984741211,72.0,67.0,69.0,3708254,69.21999969482422,56.0,-4.05191544971697,59.09091625600854,15.630193790337916,,,-60.475,3708254.0,257032596.0,0.0144271740538309,70.6,0.520170479845332
2026-06-10,CRST,71.4000015258789,72.19999694824219,67.4000015258789,72.19999694824219,4029156,69.10999984741211,57.65767933031778,-3.763010515873391,60.88710186012672,34.60575811941608,,,-60.475,4029610.0,257042312.0,0.0156768353375221,71.4,0.5205663350230133
2026-06-11,CRST,72.80000305175781,73.4000015258789,70.0999984741211,71.4000015258789,2801288,69.28000030517578,70.2703074234019,-3.441574880690937,57.0796566232095,86.514872919333,,,-60.475,2801288.0,257042312.0,0.0108981590548407,72.8,0.5067723896921786
2026-06-12,CRST,70.19999694824219,77.30000305175781,69.5,74.0,4828187,69.14000015258789,42.27638746397748,-3.15023735282455,47.21029424573459,89.70728821955043,,,-60.475,4828188.0,257042312.0,0.0187836312334445,70.2,0.4941381349374475
2026-06-15,CRST,71.69999694824219,75.4000015258789,70.89199829101562,72.0999984741211,2589050,69.72999954223633,54.47150638946127,-2.8619254780636227,46.05262541484827,89.08175973593319,,1.235,1.235,,,,,0.4710599570926798
2026-06-16,CRST,70.19999694824219,72.5999984741211,69.12999725341797,72.19999694824219,2538124,69.98999938964843,42.27638746397748,-2.608032525799425,45.06437178001937,23.248619695935552,,,1.235,2538124.0,257042312.0,0.0098743431781768,70.2,0.4795998534157958
2026-06-17,CRST,74.0999984741211,74.5,71.2249984741211,72.4000015258789,2746982,70.56999893188477,73.9837090757518,-2.320855695202978,55.8139528006676,99.08955776881284,,,1.235,2746983.0,257042312.0,0.0106868903357825,74.1,0.5131335123942818
2026-06-18,CRST,72.0,74.80000305175781,71.30000305175781,72.5999984741211,3678299,70.84999923706054,56.91055498559099,-2.0560860080503938,50.72992975110077,74.0511502417641,,,1.235,3678300.0,257042312.0,0.0143100953744922,72.0,0.4937701230416828
2026-06-19,CRST,71.0999984741211,73.0,70.69999694824219,73.0,2532306,71.18999938964843,49.59347122478424,-1.8289131116093136,61.77776361159817,29.87592855284341,,,1.235,2532307.0,257042312.0,0.0098517126627774,71.1,0.4870627552468571
2026-06-22,CRST,71.19999694824219,72.5,69.19999694824219,72.5,6846728,71.52999877929688,47.863216095016575,-1.6314500536488084,58.65383804197558,7.950131362593817,,,1.235,6846728.0,257042312.0,0.0266365795838313,71.2,0.4759544211406459
2026-06-23,CRST,73.0,74.0,68.9000015258789,71.5,2453672,71.76999893188477,63.24785154377803,-1.4305234845755872,60.73058215391304,50.86390458664057,,,1.235,2453673.0,257042312.0,0.0095457941570335,73.0,0.4824347996937347
2026-06-24,CRST,75.80000305175781,76.9000015258789,72.5,73.4000015258789,2230363,72.20999908447266,87.1794921955237,-1.1900260908546323,63.86554837352974,165.45267197001343,,,1.235,2230364.0,257042312.0,0.0086770305738613,75.8,0.4938606142934621
2026-06-25,CRST,76.0,78.0,75.4000015258789,75.5,2832287,72.52999877929688,83.87096972668928,-0.931430596960242,68.44443871769292,184.23770184731217,,,1.235,2832287.0,257042312.0,0.0110187578767187,76.0,0.4937103686849021
2026-06-26,CRST,74.5,78.0,72.9000015258789,78.0,1749307,72.95999908447266,68.18181818181819,-0.6968562727864581,64.01672464791474,122.986845244579,,,1.235,1749307.0,257042312.0,0.0068055215749849,74.5,0.3921534787275004
2026-06-29,CRST,72.9000015258789,74.69999694824219,72.5999984741211,74.69999694824219,1072275,73.07999954223632,51.88679992197864,-0.5135734908923918,55.06608329277769,62.67358263683292,,,1.235,1072275.0,257042312.0,0.0041715894618937,72.9,0.3960248096929424
2026-06-30,CRST,72.30000305175781,74.69999694824219,71.28800201416016,73.9000015258789,2180478,73.2900001525879,37.36266039547099,-0.3804493276614359,52.000002712672696,36.0099000946755,,,1.235,2180479.0,257042312.0,0.0084829574673293,72.3,0.3976072741458665
