Date,Close,High,Low,Open,Volume,SMA_10,STOCH_K_14,MACD_signal_9,RSI_14,CCI_20
2016-06-01,256.8999938964844,268.1499938964844,255.89999389648438,267.3999938964844,11192597,,,,,
2016-06-02,256.8999938964844,257.8999938964844,255.3000030517578,256.6000061035156,7612461,,,,,
2016-06-03,246.1999969482422,258.0,244.5,257.5,12948958,,,,,
2016-06-06,247.60000610351562,249.39999389648438,246.01199340820312,246.1999969482422,5687237,,,,,
2016-06-07,246.6999969482422,249.0,245.1999969482422,249.0,7690555,,,,,
2016-06-08,250.60000610351562,254.0,243.3000030517578,250.89999389648438,13663794,,,,,
2016-06-09,247.5,254.39999389648438,247.5,250.6999969482422,7090771,,,,,
2016-06-10,241.8000030517578,248.0,241.3000030517578,247.3000030517578,7155274,,,,,
2016-06-13,238.1999969482422,244.5,235.8000030517578,241.0,9352583,,,,,
2016-06-14,231.0,238.10000610351562,230.8000030517578,236.89999389648438,10797463,246.33999938964843,,,,
2016-06-15,231.8000030517578,235.6999969482422,223.0,233.0,8866077,243.8300003051758,,,,
2016-06-16,230.5,230.72300720214844,228.1999969482422,228.89999389648438,6207791,241.19000091552735,,,,
2016-06-17,231.60000610351562,240.43800354003906,230.0,232.39999389648438,9685424,239.7300018310547,,,,
2016-06-20,244.5,245.89999389648438,236.0,236.0,10179347,239.4200012207031,47.61905405633755,,,
2016-06-21,245.5,247.10000610351562,241.0,244.0,8137484,239.3000015258789,64.28571428571429,,39.365684601045565,
2016-06-22,244.6999969482422,248.39999389648438,243.89999389648438,247.39999389648438,5051778,238.71000061035156,61.999991280691965,,38.78677568839107,
2016-06-23,246.5,248.5,244.60000610351562,247.39999389648438,4666794,238.61000061035156,74.84077887872176,,50.329673351574556,
2016-06-24,227.1999969482422,235.0,211.5,220.0,22409737,237.15,36.59673468981261,,33.91167477138906,
2016-06-27,217.8000030517578,225.0,214.8000030517578,222.89999389648438,16180518,235.11000061035156,14.68532388829569,,29.902653627728114,
2016-06-28,222.0,224.89999389648438,220.89999389648438,222.6999969482422,10283202,234.21000061035156,24.475527957733505,,30.193904939028258,-130.11310156496359
2016-06-29,229.8000030517578,231.60000610351562,224.5,226.1999969482422,13534327,234.01000061035157,49.45946770745355,,38.49155081860715,-77.15579160530724
2016-06-30,232.3000030517578,232.39999389648438,223.60000610351562,227.89999389648438,12746989,234.19000091552735,56.216224464210306,,43.5549535776782,-63.10110618974258
2016-07-01,236.10000610351562,237.6999969482422,231.6999969482422,233.89999389648438,10563711,234.64000091552734,66.48650298247466,,48.57916739880626,-15.533338506406613
2016-07-04,230.89999389648438,237.5,229.8000030517578,237.5,9572394,233.28000030517578,52.43241593644426,,49.93045474995967,-30.209672114894506
2016-07-05,222.89999389648438,231.6999969482422,222.10000610351562,231.6999969482422,13880152,231.0199996948242,30.810794314822637,,44.37420559312596,-82.67933049934236
2016-07-06,214.60000610351562,222.39999389648438,212.60000610351562,222.0,15109583,228.01000061035157,8.378394874366554,,40.76655472162903,-146.67529328983974
2016-07-07,217.3000030517578,219.60000610351562,213.6999969482422,216.89999389648438,7506978,225.09000091552736,15.675683923669764,,41.847204361821575,-131.38854260020605
2016-07-08,223.89999389648438,225.1999969482422,216.60000610351562,216.8000030517578,9764690,224.76000061035157,33.51349701752534,,37.34643264856232,-80.27753912330783
2016-07-11,227.3000030517578,232.6999969482422,218.60000610351562,224.89999389648438,8750417,225.71000061035156,42.70271095069679,,39.140813672165834,-37.830994186849814
2016-07-12,230.1999969482422,231.5,226.9720001220703,227.0,8498738,226.53000030517578,50.54053229254645,,41.55995283452899,-5.062240068017748
2016-07-13,230.3000030517578,232.10000610351562,228.39999389648438,230.3000030517578,5844354,226.5800003051758,71.75574519682966,,40.38004896947898,1.623159843022393
2016-07-14,231.3000030517578,233.8000030517578,230.03599548339844,232.39999389648438,6811645,226.4800003051758,74.50200704822569,,53.11077881885385,14.275620297616744
2016-07-15,229.1999969482422,230.97000122070312,226.5,230.5,6908773,225.78999938964844,66.13544581516919,,59.7269562364435,-10.053993328837166
2016-07-18,230.5,232.23300170898438,228.60000610351562,229.60000610351562,4995818,225.75,71.31474273125129,-5.113591782840722,57.630159907691194,11.662530116040058
2016-07-19,227.5,229.8000030517578,226.60000610351562,229.5,4049887,226.21000061035156,59.362547136605116,-4.767148532020093,47.740665385008555,-6.693360557251004
2016-07-20,229.5,230.3260040283203,227.3000030517578,228.89999389648438,6400091,227.7,67.3306775330359,-4.425815231273951,47.22221969927475,18.733484430529288
2016-07-21,228.0,231.3000030517578,226.6999969482422,230.10000610351562,4330299,228.7699996948242,61.84738020622044,-4.11942229965914,41.5800363038586,30.437344426923044
2016-07-22,225.10000610351562,229.10000610351562,224.60000610351562,227.60000610351562,13779544,228.89000091552734,58.962272638612085,-3.8878696504693764,43.66813390956933,-10.279483308357415
2016-07-25,227.8000030517578,229.8000030517578,225.16000366210938,225.8000030517578,11223449,228.94000091552735,71.6981091334662,-3.6634256971430603,56.049396298028,5.402095298487043
2016-07-26,223.10000610351562,229.39999389648438,221.6999969482422,229.39999389648438,10056666,228.2300018310547,46.76620050194568,-3.5218390776731656,61.51761708124541,-52.77395750092776
2016-07-27,225.89999389648438,227.0,222.7830047607422,223.3000030517578,6362429,227.79000091552734,54.06970606421645,-3.3869088808354504,61.621614042380685,-38.72395612739006
2016-07-28,223.60000610351562,227.89999389648438,223.39999389648438,226.60000610351562,5741205,227.02000122070314,32.89474344649936,-3.2921995761255127,49.54130281200508,-39.153887651778184
2016-07-29,224.3000030517578,225.1999969482422,222.60000610351562,225.1999969482422,5299245,226.53000183105468,21.487642909206468,-3.20899313438913,44.999994913731804,-50.06691352557538
2016-08-01,223.5,225.60000610351562,220.89999389648438,225.60000610351562,7182700,225.8300018310547,20.155071769485993,-3.1428079204717316,37.992827816739066,-57.589338403827774
2016-08-02,222.3000030517578,223.60000610351562,221.1999969482422,223.1999969482422,6140830,225.31000213623048,10.852776447070374,-3.102742976155576,36.206882036808445,-71.02134400291527
2016-08-03,222.5,223.6490020751953,220.13999938964844,222.39999389648438,4393193,224.61000213623046,19.515423449295735,-3.070887368012098,34.397139135972736,-90.8286848004338
2016-08-04,226.8000030517578,229.60000610351562,222.5,222.5,6706079,224.49000244140626,55.07320255335149,-2.9702439255768156,46.05263686246795,-7.42860343218325
2016-08-05,229.89999389648438,231.32899475097656,226.39999389648438,226.89999389648438,5881421,224.97000122070312,87.22851508696517,-2.775533166690484,49.068312091044874,63.194063295538115
2016-08-08,233.6999969482422,235.10000610351562,228.8990020751953,230.0,8889399,225.56000061035155,90.64165423150715,-2.465117065129167,59.393947800997374,135.8587762117199
2016-08-09,235.89999389648438,237.1999969482422,233.39999389648438,234.39999389648438,9090688,226.83999938964843,92.37981689450504,-2.057733454502241,59.638559200511814,184.43510642422697
2016-08-10,234.5,236.8000030517578,233.60000610351562,235.89999389648438,8410353,227.7,84.1735208989986,-1.6285743039830436,59.81874741268593,154.12294315947472
2016-08-11,232.6999969482422,235.5,231.8000030517578,235.0,5280730,228.60999908447266,73.62250501769161,-1.2332700458852457,61.87500268221285,114.29953098535341
2016-08-12,237.60000610351562,238.60000610351562,231.5,232.10000610351562,5452575,229.93999938964845,94.58288387702049,-0.7989202247545937,64.3275039050492,143.71610078034848
2016-08-15,235.0,239.0,233.68099975585938,238.1999969482422,5918817,231.08999938964843,78.79109294511609,-0.40252741456827523,68.53583013579858,127.74115288871494
2016-08-16,235.0,236.66900634765625,231.89999389648438,234.0,8987537,232.35999908447266,78.79109294511609,-0.049787448209667184,65.52902712420138,91.51509249159125
2016-08-17,234.39999389648438,236.5,232.5,236.10000610351562,12205818,233.54999847412108,75.60972452465961,0.24764127813693604,69.56519095043438,80.46891974629784
2016-08-18,241.60000610351562,242.3000030517578,234.39999389648438,236.3000030517578,8376016,235.02999877929688,96.84116952814819,0.6091178505503398,75.3665574985267,130.99198255191016
2016-08-19,242.10000610351562,242.6999969482422,239.89999389648438,241.1999969482422,7798113,236.25,97.34046582599026,0.9983780780117449,77.51478702263265,137.48120956396787
2016-08-22,241.6999969482422,243.6999969482422,240.1999969482422,240.89999389648438,6910656,237.05,91.51103477398078,1.375989479813124,79.39390296343905,124.10438550380161
2016-08-23,244.89999389648438,246.5,241.6999969482422,243.10000610351562,8044084,237.95,93.33330790201823,1.7744225337169346,81.11107626081996,138.10804578596867
2016-08-24,243.1999969482422,246.1999969482422,242.39999389648438,243.8000030517578,6435964,238.81999969482422,83.58207935478875,2.133852950394468,74.55087112088972,122.40752464252132
2016-08-25,242.39999389648438,244.37600708007812,240.8000030517578,242.60000610351562,5536628,239.78999938964844,76.70583156118904,2.4323682693318047,70.09643935840548,98.98076830174621
2016-08-26,241.5,246.0,240.0,242.10000610351562,5192077,240.17999877929688,66.66666666666667,2.657151782551001,63.8297791752362,92.44310919685944
2016-08-30,242.8000030517578,244.39999389648438,240.3000030517578,240.8000030517578,8875860,240.95999908447266,75.33335367838542,2.8386227081991966,62.63736386577872,85.07005524512037
2016-08-31,240.3000030517578,242.89999389648438,238.35499572753906,241.8000030517578,35367582,241.48999938964843,58.66668701171875,2.9370773020408256,60.21125871401899,52.05222276763219
2016-09-01,242.0,244.3000030517578,240.5,241.1999969482422,8761139,242.25,70.0,2.9987659800545083,66.43108130768206,68.45262849299449
2016-09-02,246.10000610351562,247.6999969482422,240.39999389648438,243.1999969482422,12664798,242.7,89.87347762221756,3.0927550803988035,65.45452830419,98.55191585568011
2016-09-05,246.3000030517578,248.10000610351562,245.10000610351562,246.0,7406608,243.11999969482423,88.888878423335,3.198204215820693,72.50994708061923,120.22796734700951
2016-09-06,244.60000610351562,247.8000030517578,244.0,247.8000030517578,8277744,243.41000061035157,77.56411134216647,3.2708966485146544,67.91044691140685,95.78534230138393
2016-09-07,244.10000610351562,245.60000610351562,243.39999389648438,244.3000030517578,7379557,243.3300018310547,70.80294572331051,3.3038149140276323,68.16480856229126,70.8546716435091
2016-09-08,244.6999969482422,247.89999389648438,242.39999389648438,244.8000030517578,8835280,243.4800018310547,65.11025618140795,3.312120313255684,57.711423524204925,77.92009110378682
2016-09-09,241.0,246.5,239.97500610351562,244.1999969482422,5991306,243.34000244140626,27.142139109275988,3.2379831794659544,47.63947064417009,22.2311588240496
2016-09-12,238.89999389648438,240.39999389648438,234.60000610351562,238.5,6612349,243.0800018310547,31.85176142939815,3.0751746646920632,44.399990478509814,-90.33145096663851
2016-09-13,235.89999389648438,241.8820037841797,235.89999389648438,239.89999389648438,5752346,242.39000091552734,9.629539207175926,2.8104511445722204,31.854829778279836,-99.33149144844174
2016-09-14,235.10000610351562,237.3000030517578,234.5399932861328,237.10000610351562,5524221,241.87000122070313,4.12988413008668,2.4765575932210715,33.0543973124077,-163.3763106499643
2016-09-15,240.0,240.89999389648438,235.0,235.0,8913809,241.6700012207031,40.26549817761169,2.1893448231226595,45.71429194236968,-99.81539138407315
2016-09-16,240.3000030517578,241.5,238.6999969482422,240.0,9854918,241.09000091552736,42.477907972484694,1.9462432441261224,47.810222839751965,-56.66354269899315
2016-09-19,246.5,247.39999389648438,240.1739959716797,242.0,7829894,241.11000061035156,88.20055611256835,1.8380149398042416,55.727554325823135,73.05391360176826
2016-09-20,244.5,246.39999389648438,242.8000030517578,245.6999969482422,9354338,241.1,73.45130751719707,1.7838980579214043,56.60377449025764,63.901638607860484
2016-09-21,249.39999389648438,250.60000610351562,239.0,245.60000610351562,7825693,241.62999877929687,92.5279498797635,1.840644739962243,60.57142906967518,108.49903188158335
2016-09-22,251.6999969482422,253.60899353027344,248.76100158691406,251.0,5595011,242.3299987792969,89.98900541407339,1.996403804941911,58.43372967924798,205.35094634952915
2016-09-23,253.89999389648438,253.89999389648438,249.5,251.10000610351562,6182117,243.6199981689453,100.0,2.236606224101409,60.79545183614992,187.71028844610356
2016-09-26,248.6999969482422,252.5,247.8000030517578,252.5,11085658,244.5999984741211,73.14051247776402,2.429083701715582,55.29715038909946,114.88863489401453
2016-09-27,250.8000030517578,251.5,247.89999389648438,250.6999969482422,6985240,246.08999938964843,83.98765110023274,2.609526120897395,58.31265696590699,109.44171090618138
2016-09-28,241.0,254.5,240.33599853515625,250.0,23047499,246.67999877929688,32.36475220912179,2.61066514590648,46.262628193133786,19.165124643970305
2016-09-29,242.39999389648438,243.76499938964844,240.5,242.39999389648438,12340929,246.9199981689453,39.37874732722829,2.5157464185663394,51.48304495719455,-39.207472926150345
2016-09-30,245.8000030517578,245.8000030517578,237.50599670410156,240.0,9726005,247.46999816894532,56.41285560190781,2.414107614875509,57.11341373826291,-21.693812143384296
2016-10-03,245.0,246.39999389648438,243.8000030517578,244.5,8404807,247.31999816894532,52.404825628641255,2.2953190505266017,59.82722300511878,18.140260067067263
2016-10-04,250.1999969482422,252.10000610351562,245.10000610351562,245.10000610351562,11631894,247.88999786376954,77.94870229867789,2.2497398591377484,64.89151060516,88.62878414644352
2016-10-05,248.3000030517578,257.70001220703125,248.27999877929688,256.8999938964844,14943924,247.77999877929688,53.4515106522043,2.216995315797738,58.700213399137,115.00437805090662
2016-10-06,244.89999389648438,248.5,244.0,247.10000610351562,7735545,247.0999984741211,36.614794077533084,2.1347136631871644,54.527549772034305,18.611591332027817
2016-10-07,232.0,245.0,232.0,244.89999389648438,22504449,244.90999908447264,0.0,1.815019137692395,37.39130434782609,-124.29823062876865
2016-10-10,233.8000030517578,239.3300018310547,229.55499267578125,232.10000610351562,9203518,243.4199996948242,15.082634322791069,1.3878589398736092,40.663179425507956,-146.30723640221555
2016-10-11,232.8000030517578,235.00999450683594,231.60000610351562,233.10000610351562,9899473,241.61999969482423,11.529607831231242,0.8966161568032074,34.456940076116766,-149.4463916569728
2016-10-12,233.3000030517578,235.3000030517578,232.32000732421875,233.5,8781099,240.85,13.306121077011156,0.39689304760089117,32.170550658877985,-137.67895876117214
2016-10-13,231.1999969482422,232.5,228.82000732421875,231.10000610351562,9863996,239.7300003051758,8.240959908700889,-0.11635802501301062,27.96117454123649,-155.45930803510285
2016-10-14,232.89999389648438,235.06900024414062,231.35899353027344,232.10000610351562,7947474,238.43999938964845,14.127374939239596,-0.5837950317701799,33.54166871971489,-114.25455177540196
2016-10-17,229.3000030517578,233.89999389648438,228.39999389648438,233.89999389648438,9962707,236.86999969482423,3.071701682007035,-1.0541180137189148,28.282828282828277,-121.36728634771855
2016-10-18,235.0,235.6999969482422,229.5,230.0,9538408,235.35,22.525604023734953,-1.408252090690884,43.39206959622012,-80.96367823734317
2016-10-19,237.89999389648438,238.0500030517578,233.10000610351562,236.0,6794776,234.30999908447265,32.42318792879514,-1.6215195192183023,45.2025580110605,-47.23808588540127
2016-10-20,238.6999969482422,240.0,236.1999969482422,238.8000030517578,7269107,233.68999938964845,35.1535720646639,-1.7188552780935134,41.98644688493285,-23.8347238682402
2016-10-21,240.89999389648438,243.8000030517578,238.1999969482422,239.3000030517578,7809471,234.5799987792969,42.6620893799936,-1.6994075258022856,45.514214719628825,9.12114426569647
2016-10-24,242.60000610351562,244.5,240.5,241.1999969482422,7411160,235.45999908447266,48.464175197869395,-1.5767856191108418,40.99527085979667,31.85639621361907
2016-10-25,240.1999969482422,244.39999389648438,239.6999969482422,243.1999969482422,8777783,236.1999984741211,58.706465017908194,-1.430621125209477,40.515218046961316,26.09985362859545
2016-10-26,243.39999389648438,245.10299682617188,240.89999389648438,242.8000030517578,7400131,237.20999755859376,89.8042110340493,-1.2230480207419532,48.23529411764706,49.62115025223681
2016-10-27,244.0,244.0,240.80999755859375,242.60000610351562,6655624,238.48999786376953,93.39641601683829,-0.9755061932014064,69.86754163828803,46.33790133019545
2016-10-28,254.0,255.3000030517578,239.0030059814453,243.0,17199167,240.5999984741211,95.16727654532058,-0.554121760521595,76.30207308878745,117.23831132005402
2016-10-31,250.89999389648438,253.89999389648438,248.89999389648438,252.6999969482422,13415037,242.75999755859374,83.643094209093,-0.09406165035443809,72.34565929058337,127.94044484998784
2016-11-01,253.6999969482422,254.39999389648438,249.8000030517578,250.89999389648438,10948273,244.62999725341797,94.05202394437862,0.4110093128904074,73.83175837503948,137.6851311924099
2016-11-02,252.89999389648438,253.6999969482422,249.7209930419922,251.60000610351562,9108290,246.12999725341797,91.07803591656791,0.9041151975404664,76.1445650235592,130.81249359148404
2016-11-03,258.6000061035156,263.20001220703125,252.1999969482422,252.1999969482422,22984339,248.1199981689453,86.78159861162631,1.4527518817145362,78.2417527138828,171.30637370724463
2016-11-04,254.8000030517578,256.29998779296875,252.6999969482422,255.60000610351562,8334365,249.50999908447267,75.07416583807397,1.9434958089406416,77.89931746198161,120.17441526077657
2016-11-07,255.60000610351562,259.0,253.6999969482422,257.29998779296875,10084781,250.80999908447265,74.75081540721695,2.380562031474951,75.24507530652178,117.84077327568473
2016-11-08,255.5,257.3999938964844,253.1999969482422,254.3000030517578,11096736,252.33999938964843,71.4814523872362,2.7540510536340657,73.15786557189047,97.56373025825853
2016-11-09,238.6999969482422,255.8520050048828,236.39999389648438,243.0,37244696,251.86999969482423,8.582095075855488,2.793800930428444,50.0,-6.081649291112072
2016-11-10,230.5,239.6999969482422,228.6999969482422,236.6999969482422,23218058,250.5199996948242,5.217397842452409,2.485092022699295,41.33334723577145,-103.41561304070959
2016-11-11,235.1999969482422,238.6999969482422,229.10000610351562,231.0,13937237,248.63999938964844,18.84057137726654,2.0434806095542943,44.12698112828248,-92.25887122725989
2016-11-14,236.5,240.16099548339844,233.22999572753906,237.10000610351562,9463249,247.2,22.60869449839075,1.5578017645363051,47.011312942772676,-76.72900014527075
2016-11-15,241.6999969482422,245.0,239.8000030517578,241.60000610351562,12679059,246.0,37.68114275453308,1.1493747634921117,48.669799770903396,-30.38095314568366
2016-11-16,239.39999389648438,244.8000030517578,238.8000030517578,241.5,11506682,244.65,31.01447019075247,0.771463276957348,46.493899744229346,-45.44683852602773
2016-11-17,237.60000610351562,243.17999267578125,235.89999389648438,238.0,6757440,242.55,25.797116576654595,0.4020129935055589,35.714297107104954,-67.37994223230419
2016-11-18,238.89999389648438,240.7030029296875,237.1999969482422,237.6999969482422,8828570,240.95999908447266,29.565195469424275,0.07705749962524433,39.20863427815232,-65.11764861953316
2016-11-21,236.1999969482422,240.10000610351562,233.60000610351562,240.10000610351562,7708838,239.0199981689453,21.739120819922928,-0.24622732222297533,34.23423423423422,-82.37215624401016
2016-11-22,237.3000030517578,239.10000610351562,236.60000610351562,237.10000610351562,7176266,237.1999984741211,24.92754289818677,-0.5334067178417546,36.02151434449148,-68.9845852502278
2016-11-23,234.8000030517578,239.39999389648438,234.6999969482422,238.1999969482422,7127581,236.80999908447265,20.132031317276525,-0.8215718113974655,27.376419016863863,-75.77645108204746
2016-11-24,236.0,237.41799926757812,233.0,235.39999389648438,5704201,237.35999908447266,24.092416886190094,-1.074230852148125,31.19999121093481,-76.78555923069408
2016-11-25,236.0,237.0,232.3000030517578,236.6999969482422,5318594,237.43999938964845,25.435553407628227,-1.288942193045101,30.0812871971889,-73.809232209552
2016-11-28,232.8000030517578,237.10000610351562,231.8000030517578,235.0,7526385,237.06999969482422,15.100194781037116,-1.5167294499403843,28.298270679389915,-78.47892678425661
2016-11-29,233.1999969482422,234.39999389648438,231.1510009765625,232.0,5476430,236.21999969482422,27.607356794419214,-1.7309328510307913,42.339825055042205,-82.42006922455839
2016-11-30,231.0,234.78399658203125,229.91000366210938,232.5,13034404,235.38000030517577,11.949651734800225,-1.9565477785377066,50.83612142540739,-87.50541150134417
2016-12-01,228.6999969482422,231.10000610351562,227.0,230.60000610351562,6551663,234.48999938964843,9.444427490234375,-2.209723959641544,38.18180506681137,-118.01421596680316
2016-12-02,229.0,230.39999389648438,224.10000610351562,227.60000610351562,7507280,233.5,23.444953719860234,-2.4570803054218917,35.849040307433285,-130.05505984024555
2016-12-05,231.5,233.8000030517578,228.1999969482422,228.39999389648438,5163964,233.03000030517578,35.74876805531496,-2.642335839869294,28.571410253533415,-86.78125735798227
2016-12-06,234.5,234.8000030517578,230.10000610351562,231.39999389648438,6322324,232.75,54.50734389719983,-2.725070721897962,39.99999999999999,-47.936262245033575
2016-12-07,240.60000610351562,240.60000610351562,235.10000610351562,236.5,9451124,233.3300003051758,99.37964918472117,-2.635677523816501,55.20833554091371,78.1741247538002
2016-12-08,243.39999389648438,244.6300048828125,238.5,240.8000030517578,18300615,234.06999969482422,94.0087137873164,-2.392404506819921,57.42574556588476,134.07462921993076
2016-12-09,247.0,247.3000030517578,243.0,243.0,9339720,235.1699996948242,98.7068832274974,-2.002546605396753,67.30769889124346,175.84137578726325
2016-12-12,242.0,247.60000610351562,241.10000610351562,247.60000610351562,7618498,236.08999938964843,76.17018679355053,-1.616457004623215,56.69515409424718,117.51471578696315
2016-12-13,245.8000030517578,246.39999389648438,240.0,242.5,9968754,237.35,92.34041254571143,-1.1886576947431484,65.10989264350181,121.21487740326197
2016-12-14,249.39999389648438,251.89999389648438,244.60800170898438,245.10000610351562,12921526,239.18999938964845,91.00719029584499,-0.6969965512793003,67.26803880452856,172.3016013254097
2016-12-15,250.60000610351562,251.61000061035156,247.6999969482422,248.5,7642398,241.38000030517577,95.32378286404303,-0.17034764727672091,68.25000762939453,161.8713761318582
2016-12-16,250.0,252.10000610351562,248.1999969482422,250.0,11365582,243.4800003051758,92.49997820172992,0.34143861120735985,72.99464269759005,138.09409352235178
2016-12-19,247.89999389648438,250.60000610351562,247.6999969482422,250.60000610351562,6487126,245.11999969482423,84.99995640345982,0.7827979915181354,68.7979397914269,105.77411672816858
2016-12-20,248.89999389648438,250.10000610351562,247.7449951171875,247.8000030517578,7485508,246.55999908447265,88.57138497488839,1.1710486419455535,73.61475246153499,94.12433657227058
2016-12-21,248.10000610351562,249.5,246.8000030517578,248.0,7298779,247.30999908447265,85.71428571428571,1.4902266339787105,76.64835752172176,77.32724276060331
2016-12-22,248.6999969482422,249.10000610351562,246.10000610351562,246.89999389648438,6367418,247.83999938964843,85.77402572030714,1.7555553596960203,76.83923513130668,68.73317569764698
2016-12-23,248.6999969482422,249.1999969482422,247.6999969482422,247.6999969482422,1240374,248.00999908447267,84.54541293057528,1.969222172506092,75.14619661263777,67.86041340790106
2016-12-28,248.0,249.0,246.6999969482422,247.6999969482422,3863503,248.60999908447266,75.88231703814338,2.1236512336254,71.15987865672884,57.39929356901141
2016-12-29,250.0,250.0,246.3000030517578,246.89999389648438,4659000,249.02999877929688,84.5587855804508,2.259924394222012,66.9064712662605,61.41803017698524
2016-12-30,249.3000030517578,250.0,247.3000030517578,250.0,3625868,249.0199996948242,76.85949058369252,2.361355256540839,61.47861839663951,58.95068147288635
2017-01-03,252.39999389648438,254.3800048828125,249.8000030517578,250.3000030517578,8465678,249.1999984741211,86.2308044923218,2.4797070050062637,60.71428138922899,94.20552847249927
2017-01-04,252.39999389648438,254.10000610351562,250.5,253.1999969482422,9386435,249.43999786376952,86.2308044923218,2.59680848901722,75.74258248440505,97.86514811450735
2017-01-05,250.5,253.1999969482422,250.0,252.39999389648438,9351505,249.6999984741211,60.29468253546902,2.6707557334346967,62.84154098992168,82.15522656683744
2017-01-06,252.0,252.1999969482422,249.3000030517578,250.39999389648438,4568755,250.00999908447267,71.25597543850597,2.7316227311439327,58.02471926622096,87.02630866677463
2017-01-09,254.8000030517578,254.89999389648438,251.3000030517578,253.0,7663524,250.67999877929688,98.86373882465546,2.8195470276317023,61.79776244086138,160.00576752473114
2017-01-10,258.79998779296875,263.0,254.8000030517578,257.1000061035156,16181382,251.68999786376952,75.14784778765537,2.97721228025787,70.75473599355098,263.48648282111117
2017-01-11,261.3999938964844,277.1000061035156,259.1099853515625,268.79998779296875,31040377,252.95999755859376,49.354799332157256,3.2050206498572806,81.10606077652645,320.6404146998424
2017-01-12,259.79998779296875,274.9989929199219,255.39999389648438,260.5,15181760,254.13999633789064,44.19348932081653,3.4320192218325007,74.43949502206712,211.9615535727224
2017-01-13,264.6000061035156,265.6000061035156,259.29998779296875,260.29998779296875,11635318,255.5999969482422,59.67741935483871,3.7153698107875837,81.36883585248515,167.12501030831186
2017-01-16,263.0,265.0,261.29998779296875,265.0,8480430,256.9699966430664,54.22076394011619,3.985191803932058,76.19047885204733,134.88980491576874
2017-01-17,265.1000061035156,265.33599853515625,261.3999938964844,262.8999938964844,10184019,258.23999786376953,61.038964899339064,4.256811133214288,77.89116334736207,121.80936438951646
2017-01-18,265.6000061035156,266.20001220703125,261.79998779296875,265.3999938964844,10103348,259.5599990844727,62.6623413618666,4.513593338237095,80.13698415385869,109.07392168459457
2017-01-19,268.0,268.0,264.6000061035156,266.6000061035156,9770501,261.3099990844727,69.46306989395143,4.775618082405858,80.4053991358166,115.14274427702502
2017-01-20,262.70001220703125,266.6000061035156,260.70001220703125,264.20001220703125,12333772,262.38000030517577,48.20146649022093,4.931750169061384,69.59065840788352,70.68499522079325
2017-01-23,259.79998779296875,262.2510070800781,258.5,261.6000061035156,8262104,262.8799987792969,37.769725138742444,4.9558174354850815,60.882334197698086,34.58971369555187
2017-01-24,256.0,261.3999938964844,254.6999969482422,260.0,9745589,262.6,24.100705801248257,4.823925488968002,54.76191052864009,1.1205743742146739
2017-01-25,256.5,257.8999938964844,254.3000030517578,257.1000061035156,6788282,262.11000061035156,25.899266754889535,4.598177828997274,58.2417527138828,-16.631834268714847
2017-01-26,258.1000061035156,259.20001220703125,255.1999969482422,257.5,6289135,261.94000244140625,26.35659785821038,4.340484277004175,58.35616575796821,-8.076490608601642
2017-01-27,254.5,260.0,252.5,259.20001220703125,17579135,260.9300018310547,8.130079283655856,4.008947544129196,49.59785149898036,-38.58164257122776
2017-01-30,256.8999938964844,260.20001220703125,252.60000610351562,253.6999969482422,13270804,260.32000122070315,17.886149613009913,3.677660337966168,47.33894730723299,-34.220784034154455
2017-01-31,257.8999938964844,261.8999938964844,256.8999938964844,257.20001220703125,10835984,259.6,24.0010471388829,3.37146843721526,44.86804070199304,-4.72156101028537
2017-02-01,258.29998779296875,261.0950012207031,257.8999938964844,258.79998779296875,6802960,258.8699981689453,37.41927608366935,3.095754283572697,47.72036643328621,-7.510443519352227
2017-02-02,257.79998779296875,260.2099914550781,255.0,258.1000061035156,7217403,257.84999694824216,34.19346963205645,2.838563324699358,38.11185863748646,-40.79938348985283
2017-02-03,264.79998779296875,264.79998779296875,257.70001220703125,258.0,12966282,258.05999450683595,79.3547599546371,2.7116759721871007,52.64704087201287,40.85128262382463
2017-02-06,260.0,265.1000061035156,259.29998779296875,264.29998779296875,6444232,258.0799957275391,48.38709677419355,2.5903505805503007,43.05175933509898,14.613898639565544
2017-02-07,266.20001220703125,266.6000061035156,257.79998779296875,260.1000061035156,15995280,259.09999694824216,88.38717552923387,2.5718850364737764,50.70755446920639,55.021925800902146
2017-02-08,267.3999938964844,270.20001220703125,265.5,266.20001220703125,15496719,260.18999633789065,84.18069842101815,2.632141207229236,49.271836929396954,141.16124954767733
2017-02-09,266.70001220703125,269.29998779296875,265.3999938964844,267.79998779296875,8576237,261.0499969482422,80.22600233795522,2.7214129144360273,55.46448451940619,118.5448503233825
2017-02-10,264.6000061035156,268.29998779296875,263.70001220703125,266.70001220703125,7768137,262.05999755859375,68.36156925761301,2.7844842059603345,56.703944188568165,80.87125424926194
2017-02-13,265.8999938964844,267.17999267578125,263.1719970703125,264.29998779296875,8891367,262.9599975585937,75.70612799442753,2.842221426435249,64.86487477237799,73.82072968015753
2017-02-14,266.29998779296875,268.29998779296875,264.6000061035156,264.79998779296875,7298071,263.7999969482422,77.96597895840301,2.8934923454616217,64.75903946700787,87.18561153355446
2017-02-15,266.5,268.5,265.20001220703125,266.6000061035156,6113746,264.6199981689453,79.09599064817913,2.934618829314898,63.20755531798304,88.6094971109721
2017-02-16,267.29998779296875,268.0830078125,265.29998779296875,265.70001220703125,5370722,265.5699981689453,83.52259427067348,2.973305807573273,72.06899091837057,91.43463765412227
2017-02-17,268.3999938964844,268.4209899902344,265.6000061035156,267.20001220703125,7037847,265.92999877929685,88.15778378313263,3.0192089052128415,70.75815933509021,92.93409577234603
2017-02-20,268.1000061035156,269.0769958496094,266.20001220703125,268.6000061035156,5579442,266.73999938964846,86.18418146701093,3.0555610926031074,68.88895419414197,88.26517227132774
2017-02-21,265.79998779296875,269.79998779296875,265.6000061035156,269.1000061035156,6761860,266.6999969482422,71.05249420768801,3.040361622113114,62.9757949891974,69.73315446427401
2017-02-22,267.1000061035156,268.70001220703125,264.6000061035156,265.5,9222456,266.6699981689453,75.199951171875,3.0074587862804747,65.65660613496175,60.14345179778599
2017-02-23,267.70001220703125,268.1000061035156,266.7120056152344,267.1000061035156,5729882,266.76999816894534,79.83874937242201,2.9679027850763258,56.22323161675141,67.3562411704191
2017-02-24,265.6000061035156,267.99200439453125,264.6109924316406,267.70001220703125,7830234,266.8699981689453,62.903249623453206,2.885981477982369,63.592243796859655,35.441326331760536
2017-02-27,267.0,270.0,265.79998779296875,267.1000061035156,6099403,266.97999877929686,54.467767288770006,2.7975592175912536,52.531608895687754,65.98531513582834
2017-02-28,267.6000061035156,268.3999938964844,266.1000061035156,267.29998779296875,6018926,267.11000061035156,64.85071958523287,2.7128940702241695,50.65793436316692,58.17202829051301
2017-03-01,268.3999938964844,269.20001220703125,266.260009765625,268.0,6772154,267.3,76.56699740770537,2.6416021991000687,55.55548906853681,74.97332205097935
2017-03-02,264.70001220703125,267.70001220703125,264.29998779296875,267.3999938964844,9031467,267.0400024414063,22.378653794583,2.5173778834800187,50.295876152761295,-32.270153757478674
2017-03-03,261.3999938964844,266.20001220703125,260.9800109863281,264.79998779296875,10036498,266.3400024414062,4.656135495505249,2.3081011028242266,38.09525347318655,-170.131299318871
2017-03-06,260.20001220703125,262.8500061035156,259.6000061035156,261.70001220703125,9624700,265.5500030517578,5.769292842743415,2.0320800831741526,34.51783805555125,-260.6136114839678
2017-03-07,263.6000061035156,265.135986328125,259.29998779296875,259.3999938964844,11789157,265.3300048828125,40.18704116731029,1.7783079408363065,43.66813390956933,-164.0673197170458
2017-03-08,266.0,266.79998779296875,263.0,263.6000061035156,9300505,265.2200042724609,62.61686507823329,1.586021496206007,47.34696368781888,-36.9095268032842
2017-03-09,262.3999938964844,263.5,260.1000061035156,263.5,10658998,264.69000244140625,28.971986606506228,1.3813022102657488,38.888888888888886,-156.69386576854117
2017-03-10,266.3999938964844,266.70001220703125,261.79998779296875,261.8999938964844,6398206,264.77000122070314,66.35512152827293,1.240191380179912,47.23125157806632,-32.28308458479469
2017-03-13,269.0,269.0,265.1000061035156,265.3999938964844,6775021,264.9700012207031,90.65421626955832,1.1850012926498978,55.16131001134073,71.72355178704748
2017-03-14,271.20001220703125,271.56500244140625,268.29998779296875,268.6000061035156,7787533,265.3300018310547,97.02413535705399,1.2189568697868005,56.42634308461024,155.6804075272569
2017-03-15,271.3999938964844,274.3999938964844,270.1000061035156,271.6000061035156,10438907,265.6300018310547,80.13245836171197,1.3074195568168927,55.87299249848139,183.8018962290659
2017-03-16,268.1000061035156,272.5,263.0,270.0,12838038,265.9700012207031,58.27824340082903,1.3697796325907776,53.82263567743525,47.42420440351457
2017-03-17,269.70001220703125,272.3999938964844,266.3999938964844,266.3999938964844,15669812,266.8000030517578,68.87430602853291,1.434915237148164,54.103366584235104,92.89799257209256
2017-03-20,274.29998779296875,274.6000061035156,267.1000061035156,268.5,6640770,268.2100006103516,98.03909835624144,1.5684954351529679,59.07858249313353,151.70430768951235
2017-03-21,273.1000061035156,274.5899963378906,272.1000061035156,272.1000061035156,5463740,269.1600006103516,90.19609016437586,1.7152529582463327,56.30029683107465,160.48059027381947
2017-03-22,266.6000061035156,273.29998779296875,265.79998779296875,273.29998779296875,6343760,269.2200012207031,47.712480876671236,1.7549633893965912,52.36907294167786,37.00618704221653
2017-03-23,266.6000061035156,267.0,262.70001220703125,265.1000061035156,8006889,269.64000244140624,47.712480876671236,1.7214971741874008,57.06524803874414,-38.20812604376746
2017-03-24,266.6000061035156,267.6000061035156,265.0,266.6000061035156,4699848,269.6600036621094,47.712480876671236,1.6399959687258465,58.98876934247376,-15.036117011967345
2017-03-27,267.79998779296875,267.79998779296875,263.6000061035156,265.6000061035156,4669988,269.5400024414063,53.103321996228445,1.5480669142925803,56.2874103772766,-13.551769701358493
2017-03-28,264.8999938964844,270.0,264.6000061035156,270.0,5145832,268.9100006103516,33.10336408943966,1.4046248925546057,48.37756890549705,-10.027959792214464
2017-03-29,265.0,265.29998779296875,263.5,265.0,10696389,268.27000122070314,25.00005960455951,1.234809123405203,54.27633527247539,-52.209851859859825
2017-03-30,265.20001220703125,266.0,263.79998779296875,265.20001220703125,8367679,267.98000183105466,21.008414136570078,1.0577415217272603,47.744390662519635,-41.409526117598745
2017-03-31,264.29998779296875,265.20001220703125,263.6000061035156,265.0,10847193,267.43999938964845,13.445179887110548,0.8686406174238597,40.56221060346455,-59.87763196317279
2017-04-03,263.20001220703125,265.0,262.6000061035156,265.0,6960699,266.3300018310547,5.000050862630208,0.6623811783238658,33.19322558970913,-85.67371894906499
2017-04-04,257.3999938964844,264.29998779296875,256.6000061035156,263.6000061035156,11965312,264.76000061035154,4.444376627604167,0.36213395729357384,26.190446532928917,-179.92510308749902
2017-04-05,256.29998779296875,258.29998779296875,255.39999389648438,257.70001220703125,9191834,263.72999877929686,4.687465230645987,0.0003411393879855229,28.308775268179005,-208.49322330360476
2017-04-06,254.39999389648438,255.60000610351562,251.60000610351562,255.0,8704734,262.50999755859374,12.173859969429348,-0.41137555941482923,22.181754019169503,-227.23480016303628
2017-04-07,261.79998779296875,261.8999938964844,254.39999389648438,258.0,10282580,262.0299957275391,44.36705533785721,-0.7138005210996146,29.372928983653452,-108.81555339473036
2017-04-10,262.6000061035156,262.70001220703125,260.0,262.0,6204885,261.50999755859374,50.69128701314226,-0.91747920239435,32.44148590885152,-60.4909659707831
2017-04-11,265.0,265.0,261.6000061035156,262.3999938964844,6321846,261.51999816894534,72.82607794258381,-1.0082068335356351,46.89921517834436,-20.431346728185044
2017-04-12,257.8999938964844,265.20001220703125,257.8479919433594,264.8999938964844,12526680,260.80999755859375,34.23907544976125,-1.134361385662962,36.77810676135457,-74.89215734466869
2017-04-13,258.3999938964844,259.552001953125,255.89999389648438,257.0,6467352,260.12999572753904,36.95646765550287,-1.2655449684149451,37.724541597073234,-103.349738777815
2017-04-18,254.60000610351562,258.3999938964844,254.0500030517578,258.29998779296875,8374125,259.1599975585938,16.304353234449714,-1.4507459428497798,31.666707639306267,-123.16723407784689
2017-04-19,267.3999938964844,268.5,254.3000030517578,254.3000030517578,19721927,259.5799957275391,93.49108579415254,-1.4525725578707136,52.723310098321065,10.261773631438379
2017-04-20,265.6000061035156,270.1000061035156,263.8999938964844,267.79998779296875,13069284,260.3999969482422,75.67567567567568,-1.3647749700622658,50.630258431281284,77.45672572852065
2017-04-21,266.0,267.1000061035156,264.20001220703125,264.8999938964844,9122431,261.3699981689453,77.83780484586148,-1.2159128956351495,50.83680752852245,67.6389062244131
2017-04-24,271.3999938964844,272.1099853515625,266.3080139160156,268.0,10001188,263.0699981689453,96.53831217237465,-0.9476553197166652,56.78777428643951,138.29558675739153
2017-04-25,272.20001220703125,274.70001220703125,270.20001220703125,271.6000061035156,7146956,264.11000061035156,89.17749203702799,-0.6037017388807089,58.65384615384615,167.03203932042942
2017-04-26,273.6000061035156,273.79998779296875,271.20001220703125,272.0,5968417,265.2100006103516,95.23807007415373,-0.20662194036418113,67.01682827314016,159.27043792011963
2017-04-27,273.8999938964844,274.1000061035156,271.04901123046875,271.79998779296875,5454545,266.1,96.53671818543322,0.20819782621484134,68.80344249028882,146.51015082832683
2017-04-28,275.3999938964844,275.6000061035156,272.70001220703125,273.29998779296875,13383010,267.85,99.071869240339,0.635848222445508,72.62932820497305,145.7048891731952
2017-05-02,279.5,282.29998779296875,274.3999938964844,275.70001220703125,17088163,269.9600006103516,90.08853343243,1.1130864444153343,70.53366848403314,166.5442680774474
2017-05-03,263.5,277.0,262.3999938964844,273.0,29223564,270.85,33.45133469915323,1.3385801342564978,50.77186497087218,32.00729467881132
2017-05-04,259.3999938964844,264.635986328125,257.20001220703125,263.5,15584848,270.05,18.938030918374345,1.3260003789453052,45.33332587347711,-48.492603175543536
2017-05-05,265.0,265.0,257.6000061035156,258.29998779296875,13380355,269.98999938964846,38.76107208039793,1.2511828556590183,56.06838445073809,-26.93073450051438
2017-05-08,269.5,269.8999938964844,264.3999938964844,264.8999938964844,12775016,270.3399993896484,54.690284224132014,1.210221136331183,58.880009218754495,30.339854462382306
2017-05-09,269.79998779296875,270.1000061035156,266.70001220703125,269.5,8212256,270.17999877929685,55.35711852870316,1.194654651299798,62.88134707763003,35.383990990365334
2017-05-10,271.70001220703125,273.6000061035156,267.29998779296875,268.8999938964844,7773514,270.1299987792969,57.76898049304782,1.2234123482271102,54.469872936494895,55.67871054860993
2017-05-11,265.1000061035156,265.29998779296875,260.989990234375,264.8999938964844,9791541,269.2799987792969,31.474109882841567,1.170356410821611,49.52741042604596,-42.20741938032348
2017-05-12,264.79998779296875,267.29998779296875,263.79998779296875,265.6000061035156,6524605,268.3699981689453,30.278816646321594,1.061348456399946,48.86362585483819,-22.770597834486033
2017-05-15,266.70001220703125,268.20001220703125,264.79998779296875,266.20001220703125,7997021,267.5,37.84864239199685,0.9508799907857721,45.23329196237616,-10.053501553478256
2017-05-16,269.70001220703125,270.6000061035156,265.3999938964844,267.5,6597739,266.52000122070314,49.80084525262743,0.8909830445799287,47.572818410551605,13.30531149194276
2017-05-17,269.1000061035156,270.8999938964844,267.6090087890625,269.29998779296875,5760774,267.0800018310547,47.41038036368234,0.8543197663645878,45.562136588536966,14.654164597268096
2017-05-18,273.20001220703125,274.1000061035156,266.5350036621094,269.6000061035156,8472397,268.4600036621094,63.74508192336312,0.8976068859944503,49.357816042587906,48.82476193498994
2017-05-19,274.29998779296875,275.1000061035156,270.5,274.20001220703125,8059281,269.39000244140624,68.12745903831845,1.0042398241348802,48.98335976118473,79.97437699255089
2017-05-22,278.0,279.29998779296875,274.0,275.70001220703125,6172575,270.24000244140626,94.11769579602635,1.2017294873767659,48.603353860212636,133.97933227573176
2017-05-23,276.70001220703125,279.3999938964844,276.29998779296875,278.8999938964844,5773790,270.9300048828125,87.8379102864943,1.4223341206703473,66.92306608845075,121.32990040250988
2017-05-24,277.6000061035156,278.1499938964844,276.0,277.29998779296875,6074872,271.52000427246094,91.74317063815371,1.6569793997831463,75.41897679303314,107.23564282604252
2017-05-25,278.6000061035156,280.29998779296875,277.79998779296875,278.0,4029704,272.87000427246096,91.19636507309365,1.900302415148729,71.79485173074535,119.78968024270974
2017-05-26,281.70001220703125,283.6000061035156,278.1000061035156,278.3999938964844,8541140,274.5600067138672,91.59667154821598,2.181436686185122,70.46978559900379,133.91810157985958
2017-05-30,279.70001220703125,281.70001220703125,277.3999938964844,280.0,6038170,275.86000671386716,82.75103423608252,2.4346520293342104,65.71429401837251,104.30824915500517
2017-05-31,281.0,282.79998779296875,278.79998779296875,280.20001220703125,9466767,276.99000549316406,88.50064449948373,2.672285844187031,65.04851204702666,116.11561234879487
2017-06-01,279.29998779296875,281.5,279.1000061035156,281.0,6825870,278.0100036621094,78.28275588888529,2.854482919856958,77.30762504269522,92.36305385328495
2017-06-02,275.1000061035156,280.8999938964844,274.3999938964844,280.8999938964844,8859364,278.2000030517578,54.78727807817362,2.9188680507707963,67.2241144031771,48.82221292100581
2017-06-05,272.29998779296875,279.29998779296875,272.29998779296875,275.79998779296875,5857678,278.0000030517578,37.91202894808326,2.8547104146338365,59.090873060696325,15.824902025135733
2017-06-06,270.0,272.5,269.29998779296875,272.0,8252320,277.2000030517578,20.304692892883583,2.670146487275833,50.49831899715709,-41.98395376064051
2017-06-07,268.70001220703125,272.1000061035156,268.6000061035156,269.3999938964844,7449591,276.40000305175784,12.686834076675739,2.3929630253432066,49.35065835821146,-54.35239011129512
2017-06-08,267.3999938964844,269.4599914550781,266.20001220703125,269.29998779296875,5773095,275.3800018310547,6.896448910223919,2.046062768920012,39.6428131570142,-79.27538344714638
2017-06-09,265.0,267.5,258.6000061035156,267.5,15327842,274.02000122070314,25.5999755859375,1.6306965691771915,34.12970705195906,-133.52937451190525
2017-06-12,265.0,265.6000061035156,263.29998779296875,264.29998779296875,6827740,272.35,25.5999755859375,1.1904747377808367,24.60935078558998,-119.52374748483626
2017-06-13,268.70001220703125,269.79998779296875,265.3999938964844,266.20001220703125,7508869,271.25,40.4000244140625,0.8140692348832468,35.71428571428572,-76.38398392791608
2017-06-14,267.6000061035156,270.20001220703125,267.6000061035156,268.20001220703125,8303115,269.9100006103516,36.0,0.4779889854199821,32.2695112211571,-69.36944989169757
2017-06-15,262.3999938964844,266.8999938964844,260.6000061035156,265.70001220703125,15109810,268.2200012207031,15.199951171875,0.10074911429849048,25.000000000000014,-128.27103410255654
2017-06-16,252.3000030517578,266.0,249.89999389648438,263.5,35982898,265.9400009155273,7.2948620076488755,-0.4438823555639749,12.690352381125749,-182.36156301711134
2017-06-19,258.0,259.29998779296875,252.781005859375,255.60000610351562,11527075,264.51000213623047,24.62008390944162,-0.9729293350644326,24.825975482563564,-147.74996749152274
2017-06-20,254.89999389648438,259.75,254.39999389648438,260.20001220703125,1830534,263.00000152587893,15.822781753968492,-1.511716025132373,20.935421033600576,-133.2278519214141
2017-06-21,253.39999389648438,256.3210144042969,253.1999969482422,254.89999389648438,3758208,261.4699996948242,11.290322580645162,-2.0488494058199427,21.029097512852204,-134.14105546847708
2017-06-22,250.39999389648438,253.8000030517578,249.8000030517578,253.60000610351562,2748710,259.7699996948242,2.033868322271999,-2.599982610459113,21.609201288893217,-141.17840250451255
2017-06-23,253.39999389648438,254.10000610351562,250.0,250.5,551752,258.60999908447263,15.858992637465239,-3.077210186082975,28.37529906519866,-115.72186517897403
2017-06-26,255.13800048828125,255.60000610351562,252.8000030517578,255.10000610351562,1586953,257.6237991333008,23.93720495972159,-3.4483556225678704,32.773901398397086,-89.79280069858925
2017-06-27,253.8979949951172,255.3470001220703,253.58999633789062,254.5,562285,256.1435974121094,20.088186785445814,-3.7454788357529623,32.81953610188289,-83.72148962480284
2017-06-28,258.3999938964844,259.29998779296875,254.1999969482422,254.3000030517578,1317035,255.22359619140624,42.15679894684484,-3.9002671966166305,40.27658351049519,-51.711871660114056
2017-06-29,255.60000610351562,260.20001220703125,255.5,259.3999938964844,311016,254.54359741210936,28.431374748959374,-3.9935112399097124,39.9314596979232,-46.67964505304954
2017-06-30,251.6999969482422,255.39999389648438,251.39999389648438,255.6999969482422,4360074,254.4835968017578,9.31369139112971,-4.096412838802454,36.85251626562343,-81.39296989675448
2017-07-03,248.89999389648438,253.8000030517578,247.5,251.6999969482422,12666833,253.57359619140624,6.16737067679079,-4.235309194478961,30.072454642902116,-103.91882142764939
2017-07-04,249.60000610351562,255.8000030517578,248.0,255.0,8552200,253.04359741210936,10.824777135090663,-4.3686637775999735,31.737023844320817,-87.64727345108038
2017-07-05,251.89999389648438,252.8000030517578,248.3000030517578,249.89999389648438,8685913,252.8935974121094,23.78375079180743,-4.4449021870618965,38.68046690968429,-86.81733877917077
2017-07-06,248.1999969482422,252.89999389648438,245.89999389648438,251.1999969482422,9886569,252.67359771728516,16.08391683010267,-4.5302452011432175,44.872429993931604,-110.19333940682272
2017-07-07,246.39999389648438,248.5,243.89300537109375,246.89999389648438,13577643,251.97359771728514,15.373689056569876,-4.635213635412857,33.92461112943744,-137.3135212282063
2017-07-10,246.10000610351562,248.8000030517578,245.6529998779297,246.39999389648438,7563945,251.0697982788086,13.53406394334778,-4.741201824620279,36.77886400878848,-120.58106531523295
2017-07-11,246.10000610351562,246.10000610351562,246.10000610351562,246.10000610351562,0,250.28999938964844,13.53406394334778,-4.83146694244651,38.51480793994817,-125.8467355079388
2017-07-12,244.5,246.89999389648438,244.0,245.0,5738310,248.9,3.7222933369264974,-4.921660569543013,40.28967585877134,-135.82128772092898
2017-07-13,246.0,247.3000030517578,243.39999389648438,245.10000610351562,9539968,247.93999938964845,15.476209938910415,-4.971932204745643,37.188378384090285,-118.05221306366599
2017-07-14,245.6999969482422,247.3000030517578,245.0,245.1999969482422,5076870,247.33999938964843,13.690479434262848,-4.9880005209216804,32.80372589784808,-99.22405805586219
2017-07-17,248.0,248.3000030517578,245.3000030517578,245.3000030517578,4301088,247.25,27.380958868525695,-4.933724664134553,39.65336604017224,-68.45161141716598
2017-07-18,246.8000030517578,248.0,246.4499969482422,247.89999389648438,6427593,246.96999969482422,20.238127675961803,-4.846103966583423,26.98414236209716,-63.54779265868115
2017-07-19,247.1999969482422,248.8000030517578,247.1999969482422,247.1999969482422,5544782,246.5,30.645163275075156,-4.724749670380676,31.578929756709343,-45.37179105294334
2017-07-20,248.60000610351562,250.1999969482422,248.0,248.10000610351562,4595035,246.54000091552734,41.935551352555294,-4.555508412186301,42.36455571749747,-18.51988571901941
2017-07-21,247.0,249.6269989013672,246.3560028076172,248.6999969482422,4763087,246.6000015258789,29.03228585105218,-4.380268678101773,45.026195577668815,-40.74205660223022
2017-07-24,243.3000030517578,247.85000610351562,242.5,247.39999389648438,7705118,246.32000122070312,7.692341550587317,-4.2595033439574035,35.746593525713834,-100.58760564327225
2017-07-25,245.10000610351562,246.6999969482422,243.1999969482422,243.8000030517578,7985353,246.22000122070312,25.000073359605853,-4.140785959585348,34.25929196413054,-85.21689462096839
2017-07-26,248.5,249.6999969482422,244.44400024414062,245.39999389648438,7576731,246.62000122070313,77.92210880511745,-3.965892946251396,50.70423241496451,-17.022999140612498
2017-07-27,249.10000610351562,250.0279998779297,247.8000030517578,248.10000610351562,6032861,246.93000183105468,85.7143989520973,-3.7463464985500328,56.716446236697905,46.544820273553476
2017-07-28,246.6999969482422,248.8000030517578,246.10000610351562,247.39999389648438,5132593,247.03000183105468,54.545436530348155,-3.5400731937192296,51.351329059503016,-11.110670346037889
2017-07-31,244.8000030517578,246.89999389648438,244.4199981689453,246.3000030517578,5752142,246.71000213623046,29.870181341862406,-3.375177175229583,47.30290062358374,-86.10263154685337
2017-08-01,248.3000030517578,248.39999389648438,245.10000610351562,246.1999969482422,4916979,246.86000213623046,75.32474481151425,-3.181326592623363,57.307693887743504,13.196375693240087
2017-08-02,249.8000030517578,250.6999969482422,247.49000549316406,248.60000610351562,6664168,247.12000274658203,89.02446059230175,-2.948307307282692,57.307693887743504,137.34714092961482
2017-08-03,252.3000030517578,253.8000030517578,249.8000030517578,250.0,5418020,247.49000244140626,86.72566730177421,-2.6563472652550177,61.702133415867834,251.28118092894124
2017-08-04,252.5,254.0,251.1999969482422,252.3000030517578,5061786,248.04000244140624,86.95652173913044,-2.3335041394091345,58.620687639214495,222.14807594288436
2017-08-07,250.0,253.5,249.0,252.60000610351562,5115203,248.71000213623046,65.21739130434783,-2.0427955769935453,55.83940853834772,125.34169675673074
2017-08-08,246.1999969482422,250.10000610351562,238.60000610351562,250.0,11401111,248.82000122070312,49.35060946005664,-1.843438644581827,48.3766243417174,-97.37316042148393
2017-08-09,245.8000030517578,246.8000030517578,244.0,245.0,5552237,248.5500015258789,46.75324546645344,-1.7139698633435416,45.302008783531576,-77.44093346376954
2017-08-10,243.6999969482422,246.10000610351562,242.7899932861328,245.5,6181733,248.01000061035157,33.11683679232384,-1.6646904756150935,44.55445095810581,-121.61965021228417
2017-08-11,241.60000610351562,244.1999969482422,240.6999969482422,243.39999389648438,4358885,247.5000015258789,19.48052720127936,-1.6979655142579966,47.03833252786058,-172.8945935760445
2017-08-14,240.10000610351562,245.56199645996094,238.8000030517578,241.10000610351562,6474373,247.03000183105468,9.74026360063968,-1.8013013525569153,41.19718120675556,-161.20360021169128
2017-08-15,241.8000030517578,243.58799743652344,240.89999389648438,241.3000030517578,4344076,246.3800018310547,20.77920919808096,-1.9119049187972021,37.453187801425415,-121.92193059505058
2017-08-16,242.60000610351562,243.5,241.3000030517578,241.60000610351562,3582083,245.66000213623047,25.97403626837248,-2.004144534904717,37.918212872067784,-98.91934314762433
2017-08-17,239.6999969482422,243.0,238.89999389648438,242.6999969482422,5593308,244.4000015258789,7.142800523951355,-2.121738731285796,37.22627452683822,-129.54378245113887
2017-08-18,237.10000610351562,238.89999389648438,236.0,238.89999389648438,9157861,242.86000213623046,6.11114501953125,-2.2857056689552286,36.29893335056509,-176.37686354974505
2017-08-21,237.60000610351562,238.0760040283203,234.5,236.10000610351562,9713952,241.62000274658203,15.897467197516026,-2.4569559311122857,28.685257268748714,-161.88299696316002
2017-08-22,237.6999969482422,238.6999969482422,231.77499389648438,238.1999969482422,13430024,240.77000274658204,26.659174013997575,-2.6165988231503396,24.472541240611335,-146.31381068675518
2017-08-23,236.89999389648438,238.89999389648438,236.39999389648438,237.0,6793321,239.8800018310547,23.059611215086733,-2.7673975197229814,14.999954917182862,-108.89930923822733
2017-08-24,237.1999969482422,238.8000030517578,234.8000030517578,238.10000610351562,6235326,239.2300018310547,24.971238332033966,-2.8936538968513257,15.384594140208307,-103.6555428835341
2017-08-25,236.10000610351562,237.1999969482422,231.8000030517578,236.0,7555348,238.68000183105468,23.601687999813482,-3.0088635446237784,16.42510581647862,-118.45094934428695
2017-08-29,230.6999969482422,235.25,229.8000030517578,233.89999389648438,11997920,237.74000091552733,5.2940817440257355,-3.1904060199076865,15.246617747281462,-144.58885834596393
2017-08-30,235.8000030517578,237.3000030517578,232.0,233.0,10053740,237.14000091552734,36.80980905922562,-3.3153686704385583,31.48148148148148,-91.40477635981702
2017-08-31,235.60000610351562,236.47900390625,232.1999969482422,235.6999969482422,17735591,236.44000091552735,36.79739549148191,-3.3939518729875764,33.86455418483081,-86.1791608983961
2017-09-01,236.10000610351562,237.0,234.1999969482422,235.1999969482422,5417661,236.0800018310547,39.96958308889444,-3.423633163908958,38.29787234042553,-65.61842042771127
2017-09-04,234.10000610351562,237.5,233.8000030517578,234.0,4237332,235.78000183105468,31.186573853764344,-3.445213421091988,37.5,-69.04435492286993
2017-09-05,235.8000030517578,237.10000610351562,234.10000610351562,234.39999389648438,4852054,235.6000015258789,43.79563019369756,-3.4256100378145184,37.5,-55.1741294531101
2017-09-06,237.0,237.39999389648438,234.0,236.0,6895070,235.53000183105468,54.54544403664422,-3.354268279638441,38.524574786220555,-41.81943656824791
2017-09-07,237.1999969482422,238.10000610351562,235.89999389648438,238.10000610351562,6824069,235.56000213623048,81.3186960597072,-3.24340187285518,44.23962647577929,-15.653304764038944
2017-09-08,234.89999389648438,237.10000610351562,234.3000030517578,237.10000610351562,7656914,235.3300018310547,56.04391182087841,-3.142876818729445,44.85978309696465,-53.60313921350069
2017-09-11,236.10000610351562,238.26800537109375,235.8000030517578,236.39999389648438,7571394,235.3300018310547,69.2308724179504,-3.0277944676413457,46.606335778881565,-8.972643502288422
2017-09-12,239.10000610351562,240.00599670410156,235.89999389648438,236.6999969482422,10371044,236.17000274658204,91.12295547648237,-2.854856487932701,52.800016601552365,57.29659624266951
2017-09-13,239.60000610351562,241.10000610351562,237.3000030517578,238.39999389648438,10789046,236.5500030517578,86.72566730177421,-2.640237412325974,55.465609053955546,110.46329325190011
2017-09-14,240.39999389648438,241.39999389648438,237.89999389648438,239.5,15121774,237.03000183105468,91.37930354096265,-2.3919631467565643,56.3492010630291,151.69775177435275
2017-09-15,237.6999969482422,240.89999389648438,237.0,240.60000610351562,15208458,237.19000091552735,68.10344940983956,-2.1732345139149043,52.98505720621852,101.03751237067412
2017-09-18,237.0,245.8800048828125,236.5,238.60000610351562,6681304,237.4800003051758,36.02304208258212,-1.9907054290601807,64.25340647428617,143.55716630663636
2017-09-19,243.10000610351562,243.39999389648438,235.6999969482422,236.5,8069555,238.21000061035156,79.67838328315857,-1.7385747407738814,65.80087866879893,155.13819711877278
2017-09-20,244.1999969482422,245.6999969482422,240.8000030517578,243.3000030517578,32080070,238.93000030517578,86.09265165629836,-1.434523948175425,67.91665898428535,210.22670823411949
2017-09-21,234.3000030517578,244.5,234.10000610351562,244.1999969482422,13817730,238.64000091552734,4.139072220292418,-1.2685485353402444,47.30538292960714,15.053978915629106
2017-09-22,233.3000030517578,236.5399932861328,232.39999389648438,235.1999969482422,9764888,238.4800018310547,6.6766203394511825,-1.210879938219637,48.76542657527086,-90.85479205832617
2017-09-25,235.0,235.35800170898438,232.39999389648438,232.8000030517578,8192172,238.37000122070313,19.28786338640701,-1.1942367393425992,48.76542657527086,-82.98455864940374
2017-09-26,237.89999389648438,238.92799377441406,234.3000030517578,234.89999389648438,10470543,238.25,40.80115369029211,-1.1551903132893127,51.31964008920805,-6.824837821461505
2017-09-27,238.39999389648438,239.5,237.5,239.0,11411522,238.12999877929687,44.510349480318666,-1.0935387362672904,51.74418269394975,35.79678114891496
2017-09-28,236.6999969482422,238.68800354003906,236.1999969482422,238.39999389648438,8404214,237.75999908447267,31.89910643336284,-1.0455806285479063,52.66272857165429,-12.41739150118403
2017-09-29,237.89999389648438,239.89999389648438,236.8000030517578,237.10000610351562,6463060,237.77999877929688,40.80115369029211,-0.987191025146538,52.662707201525514,20.056206150485338
2017-10-02,239.6999969482422,242.3000030517578,237.60000610351562,237.8000030517578,31181854,238.04999847412108,54.15428117352217,-0.894356036396415,50.92023247682743,73.94537757577429
2017-10-03,247.5,248.60000610351562,240.60000610351562,242.0,11454822,238.48999786376953,93.2098439837089,-0.658314999490493,59.89975081112585,236.4710676226295
2017-10-04,241.60000610351562,249.39999389648438,239.1999969482422,248.0,14753753,238.22999877929686,54.1177188648897,-0.4375193708623898,51.33334780093574,140.01714579789527
2017-10-05,243.0,244.5,241.10000610351562,241.8000030517578,5478972,239.0999984741211,62.352977079503674,-0.21452046038492664,56.06408137654635,107.87228721881779
2017-10-06,242.0,243.60000610351562,241.0,243.10000610351562,4833656,239.96999816894532,56.4706241383272,-0.01729602733657437,55.68182212262387,80.10125380255617
2017-10-09,238.39999389648438,242.5,237.1999969482422,241.89999389648438,6737433,240.30999755859375,35.294117647058826,0.0960380582465031,44.337330526204326,-4.495803819126754
2017-10-10,239.39999389648438,240.39999389648438,237.6999969482422,238.0,7242795,240.45999755859376,41.1764705882353,0.16658566501565442,44.20289187373235,-11.93673558051458
2017-10-11,239.5,241.60000610351562,238.6999969482422,240.5,8745578,240.56999816894532,41.76474178538603,0.20783317020092928,58.227845656338175,10.484156206816293
2017-10-12,240.0,240.0,238.1999969482422,239.60000610351562,6907489,240.8999984741211,44.70591825597427,0.2360571911126339,60.771702444694235,-4.978705355798716
2017-10-13,241.6999969482422,242.3000030517578,239.5,240.6999969482422,5281048,241.27999877929688,49.00661180909727,0.28122323091979384,60.771702444694235,44.30828614802137
2017-10-16,243.60000610351562,244.89999389648438,242.1199951171875,242.8000030517578,8600473,241.6699996948242,56.06068837962027,0.3643130932607005,59.468456895703916,101.46405910414867
2017-10-17,247.6999969482422,250.39999389648438,243.5,244.39999389648438,15997501,241.68999938964845,80.98593289784883,0.5313997810893929,63.798225361920856,167.35806659065577
2017-10-18,246.3000030517578,248.39999389648438,243.6999969482422,247.39999389648438,7816894,242.15999908447264,69.85298820023584,0.7188278390208795,64.37126924823497,131.49682437316685
2017-10-19,246.39999389648438,247.47999572753906,245.39999389648438,246.3000030517578,7536321,242.4999984741211,69.69696269109615,0.9091371266273747,63.157899709563246,119.4984374091101
2017-10-20,247.6999969482422,248.10000610351562,246.39999389648438,246.8000030517578,7872869,243.06999816894532,79.54547293587261,1.1099446678665827,62.57862118074283,125.04618463151037
2017-10-23,246.39999389648438,247.89999389648438,245.6999969482422,247.10000610351562,4897812,243.8699981689453,69.69696269109615,1.2835350701207777,47.826073845337326,99.7141729779081
2017-10-24,246.39999389648438,248.0,243.3000030517578,245.6999969482422,8301561,244.56999816894532,69.69696269109615,1.42804096515481,62.371106451323655,75.31355122744512
2017-10-25,244.1999969482422,247.1999969482422,243.60000610351562,245.5,6494177,245.03999786376954,53.03031529058174,1.508387556088152,52.97028992458984,49.937555365092315
2017-10-26,244.8000030517578,246.1999969482422,243.6999969482422,245.5,4519382,245.5199981689453,57.57581712568275,1.5504432637151975,57.070713687362876,41.96501875324346
2017-10-27,243.0,245.1999969482422,242.60000610351562,244.8000030517578,7130809,245.6499984741211,41.732317522260416,1.534042586588574,62.777794731987846,3.1947206789691758
2017-10-30,242.6999969482422,243.78199768066406,241.89999389648438,242.6999969482422,9952116,245.55999755859375,36.885255128267666,1.473579563747442,59.53757939199469,-24.79878528753621
2017-10-31,242.5,244.08399963378906,241.39999389648438,241.39999389648438,5979705,245.03999786376954,35.24593547031477,1.3821192674075344,58.62069267911106,-25.100581553223794
2017-11-01,236.39999389648438,241.89999389648438,236.39999389648438,240.10000610351562,12011233,244.04999694824218,0.0,1.17555281633632,42.17389977496603,-135.9641195749242
2017-11-02,237.0,238.23500061035156,235.10000610351562,236.0,10886328,243.10999755859376,12.418270669193179,0.9145620364486995,39.26941784608696,-148.79056269530267
2017-11-03,235.10000610351562,238.39999389648438,235.02000427246094,237.6999969482422,7991184,241.8499984741211,0.520168303167937,0.6007429447686314,30.593601897385668,-139.77334543716898
2017-11-06,234.3000030517578,235.1490020751953,232.8000030517578,234.3000030517578,7886644,240.63999938964844,9.61539025843122,0.2561302099173856,13.978522851259669,-162.59590639091306
2017-11-07,231.0,234.35000610351562,230.5,234.1999969482422,11008628,239.1,2.8409081057086927,-0.14295160879190255,12.682947162202296,-175.07449143625087
2017-11-08,233.5,233.95799255371094,229.0,230.6999969482422,15032084,238.03000030517578,23.560201895284795,-0.5150412101151107,21.83410448994387,-146.845192882184
2017-11-09,229.1999969482422,236.71600341796875,224.89999389648438,234.1999969482422,22347681,236.46999969482422,18.614726907381158,-0.9181372149496181,14.285747950964549,-149.79968176259678
2017-11-10,232.1999969482422,232.1999969482422,227.5,228.0,10541454,235.38999938964844,31.601736462947574,-1.2695806058569767,24.275387758148383,-121.72251900996075
2017-11-13,227.3000030517578,232.64999389648438,227.1999969482422,232.5,16068260,233.85,10.762371420770972,-1.6455088055363007,20.615412496519824,-121.00855910529519
2017-11-14,228.8000030517578,231.3000030517578,226.8000030517578,227.5,10789307,232.4800003051758,18.309899514082858,-1.9893947602335846,25.786187061130136,-108.47328616708947
2017-11-15,227.10000610351562,230.33999633789062,226.1999969482422,228.89999389648438,11443285,231.5500015258789,10.837496927571877,-2.3177584119094696,23.100316074828342,-108.20175744697121
2017-11-16,229.10000610351562,230.3000030517578,224.8000030517578,224.89999389648438,9910808,230.76000213623047,22.298298143054733,-2.5819881473885715,29.00303423960996,-96.61513546713664
2017-11-17,227.60000610351562,230.6999969482422,227.02000427246094,228.0,6748576,230.01000213623047,14.519827567107349,-2.8102153779844343,27.988353496731378,-85.41856188007539
2017-11-20,224.8000030517578,226.6999969482422,224.3000030517578,224.60000610351562,8198741,229.06000213623048,2.84091056871097,-3.0421802515152763,26.016270248387386,-110.10866779722103
2017-11-21,226.6999969482422,226.6999969482422,223.60000610351562,224.6999969482422,10339410,228.6300018310547,20.945901362157347,-3.2270807881549617,35.1681990007592,-98.77161225108348
2017-11-22,230.39999389648438,231.6999969482422,224.6999969482422,226.1999969482422,9519911,228.32000122070312,45.94590136215735,-3.306403058324836,40.782111237462644,-55.63795405017926
2017-11-23,228.8000030517578,230.5,227.60000610351562,230.5,6649947,228.28000183105468,39.646218458066244,-3.33338367005974,41.12675245118582,-50.927844922491545
2017-11-24,227.39999389648438,230.0,227.1999969482422,229.3000030517578,4405602,227.8000015258789,28.972160498854077,-3.3408820488085054,40.443198192276846,-58.20261463437312
2017-11-27,226.8000030517578,227.39999389648438,225.5,227.1999969482422,4833480,227.7500015258789,24.397663948253197,-3.3377342214760595,43.71257539742547,-82.48635351363272
2017-11-28,229.5,229.89999389648438,226.75,227.39999389648438,6937780,227.82000122070312,44.983189269053135,-3.277394326900632,44.04761472256232,-36.14487282164725
2017-11-29,235.60000610351562,236.60000610351562,230.0,230.0,14237982,228.6700012207031,92.3076923076923,-3.0795787902326808,59.039566408747,104.10080103265956
2017-11-30,232.3000030517578,235.60000610351562,231.8000030517578,234.3000030517578,12570977,228.99000091552733,66.92305344801683,-2.8515966400946184,50.140064642589394,94.96925165526994
2017-12-01,233.0,234.60000610351562,230.5,232.3000030517578,6495187,229.53000030517578,72.30764535757211,-2.598990434050244,59.047618586279775,93.02813623457098
2017-12-04,232.89999389648438,235.0,231.6999969482422,235.0,9862743,230.33999938964843,71.53836763822116,-2.3398642955963966,56.81061809267106,112.6152443040376
2017-12-05,239.3000030517578,242.60000610351562,234.39999389648438,234.39999389648438,14811438,231.6,82.6315628854852,-1.9827939779729185,67.52872971030666,232.93678506436078
2017-12-06,242.3000030517578,243.89999389648438,237.60000610351562,238.8000030517578,10435897,232.79000091552734,92.11826696131932,-1.530669926003498,68.43574835616397,234.53781031139025
2017-12-07,243.10000610351562,245.1999969482422,240.8000030517578,242.0,10152237,234.22000122070312,90.27781604250423,-1.0264168369101019,72.07976824033588,205.8989744046949
2017-12-08,244.6999969482422,246.0,242.0,242.0,9052339,235.95000152587892,94.1964133661579,-0.4880577263695446,79.35102873063957,179.15381420657351
2017-12-11,244.6999969482422,246.0,243.1999969482422,244.8000030517578,7713910,237.74000091552733,93.89670016197238,0.044569085782190765,78.125,154.2342863541572
2017-12-12,234.60000610351562,245.60000610351562,232.60000610351562,245.0,16479633,238.2500015258789,44.390273675685975,0.3844407897053639,55.468766763809,57.90262825746134
2017-12-13,237.84100341796875,240.1999969482422,232.8000030517578,232.8000030517578,17316664,238.4741012573242,60.20001667301829,0.6365126906846725,61.289678434008714,44.1782704607295
2017-12-14,236.60000610351562,239.10000610351562,234.1999969482422,238.0,7722844,238.9041015625,54.14637123666159,0.7990892220367561,61.53404399729732,35.30016806674998
2017-12-15,236.10000610351562,237.5,234.89999389648438,237.10000610351562,13135668,239.21410217285157,48.571460278003244,0.8872507651481049,61.68870795078003,25.12718292689582
2017-12-18,236.8000030517578,238.10000610351562,234.8000030517578,236.0,5773452,239.6041030883789,42.50001907348633,0.9332946800310439,59.66068961395043,24.572872693636985
2017-12-19,237.60000610351562,239.6999969482422,236.5,237.3000030517578,7050507,239.4341033935547,45.806490990423384,0.9611627974829935,53.07862867236018,37.952795377698614
2017-12-20,236.60000610351562,238.60000610351562,236.3000030517578,237.6999969482422,7554017,238.86410369873047,39.354878087197584,0.9580326840690718,57.12345810707445,21.742854545731593
2017-12-21,237.0,238.0,234.89999389648438,236.10000610351562,6890595,238.2541030883789,37.062950494309966,0.9398356845280353,56.69299500701103,7.59990124316855
2017-12-22,238.0,241.5,235.89999389648438,241.5,3534349,237.5841033935547,40.298480269465784,0.9269613097618338,58.28407675896037,35.388437844912914
2017-12-27,240.8000030517578,242.0,239.3000030517578,239.39999389648438,4523954,237.19410400390626,61.19403494947517,0.9606576301186958,52.75918127223675,73.24371019771542
2017-12-28,241.89999389648438,244.8000030517578,240.1999969482422,240.1999969482422,3277913,237.92410278320312,69.4029255894564,1.0371373215834805,49.20890421086875,97.95256176764755
2017-12-29,241.39999389648438,243.3000030517578,240.10000610351562,243.0,3484422,238.28000183105468,65.67158060629801,1.126082555679387,46.59752091657922,72.46339518317075
2018-01-02,241.1999969482422,242.8000030517578,239.39999389648438,242.8000030517578,5203862,238.74000091552733,64.17906538735706,1.2124208898231115,42.579076370393956,53.886378705130895
2018-01-03,243.5,244.8000030517578,241.3000030517578,241.3000030517578,9597763,239.4800003051758,83.84610689603366,1.3265311243664346,47.681790070870136,92.17467581883949
2018-01-04,242.10000610351562,245.1999969482422,241.39999389648438,243.60000610351562,8516105,240.01000061035157,75.00006152740553,1.4267068832758825,71.82519595253446,76.89950561815373
2018-01-05,241.0,244.39999389648438,240.1999969482422,242.5,9548647,240.35,61.81820956143466,1.492095695491047,60.50129549185068,46.02660460405109
2018-01-08,241.0,242.1999969482422,238.39999389648438,240.6999969482422,11417910,240.78999938964844,59.61539025843122,1.5288521459572237,65.94202097311356,13.359756300999582
2018-01-09,248.39999389648438,250.10000610351562,242.1999969482422,244.0,21373813,241.92999877929688,88.88881132062299,1.6603135702985923,79.71014172257875,160.8970441229283
2018-01-10,253.89999389648438,255.39999389648438,247.3000030517578,249.0,26820946,243.5199981689453,92.6829268292683,1.9282079097066867,83.52941387665027,246.25283055948714
2018-01-11,248.60000610351562,253.39999389648438,248.0,253.10000610351562,24146945,244.29999847412108,66.82932783917683,2.178619307522707,68.33335198298337,177.67317492064123
2018-01-12,252.6999969482422,253.3000030517578,247.39999389648438,248.60000610351562,12186698,245.37999877929687,86.8292831793064,2.465393202245791,74.32025701179077,167.44594086995792
2018-01-15,250.89999389648438,252.8000030517578,250.5,251.8000030517578,5772352,246.3299987792969,76.92307692307692,2.7255881169261658,70.14493651011283,145.37878546338516
2018-01-16,256.20001220703125,256.20001220703125,250.89999389648438,250.89999389648438,11378066,247.8300003051758,100.0,3.0338305245011474,73.45363135697869,159.4239594447405
2018-01-17,256.79998779296875,257.6000061035156,254.3000030517578,256.6000061035156,7276187,249.15999908447264,95.83324061505597,3.3586871400507214,71.85792634499492,151.3887505015485
2018-01-18,257.70001220703125,258.20001220703125,256.0,257.0,8735105,250.71999969482422,97.47474981003596,3.6836319351872153,71.70332549433874,139.0933578521832
2018-01-19,258.0,258.20001220703125,256.20001220703125,258.0,12610511,252.4199996948242,98.98983827239842,3.9879882442014436,72.92819682330398,122.44313967620089
2018-01-22,257.0,258.5,255.39999389648438,255.39999389648438,13018022,254.0199996948242,92.53731569893583,4.238441380485981,71.35136428064472,104.31800347145932
2018-01-23,257.0,258.6000061035156,256.70001220703125,257.79998779296875,9148253,254.88000030517577,92.07918249198536,4.432319619868651,69.45245983242586,98.42628426009128
2018-01-24,258.8999938964844,258.8999938964844,256.70001220703125,257.0,11918016,255.38000030517577,100.0,4.6007855321896844,73.8636314376301,97.10346159178712
2018-01-25,258.6000061035156,259.8999938964844,257.1000061035156,258.79998779296875,7536238,256.38000030517577,93.95354514898256,4.72921997782512,75.58143145336572,93.35432145909652
2018-01-26,261.1000061035156,261.70001220703125,258.29998779296875,259.1000061035156,9985342,257.2200012207031,96.92304803071788,4.854937920746075,77.23580765801754,104.59884469470452
2018-01-29,260.1000061035156,262.20001220703125,258.5,261.1000061035156,6470395,258.14000244140624,85.90600796528781,4.945343068557265,69.18036707180043,95.54343022058974
2018-01-30,257.0,261.29998779296875,257.0,260.0,13760035,258.2200012207031,64.86482585413029,4.948145429250486,55.51602988770391,68.51079207699942
2018-01-31,252.5,258.8999938964844,251.8000030517578,257.70001220703125,11873830,257.7900024414063,34.459458066218936,4.812820459612906,57.14284915813925,14.089500584559724
2018-02-01,254.1999969482422,255.3000030517578,253.3000030517578,254.10000610351562,8147096,257.4400009155273,31.623872546206695,4.614166980889915,53.01204893108786,5.405473760959728
2018-02-02,249.10000610351562,254.8000030517578,248.39999389648438,254.0,9022128,256.5500015258789,5.072545494350939,4.294350167963315,46.808530209716494,-63.576288133321995
2018-02-05,243.39999389648438,248.39999389648438,242.0,247.5,12738175,255.19000091552735,6.930658665627257,3.814627791900846,27.622326508487305,-186.92934961728864
2018-02-06,237.1999969482422,239.60000610351562,234.10000610351562,237.0,19361643,253.21000061035156,11.03199349248084,3.152215907821226,21.345040067709775,-275.3621903753612
2018-02-07,242.1999969482422,243.1999969482422,237.5,238.8000030517578,11390595,251.54000091552734,28.825583933638942,2.4826100470380057,29.764978623735914,-171.63455046121587
2018-02-08,246.1999969482422,247.1999969482422,239.3000030517578,240.5,13875685,250.3,43.060456286565426,1.90175628006102,35.95237221576953,-114.18281604412769
2018-02-09,244.89999389648438,248.1999969482422,244.5,244.89999389648438,12721345,248.67999877929688,38.43411191151859,1.381904643670519,35.69738818514868,-84.55636501821809
2018-02-12,246.0,247.89999389648438,245.5,246.1999969482422,5506044,247.2699981689453,42.34872352926483,0.941939757432046,37.32718715786379,-70.41301602240843
2018-02-13,246.60000610351562,247.5,245.3000030517578,246.39999389648438,5228389,246.22999877929686,44.48397610289526,0.5825359005781254,35.391940605987685,-62.67879172573258
2018-02-14,244.8000030517578,248.3000030517578,242.6999969482422,247.5,6806282,245.45999908447266,38.078272683732614,0.26242096571966406,34.17431618085297,-67.38617689722767
2018-02-15,247.89999389648438,248.39999389648438,245.8000030517578,245.8000030517578,7393177,244.8299987792969,49.11026617621345,0.03257295279365249,35.067863618223825,-40.80282198598269
2018-02-16,250.89999389648438,251.60000610351562,247.89999389648438,248.39999389648438,8092224,245.00999755859374,61.76470258243959,-0.08085948206756759,40.04327946299645,-8.374955254376104
2018-02-19,251.1999969482422,252.8000030517578,249.60000610351562,250.8000030517578,5884563,245.78999786376954,68.95160992609328,-0.11040790367750984,43.31797024396127,6.830225876854407
2018-02-20,254.5,254.60000610351562,250.89999389648438,251.1999969482422,8241195,247.5199981689453,96.22640015604273,-0.03292921051340565,52.3696675609809,35.068815589591445
2018-02-21,255.3000030517578,255.6999969482422,253.1999969482422,254.5,7844258,248.8299987792969,98.14817562025944,0.12040907739236918,51.331725927146515,55.59326937551017
2018-02-22,255.10000610351562,256.1000061035156,253.1999969482422,253.1999969482422,7800404,249.71999969482422,95.45454545454545,0.3097911720606268,58.2417527138828,60.722183738178614
2018-02-23,255.5,256.1000061035156,253.89999389648438,255.1999969482422,7601173,250.78000030517578,97.27269952947444,0.5175126964397514,69.45338220069965,71.9498123489821
2018-02-26,256.79998779296875,258.3999938964844,255.3000030517578,256.20001220703125,7035822,251.85999908447266,92.34446616855345,0.7454009443837941,87.40456703763388,99.61362261888266
2018-02-27,257.70001220703125,258.70001220703125,256.70001220703125,257.1000061035156,6755615,252.96999969482422,94.8453632573252,0.9866434697789925,85.06787392800206,112.84773086241292
2018-02-28,259.0,260.5,255.3000030517578,256.3999938964844,11088724,254.38999938964844,91.57303515264358,1.2421016516892471,82.9896830184702,113.90395840462462
2018-03-01,256.5,258.20001220703125,253.3000030517578,258.20001220703125,16089842,255.25,77.52809374038289,1.450361350878166,78.15534627811579,81.08409658141515
2018-03-02,253.0,255.89999389648438,252.1999969482422,255.5,6905170,255.46000061035156,57.86517576321793,1.5589745151825452,65.21739130434783,47.548558755361746
2018-03-05,252.89999389648438,256.3999938964844,252.10000610351562,254.39999389648438,9720131,255.63000030517577,57.30334381731975,1.5942887231062035,63.999972873263886,44.10367776753496
2018-03-06,244.6999969482422,254.8000030517578,244.3000030517578,253.5,20924228,254.65,2.469098591575828,1.4473494674452643,49.826979023120494,-46.2159941213098
2018-03-07,243.89999389648438,246.39999389648438,243.5,244.1999969482422,12102698,253.50999908447267,2.3529052734375,1.177817686575634,42.481204732747536,-103.65250401056862
2018-03-08,241.8000030517578,246.10000610351562,239.60000610351562,243.8000030517578,14920364,252.17999877929688,10.526304261802933,0.8093879750574595,32.29573555387333,-132.3287277480132
2018-03-09,243.0,243.89999389648438,241.10000610351562,242.8000030517578,7068155,250.92999877929688,16.26791813109713,0.41558514239787153,34.58646659672097,-122.34041738715777
2018-03-12,245.10000610351562,246.8000030517578,242.6999969482422,243.60000610351562,19915718,249.76000061035157,26.315797158798045,0.059079892460776884,31.496070560502318,-86.9564960994953
2018-03-13,241.60000610351562,245.3000030517578,240.8000030517578,244.8000030517578,9036786,248.15,9.56938078501747,-0.3113344717674203,25.622773288530766,-112.23036240235119
2018-03-14,238.60000610351562,242.0,237.8000030517578,241.1999969482422,11543161,246.11000061035156,3.5242429925514243,-0.7182027199410044,23.30096560006558,-141.74861088351628
2018-03-15,239.1999969482422,239.89999389648438,237.5,238.89999389648438,10479702,244.38000030517577,7.391291079313858,-1.1153814176734727,23.79419959777624,-131.5852411949654
2018-03-16,236.10000610351562,239.0,235.8000030517578,238.60000610351562,18896513,242.69000091552735,1.2145874041460667,-1.5325824927877283,18.541055426054214,-129.97459791479486
2018-03-19,233.39999389648438,237.5,232.6999969482422,236.0,13221316,240.74000091552733,2.5179743575529074,-1.9800468887197522,14.985545917546204,-133.2855338969074
2018-03-20,233.5,234.1999969482422,232.6999969482422,233.1999969482422,9267825,239.62000122070313,3.1372649923496665,-2.4169144584526157,11.9402985074627,-125.8028499656639
2018-03-21,232.0,233.1999969482422,230.6999969482422,233.1999969482422,12444179,238.43000183105468,5.058378233958232,-2.842661809912942,12.307692307692307,-124.06449456172255
2018-03-22,229.0,231.6999969482422,227.89999389648438,230.1999969482422,9844721,237.1500015258789,3.859670538651316,-3.2805050909038718,12.5,-131.37721202159065
2018-03-23,227.5,228.5,225.3000030517578,227.6999969482422,8468840,235.6000015258789,7.4576167737023304,-3.7194320871477253,11.976050092694877,-136.85803912406763
2018-03-26,225.3000030517578,228.0,224.6999969482422,228.0,10832605,233.62000122070313,2.7149589946048804,-4.162651385001819,14.598543397899192,-132.3484000255025
2018-03-27,229.1999969482422,229.3000030517578,225.3000030517578,228.0,13173060,232.38000030517577,20.361985326710606,-4.513617077002417,25.901632291015773,-105.16002811507421
2018-03-28,234.5,234.6999969482422,226.8000030517578,228.1999969482422,12668687,231.96999969482422,44.343892964802606,-4.693515895008643,39.16913395723826,-65.21222208917739
2018-03-29,238.8000030517578,241.10000610351562,234.3000030517578,235.0,15876420,231.93000030517578,63.8009149747367,-4.677461207784306,44.29348288051084,-3.5981611367730593
2018-04-03,237.5,239.8000030517578,233.89999389648438,236.89999389648438,11710000,232.06999969482422,62.13591873438011,-4.549508182149204,39.444435967339416,-5.931344166515393
2018-04-04,237.1999969482422,238.39999389648438,234.6999969482422,236.8000030517578,10838814,232.45,72.25432251429518,-4.352544078922767,43.292669594679154,0.3025046490626279
2018-04-05,244.10000610351562,244.89999389648438,239.3000030517578,239.5,12763515,233.51000061035157,96.03966379292763,-4.002644408450185,57.493185518540876,84.8644480229232
2018-04-06,246.0,247.0,242.39999389648438,242.8000030517578,9957853,234.91000061035157,95.51569568094219,-3.5357938769960393,58.9473688437336,115.97609268015051
2018-04-09,244.6999969482422,248.5,244.6999969482422,246.3000030517578,8489842,236.4800003051758,84.03360267015952,-3.032795887852604,61.878431380813986,121.45594771689701
2018-04-10,248.60000610351562,248.60000610351562,244.3000030517578,245.6999969482422,8376281,238.59000091552736,100.0,-2.4643746346886046,70.32085866943446,129.28302900886368
2018-04-11,250.39999389648438,252.10000610351562,248.8000030517578,249.0,12714279,241.1,93.79557795985603,-1.8504103662121176,71.61124201840576,158.41878319721093
2018-04-12,253.0,254.0,248.89999389648438,251.10000610351562,9262503,243.4800003051758,96.58703107220323,-1.1943866011503423,76.11939505372459,156.61053299349416
2018-04-13,255.89999389648438,256.3999938964844,252.5,252.89999389648438,12585025,245.61999969482423,98.42271278190856,-0.49740065069580097,83.54113441659304,157.65418454840187
2018-04-16,254.1999969482422,256.3999938964844,253.10000610351562,256.3999938964844,8714572,247.15999908447264,93.05994586739486,0.16273366701926284,83.12654457364562,129.20874992738825
2018-04-17,257.1000061035156,257.1000061035156,253.3000030517578,253.89999389648438,9216445,249.11999969482423,100.0,0.811061812903201,88.7804770937749,119.65293523664613
2018-04-18,262.1000061035156,262.5,257.3999938964844,257.6000061035156,22130821,251.61000061035156,98.87956882163243,1.4959271521277826,89.07362525085473,135.0685862326353
2018-04-19,264.6000061035156,264.79998779296875,261.70001220703125,261.70001220703125,8955338,253.66000061035157,99.35280993865867,2.204268042838139,88.29515531731666,137.34328568756533
2018-04-20,263.8999938964844,267.79998779296875,263.8999938964844,265.0,8749016,255.45,88.49559115440186,2.8739982957825547,85.15402175636648,131.13076502462116
2018-04-23,266.70001220703125,266.70001220703125,262.0,263.29998779296875,7944666,257.6500015258789,96.6768099994422,3.522542015791787,89.24728315932045,118.36395031921204
2018-04-24,266.1000061035156,267.3999938964844,265.29998779296875,266.79998779296875,7277885,259.4000015258789,94.03514877327301,4.106207361196375,88.53329850264669,113.66690864997838
2018-04-25,266.79998779296875,268.6000061035156,264.8999938964844,265.1000061035156,8427792,261.04000091552734,93.12970430577201,4.620420418291883,86.26193036731247,108.04557664613702
2018-04-26,268.6000061035156,269.1000061035156,266.3999938964844,266.6000061035156,7791549,262.6000015258789,97.98387121583616,5.082333596543728,86.21790890319778,107.42590216728192
2018-04-27,269.79998779296875,269.79998779296875,267.5,269.0,9848144,263.99000091552733,100.0,5.494813312568404,90.35365531155139,105.66249082226939
2018-04-30,309.0,327.1000061035156,308.20001220703125,322.0,145421820,269.4700012207031,76.88377343797653,6.467575732993334,95.48190639195954,323.97021334849103
2018-05-01,314.5,315.1000061035156,310.0,310.0,63835821,275.2100006103516,83.88746274085273,7.813527058961979,95.72037989793813,253.51278547361665
2018-05-02,305.0,315.0,303.29998779296875,315.0,37249963,279.5,70.37532936277584,9.153453408220148,83.76622038359392,191.09248265962154
2018-05-03,302.0,308.20001220703125,300.70001220703125,304.8999938964844,18865458,283.23999938964846,66.08107283308699,10.350636445714125,79.8962284091206,141.1847752652259
2018-05-04,301.29998779296875,304.0,300.0,303.0,20289747,286.97999877929686,65.04062704109556,11.360832947612785,80.94609640941488,109.98250957134127
2018-05-08,295.3999938964844,301.3999938964844,294.8999938964844,300.0,20685936,289.84999694824216,54.51935917475579,12.080849148530508,74.20984201084126,79.78248320584822
2018-05-09,299.5,300.3999938964844,294.5,296.20001220703125,18503012,293.18999633789065,57.79815186649538,12.61912002337464,73.9130265108632,71.79180912706855
2018-05-10,304.8999938964844,305.1000061035156,299.5,300.0,16801956,296.9999969482422,65.89860195753135,13.072651621775154,74.84585055198787,77.56195523337634
2018-05-11,306.5,308.3999938964844,304.79998779296875,305.0,7492748,300.7899963378906,68.356368399168,13.445027353093352,75.97560381052759,78.61541091139397
2018-05-14,304.6000061035156,309.29998779296875,303.8999938964844,307.0,11970214,304.26999816894534,63.82637365872327,13.686058378094867,73.36620902846113,68.95834024059174
2018-05-15,304.0,307.0,299.70001220703125,300.0,12496959,303.76999816894534,62.861733810231726,13.791363798732116,73.36620902846113,55.624300985397056
2018-05-16,306.8999938964844,306.8999938964844,300.1000061035156,303.0,9237118,303.00999755859374,66.72156813060515,13.820913156923378,74.06962622386268,54.15638834872487
2018-05-17,307.3999938964844,309.20001220703125,305.0,305.0,19809710,303.2499969482422,66.94629162819967,13.77790760783723,73.65852914205412,58.826308667188336
2018-05-18,305.5,310.79998779296875,304.70001220703125,307.8999938964844,18560380,303.59999694824216,33.74232497095682,13.629964539080351,71.58404288844591,54.504320657822454
2018-05-21,316.20001220703125,316.20001220703125,305.20001220703125,305.20001220703125,15699621,305.0899993896484,100.0,13.56365108532539,56.6420761858216,75.29722822763974
2018-05-22,318.6000061035156,320.20001220703125,315.70001220703125,315.8999938964844,16183427,307.4100006103516,93.77429827415459,13.559353950093406,54.01174717592994,101.7137608292422
2018-05-23,318.70001220703125,320.0,317.79998779296875,319.0,10730565,309.3300018310547,94.16342689677938,13.564843733331324,66.42686834120545,107.85008908273015
2018-05-24,318.5,320.0,316.6000061035156,318.70001220703125,8073130,310.69000244140625,93.3851696515298,13.54207188325233,71.20821291057493,109.95644236362278
2018-05-25,317.8999938964844,322.1000061035156,316.5,319.6000061035156,7726490,311.8300018310547,84.78256783248949,13.462342058886847,71.3917503474519,114.76042784529037
2018-05-29,315.3999938964844,318.29998779296875,313.0,318.29998779296875,7724663,312.9100006103516,75.72459882109295,13.280522208248385,78.2485680886354,75.30605044151407
2018-05-30,319.20001220703125,319.20001220703125,313.70001220703125,316.0,7276972,314.4300018310547,87.16817206508074,13.074603680242854,78.06266617282148,91.61035972644221
2018-05-31,318.29998779296875,323.5,318.29998779296875,319.70001220703125,22623086,315.57000122070315,78.15119800789354,12.820216127256135,71.89536682347614,109.62791903004587
2018-06-01,315.6000061035156,321.5,315.0,319.79998779296875,8053277,316.39000244140624,66.80673130925607,12.476488047535375,64.35330258474875,73.24996745355905
2018-06-04,317.3999938964844,319.8999938964844,316.20001220703125,317.6000061035156,8594832,317.5800018310547,74.36970910834772,12.095063164361537,70.25312177079007,69.9435054824704
2018-06-05,314.0,318.0,311.6000061035156,318.0,7938948,317.36000061035156,59.40169881229207,11.628193565344171,64.53487340536896,33.80366379314818
2018-06-06,313.1000061035156,315.79998779296875,310.6000061035156,315.1000061035156,7026200,316.81000061035155,44.68084761005003,11.091381067363132,59.56791286296111,13.785855601248182
2018-06-07,303.6000061035156,309.0,302.6000061035156,309.0,9647522,315.3,4.784690392508735,10.362023860940361,45.41064546851089,-87.26124736707365
2018-06-08,304.79998779296875,305.20001220703125,301.70001220703125,304.1000061035156,6661470,313.92999877929685,14.22007945773873,9.545745330053723,49.140034401623204,-102.62340701559881
2018-06-11,307.6000061035156,312.20001220703125,305.6000061035156,307.20001220703125,8308342,312.9,27.06420734046157,8.740692838657926,36.89024191680056,-49.16835392380631
2018-06-12,306.6000061035156,309.20001220703125,305.5,308.0,7993438,312.02000122070314,22.477048808553885,7.949002570221505,30.891734602241584,-67.78446477368146
2018-06-13,308.20001220703125,309.20001220703125,304.79998779296875,306.5,5088651,310.9200012207031,29.816530457399956,7.21459897447398,34.042565033003484,-69.25411222204013
2018-06-14,314.70001220703125,314.79998779296875,304.1000061035156,306.8999938964844,8706368,310.56000366210935,59.63306091479991,6.641860378651627,45.15307830403283,-25.42874718461116
2018-06-15,310.3999938964844,315.20001220703125,310.3999938964844,314.20001220703125,9692539,310.0400024414063,39.90819523421554,6.116731752358281,41.25874623332205,-18.513020665881232
2018-06-18,310.0,313.0,307.70001220703125,312.29998779296875,5068569,309.3000030517578,38.07335981924624,5.628649304976571,43.38236339089036,-49.16504864187656
2018-06-19,310.6000061035156,311.3999938964844,306.29998779296875,309.5,10162708,308.9600036621094,40.82568293618463,5.186116689868625,38.56382352726332,-57.121541459741685
2018-06-20,316.79998779296875,317.0,312.5,312.5,8709112,309.3300018310547,76.26254997641821,4.882428995920951,48.25174675937189,35.938554494995174
2018-06-21,310.5,318.29998779296875,310.5,317.6000061035156,8284970,310.02000122070314,48.351629925366005,4.570045750367959,44.51611887031071,4.599882224591174
2018-06-22,317.5,318.0,310.0,312.0,9314842,311.2900024414063,95.18078934015752,4.369852800440929,50.09671773591365,42.695737129570446
2018-06-25,312.8999938964844,316.20001220703125,312.6000061035156,316.20001220703125,8333922,311.82000122070315,67.46986844330708,4.1671228103324935,48.96029656858927,26.844891313293193
2018-06-26,306.0,314.5,305.29998779296875,313.79998779296875,22154918,311.76000061035154,25.903579018582658,3.853847005151425,43.972829508273165,-62.01353806560319
2018-06-27,316.20001220703125,316.8999938964844,309.5,312.5,16164876,312.56000061035155,87.34952605763786,3.641657200695729,60.570473836555855,42.7542037582252
2018-06-28,319.8999938964844,320.6000061035156,315.0,316.0,10844798,313.0799987792969,95.75750177556819,3.5546804568153876,62.15781370322666,126.79405108415091
2018-06-29,321.20001220703125,324.70001220703125,319.8999938964844,321.79998779296875,14252410,314.1600006103516,83.00971377186784,3.563383495235869,61.22112601794493,177.05077559944638
2018-07-02,317.20001220703125,319.0,316.20001220703125,317.8999938964844,8659482,314.8800018310547,63.592243796859655,3.5596612043203217,58.33333733196741,97.77790302511265
2018-07-03,318.6000061035156,320.20001220703125,316.29998779296875,319.3999938964844,9274028,315.6800018310547,70.38832865940466,3.5625689833642475,58.20188872057689,105.0963752213615
2018-07-04,328.0,329.5,319.0,319.0,14740580,316.8000030517578,93.80165601914788,3.7113315284773902,60.03015855334686,187.08563639536933
2018-07-05,326.5,329.0,323.79998779296875,329.0,8458223,318.40000305175784,87.60331203829575,3.9113241376428527,62.67717625279524,174.75269815088973
2018-07-06,325.8999938964844,328.5,323.79998779296875,327.3999938964844,6683967,319.24000244140626,85.12394922482869,4.114455369580584,62.48037556274287,148.2848565351896
2018-07-09,329.1000061035156,330.20001220703125,323.5,325.8999938964844,8037168,320.86000366210936,95.58230913663527,4.350582004384286,63.95173710873742,143.40085745522452
2018-07-10,329.3999938964844,332.6000061035156,328.70001220703125,329.5,8676514,323.2000030517578,88.27835142588538,4.589881643710049,60.430469682753575,150.89449173551316
2018-07-11,328.5,330.29998779296875,325.5,328.0,8815898,324.4300018310547,84.98167269751734,4.793805432597007,66.36363636363636,111.8371126914737
2018-07-12,329.3999938964844,329.70001220703125,325.0,327.0,6085842,325.3800018310547,88.27835142588538,4.968299126504413,62.16768443946566,97.31665956774253
2018-07-13,329.3999938964844,333.3999938964844,329.20001220703125,330.0,9689509,326.2,85.76512764707351,5.1038756005696495,68.62302996234557,109.87808871952686
2018-07-16,328.2080078125,331.0,325.1000061035156,329.3999938964844,6747043,327.30079956054686,78.276203305859,5.177302165692298,78.77282770116923,75.33820701970959
2018-07-17,328.6000061035156,330.29998779296875,327.1000061035156,328.3999938964844,7417173,328.30079956054686,73.91310116746361,5.202379214950305,71.53975909490423,74.40040384729225
2018-07-18,324.3999938964844,329.8999938964844,323.0,329.8999938964844,8213682,327.9407989501953,47.67436290052146,5.1169711276615715,57.68337748468598,38.52084250197483
2018-07-19,326.6000061035156,331.8999938964844,322.6000061035156,323.6000061035156,8174093,327.9507995605469,60.46514516269258,4.9902276279029705,58.94512920736571,47.814984422341965
2018-07-20,326.1000061035156,327.1000061035156,324.0,324.79998779296875,10325182,327.97080078125,57.31002814397867,4.824869049938856,66.67665468485706,28.135445892866684
2018-07-23,325.1000061035156,328.20001220703125,324.0,324.6000061035156,3628708,327.57080078125,42.361171451641276,4.617024390462997,62.364938451642566,23.71879425743673
2018-07-24,325.1000061035156,325.3999938964844,321.6000061035156,325.3999938964844,7954952,327.14080200195315,29.661047633333506,4.382922706170605,41.412007121490085,-16.71967453461994
2018-07-25,326.20001220703125,327.20001220703125,323.5,324.70001220703125,5770180,326.9108032226562,38.983142900000516,4.152196012038043,49.0900642046254,3.726675327957818
2018-07-26,323.20001220703125,326.3999938964844,322.0,325.6000061035156,5310729,326.2908050537109,13.559387785714655,3.8783528284398665,42.8511403688806,-53.505180069353095
2018-07-27,326.29998779296875,330.0,324.1000061035156,325.8999938964844,3803549,325.9808044433594,39.830394504761266,3.6324591260789196,42.54678617673388,24.655637430454362
2018-07-30,326.29998779296875,328.1000061035156,322.3999938964844,324.3999938964844,3449024,325.7900024414063,39.830394504761266,3.408694662164617,41.61434281629169,-30.191622501082186
2018-07-31,327.0,329.0,324.5,326.79998779296875,7719381,325.6300018310547,45.76270748095236,3.21392966042674,45.8980521756547,0.4746103002737993
2018-08-01,327.20001220703125,329.0,323.1000061035156,327.0,7278594,325.9100036621094,47.45772793809581,3.0434167451328085,43.744370375898356,-21.61024229670238
2018-08-02,326.29998779296875,328.29998779296875,324.6000061035156,326.0,4948247,325.8800018310547,45.630944268317975,2.8757472103067405,41.61437050612117,-23.154622885064374
2018-08-03,329.0,330.29998779296875,325.79998779296875,326.79998779296875,5129224,326.1700012207031,71.84468608337531,2.7551720735856855,51.98076629522211,66.09537342302386
2018-08-06,331.6000061035156,332.1000061035156,327.79998779296875,328.8999938964844,12723067,326.82000122070315,95.23809523809524,2.705637525524425,56.75673446495439,143.69945580362221
2018-08-07,334.8999938964844,336.1000061035156,331.3999938964844,331.3999938964844,9244936,327.8,91.72405374461206,2.749709207690195,74.6478308212505,252.47542582891043
2018-08-08,336.6000061035156,336.79998779296875,331.5,334.70001220703125,5813811,328.8399993896484,98.68432940552891,2.8709967094893556,74.03840510816109,220.19121315348292
2018-08-09,338.0,338.29998779296875,333.3999938964844,335.79998779296875,4200500,330.3199981689453,98.20366394079218,3.0501160025676155,77.4192867901337,207.5116376832612
2018-08-10,333.79998779296875,337.5,332.6000061035156,337.5,4644608,331.0699981689453,73.05386267074786,3.1821328395983834,67.46980420994576,141.91293475537773
2018-08-13,332.20001220703125,334.20001220703125,329.5,332.1000061035156,5121245,331.6600006103516,62.576808869950085,3.244926828524469,63.396222503981676,72.4481136666157
2018-08-14,334.20001220703125,335.20001220703125,331.8999938964844,333.8999938964844,5120621,332.3800018310547,74.8467567091916,3.2855544999517283,64.59852713834475,94.78922268509898
2018-08-15,329.6000061035156,336.0,328.79998779296875,336.0,8577639,332.6200012207031,45.28311302448509,3.2292801292603137,61.03446062342085,45.468610820364376
2018-08-16,338.20001220703125,339.29998779296875,328.1000061035156,330.20001220703125,7529797,333.81000366210935,93.49126637160312,3.2450673233292804,67.24638168311665,100.37717276682429
2018-08-17,334.6000061035156,338.8999938964844,332.29998779296875,337.5,4852132,334.37000427246096,70.98773455705192,3.2403615596719417,60.892393286785435,90.71402051120712
2018-08-20,334.5,335.79998779296875,331.1000061035156,335.70001220703125,4596919,334.6600036621094,70.37041223266478,3.214076912607427,59.999983723984826,59.87781260713765
2018-08-21,338.0,339.79998779296875,332.79998779296875,332.79998779296875,5240526,334.9700042724609,88.1579607808494,3.2241598485238927,63.235263318513375,103.34369999514949
2018-08-22,341.5,341.79998779296875,334.8999938964844,336.5,7065863,335.4600036621094,98.12507629394531,3.305000660098855,67.51152494986401,134.3142809473779
2018-08-23,340.5,340.70001220703125,338.1000061035156,340.6000061035156,4384773,335.7100036621094,90.71437290736607,3.4024661474111664,63.788964788433475,130.09154601843326
2018-08-24,336.3999938964844,341.1000061035156,335.1000061035156,341.1000061035156,6197159,335.9700042724609,60.5839334760459,3.432074246113943,55.55553985721733,83.93159418511932
2018-08-28,334.3999938964844,339.6000061035156,333.20001220703125,337.5,6631050,336.19000244140625,45.98537381855605,3.377867319440305,49.403341636440445,46.37452808458753
2018-08-29,333.29998779296875,338.1000061035156,332.3999938964844,335.20001220703125,5400977,336.1,37.956121455668146,3.2487195774753497,46.00482221856044,17.26843888599093
2018-08-30,330.5,333.5,326.5,332.1000061035156,5945529,336.18999938964845,26.143811708387354,3.0272938633892017,41.217801105493585,-99.67528747366633
2018-08-31,324.20001220703125,330.79998779296875,323.79998779296875,330.79998779296875,6910833,334.7899993896484,2.2223578559027777,2.6522251650899062,39.285738614147355,-198.86715257194325
2018-09-03,326.20001220703125,328.3999938964844,323.20001220703125,323.20001220703125,5240094,333.95,16.12905342880207,2.2263816160491308,43.362833650887104,-193.44945086300325
2018-09-04,323.8999938964844,328.3999938964844,322.1000061035156,328.0,6449542,332.88999938964844,9.137002365501782,1.7492669738668205,38.681306151467695,-188.6223100347482
2018-09-05,320.8999938964844,324.6000061035156,319.6000061035156,323.70001220703125,10264286,331.17999877929685,5.855805699093682,1.2131775605902901,40.09110778051825,-194.3014187224753
2018-09-06,320.1000061035156,323.20001220703125,318.8999938964844,321.0,8710529,329.0399993896484,5.240229374975846,0.6526981811441327,24.930743707335637,-169.8459140273088
2018-09-07,318.8999938964844,321.6000061035156,316.79998779296875,320.8999938964844,8262030,326.8799987792969,8.4000244140625,0.0856797735503968,26.70622178030611,-160.15846383526906
2018-09-10,319.5,321.0,315.0,315.5,6787793,325.18999938964845,16.791052424212747,-0.44633566290914306,28.07018326602217,-139.8239984104873
2018-09-11,319.8999938964844,321.29998779296875,318.20001220703125,320.0,5693656,323.73999938964846,18.283567643153695,-0.9211238286250427,20.900317441626555,-107.59029501354689
2018-09-12,323.5,324.79998779296875,318.1000061035156,319.8999938964844,7753634,322.76000061035154,32.56704219258809,-1.2756184471746683,21.15385743992833,-73.81212829191782
2018-09-13,320.20001220703125,324.6000061035156,319.79998779296875,323.6000061035156,4053756,321.73000183105466,19.923413758630566,-1.5858741925761164,19.701510756763057,-71.66463203830308
2018-09-14,321.20001220703125,322.29998779296875,318.6000061035156,321.5,4673144,321.4300018310547,25.203295401399092,-1.83256880646177,25.00002509669757,-72.43232910101028
2018-09-17,321.70001220703125,323.5,319.6000061035156,320.70001220703125,4549321,320.98000183105466,29.004374185042163,-2.0143383922159654,28.027708699623545,-58.51408228896363
2018-09-18,320.70001220703125,322.5,317.29998779296875,321.29998779296875,8464504,320.6600036621094,30.810876794763512,-2.1572488973987367,28.12503311370557,-67.41800459839882
2018-09-19,316.8999938964844,322.29998779296875,316.29998779296875,320.29998779296875,7986959,320.2600036621094,12.025287116550198,-2.3240219450318413,27.181211833849304,-80.01445659300165
2018-09-20,314.3999938964844,317.8999938964844,313.20001220703125,316.29998779296875,6295172,319.69000244140625,7.894625888173019,-2.5315981770142315,31.153833062001084,-111.70212006885487
2018-09-21,314.20001220703125,316.70001220703125,312.6000061035156,315.1000061035156,13342883,319.2200042724609,10.126628732128854,-2.751288132095465,25.206624076591524,-117.50547877858372
2018-09-24,316.3999938964844,319.1000061035156,313.79998779296875,314.1000061035156,4359441,318.9100036621094,31.14748767413181,-2.92568405852039,34.43981826193986,-92.38632685894989
2018-09-25,317.3999938964844,318.79998779296875,315.0,315.8999938964844,3357495,318.6600036621094,39.3442212877937,-3.0399258009070658,42.081439216097834,-82.68403504576285
2018-09-26,318.8999938964844,319.1000061035156,315.29998779296875,317.0,5725045,318.2000030517578,51.63932170828654,-3.0796150954616865,47.368392873874,-65.14897531111457
2018-09-27,319.5,319.79998779296875,312.29998779296875,317.3999938964844,9024711,318.1300018310547,57.60009765625,-3.0539039689367735,51.351366212614224,-71.9276874807826
2018-09-28,321.79998779296875,323.5,319.20001220703125,319.79998779296875,7634801,318.18999938964845,76.0,-2.9448935184084073,54.81169731623665,50.005892682444646
2018-10-01,316.70001220703125,322.8999938964844,316.5,322.1000061035156,5694449,317.68999938964845,35.2001953125,-2.864042297154925,44.40561567198022,-21.725133861638362
2018-10-02,319.0,320.5,316.0,317.5,13742795,317.51999816894534,54.471562869839005,-2.7618563962239255,41.758219646665864,-20.564111022807808
2018-10-03,323.0,325.1000061035156,316.0,317.70001220703125,5898115,318.1299987792969,83.59372578564769,-2.581542591962721,54.99998910084119,85.154606394543
2018-10-04,316.79998779296875,323.0,316.1000061035156,323.0,7785422,318.3699981689453,35.15619970865291,-2.454745794970931,43.37344746188974,-11.870606923578956
2018-10-05,315.1000061035156,317.8999938964844,314.0,317.8999938964844,5803053,318.4599975585937,21.87511175854908,-2.38966667173663,40.406949149986204,-111.13088696278348
2018-10-08,313.5,317.29998779296875,313.1000061035156,313.79998779296875,4551774,318.1699981689453,9.375081956269327,-2.386763175101927,39.71425033874571,-129.2382658631304
2018-10-09,313.1000061035156,316.20001220703125,310.29998779296875,313.5,6683318,317.73999938964846,18.91901923223642,-2.423924115704319,43.98734482831884,-148.90728379503054
2018-10-10,311.5,316.1000061035156,310.5,311.8999938964844,9378691,317.0,8.108180556615192,-2.504251181013838,45.27687069758195,-144.42853209040584
2018-10-11,306.3999938964844,311.0,305.1000061035156,310.1000061035156,12618589,315.68999938964845,6.49993896484375,-2.6830829832713645,39.04490119918837,-238.11008649052383
2018-10-12,305.0,310.70001220703125,304.6000061035156,306.5,7735129,314.01000061035154,1.9511897389481707,-2.930501783821537,33.62067831539254,-207.41620013837164
2018-10-15,305.3999938964844,307.70001220703125,302.1000061035156,304.6000061035156,5414615,312.8799987792969,14.34777301290761,-3.1948786084369174,32.45611530307032,-200.40143788139122
2018-10-16,302.3999938964844,307.5,298.6000061035156,306.0,12316594,311.2199981689453,14.339576577240566,-3.496606797253646,26.890724695165744,-196.15481301455816
2018-10-17,299.8999938964844,304.79998779296875,297.70001220703125,302.79998779296875,8887139,308.9099975585938,8.029132042016254,-3.8378455729999117,23.93612401842421,-181.56432065708375
2018-10-18,304.6000061035156,305.20001220703125,299.6000061035156,300.20001220703125,7485045,307.68999938964845,25.182465085766665,-4.102227342572361,28.50000648499031,-125.21376136606787
2018-10-19,304.1000061035156,307.0,302.6000061035156,304.79998779296875,6470373,306.5899993896484,23.357647161029266,-4.303204702479762,32.20337814130676,-93.10975214247425
2018-10-22,303.6000061035156,305.3999938964844,300.8999938964844,304.70001220703125,4941967,305.6,21.532829236291867,-4.452075175462404,27.083346578807536,-93.4395189253652
2018-10-23,304.8999938964844,305.70001220703125,298.79998779296875,301.3999938964844,8032637,304.7799987792969,28.458439380963295,-4.529594299136437,20.711958448679596,-84.21110719618702
2018-10-24,305.1000061035156,307.3999938964844,304.29998779296875,306.3999938964844,6054224,304.13999938964844,36.633666357965474,-4.5448131592145184,26.50605510569011,-52.96244330165524
2018-10-25,310.5,311.5,303.29998779296875,304.1000061035156,8356903,304.55,65.30614151454569,-4.423673325947213,41.95803300379335,-20.029889903607536
2018-10-26,304.79998779296875,308.6000061035156,302.29998779296875,308.20001220703125,4957040,304.5299987792969,38.378246410472975,-4.304274775001142,36.69723400720849,-49.3391267188605
2018-10-29,310.29998779296875,312.0,304.3999938964844,304.79998779296875,6018720,305.01999816894534,68.4781508995225,-4.0946670947903225,46.29627387010337,-1.2677903748418793
2018-10-30,311.5,312.70001220703125,306.8999938964844,310.20001220703125,4309591,305.92999877929685,91.99991861979167,-3.811027992478158,50.0,25.321000168028494
2018-10-31,311.20001220703125,313.1000061035156,308.1000061035156,313.1000061035156,7337852,307.06000061035155,87.66237240575713,-3.4919562857981634,57.36198989550071,44.757129510269024
2018-11-01,313.5,317.5,310.1000061035156,310.1000061035156,12070498,307.95,79.79796734308869,-3.1227485385846276,62.6865671641791,103.08076982665949
2018-11-02,318.70001220703125,319.0,314.5,314.5,7694786,309.4100006103516,98.59160579862971,-2.6513904393514482,67.36293988518065,162.32235881611936
2018-11-05,313.20001220703125,318.20001220703125,312.5,316.8999938964844,5313394,310.3700012207031,72.76999475613145,-2.22242208151454,63.2353106171953,115.0329998039058
2018-11-06,313.0,313.79998779296875,310.0,313.3999938964844,9718066,311.1800018310547,70.29704765271622,-1.840635750986862,67.01298145404651,76.38338201974972
2018-11-07,319.1000061035156,319.8999938964844,313.3999938964844,313.70001220703125,7527119,312.5800018310547,96.20858975564249,-1.4069188555283056,68.17041494702642,151.97086838080105
2018-11-08,324.0,324.8999938964844,315.0,320.0,14086317,313.9300018310547,96.55174832942608,-0.8820058509156429,72.46048044154715,174.66237924957923
2018-11-09,322.0,327.20001220703125,319.79998779296875,323.79998779296875,8383312,315.65000305175784,81.69011360266147,-0.3573482610899842,70.08732155053222,163.76479570754242
2018-11-12,316.29998779296875,324.5,312.0,324.5,12363531,316.2500030517578,56.224844470808556,0.04951992515609416,61.354565930374996,87.34944898378477
2018-11-13,315.79998779296875,318.5,313.20001220703125,316.3999938964844,8131527,316.6800018310547,54.21681431113682,0.3531412186541304,60.59403487462117,59.75183516829865
2018-11-14,316.79998779296875,318.20001220703125,312.1000061035156,318.20001220703125,6733229,317.23999938964846,58.23287463048029,0.5912825657708142,56.83295313271628,51.617684010870285
2018-11-15,306.0,317.6000061035156,303.8999938964844,317.0,15257874,316.48999938964846,9.012894648949894,0.6022434380040547,51.17188664152941,-36.93269797013793
2018-11-16,305.29998779296875,309.1000061035156,302.29998779296875,306.8999938964844,7488676,315.1499969482422,12.048180958030406,0.4576964822224019,44.61207180045724,-86.76608447577792
2018-11-19,306.8999938964844,311.29998779296875,305.0,305.0,6855045,314.5199951171875,18.473901981066863,0.24774160284250613,45.085465487436615,-63.261256732034525
2018-11-20,306.79998779296875,308.5,304.5,307.1000061035156,10638869,313.8999938964844,18.072271437045607,0.005636293625045141,45.27894747182365,-84.75137837036968
2018-11-21,312.1000061035156,313.20001220703125,304.1000061035156,308.1000061035156,8147615,313.1999938964844,39.35746466582672,-0.15938287134882786,48.58871774047173,-42.569365927619344
2018-11-22,307.6000061035156,312.70001220703125,306.20001220703125,312.70001220703125,6253809,311.55999450683595,21.28519322878111,-0.33886696319965726,38.65031325728286,-57.94517887170225
2018-11-23,310.29998779296875,311.5,307.8999938964844,308.70001220703125,4295098,310.38999328613284,32.12848255474775,-0.4741595610088275,46.85463979356629,-47.40906126666102
2018-11-26,313.70001220703125,316.0,311.0,313.1000061035156,6074936,310.12999572753904,45.78318568886318,-0.5193354156373362,50.70995082527373,8.50531860283183
2018-11-27,315.3999938964844,315.3999938964844,311.1000061035156,314.20001220703125,7736798,310.0899963378906,52.61041469548634,-0.4773537630910427,45.87972138621775,12.55135028236677
2018-11-28,318.0,320.70001220703125,315.6000061035156,315.6000061035156,14403256,310.2099975585937,63.052196037866274,-0.3403746565226335,42.95775253274189,76.75671574692345
2018-11-29,312.6000061035156,320.5,311.29998779296875,319.0,8182845,310.8699981689453,46.3964533644924,-0.23641162337611887,39.78262210837846,19.201803659423696
2018-11-30,305.0,314.70001220703125,305.0,313.29998779296875,13471023,310.8399993896484,14.673959915877743,-0.2793071681318834,38.204611656052414,-81.34864415249396
2018-12-03,306.3999938964844,310.70001220703125,304.20001220703125,306.8999938964844,7678833,310.7899993896484,22.282612301221366,-0.38902948656337105,40.36886232637662,-88.64800000220468
2018-12-04,307.20001220703125,310.3999938964844,305.20001220703125,307.8999938964844,6706985,310.8300018310547,26.630532132976853,-0.5212352050552775,40.12348934962443,-73.32347300243369
2018-12-05,306.5,309.70001220703125,303.6000061035156,305.6000061035156,3917820,310.27000122070314,22.82612301221365,-0.6705829263630569,50.649349619918034,-79.99993788225339
2018-12-06,300.0,307.70001220703125,298.79998779296875,305.8999938964844,8919389,309.51000061035154,5.479501686129149,-0.9250211781732247,44.01807906179562,-135.80813601602105
2018-12-07,300.0,305.29998779296875,299.6000061035156,303.1000061035156,10083548,308.48000183105466,5.479501686129149,-1.2298817545836187,41.92038993850036,-142.0210766836544
2018-12-10,294.5,303.1000061035156,294.29998779296875,301.0,8521309,306.56000061035155,0.757621295701187,-1.6353109104881265,37.21415963790065,-196.42712611776557
2018-12-11,296.3999938964844,298.29998779296875,291.6000061035156,295.0,9075988,304.6600006103516,16.494799952598136,-2.048480740100203,32.43846988864843,-198.52438114374587
2018-12-12,275.0,290.79998779296875,275.0,290.0,33058688,300.36000061035156,0.0,-2.781598730906114,23.538958706649325,-314.8900196271733
2018-12-13,279.8999938964844,284.0,275.0,275.79998779296875,17607271,297.0899993896484,10.72208443684065,-3.5923064072583903,26.17556021025554,-232.43073221222156
2018-12-14,275.5,280.0,274.29998779296875,277.29998779296875,11515651,294.13999938964844,2.586231844023688,-4.47115889919421,20.52467638645433,-197.68445024239816
2018-12-17,264.29998779296875,276.70001220703125,263.8999938964844,276.0,15654477,289.92999877929685,0.7042143794698432,-5.515151319382973,15.612386601348945,-199.41219588402967
2018-12-18,265.29998779296875,268.8999938964844,262.5,264.0,12967170,285.7399963378906,4.827565160290948,-6.579397878114941,13.75515587469576,-170.49008589761985
2018-12-19,267.1000061035156,269.5,265.20001220703125,265.8999938964844,8359351,281.7999969482422,8.812270168197417,-7.556835755813536,17.076717882584674,-135.55344477381232
2018-12-20,266.0,266.6000061035156,262.8999938964844,264.79998779296875,7257502,278.3999969482422,7.26140894937249,-8.428951122965234,18.849858478470495,-122.66687688545224
2018-12-21,270.0,270.0,262.6000061035156,265.70001220703125,17383507,275.3999969482422,15.657622036879765,-9.10630570386542,22.085912542856818,-97.86670424128413
2018-12-24,263.8999938964844,269.3999938964844,263.70001220703125,267.1000061035156,1235165,272.3399963378906,2.966087996637895,-9.702646872665028,19.29078044884629,-92.79855636768882
2018-12-27,260.8999938964844,267.70001220703125,259.3999938964844,264.20001220703125,6799277,268.7899963378906,3.10558888478197,-10.242698167771845,18.681322366570512,-93.31112374340039
2018-12-28,264.8999938964844,267.0,260.5,261.0,4535283,267.7799957275391,11.982572399473156,-10.631994834455302,25.035564038928783,-80.55104012081358
2018-12-31,265.0,266.29998779296875,261.20001220703125,264.20001220703125,1422758,266.2899963378906,12.814655696170709,-10.880565840263083,25.142054075048947,-74.75331040146325
2019-01-02,261.5,263.6000061035156,259.20001220703125,261.5,6133405,264.88999633789064,5.8823253940750595,-11.05894367065284,25.877201592624388,-80.85715485310355
2019-01-03,263.0,265.70001220703125,260.0,260.0,4880935,264.75999755859374,12.025287116550198,-11.134837724382603,25.44119198016358,-69.49967081020506
2019-01-04,260.0,263.20001220703125,257.3999938964844,258.20001220703125,7337558,264.22999877929686,9.774456792970403,-11.165003140980374,34.879043422297755,-77.39904247358233
2019-01-07,265.70001220703125,268.0,261.0,261.70001220703125,7192467,264.0899993896484,36.72573481852174,-11.048537746448233,35.912731931827196,-49.62364490611761
2019-01-08,266.5,269.0,259.29998779296875,266.3999938964844,14955816,264.13999938964844,47.15024595879657,-10.808327118221007,40.384625416681885,-45.60635946601405
2019-01-09,272.6000061035156,275.5,259.0,259.0,12468886,264.4,83.9779396763789,-10.381191214416008,59.9520501278151,-9.530873260586633
2019-01-10,276.0,279.6000061035156,273.0,273.20001220703125,12487694,265.61000061035156,83.78376520723074,-9.781379587565585,62.13152304040635,75.57214920992598
2019-01-11,275.79998779296875,281.3999938964844,275.70001220703125,276.0,9474719,267.1,76.66664123535156,-9.085678614713393,60.23526522628589,125.15217797264664
2019-01-14,273.6000061035156,277.29998779296875,272.70001220703125,274.6000061035156,6083855,267.9700012207031,67.5000508626302,-8.380737175619759,58.71560210963228,94.82824204203112
2019-01-15,274.5,276.20001220703125,270.20001220703125,274.0,6018595,268.9200012207031,71.25002543131511,-7.673497914148347,55.55555555555556,94.11960325077126
2019-01-16,273.0,277.20001220703125,272.6000061035156,273.79998779296875,7269462,270.07000122070315,65.00002543131511,-7.008335242866807,62.67410536301898,109.70469881643204
2019-01-17,271.5,273.29998779296875,268.1000061035156,272.20001220703125,3899437,270.9200012207031,58.7500254313151,-6.412372499787706,65.40698834920278,51.83332374012571
2019-01-18,277.8999938964844,279.5,272.6000061035156,273.0,6314993,272.7100006103516,85.41666666666667,-5.774301024107613,67.66304933732053,119.21847031728397
2019-01-21,273.0,278.79998779296875,271.29998779296875,276.1000061035156,6739897,273.43999938964845,65.00002543131511,-5.208301112476862,59.61539025843122,77.01632080649833
2019-01-22,276.70001220703125,281.0,272.79998779296875,272.79998779296875,8272988,274.4600006103516,80.41674296061198,-4.646242606018497,68.18183809324948,97.03843008133697
2019-01-23,277.29998779296875,280.5,275.29998779296875,276.70001220703125,4390218,274.92999877929685,82.91664123535156,-4.095956544832762,67.48166332141977,95.28023298124616
2019-01-24,278.6000061035156,280.0,276.8999938964844,277.8999938964844,3253046,275.18999938964845,87.50005108970944,-3.5518195825383847,73.72450866287014,94.14686033188917
2019-01-25,282.70001220703125,283.20001220703125,277.70001220703125,277.79998779296875,5962191,275.8800018310547,97.93388533971596,-2.966552796929465,72.60639765728737,114.38725717647567
2019-01-28,279.0,282.1000061035156,276.20001220703125,280.29998779296875,6078080,276.4200012207031,82.64458641136162,-2.4384574467844704,65.4320987654321,83.33338674799747
2019-01-29,284.0,287.6000061035156,281.79998779296875,283.0,7011277,277.3700012207031,81.53843023838141,-1.8885498581417677,64.46699957166946,135.74265182890682
2019-01-30,287.5,288.0,283.29998779296875,284.79998779296875,5741006,278.82000122070315,97.48743641530297,-1.2936530024763178,64.55696202531645,151.7698386841716
2019-01-31,285.20001220703125,289.79998779296875,284.70001220703125,286.6000061035156,13527877,280.19000244140625,78.80193793816318,-0.7354896870897498,61.298112897499024,143.8708821477248
2019-02-01,286.8999938964844,288.6000061035156,284.1000061035156,287.1000061035156,6242631,281.0900024414062,86.6359615506318,-0.20081154165718262,66.18004342260411,137.36739645914275
2019-02-04,288.6000061035156,289.6000061035156,287.1000061035156,288.1000061035156,9524056,282.65000305175784,94.47012579721967,0.31869823433624334,66.82578539074524,146.6156908684977
2019-02-05,292.8999938964844,292.8999938964844,286.3999938964844,288.3999938964844,6724851,284.27000122070314,100.0,0.86934462542445,72.25951012098483,154.24319265736946
2019-02-06,292.6000061035156,294.8999938964844,290.0,293.70001220703125,5179434,285.8000030517578,90.25429153331393,1.403873507634765,74.25289759345927,150.32798491963095
2019-02-07,290.8999938964844,296.20001220703125,290.1000061035156,295.70001220703125,7100895,287.0300018310547,78.71480677121889,1.869956946679015,66.75258259018813,127.7830090492201
2019-02-08,291.8999938964844,293.79998779296875,290.0,291.0,6731996,287.95,81.6238725462067,2.280399649733832,77.07735988800309,106.22636877769193
2019-02-11,293.8999938964844,296.1000061035156,290.29998779296875,295.3999938964844,6889898,289.43999938964845,88.99514055591573,2.6611630725217834,75.90360116812529,108.82048394417819
2019-02-12,283.8999938964844,293.70001220703125,283.8999938964844,291.20001220703125,8522220,289.42999877929685,38.499908447265625,2.837754361133019,57.74648492711243,39.49022109004266
2019-02-13,282.0,285.8999938964844,281.0,285.1000061035156,8697759,288.8799987792969,28.99993896484375,2.8403361952184896,53.93517978887761,-11.302751624291568
2019-02-14,283.79998779296875,286.0,281.20001220703125,282.1000061035156,6278265,288.7399963378906,37.9998779296875,2.7559609835535572,51.344714634273735,-11.98849431254842
2019-02-15,286.20001220703125,287.5,283.29998779296875,283.8999938964844,5106742,288.6699981689453,34.210579150889224,2.653515463516698,59.09093010853784,9.295198818036825
2019-02-18,285.79998779296875,287.0,283.8999938964844,287.0,5060295,288.38999633789064,31.57884169822155,2.5326841333296786,52.5714111328125,-0.22110449205549068
2019-02-19,287.8999938964844,288.70001220703125,283.0,284.3999938964844,5180133,287.88999633789064,45.39466023121062,2.4343949829586884,50.595228904500885,8.733121655063188
2019-02-20,234.5,254.1999969482422,234.5,252.0,62113594,282.0799957275391,0.0,1.4978731206779419,20.070835360031694,-488.587187355048
2019-02-21,233.39999389648438,236.0,230.5,233.0,23231651,276.3299957275391,4.4139929340439545,0.06409334662963961,18.192641674438192,-348.0645249451425
2019-02-22,233.60000610351562,236.5,231.5,233.1999969482422,12650120,270.4999969482422,4.718425460480905,-1.6031519518183879,16.70703655235758,-232.60781062356176
2019-02-25,235.1999969482422,236.39999389648438,232.60000610351562,233.0,11243931,264.62999725341797,7.1537230973896095,-3.3001483374019456,13.892385295118018,-170.70193898492167
2019-02-26,233.8000030517578,235.0,230.10000610351562,230.10000610351562,13511526,259.6199981689453,5.597574291366666,-4.941647152687695,13.703722332393127,-140.80304123621306
2019-02-27,231.0,234.1999969482422,228.8000030517578,234.1999969482422,12108966,254.5199981689453,3.2689403394978385,-6.4957204856398745,13.520117431290885,-120.61988018699599
2019-02-28,229.0,232.6999969482422,227.10000610351562,231.60000610351562,12885387,249.03999938964844,2.753614342730978,-7.930633898853548,12.154051638216657,-106.64638637464049
2019-03-01,231.8000030517578,232.8000030517578,228.5,229.39999389648438,11911267,243.5999984741211,7.057051828098989,-9.152891718464575,12.991679689979378,-89.53902582319499
2019-03-04,233.6999969482422,235.3000030517578,231.10000610351562,231.3000030517578,9132450,238.38999938964844,10.71426979022635,-10.126613772638253,16.886560213510222,-74.3373790656797
2019-03-05,231.0,234.10000610351562,230.60000610351562,233.89999389648438,13708808,232.7,6.331158295553798,-10.91351057809123,16.71019868288427,-70.10955790598042
2019-03-06,232.0,234.0,229.0,229.0,13023201,232.45,7.954534758081336,-11.501229992087335,15.831164627331503,-64.31058997683355
2019-03-07,227.3000030517578,232.10000610351562,227.3000030517578,231.89999389648438,9530800,231.84000091552736,0.3246703383537056,-11.982071729668755,12.291937871542132,-65.55915803378292
2019-03-08,223.8000030517578,226.39999389648438,223.1999969482422,225.10000610351562,19495555,230.86000061035156,0.9160396392962881,-12.399248982445432,11.822668059501012,-72.0818120718206
2019-03-11,223.6999969482422,229.3000030517578,223.6999969482422,226.60000610351562,6809180,229.71000061035156,1.6129032258064515,-12.727988591021532,9.469697334586144,-65.78753007688339
2019-03-12,225.89999389648438,227.6999969482422,223.3000030517578,227.6999969482422,7370481,228.9199996948242,20.30072427603946,-12.919954797019571,34.642846243722104,-63.221927527330315
2019-03-13,227.0,227.1999969482422,223.60000610351562,225.10000610351562,12244722,228.5199996948242,28.57144496110157,-12.96913375294684,38.57143947056362,-60.91069152582484
2019-03-14,227.10000610351562,229.6999969482422,225.39999389648438,225.6999969482422,6531175,228.3300003051758,29.545530734329393,-12.895083566461922,38.35125193196,-54.29706571074367
2019-03-15,223.8000030517578,231.0,221.89999389648438,228.5,34982218,227.53000030517578,14.179163112927489,-12.770936691479324,30.743257523973313,-66.30302626278434
2019-03-18,234.89999389648438,235.1999969482422,223.3000030517578,224.1999969482422,15889169,227.65,97.01485908973414,-12.415696747968346,51.39947933754341,-22.882232789435623
2019-03-19,236.89999389648438,242.39999389648438,235.3000030517578,235.3000030517578,13677607,228.23999938964843,73.17073170731707,-11.87402769473083,57.662329735693994,143.55295502334084
2019-03-20,233.5,238.5,233.5,236.0,12703247,228.38999938964844,56.58539562690549,-11.271085279966986,55.6390986069756,96.54298932411251
2019-03-21,236.60000610351562,237.1999969482422,231.6999969482422,233.5,7116626,229.31999969482422,71.70737661966463,-10.586197276861835,55.97015350267048,92.39427269667405
2019-03-22,236.8000030517578,238.8000030517578,234.6999969482422,237.39999389648438,5945298,230.61999969482423,72.68297148913872,-9.858531407917374,54.025981952617684,118.12459023607732
2019-03-25,234.8000030517578,236.39999389648438,232.89999389648438,235.0,5290097,231.7300003051758,62.92687392816311,-9.151637893325038,55.02645865736392,77.10149569404018
2019-03-26,235.3000030517578,237.89999389648438,233.89999389648438,234.60000610351562,5660809,232.6700012207031,65.365898318407,-8.465984972212203,54.42359622220231,91.29424361885332
2019-03-27,238.10000610351562,239.0,235.60000610351562,236.6999969482422,5768791,233.78000183105468,79.02444979039635,-7.765620197100377,65.25423765342299,111.96093840621711
2019-03-28,232.60000610351562,239.3000030517578,232.60000610351562,237.0,8948986,234.3300018310547,52.19518149771341,-7.162798464223876,61.76470708232033,57.64199926886167
2019-03-29,235.6999969482422,236.39999389648438,232.60000610351562,234.8000030517578,9486261,235.52000122070314,67.31708805735518,-6.586931721874021,64.85148739223479,53.86745563739512
2019-04-01,234.6999969482422,237.3000030517578,233.5,234.6999969482422,6743231,235.5000015258789,62.439039276867376,-6.059089197750942,61.22449456230432,55.71725006118737
2019-04-02,234.89999389648438,236.39999389648438,230.0,234.89999389648438,11055651,235.3000015258789,63.41463414634146,-5.572016976150365,60.31331124593033,30.246199985280803
2019-04-03,240.60000610351562,240.60000610351562,236.60000610351562,236.6999969482422,11446442,236.01000213623047,91.21957174161585,-5.032391801535845,65.37585635186285,106.38414688096522
2019-04-04,239.6999969482422,241.0,238.10000610351562,240.1999969482422,7756355,236.32000122070312,85.8638835474225,-4.491004778995802,69.15661915239082,102.47684317293202
2019-04-05,238.8000030517578,240.1999969482422,235.60000610351562,240.1999969482422,4952416,236.52000122070314,70.96780147813439,-3.9810168352826514,56.23004596648819,78.45928769643974
2019-04-08,236.39999389648438,239.60000610351562,235.6999969482422,237.5,6693066,236.68000030517578,58.1817626953125,-3.5466608383146356,49.21135677056759,59.545234351041636
2019-04-09,234.0,236.39999389648438,233.89999389648438,236.39999389648438,4997146,236.55,36.36363636363637,-3.2126860828788204,50.81433192375977,4.949549038846914
2019-04-10,234.0,234.5,230.89999389648438,233.89999389648438,9777236,236.13999938964844,36.36363636363637,-2.951813492032183,45.28984505698272,-49.38788548095332
2019-04-11,235.1999969482422,236.0,233.39999389648438,233.89999389648438,9526734,236.3999984741211,47.27269952947443,-2.724562263514363,47.20278712926753,-13.770104143275546
2019-04-12,235.0,236.5,234.5,235.0,5131430,236.3299987792969,45.45454545454545,-2.5272781444450105,50.373128592291465,-17.86436478233087
2019-04-15,234.10000610351562,236.1999969482422,233.1999969482422,235.8000030517578,6805529,236.2699996948242,37.27278275923295,-2.3677174874106846,47.79412300941501,-63.05807684113277
2019-04-16,231.1999969482422,234.60000610351562,230.10000610351562,232.1999969482422,12360562,235.9,10.909063165838068,-2.281037044099268,37.36262200741923,-163.65101285329203
2019-04-17,226.60000610351562,231.3000030517578,226.3000030517578,230.10000610351562,8438490,234.5,2.040837510470957,-2.3127716613894482,38.63636100916106,-275.1269526775846
2019-04-18,227.6999969482422,228.60000610351562,226.3000030517578,227.60000610351562,4356395,233.3,9.523769980454214,-2.394241977581709,33.606553276325485,-235.89731864756752
2019-04-23,230.39999389648438,230.39999389648438,225.5,229.0,7732816,232.45999908447266,31.612863848286292,-2.4540810215468993,41.76244337145693,-160.90672786073736
2019-04-24,226.60000610351562,232.0,224.39999389648438,231.3000030517578,13230470,231.4800003051758,13.253080711610831,-2.552258380396627,36.02694796287334,-153.66359203832957
2019-04-25,216.0,220.0,212.10000610351562,217.1999969482422,31844361,229.68000030517578,13.49479141917328,-2.8326186262752264,14.450833148110902,-293.17353554705073
2019-04-26,220.1999969482422,221.1999969482422,214.8000030517578,215.89999389648438,20533172,228.3,28.82559958643781,-3.139006019763541,24.274381474926443,-192.27573407207836
2019-04-29,222.5,223.0,219.0,219.6999969482422,8007661,227.03000030517578,37.81815962357955,-3.4017957566373176,29.26206813811193,-127.49762871725777
2019-04-30,222.5,223.5,219.8000030517578,221.39999389648438,14191941,225.78000030517578,42.62293646713919,-3.6157300740837837,31.165301231124985,-104.9296002124437
2019-05-01,231.1999969482422,236.6999969482422,228.3000030517578,229.5,21961940,225.48999938964843,77.64226810198582,-3.6407836203494908,46.75925320885166,15.78757347935039
2019-05-02,222.5,230.8000030517578,222.5,230.5,17717541,224.61999969482423,42.27641368701483,-3.6766422979622595,38.92099410933886,-58.71591014301942
2019-05-03,220.3000030517578,225.8000030517578,219.5,225.3000030517578,9750991,223.98999938964843,33.333333333333336,-3.74411350634445,35.916820216149986,-88.4805934941272
2019-05-07,213.89999389648438,222.0,213.1999969482422,219.3000030517578,16119562,222.60999908447266,7.317026271798832,-3.92143670048019,32.148887631235965,-137.20757385069254
2019-05-08,209.0,212.39999389648438,208.10000610351562,212.0,20565096,220.46999969482422,3.1468328132360965,-4.227556209583489,30.110922492092513,-179.04932864050122
2019-05-09,210.60000610351562,212.39999389648438,208.5,209.60000610351562,12577487,218.86999969482423,8.741261539462922,-4.563192844550053,33.33333333333333,-147.8767671033263
2019-05-10,211.6999969482422,212.6999969482422,209.60000610351562,210.6999969482422,6791110,218.43999938964845,12.587384605370776,-4.871785464133212,37.221255424659105,-122.05517449576523
2019-05-13,205.5,213.0,203.10000610351562,211.8000030517578,12804952,216.96999969482422,7.1428409239017645,-5.235064029454748,32.492110072224165,-140.35086239322266
2019-05-14,206.89999389648438,209.60000610351562,206.1999969482422,206.6999969482422,6680958,215.40999908447264,11.309490560665283,-5.5793071686129005,31.078897553285387,-123.58740598208857
2019-05-15,207.10000610351562,209.0,206.3000030517578,208.3000030517578,9282571,213.86999969482423,11.90476514855298,-5.87766602967783,33.33333333333333,-110.12253149062994
2019-05-16,203.8000030517578,207.5,203.39999389648438,206.10000610351562,10455052,211.13000030517577,2.0833248183817594,-6.170878281175803,38.08593977009891,-118.51379855705285
2019-05-17,201.1999969482422,205.10000610351562,199.3000030517578,203.10000610351562,8978291,209.0,5.0801984132488744,-6.472910965786184,30.846776550443522,-128.53775500259877
2019-05-20,197.8000030517578,203.10000610351562,197.8000030517578,200.8000030517578,10838682,206.75,0.0,-6.804130918019302,25.6410271844222,-131.41287914035956
2019-05-21,207.10000610351562,208.3000030517578,198.5500030517578,198.89999389648438,15000563,206.07000122070312,23.90746660913566,-6.972397679174508,37.16667175292969,-81.49340942494328
2019-05-22,199.35000610351562,207.3000030517578,198.4499969482422,206.6999969482422,11886228,205.1050018310547,4.696978944720644,-7.137462934387448,23.031338527781458,-96.5106702738563
2019-05-23,195.0500030517578,198.60000610351562,193.1999969482422,197.3000030517578,14672733,203.5500015258789,5.674864285734346,-7.344204869768815,24.885642863983477,-135.90045211529477
2019-05-24,195.3000030517578,197.85000610351562,194.1999969482422,196.14999389648438,8472288,201.91000213623047,7.291687086774287,-7.545503654524031,26.280840408738555,-120.82226296831213
2019-05-28,198.75,199.14999389648438,195.35000610351562,196.0,10976254,201.23500213623046,28.030314122931877,-7.660597947509943,34.773875480920225,-96.23595109450706
2019-05-29,198.39999389648438,199.75,196.5,196.5,12220463,200.38500213623047,26.262606801873904,-7.70375159275082,38.27433269822579,-85.67039312886524
2019-05-30,199.60000610351562,200.0,197.60000610351562,199.5500030517578,5295134,199.63500213623047,32.323273580027326,-7.66284814622556,37.723219303450186,-73.93488733617873
2019-05-31,200.10000610351562,200.60000610351562,197.39999389648438,198.25,13436626,199.26500244140624,34.848525716064806,-7.545961180357088,36.877846565031234,-65.66797973629711
2019-06-03,200.0,201.3000030517578,198.0500030517578,199.64999389648438,7781914,199.14500274658204,41.463410095544155,-7.371973391559486,42.782159168641094,-55.906360161730525
2019-06-04,202.5,205.8000030517578,195.25,198.85000610351562,12290902,199.61500244140626,58.86076743968192,-7.114628382124335,44.387769003983635,-31.68596782693105
2019-06-05,202.1999969482422,204.10000610351562,201.1999969482422,202.6999969482422,21363307,199.1250015258789,59.60262491486407,-6.807097828579467,43.76589698501339,-4.743393286905598
2019-06-06,194.5500030517578,196.14999389648438,193.5500030517578,195.64999389648438,9645083,198.64500122070314,8.940434157846552,-6.590769639816758,39.40435873270672,-122.05200182476919
2019-06-07,197.39999389648438,199.25,193.8000030517578,194.60000610351562,9720452,198.88000030517577,27.814538083294764,-6.382453970948599,45.67197920356089,-81.76600644234017
2019-06-10,198.85000610351562,199.14999389648438,197.5500030517578,198.0500030517578,8581606,199.23500061035156,37.41726404970119,-6.152399644381974,51.25149268688003,-44.90324920865403
2019-06-11,198.0,199.4499969482422,197.0,198.6999969482422,7094331,199.16000061035157,34.0425600990414,-5.920318563910355,36.41791371094323,-47.30693551498677
2019-06-12,195.89999389648438,198.64999389648438,194.25,197.64999389648438,11181708,198.91000061035157,21.428536828159476,-5.719143994407794,43.80609035821124,-86.32274623887696
2019-06-13,195.89999389648438,197.0,192.6999969482422,192.6999969482422,15818066,198.53999938964844,24.427446239001448,-5.534851844553418,51.80464890256742,-108.87173479396637
2019-06-14,193.89999389648438,196.35000610351562,193.25,195.10000610351562,12819161,197.9199981689453,9.160277779719099,-5.390095952261086,47.2331871587509,-119.72733570426331
2019-06-17,193.75,195.6999969482422,193.0,193.5500030517578,6936236,197.2949981689453,8.015286736973543,-5.267816909371408,38.63637939955361,-117.82490524747236
2019-06-18,198.60000610351562,198.89999389648438,192.75,194.5500030517578,16124209,196.90499877929688,45.038216842433854,-5.076650554659992,50.37738108810587,-37.63873321170987
2019-06-19,196.10000610351562,199.1999969482422,193.75,198.0,10472085,196.2949996948242,25.954256268330923,-4.8806435500402525,43.705040117415756,-42.308186459335055
2019-06-20,196.25,197.60000610351562,192.39999389648438,196.8000030517578,24073552,196.46499938964843,28.731369202091138,-4.678360491986977,42.987241545689635,-67.11646214355093
2019-06-21,195.85000610351562,197.89999389648438,194.5500030517578,195.60000610351562,16807527,196.31000061035155,25.74634216330765,-4.478466476496452,42.52253351984797,-44.22084721622079
2019-06-24,188.0,196.0500030517578,186.0,195.60000610351562,15671186,195.225,11.049720030821057,-4.405583572821657,28.09668077604988,-221.4516418941222
2019-06-25,187.89999389648438,192.14999389648438,185.3000030517578,187.0,17225571,194.21499938964843,18.374501528036284,-4.40768373851583,28.267478613352125,-220.48153530106958
2019-06-26,189.39999389648438,189.5,187.1999969482422,187.5500030517578,11882878,193.56499938964845,28.975212814368934,-4.422694118516513,40.373820154025275,-178.57935348995636
2019-06-27,191.39999389648438,193.3000030517578,189.10000610351562,189.10000610351562,12581945,193.11499938964843,43.10949452947913,-4.40302045538502,38.41699933544796,-102.34266620411651
2019-06-28,195.9499969482422,197.35000610351562,191.9499969482422,192.3000030517578,12110745,193.31999969482422,75.26500699855715,-4.280010816351502,44.999986845878425,-10.061735763223204
2019-07-01,197.39999389648438,198.0,194.10000610351562,196.0500030517578,7349752,193.68499908447265,87.05033207091498,-4.065791693262527,48.9864763854823,30.04937578395309
2019-07-02,199.5,200.3000030517578,195.5,198.3000030517578,10102894,193.7749984741211,94.66664632161458,-3.7628628204252337,56.0810901371538,87.55919925014702
2019-07-03,198.4499969482422,204.3000030517578,194.0,196.9499969482422,24590850,194.00999755859374,69.21049419202302,-3.4283882870440037,54.1598732301179,111.6678669445623
2019-07-04,200.5,202.6999969482422,198.5,199.0500030517578,6571470,194.43499755859375,79.99998393811677,-3.0511546607142597,60.74919133420412,139.722780057992
2019-07-05,205.3000030517578,207.60000610351562,199.9499969482422,200.39999389648438,8944028,195.37999725341797,89.68608638115629,-2.583360229419781,66.3366281074926,202.33442702401507
2019-07-08,202.89999389648438,208.1999969482422,202.3000030517578,205.39999389648438,21753024,196.8699966430664,76.85587570147138,-2.1157293409445908,56.53493100620741,182.41725695717614
2019-07-09,201.0,202.5,200.10000610351562,202.0,7026082,198.17999725341798,68.55895691156697,-1.6982060596367667,57.58512557078704,104.22346195786724
2019-07-10,201.39999389648438,203.39999389648438,200.60000610351562,201.0,5094624,199.37999725341797,70.30565561503597,-1.3237242919610304,57.91089247224121,101.9881860184341
2019-07-11,199.9499969482422,202.8000030517578,199.25,201.6999969482422,7065342,200.23499755859376,63.9737895246053,-1.0159678832621597,56.10117297325036,71.90264663325765
2019-07-12,199.60000610351562,202.10000610351562,199.25,199.9499969482422,10795412,200.5999984741211,62.44544481714102,-0.769435039574196,72.22222871808663,58.83135381376228
2019-07-15,200.39999389648438,201.6999969482422,199.6999969482422,199.8000030517578,7380215,200.8999984741211,62.8571283249628,-0.5596825632764691,73.32090614473992,57.530202797721365
2019-07-16,201.10000610351562,203.10000610351562,200.3000030517578,200.39999389648438,8922711,201.05999908447265,62.827255246110006,-0.3715349644138837,72.50002347506009,66.30195778109747
2019-07-17,199.8000030517578,201.6999969482422,197.14999389648438,200.3000030517578,5982776,201.19499969482422,48.30772986778846,-0.22668587829521786,66.60080660482335,30.972185950811728
2019-07-18,201.1999969482422,201.6999969482422,198.14999389648438,199.0500030517578,8157120,201.26499938964844,50.704214757831146,-0.0937159416503307,61.85101906694719,40.75303454204854
2019-07-19,205.89999389648438,206.1999969482422,200.5,201.1999969482422,11784000,201.3249984741211,83.80279192917341,0.10003717432497858,66.73228748526685,97.50543217779983
2019-07-22,206.89999389648438,210.89999389648438,206.10000610351562,209.10000610351562,12845902,201.7249984741211,76.33135239870056,0.3374575620361474,65.22633253878749,155.8079918336798
2019-07-23,203.3000030517578,207.5,202.0,206.10000610351562,7724345,201.9549987792969,44.72733931107955,0.5315968952399298,59.031676933918305,88.8632701823214
2019-07-24,203.1999969482422,204.10000610351562,200.8000030517578,202.8000030517578,7355345,202.13499908447267,44.00002219460227,0.6856242414965501,55.4216852703535,50.864659651706056
2019-07-25,201.10000610351562,204.3000030517578,199.8000030517578,204.0,5917368,202.25,28.727361505681817,0.7713689996529883,40.540533109904,14.748701120314037
2019-07-26,198.8000030517578,201.6999969482422,198.75,201.10000610351562,7652046,202.1699996948242,12.000066583806818,0.7713673611664515,40.72398596188886,-59.36422682643298
2019-07-29,200.8000030517578,202.3000030517578,197.8000030517578,199.0,6831110,202.21000061035156,26.545521129261363,0.747772358001183,49.54955574174667,-51.07765831859696
2019-07-30,198.35000610351562,201.89999389648438,198.0500030517578,201.1999969482422,8149390,201.93500061035155,8.727361505681818,0.6698337851275463,43.711357461337016,-86.98121654555239
2019-07-31,196.64999389648438,199.5500030517578,195.8000030517578,198.0,8472454,201.61999969482423,5.629081854863565,0.5332699957797122,43.265295699946,-157.88673576914275
2019-08-01,195.6999969482422,200.3000030517578,193.89999389648438,195.6999969482422,9304128,201.06999969482422,10.588253245634192,0.35074787934610785,42.231054625876844,-161.90040573005547
2019-08-02,195.35000610351562,196.5,192.10000610351562,193.1999969482422,8053205,200.01500091552734,17.287245267337404,0.14260475991981048,39.7566145164665,-199.74967190845268
2019-08-05,189.5,193.35000610351562,189.10000610351562,192.85000610351562,11897871,198.2750015258789,1.8348354149693005,-0.16434435736566877,30.536894538170543,-267.9464930623404
2019-08-06,188.3000030517578,190.89999389648438,186.9239959716797,188.75,19280693,196.7750015258789,5.739102432331121,-0.5359030564039396,30.639718703793335,-238.27346405856457
2019-08-07,190.25,190.25,186.6999969482422,188.35000610351562,6767316,195.4800018310547,14.66943594807219,-0.8961475747243477,31.900822360871302,-178.97278699338528
2019-08-08,191.8000030517578,193.0,188.85000610351562,190.4499969482422,4663795,194.5500015258789,21.07440804403107,-1.2036440758235376,23.985247955406024,-117.55808695286831
2019-08-09,191.3000030517578,192.5,190.4499969482422,191.35000610351562,5373657,193.8000015258789,22.11541071445601,-1.4671935265821257,20.676698845895928,-98.73398824867814
2019-08-12,189.5,193.6999969482422,189.5,192.0,4159804,192.6700012207031,15.90910273149569,-1.7147560864566318,22.177416625802238,-93.3365883596053
2019-08-13,187.8000030517578,190.0,186.89999389648438,188.9499969482422,6161430,191.61500091552733,6.250032511613148,-1.9625349168291508,20.833338149871395,-113.75503782232363
2019-08-14,185.4499969482422,188.64999389648438,184.6699981689453,188.14999389648438,13504538,190.49500122070313,4.424268651549247,-2.2304802864521847,20.63789159679021,-120.50781520298308
2019-08-15,177.10000610351562,187.0,177.0500030517578,185.0500030517578,10364272,188.63500213623047,0.19803188814975248,-2.6251550245520208,16.8195734351457,-161.80538943805607
2019-08-16,182.5,182.5,177.10000610351562,178.0,9927685,187.3500015258789,21.931585336574624,-2.9864347656259485,24.653728957342594,-140.57832816040442
2019-08-19,188.35000610351562,191.60000610351562,181.4219970703125,182.89999389648438,9627718,187.23500213623046,48.602163663474464,-3.207704168883212,37.34177215189874,-67.05276905934866
2019-08-20,193.89999389648438,195.5,185.55999755859375,187.9499969482422,13631026,187.7950012207031,72.47307890204974,-3.233760676655198,46.8281412355719,-9.922286807264694
2019-08-21,195.8000030517578,197.0,191.39999389648438,192.4499969482422,14424008,188.3500015258789,93.98497678292668,-3.09841166716046,50.112873737102355,37.18731046235303
2019-08-22,199.6999969482422,199.6999969482422,194.89999389648438,195.0500030517578,8736741,189.14000091552734,100.0,-2.799707993340886,54.545445848508415,90.33254475587542
2019-08-23,196.8000030517578,199.8000030517578,196.8000030517578,198.60000610351562,8948217,189.69000091552735,86.81318681318682,-2.4541619288445515,58.12918321260533,89.67935317417097
2019-08-27,196.25,196.64999389648438,191.1230010986328,196.35000610351562,12091073,190.36500091552733,84.39559098128434,-2.1005515030508173,58.98305049678151,51.06300432670239
2019-08-28,197.25,200.1999969482422,195.9499969482422,196.25,15737793,191.31000061035155,87.25702926128986,-1.7396813369343938,58.08314315637832,104.60501799017321
2019-08-29,200.0,200.0,195.46099853515625,196.5500030517578,4850309,192.76500091552734,99.13608206923735,-1.345338587102877,59.2134828763753,113.17423589157255
2019-08-30,196.10000610351562,200.1999969482422,195.8000030517578,197.9499969482422,6438625,194.66500091552734,82.28945172486979,-1.0098437949072863,55.010443833455504,93.62959380733027
2019-09-02,196.6999969482422,199.89999389648438,196.0,196.10000610351562,4693788,196.08500061035156,84.88120551715774,-0.7169468120846514,57.708781717147595,90.5529745056821
2019-09-03,197.5500030517578,198.60000610351562,194.1999969482422,198.60000610351562,5085031,197.00500030517577,88.55293911379039,-0.4509080370017054,60.632502935280066,70.46725746644297
2019-09-04,199.9499969482422,201.89999389648438,197.60000610351562,197.75,6227594,197.61000061035156,92.15292689471555,-0.17633144685991237,65.79521957381735,101.43673116934328
2019-09-05,200.8000030517578,202.7259979248047,200.0,201.60000610351562,5305510,198.11000061035156,92.48421334683002,0.10316596775912756,80.85938819374381,107.38526054772964
2019-09-06,201.60000610351562,203.0,200.10000610351562,200.8000030517578,16156564,198.3000015258789,93.51193944571102,0.383624388850071,78.25445710292374,101.16343050365208
2019-09-09,200.8000030517578,203.5,199.85000610351562,202.60000610351562,4601826,198.70000152587892,84.94985183496695,0.6363451172766912,71.65218009732723,90.27236532387873
2019-09-10,207.8000030517578,208.10000610351562,200.3000030517578,200.5,26853973,199.8550018310547,98.23288588492771,0.9686629115636445,73.01326251637667,127.82703223226031
2019-09-11,213.0,214.6999969482422,207.6999969482422,207.6999969482422,8845696,201.43000183105468,92.78959474274856,1.4142050923329323,75.67164892926523,185.57802836643842
2019-09-12,215.39999389648438,216.3000030517578,212.6999969482422,215.0,10738100,202.97000122070312,96.42527272727273,1.9424253091318668,74.53125692904325,205.71371472216777
2019-09-13,221.39999389648438,222.39999389648438,214.3000030517578,215.0,10396467,205.5,96.80276167704751,2.586075656102068,85.04273114137077,221.50958262080925
2019-09-16,220.10000610351562,222.8000030517578,218.5,220.0,6777869,207.84000091552736,90.55945324462608,3.2416994221261746,83.26362949166278,195.48963013048026
2019-09-17,215.3000030517578,224.5,213.5,222.5,9956143,209.61500091552733,69.63697682628299,3.7864892800860956,72.76168067666705,137.3245700270359
2019-09-18,214.1999969482422,218.8000030517578,213.1999969482422,213.89999389648438,8478622,211.04000091552734,66.00659401200862,4.207071677178955,68.68421401343657,98.73659293554864
2019-09-19,214.89999389648438,216.0,212.8000030517578,215.10000610351562,4460823,212.45,68.31681473062197,4.529334894987337,77.01148618903717,80.12325896692013
2019-09-20,215.89999389648438,220.10000610351562,215.0,215.0,11288838,213.87999877929687,71.6171444312224,4.778711131125499,77.27272530232563,88.19866660501445
2019-09-23,216.5,218.89999389648438,212.30799865722656,218.89999389648438,10499297,215.4499984741211,70.26021630047455,4.968011602484166,77.11015536897676,70.61527732736484
2019-09-24,213.0,217.39999389648438,212.5,217.3000030517578,7256872,215.96999816894532,53.346844432119106,5.042570745619251,68.0998640042022,51.737427717088345
2019-09-25,216.5,220.3000030517578,213.5,217.39999389648438,10013146,216.31999816894532,67.54563090930024,5.0856511507504365,70.28423538280836,65.35131212093277
2019-09-26,220.60000610351562,222.8000030517578,215.39999389648438,216.8000030517578,10231207,216.83999938964843,84.17851982900248,5.160564921818422,72.61904761904762,82.0764005118132
2019-09-27,222.5,222.6999969482422,219.3000030517578,219.8000030517578,7313189,216.95,91.73553614788669,5.2700554478758725,75.17401572823914,92.84596037005734
2019-09-30,219.8000030517578,223.10000610351562,219.8000030517578,221.89999389648438,8435730,216.9199996948242,72.02383277096834,5.3403899430209805,65.46392239094288,83.85747030743171
2019-10-01,220.1999969482422,223.22900390625,219.60000610351562,220.5,5265785,217.40999908447264,64.73094998216554,5.376704986184637,60.588235558110654,83.16388318663071
2019-10-02,214.39999389648438,220.1999969482422,213.89999389648438,218.10000610351562,6965952,217.42999877929688,17.158751713046687,5.28500334185849,48.66310138610209,24.12484833667985
2019-10-03,208.3000030517578,214.0,205.6999969482422,214.0,8314259,216.7699996948242,13.829817454590906,5.008503086717205,32.5333384331618,-80.42514835658207
2019-10-04,210.10000610351562,210.10000610351562,206.60000610351562,208.0,4961402,216.19000091552735,23.404300218249347,4.647971848486861,36.8421052631579,-101.98768659658198
2019-10-07,210.8000030517578,211.74200439453125,208.3000030517578,209.0,16910209,215.62000122070313,29.0946664333759,4.25424563571296,43.362830663419864,-99.8938405915607
2019-10-08,206.8000030517578,212.0,205.0,212.0,6466120,215.0000015258789,9.874390619559103,3.78683928449714,39.9456571315789,-152.71562720439013
2019-10-09,202.3000030517578,208.0,202.3000030517578,206.10000610351562,4783160,213.5800018310547,0.0,3.2173280186874527,34.48276639653092,-194.2423019249344
2019-10-10,205.60000610351562,205.60000610351562,201.8000030517578,202.39999389648438,4962611,212.0800018310547,17.73299220789948,2.6589907721231834,37.99535051470855,-156.91679654182798
2019-10-11,214.60000610351562,222.0,203.89999389648438,203.89999389648438,12033078,211.29000244140624,59.73215054996151,2.2744555111802134,48.14815365633987,-15.348752194344668
2019-10-14,213.8000030517578,222.0,205.3489990234375,213.60000610351562,6765941,210.69000244140625,55.99887778941604,2.0010664158761235,50.82304856220423,-7.138050510244577
2019-10-15,216.39999389648438,218.5,211.39999389648438,216.39999389648438,6132433,210.31000213623048,68.13192525336966,1.8485935923438768,49.89517175900957,23.19572311154832
2019-10-16,214.89999389648438,216.1999969482422,209.39999389648438,215.1999969482422,7566868,210.36000213623046,61.13206552969265,1.7517566801191056,43.680692580232176,-7.440684066045357
2019-10-17,218.8000030517578,219.6999969482422,213.0,215.6999969482422,8669290,211.41000213623047,79.33174353500607,1.7530973906807028,46.07218931269023,50.37177031736467
2019-10-18,216.1999969482422,220.10000610351562,215.10000610351562,218.8000030517578,9537735,212.02000122070314,67.19862486479713,1.7704264084971004,46.17020627285572,49.64758600086294
2019-10-21,215.39999389648438,218.60000610351562,215.19900512695312,215.5,5238453,212.4800003051758,67.32669752165502,1.7800694304490938,44.936706619576896,37.10964797147429
2019-10-22,211.6999969482422,216.8000030517578,211.5989990234375,216.5,6619980,212.96999969482422,49.009878178946344,1.7213010873053558,47.01987111881948,-11.124075119163235
2019-10-23,214.0,215.89999389648438,210.60000610351562,211.39999389648438,5738572,214.13999938964844,60.396033620707236,1.6555065715484656,56.86746367766095,-6.5471602870683405
2019-10-24,216.60000610351562,218.39999389648438,213.8000030517578,213.8000030517578,7217255,215.23999938964843,73.26735290940583,1.6264655886618935,57.68321180416525,44.04209845608876
2019-10-25,212.3000030517578,216.89999389648438,211.10000610351562,214.6999969482422,4295152,215.00999908447267,51.98020587282175,1.5496723030853214,51.63398605899265,2.0614451428997698
2019-10-28,212.6999969482422,216.89999389648438,210.56500244140625,213.3000030517578,4499374,214.8999984741211,53.960373976357936,1.4498240825818343,56.97398503845718,8.946478613729987
2019-10-29,210.8000030517578,213.6999969482422,207.5,212.89999389648438,6449759,214.33999938964843,44.554462176704355,1.3071419489357936,60.70528638086233,-37.55562689560283
2019-10-30,205.6999969482422,210.75100708007812,203.10000610351562,209.10000610351562,8049850,213.4199996948242,13.75656975852353,1.0607451219247708,50.12047085296599,-108.43503351298949
2019-10-31,203.5,206.5,203.0,206.5,6573124,211.88999938964844,2.6315789473684212,0.7247411441132068,34.005760520645524,-134.91111082483852
2019-11-01,204.60000610351562,205.8000030517578,203.3000030517578,204.89999389648438,6142334,210.7300003051758,9.356757499558299,0.3660851471563747,36.85715294662348,-118.13686519760905
2019-11-04,206.6999969482422,207.60000610351562,203.5,204.1999969482422,5148738,209.86000061035156,21.637401330994248,0.04470238878869176,35.94203962595196,-85.36907388058704
2019-11-05,205.6999969482422,208.0,204.5,206.8000030517578,5775978,209.26000061035157,15.789450201933493,-0.252527112221305,36.470598795004996,-79.59795644917085
2019-11-06,205.5,208.89999389648438,204.61900329589844,206.89999389648438,6174908,208.41000061035157,14.619877822651887,-0.5216518319865913,28.05280245510366,-79.3932130305219
2019-11-07,205.60000610351562,209.5,204.8000030517578,206.3000030517578,11132127,207.31000061035155,16.666699270904044,-0.7562685678122898,30.935270357719773,-79.15495227029217
2019-11-08,201.0,206.77000427246094,200.3000030517578,203.5,12628143,206.18000030517578,3.867388410564483,-1.028624092582531,27.215203931744938,-123.8827131181834
2019-11-11,204.0,205.0,198.5,200.0,7948580,205.31000061035155,27.63819943166744,-1.2601485422472467,37.540461704154396,-110.41405677618877
2019-11-12,208.0,209.0,203.5,204.39999389648438,9052285,205.03000030517578,47.73870810924376,-1.3872541735904715,40.79754773519359,-43.696003753982254
2019-11-13,206.0,207.2259979248047,203.1999969482422,206.6999969482422,7582977,205.06000061035155,40.76088308612428,-1.470996024345903,33.437490463256836,-57.534888798238626
2019-11-14,201.3000030517578,205.3000030517578,199.5,200.60000610351562,8303772,204.84000091552736,15.217412937798853,-1.5948014201368512,33.02468816021354,-99.87890349766334
2019-11-15,204.8000030517578,206.8000030517578,200.39999389648438,202.89999389648438,7205574,204.86000061035156,41.44739681994726,-1.677752455498027,38.8732480331206,-66.3071441087835
2019-11-18,209.60000610351562,209.60000610351562,202.89999389648438,202.89999389648438,8194708,205.1500015258789,90.60484604213322,-1.6503431563878708,48.437504346170975,-4.352694300473834
2019-11-19,212.3000030517578,214.1999969482422,208.39999389648438,208.39999389648438,13223160,205.81000213623048,87.89812569551421,-1.5083606381457129,59.1666751437717,81.26600592442797
2019-11-20,211.89999389648438,212.8000030517578,209.6999969482422,211.39999389648438,11194222,206.45000152587892,85.35029618578794,-1.3049528574694498,62.28068844776231,83.49776282881501
2019-11-21,211.6999969482422,211.89999389648438,209.0,210.60000610351562,12457367,207.06000061035155,84.07643002580389,-1.07392446725792,60.66064593701557,86.1469695740356
2019-11-22,214.39999389648438,214.8000030517578,211.1999969482422,212.0,12013652,208.4,97.54595656207377,-0.7921703385796397,61.35692458514335,146.0560608328416
2019-11-25,216.8000030517578,217.3000030517578,214.0,214.0,7241481,209.68000030517578,97.34042596363702,-0.4532960559543555,65.72238009321256,190.88406618372358
2019-11-26,218.0,219.39999389648438,215.5,216.39999389648438,10210508,210.68000030517578,93.30146265392034,-0.07620591343461008,67.21762216903366,188.67417561773334
2019-11-27,220.5,222.0,217.8000030517578,219.39999389648438,13315060,212.13000030517577,93.61702127659575,0.34512922989757405,69.25063203698068,182.50124263299855
2019-11-28,220.89999389648438,221.10000610351562,219.1999969482422,220.0,7677591,214.08999938964843,95.31912296376329,0.7777042478104429,78.84057086447011,154.393928617301
2019-11-29,214.3000030517578,220.5,214.3000030517578,218.0,6682166,215.03999938964844,65.77779134114583,1.0875763595963481,63.517067620481384,87.69977278504584
2019-12-02,213.10000610351562,215.6999969482422,212.3730010986328,214.10000610351562,6658497,215.38999938964844,60.44447157118056,1.2826726018590993,57.22380717725272,47.734944979317085
2019-12-03,212.0,214.60000610351562,209.8000030517578,213.60000610351562,7343282,215.35999908447266,55.55555555555556,1.375128860036655,58.720931779893704,23.50584508720665
2019-12-04,213.39999389648438,213.5,209.3780059814453,210.8000030517578,9254233,215.50999908447267,60.18516817865211,1.4176075429523176,69.45336721341558,19.788056828437387
2019-12-05,216.0,217.8000030517578,213.0,214.8000030517578,8423475,215.93999938964845,68.5863974729536,1.4647850116858134,68.5430431788406,63.264534005683764
2019-12-06,220.0,220.5,215.5,215.5,7994669,216.5,85.29412424687813,1.5729135899517313,67.6870681216842,99.73196157565819
2019-12-09,223.5,225.5,219.7050018310547,220.89999389648438,11791695,217.1699996948242,87.87878787878788,1.765832331707895,68.5430431788406,145.97678449566894
2019-12-10,220.39999389648438,223.39999389648438,219.1999969482422,223.39999389648438,8084869,217.40999908447264,69.0908720999053,1.9482993101435089,62.91793552719822,106.67616782346235
2019-12-11,217.39999389648438,220.5,216.60000610351562,219.3000030517578,6447637,217.0999984741211,49.758038030572486,2.0623462892006312,57.983189685570615,58.792931115621776
2019-12-12,217.5,219.5,215.5,217.5,12640223,216.75999908447267,50.37834655692802,2.1244254416777197,54.682787812517006,42.045133977159594
2019-12-13,223.1999969482422,227.1999969482422,222.3000030517578,226.0,16161481,217.6499984741211,77.55581849720286,2.2367760024272494,58.7912018813587,149.99923269490554
2019-12-16,229.5,230.3000030517578,224.19000244140625,224.60000610351562,10604465,219.28999786376954,96.17625865700467,2.4701609101569724,63.855421686746986,193.181642566176
2019-12-17,230.0,230.10000610351562,223.5,229.0,18087256,221.08999786376953,98.56608787990174,2.7695205908362444,62.0253164556962,165.37453160737758
2019-12-18,232.10000610351562,233.3000030517578,227.6999969482422,229.60000610351562,9369474,222.95999908447266,94.98370915808113,3.1217311251662867,63.592243796859655,182.26842679219502
2019-12-19,233.5,235.60000610351562,232.39999389648438,233.89999389648438,12791070,224.70999908447266,91.99143431569085,3.5038251207261695,76.66665112531402,187.59174611235215
2019-12-20,232.6999969482422,234.80999755859375,231.6490020751953,234.8000030517578,7764314,225.97999877929686,88.94054937924975,3.863869984564798,77.52806051049191,149.14597630025273
2019-12-23,234.39999389648438,235.1540069580078,231.3000030517578,232.1999969482422,5025719,227.06999816894532,95.42364349994327,4.209536650252992,80.9392076560316,131.63085275088267
2019-12-24,234.1999969482422,235.66000366210938,232.19000244140625,235.10000610351562,1052614,228.4499984741211,93.55689992094521,4.515285702060515,79.71427711954297,117.51056371782909
2019-12-27,235.8000030517578,236.6999969482422,234.2899932861328,236.0,2355713,230.28999938964844,95.75474516019212,4.795223209739923,79.11763847905844,115.56948343085796
2019-12-30,234.39999389648438,236.60000610351562,233.60000610351562,234.10000610351562,6469414,231.97999877929686,89.15092743940929,5.011042142813034,72.92990875834373,96.00057118148119
2019-12-31,229.89999389648438,235.80999755859375,229.89999389648438,234.1999969482422,1994680,232.6499984741211,67.92450928950893,5.092143159942613,59.87652634870639,62.107925744694676
2020-01-02,232.10000610351562,234.60000610351562,229.69000244140625,230.0,4396006,232.90999908447264,78.30192685424903,5.108048033507121,68.57142995544437,58.51050419773879
2020-01-03,229.1999969482422,230.73899841308594,227.89999389648438,230.1999969482422,5799029,232.8299987792969,64.62263641683275,5.024345240535328,68.78979003641209,26.196356027246296
2020-01-06,226.60000610351562,227.39999389648438,224.38999938964844,227.39999389648438,6217265,232.27999877929688,29.861144960676814,4.829665296081478,63.42182824467338,-16.058374429656315
2020-01-07,231.0,234.10000610351562,228.39999389648438,229.0,15490985,232.02999877929688,56.81819495419472,4.634824016115793,61.96318702535719,39.13027510940587
2020-01-08,227.1999969482422,233.10000610351562,225.802001953125,226.39999389648438,8611378,231.47999877929686,28.03028639135335,4.378904985255605,46.17939963551291,-0.7130657659920726
2020-01-09,224.3000030517578,227.7100067138672,222.7100067138672,225.89999389648438,17745349,230.46999969482422,11.36524265745249,4.04187118277866,41.2307780429415,-60.92044055035705
2020-01-10,220.0,225.7100067138672,218.89999389648438,224.5,10273024,229.05,6.17980851080245,3.5938478024493605,32.56483883734225,-114.20320858865814
2020-01-13,220.5,225.7100067138672,219.0,221.10000610351562,4516731,227.5199996948242,8.988796793254588,3.0995305327428015,30.76924118715121,-119.33849322973911
2020-01-14,220.5,222.3000030517578,219.0,219.0,5390304,226.13000030517577,8.988796793254588,2.595045621080144,31.515164686184647,-146.51721938510502
2020-01-15,215.0,221.1999969482422,215.0,221.1999969482422,26765117,224.64000091552734,0.0,2.016969839467019,23.6413257559109,-182.21879861540555
2020-01-16,215.60000610351562,219.0,214.60000610351562,214.8000030517578,6973966,222.99000091552733,4.524888752334562,1.428048078653588,25.00003076366491,-158.52604503472108
2020-01-17,216.39999389648438,219.8000030517578,215.8000030517578,216.1999969482422,7956577,221.71000061035156,8.1817626953125,0.8727090476196501,23.351642478278237,-123.40477187197396
2020-01-20,216.0,217.39999389648438,214.7899932861328,217.0,2728794,220.65,6.600633948625125,0.35916006121279276,24.011303574953857,-119.11553246470154
2020-01-21,212.39999389648438,216.6999969482422,212.39999389648438,216.6999969482422,3995174,218.78999938964844,0.0,-0.15952924160663817,24.637681159420282,-125.74259511916378
2020-01-22,208.0,213.89999389648438,206.05499267578125,210.10000610351562,9835772,216.86999969482423,6.935305376945501,-0.7240855782321008,17.166187837034386,-148.8262369416022
2020-01-23,206.8000030517578,210.55999755859375,206.10000610351562,208.3000030517578,6940601,215.11999969482423,2.6564807248043754,-1.3052904199600917,17.999980817505588,-142.43417933092604
2020-01-24,209.6999969482422,211.6999969482422,207.3000030517578,208.10000610351562,6381644,214.08999938964843,12.99697816816271,-1.8172197741623881,26.062291353187646,-114.70732723340127
2020-01-27,204.0,207.6999969482422,203.3000030517578,207.6999969482422,5464792,212.43999938964845,2.3489828072379906,-2.345690723002439,13.114729494008216,-140.78090659268148
2020-01-28,205.5,206.60000610351562,203.39999389648438,205.0,5086724,210.93999938964845,9.012685859024062,-2.8275483749286634,18.367326057450498,-125.055692572023
2020-01-29,202.39999389648438,206.8000030517578,201.14500427246094,204.1999969482422,7126510,209.67999877929688,5.108852022371687,-3.297944173188963,18.260842258991744,-127.3491138779905
2020-01-30,203.3000030517578,204.8000030517578,200.10000610351562,200.10000610351562,6921561,208.4499984741211,12.495106880039467,-3.714621176285229,23.15112240447185,-122.10688568786311
2020-01-31,202.39999389648438,206.89999389648438,202.39999389648438,204.1999969482422,7763316,207.04999847412108,10.360306797928928,-4.081678129624931,21.269831581721235,-99.34069826440896
2020-02-03,201.0,204.1999969482422,201.0,203.0,7987724,205.54999847412108,4.265375767730757,-4.4114255799125415,20.36473614348644,-103.51316402396421
2020-02-04,202.1999969482422,204.0,201.8000030517578,201.8000030517578,11115542,204.52999877929688,10.659853655022737,-4.671302468573836,27.62236512373228,-89.4394415925417
2020-02-05,203.5,204.3000030517578,201.1999969482422,201.1999969482422,6802999,204.0799987792969,17.25885494001436,-4.84237503423268,29.351516818004768,-79.76469513985253
2020-02-06,203.10000610351562,206.8000030517578,203.10000610351562,205.1999969482422,5814748,203.70999908447266,17.34105269842614,-4.944163780872332,26.989635636935773,-61.73283835868546
2020-02-07,202.0,203.60000610351562,201.5229949951172,203.60000610351562,4896614,202.93999938964845,11.445752676953793,-5.003472043274373,26.351356227698204,-77.46511245900504
2020-02-10,201.0,202.6999969482422,200.39999389648438,201.8000030517578,8102068,202.63999938964844,6.5217006709450285,-5.037595815092108,28.888900191695598,-83.53367070222728
2020-02-11,202.3000030517578,203.89999389648438,200.1999969482422,200.89999389648438,7393013,202.31999969482422,18.96550590160441,-5.0219231223175065,38.075324759897626,-69.78122243834812
2020-02-12,206.0,206.10000610351562,201.5229949951172,202.6999969482422,6515388,202.68000030517578,50.862056491764854,-4.9053832897387135,48.48484323044636,-32.17798665154491
2020-02-13,204.89999389648438,206.0570068359375,204.1999969482422,205.1999969482422,6162907,202.83999938964843,63.15781020051278,-4.738100692802151,40.24390470832478,-18.413656082531304
2020-02-14,206.0,208.1999969482422,205.10000610351562,205.89999389648438,8920211,203.2,72.83951314988857,-4.519433699543636,54.99999237061711,19.97227118590625
2020-02-17,208.39999389648438,209.5,205.79200744628906,208.0,3951744,203.93999938964845,88.29779981105062,-4.231431642767111,56.93777633707721,76.45592377277374
2020-02-18,206.8000030517578,209.1999969482422,205.6999969482422,205.6999969482422,4219884,204.4,71.27660955979988,-3.9309518859534975,61.34022442993899,79.96642414065084
2020-02-19,206.39999389648438,208.60000610351562,205.39999389648438,207.39999389648438,4716828,204.68999938964845,66.66661197568439,-3.6358254718121885,58.20103000812994,74.97771588843057
2020-02-20,209.0,210.3000030517578,206.39999389648438,207.5,3856000,205.27999877929688,87.12869043410473,-3.3097570828873177,66.01942754373567,133.1466978488691
2020-02-21,210.6999969482422,210.6999969482422,207.6999969482422,209.0,6329490,206.1499984741211,100.0,-2.946721843043271,73.2057241606392,171.4321112260669
2020-02-24,206.89999389648438,208.2989959716797,204.8040008544922,207.39999389648438,6159693,206.73999786376953,63.80949474516369,-2.633458058544869,59.999987013804976,61.260137355837195
2020-02-25,202.0,208.39999389648438,201.5,206.8000030517578,8335162,206.70999755859376,17.142886207217263,-2.4399862204404497,47.232472948031166,-25.406892480074394
2020-02-26,203.5,205.94400024414062,201.10000610351562,202.5,7817769,206.45999755859376,31.428600492931547,-2.302246920944137,50.70920872932218,-40.3401310202057
2020-02-27,194.0500030517578,203.10000610351562,191.39999389648438,201.1999969482422,13423630,205.3749984741211,13.730615213721839,-2.3521821142624004,39.12449208693042,-237.5742360804548
2020-02-28,195.75,196.75,186.8000030517578,190.0500030517578,12805802,204.3499984741211,37.44769553919722,-2.484646801200565,42.95302013422819,-252.0444607585781
2020-03-02,204.3000030517578,204.8000030517578,197.0,198.75,26342815,203.93999938964845,73.22177602134954,-2.5198220403493026,52.247191011235955,-43.107133876014885
2020-03-03,206.3000030517578,212.89999389648438,205.0,205.3000030517578,9793965,203.88999938964844,74.7126698856292,-2.454522178226556,50.350470829867724,88.07085721063106
2020-03-04,212.6999969482422,214.47799682617188,205.1999969482422,208.0,9895291,204.5199996948242,93.57612443871096,-2.2219670785552026,58.108112823698136,130.98508110511824
2020-03-05,212.1999969482422,213.10000610351562,208.5,212.6999969482422,19651271,204.83999938964843,91.76963512422095,-1.8996834544120986,56.526314673595124,122.44968360627493
2020-03-06,211.10000610351562,212.60000610351562,207.5,208.89999389648438,9441711,204.88000030517577,87.7953917101502,-1.5512743182102668,52.92209229126993,95.5552852186089
2020-03-09,205.8000030517578,209.1999969482422,197.35000610351562,198.0,16442972,204.77000122070314,68.64659395062034,-1.2857771851094912,48.99799586942389,-25.49376332135908
2020-03-10,198.64999389648438,212.6999969482422,198.64999389648438,207.0,16346720,204.43500061035155,42.81376367560594,-1.197309161560653,43.15975213151704,-42.77468225086009
2020-03-11,191.5,203.3000030517578,190.89999389648438,201.3000030517578,19243848,203.23500061035156,16.980988530270327,-1.3357822611622108,35.702610101421115,-168.7203952580528
2020-03-12,174.9499969482422,188.85000610351562,173.35000610351562,182.75,16877169,201.325,3.890272334274703,-1.8702397862376434,26.495722722978996,-306.9478834117587
2020-03-13,179.10000610351562,191.63900756835938,175.35000610351562,180.9499969482422,19858928,199.66000061035157,13.980746199771163,-2.554401904032008,31.806289257931482,-202.58478155182215
2020-03-16,180.0,187.0,173.10000610351562,175.39999389648438,30816654,197.2300003051758,16.675517046569222,-3.276350175920984,34.80662855341188,-173.43142121831414
2020-03-17,192.0,193.4499969482422,171.18899536132812,185.64999389648438,32858216,195.8,48.07457768591196,-3.785215899540221,43.06393193806514,-108.46083007200804
2020-03-18,216.3000030517578,220.0,197.9499969482422,198.0500030517578,32633370,196.16000061035157,92.41974842429127,-3.7375303988192528,61.38107416879796,82.1797431543937
2020-03-19,210.1999969482422,232.0,208.1999969482422,215.0,25316476,195.96000061035156,64.1512203567602,-3.4323125725115404,57.07292983511995,115.10899541514547
2020-03-20,205.8000030517578,220.0,198.4499969482422,220.0,18386235,195.43000030517578,56.91569790053973,-3.0440548947430943,50.76530612244898,53.83522608850307
2020-03-23,199.39999389648438,212.10000610351562,196.0500030517578,197.5500030517578,28843590,194.78999938964844,46.3912719462225,-2.7192729471835175,46.63085520587666,15.619907605992486
2020-03-24,203.0,209.0,190.4499969482422,207.0,15669079,195.225,52.31126311378538,-2.3876681960444883,45.13052466477014,4.427673899280964
2020-03-25,201.6999969482422,210.0,199.0,208.1999969482422,14614753,196.24499969482423,50.1734871314904,-2.084469123442461,44.77091760620662,24.697070236571765
2020-03-26,205.6999969482422,206.6999969482422,197.25799560546875,200.10000610351562,13132060,199.31999969482422,56.75124394338207,-1.746399785641757,47.386250048191464,19.96420137912689
2020-03-27,210.0,210.0,199.14999389648438,202.60000610351562,11998686,202.40999908447264,63.8223375345958,-1.3316121588195875,52.05278375856815,40.51926660512658
2020-03-30,210.1999969482422,212.0,199.61000061035156,209.3000030517578,10577320,205.42999877929688,64.1512203567602,-0.8842569995518197,56.0566336990481,44.60977570406717
2020-03-31,210.39999389648438,224.8000030517578,199.61000061035156,211.5,19050045,207.2699981689453,64.4801031789246,-0.4347340034826203,60.6900388443093,75.79656652841429
2020-04-01,213.10000610351562,214.10000610351562,204.12600708007812,206.89999389648438,18839431,206.9499984741211,68.92010910067222,0.0366509770048174,75.5868490788751,67.14627318547146
2020-04-02,204.8000030517578,218.39999389648438,204.8000030517578,214.60000610351562,11948956,206.40999908447264,55.271258697566815,0.36452261008369585,66.32781955470332,59.80946516348237
2020-04-03,213.39999389648438,213.39999389648438,201.6999969482422,204.5,12985131,207.1699981689453,69.41342078784335,0.7216322949114893,69.3286947098641,61.630011859192784
2020-04-06,206.10000610351562,220.0,206.10000610351562,215.1999969482422,22931122,207.83999938964843,37.665482565136294,0.9602357566833708,58.629133412970376,67.05459489987442
2020-04-07,206.0,212.5,203.39999389648438,209.89999389648438,14789839,208.13999938964844,37.42479400636279,1.1082697154525845,41.04347798396155,39.12826864051275
2020-04-08,197.85000610351562,206.8000030517578,191.85000610351562,203.8000030517578,28333406,207.75500030517577,21.54296314525565,1.0592219161174783,39.63057077092626,-25.970955695624788
2020-04-09,200.1999969482422,201.0,194.5,198.14999389648438,20274436,207.2050003051758,28.384274432493086,0.9242968060199519,45.130429475203805,-41.70792410420211
2020-04-14,199.89999389648438,203.88999938964844,198.60000610351562,200.60000610351562,18021036,206.19499969482422,27.51090325796189,0.7357254256187267,50.486381380712764,-35.16498872618893
2020-04-15,201.1999969482422,204.0,197.3730010986328,199.35000610351562,12151511,205.2949996948242,28.37630261214748,0.5424787480149933,48.16700266049934,-55.51894526933963
2020-04-16,198.5,204.0,198.4499969482422,202.89999389648438,16927740,204.1050003051758,20.18207742759484,0.31211870167846334,46.83168523253948,-85.31191348517012
2020-04-17,201.3000030517578,205.0,200.34800720214844,203.0,17554755,202.925,28.679811300396267,0.1145336008116648,45.537530440208435,-50.41067462160149
2020-04-20,195.5,202.60000610351562,194.64999389648438,202.3000030517578,16759314,201.99499969482423,11.077372487219895,-0.14494776817821586,35.7283430272724,-114.72042655297531
2020-04-21,201.5,203.89999389648438,194.0,194.0,13822686,200.80500030517578,29.286782367969785,-0.3335652157524887,42.31448908524624,-71.55211680952443
2020-04-22,204.89999389648438,204.89999389648438,199.64999389648438,203.10000610351562,9448370,200.68499908447265,46.358758872052725,-0.4128737125013649,45.40133685391263,-16.215591069855073
2020-04-23,198.85000610351562,204.66900634765625,198.85000610351562,202.6999969482422,8396560,199.96999969482422,24.866790471575282,-0.5150949931501139,38.717333124566885,-55.86361922128847
2020-04-24,201.6999969482422,203.3000030517578,197.5,197.60000610351562,13909092,200.35499877929686,34.99109406896432,-0.5796750093232157,47.31368394551894,-51.41509865280387
2020-04-27,201.10000610351562,203.8000030517578,198.22000122070312,202.5,8688108,200.44499969482422,32.85968740886734,-0.6255281258974078,37.62575465071154,-45.28322808174446
2020-04-28,200.6999969482422,201.3000030517578,196.60000610351562,198.75,13813209,200.525,42.85711118894451,-0.662196095782392,43.69157404136061,-64.11053287637262
2020-04-29,207.39999389648438,207.39999389648438,198.64999389648438,198.89999389648438,16747646,201.1449996948242,100.0,-0.5827809810397643,51.41699892138196,18.435500036903925
2020-04-30,198.10000610351562,214.53199768066406,195.5,213.6999969482422,35149306,201.1050003051758,19.968861127316373,-0.5818179071774321,50.24728012987037,-4.468978532365307
2020-05-01,194.60000610351562,200.0,194.25,194.4499969482422,8392214,200.43500061035155,2.922297736672154,-0.6845919137338748,44.58414460264995,-125.602865679366
2020-05-04,192.75,198.60000610351562,192.75,194.1999969482422,13621047,200.16000061035157,0.0,-0.874954172769497,43.28638685995432,-153.2680143238016
2020-05-05,190.64999389648438,195.9499969482422,190.64999389648438,195.1999969482422,13369325,199.075,0.0,-1.1417461207527977,40.24051025642402,-197.43562960007904
2020-05-06,189.35000610351562,191.89999389648438,188.20799255371094,190.25,11771191,197.52000122070314,4.338297095358718,-1.4605953179372977,41.31054106283553,-224.2896805643627
2020-05-07,192.6999969482422,193.3000030517578,189.0,189.14999389648438,12742261,196.90500030517578,17.064289316415195,-1.7385822490569809,41.9172800781985,-155.3204229515415
2020-05-11,190.8000030517578,194.58399963378906,189.3000030517578,192.5500030517578,9842867,195.81500091552735,9.846565845684774,-2.002735681470698,45.233263208849735,-130.72271718375012
2020-05-12,195.0,196.3000030517578,191.3090057373047,191.6999969482422,11638525,195.2050003051758,25.801573178295474,-2.1727980474255575,43.15788594506315,-71.40905540278736
2020-05-13,192.0500030517578,195.25,190.5,194.4499969482422,11368787,194.34000091552736,14.595083383086884,-2.317084237647366,36.34430745930309,-87.9720435197948
2020-05-14,186.4499969482422,191.64999389648438,184.10000610351562,190.5500030517578,12727507,192.24500122070313,7.722106648094582,-2.521714422821357,36.69525781972675,-148.66064517113136
2020-05-15,187.25,189.5500030517578,185.4499969482422,186.1999969482422,7777899,191.16000061035157,10.3509291808878,-2.7349289238192136,33.782260542185696,-128.88854381882987
2020-05-18,187.8000030517578,189.89999389648438,186.0,187.85000610351562,10954045,190.4800003051758,12.158247805971849,-2.927338417506504,35.05617122218828,-109.0518230766716
2020-05-19,183.60000610351562,188.4499969482422,181.93800354003906,188.0500030517578,12419694,189.56500091552735,5.099106775027153,-3.1569578139971606,32.298136057297256,-133.69540850217967
2020-05-20,183.14999389648438,184.14999389648438,181.06100463867188,182.8000030517578,12398072,188.81500091552735,6.241192949344785,-3.3978469649877874,21.165271058586498,-139.924853645295
2020-05-21,184.0500030517578,185.10000610351562,182.25,183.10000610351562,12326946,188.28500061035157,15.782243757180632,-3.6110684714491943,29.123329525816814,-116.35814426561727
2020-05-22,183.14999389648438,183.8000030517578,181.35000610351562,182.10000610351562,9664551,187.3300003051758,11.910536993795217,-3.8018997755660284,31.561987995443488,-118.14364254854515
2020-05-26,182.5,187.7899932861328,181.89999389648438,186.60000610351562,12448169,186.5,9.442847373042836,-3.9703986166865777,32.83082428115016,-93.39748732816412
2020-05-27,186.10000610351562,189.5,182.64999389648438,183.5,17611342,185.61000061035156,33.066487233942425,-4.0495815785796685,42.7432425723539,-61.33853375005607
2020-05-28,192.1999969482422,193.5,185.64999389648438,187.0,13901241,185.625,73.09530461007927,-3.9620805691844216,53.94189505248136,0.8660019752725536
2020-05-29,194.0,194.3000030517578,189.8000030517578,190.9499969482422,26391384,186.38000030517577,84.90712454052907,-3.7369438428212156,51.87861596694577,46.80122563730031
2020-06-01,193.6999969482422,195.89999389648438,192.6999969482422,192.6999969482422,7846183,187.025,82.93847119714269,-3.4336108772777236,54.39392608279505,84.23838489260584
2020-06-02,194.0,194.9499969482422,189.85000610351562,193.9499969482422,8579326,187.6449996948242,87.1959345513775,-3.0845549720039527,48.28178910387499,69.23530181784717
2020-06-03,198.8000030517578,198.8000030517578,193.60000610351562,194.0,10382332,189.16499938964844,100.0,-2.64152733125704,60.90466992252785,139.5870587231358
2020-06-04,199.85000610351562,200.1999969482422,196.6999969482422,198.9499969482422,9551378,190.83500061035156,98.17132041715931,-2.1400515076919038,75.37876708013684,154.82535682125294
2020-06-05,197.60000610351562,201.19400024414062,197.0500030517578,199.25,8423122,192.19000091552735,82.14873627822797,-1.659249512410062,68.58167413624957,129.59178789151676
2020-06-08,201.60000610351562,201.89999389648438,195.0500030517578,198.0,14014163,194.03500213623047,98.56044940924241,-1.1490104781697639,72.04470966650563,127.02798589488253
2020-06-09,196.8000030517578,202.1999969482422,195.74000549316406,201.10000610351562,7751149,195.46500244140626,74.45481876617353,-0.7210308694749585,70.68962465817246,97.60685913584244
2020-06-10,200.1999969482422,202.3000030517578,195.60000610351562,196.89999389648438,9860986,196.8750015258789,89.97610305765784,-0.31115698130465713,74.46196929767143,103.65080031488286
2020-06-11,197.64999389648438,201.0,195.75,197.75,8209150,197.4200012207031,77.80424900890691,0.025907705832809158,68.63011665652898,80.60824627057275
2020-06-12,195.0,197.35000610351562,194.5500030517578,195.0,7581131,197.52000122070314,64.21568737447969,0.2573293546354264,65.49020405688316,46.226076695628194
2020-06-15,192.5,199.75,191.89999389648438,193.4499969482422,7364234,197.4000015258789,50.12723416911079,0.3699319428815124,62.46882603232732,31.745640154656783
2020-06-16,195.85000610351562,196.6999969482422,193.14999389648438,193.6999969482422,9738479,197.58500213623046,61.26130089124109,0.45476247323363006,62.23337328314718,34.634624040068914
2020-06-17,198.0,201.10000610351562,193.5500030517578,193.5500030517578,7221536,197.5050018310547,65.5999755859375,0.5510044604135952,58.077996619265264,59.49072295912817
2020-06-18,198.5,201.6999969482422,197.85000610351562,198.75,8310844,197.37000122070313,69.4778796528594,0.6560751210114639,56.50288902628657,79.93171925967621
2020-06-19,200.3000030517578,200.3000030517578,196.39999389648438,199.0,18853575,197.64000091552734,83.93573903419808,0.7883941149140998,59.141281146311044,71.36451703543952
2020-06-22,206.60000610351562,207.60000610351562,199.0,200.0,32398529,198.14000091552734,93.6305782007472,1.0295714154752844,64.96437562566462,157.7864189746586
2020-06-23,204.60000610351562,206.10000610351562,202.3000030517578,202.89999389648438,24068821,198.9200012207031,80.89173460224158,1.2920806476665996,57.37913816968316,153.29034267424086
2020-06-24,205.3000030517578,206.5,203.6999969482422,203.6999969482422,11810458,199.43000183105468,85.35031042378581,1.5624222829300818,56.99614553947757,166.7895303592279
2020-06-25,205.60000610351562,206.8000030517578,201.92100524902344,204.5,34416296,200.22500305175782,87.26115640149439,1.824726658508458,60.810810810810814,146.7211694291268
2020-06-26,207.60000610351562,209.20899963378906,201.8000030517578,205.8000030517578,15939756,201.48500366210936,90.70429835951984,2.0959929173683958,58.57142857142857,157.45738054093573
2020-06-29,209.0,209.0,203.3000030517578,206.39999389648438,7376366,203.13500366210937,98.79253819103761,2.3762149786367077,69.30379823239431,146.77151186105687
2020-06-30,208.6999969482422,212.5050048828125,206.1999969482422,208.89999389648438,22618991,204.42000274658204,81.53357968556766,2.63715841178466,64.91228070175438,154.40776804334214
2020-07-01,203.1999969482422,216.7760009765625,201.5,215.3000030517578,17274417,204.94000244140625,45.42530887445914,2.7785793831496157,58.823535119719644,102.43895329869385
2020-07-02,200.39999389648438,204.60000610351562,198.75,203.10000610351562,65163025,205.1300018310547,34.1694708987569,2.786667112173441,58.54429248968342,0.1029013582092844
2020-07-03,197.25,202.0,196.5500030517578,202.0,6720766,204.82500152587892,17.353783437120967,2.654152484960407,57.36434108527132,-45.975079318374966
2020-07-06,195.6999969482422,200.6999969482422,194.89999389648438,198.0,8195892,203.73500061035156,9.256841852156734,2.4096789166955155,49.753679523304356,-68.0324254796295
2020-07-07,193.9499969482422,195.85000610351562,193.1999969482422,195.35000610351562,10019795,202.6699996948242,3.181200678024461,2.0744349880070017,43.26122688776083,-106.74642990657216
2020-07-08,191.0,194.0760040283203,190.4499969482422,193.0500030517578,12231346,201.23999938964843,2.0892006670140457,1.6480784612960087,38.46153846153846,-130.27648931776707
2020-07-09,187.39999389648438,192.53199768066406,187.39999389648438,191.85000610351562,10010747,199.4199981689453,0.0,1.125772337940611,31.195323604187934,-150.66081913886185
2020-07-10,193.75,194.0,186.75,187.14999389648438,10984941,198.03499755859374,23.313127863627308,0.6694517921273935,31.295482066594943,-110.82919578032418
2020-07-13,195.85000610351562,196.4499969482422,193.4499969482422,194.75,9669740,196.71999816894532,30.307086550149812,0.3103893598418921,37.300439913611804,-61.956207235261445
2020-07-14,198.10000610351562,200.5,192.39999389648438,192.39999389648438,8757798,195.65999908447264,37.800591934887166,0.06629907069677754,40.00000847710144,-40.55028901557321
2020-07-15,195.1999969482422,198.60000610351562,187.39999389648438,198.0500030517578,13116342,194.85999908447266,28.142265614518667,-0.13935235153931677,36.528493005667485,-79.26453258846209
2020-07-16,195.5,196.9499969482422,194.02000427246094,194.10000610351562,8229725,194.36999969482423,29.141409829534137,-0.3050264636323742,33.604338620837936,-52.093661223091026
2020-07-17,194.25,196.10000610351562,193.5,195.5,12626729,194.06999969482422,24.97835128245783,-0.4562064644294602,29.931989453798096,-58.16825391384941
2020-07-20,190.75,193.89999389648438,188.8000030517578,193.6999969482422,8574302,193.575,13.321787350644176,-0.6451774006358819,27.534437287183962,-91.72488655231183
2020-07-21,189.39999389648438,191.6999969482422,188.5500030517578,190.75,20310897,193.11999969482423,14.845899105672848,-0.8679968634036597,30.72627079381006,-98.21606396884856
2020-07-22,189.5,190.71499633789062,188.39999389648438,189.39999389648438,8663539,192.96999969482422,18.0327868852459,-1.0967774830322912,33.53477063898758,-95.8586706382256
2020-07-23,190.0,191.5,189.0,189.5,6465330,193.2300003051758,23.29749613607999,-1.3068243964552155,38.0952547988699,-82.11736863584304
2020-07-24,191.0500030517578,192.3000030517578,188.25,188.25,6881295,192.96000061035156,31.272749467329547,-1.4743876768888324,42.23708303316782,-73.21125485925391
2020-07-27,189.4499969482422,191.5500030517578,189.06500244140625,191.0,12498170,192.31999969482422,19.636341441761363,-1.628705830315466,42.449676800943784,-76.93414042513578
2020-07-28,186.75,189.89999389648438,186.5,189.4499969482422,12096234,191.18499908447265,1.7857142857142858,-1.8059973064808998,42.808810529011794,-110.79945537166492
2020-07-29,190.1999969482422,190.75,186.25,186.8000030517578,14424856,190.68499908447265,27.719276829769736,-1.9292351846000393,54.76190352617683,-81.49887184240409
2020-07-30,189.1999969482422,190.0,187.25999450683594,189.14999389648438,6683410,190.05499877929688,20.701732970120613,-2.0236902801685863,40.540547399569704,-82.42289854382108
2020-07-31,187.14999389648438,190.75,187.05599975585938,190.75,8160285,189.34499816894532,6.315746641995614,-2.1232475949568475,31.874997615817236,-90.70947047388384
2020-08-03,187.1999969482422,189.0500030517578,184.39999389648438,187.0,6477358,188.98999786376953,19.71831439955642,-2.2151468427092795,25.00001749858437,-122.40628053256748
2020-08-04,190.8000030517578,191.3249969482422,187.25,187.75,9288492,189.12999877929687,50.996076486029395,-2.2349438894349807,40.22224904751377,-36.59223455549716
2020-08-05,191.25,193.3000030517578,190.8000030517578,191.89999389648438,10270054,189.30499877929688,58.5469996296161,-2.196237551809287,40.61811165783701,22.783374416981236
2020-08-06,189.0,190.81700134277344,187.6999969482422,188.10000610351562,4832426,189.2049987792969,48.42111687911184,-2.1537832427122545,38.9006457074135,-55.169408584526394
2020-08-07,189.4499969482422,190.4499969482422,187.5500030517578,188.0,4769692,189.0449981689453,56.74154895408824,-2.0991169565763728,46.84465605910331,-51.536652828432324
2020-08-10,190.0,191.25,189.01699829101562,189.35000610351562,6602594,189.0999984741211,62.92135216734588,-2.0261028472531666,51.51516552688241,-18.672244217311903
2020-08-11,190.14999389648438,193.5500030517578,189.0,190.25,5203623,189.43999786376952,62.84146717696009,-1.9384052348308753,51.637263719453614,23.549218272201365
2020-08-12,194.60000610351562,194.60000610351562,189.23599243164062,190.1999969482422,6406879,189.87999877929687,100.0,-1.7706861775069636,59.66387093382435,110.24854302035178
2020-08-13,191.35000610351562,194.14999389648438,190.9499969482422,192.4499969482422,5263931,190.09499969482422,68.13729303422153,-1.6094194387995715,50.57692860710225,102.99721833450631
2020-08-14,189.85000610351562,192.5500030517578,186.3000030517578,191.6999969482422,6101616,190.36500091552733,53.43142828078532,-1.4809141888010413,50.77221817350591,-19.194777742786716
2020-08-17,190.0,191.3000030517578,188.1999969482422,190.0,7190493,190.64500122070314,54.90195491781207,-1.3739112947699457,56.95931295604816,1.5540587503610774
2020-08-18,188.89999389648438,191.3000030517578,188.1999969482422,189.3000030517578,6333925,190.4550003051758,44.11759426030864,-1.3004134625818087,46.90475688770339,-21.087664992513876
2020-08-19,187.35000610351562,189.85000610351562,183.6999969482422,189.85000610351562,10265418,190.06500091552735,33.486294399189184,-1.2735340765141079,45.707678462310795,-156.4776218931701
2020-08-20,188.39999389648438,189.1999969482422,185.25,185.25,6951574,190.00500030517577,43.11920184001243,-1.257628707393142,53.041364337033066,-105.13058450744333
2020-08-21,188.25,189.5500030517578,187.60000610351562,188.60000610351562,6980833,189.88500061035157,41.74311220240137,-1.2489621000229052,52.54238290068033,-52.9737065309589
2020-08-24,188.0,189.5500030517578,187.5500030517578,188.0,4415002,189.68500061035155,39.449536147200995,-1.2464288928827423,41.90749278293412,-53.25180902220124
2020-08-25,185.1999969482422,190.0500030517578,185.1999969482422,189.5500030517578,4657346,189.19000091552735,13.761456331202238,-1.2897043268751491,34.605573463189785,-130.7026477320724
2020-08-26,186.4499969482422,186.5500030517578,183.9499969482422,185.64999389648438,4766421,188.375,25.229336607204104,-1.3365406429251177,43.1635228616194,-162.5828584544418
2020-08-27,185.64999389648438,186.75,185.10000610351562,186.60000610351562,5060833,187.80499877929688,17.88986523280833,-1.3928709487552813,39.99998393810388,-131.86957210968566
2020-08-28,183.8000030517578,186.3000030517578,182.89999389648438,185.14999389648438,9724515,187.1999984741211,7.692377916773173,-1.4785398645450816,34.72905089451953,-163.79431057967378
2020-09-01,179.14999389648438,184.4499969482422,178.5500030517578,184.3000030517578,12635878,186.11499786376953,3.7382600040119676,-1.6489250353732965,27.82256972900869,-240.5391853172503
2020-09-02,180.5500030517578,182.39999389648438,179.85000610351562,179.85000610351562,7385335,185.27999877929688,12.820520344574959,-1.837382279327955,17.701119750359027,-186.42200054576435
2020-09-03,182.64999389648438,185.0,182.4499969482422,184.0,5828877,184.80999755859375,29.285648890904017,-1.989595615149057,28.88344049065212,-107.71007510780274
2020-09-04,182.8000030517578,185.1999969482422,181.5,182.0,6630340,184.2499984741211,33.333333333333336,-2.1041846976079346,31.688289246627406,-98.62690612299504
2020-09-07,185.35000610351562,185.9499969482422,181.85000610351562,182.5500030517578,5231240,183.95999908447266,53.33335726868872,-2.143705005978882,39.26098104526611,-62.774856023873866
2020-09-08,187.6999969482422,189.0,184.5,185.75,9442822,183.92999877929688,79.56516431725544,-2.091723272444922,47.379916882833044,3.595184085937668
2020-09-09,191.8000030517578,194.00799560546875,187.35000610351562,187.75,18287778,184.58999938964843,85.71617533105311,-1.9149341368605395,58.74262766571676,101.25994098185807
2020-09-10,187.89999389648438,192.0500030517578,187.10000610351562,192.0,19699085,184.73499908447266,60.48644940304327,-1.7270435642496706,49.116608345419934,59.50385874212685
2020-09-11,185.6999969482422,189.6999969482422,185.6999969482422,188.5,5079130,184.73999938964843,46.254349467699186,-1.5732077450546693,45.79900946144807,15.637419452156092
2020-09-14,184.5500030517578,188.0,184.0,187.5,7099956,184.81499938964845,38.81487184802405,-1.463542935685725,44.480007578121295,-22.50000293235269
2020-09-15,187.39999389648438,188.0,181.14999389648438,184.14999389648438,8900944,185.63999938964844,57.251876749041266,-1.3385068202629458,53.51437177914051,-17.199927874261256
2020-09-16,185.0,188.64999389648438,183.89999389648438,186.89999389648438,18304677,186.08499908447266,41.725967494361115,-1.2456306408972548,47.76579802063628,-1.1471422401068523
2020-09-17,191.14999389648438,193.0500030517578,182.8000030517578,183.10000610351562,17941637,186.93499908447265,81.5111716540563,-1.0768218042662008,57.27513462454486,97.71174501943638
2020-09-18,195.0,198.14999389648438,190.5,191.9499969482422,26858335,188.15499877929688,83.92859506191101,-0.8053901937677195,64.07034684605071,224.69622172143292
2020-09-21,196.75,196.75,192.5500030517578,195.0,26565927,189.2949981689453,92.34975502539798,-0.4541096351989369,73.84825069739708,205.28581360934274
2020-09-22,200.1999969482422,202.1999969482422,196.4499969482422,197.89999389648438,12140667,190.5449981689453,90.4988137289938,-0.015118316185377234,75.22465100645374,234.73429422035468
2020-09-23,202.0,203.89999389648438,200.00399780273438,202.5,6425391,191.56499786376952,91.64837847699175,0.4845882130013837,75.03235337544997,208.9339092143514
2020-09-24,202.10000610351562,204.39999389648438,200.60000610351562,201.60000610351562,7945685,192.98499908447266,90.10757938508064,0.9966454821036816,75.00000988263774,172.64086133763456
2020-09-25,197.25,202.8000030517578,197.25,202.39999389648438,9223429,194.13999938964844,69.2473380796371,1.4099504961192746,64.54767197105531,111.2872425596187
2020-09-28,198.75,199.75,196.5500030517578,196.5500030517578,5306917,195.55999908447265,75.6989509828629,1.7604114395540782,63.79525868884151,89.42852595863243
2020-09-29,192.85000610351562,199.5,191.89999389648438,196.35000610351562,8796776,196.1050003051758,50.322633148521504,1.95496790475831,51.25448420724102,43.510601383659306
2020-09-30,190.9499969482422,195.89999389648438,190.5,193.5,7456720,196.7,42.150550760248656,2.006838188299233,53.82685539833872,11.784607441765825
2020-10-01,190.3000030517578,191.5,186.64999389648438,190.75,7087398,196.61500091552733,39.354878087197584,1.9516121483243913,56.00523181414709,-29.163186884027073
2020-10-02,191.60000610351562,191.9499969482422,187.60000610351562,190.0,5093279,196.2750015258789,44.9462890625,1.8484479184158016,59.167755021213495,-23.786621414058587
2020-10-05,198.5500030517578,198.60000610351562,193.10000610351562,193.10000610351562,12511489,196.4550018310547,72.91669757279188,1.827315154661961,63.10224248598828,55.46653434799028
2020-10-06,197.10000610351562,198.0,193.6999969482422,197.6999969482422,5176712,196.14500274658204,66.20374589301747,1.8314072637663237,64.543274432949,43.34415314073232
2020-10-07,196.5,201.60000610351562,195.25,196.75,7979518,195.59500274658203,55.49299213248239,1.8373484248096708,57.42025434970502,59.03885358685832
2020-10-08,196.75,199.4499969482422,194.60000610351562,197.60000610351562,3729544,195.06000213623048,56.901442836707744,1.8439380055781798,52.696455071934935,42.875211247266215
2020-10-09,200.3000030517578,200.6999969482422,194.89999389648438,196.1999969482422,4561593,195.36500244140626,76.90146002970951,1.9030240841779562,55.18248389808648,62.84895308500691
2020-10-12,200.1999969482422,201.60000610351562,198.1999969482422,198.8000030517578,5414423,195.51000213623047,76.33804536201585,1.9859836449133856,50.0,78.96928185080621
2020-10-13,202.5,206.0,199.0500030517578,199.0500030517578,5974027,196.4750015258789,81.91215040824147,2.111726511421537,50.796177724906606,115.44985264110566
2020-10-14,200.1999969482422,204.8000030517578,199.64999389648438,204.8000030517578,11960522,197.4000015258789,70.0258334765898,2.216185219033014,47.17260722130816,94.06231234621715
2020-10-15,199.6999969482422,200.1999969482422,196.4499969482422,198.10000610351562,5021322,198.34000091552736,67.44185496348143,2.288799187748349,54.1880267865946,31.73484800241813
2020-10-16,203.60000610351562,204.76199340820312,200.3000030517578,201.8000030517578,4978293,199.54000091552734,87.59693467978633,2.3946526787936557,57.66193106214588,113.08240170347547
2020-10-19,202.60000610351562,205.6999969482422,200.8000030517578,203.5,3768517,199.94500122070312,82.4289776535696,2.494378729765817,68.22427827436127,105.58598248826851
2020-10-20,204.10000610351562,204.39999389648438,200.89999389648438,202.8000030517578,3607961,200.64500122070314,90.18091319289469,2.603282845872471,74.95255881288455,99.35521397428505
2020-10-21,204.39999389648438,205.3000030517578,201.89999389648438,205.0,4725471,201.43500061035155,91.30431177033525,2.711083383509475,77.11535109572714,109.70822439465371
2020-10-22,206.1999969482422,207.0,200.39999389648438,201.0,6756684,202.38000030517577,94.24457983423898,2.835080027206857,77.54713667548606,117.53654606306814
2020-10-23,208.6999969482422,209.3000030517578,206.0,206.0,5082424,203.21999969482422,96.15380853357226,2.9961522864811174,73.01584006311113,155.84399162708394
2020-10-26,207.60000610351562,209.8000030517578,206.04100036621094,207.1999969482422,7835673,203.96000061035156,85.52633296089834,3.147640600731487,74.19353477736243,130.58190730903328
2020-10-27,206.8000030517578,208.1999969482422,205.39999389648438,206.0,4438689,204.39000091552734,80.26315393210038,3.265242925073331,73.5159788718116,103.38263332972389
2020-10-28,201.60000610351562,205.6999969482422,200.8000030517578,204.8000030517578,5241159,204.53000183105468,44.96649724983538,3.2650361958596763,59.03166666856099,34.84865101523365
2020-10-29,202.10000610351562,203.39999389648438,200.6999969482422,200.6999969482422,6128847,204.77000274658204,42.32214660774986,3.191535401342984,53.78151853141227,16.451306608398667
2020-10-30,201.60000610351562,203.5,200.5,201.3000030517578,7610687,204.57000274658202,38.576829968019425,3.060696977001114,52.89258126409624,1.7056445283338475
2020-11-02,207.1999969482422,208.60000610351562,202.0,202.5,6964095,205.03000183105468,80.52430775420446,2.9831478392553143,58.54545373837765,92.84335538073731
2020-11-03,208.3000030517578,209.10000610351562,204.6999969482422,207.3000030517578,7301987,205.45000152587892,88.76405008080869,2.9538154054808596,65.39925829486725,120.22503115274515
2020-11-04,208.89999389648438,209.3520050048828,204.0,206.10000610351562,6707292,205.9000015258789,90.52621941817434,2.9590820829919546,67.42425074372207,108.29581670990238
2020-11-05,198.0,214.1999969482422,197.89999389648438,210.10000610351562,27365366,205.0800018310547,0.6135342625278847,2.80511134206975,41.61674813833433,-7.207508798058955
2020-11-06,200.89999389648438,204.36199951171875,198.14999389648438,198.25,11843671,204.3000015258789,18.40490452961281,2.5992793656042403,47.59204778384192,-79.46961597832083
2020-11-09,197.85000610351562,207.1999969482422,195.89999389648438,201.0,12810089,203.32500152587892,10.655802633016178,2.3171467663875327,41.519661714005565,-105.63786159506748
2020-11-10,205.6999969482422,205.6999969482422,196.85000610351562,198.85000610351562,18627043,203.21500091552736,53.55192031411421,2.121941045055958,51.46396911122605,-31.35860348613621
2020-11-11,209.3000030517578,210.56399536132812,202.0,203.5,13526555,203.98500061035156,73.22408153361644,2.044052075151373,53.35498850635453,94.88895435387052
2020-11-12,202.3000030517578,202.6999969482422,197.4669952392578,198.9499969482422,8703014,204.00500030517577,34.972721792298735,1.927438320916476,43.688362859770685,-101.3917079360937
2020-11-13,205.89999389648438,206.89999389648438,201.6999969482422,202.3000030517578,13421758,204.43499908447265,54.64479963045387,1.8457084373339712,48.40224269986737,17.838825191997312
2020-11-16,209.39999389648438,210.0,203.5919952392578,205.8000030517578,10762539,204.65499877929688,73.77047950111272,1.8417612165764718,52.325575364703134,92.94066360138213
2020-11-17,212.89999389648438,214.5,208.16200256347656,210.0,12664870,205.11499786376953,91.3978194705366,1.9384162912895644,60.42435237361657,178.77202235446487
2020-11-18,218.5,219.10000610351562,211.26199340820312,212.5,8910829,206.0749984741211,97.41376815597631,2.1779869009754926,63.82799807116417,230.9900379574192
2020-11-19,222.0,223.0,217.1999969482422,217.1999969482422,14826277,208.4749984741211,96.30996393070822,2.5454518951486667,66.3723979828014,254.22618375335458
2020-11-20,218.8000030517578,225.0,218.6999969482422,225.0,6029865,210.26499938964844,78.69417303148553,2.9169598074646617,59.68281568899971,208.17207494816898
2020-11-23,215.0,220.39999389648438,213.89999389648438,219.39999389648438,6074000,211.97999877929686,65.63574603927013,3.204251513139608,55.351438653657205,121.925025111913
2020-11-24,219.89999389648438,221.4219970703125,212.60000610351562,214.5,10296083,213.3999984741211,82.47420950575167,3.494571229539205,58.22123021032051,118.48004553310511
2020-11-25,220.5,222.8560028076172,219.0,219.60000610351562,5708333,214.5199981689453,84.53608571767157,3.773177717373921,69.87633366187372,126.52575198151679
2020-11-26,216.5,221.39999389648438,215.5,220.60000610351562,5395652,215.93999786376952,70.79038413337962,3.9574200689284926,63.51820715253981,82.94971511498093
2020-11-27,216.5,217.39999389648438,212.60000610351562,215.89999389648438,11148808,216.9999984741211,69.80461157023001,4.0638387586443745,67.06312532423185,52.76518222889803
2020-11-30,211.10000610351562,217.60000610351562,211.10000610351562,216.89999389648438,38672274,217.1699996948242,49.51515819913844,4.0204843819143505,55.17242286491674,26.408208567750727
2020-12-01,216.10000610351562,216.10000610351562,209.10000610351562,209.10000610351562,7084242,217.49000091552733,67.67518120951915,3.9561364393957263,56.34328751235863,28.48634563643101
2020-12-02,209.89999389648438,211.5,206.39999389648438,210.0,15160953,216.63000030517577,35.193115340058114,3.7740689531675846,57.19696061123006,-19.835029050430716
2020-12-03,218.60000610351562,219.39999389648438,208.5,209.10000610351562,16895255,216.29000091552734,70.10466894037398,3.6579631630287444,60.96719071844357,41.877993660381435
2020-12-04,213.5,221.1999969482422,213.5,219.6999969482422,8740778,215.76000061035157,38.17206329934289,3.4995824867591105,53.44538151312742,43.30881958465102
2020-12-07,211.6999969482422,215.54800415039062,208.5,214.89999389648438,22218977,215.43000030517578,28.494630712814917,3.2863130538380068,48.96194095908034,-15.939611780417907
2020-12-08,216.1999969482422,217.39999389648438,210.10000610351562,211.89999389648438,6960802,215.06000061035155,52.688171160898136,3.1141250472968287,47.97177959645232,14.305210816793487
2020-12-09,222.89999389648438,223.39999389648438,217.3000030517578,217.6999969482422,8346087,215.3,88.70964830963847,3.0765092800612406,50.751246685863684,110.14820318262841
2020-12-10,225.1999969482422,227.10000610351562,221.25999450683594,223.5,11413662,216.1699996948242,90.82121722310843,3.154895884421543,55.423720835684655,160.74657369940283
2020-12-11,218.1999969482422,226.39999389648438,216.5,224.6999969482422,14218913,216.33999938964843,57.00481204426373,3.1830098150591377,52.572343677822836,79.88855439901201
2020-12-14,226.0,227.6999969482422,217.6999969482422,219.5,15555806,217.8299987792969,92.01879481373176,3.2953297989590404,54.685101898651695,131.2681087105271
2020-12-15,228.89999389648438,229.39999389648438,223.39999389648438,225.5,8743050,219.10999755859376,97.82608695652173,3.4932974922466786,56.23144722090915,170.97333834064634
2020-12-16,231.1999969482422,232.83799743652344,227.8800048828125,229.5,10553537,221.23999786376953,93.80437147683796,3.7633029906763538,61.187207612576486,188.11976492865642
2020-12-17,227.6999969482422,233.0,225.3000030517578,231.0,5072191,222.14999694824218,80.07518106900987,3.999888470780106,58.09248013216047,137.0467259808954
2020-12-18,226.3000030517578,228.447998046875,225.39999389648438,228.3000030517578,9989953,223.42999725341798,74.81204732747534,4.171672089167196,61.65643446715605,98.42897482369128
2020-12-21,220.3000030517578,228.447998046875,218.1999969482422,224.0,6558824,224.28999786376954,52.25566152571794,4.188599394655933,53.17220181699372,36.07854266015928
2020-12-22,217.8000030517578,220.0,216.5,219.5,6050196,224.4499984741211,37.95919612962373,4.058145700787533,56.32000578124859,-19.896804252000013
2020-12-23,224.0,224.3000030517578,215.5,216.39999389648438,5576834,224.55999908447265,63.265306122448976,3.9318230452613974,54.49999491373698,21.694652822335758
2020-12-24,226.6999969482422,227.10000610351562,223.8000030517578,225.6999969482422,1519125,224.70999908447266,74.28570182955995,3.8488271412193806,61.458332505490915,74.44627982822487
2020-12-29,230.10000610351562,230.10000610351562,225.1300048828125,228.1999969482422,9475469,225.9,87.33626781913865,3.842811292782596,65.54054907414974,97.2629386802939
2020-12-30,230.39999389648438,232.60000610351562,228.60000610351562,229.6999969482422,4265758,226.33999938964843,85.142822265625,3.8813879983366495,62.90909171616757,112.39273532266847
2020-12-31,225.5,228.60000610351562,225.5,226.0,2618064,226.0,57.142857142857146,3.858869189009812,52.44361559999472,56.59035572035041
2021-01-04,226.0,231.1999969482422,225.80099487304688,226.0,10524430,225.4800003051758,60.0,3.798419432294403,50.77821340880005,65.44521188498892
2021-01-05,225.60000610351562,227.10000610351562,223.3000030517578,224.0,5223109,225.27000122070314,57.714320591517854,3.7023251335047243,58.2589438527308,27.128482215102274
2021-01-06,232.5,235.1999969482422,224.89999389648438,225.5,7794628,225.89000091552734,86.29442961165988,3.6905739730480907,57.40319524175642,106.09828271160153
2021-01-07,248.5,250.3000030517578,239.8000030517578,244.89999389648438,19665011,228.71000061035156,94.82757789106891,3.979162563609215,67.1929970151651,311.93980913994176
2021-01-08,242.8000030517578,250.6999969482422,239.6999969482422,250.0,12810792,231.21000061035156,77.55683357558108,4.340860562137687,59.60265988138558,238.4862318586213
2021-01-11,236.5,242.0,235.89999389648438,239.6999969482422,8717155,232.46000061035156,59.65909608139524,4.61901474596627,56.96203142877631,127.88963513817447
2021-01-12,235.1999969482422,240.322998046875,235.1999969482422,237.39999389648438,7711768,233.31000061035155,55.96590527325589,4.798955524942888,57.052295832003324,96.41075254949453
2021-01-13,240.3000030517578,244.10000610351562,236.6999969482422,236.6999969482422,11646257,234.3300003051758,70.45456023255784,4.978335079871446,66.07717515083391,119.0580116458078
2021-01-14,242.39999389648438,243.3000030517578,234.5,238.89999389648438,8234833,235.53000030517578,76.42044383139557,5.170116992535938,69.90291405964707,100.72005452239195
2021-01-15,238.0,244.8000030517578,236.1999969482422,242.60000610351562,7851026,236.78000030517578,53.6496358494748,5.277635862734729,61.66667260064321,83.53357383483102
2021-01-18,238.89999389648438,240.3000030517578,236.1999969482422,238.5,3606599,238.06999969482422,56.93428583839268,5.329034050813894,60.48110307999621,63.608584904888524
2021-01-19,238.1999969482422,239.1999969482422,236.89999389648438,238.1999969482422,3931852,239.3299987792969,54.37955188156504,5.319248515594533,57.29729506810787,54.00421717477012
2021-01-20,240.1999969482422,247.0,238.10000610351562,240.0,6149365,240.0999984741211,61.67882358051463,5.291412370431825,58.566441261497125,78.98293160578916
2021-01-21,245.0,245.0,239.2239990234375,242.89999389648438,9208274,239.7499984741211,79.19708679579837,5.31824271551686,67.07531378069663,83.00111409945575
2021-01-22,246.0,248.10000610351562,242.54299926757812,245.0,6777442,240.06999816894532,82.84672264527318,5.381763531634732,67.36111846971235,100.11363423201854
2021-01-25,249.10000610351562,250.1999969482422,247.11000061035156,248.8000030517578,14773051,241.3299987792969,93.79848583150633,5.502144017168655,69.48590775895663,127.4012477480029
2021-01-26,251.3000030517578,254.0,248.6999969482422,249.89999389648438,15995096,242.93999938964845,86.15386180388622,5.67441166519297,66.90648034840541,145.70725279765833
2021-01-27,252.89999389648438,263.3999938964844,251.0,254.60000610351562,14673766,244.1999984741211,63.667812396052774,5.882764414136244,55.339800791235234,173.0707622387735
2021-01-28,251.0,259.8999938964844,247.0,251.0,9514243,245.05999908447265,57.09343766334563,6.059091106868673,60.962569026680455,124.97071638131462
2021-01-29,244.39999389648438,250.10000610351562,242.8000030517578,246.0,12513332,245.6999984741211,34.256041478571696,6.08699201447903,60.47745057485593,47.03642035242038
2021-02-01,242.3000030517578,246.5,241.8000030517578,245.10000610351562,6477956,246.03999938964844,26.98963563693578,5.973022290269052,59.22079445641809,14.858346304207874
2021-02-02,238.5,242.81700134277344,234.0,242.3000030517578,10447071,246.06999969482422,15.306125626570644,5.701864728460585,47.58063887623019,-64.38971469297302
2021-02-03,238.1999969482422,240.60000610351562,236.5,237.89999389648438,6809177,245.86999969482423,14.285706871335165,5.328617326176328,44.06779734074491,-75.39895390320748
2021-02-04,234.8000030517578,240.5,233.60000610351562,238.1999969482422,6966594,244.85,4.026837046306859,4.844558321658747,45.34883875663858,-97.45172478824702
2021-02-05,235.89999389648438,237.39999389648438,233.8000030517578,234.5,7755120,243.83999938964843,7.7180830037501815,4.322927907639548,45.66473682539347,-95.73575794096412
2021-02-08,233.89999389648438,236.89999389648438,233.3000030517578,236.0,4872825,242.31999816894532,1.9933256718304926,3.7633315312314233,44.01113424724608,-104.4450196678023
2021-02-09,233.60000610351562,235.5,231.89999389648438,235.0,4150101,240.54999847412108,5.396864149305555,3.1959102680276663,40.350881106700534,-113.42471951054615
2021-02-10,232.89999389648438,236.3000030517578,231.89999389648438,235.1999969482422,4118804,238.54999847412108,3.1746031746031744,2.634877265718824,29.90030578435308,-102.96219982965081
2021-02-11,230.3000030517578,233.8000030517578,228.60000610351562,232.89999389648438,5406324,236.47999877929686,4.885050415407524,2.0597718249379597,25.23657164971752,-123.1259166901796
2021-02-12,229.10000610351562,232.0,227.6999969482422,230.0,3739086,234.95,3.9215946077059027,1.4821541427793636,16.44290490893357,-122.68851550522402
2021-02-15,234.39999389648438,235.39999389648438,229.0,233.5,5773173,234.15999908447264,18.76750005876985,1.014421590464126,24.316055007789416,-79.9178060146393
2021-02-16,230.60000610351562,235.39500427246094,230.10000610351562,234.3000030517578,4252063,233.36999969482423,9.006240466217655,0.5771435641179565,18.23358590798631,-82.64816205329772
2021-02-17,231.60000610351562,234.10000610351562,229.39999389648438,229.89999389648438,4006851,232.71000061035156,17.410748041392175,0.1965156703833793,21.637395329911556,-77.9805125265311
2021-02-18,229.6999969482422,233.8000030517578,228.60000610351562,231.89999389648438,4947640,232.2,10.638296145451948,-0.1594133099226251,25.084712273102753,-80.52864538018588
2021-02-19,230.89999389648438,231.5,228.60000610351562,229.8000030517578,6547627,231.7,21.168194866701388,-0.46169451886107565,30.06988641789826,-78.6752838351383
2021-02-22,226.89999389648438,231.5,226.89999389648438,228.39999389648438,5327984,231.0,0.0,-0.7772696321857973,29.861070638761404,-91.82312195266499
2021-02-23,229.10000610351562,230.1999969482422,224.0,227.0,4591679,230.55,30.909127900094695,-1.0477626737574766,35.17915179927165,-96.69959203624538
2021-02-24,229.3000030517578,231.1999969482422,224.89999389648438,228.0,8827682,230.19000091552735,39.55227959580132,-1.27024055635551,39.99998890268655,-89.08418022562334
2021-02-25,229.5,229.74200439453125,226.1999969482422,229.3000030517578,3520625,230.11000061035156,42.6356790874057,-1.4448748396109632,37.969925243337755,-89.38761760167742
2021-02-26,226.1999969482422,232.33200073242188,226.0,227.8000030517578,6926332,229.81999969482422,17.886149613009913,-1.6297235232962881,36.20071174922189,-91.06494254081007
2021-03-01,224.1999969482422,244.0,223.0,226.1999969482422,6684686,228.8,5.714271182105655,-1.8394786841785473,34.12160124544749,-39.79292250272176
2021-03-02,221.3000030517578,226.8509979248047,221.3000030517578,223.8000030517578,6729561,227.86999969482423,0.0,-2.0959241951920395,31.761004931280198,-195.93189290399283
2021-03-03,222.89999389648438,223.6999969482422,221.5,223.10000610351562,8961790,226.9999984741211,7.048418765758735,-2.3378870610192104,37.98698741198321,-189.5057181250293
2021-03-04,222.89999389648438,224.10000610351562,218.89999389648438,221.6999969482422,9397882,226.31999816894532,15.936251104894119,-2.552759874649724,39.526997768915756,-178.05851489926684
2021-03-05,229.6999969482422,232.10000610351562,222.1999969482422,222.60000610351562,10603533,226.1999984741211,43.02789014160882,-2.6250808471302953,42.44373258547255,-33.86347550164191
2021-03-08,226.1999969482422,230.8000030517578,222.89999389648438,229.10000610351562,5325253,226.12999877929687,29.08367042482647,-2.6541192679745875,42.857128702423424,-60.13074456050014
2021-03-09,230.8000030517578,233.89599609375,226.1999969482422,226.1999969482422,10010123,226.29999847412108,47.41038351224411,-2.5750670965180755,48.83720517609924,40.42071652227908
2021-03-10,235.39999389648438,236.1999969482422,229.5,230.6999969482422,7114356,226.90999755859374,65.73703580768824,-2.3531506152066863,57.68193848362148,133.311365307264
2021-03-11,234.89999389648438,237.5,234.1999969482422,236.0,4894733,227.4499969482422,63.745004419576475,-2.0559366826015433,55.49450641581884,161.70667460342656
2021-03-12,236.3000030517578,239.60000610351562,232.89999389648438,234.1999969482422,6486501,228.45999755859376,69.32272878147353,-1.7000859877733112,63.90533773159612,152.64666903769475
2021-03-15,235.6999969482422,237.3000030517578,233.60000610351562,236.5,4118459,229.60999755859376,66.93226679895,-1.331835094897296,60.24843396000207,127.96646028714737
2021-03-16,242.60000610351562,242.60000610351562,236.60000610351562,236.60000610351562,6426392,231.73999786376953,94.42233643007647,-0.8619951806906803,67.09511558039674,199.33487692228988
2021-03-17,239.6999969482422,244.39999389648438,237.39999389648438,242.6999969482422,5894729,233.4199981689453,81.5686394186581,-0.39741431165114965,62.25960542112219,167.88921441155404
2021-03-18,241.0,243.89999389648438,238.8000030517578,240.0,4457802,235.22999877929686,86.66669060202206,0.06116276995840414,68.68686245943033,146.4305951483717
2021-03-19,244.8000030517578,247.1999969482422,240.00100708007812,241.1999969482422,16746868,236.73999938964843,91.51945711067582,0.5524248525299726,74.87921975296993,151.42028646883725
2021-03-22,243.0,244.8000030517578,241.8000030517578,244.60000610351562,19686569,238.4199996948242,85.1590229846943,1.0084434049603987,76.9230507102525,121.59713597439237
2021-03-23,243.5,244.8000030517578,240.6999969482422,242.60000610351562,3111401,239.68999938964845,86.92580724646824,1.4241455108958374,76.27548935116741,105.4375459110704
2021-03-24,242.60000610351562,243.3000030517578,239.39999389648438,242.8000030517578,3401288,240.41000061035157,81.60003662109375,1.7751814652439895,74.56358381062985,83.35120035487148
2021-03-25,242.8000030517578,246.10000610351562,241.0,242.39999389648438,2932393,241.20000152587892,81.89303150656976,2.0664288806427127,69.55223010415139,89.64848300144988
2021-03-26,245.3000030517578,245.60000610351562,240.89999389648438,243.10000610351562,4467549,242.1000015258789,90.95241001674107,2.340110557817151,79.38459718243203,88.09980275130903
2021-03-29,245.39999389648438,247.1999969482422,240.9199981689453,244.3000030517578,3548383,243.07000122070312,89.83048947962348,2.5846972350339366,76.07139801494161,85.49143940024041
2021-03-30,244.39999389648438,249.1999969482422,243.0,249.1999969482422,7452830,243.25,70.55213403018244,2.7763806283774963,68.4426044975861,88.62556042757373
2021-03-31,242.5,246.1999969482422,242.24099731445312,244.8000030517578,8170563,243.53000030517578,58.89573193963512,2.8882156820838936,64.7286835459508,63.83457159625623
2021-04-01,238.60000610351562,243.89999389648438,237.91799926757812,242.8000030517578,4502668,243.29000091552734,32.0513008614374,2.8753358125015365,54.063609193877724,15.061049082075654
2021-04-06,242.0,242.89999389648438,239.89999389648438,240.89999389648438,7345860,243.01000061035157,42.85712555691593,2.8326536741074992,60.128625251389856,30.504828159563132
2021-04-07,244.10000610351562,245.66000366210938,240.89999389648438,242.6999969482422,4955598,243.12000122070313,56.77974978178644,2.800577699383781,52.85171235022593,61.354270624661936
2021-04-08,244.6999969482422,245.8000030517578,242.6999969482422,244.8000030517578,3730912,243.24000091552733,60.11344686134408,2.780020358601224,60.41667991216013,76.9720378947707
2021-04-09,245.60000610351562,246.3000030517578,241.89999389648438,245.10000610351562,3807204,243.54000091552734,68.09083863847536,2.775783215881646,59.74578572500013,78.53805699332193
2021-04-12,245.10000610351562,246.39999389648438,243.60000610351562,245.8000030517578,5203774,243.77000122070314,63.65899940084693,2.767693595746653,50.738924772564815,86.63758691823902
2021-04-13,242.8000030517578,248.39999389648438,241.39999389648438,245.39999389648438,5235194,243.52000122070314,43.27251185795609,2.7146100497217813,49.519237470353524,56.20685902678594
2021-04-14,240.8000030517578,243.0,238.39999389648438,243.0,4069407,243.06000213623048,25.545154907442345,2.598011932504048,43.94618772712873,-104.86086798401587
2021-04-15,244.5,245.60000610351562,241.21499633789062,242.3000030517578,5401112,243.07000274658202,58.34073821609274,2.500826274142529,53.7848520807902,32.88633590784883
2021-04-16,248.6999969482422,249.0,243.5,244.8000030517578,6934459,243.69000244140625,95.56816076237156,2.482211211088875,60.137455062566325,189.0598684611968
2021-04-19,254.6999969482422,255.1999969482422,247.01499938964844,248.5,9730787,245.3000015258789,97.10681595242069,2.603887541650739,64.41717934988148,355.91484874727297
2021-04-20,248.5,254.63800048828125,247.39999389648438,253.3000030517578,5653466,245.95000152587892,61.231351421031206,2.702265208878126,54.00517773934822,205.07312804347683
2021-04-21,249.60000610351562,249.8000030517578,246.60000610351562,248.3000030517578,4625959,246.5000015258789,67.59639164289378,2.792273551324935,56.70104876679057,127.9425686156003
2021-04-22,248.6999969482422,250.1999969482422,247.1999969482422,250.1999969482422,4550947,246.9000015258789,62.388607381468894,2.851594500428896,58.20105350223493,109.19236948427742
2021-04-23,242.1999969482422,248.8000030517578,241.6999969482422,248.6999969482422,6738041,246.56000061035155,22.61906167546923,2.7783684193354707,54.45543320409947,-22.920109396394523
2021-04-26,243.10000610351562,243.6999969482422,239.1820068359375,242.0,6900341,246.36000061035156,27.97625805514053,2.633929716540495,51.4511944524071,-85.73771030615752
2021-04-27,242.10000610351562,244.0,240.8000030517578,243.1999969482422,6473229,246.29000091552734,22.02387818402278,2.4304703629872693,47.28261004774174,-72.64175093651355
2021-04-28,235.0,250.0,233.60000610351562,250.0,12314103,245.71000061035156,6.481455971663851,2.0818677002274546,38.7990884202091,-134.19404801985112
2021-04-29,235.39999389648438,236.8000030517578,233.6999969482422,234.39999389648438,6606008,244.8,8.33328035140441,1.6622030221669597,38.08410298679973,-206.4767502870999
2021-04-30,237.6999969482422,238.60000610351562,235.10000610351562,236.0,7211066,243.7,18.981447141342365,1.252904273970492,41.70402958424609,-139.78035718703285
2021-05-04,238.60000610351562,241.8000030517578,238.10000610351562,238.89999389648438,28029127,242.09000091552736,23.148157959616466,0.8830623046550943,45.13889551162299,-88.29763753438212
2021-05-05,246.0,246.6999969482422,239.1999969482422,239.6999969482422,5952641,241.84000091552736,57.40740348282008,0.6733887101711129,55.34978874749572,2.333074630338954
2021-05-06,246.3000030517578,249.10000610351562,244.39999389648438,246.1999969482422,8224614,241.51000061035157,58.79630708891145,0.5783485707387703,51.991152608390514,54.169243837468905
2021-05-07,251.1999969482422,252.8000030517578,246.6999969482422,247.3000030517578,5498731,241.76000061035157,81.48147363230683,0.6369989886871581,52.723310098321065,114.0703760187581
2021-05-10,256.1000061035156,256.20001220703125,251.6999969482422,252.10000610351562,7088285,243.1500015258789,99.55749523669346,0.8656300533936395,51.562509047126795,163.53575661739063
2021-05-11,253.89999389648438,257.0,252.6009979248047,255.10000610351562,6084398,244.2300003051758,86.75210721323576,1.1517436203624885,56.61763165925669,135.39003268258017
2021-05-12,259.29998779296875,259.8999938964844,253.39999389648438,253.39999389648438,5910680,245.9499984741211,97.71860691252475,1.5424162522587381,60.75385123403242,151.49158033515002
2021-05-13,259.20001220703125,259.70001220703125,253.39999389648438,258.0,4923491,248.36999969482423,97.33847142833936,1.9730342447649025,61.85103220706486,132.8004769839649
2021-05-14,259.0,262.3999938964844,258.5,260.0,5390685,250.7300003051758,88.19446063336717,2.3984274866069075,72.10525829706361,141.57342909249678
2021-05-17,264.5,266.94000244140625,259.20001220703125,259.79998779296875,5093980,253.41000061035157,92.68145558062582,2.8805289256418076,75.1173601295779,154.79415099853125
2021-05-18,264.0,266.6000061035156,263.3999938964844,265.79998779296875,3563335,255.95,91.18175535590878,3.3583588939179685,76.00949016804962,145.90980570805183
2021-05-19,262.79998779296875,264.79998779296875,261.0,263.29998779296875,4362552,257.6299987792969,87.54508434335575,3.781663077414318,88.39776024656845,112.22695473209818
2021-05-20,262.79998779296875,265.0799865722656,259.0,263.70001220703125,6422766,259.27999725341795,86.99743993528432,4.139982075469581,88.26812832720283,94.4209617741829
2021-05-21,264.6000061035156,264.79998779296875,259.70001220703125,262.3999938964844,5622904,260.6199981689453,91.8862807384747,4.458068328560261,88.10195973671914,88.79555658562778
2021-05-24,264.20001220703125,265.79998779296875,261.79998779296875,265.70001220703125,4995982,261.42999877929685,90.12260385078073,4.717720361046277,86.78159861162632,86.21401841813042
2021-05-25,265.3999938964844,266.0,262.70001220703125,265.0,3979804,262.5799987792969,93.1676665434591,4.935527935530383,83.9160660075867,84.43425246339292
2021-05-26,263.20001220703125,265.8999938964844,261.0,264.1000061035156,6580510,262.9700012207031,81.52179239458133,5.069341891950986,77.70494690188895,69.62285697171576
2021-05-27,266.0,267.05999755859375,261.70001220703125,263.79998779296875,14888238,263.65,93.09897450212739,5.176613641405647,76.05636300041746,76.36767629775703
2021-05-28,265.6000061035156,266.70001220703125,264.29998779296875,265.79998779296875,6561531,264.31000061035155,89.9025417244891,5.243445668763703,69.87450744042678,78.24604656192761
2021-06-01,267.8999938964844,268.0,264.6000061035156,265.1000061035156,3864195,264.65,99.31502697460144,5.306171505070397,79.16674084152436,87.29720302881161
2021-06-02,267.8999938964844,270.0,265.79998779296875,267.20001220703125,3978638,265.0399993896484,87.34936547360138,5.350941630199317,73.11836425298162,97.48736014181306
2021-06-03,269.79998779296875,270.0,266.79998779296875,267.6000061035156,3822352,265.73999938964846,98.26076341711956,5.400227954059484,75.98037895719453,108.58986328557404
2021-06-04,265.3999938964844,269.8999938964844,264.70001220703125,269.29998779296875,4058021,266.0,58.1817626953125,5.367253728570048,63.008146722888604,77.40115047213477
2021-06-07,263.3999938964844,265.5,261.79998779296875,262.5,7097064,265.8799987792969,39.99994451349432,5.240306858947383,47.393343679446,15.815346601779009
2021-06-08,263.6000061035156,264.8999938964844,261.9530029296875,264.0,5859425,265.8199981689453,41.8182373046875,5.052361879820346,49.03847423533502,5.361575484541629
2021-06-09,262.1000061035156,263.5,258.6000061035156,263.5,7935568,265.48999938964846,30.701770823573504,4.800589875112445,48.34127129908317,-69.36386358583967
2021-06-10,254.3000030517578,259.1000061035156,253.39999389648438,256.0,7002942,264.5999984741211,5.421739905763224,4.3866246233073936,35.294117647058826,-236.8709819306935
2021-06-11,252.3000030517578,257.20001220703125,252.10000610351562,254.8000030517578,6712898,263.22999877929686,1.1173017678037735,3.8507936922237,28.865923161586764,-258.83392611198735
2021-06-14,253.8000030517578,254.55999755859375,252.5,252.8000030517578,10522080,262.0499984741211,9.497192893323128,3.281823743296306,32.78140525661345,-219.7862803976314
2021-06-15,253.8000030517578,256.5,252.1999969482422,254.89999389648438,5182862,260.63999938964844,9.497192893323128,2.714429304739308,29.999984215020888,-162.56067692101567
2021-06-16,256.79998779296875,260.3999938964844,253.6999969482422,254.0,6424433,259.5299987792969,26.256889899701132,2.219442390563867,39.2616886076079,-92.77828351074582
2021-06-17,259.29998779296875,260.20001220703125,255.60000610351562,256.20001220703125,5527238,258.47999877929686,40.22337510890005,1.8306146236030234,38.644035359047436,-60.255157353740856
2021-06-18,260.1000061035156,260.1000061035156,254.8000030517578,257.3999938964844,16663769,257.95,44.69275266943655,1.537299831398489,40.80267370782526,-54.683299698928906
2021-06-21,270.1000061035156,274.8999938964844,268.0,273.0,19507402,258.6200012207031,78.94741068918901,1.475267109729103,52.925547672750966,131.2876463659157
2021-06-22,269.8999938964844,271.8999938964844,269.1000061035156,271.6000061035156,7009957,259.25,78.0701636974475,1.554895856861117,52.6455013640059,109.93975155843562
2021-06-23,269.70001220703125,272.1000061035156,269.20001220703125,270.20001220703125,5135458,260.01000061035154,77.19305055480451,1.7124064844565239,49.86152968277786,101.62702118351851
2021-06-24,272.5,273.6000061035156,270.3039855957031,270.5,6070941,261.83000030517576,89.4737053445945,1.951244247685123,60.289863918138586,112.00188826965756
2021-06-25,271.70001220703125,273.5,271.5,273.0,5325729,263.77000122070314,85.96498507582551,2.2113253954069463,62.46249452424636,102.86049993881764
2021-06-28,270.0,273.6000061035156,269.70001220703125,271.8999938964844,3755700,265.39000091552737,78.50878719331826,2.4389248416892437,59.19539675496305,82.07051639629557
2021-06-29,268.79998779296875,271.70001220703125,268.239990234375,271.0,4033741,266.88999938964844,73.24557294106624,2.60952995076068,59.71011839051177,61.902085395941114
2021-06-30,271.79998779296875,272.29998779296875,268.0,268.79998779296875,10837877,268.38999938964844,86.40347472259775,2.777384312954876,79.46125680030866,71.07564089004488
2021-07-01,272.20001220703125,273.6000061035156,269.6000061035156,272.6000061035156,4348673,269.6800018310547,88.10580593640915,2.9347672925024058,85.40924204059269,79.47750037389802
2021-07-02,272.0,273.79998779296875,271.20001220703125,273.0,3648401,270.8700012207031,87.22469477376322,3.0674567301715276,83.9551756552019,78.59172190263867
2021-07-05,278.20001220703125,279.79998779296875,273.6000061035156,275.0,12462074,271.6800018310547,93.86982319091207,3.2696391539058247,86.96965955839276,112.07059278582273
2021-07-06,279.79998779296875,281.3999938964844,277.6000061035156,280.0,9652724,272.6700012207031,93.984937390184,3.5228542052633514,86.39236288835022,119.12350099463835
2021-07-07,285.3999938964844,286.0,280.3800048828125,281.3999938964844,13172644,274.23999938964846,98.07690332626962,3.876097096927465,87.60803165381324,141.173947248644
2021-07-08,283.79998779296875,286.29998779296875,281.79998779296875,284.8999938964844,7293503,275.3699981689453,86.33878870148452,4.239156352704389,83.38022720532295,134.75684097097837
2021-07-09,284.20001220703125,284.8999938964844,281.20001220703125,284.5,7234234,276.6199981689453,88.52471591951358,4.586056410290738,77.22003127161412,128.71147237385674
2021-07-12,283.29998779296875,285.1000061035156,280.29998779296875,284.70001220703125,4294560,277.9499969482422,83.60654644178143,4.879831207169127,75.18789487753419,117.92709011122574
2021-07-13,283.0,283.79998779296875,281.6000061035156,283.70001220703125,6426142,279.3699981689453,81.96726779109287,5.108999707111112,74.90627585986184,103.94172006246365
2021-07-14,282.79998779296875,283.5,279.9440002441406,282.5,6444897,280.4699981689453,80.87430418207833,5.270825318591541,71.3691826893855,84.32737498725994
2021-07-15,284.70001220703125,284.8999938964844,281.8999938964844,282.20001220703125,7981431,281.7199981689453,91.25695817921668,5.400259049020969,75.7935133537913,92.16618730205481
2021-07-16,284.5,286.0,282.8999938964844,285.0,8483416,282.9699981689453,90.16399457020215,5.487105685234686,80.59054398240549,90.87238765520476
2021-07-19,281.1000061035156,283.3999938964844,280.6000061035156,283.3999938964844,12502505,283.25999755859374,71.58478055678775,5.475955771014518,73.74510277543759,52.60220531077575
2021-07-20,278.3999938964844,283.3999938964844,276.6000061035156,281.29998779296875,9411638,283.1199981689453,52.6945954589063,5.348410085711776,62.890572380537996,21.383801308317306
2021-07-21,279.70001220703125,281.7850036621094,278.29998779296875,278.79998779296875,6373930,282.55,56.29148174197043,5.163146866055455,64.15087821124055,22.712627550423672
2021-07-22,280.70001220703125,281.83099365234375,278.6000061035156,279.8999938964844,4377918,282.24000244140626,55.90564047357582,4.955605777997561,65.93402416803605,24.853511708401424
2021-07-23,279.1000061035156,281.5,278.00299072265625,280.79998779296875,4723928,281.73000183105466,25.77324452806207,4.708159009511837,51.98235634957659,7.998237038099722
2021-07-26,279.6000061035156,280.6000061035156,276.97198486328125,279.0,3210758,281.36000366210936,30.92789343367448,4.4459180633577535,49.53708216950436,-6.992594048686185
2021-07-27,281.6000061035156,281.70001220703125,278.79998779296875,279.6000061035156,3775787,281.2200042724609,51.54648905612414,4.209927202307689,39.444549936591685,15.620122405689804
2021-07-28,281.6000061035156,284.593994140625,281.0,281.1000061035156,3729305,281.1000061035156,53.19152389949971,3.993165141270032,43.2927861793565,46.95767988676748
2021-07-29,284.1000061035156,284.5,279.29998779296875,282.0,4142356,281.0400054931641,79.78728584924956,3.830603153773136,49.72971457132912,46.26131002337176
2021-07-30,283.29998779296875,284.8999938964844,281.1000061035156,283.5,8373948,280.9200042724609,71.27644723215127,3.6890399460107997,50.0,55.429730489144234
2021-08-02,285.20001220703125,286.29998779296875,283.1000061035156,283.8999938964844,4678303,281.3300048828125,88.66002409949378,3.589965055417615,55.49999694826082,118.2535933481075
2021-08-03,292.0,293.5,285.0,285.3999938964844,8467697,282.69000549316405,91.12425714951272,3.623022265566368,67.293192539971,283.7087506713822
2021-08-04,288.29998779296875,293.6000061035156,287.79998779296875,292.6000061035156,6439900,283.5500030517578,68.82342170266544,3.669875268662877,56.33796611699373,224.9894831131601
2021-08-05,288.1000061035156,291.20001220703125,287.29998779296875,290.1000061035156,4337367,284.2900024414063,67.6470588235294,3.711364116533354,56.338026655548546,161.50944468993225
2021-08-06,288.79998779296875,291.0,286.3999938964844,287.6000061035156,5163240,285.26000061035154,71.76459817325367,3.7500247513473206,64.98048421935096,131.29584781158803
2021-08-09,290.79998779296875,293.1000061035156,286.70001220703125,288.0,7340705,286.3799987792969,83.16084475661033,3.8082478295969358,74.7999575195831,138.4256002667556
2021-08-10,293.8999938964844,294.0979919433594,290.0,291.0,4740862,287.60999755859376,98.84387501447829,3.916459138137315,76.49248505152116,156.1706236837743
2021-08-11,302.5,302.5,293.0,294.79998779296875,10338603,289.6999969482422,100.0,4.1786111573785565,81.68600628093895,214.77753788607052
2021-08-12,303.6000061035156,304.29998779296875,300.85198974609375,302.3999938964844,5876399,291.6499969482422,97.43859186763805,4.531533844579725,86.13566719119655,206.78144383127201
2021-08-13,302.29998779296875,306.6000061035156,300.6000061035156,304.29998779296875,4687875,293.5499969482422,84.53231842327413,4.891779722356271,82.70886706049245,171.01195351467533
2021-08-16,298.5,304.3999938964844,296.70001220703125,303.8999938964844,4383704,294.87999572753904,70.32966787283681,5.165955008557281,73.15065721430763,119.35009804555374
2021-08-17,295.79998779296875,298.0,295.29998779296875,296.1000061035156,6274604,295.25999450683594,60.439519901807245,5.316958819604615,68.11220180193646,76.97696614854293
2021-08-18,290.70001220703125,297.8999938964844,289.70001220703125,297.1000061035156,5141276,295.4999969482422,37.64708275888481,5.289359710441085,57.894740684659375,35.52357375370137
2021-08-19,289.20001220703125,290.6000061035156,285.8999938964844,289.5,5026138,295.60999755859376,25.957472780917552,5.115275397271473,56.9412051930147,-13.722571430087173
2021-08-20,294.70001220703125,295.6000061035156,288.552001953125,289.79998779296875,6225988,296.2,44.90745123193494,4.934593323882972,60.303693092299504,29.45595316045582
2021-08-23,340.0,341.3999938964844,302.0,302.0,31845524,301.1200012207031,97.47748847480293,5.470735466687375,78.36880251297538,322.6557151351034
2021-08-24,323.5,342.0,320.79998779296875,340.0,16929980,304.0800018310547,67.02317649330762,6.152346907957556,68.0698282555281,244.87972784392338
2021-08-25,323.1000061035156,323.1000061035156,317.70001220703125,321.5,9030052,306.14000244140624,66.31017497286874,6.869000377137768,67.930332354019,156.56072113716203
2021-08-26,319.79998779296875,322.79998779296875,319.20001220703125,321.3999938964844,6161680,307.76000061035154,60.42779003255752,7.501743645367891,65.4690599917036,129.33589977969186
2021-08-27,310.3999938964844,318.20001220703125,308.00201416015625,315.3999938964844,7972175,308.57000122070315,43.67200950886288,7.88165477376593,59.107809011023484,68.71326825410095
2021-08-31,304.0,312.5,301.5,310.3999938964844,13182830,309.1200012207031,32.26382198625349,7.963107995711242,54.55365494110987,26.44363638345569
2021-09-01,306.20001220703125,308.29998779296875,302.0,302.0,8518360,310.1600036621094,36.18541194646097,7.870174047455454,51.770340768914465,19.269566121787236
2021-09-02,304.1000061035156,308.3999938964844,304.1000061035156,305.0,4827602,311.5000030517578,32.44208596599548,7.621367260983167,50.23696682464455,15.208474007736237
2021-09-03,303.79998779296875,304.5,302.8999938964844,303.29998779296875,3988167,312.9600006103516,31.907294026769517,7.265748007603795,50.717703349282296,-1.491796600439506
2021-09-06,303.5,306.5,303.0,303.6000061035156,4279453,313.8399993896484,31.372556486072618,6.840476678714213,52.47524752475248,-2.9305409358572656
2021-09-07,301.29998779296875,303.6000061035156,298.3999938964844,302.8999938964844,6721282,309.9699981689453,27.45096652586514,6.343151464174982,52.7363184079602,-32.53603367734247
2021-09-08,301.3999938964844,301.3999938964844,296.6000061035156,298.0,4454302,307.75999755859374,27.62923050560713,5.813873093262385,55.60208286398592,-46.89211781152794
2021-09-09,296.8999938964844,299.8999938964844,293.6000061035156,298.1000061035156,7599853,305.13999633789064,15.618904820416311,5.207266885164721,53.90861893594998,-69.34181531727259
2021-09-10,294.20001220703125,301.6000061035156,292.79998779296875,298.29998779296875,6357095,302.5799987792969,2.84557737134549,4.529047341110396,49.738767013467914,-69.22611222169236
2021-09-13,290.67999267578125,296.29998779296875,290.29998779296875,295.1000061035156,483546,300.6079986572266,0.7350189421441161,3.7750128638715843,4.265609117232231,-89.7450522139705
2021-09-14,289.29998779296875,293.3999938964844,289.29998779296875,290.1000061035156,5548056,299.13799743652345,0.0,2.982365598728953,5.92787478370299,-95.26676830195429
2021-09-15,285.70001220703125,290.29998779296875,283.1000061035156,288.6000061035156,8237056,297.08799743652344,6.54913678261558,2.1428355432146806,5.476230093652575,-116.45202050606738
2021-09-16,282.0,287.1000061035156,282.0,286.70001220703125,10078055,294.87799682617185,0.0,1.2540143262922987,5.424568363654174,-125.59955947042127
2021-09-17,282.3999938964844,287.0,282.3999938964844,283.29998779296875,18732324,292.7379974365234,1.3114553983094261,0.38441535791939074,8.083862974346971,-119.92531237249231
2021-09-20,286.8999938964844,291.3999938964844,279.9800109863281,282.0,9974228,291.0779968261719,24.349004473480186,-0.3566309511583342,22.857159465332558,-100.90429350903733
2021-09-21,292.5,294.70001220703125,286.70001220703125,287.70001220703125,6217602,290.197998046875,44.05347129606364,-0.8880984110264172,30.372489078387275,-62.89132685428952
2021-09-22,295.8999938964844,297.20001220703125,292.79998779296875,293.29998779296875,7286002,289.647998046875,60.03012633960371,-1.2040764331827387,38.6740201078737,-28.908171495576035
2021-09-23,295.8999938964844,299.6000061035156,294.0,297.6000061035156,6588902,289.547998046875,60.03012633960371,-1.3656814267042736,38.99722111476736,-12.055462080910964
2021-09-24,295.5,296.5,284.29998779296875,295.0,5599306,289.67799682617186,65.70699501279103,-1.425325800563419,38.888888888888886,-43.76721310167121
2021-09-27,291.8999938964844,297.4570007324219,291.1000061035156,296.79998779296875,5098221,289.7999969482422,55.13406846553856,-1.4721239656889495,37.43316118914129,-22.84178947451307
2021-09-28,292.20001220703125,293.6000061035156,287.6000061035156,291.70001220703125,7082683,290.0899993896484,56.52175754188052,-1.5002752536882202,37.76598378185779,-43.041359800295616
2021-09-29,290.5,295.77801513671875,290.5,292.20001220703125,6465286,290.5699981689453,48.658609572527965,-1.5389665744209915,40.80461130886141,-24.062804595547647
2021-09-30,285.3999938964844,293.3999938964844,283.1000061035156,292.8999938964844,7662311,290.9099975585938,27.624792349760774,-1.6600959231310828,38.17203198435402,-81.9498855069595
2021-10-01,284.5,286.8999938964844,282.1000061035156,283.79998779296875,4844859,291.1199981689453,23.037666353506257,-1.8371212126404672,41.06421396535929,-113.6183292849524
2021-10-04,294.1000061035156,301.447998046875,285.8999938964844,286.5,8549153,291.8399993896484,65.77232917722752,-1.8825513753665735,55.607495627360564,34.05553041773132
2021-10-05,299.3999938964844,302.8999938964844,294.5,295.1000061035156,10404593,292.5299987792969,84.72948250563883,-1.7542698126585028,65.39322729682337,122.68215148455262
2021-10-06,290.70001220703125,303.79998779296875,290.1000061035156,297.70001220703125,7759332,292.01000061035154,45.00424709781649,-1.6586386282100276,58.78789111821338,61.97419948056818
2021-10-07,293.5,298.0400085449219,288.5,292.29998779296875,4366876,291.77000122070314,56.75903517211957,-1.5400326701654534,60.693648756158645,39.5448291954638
2021-10-08,295.6000061035156,296.7929992675781,291.0880126953125,294.5,4168431,291.7800018310547,62.21203406158368,-1.376229672579741,58.78789111821338,63.55926347996829
2021-10-11,293.70001220703125,296.14300537109375,289.1390075683594,295.6000061035156,4582587,291.9600036621094,53.45629443159205,-1.2198614571557764,51.31005734374396,34.50503038360242
2021-10-12,294.70001220703125,294.7950134277344,286.1000061035156,290.29998779296875,4033308,292.2100036621094,58.06459325096862,-1.0576155724260077,48.61753242141547,12.227969867439436
2021-10-13,294.79998779296875,296.1000061035156,291.3999938964844,294.79998779296875,3268568,292.64000244140624,58.52531062561088,-0.896185303914358,48.73562428134561,50.109161437305005
2021-10-14,295.70001220703125,298.10101318359375,293.70001220703125,297.1000061035156,3014488,293.6700042724609,62.672892070345185,-0.7273267378150027,50.22728659889914,82.11946984145129
2021-10-15,296.6000061035156,297.79998779296875,294.35101318359375,296.29998779296875,2827926,294.8800048828125,66.82033288096025,-0.5466475020186956,55.69008909953167,87.7400458929464
2021-10-18,294.70001220703125,297.79998779296875,293.8999938964844,296.6000061035156,3558678,294.94000549316405,58.06459325096862,-0.39709817626233707,52.91375540104684,63.34121910497277
2021-10-19,296.79998779296875,298.0,293.1000061035156,296.1000061035156,4227564,294.6800048828125,67.74190826436401,-0.24049114674657315,57.27482499936569,71.54721619209114
2021-10-20,297.20001220703125,298.3999938964844,294.5,296.29998779296875,2116627,295.3300048828125,69.58534029941003,-0.08073980064924238,65.28501956369288,88.53690437965267
2021-10-21,296.20001220703125,298.20001220703125,293.20001220703125,296.20001220703125,3391212,295.6000061035156,57.5420213554924,0.05683751901011502,65.11631391350977,66.48473025277832
2021-10-22,293.6000061035156,296.0,292.70001220703125,295.0,1618287,295.40000610351564,42.37292519047644,0.13169343498576494,49.21135525211216,12.964089192019998
2021-10-25,295.8999938964844,301.0,293.3999938964844,294.79998779296875,2791234,295.62000427246096,55.36721994920628,0.19970752540092598,43.902428650418955,83.69176061794046
2021-10-26,301.3999938964844,301.5,294.5,296.1000061035156,5174426,296.2900024414063,99.35060946005663,0.34716199499766953,70.98038136247386,137.5771646214252
2021-10-27,306.5,306.6000061035156,300.29998779296875,301.6000061035156,4012431,297.4600036621094,99.51216534870427,0.6172547146316046,73.38130523080301,237.47912373168197
2021-10-28,299.6000061035156,307.79998779296875,297.29998779296875,305.8999938964844,5122893,297.8500030517578,62.21203406158368,0.8385637857609867,56.13497391962076,154.4235188717004
2021-10-29,299.3999938964844,301.70001220703125,294.29998779296875,299.79998779296875,4693878,298.1300018310547,61.29031804406067,1.012592489460841,59.22327316398214,66.31681375596028
2021-11-01,294.70001220703125,301.5,290.5,300.3999938964844,3850376,298.1300018310547,24.27754433872066,1.0705705366504827,50.0,-23.713361483011738
2021-11-02,293.29998779296875,298.5,293.12298583984375,295.29998779296875,3208954,297.7800018310547,16.184911957606996,1.027994356921025,47.910864930481175,-38.12892914934139
2021-11-03,288.8999938964844,294.0,283.968994140625,293.20001220703125,6678881,296.95,20.69154072127587,0.8520823096102825,41.3705338020958,-203.29092857664935
2021-11-04,281.79998779296875,287.0,273.20001220703125,281.5,9608935,295.50999755859374,24.855438306820066,0.4866010052489976,33.771911919321184,-328.32686231409525
2021-11-05,284.29998779296875,287.5,278.8999938964844,282.1000061035156,5784944,294.5799957275391,32.08087693116429,0.060237474804896995,38.74456529637052,-203.2583212091788
2021-11-08,289.20001220703125,289.6000061035156,284.2130126953125,285.70001220703125,5128985,293.9099975585938,46.24280719580304,-0.30389544036611055,42.244932531324075,-112.51078879457992
2021-11-09,289.70001220703125,291.29998779296875,285.5,289.20001220703125,5926846,292.73999938964846,47.68789492067188,-0.6012651152193982,42.362531154632634,-86.26856463640863
2021-11-10,293.6000061035156,295.0,289.0,289.0,6212064,291.45,58.95956153441785,-0.7776077450593277,47.49999559842881,-25.428786982902295
2021-11-11,294.20001220703125,294.79998779296875,289.0,293.3999938964844,3464380,290.9100006103516,60.69368444449149,-0.8575037234242473,50.60000573730119,-20.733118903982344
2021-11-12,295.0,297.0,291.8999938964844,294.6000061035156,4577414,290.4700012207031,63.0057895238196,-0.8580427674706949,49.07217182455361,11.0302593335686
2021-11-15,294.70001220703125,298.5,290.5220031738281,293.70001220703125,4828549,290.4700012207031,62.13877216936033,-0.8116446419049926,42.26330386121203,10.880131673364758
2021-11-16,291.70001220703125,296.0369873046875,289.8999938964844,294.20001220703125,9633830,290.31000366210935,53.46824582014726,-0.7842728197074067,32.03885508747135,-18.409973363939685
2021-11-17,288.0,291.5,286.2439880371094,289.8999938964844,6758953,290.2200042724609,51.92978172971491,-0.8275052093987905,34.73684633207114,-72.02329858941833
2021-11-18,293.3999938964844,294.59600830078125,285.1000061035156,287.8999938964844,3209090,291.3800048828125,71.37805795969953,-0.824684837430411,43.05555751784783,-31.08826162464941
2021-11-19,292.6000061035156,298.0,292.3999938964844,294.5,5692331,292.2100067138672,76.67985477003245,-0.8040310496493591,47.32823775434215,19.1638317424476
2021-11-22,295.70001220703125,296.5,293.3999938964844,295.8999938964844,5038180,292.86000671386716,88.93284923344149,-0.721990991774219,52.926859041539636,34.188239342720486
2021-11-23,293.20001220703125,298.29998779296875,293.20001220703125,295.20001220703125,5565084,293.2100067138672,79.05142154083688,-0.6440163608243885,55.49874378428836,34.518448510031945
2021-11-24,295.0,295.0,291.96600341796875,293.5,1890836,293.3500061035156,82.1428627036386,-0.5424918221929664,69.5266523288171,31.49405178363561
2021-11-25,295.3999938964844,296.5,292.70001220703125,296.0,3414870,293.4700042724609,78.30189082271721,-0.42391062413932606,67.50790617524032,57.30817648613501
2021-11-26,293.6000061035156,297.3999938964844,290.95098876953125,292.8999938964844,4738460,293.3300048828125,63.43286471369261,-0.3286064406515392,57.692311796347056,46.59897114558931
2021-11-29,289.70001220703125,293.70001220703125,288.79998779296875,293.5,6374083,292.8300048828125,34.32841939370199,-0.31436100601973627,50.0,-15.346047620583066
2021-11-30,276.6000061035156,288.6000061035156,276.6000061035156,288.20001220703125,16193048,291.32000427246095,0.0,-0.5599548480842704,29.368907587923317,-186.09296126104866
2021-12-01,280.20001220703125,282.99200439453125,276.6000061035156,276.6000061035156,7192960,290.5400054931641,16.43838861568604,-0.8968242346532262,34.162878432195654,-163.7078620321524
2021-12-02,278.79998779296875,280.4200134277344,247.5,278.3999938964844,4560409,289.0800048828125,61.37252508425245,-1.2935366423308232,31.91962430671265,-278.19689048187166
2021-12-03,278.20001220703125,280.5,276.29998779296875,278.79998779296875,4478633,287.64000549316404,60.43310941755867,-1.7135852047378097,31.707307170755072,-139.1058823253677
2021-12-06,280.0,282.70001220703125,278.5,279.70001220703125,4441788,286.07000427246095,63.97639332602033,-2.0936174158278837,36.67423466160218,-99.81435156875109
2021-12-07,278.70001220703125,283.79998779296875,278.6000061035156,280.70001220703125,9426608,284.62000427246096,61.41736162257436,-2.44461500507803,38.795178950929134,-87.06320522581488
2021-12-08,276.8999938964844,279.89599609375,275.70001220703125,278.20001220703125,6673977,282.81000366210935,57.87401764012558,-2.7821608509891766,28.23216894032238,-100.11111728939078
2021-12-09,275.5,278.6919860839844,274.3999938964844,277.3999938964844,3447103,280.82000427246095,55.11812348087905,-3.1095756713737654,27.792182262218333,-97.50586749118561
2021-12-10,275.20001220703125,275.3999938964844,272.0,275.0,2954138,278.9800048828125,54.52759618746448,-3.4111757133897105,21.28847613641804,-101.23346913472321
2021-12-13,272.1000061035156,275.5,270.20001220703125,275.5,5061915,277.2200042724609,49.29861545584033,-3.7224692072426366,20.936596504177885,-102.27596177818086
2021-12-14,275.29998779296875,275.5,270.29998779296875,272.5,5820828,277.0900024414062,55.71140519704022,-3.963981750356286,23.872629015859445,-84.4387361283284
2021-12-15,270.20001220703125,276.70001220703125,270.1000061035156,276.5,3575461,276.0900024414062,45.49101199114684,-4.221428874452923,20.282993404881807,-86.90971586577737
2021-12-16,270.79998779296875,273.8999938964844,269.8999938964844,272.0,9179207,275.2900024414063,50.432860685311006,-4.456173931176531,22.33002157715444,-86.55161357375972
2021-12-17,271.20001220703125,276.70001220703125,270.0,270.0,6812900,274.5900024414062,57.6642547140741,-4.647845370437262,25.46415920320686,-73.88779024452346
2021-12-20,272.70001220703125,274.79998779296875,268.81201171875,270.0,4065690,273.86000366210936,69.42154457669668,-4.7679463634855175,42.52873160025864,-75.2005108111605
2021-12-21,272.0,274.8999938964844,270.8999938964844,274.8999938964844,5262858,273.19000244140625,67.4931356443751,-4.837193666590051,32.32752270407357,-65.50702247113466
2021-12-22,273.70001220703125,275.0,270.29998779296875,272.0,2901312,272.87000427246096,32.61281219076164,-4.8327891592746575,39.148959932263786,-56.83797989243005
2021-12-23,273.70001220703125,276.0920104980469,273.70001220703125,273.70001220703125,4322407,272.69000549316405,32.61281219076164,-4.771437111545597,40.17465677664562,-32.502653599419155
2021-12-24,274.8999938964844,276.3999938964844,273.9119873046875,275.0,398008,272.6600036621094,40.61910792749722,-4.647587547112928,38.564986828150126,-14.194114078447573
2021-12-29,278.8999938964844,280.6000061035156,275.79998779296875,276.70001220703125,3129682,273.3400024414062,85.5784440377043,-4.41664769285996,50.3999638671434,71.32101486092056
2021-12-30,277.3999938964844,279.8999938964844,276.6000061035156,279.1000061035156,2760554,273.5500030517578,72.85363308989331,-4.144557158844889,51.01214774984927,67.39809330627725
2021-12-31,275.79998779296875,276.6000061035156,273.70001220703125,273.70001220703125,1046102,274.11000061035156,59.28044963483997,-3.8770184901598093,50.60238601238844,12.465414929790096
2022-01-04,277.3999938964844,281.3999938964844,276.0,279.29998779296875,6923721,274.77000122070314,68.22366012659916,-3.5919939892940733,54.19844127284014,78.79701251813401
2022-01-05,279.79998779296875,281.6000061035156,276.0,278.1000061035156,5044781,275.6299987792969,85.92415466891946,-3.2644737810905484,65.09802138147856,99.28150748804853
2022-01-06,280.1000061035156,286.0,277.3110046386719,278.0,5338316,276.3699981689453,65.67373796198972,-2.91526022431921,60.61950666862916,148.8938140261647
2022-01-07,275.20001220703125,280.6000061035156,274.8999938964844,279.70001220703125,5309174,276.68999938964845,37.165492457600635,-2.642288121680438,61.160702121514326,46.4220889212141
2022-01-10,279.1000061035156,281.0780029296875,275.8429870605469,276.6000061035156,3631154,277.22999877929686,59.85572142836851,-2.363167900181441,66.14786870101017,92.38971375608605
2022-01-11,279.29998779296875,281.29998779296875,278.1000061035156,280.0,4682940,277.7899963378906,61.01921820402829,-2.0862493714039516,65.88230507046569,103.87468613156649
2022-01-12,288.0,290.4809875488281,282.70001220703125,284.79998779296875,6394592,279.09999694824216,87.70631991059912,-1.6816687499533487,73.39446801441699,227.89443967425177
2022-01-13,291.6000061035156,292.04998779296875,287.79998779296875,289.8999938964844,6338803,280.3699981689453,97.93111866918103,-1.157011928693512,77.5280937403829,239.20486274346905
2022-01-14,288.70001220703125,294.1000061035156,287.1000061035156,290.79998779296875,4435615,281.5,73.52943376412,-0.6282276938453762,70.38044154306215,191.0692022222724
2022-01-17,292.6000061035156,294.0,289.9049987792969,290.0,3867337,283.1800018310547,92.647056623588,-0.06092223665076635,73.21867616636061,186.3717806867962
2022-01-18,298.70001220703125,299.20001220703125,291.9590148925781,292.6000061035156,4096825,285.31000366210935,98.03921568627452,0.5982493757371471,76.09650781243202,193.61891010267962
2022-01-19,291.29998779296875,303.6000061035156,290.1400146484375,297.6000061035156,6972462,286.4600036621094,58.86280661751873,1.1610194503907278,62.65304711599724,143.64246939782464
2022-01-20,287.1000061035156,292.6000061035156,286.0,292.1000061035156,4192554,287.1600036621094,44.81604224695156,1.5642111185017733,59.38105407808012,66.37729854782059
2022-01-21,283.70001220703125,287.5,282.3999938964844,285.8999938964844,3478162,288.0100036621094,30.66207166417493,1.788436089040976,57.3832003869743,20.09336098376407
2022-01-24,284.0,287.5,282.29998779296875,284.20001220703125,3067141,288.5000030517578,31.707324853632652,1.889443879653315,56.321847144296164,15.490452729695082
2022-01-25,289.1000061035156,289.5,281.3810119628906,284.8999938964844,5466763,289.4800048828125,49.47737340527114,1.9849877276582002,58.46996297311284,33.009962253204
2022-01-26,291.70001220703125,294.0,288.20001220703125,289.8999938964844,4215771,289.8500061035156,58.536624268163266,2.1090557062061914,60.139868721019624,79.15886925563096
2022-01-27,296.0,296.1000061035156,292.1000061035156,292.1000061035156,7916463,290.2900054931641,72.61951619606351,2.3082950380016536,68.3745554460421,106.47532363162927
2022-01-28,299.1000061035156,300.0,294.05999755859375,295.8999938964844,8948625,291.3300048828125,82.3529411764706,2.5884035782264454,67.92115087390769,126.28761748642806
2022-01-31,290.70001220703125,299.31298828125,286.3999938964844,298.70001220703125,8157504,291.14000549316404,41.9415936885363,2.764599127087773,58.90626907348633,57.95146208646379
2022-02-01,288.20001220703125,292.3999938964844,287.0090026855469,291.29998779296875,3458779,290.0900054931641,30.689959234800952,2.820240443753422,50.1730209768795,17.86884065804455
2022-02-02,291.0,293.02801513671875,283.70001220703125,283.70001220703125,4536390,290.0600067138672,43.29173488336318,2.835648164908891,49.47367857477481,13.061950230744857
2022-02-03,292.3999938964844,294.1000061035156,290.20001220703125,291.20001220703125,3007945,290.5900054931641,49.592622707644296,2.840903618847507,53.33331867022468,50.52294662062143
2022-02-04,287.8999938964844,293.29998779296875,287.0,293.29998779296875,2484270,291.0100036621094,29.339680690920677,2.761250462999068,45.8110389907109,-1.6762580234625821
2022-02-07,281.79998779296875,290.3599853515625,281.79998779296875,289.29998779296875,5087284,290.7900024414063,1.8856651539957587,2.52893830249072,34.93758309379835,-99.47893570990732
2022-02-08,281.70001220703125,284.8999938964844,280.29998779296875,281.6000061035156,4016737,290.0500030517578,7.106718510371323,2.205761608663094,40.16394467805157,-153.7732271345735
2022-02-09,277.3999938964844,284.29998779296875,274.79998779296875,282.70001220703125,6754829,288.6200012207031,10.317479539911401,1.7689425843801687,40.08177968164338,-191.53279702967512
2022-02-10,281.29998779296875,282.3999938964844,276.5,282.3999938964844,4212790,287.15,25.793638299057587,1.341983870921887,47.57082369104821,-142.55140725799873
2022-02-11,280.6000061035156,282.8999938964844,274.5,280.70001220703125,4113243,285.3,23.92159256280637,0.9293608388065596,46.58634858090076,-130.2411925867187
2022-02-14,277.29998779296875,281.4339904785156,274.3999938964844,280.20001220703125,3962294,283.9599975585937,11.32809845731295,0.49258544907376084,37.708306444998705,-131.14425092034494
2022-02-15,281.6000061035156,282.20001220703125,275.0,276.5,5554269,283.2999969482422,28.125040978183513,0.13104989602199124,39.83902432135206,-96.01939434367362
2022-02-16,280.29998779296875,283.0,276.3999938964844,282.3999938964844,3592449,282.22999572753906,23.046845663345895,-0.18541421603233665,33.190569482691245,-83.43117250882938
2022-02-17,278.20001220703125,281.79998779296875,275.5,280.29998779296875,3181665,280.80999755859375,15.253157656835496,-0.49012013785074515,27.133476728167068,-91.56843228796033
2022-02-18,277.8999938964844,281.0,276.3999938964844,281.0,3972645,279.80999755859375,17.766486452992115,-0.7751525998840236,32.97870181814935,-84.0655092551935
2022-02-21,273.29998779296875,279.05999755859375,272.70001220703125,278.6000061035156,4327917,278.9599975585937,2.8036250329775325,-1.1045359270045878,31.234231948896536,-111.08451564915636
2022-02-22,270.1000061035156,273.6000061035156,269.0,269.0,5107286,277.7999969482422,4.382493370635288,-1.4929870769727904,23.940161202803353,-136.93659194973253
2022-02-23,270.0,272.79998779296875,268.1000061035156,270.0,5744317,277.05999755859375,7.539663797770035,-1.8962902622263829,21.13404210637259,-129.9006540468869
2022-02-24,266.0,271.20001220703125,264.6000061035156,266.1000061035156,8167238,275.5299987792969,5.434763293105226,-2.347256230797185,21.40994330745052,-150.19573049118077
2022-02-25,271.1000061035156,275.20001220703125,265.2560119628906,266.1000061035156,7744223,274.5799987792969,32.01972368796885,-2.717738436814579,35.65686804712959,-113.68879118356129
2022-02-28,275.70001220703125,276.29998779296875,270.0,270.0,11088698,274.4200012207031,56.34526101848252,-2.9387690038530487,42.822974890925344,-68.51106548978625
2022-03-01,266.3999938964844,277.29998779296875,266.0,275.1000061035156,7055123,272.9,9.78254559808668,-3.196217702877569,38.24787550927786,-109.83154219956862
2022-03-02,260.0,270.6000061035156,258.70001220703125,266.0,11262216,270.8700012207031,5.34974669141564,-3.557820033334832,28.397599698910042,-167.29808235249735
2022-03-03,252.39999389648438,259.27301025390625,252.39999389648438,258.0,7436708,268.2899993896484,0.0,-4.078892717603524,24.91105386508424,-223.29193802257902
2022-03-04,248.6999969482422,252.5,246.5,250.0,6726119,265.36999969482423,6.027388899293665,-4.722337507809664,24.735013577883507,-229.05000380381298
2022-03-07,250.5,250.89999389648438,236.3000030517578,245.60000610351562,10027073,263.09000091552736,30.40684770061143,-5.369271164313098,21.256945423776614,-212.34072551801006
2022-03-08,249.3000030517578,251.0,245.10000610351562,248.60000610351562,7938454,261.01000061035154,28.571438153088966,-5.9913858387209356,21.296318535608776,-158.45676808083545
2022-03-09,255.5,256.3999938964844,250.10000610351562,252.0,5636959,259.56000061035155,42.95301623951726,-6.452759266259072,30.464717815005812,-99.871518337338
2022-03-10,252.10000610351562,257.8999938964844,250.39999389648438,256.0,4284909,258.1700012207031,36.950432837946,-6.828735010119914,28.92158280484412,-90.09833524855186
2022-03-11,254.10000610351562,258.1000061035156,251.3000030517578,251.3000030517578,4653034,256.4700012207031,43.41465774709478,-7.08400297020828,33.61776476990738,-73.0855210389686
2022-03-14,257.6000061035156,257.6000061035156,252.8000030517578,254.6999969482422,6970528,254.66000061035157,51.95124628997292,-7.178245730092264,39.38879896540791,-56.31863138768594
2022-03-15,258.3999938964844,259.5,255.13600158691406,256.8999938964844,3715531,253.86000061035156,53.90243675508704,-7.137496640826595,40.26845225202806,-39.85848023079137
2022-03-16,260.5,263.29998779296875,258.5,260.5,4504330,253.91000061035157,59.024404767442945,-6.964501240840739,45.233969812462384,-13.573932610883993
2022-03-17,263.70001220703125,263.70001220703125,258.2359924316406,259.8999938964844,4266446,255.04000244140624,66.82931549418956,-6.650757287149047,43.36918327221616,0.6214312349961789
2022-03-18,265.5,265.5,259.79998779296875,264.20001220703125,8935218,256.72000274658205,71.21953125726886,-6.221365668107785,40.37734697449882,22.31851213761613
2022-03-21,261.1000061035156,265.8999938964844,260.29998779296875,265.1000061035156,3778940,257.7800033569336,72.3032094613381,-5.798017333110049,44.490654383493855,19.0972143052956
2022-03-22,258.70001220703125,263.70001220703125,257.37200927734375,261.20001220703125,4342743,258.7200042724609,75.67573001214002,-5.425725077335558,48.52609012171054,0.4389416958417339
2022-03-23,257.6000061035156,261.8999938964844,257.29998779296875,258.6000061035156,4613817,258.9300048828125,71.959492026507,-5.110133588094358,56.91491433969983,-4.199142047837412
2022-03-24,259.5,261.79998779296875,257.70001220703125,258.79998779296875,4098766,259.6700042724609,78.37839231080514,-4.8046645471396925,65.08381471724121,8.66439272714738
2022-03-25,259.79998779296875,260.8999938964844,258.5260009765625,259.20001220703125,2613770,260.24000244140626,70.67303036794245,-4.505816320140205,63.55685040406925,17.411887194410383
2022-03-28,261.0,264.29998779296875,260.1000061035156,260.1000061035156,2935798,260.5800018310547,68.9873564417249,-4.197368848216053,67.05540279454047,58.05057007568838
2022-03-29,257.70001220703125,263.6990051269531,256.1000061035156,262.6000061035156,7930002,260.5100036621094,47.09689232610887,-3.9421568069529442,53.50320823703439,30.663401641531486
2022-03-30,261.29998779296875,261.29998779296875,256.20001220703125,258.3999938964844,9444341,260.5900024414062,68.49308912288036,-3.667269858504261,64.55695835791965,41.79150348644092
2022-03-31,252.6999969482422,262.1000061035156,252.1999969482422,261.29998779296875,7260975,259.49000091552733,3.6496358494747967,-3.523310468785762,48.167524209387686,-24.40253499277983
2022-04-01,248.89999389648438,255.10000610351562,248.39999389648438,254.10000610351562,7678554,257.83000030517576,2.857142857142857,-3.5215570175466806,38.70126493580201,-109.96853032723101
2022-04-04,247.1999969482422,253.13900756835938,246.3000030517578,250.6999969482422,8241792,256.43999938964845,4.591807739168006,-3.6281235300238084,35.78678718802222,-152.55772835855555
2022-04-05,246.60000610351562,248.89999389648438,244.41799926757812,247.0,5838204,255.22999877929686,10.157375391023438,-3.7982997806617176,31.66224469665555,-185.76595637819509
2022-04-06,241.1999969482422,246.89999389648438,238.10000610351562,245.60000610351562,8352143,253.58999786376953,11.151051100499478,-4.076921361295748,21.945069024261514,-214.94078316162654
2022-04-07,246.0,247.8000030517578,241.1999969482422,241.89999389648438,6009780,252.23999786376953,28.417256710027992,-4.323035196450003,27.378161423324656,-148.80287307794126
2022-04-08,246.60000610351562,247.39999389648438,242.8000030517578,247.39999389648438,3388069,250.9199996948242,32.44277076507156,-4.516446293971105,31.552142794465823,-121.5681690912739
2022-04-11,251.10000610351562,253.39999389648438,248.53799438476562,251.1999969482422,5092546,249.93000030517578,49.6183552877565,-4.584596640754721,40.82124054801953,-51.360619359323024
2022-04-12,244.60000610351562,249.06700134277344,242.27000427246094,248.8000030517578,7267561,248.61999969482423,24.80917764387825,-4.663917902479451,36.111098431668935,-99.99354792160874
2022-04-13,238.60000610351562,242.10000610351562,234.66099548339844,242.10000610351562,11608687,246.3500015258789,13.289961342057154,-4.831179209074056,29.46953935811115,-145.17187920241946
2022-04-14,241.8000030517578,242.39999389648438,237.4949951171875,238.89999389648438,7484028,245.26000213623047,24.086539426828683,-4.982726201003753,33.271381105468635,-111.06098086516512
2022-04-19,244.89999389648438,246.55299377441406,239.33599853515625,242.10000610351562,6675539,244.86000213623046,35.260675710115684,-5.055664236896248,35.547558153295896,-76.2292559435557
2022-04-20,241.89999389648438,246.0,241.8000030517578,245.89999389648438,4243794,244.3300018310547,26.382140789648563,-5.111848536098932,35.74004625013633,-73.49370876732273
2022-04-21,242.60000610351562,243.60000610351562,240.60000610351562,242.39999389648438,4985117,243.93000183105468,28.933297668891246,-5.131767421155342,32.19049362909226,-75.62946564542632
2022-04-22,240.6999969482422,245.39999389648438,240.5,241.5,5259333,243.8800018310547,29.546447120585356,-5.146528866711432,36.89956855624594,-70.4505507736757
2022-04-25,243.39999389648438,243.39999389648438,236.60000610351562,238.10000610351562,6854570,243.62000122070313,46.635354891664136,-5.102477055025847,43.84787640042875,-75.82636647555307
2022-04-26,240.1999969482422,244.0,238.60000610351562,242.1999969482422,8358296,242.9800003051758,29.558684742593922,-5.063296006895771,42.42424442591959,-73.83165198101358
2022-04-27,239.0,241.60000610351562,235.07200622558594,240.6999969482422,7968538,241.7699996948242,23.15494361519088,-5.036826768943595,41.88033853631754,-100.64527042113338
2022-04-28,228.6999969482422,235.5,222.60000610351562,233.8000030517578,17213942,240.17999877929688,19.805172929708476,-5.172563194501808,37.911027999428605,-217.38406282588372
2022-04-29,233.3000030517578,238.6999969482422,225.8280029296875,227.0,14470513,239.6499984741211,34.74026360063968,-5.317671731190298,37.66990952874059,-160.01540604414436
2022-05-03,240.89999389648438,241.0,232.89999389648438,232.89999389648438,14109506,239.55999755859375,59.415568330668,-5.327674231577279,45.12819469484508,-68.3876913110538
2022-05-04,233.6999969482422,242.3000030517578,232.10000610351562,239.6999969482422,6954331,238.43999786376952,41.93899135275557,-5.355199437182048,35.784305536821435,-95.54099915877832
2022-05-05,232.0,236.3990020751953,231.10000610351562,234.8000030517578,7355364,237.4499984741211,39.24351327540176,-5.407181493855748,38.8297806143016,-128.00786780536617
2022-05-06,227.89999389648438,232.1999969482422,224.60000610351562,231.5,10832120,235.97999725341796,22.12662514500412,-5.5248567880706805,40.18347503942087,-173.7097958028932
2022-05-09,233.0,235.1999969482422,227.5,227.89999389648438,7097340,235.20999755859376,43.41835782397949,-5.5835787125858145,42.19858012120996,-103.47769110709059
2022-05-10,233.0,238.1490020751953,233.0,235.0,7300629,234.1699981689453,44.44442995366283,-5.589545401445386,38.836782543722286,-57.83190083479881
2022-05-11,231.39999389648438,232.5,229.39999389648438,232.3000030517578,11278326,233.28999786376954,38.59645835285299,-5.5749208052317165,39.88439782202204,-96.9787594220583
2022-05-12,233.3000030517578,235.89999389648438,228.0,228.39999389648438,5644259,232.71999816894532,46.9298363025525,-5.505136727367054,41.242938502507066,-69.99397577715972
2022-05-13,238.8000030517578,238.96800231933594,233.5,233.5,4566327,233.72999877929686,75.70094190963087,-5.304141343769051,48.32452073418711,5.099510092069035
2022-05-16,244.60000610351562,245.39999389648438,238.0,238.6999969482422,7863585,234.85999908447266,96.491279731231,-4.926816893595575,51.003354380929686,86.69757212117239
2022-05-17,240.10000610351562,246.5,239.60000610351562,244.89999389648438,7167824,234.78000030517578,73.22177602134954,-4.519318431233242,49.91817446009254,75.24270168640216
2022-05-18,239.0,243.60000610351562,236.6999969482422,241.1999969482422,13383602,235.31000061035155,68.61923884799306,-4.121518739413987,50.0,45.3458268155531
2022-05-19,237.0,238.60000610351562,232.60000610351562,238.1999969482422,9135841,235.81000061035155,56.62099247650912,-3.773166423256897,57.87476159964143,-7.329365706718272
2022-05-20,232.6999969482422,238.531005859375,232.10000610351562,237.39999389648438,9719799,236.29000091552734,36.986269873010606,-3.534072196029167,49.427475358814334,-29.57621501663811
2022-05-23,233.3000030517578,234.39999389648438,229.0,232.89999389648438,7665515,236.32000122070312,39.726024533910056,-3.358364924382456,41.62997334419596,-61.911950755287606
2022-05-24,232.3000030517578,233.3000030517578,229.75999450683594,233.10000610351562,4630270,236.2500015258789,35.15981321564786,-3.2398982569711214,48.21429544564569,-63.832224235767114
2022-05-25,229.3000030517578,231.10000610351562,225.6999969482422,228.6999969482422,10012842,236.04000244140624,21.461179260861265,-3.203997974193906,46.666674201862634,-113.12045844796333
2022-05-26,232.3000030517578,234.8000030517578,229.72000122070312,230.1999969482422,6413272,235.94000244140625,31.730793919080014,-3.1665648465256675,55.583762341114145,-39.24465906452134
2022-05-27,231.10000610351562,233.10000610351562,228.3000030517578,231.10000610351562,6271545,235.17000274658204,25.96157866821602,-3.1420612764243976,47.32395455893541,-72.00843871770621
2022-05-30,231.10000610351562,234.59800720214844,230.39999389648438,232.6999969482422,5264470,233.82000274658202,25.96157866821602,-3.11978482693127,47.32395455893541,-46.25404731549572
2022-05-31,228.39999389648438,231.1320037841797,227.1999969482422,230.39999389648438,16397205,232.6500015258789,12.980752654331992,-3.13603855892616,45.90164344498086,-101.40481897320379
2022-06-01,227.1999969482422,232.39999389648438,227.1999969482422,229.8000030517578,8499416,231.47000122070312,7.211537403467999,-3.1875877989600045,41.50417554991108,-92.82159900659272
2022-06-06,227.8000030517578,234.1999969482422,227.8000030517578,231.89999389648438,7386338,230.5500015258789,10.096181708676013,-3.241719378974172,32.258081981947385,-66.71367665076589
2022-06-07,221.39999389648438,227.968994140625,221.3979949951172,227.60000610351562,16059278,229.4200012207031,0.007963114367950592,-3.3893517267654354,13.291162467285375,-179.03721194177677
2022-06-08,222.39999389648438,224.55999755859375,220.1999969482422,222.10000610351562,10524922,228.3300003051758,9.40169268158767,-3.564169978631317,18.50535740272943,-176.14673336879875
2022-06-09,209.39999389648438,213.89999389648438,207.55499267578125,213.5,14618639,226.03999938964844,5.942987349636237,-3.9461475099250527,13.000020599349511,-294.7424812601611
2022-06-10,213.3000030517578,215.156005859375,208.5,208.5,12619473,224.43999938964845,18.546642338786747,-4.366728134155691,21.718407508336796,-206.71153343454705
2022-06-13,204.89999389648438,213.89999389648438,204.39999389648438,213.0,11737761,221.6999984741211,1.6447363467759544,-4.9135214812424,19.782635448984436,-202.26329151295516
2022-06-14,203.3000030517578,205.1999969482422,201.6999969482422,205.1999969482422,7686480,218.9199981689453,4.833854406285698,-5.525086717182144,18.085127105630363,-188.28512841513836
2022-06-15,209.8000030517578,211.10000610351562,203.6999969482422,204.1999969482422,8170130,216.78999786376954,24.471313020861665,-6.028893964041062,28.571441027575673,-126.60310609821127
2022-06-16,207.6999969482422,209.63400268554688,205.1999969482422,209.5,7494816,214.71999816894532,18.126884874993202,-6.458513484599321,29.069776382013572,-113.65369920637522
2022-06-17,205.8000030517578,209.36000061035156,205.8000030517578,208.0,18681349,212.5799987792969,12.462778362192278,-6.834705244668173,23.762392093232663,-102.32602940695168
2022-06-20,208.39999389648438,209.39999389648438,205.0749969482422,205.39999389648438,20817191,210.63999786376954,20.365964070567586,-7.100629914654003,28.131019721755095,-85.78559941198247
2022-06-21,205.10000610351562,209.05799865722656,205.10000610351562,209.0,5961713,209.00999908447267,10.461566631610577,-7.319966704192248,26.449280570368984,-82.95587539102867
2022-06-22,207.1999969482422,209.0,204.5,205.39999389648438,7510874,207.48999938964843,16.923076923076923,-7.448417303645607,30.58608012542392,-71.93669582539353
2022-06-23,204.5,208.5,204.5,206.8000030517578,6368177,207.0,8.615394005408653,-7.539269031926951,29.76827036293892,-71.68062134202026
2022-06-24,210.8000030517578,210.8000030517578,203.60000610351562,204.39999389648438,8125614,206.75,34.64161968906199,-7.484095530084064,36.245951975791364,-50.48644480112888
2022-06-27,211.60000610351562,214.8000030517578,210.27499389648438,211.89999389648438,8866185,207.4200012207031,43.30712550720788,-7.310467180072136,41.281146809690256,-20.394032383085598
2022-06-28,213.5,215.60000610351562,210.89999389648438,212.0,7980700,208.44000091552735,84.89205237164238,-7.02472018470027,42.20665700365356,-6.712094349474409
2022-06-29,211.0,212.9510040283203,209.8000030517578,210.60000610351562,8710356,208.56000061035155,66.90645270711597,-6.707554005818132,51.716745645676326,-18.103861374118893
2022-06-30,204.0,209.39999389648438,200.8000030517578,208.89999389648438,8662137,208.19000091552735,21.621596543266392,-6.4837143058947335,40.6438537893862,-80.40470096604929
2022-07-01,207.39999389648438,209.60000610351562,203.1999969482422,203.6999969482422,7539759,208.35,44.59452353925477,-6.26108126860519,52.79642363633385,-54.6250755158851
2022-07-04,208.39999389648438,208.89999389648438,204.89999389648438,208.39999389648438,3746944,208.35,51.35127890276957,-6.02065064912389,55.78230774686995,-39.97254579375425
2022-07-05,210.60000610351562,215.10000610351562,208.0,211.8000030517578,12076351,208.9,66.216223182426,-5.732846429749698,51.00502965306166,49.08793572848926
2022-07-06,214.6999969482422,218.3000030517578,212.89999389648438,212.89999389648438,10692054,209.65,79.42853655133929,-5.351957252500238,58.373214300055274,175.47867339601729
2022-07-07,213.89999389648438,216.10000610351562,213.10000610351562,215.0,7315594,210.58999938964843,74.85709054129464,-4.933256455355266,59.95085691105618,131.39442150709587
2022-07-08,216.89999389648438,217.89999389648438,212.6999969482422,213.0,7977937,211.1999984741211,91.99994768415179,-4.453697917829012,60.34063874591243,150.0473809104209
2022-07-11,215.1999969482422,217.5,214.1999969482422,215.89999389648438,5491484,211.55999755859375,82.28567940848214,-3.9781057586004587,62.78480347637842,122.92511037635249
2022-07-12,215.1999969482422,215.5,212.0,214.8000030517578,4803864,211.72999725341796,82.28567940848214,-3.5208640676010265,60.69518891118323,84.49693142650908
2022-07-13,214.8000030517578,215.89999389648438,212.6999969482422,215.0,4841284,212.10999755859376,80.0,-3.0974503671743223,64.67237284665174,79.72695147087701
2022-07-14,209.89999389648438,216.0,208.8000030517578,214.0,10114140,212.6999969482422,51.999947684151785,-2.7885525100229507,48.66467472288542,20.6444723384936
2022-07-15,213.3000030517578,214.58900451660156,209.60000610351562,209.60000610351562,10378853,213.28999786376954,71.42857142857143,-2.5070230654488155,52.34159339576126,34.977250440561704
2022-07-18,215.5,218.3000030517578,213.6999969482422,213.89999389648438,5790059,213.9999984741211,83.99998256138393,-2.2165921712582723,52.732239981522696,96.18599022837111
2022-07-19,216.60000610351562,219.10000610351562,213.1999969482422,213.89999389648438,5131085,214.5999984741211,86.33880009238653,-1.9132048714289869,57.95455136574785,97.9569113786014
2022-07-20,216.3000030517578,219.8000030517578,216.1999969482422,218.89999389648438,6341746,214.75999908447267,78.91567040292381,-1.6180266037052198,71.57894116910103,112.9990720641265
2022-07-21,216.60000610351562,216.89999389648438,214.3000030517578,216.3000030517578,4039381,215.03000030517578,78.52352361065739,-1.334993147424537,68.11024284279378,74.602429900842
2022-07-22,220.39999389648438,220.6999969482422,215.5,215.8000030517578,4694118,215.38000030517577,97.63777067836747,-1.01073959984607,71.27658653461145,131.50464938347113
2022-07-25,221.1999969482422,222.9720001220703,218.39999389648438,220.3000030517578,2938227,215.9800003051758,87.49644693661335,-0.6625807429234735,69.77610007031568,155.25908710606035
2022-07-26,214.5,219.63400268554688,213.8000030517578,218.8000030517578,7514187,215.91000061035157,40.22013919394988,-0.42307394647804086,49.65986924156057,45.848006745877186
2022-07-27,217.5,217.6999969482422,213.67300415039062,215.10000610351562,5491447,216.18000030517578,61.38864484009061,-0.2153959796690511,55.69621108888822,48.79472054777978
2022-07-28,218.5,218.6999969482422,216.10000610351562,218.39999389648438,3243991,217.04000091552734,68.44481338880419,-0.02210918187877009,52.70271245539641,80.07919621896701
2022-07-29,221.0,222.89999389648438,219.3000030517578,219.60000610351562,5919865,217.81000061035155,86.08523476058812,0.1919615278261675,59.53947583063753,166.78577921250874
2022-08-01,220.5,221.60000610351562,220.10000610351562,221.10000610351562,3610877,218.31000061035155,82.55715048623134,0.39942252340117773,58.57605417707993,150.8165751886256
2022-08-02,220.6999969482422,222.54200744628906,219.39999389648438,220.3000030517578,5557555,218.71999969482422,83.96836266225657,0.5941456997860768,59.609106759789974,133.2235685409443
2022-08-03,217.89999389648438,221.5,216.5,221.5,5807547,218.87999877929687,62.069933485251845,0.7246507556097764,63.986011001264444,56.37743591193021
2022-08-04,219.0,219.5,217.1999969482422,217.60000610351562,4108383,219.1199981689453,59.353266148047055,0.8239621761758686,60.83649484189169,48.235965479434256
2022-08-05,217.0,220.177001953125,217.0,219.39999389648438,3224265,218.77999877929688,38.88663341754916,0.864729153334463,52.87356254640483,29.584726586272698
2022-08-08,218.10000610351562,218.3780059814453,215.1999969482422,216.8000030517578,3447870,218.46999969482422,47.60731122593815,0.8822435975234135,52.87356254640483,2.0805462560105603
2022-08-09,217.0,219.10000610351562,217.0,218.39999389648438,5169979,218.71999969482422,35.77801151588644,0.864704901871608,51.30110912639775,12.301127965421804
2022-08-10,221.3000030517578,221.6999969482422,216.1999969482422,217.60000610351562,4674625,219.1,82.01959571329414,0.8927481845769902,57.60517080209356,73.79973422708967
2022-08-11,220.1999969482422,222.88299560546875,218.8000030517578,221.39999389648438,4916471,219.2699996948242,70.19029600324244,0.9283065844033238,49.64539582721224,98.04309267071947
2022-08-12,220.10000610351562,221.60000610351562,219.83599853515625,220.39999389648438,3377884,219.18000030517578,69.65437406978667,0.9630001899613211,48.00001775567196,86.0359338010298
2022-08-15,221.3000030517578,221.89999389648438,219.5,220.5,3433717,219.26000061035157,82.65966595005789,1.0122834413224102,65.45454167137723,92.40668882563749
2022-08-16,223.6999969482422,223.7100067138672,221.3979949951172,222.3000030517578,4169861,219.56000061035155,99.88237656711708,1.104110992737316,64.48596798079961,153.59688372245546
2022-08-17,221.1999969482422,225.0,220.8000030517578,224.5,2591098,219.89000091552734,61.22447073038195,1.1753882030457115,55.895187486465325,114.48489749804905
2022-08-18,221.3000030517578,222.6999969482422,220.0,221.6999969482422,1885822,220.12000122070313,62.24494085664061,1.2289649800325817,50.73171421574721,70.50035014383153
2022-08-19,219.5,222.39999389648438,219.1999969482422,221.0,3492963,220.37000122070313,43.87756849714988,1.2371198279563054,47.706423944799624,29.46466143813895
2022-08-22,218.6999969482422,221.38400268554688,216.60000610351562,220.0,3826282,220.43000030517578,35.7142745927228,1.20079437232477,45.535719151394275,-25.35040526405252
2022-08-23,215.10000610351562,219.26199340820312,215.10000610351562,216.8000030517578,5659598,220.24000091552733,0.0,1.078321159921539,43.965546724755264,-125.00112078004341
2022-08-24,209.8000030517578,215.1999969482422,209.5,214.1999969482422,6340388,219.09000091552736,1.9355035597278225,0.8212562854119447,33.21169001056421,-274.39694156225335
2022-08-25,208.5,209.60000610351562,207.3000030517578,208.5,4885427,217.9200012207031,6.779644944296789,0.47069513144195696,34.08240428114563,-286.64979985691105
2022-08-26,202.6999969482422,209.89999389648438,202.6999969482422,209.1999969482422,7464988,216.18000030517578,0.0,-0.013699154844942996,25.477699577856498,-271.33306249862414
2022-08-30,205.6999969482422,209.5,201.5749969482422,201.6999969482422,5193006,214.61999969482423,17.609389381447528,-0.5086902357704901,33.03303000574151,-198.06857645082923
2022-08-31,203.39999389648438,205.88699340820312,202.91799926757812,205.8000030517578,12289935,212.58999938964843,7.790807728860636,-1.0199107293248084,21.405738961632196,-173.68484960776703
2022-09-01,200.0,202.6999969482422,199.0,200.8000030517578,6563282,210.46999969482422,3.8461538461538463,-1.56642481528307,19.94047254121122,-172.21210703640273
2022-09-02,203.1999969482422,203.6820068359375,199.25,200.5,4810762,208.65999908447264,16.153834416316105,-2.0517867883776595,26.97546245152631,-128.61151963368883
2022-09-05,205.0,206.0,200.10000610351562,201.1999969482422,4254371,207.20999908447266,23.076923076923077,-2.439981890658883,28.150131745110343,-96.75783579655021
2022-09-06,209.89999389648438,211.89999389648438,202.1999969482422,202.5,8594498,206.3299987792969,41.92305344801683,-2.6631870989408055,32.66331407837879,-50.725745180125244
2022-09-07,207.0,210.0,206.10000610351562,209.1999969482422,8010018,205.5199981689453,33.75527860814073,-2.8114768189860477,32.33831091265405,-48.33606390345056
2022-09-08,197.60000610351562,207.39999389648438,197.5,207.0,13396881,204.29999847412108,0.4016310362620002,-3.0486008584165374,26.06060176366995,-99.45711436262077
2022-09-09,202.60000610351562,203.89999389648438,197.60000610351562,198.3000030517578,5919289,203.70999908447266,21.353230321824718,-3.2422536364581354,33.96584462204227,-86.77432711160104
2022-09-12,213.39999389648438,215.10000610351562,203.60800170898438,206.7570037841797,7395780,204.77999877929688,73.06313166371476,-3.218810621988875,45.773520024433545,0.5560992563199157
2022-09-13,210.0,213.47900390625,207.39999389648438,212.60000610351562,8031963,205.20999908447266,70.62148110280546,-3.1074336885354703,45.919993124996644,1.8676022288451581
2022-09-14,202.89999389648438,209.6999969482422,202.89999389648438,208.8000030517578,10260782,205.15999908447264,30.681772862599853,-3.0529740218281898,44.634516249905374,-46.57186747382494
2022-09-15,201.6999969482422,207.10000610351562,200.8000030517578,203.39999389648438,7434579,205.3299987792969,23.863610748426005,-3.0492307660732068,44.70404469829294,-65.12388200817645
2022-09-16,202.8000030517578,204.60000610351562,199.85000610351562,200.60000610351562,18196681,205.28999938964844,30.113643260039154,-3.052972033175347,50.08403878555363,-70.3425545630182
2022-09-20,194.1999969482422,204.65899658203125,193.8000030517578,202.39999389648438,9839391,204.20999908447266,1.877905348240619,-3.191458064571034,41.1674314033966,-135.0993702268732
2022-09-21,194.8000030517578,198.75,193.75,194.39999389648438,7613136,202.7,4.918045674867102,-3.390293111737535,43.217670550118044,-159.31831485422623
2022-09-22,195.6999969482422,197.4499969482422,192.89999389648438,193.60000610351562,5078284,201.56999969482422,12.612619424015396,-3.5944444503342714,46.46961858776726,-155.740574128752
2022-09-23,192.9499969482422,198.10000610351562,192.14999389648438,195.6999969482422,7134354,201.10499877929686,3.4858502232635575,-3.8269081647834406,41.52191637322832,-153.96959821053503
2022-09-26,191.71800231933594,195.0,190.05999755859375,192.25,5263432,200.0167984008789,6.62142250378118,-4.075864852827255,38.90985303579505,-164.95329697216684
2022-09-27,189.10000610351562,194.39999389648438,189.10000610351562,192.35000610351562,7416752,197.58679962158203,0.0,-4.354587176361517,31.944447387884935,-157.6086236532986
2022-09-28,182.35000610351562,187.3000030517578,177.25,187.0,15431016,194.8218002319336,13.474254375462097,-4.735122261473496,29.943042114270355,-221.7529881299832
2022-09-29,172.3000030517578,181.75,172.3000030517578,181.0,9725346,191.76180114746094,0.0,-5.309072962715677,29.629624169335727,-230.75403568639834
2022-09-30,174.3000030517578,177.14999389648438,172.14999389648438,172.8000030517578,9981817,189.0218017578125,5.00584061515462,-5.930156097791526,26.0575233200032,-191.1583562901102
2022-10-03,176.5500030517578,177.0500030517578,171.39999389648438,173.3000030517578,7822617,186.3968017578125,12.238902849848968,-6.498809263863889,13.550950919828722,-156.0836367070689
2022-10-04,180.60000610351562,181.0,176.0500030517578,177.5500030517578,12966195,185.03680267333985,24.020917686608403,-6.925363068291146,21.28907530568236,-109.37838885929018
2022-10-05,172.1999969482422,182.4219970703125,170.75,179.14999389648438,10469097,182.77680206298828,3.9889868081808926,-7.358724027281123,20.761916166202752,-118.71926951176096
2022-10-06,169.9499969482422,175.10000610351562,169.75,174.6999969482422,7148442,180.2018020629883,0.5729094726977405,-7.79275949663166,20.3548187267877,-122.44991758505998
2022-10-07,170.14999389648438,172.35000610351562,168.6999969482422,169.1999969482422,6700836,177.9218017578125,4.0323617536893055,-8.183512769787926,18.993349023944845,-111.98769296651909
2022-10-10,173.0,174.10000610351562,168.86700439453125,169.25,6020424,176.0500015258789,14.309492895396822,-8.462531604812195,27.398728347733737,-90.83092851946833
2022-10-11,175.25,176.1999969482422,171.9499969482422,173.0,6945646,174.66500091552734,22.27891500701437,-8.601705573063427,29.86611552741192,-69.70949972618982
2022-10-12,171.39999389648438,175.6999969482422,170.0500030517578,175.1999969482422,8877412,173.56999969482422,9.183660229431911,-8.687751330532171,26.40777101749427,-74.77951677520753
2022-10-13,176.64999389648438,178.1999969482422,170.35000610351562,170.85000610351562,7396448,174.00499877929687,30.22812177092441,-8.632424867562172,34.907408846421745,-53.80985784431804
2022-10-14,178.64999389648438,182.60000610351562,178.14999389648438,180.4499969482422,6952466,174.43999786376952,38.715946030191034,-8.43980546592572,38.06967252736415,-17.990220573110417
2022-10-17,182.6999969482422,182.9499969482422,177.85000610351562,178.75,7960592,175.05499725341798,75.26879250514779,-8.087379480303245,44.30604445952825,-0.567148369953531
2022-10-18,184.4499969482422,185.9499969482422,181.75,183.14999389648438,33861910,175.43999633789062,91.30434782608695,-7.606911574664494,52.05077120918388,32.462484827742145
2022-10-19,182.9499969482422,185.10000610351562,180.8000030517578,184.6999969482422,4488652,176.51499633789064,82.6086956521739,-7.0779703294258525,62.48533153590983,31.580024317155164
2022-10-20,184.9499969482422,185.64999389648438,180.64999389648438,183.10000610351562,4613526,178.01499633789064,94.20289855072464,-6.498333950104234,62.48533153590983,51.15076215014404
2022-10-21,185.89999389648438,187.10000610351562,182.22000122070312,183.60000610351562,4998654,179.58999633789062,93.47819777205206,-5.887340675657329,61.305908118889334,78.43002369302751
2022-10-24,187.25,189.93299865722656,184.33799743652344,187.5500030517578,4657808,181.01499633789064,87.36401619516991,-5.253765784692037,58.60283272429813,113.69579186704888
2022-10-25,190.10000610351562,190.64999389648438,186.25,187.85000610351562,5974831,182.4999969482422,97.4943605037139,-4.581805638889922,77.03927130339939,141.84512458487552
2022-10-26,192.14999389648438,193.7949981689453,190.01499938964844,191.5500030517578,3800195,184.5749969482422,93.44489263820468,-3.877862400400975,83.73858779714628,159.98995043612388
2022-10-27,193.3000030517578,197.10000610351562,191.11300659179688,192.14999389648438,8103791,186.23999786376953,86.54056309376213,-3.1635884895679824,84.19496978671518,155.499962264778
2022-10-28,190.4499969482422,193.1999969482422,190.25,191.85000610351562,6010657,187.4199981689453,75.41586541580337,-2.5185426568878975,75.77545928475317,112.13820708686053
2022-10-31,194.39999389648438,195.8000030517578,190.39999389648438,190.5500030517578,7368110,188.58999786376953,90.0184402868088,-1.8819418483653254,76.93387346414251,120.10344826785612
2022-11-01,199.60000610351562,201.39999389648438,195.6999969482422,195.6999969482422,11298462,190.10499877929686,94.20293558577065,-1.1967533998239528,88.21137337281043,149.99617468918154
2022-11-02,197.85000610351562,200.7790069580078,196.9499969482422,198.8000030517578,14591479,191.59499969482422,84.92573404208447,-0.5422224553542762,81.73652202197995,130.6437114968321
2022-11-03,211.60000610351562,212.5,199.14999389648438,203.0,14603225,194.26000061035157,97.4026145598378,0.27939041985690205,86.48947330000621,181.6012426598301
2022-11-04,208.6999969482422,211.10000610351562,205.89999389648438,207.39999389648438,7554705,196.54000091552734,88.0690664880646,1.1157519681559105,79.54543405329336,164.09524154396073
2022-11-07,218.0,219.39999389648438,207.5,208.6999969482422,9873480,199.61500091552733,96.38711252520162,2.0633473372695605,82.54120388363309,183.08983327238977
2022-11-08,219.1999969482422,220.0,216.1999969482422,218.10000610351562,8581914,202.525,97.96695571112926,3.04542985973897,85.36583259942323,178.23600012359245
2022-11-09,218.39999389648438,219.89999389648438,215.0,219.5,9701609,205.15,95.76493871039399,3.977941141032292,83.41655795485414,148.7942572171049
2022-11-10,212.8000030517578,216.19000244140625,208.0399932861328,215.0,9597114,207.1,79.81045249652888,4.732087230650884,74.5886614701264,99.75187731581762
2022-11-11,218.39999389648438,219.10000610351562,211.0,212.1999969482422,10058277,209.8949996948242,95.25924117476852,5.413463088726815,76.42068485676154,108.28910131454418
2022-11-14,220.1999969482422,221.6999969482422,216.5540008544922,218.0,8592859,212.475,95.26589832545793,6.02988874706166,75.99307952094262,112.01677346507864
2022-11-15,216.10000610351562,220.10000610351562,215.89999389648438,219.8000030517578,6935970,214.125,82.19398604730371,6.494134531366539,69.97498526299071,88.54792282532487
2022-11-16,211.0,217.39999389648438,209.1179962158203,217.39999389648438,7425535,215.43999938964845,65.97774885049635,6.742491322729585,63.84976088597436,55.00143006882432
2022-11-17,210.89999389648438,213.5,210.0,212.3000030517578,5387967,215.3699981689453,65.49520128193316,6.825550761824388,66.72117243377275,43.596975362843914
2022-11-18,216.8000030517578,217.10000610351562,210.5,212.39999389648438,9017890,216.17999877929688,81.15386962890625,6.879225299157696,67.74960504898891,58.792606128124305
2022-11-21,216.6999969482422,217.6999969482422,214.9810028076172,217.0,3920180,216.04999847412108,79.79797979797979,6.89439355645261,64.74136753967088,65.43736358995142
2022-11-22,220.6999969482422,223.1999969482422,216.6999969482422,216.6999969482422,8408490,216.1999984741211,89.60499092403535,6.932735624608396,68.96264320148308,88.05788184658634
2022-11-23,223.3000030517578,224.39999389648438,217.60000610351562,220.60000610351562,7465536,216.68999938964845,94.05410354201858,7.009273105913256,61.91445199372619,95.78528094360503
2022-11-24,226.10000610351562,227.1999969482422,223.2449951171875,224.10000610351562,5823468,218.0199996948242,94.41628926331019,7.134435373092473,67.75510585392361,124.05641502989633
2022-11-25,225.1999969482422,226.60000610351562,223.01800537109375,226.60000610351562,5768389,218.7,89.56158863395638,7.252893559383529,58.866986650069926,116.55379984597855
2022-11-28,223.6999969482422,226.3000030517578,223.10000610351562,224.39999389648438,4937790,219.05,81.73278010942366,7.320477548322281,55.50121921009512,109.69196214605017
2022-11-29,223.10000610351562,225.10000610351562,222.33999633789062,224.8000030517578,3864197,219.75,78.60130448286571,7.326374358961591,55.773969038539114,95.49512421882758
2022-11-30,222.60000610351562,224.8000030517578,220.1999969482422,223.60000610351562,19043175,220.91000061035157,74.56038790841014,7.268622223649871,63.764040970681286,77.16043526766474
2022-12-01,222.0,226.10000610351562,221.23500061035156,224.10000610351562,5126767,222.02000122070314,71.24213727677629,7.147864217175476,55.8823558744273,78.47925000712547
2022-12-02,223.89999389648438,225.5,220.60000610351562,221.60000610351562,5096686,222.7300003051758,81.74979029925183,7.007967550045562,56.026048270415316,74.6353882507159
2022-12-05,225.39999389648438,225.39999389648438,220.8000030517578,223.6999969482422,4316367,223.6,90.04533249171746,6.871367803972457,66.5479994178861,76.31158157988311
2022-12-06,226.39999389648438,226.60000610351562,223.89999389648438,226.3000030517578,4797585,224.1699996948242,95.34881864127557,6.744288467349682,82.08327982167584,95.43174164663534
2022-12-07,225.89999389648438,227.8000030517578,224.5,226.0,9685413,224.42999877929688,89.01729005718076,6.606489242120214,80.73767416264351,92.7429715878949
2022-12-08,224.1999969482422,226.3000030517578,222.1999969482422,226.1999969482422,3980928,224.23999786376953,71.9166390907814,6.427014677708117,68.31680550645552,58.328413541688505
2022-12-09,226.39999389648438,227.6999969482422,224.60000610351562,225.89999389648438,5821694,224.35999755859376,87.38731184273833,6.251278371224778,71.74886910492503,86.9147419722266
2022-12-12,221.5,225.6999969482422,219.1999969482422,225.10000610351562,4322781,224.13999786376954,38.235245718936014,5.994673051255194,51.72414473489495,11.617006855862446
2022-12-13,222.1999969482422,226.10000610351562,218.89999389648438,222.0,5338935,224.04999694824218,37.07864783265412,5.698337245216148,47.4178245682405,12.919658655747618
2022-12-14,220.5,223.5,217.89999389648438,223.0,5414279,223.83999633789062,26.262663627242,5.352523431170002,36.138586188819374,-36.80117957944112
2022-12-15,218.3000030517578,221.39999389648438,218.1999969482422,219.89999389648438,6622986,223.4699966430664,4.0404927813664155,4.946526741801332,33.953479789527776,-95.33459790294113
2022-12-16,217.89999389648438,221.60000610351562,214.60000610351562,218.1999969482422,18774047,222.8699966430664,24.999913302314827,4.50643556197812,35.78429135940246,-148.84706126606585
2022-12-19,220.10000610351562,222.0,216.8000030517578,218.39999389648438,3859282,222.33999786376953,41.6666762997428,4.092873754572398,43.18181818181818,-112.36236994281619
2022-12-20,220.5,222.6999969482422,218.00999450683594,219.5,10062440,221.7499984741211,44.69693379186776,3.7146728189751372,45.20546418085363,-86.50673450645607
2022-12-21,221.8000030517578,223.1999969482422,220.1999969482422,221.0,4472161,221.33999938964843,54.54544403664422,3.390735609439172,49.557528696324994,-40.00123371888476
2022-12-22,220.10000610351562,223.6999969482422,219.39999389648438,222.10000610351562,3184711,220.93000030517578,41.6666762997428,3.0829405451773906,41.517882079501035,-56.703766215764816
2022-12-23,219.3000030517578,221.89999389648438,219.3000030517578,220.89999389648438,1550231,220.22000122070312,35.60604571857932,2.7816079641542135,35.944719579279266,-80.34886319902937
2022-12-28,218.5,220.8000030517578,217.54800415039062,219.5,4185526,219.9200012207031,29.54541513741583,2.4810188655873118,31.627921170966573,-109.7454814313918
2022-12-29,219.10000610351562,219.10000610351562,216.0,218.60000610351562,3945710,219.61000213623046,34.351169045369886,2.2005711477646535,34.25929196413054,-122.23200499010862
2022-12-30,217.6999969482422,220.10000610351562,217.60000610351562,217.89999389648438,1745271,219.3300018310547,23.66406878806692,1.9200973147964913,34.74179715427411,-97.1114727185668
2023-01-03,224.89999389648438,226.60000610351562,219.08299255371094,219.10000610351562,9419404,219.99000091552733,85.83323160807292,1.76480547115289,47.14829095879666,55.01290230948271
2023-01-04,235.6999969482422,236.1999969482422,225.3000030517578,226.0,14244431,221.77000122070314,97.68518420403835,1.8644013206356989,72.04966589440832,251.45506605165951
2023-01-05,239.89999389648438,240.94000244140625,236.1999969482422,236.1999969482422,10896199,223.75,96.05159950828921,2.18129400975091,74.78989262009449,292.02271031856384
2023-01-06,243.60000610351562,244.89999389648438,238.89999389648438,239.39999389648438,9739091,226.06000061035155,95.709609515848,2.6718320333133616,80.63657814960072,260.3557068707357
2023-01-09,247.10000610351562,248.89999389648438,242.68800354003906,243.5,7927588,228.59000091552736,94.75222031030071,3.295243584847876,86.92303749706073,228.80791562586413
2023-01-10,245.8000030517578,249.89999389648438,243.6999969482422,248.10000610351562,13490435,231.16000061035157,87.90562954894291,3.941006109738221,84.96238272446746,176.9520289442239
2023-01-11,241.89999389648438,244.3000030517578,237.6999969482422,243.39999389648438,17495156,233.4199996948242,76.4011756921595,4.495721134694033,76.20188533910428,111.01531960929762
2023-01-12,244.5,245.39999389648438,238.8000030517578,244.5,6440180,236.0199996948242,84.07081159668178,4.9955251933454266,77.39722973161282,104.57262132864246
2023-01-13,241.0,247.10000610351562,239.89999389648438,246.5,9214121,238.20999908447266,73.74632596200156,5.367485299230905,70.86954113218113,89.65152744974685
2023-01-16,243.3000030517578,245.3000030517578,240.1999969482422,240.6999969482422,4933608,240.7699996948242,80.53099695274275,5.664278149542786,74.89267287517507,80.93017188537105
2023-01-17,244.39999389648438,244.39999389648438,240.60000610351562,243.0,6604968,242.71999969482422,83.77580828835966,5.903038924466925,76.75902943772549,73.85027801296928
2023-01-18,242.60000610351562,244.74400329589844,241.3000030517578,244.1999969482422,4906779,243.41000061035157,78.46610882804377,6.050738110718401,75.15656974951389,65.8287235404945
2023-01-19,241.10000610351562,242.89999389648438,239.10000610351562,242.3000030517578,4930182,243.53000183105468,72.75544545287914,6.095896541916916,72.54097514882004,49.24162631677744
2023-01-20,243.39999389648438,244.1999969482422,241.3000030517578,242.39999389648438,5160120,243.51000061035157,78.90774664380432,6.0972183154555655,75.85512930212681,56.441029223519266
2023-01-23,244.8000030517578,245.89999389648438,243.0,244.6999969482422,8028640,243.28000030517578,79.26832218386848,6.07943436619902,72.66515376441895,62.36619912058246
2023-01-24,242.10000610351562,246.8040008544922,240.8000030517578,245.1999969482422,7984251,242.91000061035157,43.0657698506309,5.9936744489888,58.93855951076405,49.500135598297256
2023-01-25,239.0,244.10000610351562,237.8000030517578,240.89999389648438,6689446,242.62000122070313,10.655765384802992,5.806684605248615,48.70317927971505,22.736548584985165
2023-01-26,239.39999389648438,241.10000610351562,238.39999389648438,239.60000610351562,6283427,242.11000061035156,13.934404700708784,5.559195181520803,43.312081172886,9.875706834221775
2023-01-27,252.5,254.89999389648438,247.60000610351562,247.8000030517578,58307850,243.26000061035157,86.04654463773232,5.483092013729694,56.58535841034681,153.44930285597323
2023-01-30,262.79998779296875,262.79998779296875,252.0,252.8000030517578,11893709,245.20999908447266,100.0,5.670233098425972,66.99998992919615,281.15381573190376
2023-01-31,262.6000061035156,263.1000061035156,258.5,262.79998779296875,11306579,247.03000030517578,98.02371565340479,5.996446136538586,72.35424547360623,261.0980215882331
2023-02-01,263.70001220703125,265.70001220703125,260.79998779296875,261.8999938964844,11526925,249.14000091552734,92.83154357093831,6.396608995508119,71.42860548840093,219.90632265904304
2023-02-02,267.5,269.29998779296875,263.7720031738281,263.8999938964844,7658542,251.78000030517578,94.28575027017757,6.868192391308715,79.37919321169143,197.29196459838383
2023-02-03,267.5,269.3999938964844,264.8999938964844,267.20001220703125,5487103,254.19000091552735,93.98735934506941,7.344165615334541,78.27106277253286,158.7957683534056
2023-02-06,266.6000061035156,267.70001220703125,264.79998779296875,266.8999938964844,3319854,256.3700012207031,91.139276569012,7.7668412797446775,76.0563859547322,125.43623591497146
2023-02-07,268.0,269.70001220703125,265.79998779296875,267.0,15887213,258.9600006103516,94.67080965790187,8.13858759217738,80.09481431984773,115.76615219050129
2023-02-08,264.29998779296875,268.9119873046875,264.29998779296875,267.79998779296875,6354946,261.48999938964846,83.07202863868203,8.38134379629978,76.12612705495505,90.19186020512488
2023-02-09,264.8999938964844,267.29998779296875,263.29998779296875,264.79998779296875,3550061,264.0399993896484,84.95292497509087,8.520995787198613,75.17565482388777,76.26844450954202
2023-02-10,259.70001220703125,265.5,259.04998779296875,264.6000061035156,4508802,264.76000061035154,68.65204661439138,8.48631952273444,66.02153099292812,47.47103002977153
2023-02-13,260.20001220703125,261.3999938964844,259.0719909667969,260.1000061035156,2703365,264.5000030517578,70.2194442836718,8.332830641370242,70.42892049646568,35.609823372866046
2023-02-14,264.3999938964844,265.8999938964844,260.70001220703125,260.8999938964844,4296186,264.6800018310547,83.06704405741202,8.160934502589907,77.97360292807856,52.97223631720894
2023-02-15,265.20001220703125,266.70001220703125,261.6000061035156,265.79998779296875,4924149,264.8300018310547,79.63801467328939,7.980675535487629,78.16598512899685,54.19686283937826
2023-02-16,264.79998779296875,266.29998779296875,263.20001220703125,264.6000061035156,3097265,264.56000061035155,72.31626534067594,7.780052652763461,68.58005568770629,52.52539877892838
2023-02-17,264.3999938964844,266.5,263.33599853515625,264.20001220703125,4081235,264.25,52.678459517931785,7.553069062525857,53.44829173775382,49.42703476885217
2023-02-20,263.79998779296875,267.79998779296875,261.8999938964844,265.0,3038449,263.9699981689453,44.60083672416757,7.294674227210493,52.542333430317136,44.145214619451345
2023-02-21,262.70001220703125,264.70001220703125,261.0559997558594,263.8999938964844,4549972,263.43999938964845,34.272451143332,6.995961410099346,47.88135374047618,21.340886582996102
2023-02-22,262.8999938964844,263.29998779296875,260.0,262.0,5177535,263.3,36.150209181041895,6.674882462425892,38.49996719355345,-1.6847536327779558
2023-02-23,263.6000061035156,264.8999938964844,262.70001220703125,263.20001220703125,3090442,263.1700012207031,42.723078686457676,6.3525712250171695,40.5797165548425,9.719833695826077
2023-02-24,263.0,265.0,262.4840087890625,263.8999938964844,4125987,263.5,37.08923147458307,6.022332158169295,41.17645298870401,-17.14704530130291
2023-02-27,271.20001220703125,272.20001220703125,264.0,264.70001220703125,4735474,264.6,92.39545138083082,5.821536051396132,55.88237274063435,173.90348024643902
2023-02-28,268.20001220703125,271.8999938964844,267.0,271.0,9690707,264.98000183105466,69.58180552332328,5.651266641887783,57.3585366303066,148.9388082332101
2023-03-01,265.79998779296875,269.885986328125,264.8999938964844,268.20001220703125,4775853,265.0399993896484,51.33070317939197,5.457885211014624,51.590094194654576,64.061885208243
2023-03-02,265.3999938964844,266.79998779296875,263.6000061035156,264.70001220703125,3434372,265.1,48.202259989446254,5.241333693641988,62.12760486670329,12.05093662173435
2023-03-03,264.3999938964844,266.70001220703125,263.79998779296875,266.29998779296875,5137307,265.1,36.06548765540185,4.993711127650725,58.749950726889644,5.725060104714005
2023-03-06,265.6000061035156,266.8999938964844,263.1000061035156,264.6000061035156,4371397,265.2800018310547,45.90164344498086,4.747358430535222,52.857163617339744,17.767124956480313
2023-03-07,263.29998779296875,265.67401123046875,262.0,265.5,4318092,265.3399993896484,27.049053205593218,4.46720023910662,45.77773497793247,-38.61285266113507
2023-03-08,263.79998779296875,265.1000061035156,259.70001220703125,265.1000061035156,4668531,265.42999877929685,32.7998046875,4.178335329108565,47.78761420442423,-65.31983487382303
2023-03-09,262.6000061035156,264.79998779296875,260.5,264.79998779296875,2764934,265.3299987792969,23.199951171875,3.870487714080481,46.15387625004565,-67.67653010587495
2023-03-10,260.1000061035156,261.8999938964844,257.70001220703125,261.6000061035156,8529689,265.0399993896484,16.55168204471983,3.5181723236639177,42.68778851454288,-169.13575765902002
2023-03-13,254.3000030517578,261.0,253.1999969482422,260.8999938964844,8502053,263.3499984741211,5.789501158462397,3.0559000604536997,36.00000610350631,-275.0385104671949
2023-03-14,257.20001220703125,257.6000061035156,252.5,254.0,8586843,262.24999847412107,23.857915201462365,2.588244973453247,41.284451188782995,-226.00628113591054
2023-03-15,253.10000610351562,258.20001220703125,249.85400390625,257.29998779296875,5026879,260.9800003051758,14.526094117454257,2.0704189525739056,35.45709075877042,-218.01208033588523
2023-03-16,254.5,258.70001220703125,253.10000610351562,256.1000061035156,7271691,259.89000091552737,20.791167850714388,1.5659092393557468,38.48240196966277,-146.80075110378348
2023-03-17,249.1999969482422,256.29998779296875,248.0,254.39999389648438,12724652,258.3700012207031,5.02090901545671,1.0080656854747527,17.64707994293221,-182.10476954973734
2023-03-20,251.8000030517578,252.10000610351562,245.2480010986328,248.89999389648438,4725949,256.99000091552733,26.593091488999335,0.4852205876532977,25.595262153311538,-164.73834578631028
2023-03-21,262.3999938964844,262.8999938964844,255.60000610351562,257.20001220703125,5345865,256.9000015258789,79.21669362255415,0.1797309952260286,45.933023436467614,-10.866320098375791
2023-03-22,264.20001220703125,264.79901123046875,262.0,262.3999938964844,4389913,256.9400039672852,87.53010074102264,0.05479848949466207,48.611133677456365,35.99102802655151
2023-03-23,262.6000061035156,265.20001220703125,259.79998779296875,265.20001220703125,6628853,256.9400039672852,80.14045250654517,0.023932776376617348,47.945221705080684,20.954807984259233
2023-03-24,259.1000061035156,261.8999938964844,254.0,261.8999938964844,3507609,256.84000396728516,67.8155200916752,-0.0022506653021033968,42.95011406018512,-35.33305478590049
2023-03-27,261.29998779296875,262.1000061035156,259.1000061035156,261.29998779296875,4009892,257.5400024414063,80.45297592872302,0.0109777820126708,47.82608695652174,6.685705728244705
2023-03-28,264.79998779296875,266.20001220703125,262.3999938964844,262.70001220703125,4136501,258.3,93.31794734730113,0.1040308160008498,51.020408163265316,69.51431130027002
2023-03-29,267.79998779296875,268.8999938964844,262.79998779296875,262.79998779296875,5279649,259.76999816894534,95.34920328736298,0.28986450124248714,55.11809036924454,103.08685737574282
2023-03-30,275.70001220703125,277.1000061035156,268.20001220703125,268.20001220703125,6944578,261.88999938964844,95.60469145892147,0.6494892080940275,63.878998437740115,195.3872606785106
2023-03-31,278.70001220703125,280.3999938964844,275.09100341796875,276.20001220703125,6631701,264.84000091552736,95.16391090761425,1.145573569594094,72.84643354645141,220.2266609516448
2023-04-03,277.3999938964844,280.3999938964844,276.6099853515625,278.79998779296875,5192570,267.4,91.46563320818797,1.6778306102290248,69.49803344440622,188.7604628380228
2023-04-04,274.6000061035156,279.8999938964844,274.1000061035156,278.29998779296875,8732687,268.6200012207031,83.50025892892413,2.156361906514043,71.28711584888671,143.3459712076309
2023-04-05,272.70001220703125,275.4800109863281,272.20001220703125,275.1000061035156,9626714,269.4700012207031,78.09517732399019,2.5409054678869496,67.8431385455331,99.45267741655384
2023-04-06,273.1000061035156,275.0,271.5,272.5,3458503,270.52000122070314,79.23307553301811,2.846971360416778,75.92190681154014,85.32667641762804
2023-04-11,279.29998779296875,280.3999938964844,274.0,275.70001220703125,4657562,272.5399993896484,95.83330925064301,3.1802327538143493,77.665982323751,110.00656570205108
2023-04-12,279.8999938964844,280.1000061035156,277.8999938964844,279.70001220703125,4611446,274.4,98.10606016819351,3.51539400057096,72.04029549001069,106.22886842685205
2023-04-13,278.20001220703125,281.79998779296875,277.29998779296875,279.5,6094890,275.74000244140626,87.05044184642406,3.799041823217234,67.6767785747974,93.3351295432151
2023-04-14,276.29998779296875,278.70001220703125,275.6000061035156,278.3999938964844,3588493,276.5900024414062,80.21581865085899,3.9965601774353416,67.1678994801303,68.80454513473691
2023-04-17,279.0,280.1600036621094,275.5,276.29998779296875,3541132,276.9200012207031,87.66524206374281,4.163708159703629,75.44755855510607,72.34070322167297
2023-04-18,280.29998779296875,281.0,277.6000061035156,279.79998779296875,7005767,277.0799987792969,92.26803880452856,4.314309020633366,74.8691020005784,78.33355540485442
2023-04-19,282.20001220703125,283.0,279.3999938964844,280.1000061035156,3583914,277.56000061035155,96.03966678450675,4.467124317365533,73.77050137162202,92.47628641306152
2023-04-20,279.20001220703125,282.20001220703125,277.5,282.20001220703125,2708650,278.02000122070314,74.32438562703365,4.5552720213990385,65.57378826158376,70.60929052887886
2023-04-21,281.70001220703125,282.8999938964844,278.8999938964844,281.20001220703125,4139266,278.9200012207031,88.69575832201087,4.6277701363583486,59.61538085335722,82.3776861165079
2023-04-24,280.5,282.79998779296875,279.3999938964844,280.3999938964844,2776052,279.6600006103516,78.26086956521739,4.656965802941487,53.06120118748573,75.27662069208749
2023-04-25,280.5,281.29998779296875,277.3999938964844,280.3999938964844,10413286,279.7800018310547,78.26086956521739,4.646875681632208,55.51602389710474,58.45222735376153
2023-04-26,283.8999938964844,284.1000061035156,278.6929931640625,279.1000061035156,7244090,280.1800018310547,98.41260230044298,4.65634467761855,66.20206243447231,100.84928281389651
2023-04-27,274.1000061035156,285.60101318359375,271.6000061035156,284.8999938964844,8659758,279.77000122070314,18.43843466894053,4.510610735987145,51.91255964893118,-13.307249713969265
2023-04-28,276.3999938964844,278.1000061035156,272.3999938964844,272.79998779296875,7445615,279.7800018310547,34.28316095774709,4.301652581540772,54.285698432426955,-79.05923013223496
2023-05-02,283.3999938964844,284.20001220703125,275.20001220703125,276.6000061035156,8887290,280.2200012207031,84.27956450189086,4.165897222414304,55.216290322204905,84.16654397742094
2023-05-03,281.6000061035156,287.1400146484375,281.0,283.29998779296875,9954468,280.3500030517578,64.35002896615379,4.0449278010649,52.098780502507715,139.8690174396356
2023-05-04,281.6000061035156,282.3999938964844,279.29998779296875,282.29998779296875,5027527,280.2900024414063,64.35002896615379,3.9303481273591836,54.381433365922106,67.26005294093393
2023-05-05,287.29998779296875,287.29998779296875,282.5,283.79998779296875,5850555,281.1,100.0,3.9077616999122844,62.91080552124913,183.17063198307744
2023-05-09,289.6000061035156,290.0,286.20001220703125,288.20001220703125,8294835,281.88999938964844,97.82611940669828,3.9718077443203574,62.55925438726534,230.4177170944183
2023-05-10,285.20001220703125,290.8999938964844,283.8999938964844,290.0,3596517,282.36000061035156,70.4663974371543,4.0075440581735045,55.40841692547107,160.86841307301665
2023-05-11,287.29998779296875,287.3999938964844,284.3999938964844,285.20001220703125,3525360,283.0399993896484,81.34710683689056,4.048032905182569,55.604376293645224,132.59369913438036
2023-05-12,289.29998779296875,289.6000061035156,286.3999938964844,287.0,3699243,283.5799987792969,91.70980769169952,4.112060601722091,61.34830274027654,152.15686585445243
2023-05-15,287.5,291.0,285.9280090332031,290.70001220703125,4438121,284.9199981689453,81.95875721056663,4.1493955836130905,56.621001702855835,123.54265838800308
2023-05-16,285.5,288.20001220703125,284.8999938964844,286.70001220703125,3642045,285.8299987792969,71.64947561660472,4.12667678386204,55.605391905299534,73.81576742490772
2023-05-17,283.29998779296875,284.6000061035156,282.5,284.0,9063652,285.8199981689453,60.309202940385305,4.023002953249751,52.99144463137577,13.693123909160732
2023-05-18,282.79998779296875,285.29998779296875,282.0,284.0,2358921,285.93999633789065,57.73188254189483,3.8568763856892985,48.74714375191604,7.94711010185612
2023-05-19,281.0,283.1000061035156,280.6940002441406,282.3999938964844,2954790,285.87999572753904,46.2365767820373,3.622805926292194,59.61003732672316,-31.314964501266967
2023-05-22,278.3999938964844,281.0,277.7359924316406,278.0,3925583,284.9899963378906,20.253064314879843,3.3086812256646736,52.76243466531782,-86.39414784436025
2023-05-23,278.0,278.5989990234375,276.1000061035156,278.5,4093925,283.8299957275391,12.751642112636535,2.9469241906212256,40.87837176046543,-108.475870963173
2023-05-24,278.8999938964844,278.8999938964844,275.6000061035156,277.0,7034485,283.1999938964844,21.428500654939192,2.5819182733587303,45.29613797796776,-95.80703543052908
2023-05-25,275.1000061035156,279.5,273.6470031738281,279.3999938964844,4628560,281.97999572753906,8.373210369612204,2.167498933105133,39.999981219916656,-119.67541459881738
2023-05-26,275.0,276.0,271.5,275.6000061035156,3290413,280.5499969482422,17.94871794871795,1.737297055747419,27.13753803357619,-132.95805345504502
2023-05-30,271.5,275.6000061035156,271.5,274.1000061035156,4465143,278.9499969482422,0.0,1.2599547759278267,17.793520486457666,-143.6080938829924
2023-05-31,270.6000061035156,273.3999938964844,268.3999938964844,269.29998779296875,49336690,277.4599975585937,9.734564658763606,0.7608583074074,20.325124582708398,-163.32043800608147
2023-06-01,272.79998779296875,274.20001220703125,271.29998779296875,272.0,3796829,276.4099975585938,19.468994284032153,0.3076554694328566,20.647715254371306,-115.67653430520755
2023-06-02,278.5,278.5,274.94000244140625,275.0,4190203,275.97999877929686,44.69028042405919,-0.0027853317250013387,30.985912466016913,-48.12924293821669
2023-06-05,276.20001220703125,280.5,275.8999938964844,279.5,5352478,275.5,39.393995440863,-0.24416044779531548,30.44982333573391,-41.46498672564474
2023-06-06,279.20001220703125,279.70001220703125,273.79998779296875,276.3999938964844,4094802,275.5800018310547,63.90545686997882,-0.3811735091271935,39.46489045298757,-36.68808011576312
2023-06-07,278.0,282.8999938964844,276.8999938964844,278.5,8771833,275.5800018310547,56.804790358608756,-0.46386872767020526,40.83045932709183,-8.570081759855618
2023-06-08,267.5,270.20001220703125,266.70001220703125,269.6000061035156,7302922,274.44000244140625,4.877976162785289,-0.6746476715212585,30.33418740791764,-157.86513554786842
2023-06-09,267.0,268.6000061035156,264.1000061035156,268.20001220703125,6328468,273.6300018310547,15.425509465325192,-0.961097181935533,31.38296663517511,-164.57748961339453
2023-06-12,269.79998779296875,271.79998779296875,266.70001220703125,268.79998779296875,4217603,273.11000061035156,30.31907122612566,-1.2330966760139552,38.624317693191436,-111.7216105638133
2023-06-13,271.5,272.0,269.5,271.5,2861469,273.11000061035156,39.36169522010006,-1.4518473382259554,41.687974349608346,-78.88792575593791
2023-06-14,272.5,272.8999938964844,270.20001220703125,271.29998779296875,4706066,273.3,44.68084761005003,-1.6064919233271402,41.836738665867394,-57.489924849199156
2023-06-15,272.3999938964844,273.20001220703125,269.79998779296875,269.79998779296875,2963328,273.26000061035154,44.14889990552531,-1.7107833554676055,46.19716590558979,-51.91643240271931
2023-06-16,269.8999938964844,274.5,266.0,274.5,16324715,272.4,30.851018930650383,-1.8140340961917736,43.27175867436129,-74.07697302829403
2023-06-19,265.70001220703125,270.1000061035156,265.20001220703125,269.8999938964844,4831944,271.35,8.510676289449677,-1.9740936814831098,42.48705769249014,-121.11665886523437
2023-06-20,263.5,265.697998046875,262.0,264.1000061035156,5230471,269.7799987792969,7.177035588763103,-2.1919699130696118,41.10274788269928,-164.4445767164384
2023-06-21,260.1000061035156,264.79998779296875,259.70001220703125,264.3999938964844,5382143,267.98999938964846,1.7241129835297027,-2.483912040421352,34.54990291550493,-178.72653961847203
2023-06-22,257.6000061035156,261.79998779296875,255.5,258.3999938964844,5152351,267.0,7.664257559506506,-2.841197849518807,22.427444245019956,-197.98079146089842
2023-06-23,257.20001220703125,258.5639953613281,254.8000030517578,256.0,4073073,266.02000122070314,8.54096063068234,-3.220616304306748,23.611111111111114,-182.00617567571976
2023-06-26,263.8999938964844,263.8999938964844,256.70001220703125,257.6000061035156,6030011,265.4300018310547,32.38431960711592,-3.4797825994919234,30.730446640720317,-102.4088219063174
2023-06-27,264.70001220703125,266.0150146484375,261.6000061035156,264.70001220703125,3143808,264.7500030517578,50.25386136497248,-3.629296291934438,33.07889068180795,-60.945287952386224
2023-06-28,271.6000061035156,273.0169982910156,263.6000061035156,263.6000061035156,4994707,264.6600036621094,85.2792165191521,-3.5838868293963633,55.742308412341416,7.97961885968259
2023-06-29,266.20001220703125,272.1000061035156,265.5,272.1000061035156,3757708,264.0400054931641,57.86807574247188,-3.4966690944131757,49.01479276597664,-8.235506768375515
2023-06-30,269.0,270.3999938964844,265.3999938964844,266.6000061035156,3617329,263.95000610351565,72.08121394916886,-3.3351770559246097,49.01479276597664,2.5008267966629205
2023-07-03,274.6000061035156,275.1000061035156,269.8999938964844,269.8999938964844,2653234,264.8400054931641,97.5369461830859,-3.0386506325715965,53.483155314005515,81.63383848050844
2023-07-04,269.6000061035156,273.4280090332031,268.5,272.20001220703125,6277909,265.45000610351565,72.90640801394488,-2.7458780582597746,47.01031368943909,48.94165899856883
2023-07-05,270.0,271.20001220703125,267.1000061035156,268.0,4923717,266.44000549316405,74.87682100090124,-2.4581658653994607,47.54098770728364,43.5710306691401
2023-07-06,268.79998779296875,270.1000061035156,267.7659912109375,270.1000061035156,5434518,267.56000366210935,68.96543170715758,-2.2022506068269387,48.842098094481194,32.71862867820571
2023-07-07,270.5,270.5,266.0,267.1000061035156,3661099,268.89000244140624,77.33987481781534,-1.9475384749102904,55.33331976996528,32.23172575879685
2023-07-10,267.8999938964844,270.5,267.5,268.6000061035156,4516835,269.2900024414063,64.5319649032871,-1.7439756150486816,54.845808907504164,26.598534918064793
2023-07-11,267.20001220703125,268.1000061035156,265.8999938964844,268.1000061035156,3097940,269.5400024414063,61.0837797593321,-1.5903361553080448,58.31382804230725,2.0254945906255637
2023-07-12,269.1000061035156,270.0,266.8999938964844,266.8999938964844,4662751,269.2900024414063,70.44335419703077,-1.4421037592177928,63.65796516499799,35.83358834295343
2023-07-13,273.29998779296875,273.70001220703125,268.20001220703125,268.8999938964844,3185420,270.0,90.21728854545545,-1.2347358919675164,67.53811375951597,94.76281156097384
2023-07-14,274.0,275.1000061035156,272.79998779296875,273.20001220703125,5333766,270.5,91.851806640625,-0.9871911245156746,62.656651188617786,129.64775300718733
2023-07-17,271.0,274.0639953613281,270.70001220703125,274.0,3145805,270.13999938964844,64.34777301290761,-0.7730541997338032,57.48217511445911,83.27785782970334
2023-07-18,277.0,277.3999938964844,269.3999938964844,271.29998779296875,4739672,270.8799987792969,96.66671752929688,-0.49359363234108017,56.55339356360288,121.98171198339696
2023-07-19,283.1000061035156,285.1000061035156,278.29998779296875,278.29998779296875,11626335,272.18999938964845,89.84772202686165,-0.08939222158675658,70.1670600934173,234.72988579057295
2023-07-20,285.5,290.1000061035156,283.16400146484375,283.6000061035156,5260330,273.86000061035156,80.9917199042606,0.4102996711597538,69.87951807228916,250.5193015202824
2023-07-21,284.0,287.29998779296875,282.75201416015625,285.6000061035156,2318755,275.2100006103516,74.79337592340849,0.9187816934641475,62.56683881085871,190.69595148857218
2023-07-24,282.5,284.20001220703125,280.385009765625,282.8999938964844,2926492,276.6700012207031,68.59503194255636,1.3800920175849511,69.02654309595934,132.93515131674656
2023-07-25,280.70001220703125,283.79998779296875,279.6000061035156,283.29998779296875,3083953,278.02000122070314,61.15706960778627,1.755790122848482,65.15582989686266,103.0367584273633
2023-07-26,286.29998779296875,286.29998779296875,280.6000061035156,280.70001220703125,2910814,279.73999938964846,84.29745291846262,2.1434759714097944,72.04032937501154,120.66140622415178
2023-07-27,285.3999938964844,290.20001220703125,284.70001220703125,286.3999938964844,3298163,280.95,80.24685311260224,2.4991080801265033,69.15169616050548,125.16041692927197
2023-07-28,282.6000061035156,285.70001220703125,280.8999938964844,284.29998779296875,2136509,281.81000061035155,68.72427828493852,2.765638560151114,68.7980106554191,74.77145685555584
2023-07-31,277.3999938964844,285.385986328125,276.6000061035156,281.29998779296875,5247687,282.45,45.06434226812225,2.873083289884525,61.69724144544311,36.50680844101335
2023-08-01,279.0,280.5,276.29998779296875,277.3999938964844,3361428,282.65,49.09085360440341,2.894162547984381,61.43187490176925,20.51074177413361
2023-08-02,275.6000061035156,278.5,274.5,276.0,2890131,281.9,29.807724755162674,2.799163293357391,52.70590583776556,-9.057751490444998
2023-08-03,271.20001220703125,275.79998779296875,269.8999938964844,275.1000061035156,6618843,280.4700012207031,8.65392656714228,2.5598091014945985,46.96970697809602,-56.36746469396877
2023-08-04,272.0,273.0,269.5989990234375,270.6000061035156,2974226,279.27000122070314,12.500018339874556,2.2494523891127907,51.13636521268701,-68.19211878984625
2023-08-07,270.3999938964844,273.5,268.8999938964844,271.5,3853918,278.06000061035155,7.042247467258106,1.8802079642029645,41.666647400492145,-78.23121789567406
2023-08-08,268.70001220703125,271.5,267.70001220703125,269.6000061035156,2714726,276.86000061035156,4.444444444444445,1.462002675560596,29.545417107742026,-101.32616268640002
2023-08-09,267.8999938964844,270.8999938964844,267.8789978027344,270.20001220703125,4760100,275.02000122070314,0.8888075086805556,1.0189366536143765,23.809471908795885,-106.69900214851465
2023-08-10,268.5,270.29998779296875,266.4429931640625,269.1000061035156,3950565,273.3300018310547,8.658522486415661,0.5907650428754447,26.299658799901437,-107.26292886772542
2023-08-11,266.3999938964844,269.79998779296875,265.8999938964844,267.6000061035156,4293946,271.7100006103516,2.0576116182718525,0.1595235799690371,25.825785645355964,-109.37270365191509
2023-08-14,266.5,267.29998779296875,264.70001220703125,266.79998779296875,3792402,270.6200012207031,7.058775658700981,-0.24980366425832823,27.531608895687754,-114.11545422395822
2023-08-15,264.8999938964844,266.70001220703125,262.70001220703125,263.29998779296875,2416636,269.2100006103516,7.999933416193182,-0.6488957000671959,11.231903688313878,-114.78145009661395
2023-08-16,266.0,267.3999938964844,264.6000061035156,265.1000061035156,3803630,268.25,14.34777301290761,-1.001622522056433,15.107947628357607,-91.50416352485776
2023-08-17,262.79998779296875,268.1000061035156,261.97698974609375,265.79998779296875,2740986,267.4099975585938,3.5157339785624706,-1.3555694288798776,14.89363774391029,-98.70919849772604
2023-08-18,262.0,262.79998779296875,260.29998779296875,262.0,4994608,266.4099975585938,8.415896929208326,-1.7014003005907647,17.647096536770448,-114.7653010320301
2023-08-21,260.5,263.6990051269531,259.6000061035156,262.6000061035156,2708220,265.4199981689453,4.761874005958195,-2.044068961462007,10.970484237743406,-111.27459609187854
2023-08-22,257.70001220703125,262.62200927734375,257.70001220703125,260.3999938964844,2256927,264.3199981689453,0.0,-2.406805675685681,11.255434703629476,-121.60513202651778
2023-08-23,257.70001220703125,259.6000061035156,256.8999938964844,258.20001220703125,4079325,263.3,4.819385640933249,-2.757619802032644,13.903766878494423,-126.96133714100307
2023-08-24,258.6000061035156,261.6000061035156,258.6000061035156,259.29998779296875,2055637,262.31000061035155,10.241033626314232,-3.0619267747625094,14.361753070828314,-105.97272633290878
2023-08-25,261.8999938964844,263.29998779296875,258.5679931640625,259.3999938964844,5423341,261.86000061035156,34.24656102572464,-3.2615035618672303,29.268292682926827,-79.74543618323503
2023-08-29,267.1000061035156,267.1000061035156,261.29998779296875,263.29998779296875,16382413,261.9200012207031,72.85723005022321,-3.294578568547082,46.66665818957241,-20.837599043159788
2023-08-30,267.70001220703125,268.79998779296875,266.6000061035156,267.0,8673653,262.2000030517578,80.59718828215564,-3.2044778804950176,49.57987072353532,29.077349358633114
2023-08-31,270.1000061035156,273.5,267.79998779296875,267.79998779296875,20378928,262.61000366210936,79.51811658813602,-2.996302126045303,53.12501117586824,87.5805592370713
2023-09-01,270.29998779296875,273.0,270.0,270.8999938964844,4457005,263.36000366210936,80.72282511779596,-2.715012354822428,58.22784158145559,101.91583699076932
2023-09-04,268.6000061035156,272.20001220703125,267.70001220703125,271.70001220703125,3044106,264.02000427246094,70.48197533224622,-2.423575961598073,54.1502166992952,75.76193374832657
2023-09-05,265.3999938964844,267.5,261.20001220703125,266.8999938964844,6270824,264.5100036621094,51.20480045004219,-2.1865879455392454,50.92936929496357,-11.389748617744575
2023-09-06,265.5,266.29998779296875,263.0,264.3999938964844,2547106,265.2900024414063,51.80724663525441,-1.989571205650737,49.034747669938376,-2.223328133839322
2023-09-07,264.6000061035156,267.1000061035156,263.20001220703125,264.5,3665906,265.98000183105466,46.38559864987342,-1.8377598721075543,53.8136069921624,2.992566695342578
2023-09-08,266.8999938964844,267.0,263.1000061035156,263.1000061035156,2419987,266.81000061035155,60.24094170593199,-1.6813570240198032,59.760965378886894,23.504413190739978
2023-09-11,269.1000061035156,270.3999938964844,265.29998779296875,265.29998779296875,2489417,267.5300018310547,73.49402241754282,-1.4913431366910799,66.66670609512747,84.5878084164357
2023-09-12,272.79998779296875,274.70001220703125,269.4830017089844,270.0,6202344,268.1,89.32571651942236,-1.2277932235035063,78.27715955121934,157.9123453952786
2023-09-13,273.6000061035156,275.6990051269531,272.6000061035156,274.3999938964844,2597514,268.68999938964845,87.7473728464823,-0.9164058618710291,78.9091118931018,159.3246545907156
2023-09-14,276.20001220703125,276.20001220703125,271.5,271.8999938964844,3362362,269.3,100.0,-0.5477881011701031,80.13701565071983,143.37907438680227
2023-09-15,279.6000061035156,281.29998779296875,277.79998779296875,279.8999938964844,12161127,270.23000183105466,91.5423693815704,-0.10712955044236094,80.2048115721038,181.822709405677
2023-09-18,276.20001220703125,282.0,275.1000061035156,279.79998779296875,11155285,270.99000244140626,72.11542693823415,0.30158197547782895,66.54548400377752,136.26657695708906
2023-09-19,275.5,278.5989990234375,274.5,276.20001220703125,4205987,272.0000030517578,68.74998166009854,0.6569887393628379,64.13042516773625,103.3903786403526
2023-09-20,276.8999938964844,278.29998779296875,275.0,276.0,4213522,273.14000244140624,75.48072549715805,0.9811927759703453,62.78194367321839,99.46177386998227
2023-09-21,274.6000061035156,279.5,273.20001220703125,275.70001220703125,6408876,274.14000244140624,64.42308538764684,1.2299129375464328,57.491325877965764,79.25958536354335
2023-09-22,272.8999938964844,274.6000061035156,271.29998779296875,273.1000061035156,7273368,274.74000244140626,56.24994498029561,1.3883570245090615,57.49126474572595,33.98568986506571
2023-09-25,269.3999938964844,273.29998779296875,268.3999938964844,272.79998779296875,5329493,274.77000122070314,33.68417840254934,1.4229071136520808,56.896551724137936,-12.93604670297272
2023-09-26,261.70001220703125,270.0,260.0,268.6000061035156,11247540,273.6600036621094,7.727328213778409,1.2518998685717242,44.80875638284744,-118.76784174481338
2023-09-27,252.60000610351562,261.70001220703125,252.60000610351562,260.8999938964844,11230702,271.56000366210935,0.0,0.8129791354736863,36.60713920787789,-213.64087813295748
2023-09-28,250.3000030517578,253.89999389648438,249.8000030517578,252.89999389648438,11839077,268.97000274658205,1.5527951782221994,0.19059621926136594,31.473225765689733,-213.68832363710982
2023-09-29,252.8000030517578,255.0,251.5,252.5,9529277,266.2900024414063,9.316771069333196,-0.4746992656183122,31.929039511475054,-159.06590511490657
2023-10-02,247.8000030517578,254.60000610351562,247.8000030517578,252.8000030517578,8067663,263.4500015258789,0.0,-1.2107057726419723,23.060366585757833,-157.3266748249209
2023-10-03,248.39999389648438,250.0,243.80099487304688,247.60000610351562,7012597,260.74000091552733,12.03957801558674,-1.9401179542920088,22.727248707130883,-153.80196139341265
2023-10-04,254.10000610351562,256.0,246.8000030517578,247.89999389648438,9771323,258.46000213623046,26.96146456233697,-2.531797661733017,27.586195156555846,-101.49854014147535
2023-10-05,256.3999938964844,259.6000061035156,254.1999969482422,254.6999969482422,8281143,256.64000091552737,32.982531826588534,-2.963667053752631,25.93358815309699,-62.849082065739154
2023-10-06,253.89999389648438,258.2099914550781,249.89999389648438,257.1000061035156,7809348,254.74000091552733,28.289301025402104,-3.30586237212873,26.42703587138999,-72.94011887315735
2023-10-09,250.60000610351562,254.1999969482422,249.1999969482422,249.1999969482422,4800724,252.86000213623046,19.04538013395624,-3.619027923220586,25.05008800566563,-80.63706796221429
2023-10-10,257.20001220703125,258.29998779296875,252.5,253.1999969482422,9236129,252.41000213623047,37.533307402642365,-3.7840337835406794,32.12342067309291,-46.66231718177542
2023-10-11,258.1000061035156,258.1000061035156,255.6999969482422,256.0,5485030,252.96000213623046,46.4268515747774,-3.824542684753022,34.63686626988118,-34.32229700739228
2023-10-12,259.20001220703125,260.572998046875,257.5,260.29998779296875,6549425,253.85000305175782,52.201840841775955,-3.758628899032302,37.09982298647111,-18.905351860459547
2023-10-13,256.3999938964844,261.6000061035156,253.39999389648438,261.6000061035156,4581684,254.21000213623046,48.089608603022285,-3.6655727257099437,37.595418402451195,-27.315757697821592
2023-10-16,255.5,258.5,254.60000610351562,257.29998779296875,3386171,254.9800018310547,65.36115870864343,-3.5663866833178366,43.20174191100245,-29.773216913434094
2023-10-17,256.20001220703125,257.79998779296875,255.1999969482422,256.3999938964844,3421461,255.76000366210937,69.66127035618392,-3.4492612514061927,54.838716293263985,-22.861978228076172
2023-10-18,253.89999389648438,258.79998779296875,253.89999389648438,256.70001220703125,5339460,255.74000244140626,56.73910136170826,-3.355865551092297,54.83869379939875,-25.876048433357248
2023-10-19,255.3000030517578,255.89999389648438,251.0,254.0,5816399,255.6300033569336,64.60475826335046,-3.2522541189461465,53.46260036553428,-39.5946055668601
2023-10-20,251.6999969482422,255.3000030517578,250.6999969482422,254.10000610351562,7419004,255.41000366210938,44.37888134860897,-3.197694596295496,55.61958082794879,-58.768465969513876
2023-10-23,255.10000610351562,255.3000030517578,250.3000030517578,252.60000610351562,4476212,255.86000366210936,56.0810901371538,-3.1152066074317792,58.93333506944162,-27.470039653020976
2023-10-24,252.39999389648438,256.6000061035156,252.3000030517578,254.89999389648438,3277434,255.3800018310547,25.806407948346575,-3.0555146855243316,47.536218551470235,-12.17445570181861
2023-10-25,252.3000030517578,253.8000030517578,250.3000030517578,253.8000030517578,2357040,254.8000015258789,25.000030763664913,-3.007871205427502,43.65327753887086,-55.48074938598812
2023-10-26,255.0,257.79998779296875,252.8000030517578,252.89999389648438,3805848,254.38000030517577,46.77418362462422,-2.9203445838993756,51.692313904158084,30.687963061452432
2023-10-27,255.5,257.5,253.36300659179688,255.8000030517578,5082708,254.29000091552734,46.017659680483746,-2.797775008109463,58.24912763097865,34.72756710146091
2023-10-30,256.5,258.0,253.89999389648438,256.6000061035156,3533519,254.39000091552734,54.86721481263427,-2.6373353760530462,48.547696562413336,49.580815513372755
2023-10-31,257.29998779296875,259.79901123046875,256.3999938964844,258.0,4133845,254.4999984741211,61.94675089155865,-2.4427956782124065,48.333299424999424,103.50107792130191
2023-11-01,261.79998779296875,262.3999938964844,256.5,257.8999938964844,4626205,255.28999786376954,95.04126811982572,-2.1597183149164048,54.744471484498995,176.8311722017027
2023-11-02,271.79998779296875,277.21099853515625,265.1000061035156,269.70001220703125,22818971,256.93999633789065,79.89293727344428,-1.671520046869785,72.2543028857603,394.8945135294814
2023-11-03,274.5,283.1960144042969,270.0,272.5,9013287,259.2199966430664,73.56514043266927,-1.033461279364631,76.09886171282164,328.487973483033
2023-11-06,270.5,276.3999938964844,270.5,273.29998779296875,9367901,260.75999603271487,61.40561155504058,-0.3963831455282054,68.01004081049065,199.39466866097263
2023-11-07,271.5,275.6000061035156,269.38800048828125,269.79998779296875,6619957,262.6699966430664,64.44549377444775,0.22354151094842745,72.91666004393257,154.00246609408276
2023-11-08,267.70001220703125,271.8999938964844,267.70001220703125,270.0,6612416,264.2099975585937,52.893978448637746,0.7390811430726145,65.19608851443357,99.29103127953653
2023-11-09,267.70001220703125,267.70001220703125,263.1000061035156,263.5,5326396,265.47999877929686,52.893978448637746,1.1604843093760484,71.50539861743874,60.38452250094992
2023-11-10,267.0,269.0,265.1000061035156,269.0,6608700,266.6299987792969,50.76602378711547,1.4869806479090497,67.24636796591938,61.0515320986992
2023-11-13,270.29998779296875,270.29998779296875,263.0,267.0,3210217,268.00999755859374,60.7975980032219,1.786135996082487,75.49858453983633,61.21593886654105
2023-11-14,268.8999938964844,273.5,267.3999938964844,272.5,5224350,269.1699981689453,52.96744582042567,2.0260652733081383,72.80219860834731,71.49677075042231
2023-11-15,265.6000061035156,272.5,265.3999938964844,271.6000061035156,5254373,269.55,41.01832302203018,2.159028117004633,64.32434438702919,47.412970780897076
2023-11-16,264.3999938964844,269.70001220703125,263.3999938964844,265.3999938964844,4359722,268.81000061035155,35.84104536382311,2.1939099847654875,61.803711165958234,25.312658069392615
2023-11-17,266.29998779296875,267.3999938964844,263.1000061035156,265.0,5165732,267.98999938964846,36.94576175442912,2.1908009601042897,62.69429273491434,18.415141759875617
2023-11-20,263.79998779296875,268.0,263.79998779296875,266.3999938964844,3206855,267.3199981689453,27.344860106884628,2.11916364186141,58.064518571807206,9.358152497246692
2023-11-21,265.5,266.79998779296875,261.79998779296875,263.70001220703125,4607682,266.7199981689453,17.292987498306246,2.0306221626885685,54.933349609375,-2.6281829931438585
2023-11-22,267.1000061035156,267.1000061035156,264.20001220703125,265.3999938964844,4408610,266.6599975585938,24.771040001141056,1.9570259378226489,41.92443178064263,7.874806800794712
2023-11-23,269.8999938964844,270.8999938964844,267.1000061035156,269.79998779296875,2581240,266.87999572753904,55.47947066655797,1.9368668564764442,42.12327228072009,49.991118356013146
2023-11-24,272.1000061035156,272.1000061035156,268.29998779296875,268.6000061035156,6964834,267.38999633789064,74.6377148113994,1.9819433122963364,52.91971981738456,69.57509134809462
2023-11-27,276.20001220703125,276.29998779296875,269.1000061035156,272.0,5833121,267.97999877929686,99.31051320043103,2.1264411097666756,57.70493804431353,118.37981731388815
2023-11-28,281.29998779296875,281.29998779296875,273.3039855957031,275.0,7497841,269.2199981689453,100.0,2.4022000071888114,71.38361762035734,191.66521217567774
2023-11-29,283.5,284.20001220703125,279.20001220703125,282.79998779296875,9399463,271.00999755859374,96.87494891036016,2.7753998921620915,73.23527616613052,221.76899697983816
2023-11-30,285.8999938964844,286.635986328125,282.5,283.3999938964844,22435603,273.1599975585938,97.03659013105995,3.222074948885591,76.4705932637327,211.46419698194921
2023-12-01,284.6000061035156,289.29998779296875,280.5,286.3999938964844,8920013,274.98999938964846,82.90915749289773,3.663303068690584,71.2166559055168,178.7741624016686
2023-12-04,284.79998779296875,286.29998779296875,282.70001220703125,284.6000061035156,4357671,277.0899993896484,83.63636363636364,4.072828429177914,74.46155204097059,145.45588030839207
2023-12-05,289.20001220703125,289.5,280.6000061035156,283.79998779296875,5032620,279.4600006103516,98.9170120549889,4.501932138077083,85.11905032220562,136.55780212011672
2023-12-06,290.0,291.1000061035156,287.3999938964844,290.0,3883440,281.75,96.24571530346223,4.923315375001962,88.55424732304621,138.718512904538
2023-12-07,290.1000061035156,291.8999938964844,287.70001220703125,289.5,5484611,283.77000122070314,94.01997532233551,5.308144271430887,87.89812569551421,121.48093670912726
2023-12-08,294.79998779296875,300.70001220703125,293.50201416015625,294.5,9172354,286.0399993896484,84.83285164229969,5.7127753770917,96.13098590014205,146.57195715722506
2023-12-11,298.8999938964844,300.20001220703125,293.70001220703125,294.70001220703125,5969945,288.30999755859375,95.06844298480308,6.160999324817679,96.38891973615836,135.33844121697007
2023-12-12,296.79998779296875,302.8999938964844,296.79998779296875,299.1000061035156,5821037,289.85999755859376,82.96087099584517,6.565503246836054,90.68494044050698,126.47406802056376
2023-12-13,297.0,301.3999938964844,295.0,297.79998779296875,7433098,291.2099975585937,82.94799752684179,6.909626507717959,89.9705176736419,107.95220596734843
2023-12-14,300.29998779296875,304.70001220703125,295.20001220703125,300.5,6175646,292.6499969482422,87.6403829783951,7.234765771403851,90.28572325415323,112.57712071323886
2023-12-15,293.5,300.3999938964844,292.3999938964844,300.0,14189770,293.5399963378906,64.32665717326749,7.4059825675892,72.94431060944572,77.17165070294378
2023-12-18,294.0,296.0,290.70001220703125,293.0,8614864,294.4599975585937,58.03916781556372,7.462845751369987,69.18432261990375,59.61409805860207
2023-12-19,294.8999938964844,295.1000061035156,291.70001220703125,293.5,4215185,295.0299957275391,59.504076995054135,7.442402986172559,67.9245427875254,55.803286423039204
2023-12-20,299.5,300.0,296.3999938964844,298.3999938964844,5898677,295.97999572753906,78.51235709079353,7.431005662271916,70.00002692729899,86.05927383273504
2023-12-21,298.6000061035156,301.29998779296875,297.1000061035156,298.8999938964844,3102975,296.8299957275391,74.68877776497419,7.394579670265683,70.8333484710319,83.8947917779566
2023-12-22,299.6000061035156,299.6000061035156,297.20001220703125,298.70001220703125,3034390,297.30999755859375,78.83815430747275,7.343476377785008,71.5116583379095,76.01418291229218
2023-12-27,299.70001220703125,301.79998779296875,298.3999938964844,299.8999938964844,3072682,297.38999938964844,71.09829648589577,7.270710827625497,67.44187461219326,83.36441787807667
2023-12-28,299.3999938964844,300.5,298.88800048828125,300.5,2144387,297.65,68.82342170266544,7.166824246789137,65.87836479426929,75.7769770767212
2023-12-29,302.6000061035156,305.0,297.6000061035156,299.79998779296875,2209687,298.2100006103516,83.21681157193404,7.083597196723227,69.11314271208775,97.60263210782989
2024-01-02,298.79998779296875,304.4939880371094,298.5,301.3999938964844,3865657,298.06000061035155,56.64323426849516,6.940910016156666,56.28929851903603,78.05407716614461
2024-01-03,303.29998779296875,304.70001220703125,300.1000061035156,300.5,5021914,299.0399993896484,88.1117925998011,6.82440940937744,56.832279593718695,106.40110285862033
2024-01-04,308.20001220703125,308.20001220703125,302.6000061035156,302.6000061035156,6231212,300.4600006103516,100.0,6.793052012254056,66.28572076290325,165.2902097896219
2024-01-05,309.0,309.0,300.29998779296875,300.29998779296875,5330057,301.8700012207031,100.0,6.81398513439614,66.85391524694353,159.47804781888132
2024-01-08,310.3999938964844,311.15899658203125,305.5,308.3999938964844,4767642,302.9600006103516,96.29012529832936,6.873401226634467,64.98515326234308,199.75929065535388
2024-01-09,305.8999938964844,310.8999938964844,305.8999938964844,310.29998779296875,9184764,303.68999938964845,74.2948985680191,6.866362265718041,69.7451786684446,150.16547076361394
2024-01-10,286.5,296.6820068359375,286.0,291.8999938964844,14275566,302.3799987792969,1.9873606579250616,6.492874158231611,42.54473884744381,-190.3630968835758
2024-01-11,281.1000061035156,288.20001220703125,281.1000061035156,287.5,8968175,300.51999816894534,0.0,5.808329366373252,37.40878148096997,-247.28568643168174
2024-01-12,286.79998779296875,288.1000061035156,281.3999938964844,281.8999938964844,7564274,299.25999755859374,18.96265176811953,5.0424067613417,38.640423380712896,-173.92958335414235
2024-01-15,287.79998779296875,290.20001220703125,286.79998779296875,287.79998779296875,4337851,297.7799957275391,22.289443466978284,4.270090799117569,40.35713176338645,-115.46001826528277
2024-01-16,287.79998779296875,290.5,287.0,287.0,5276362,296.67999572753905,22.289443466978284,3.5245212827146934,39.2727165789703,-98.01391500756175
2024-01-17,285.3999938964844,286.5,282.0,284.79998779296875,4137023,294.88999633789064,14.305163694842397,2.7884763085796345,37.521803018416534,-120.78104703379732
2024-01-18,282.79998779296875,287.4289855957031,282.20001220703125,286.8999938964844,3555776,292.34999389648436,5.655484972684531,2.049148746400285,36.07382180910847,-111.62803242969912
2024-01-19,281.3999938964844,286.0,280.20001220703125,283.6000061035156,4220244,289.5899932861328,3.8760370008201375,1.319513984668021,31.660885221146884,-110.78984442585268
2024-01-22,282.29998779296875,285.3800048828125,282.29998779296875,284.79998779296875,3077989,286.7799926757813,6.783089394990852,0.645554580049168,34.97266757163297,-91.39026337792579
2024-01-23,280.20001220703125,285.3999938964844,279.4010009765625,284.20001220703125,5025347,284.2099945068359,2.5159372159216487,0.0068462428509658,27.999997674848487,-92.45126692956785
2024-01-24,283.6000061035156,284.79998779296875,280.6000061035156,282.79998779296875,3629054,283.9199951171875,13.221883330162226,-0.5220559488685379,25.88230366241514,-74.7168937657951
2024-01-25,281.3999938964844,284.0,281.1000061035156,282.3999938964844,3287935,283.9499938964844,6.294455559335259,-0.9883178877884096,23.664082569956108,-73.86063513309028
2024-01-26,276.0,282.3999938964844,273.20001220703125,281.1000061035156,7239729,282.8699951171875,7.427026930763919,-1.4747770808907243,19.503515207132907,-100.47612980340806
2024-01-29,273.8999938964844,276.3999938964844,272.3999938964844,274.79998779296875,7203415,281.47999572753906,6.177412077574582,-1.9785375824888487,20.37033688053485,-114.25969140658906
2024-01-30,273.29998779296875,276.3999938964844,272.5,275.5,6085496,280.0299957275391,4.9723402928000455,-2.4717975107347523,31.249956651107297,-109.32224334360602
2024-01-31,270.20001220703125,274.3999938964844,269.29998779296875,274.1000061035156,9747624,278.50999755859374,4.245395735026962,-2.976442955947749,33.43462592700811,-123.39262141657618
2024-02-01,267.20001220703125,271.0,267.20001220703125,269.8999938964844,7185264,276.95,0.0,-3.5028496067905985,17.549656828268624,-143.55332546334674
2024-02-02,275.20001220703125,276.1000061035156,272.29998779296875,272.5,6317374,276.3300018310547,34.33478193672773,-3.879681622811888,33.064526714401026,-89.53511976959514
2024-02-05,272.5,277.1990051269531,271.6000061035156,271.6000061035156,3514598,275.3500030517578,26.19998400876199,-4.177243537139692,30.827065368865306,-90.42757174762626
2024-02-06,275.6000061035156,278.5,274.0,275.29998779296875,4073575,274.89000244140624,41.52456842514969,-4.350542230368935,37.93104225860281,-53.96003222377481
2024-02-07,258.8999938964844,272.70001220703125,258.8999938964844,270.29998779296875,10733190,272.4200012207031,0.0,-4.693393715558232,28.153563165549826,-178.33013889861977
2024-02-08,259.3999938964844,262.3999938964844,256.8399963378906,259.0,7703226,270.2200012207031,8.963577652069661,-5.105870362944906,29.553898706576263,-185.97273462981175
2024-02-09,256.0,260.3999938964844,255.89999389648438,259.29998779296875,7658538,268.2200012207031,0.3390037407309322,-5.582971611190459,26.642989790973516,-177.59477410306854
2024-02-12,256.1000061035156,257.79998779296875,255.60000610351562,256.8999938964844,4068685,266.44000244140625,1.7123298408799936,-6.061247610867906,27.808473317922804,-163.1093148298216
2024-02-13,249.8000030517578,257.70001220703125,249.8000030517578,256.6000061035156,6221939,264.09000396728516,0.0,-6.601885963599771,20.454556973810114,-167.42733002549735
2024-02-14,250.8000030517578,253.89999389648438,249.89999389648438,251.39999389648438,13325130,262.15000305175784,3.0674855240389185,-7.1222692257641835,22.67858704741694,-146.54144017102166
2024-02-15,251.0,252.3000030517578,249.70599365234375,252.3000030517578,6353009,260.5300018310547,4.494012858205744,-7.583253712317683,25.393709656587262,-128.21970471327228
2024-02-16,253.39999389648438,254.6999969482422,251.1999969482422,251.89999389648438,6563522,258.35,12.829059629770159,-7.927268358480431,29.94129398099072,-100.06090585791073
2024-02-19,254.0,255.10000610351562,251.88999938964844,253.60000610351562,2800526,256.5,14.912847819128753,-8.152294163498356,31.11547408245717,-85.49457571351407
2024-02-20,256.29998779296875,257.29998779296875,253.6999969482422,254.3000030517578,5090055,254.56999816894532,22.90057889482174,-8.235668154169812,36.182883345841695,-64.54443455232904
2024-02-21,259.29998779296875,259.5199890136719,255.89700317382812,256.6000061035156,6086762,254.60999755859376,33.31941385574475,-8.159252928009604,42.14709588643825,-42.562121672353996
2024-02-22,254.10000610351562,261.1000061035156,253.39999389648438,258.79998779296875,9389482,254.0799987792969,15.26016351500018,-8.051056811755128,27.78946725945724,-51.67765783332118
2024-02-23,254.0,255.5,252.5,254.5,3643169,253.87999877929687,14.912847819128753,-7.9118584204255145,29.39866089664598,-63.31258416642156
2024-02-26,253.6999969482422,255.89999389648438,251.3000030517578,254.39999389648438,4216150,253.63999786376954,17.369748947533274,-7.747279061111383,23.990482282947298,-61.88336433018696
2024-02-27,254.89999389648438,256.70001220703125,253.3000030517578,253.3000030517578,3791305,254.14999694824218,40.916969782934295,-7.538616058195383,42.48119610659594,-46.57169585744
2024-02-28,253.60000610351562,256.7409973144531,252.08299255371094,255.3000030517578,13516199,254.42999725341798,34.175953974592815,-7.316819256006763,39.41606652395411,-51.16029699606531
2024-02-29,249.60000610351562,256.70001220703125,249.60000610351562,253.5,18191256,254.28999786376954,0.0,-7.145558550443465,38.57142701440758,-71.67156067275563
2024-03-01,249.39999389648438,251.69900512695312,248.5,250.5,9428348,253.88999786376954,7.1428052422392145,-7.001855564991159,38.078259736310514,-98.57142590025106
2024-03-04,245.8000030517578,248.79299926757812,245.3000030517578,248.60000610351562,5499538,253.06999816894532,3.1645563507936982,-6.924435478784481,42.12597289939036,-151.13413293969026
2024-03-05,247.6999969482422,248.10000610351562,244.6999969482422,245.10000610351562,4137846,252.20999908447266,18.292672714974355,-6.846523236500599,44.10644270054317,-161.05570471642824
2024-03-06,249.3000030517578,252.1999969482422,248.2949981689453,248.39999389648438,6380616,251.21000061035156,28.048802046165253,-6.731255034536239,46.9314097320344,-84.79775545591231
2024-03-07,252.0,254.0,248.89999389648438,249.1999969482422,5937400,251.0,44.51218888137321,-6.540196624163479,47.50000817436019,-35.84068559223305
2024-03-08,250.1999969482422,254.0,250.1999969482422,253.0,5590943,250.61999969482423,33.536566644119645,-6.325461543396205,43.493137978803844,-34.354204051195616
2024-03-11,248.5,252.0,247.79800415039062,249.60000610351562,6243866,250.1,23.170737380569804,-6.119848604152471,36.36364606408271,-84.02982871817866
2024-03-12,251.1999969482422,253.10000610351562,248.8979949951172,249.8000030517578,7175852,249.7300003051758,39.63412421577777,-5.873706569250008,35.68904822267285,-33.797190334612544
2024-03-13,250.6999969482422,252.60000610351562,249.1999969482422,252.0,5045669,249.43999938964845,49.829746844265564,-5.609654697144934,42.79658797826785,-38.899108145104705
2024-03-14,249.6999969482422,252.8000030517578,247.89999389648438,250.60000610351562,3979969,249.4499984741211,41.524789036887974,-5.351388199696391,41.22447810237845,-56.40637452323621
2024-03-15,251.3000030517578,252.89999389648438,248.89999389648438,250.60000610351562,10467202,249.63999938964844,54.81277221813187,-5.072562560475902,45.348846837170896,-28.806981472287767
2024-03-18,250.10000610351562,250.5,248.1510009765625,249.60000610351562,4985620,250.06999969482422,44.846848193998625,-4.803051204542032,40.69769367434181,-63.529841719751424
2024-03-19,250.1999969482422,251.8000030517578,248.5,249.6999969482422,4211276,250.31999969482422,45.833275053310324,-4.540963670768095,43.0894097141457,-42.9179620582061
2024-03-20,249.10000610351562,250.5,246.3000030517578,249.89999389648438,9793937,250.3,47.31191087557528,-4.3044682432348464,48.847925295155854,-86.15120205901584
2024-03-21,254.5,255.1999969482422,250.8719940185547,251.89999389648438,5402444,250.55,93.33336239769345,-4.000446430586677,59.47957815346846,96.08938156693665
2024-03-22,256.79998779296875,258.79998779296875,254.89999389648438,256.0,11637181,251.20999908447266,85.81559362680008,-3.6242249251816636,71.48437849246507,198.10912090870158
2024-03-25,257.0,257.5,252.89999389648438,256.1000061035156,11574979,252.05999908447265,85.60008007822275,-3.2110207844302914,69.45609072028572,148.5189679603957
2024-03-26,262.5,262.5,255.8000030517578,257.0,13094529,253.18999938964845,100.0,-2.701229634522453,73.74102516110936,246.46287984413826
2024-03-27,271.8999938964844,274.1000061035156,267.6470031738281,268.0,8586793,255.30999908447265,92.08628789379884,-2.001495651611632,78.84059637592382,350.21326250553875
2024-03-28,270.3999938964844,273.1000061035156,268.79998779296875,272.70001220703125,5324813,257.3799987792969,86.690605032875,-1.2387602028991391,79.53218826865668,239.29031353520654
2024-04-02,267.79998779296875,272.3999938964844,267.3999938964844,269.79998779296875,7438204,259.02999725341795,77.33806611885059,-0.5151787023271329,77.49287922681793,170.12625690651313
2024-04-03,270.20001220703125,270.79998779296875,264.3999938964844,264.3999938964844,6615911,261.03999786376954,85.97124651668778,0.1853957084419685,77.29887010430784,134.28762918819982
2024-04-04,271.20001220703125,273.79998779296875,270.0,270.3999938964844,4624175,263.13999938964844,89.56836842397034,0.8503563144203516,79.03684629818784,139.01610154990078
2024-04-05,265.3999938964844,268.6000061035156,263.3999938964844,268.6000061035156,6792614,264.76999816894534,68.70499549646222,1.363662505029617,69.57604561652515,74.13809179251294
2024-04-08,264.0,267.0,262.0,265.6000061035156,6569263,265.7199981689453,63.6690467813564,1.7295621397621013,65.91477949142735,54.29593550917954
2024-04-09,264.79998779296875,265.79998779296875,261.3999938964844,263.3999938964844,4818021,266.51999816894534,66.54670039700291,1.9927104535739142,68.60757175880143,45.84523115641078
2024-04-10,267.20001220703125,271.3999938964844,263.3999938964844,269.0,7354913,267.5399993896484,75.17988079484012,2.2114107582096785,70.33493015094143,66.91057991435896
2024-04-11,259.79998779296875,267.6000061035156,259.20001220703125,266.20001220703125,5475797,267.26999816894534,38.436323098843765,2.2676839604256527,61.12262656370647,18.945830546950262
2024-04-12,261.6000061035156,264.6000061035156,260.3999938964844,261.0,11210858,266.23999938964846,41.037769799706915,2.2427507977344896,57.9775185351044,14.698642091947814
2024-04-15,260.3999938964844,262.0,259.3999938964844,261.0,7034064,265.23999938964846,35.37733812017585,2.143968919705391,54.147461387280394,-6.035970387153891
2024-04-16,257.0,258.3970031738281,254.70199584960938,256.6000061035156,4424238,264.1600006103516,11.84659725565341,1.9449469511501127,50.0,-52.01222743795003
2024-04-17,259.6000061035156,261.3999938964844,255.0,255.60000610351562,4667435,263.1,25.25006528914438,1.730578147621689,46.68193705851749,-38.66045640573709
2024-04-18,262.6000061035156,262.79998779296875,258.79998779296875,261.6000061035156,5018824,262.23999938964846,41.355186855927506,1.5617467223631625,37.53356514624667,-14.272848920220676
2024-04-19,258.79998779296875,261.3999938964844,256.79998779296875,261.0,4384279,261.5799987792969,21.45771113273666,1.3661210564413253,35.3535750533478,-58.21119804093017
2024-04-22,269.0,270.0,264.6000061035156,265.20001220703125,4164520,262.0799987792969,74.86653148035404,1.3235778714917354,51.27119575548248,63.62806965717041
2024-04-23,269.0,273.20001220703125,268.3999938964844,270.20001220703125,4643297,262.5,74.86653148035404,1.376197302267985,48.66070394615841,90.04597779287563
2024-04-24,268.0,269.6000061035156,265.79998779296875,267.3999938964844,6211294,262.5799987792969,71.8888117160472,1.4666133714818121,46.42856656289807,46.38126688536189
2024-04-25,256.6000061035156,266.6000061035156,254.60000610351562,263.20001220703125,12827740,262.26000061035154,10.752684643592541,1.3907569286307868,41.2698681812402,-92.21022777207641
2024-04-26,261.3999938964844,263.6000061035156,258.0,259.3999938964844,7742642,262.23999938964846,36.55906215903591,1.2880718019960289,47.583641013976234,-58.08605622658056
2024-04-29,262.3999938964844,265.20001220703125,261.406005859375,262.79998779296875,3903075,262.43999938964845,41.935404480832176,1.1869725399084614,47.777787196767406,-18.946389679840127
2024-04-30,263.3999938964844,267.0,259.79998779296875,263.20001220703125,17746136,263.0799987792969,47.31174680262845,1.1054161228091128,46.387819904745825,-6.81435301483431
2024-05-01,264.3999938964844,264.20001220703125,264.20001220703125,266.0,14636043,263.55999755859375,52.68808912442472,1.0538190534983376,54.97835698003082,15.507554173383099
2024-05-02,264.20001220703125,265.6000061035156,262.0,264.20001220703125,9925045,263.7199981689453,51.61291910383356,1.018112268760405,52.91480464989295,19.063681696395395
2024-05-03,265.3999938964844,268.0,262.6000061035156,265.6000061035156,5275570,264.3799987792969,58.06443144622099,1.0110615384131738,55.60538423430944,54.09229298293009
2024-05-07,267.79998779296875,270.3999938964844,266.79998779296875,268.3999938964844,9576313,264.25999755859374,70.96762020394267,1.058327565883383,62.38531403725386,114.2814398952471
2024-05-08,271.20001220703125,271.20001220703125,268.20001220703125,268.79998779296875,7606916,264.47999877929686,89.24731535640746,1.1889937827565134,63.063071732127106,134.45449801205123
2024-05-09,274.20001220703125,275.79998779296875,269.3999938964844,272.20001220703125,5516826,265.1,92.45293883091664,1.4102371741366948,63.063071732127106,171.75915379233342
2024-05-10,276.0,278.3999938964844,272.3999938964844,274.6000061035156,4956411,267.0399993896484,89.91598685948316,1.7021581777432957,70.28305078158176,175.91254473173942
2024-05-13,279.0,280.3999938964844,275.6000061035156,276.20001220703125,3667802,268.8,94.57366450046959,2.0670592431198624,64.2045651585876,178.66485453220488
2024-05-14,278.6000061035156,281.79998779296875,276.79998779296875,278.6000061035156,5708567,270.4200012207031,88.23535351608737,2.4474811653957245,63.48317544462722,158.45492851463152
2024-05-15,277.20001220703125,281.79998779296875,276.79998779296875,280.20001220703125,5709687,271.8000030517578,83.08831366705974,2.7897745246953454,62.77781639576619,135.68084102652406
2024-05-16,282.20001220703125,283.20001220703125,278.3280029296875,279.20001220703125,5279773,273.5800048828125,96.03174795399114,3.1636396752039664,93.2433338041572,145.94369687782734
2024-05-17,283.6000061035156,284.3999938964844,281.79998779296875,282.0,5137811,275.52000427246094,96.7480179086036,3.5528202940224665,92.36651446675674,144.48904735114064
2024-05-20,284.6000061035156,286.79998779296875,283.6000061035156,284.20001220703125,5210436,277.44000549316405,91.85191966869213,3.93905568038142,92.36651446675674,140.49732896050872
2024-05-21,283.3999938964844,286.3999938964844,277.79998779296875,281.3999938964844,8293857,279.0000061035156,86.29034044344031,4.275074556330723,87.87884042290024,100.96124921293827
2024-05-22,283.3999938964844,287.20001220703125,279.6000061035156,283.79998779296875,5484180,280.2200042724609,84.92056956430123,4.5522602720160545,87.40162872789575,96.02006088350433
2024-05-23,277.3999938964844,289.0,277.3999938964844,283.6000061035156,6390252,280.5400024414063,56.0605727827067,4.67193795167775,71.15382922470634,70.26859169124495
2024-05-24,277.20001220703125,279.79998779296875,274.0,275.79998779296875,3940048,280.6600036621094,46.84693106055399,4.672780061387142,69.53646600167947,28.563029460870734
2024-05-28,279.3999938964844,281.20001220703125,275.3999938964844,279.0,4673804,280.7000030517578,53.84609741568781,4.623543405295026,69.3333631727734,38.89953940780598
2024-05-29,275.3999938964844,281.20001220703125,275.20001220703125,278.0,6303740,280.3800018310547,30.612235365190976,4.471143761372504,56.8627274984816,19.76820011929779
2024-05-30,279.0,279.0,271.6000061035156,271.6000061035156,4178139,280.56000061035155,42.52871547259293,4.309317950202332,57.69230016823819,4.907140024163935
2024-05-31,277.20001220703125,281.20001220703125,274.6000061035156,279.0,13742365,280.06000061035155,32.183954413036275,4.111527615186746,51.92309949528541,12.655364467733278
2024-06-03,279.3999938964844,281.6000061035156,278.0,280.6000061035156,5493512,279.63999938964844,44.827531776000896,3.927292329422108,50.65788615111254,36.69862253157456
2024-06-04,278.6000061035156,279.6000061035156,276.79998779296875,278.3999938964844,4061030,279.0399993896484,40.229899169184954,3.739496572401395,50.0,1.712649858819054
2024-06-05,274.0,279.79998779296875,274.0,279.79998779296875,8987137,278.1,13.793073208889387,3.4774002649967333,45.29409124772239,-68.26134575966394
2024-06-06,267.6000061035156,275.79998779296875,262.79998779296875,265.3999938964844,5922602,276.52000122070314,18.320672038689747,3.0724394702401256,29.378483342457017,-241.8982161271824
2024-06-07,263.79998779296875,269.3999938964844,263.79998779296875,267.6000061035156,5417540,275.1600006103516,3.8167921148205872,2.5315329127793564,23.80946998657386,-268.3377734156983
2024-06-10,263.20001220703125,265.3999938964844,260.79998779296875,261.6000061035156,5525771,273.76000061035154,8.510721188496825,1.918431264865275,21.390331132636646,-248.6695036642427
2024-06-11,257.0,266.3999938964844,256.6000061035156,264.79998779296875,17653831,271.52000122070314,1.234549295787914,1.1889288678076797,18.867882429404602,-222.4608771819256
2024-06-12,256.3999938964844,260.6000061035156,255.39999389648438,258.6000061035156,7335387,269.6200012207031,2.976189935558876,0.4124279010074964,18.604606599471126,-192.03243798893024
2024-06-13,258.20001220703125,259.6000061035156,255.60000610351562,256.3999938964844,5520228,267.5400024414063,10.687087809048574,-0.32504716076701423,25.25772830988275,-149.95436624433438
2024-06-14,258.79998779296875,259.6000061035156,256.3999938964844,257.79998779296875,9259957,265.7,12.977069894539685,-0.9890887716806566,26.530551870605308,-121.98994772856526
2024-06-17,258.79998779296875,260.3999938964844,257.6000061035156,260.20001220703125,12203259,263.63999938964844,12.977069894539685,-1.5700392263334952,22.162130953510143,-101.02322187832196
2024-06-18,260.79998779296875,261.6000061035156,258.3999938964844,260.0,5705184,261.85999755859376,20.61065412418086,-2.0329681022853063,29.14283023754031,-80.69034286440387
2024-06-19,259.6000061035156,263.3999938964844,259.6000061035156,260.6000061035156,5049346,260.4199981689453,16.030573473947086,-2.4121673040131073,20.24535799706993,-68.55030425712172
2024-06-20,265.0,266.21099853515625,258.0,264.6000061035156,8470245,260.1599975585938,36.64122759812795,-2.6273565533061607,33.14913168099814,-46.29749077762234
2024-06-21,262.3999938964844,266.6000061035156,261.3999938964844,264.20001220703125,17933112,260.01999816894534,28.688531766430405,-2.7639602675975112,26.775940792523684,-38.02712104189236
2024-06-24,260.20001220703125,266.6000061035156,260.20001220703125,261.20001220703125,5084240,259.7199981689453,19.67221111165309,-2.872946896998633,25.78946227181065,-43.191447478578866
2024-06-25,259.79998779296875,262.6000061035156,258.6000061035156,260.20001220703125,6037319,259.9999969482422,21.568603984938672,-2.958744542195534,28.994057196101693,-56.598772596995296
2024-06-26,260.20001220703125,261.6000061035156,259.20001220703125,260.3999938964844,7648785,260.3799987792969,34.28584507533482,-3.0123843938053723,36.69066722578932,-52.82315303263576
2024-06-27,257.0,262.20001220703125,256.6000061035156,260.79998779296875,5750597,260.25999755859374,14.285753211154162,-3.08724496617178,37.50002804923201,-67.45685519204804
2024-06-28,255.0,260.20001220703125,254.60000610351562,257.0,6828624,259.8799987792969,3.333282470703125,-3.1963543364355353,35.66433267958931,-90.27585213719334
2024-07-01,257.79998779296875,260.3999938964844,256.20001220703125,256.79998779296875,8400851,259.7799987792969,26.666514078776043,-3.269253188222901,51.58727659811518,-68.85363451133931
2024-07-02,250.39999389648438,259.3999938964844,244.8000030517578,252.60000610351562,16546319,258.73999938964846,25.688027801789758,-3.426245801640013,40.625,-182.6447873984832
2024-07-03,254.60000610351562,255.60000610351562,250.60000610351562,251.39999389648438,9762853,258.23999938964846,44.95413614617638,-3.552899094461627,44.767432060673215,-147.7735721507699
2024-07-04,256.0,258.3999938964844,253.0,255.39999389648438,4242813,257.3399993896484,51.37612559801496,-3.6234630533379155,46.02274599153484,-88.74696135367468
2024-07-05,261.20001220703125,261.20001220703125,254.39999389648438,257.20001220703125,5174701,257.2200012207031,75.22938926355354,-3.5639504620337568,52.970325450134006,-1.1624757729721589
2024-07-08,259.0,263.0,254.39999389648438,261.20001220703125,4562944,257.1,65.13759156147086,-3.45300510329382,47.78326826430303,1.368971189454961
2024-07-09,254.39999389648438,262.79998779296875,254.33599853515625,259.20001220703125,4236358,256.56000061035155,44.03664908639763,-3.381158935043903,44.09090341616069,-45.237035415552484
2024-07-10,260.79998779296875,261.79998779296875,252.8000030517578,257.79998779296875,5054258,256.6199981689453,73.39441514399606,-3.227771166894436,45.333326099546845,-6.419490971316858
2024-07-11,268.0,275.1780090332031,261.0,261.3999938964844,10115569,257.7199981689453,76.3710329190553,-2.909086810890717,55.64515980175907,234.01048365088215
2024-07-12,265.20001220703125,270.0,265.20001220703125,268.79998779296875,7420026,258.73999938964846,67.15387826223233,-2.541545489116189,54.9800724153108,164.93258877121693
2024-07-15,261.20001220703125,267.20001220703125,260.3999938964844,265.6000061035156,6141224,259.0800018310547,53.986457061370174,-2.220673658680062,51.30113675039139,68.57479835518443
2024-07-16,266.20001220703125,267.3999938964844,259.79998779296875,260.79998779296875,5078367,260.6600036621094,70.44573356244786,-1.8610405486072685,55.13698415385869,91.28275574330523
2024-07-17,266.20001220703125,267.6000061035156,263.3999938964844,267.0,6394576,261.82000427246095,70.44573356244786,-1.4917234934244714,58.3333425475759,104.45035718307763
2024-07-18,271.0,271.0,264.6000061035156,268.3999938964844,7140277,263.32000427246095,86.2465988197019,-1.0557159979447974,63.793103448275865,144.8989334358274
2024-07-19,272.79998779296875,274.20001220703125,264.6000061035156,270.0,7398401,264.48000183105466,92.17189817630936,-0.569640515606235,63.15789473684211,151.04286612111682
2024-07-22,273.3999938964844,276.0,272.6000061035156,273.79998779296875,4500725,265.9200012207031,89.7637530382419,-0.06679319615628587,72.90836096328529,168.5122243438094
2024-07-23,272.79998779296875,274.6549987792969,272.20001220703125,274.6000061035156,8645058,267.76000061035154,86.20684212084042,0.41078578672347466,69.52787479150145,133.3299232673392
2024-07-24,273.6000061035156,274.6000061035156,269.6000061035156,270.6000061035156,3395240,269.0400024414063,89.65519736128148,0.8593191473219081,69.13042872524844,109.92214196628527
2024-07-25,270.0,272.3999938964844,267.6000061035156,270.6000061035156,3413278,269.24000244140626,74.13792763255253,1.206739857679744,59.90989071413843,72.90526701791433
2024-07-26,274.6000061035156,275.6000061035156,267.79998779296875,269.6000061035156,4018354,270.1800018310547,93.96554275585605,1.5432127565561764,66.66666666666666,92.43796385562491
2024-07-29,274.0,277.0,273.4989929199219,276.6000061035156,2781263,271.4600006103516,87.60330422183003,1.8420952729535003,72.89719359615992,104.82253438674606
2024-07-30,277.6000061035156,278.3999938964844,272.79998779296875,272.79998779296875,3157299,272.6,95.69899177174172,2.154986437539469,71.00000686644984,112.40285905630633
2024-07-31,275.3999938964844,279.6000061035156,275.0,278.79998779296875,3176023,273.51999816894534,78.78783675268609,2.4202441196858717,60.571410634581966,109.15060204877891
2024-08-01,275.79998779296875,279.67999267578125,274.3999938964844,274.79998779296875,2727200,273.9999969482422,80.4828776165593,2.6426062549273266,66.25761300384372,101.64675739571011
2024-08-02,273.79998779296875,276.3999938964844,271.79998779296875,273.0,6108654,274.09999694824216,70.4225179144894,2.7884938357201436,70.58817076259946,63.68718386565904
2024-08-05,265.6000061035156,269.3999938964844,264.6000061035156,268.6000061035156,6670896,273.3199981689453,13.513589508550734,2.741619519091862,49.112417487465684,-42.70413939010912
2024-08-06,266.20001220703125,267.79998779296875,262.6000061035156,265.0,5314010,272.6600006103516,21.07733567754258,2.5797070502064168,50.0,-69.83531153368156
2024-08-07,271.3999938964844,272.6000061035156,266.79998779296875,267.3999938964844,3790080,272.43999938964845,51.52221727889479,2.431261611952568,50.574703571870174,-4.865551639720438
2024-08-08,268.20001220703125,273.20001220703125,265.20001220703125,270.6000061035156,2918707,272.26000061035154,32.78694675679008,2.2424436268392385,43.64644470334732,-31.78047773282682
2024-08-09,267.79998779296875,271.29998779296875,267.79998779296875,268.3999938964844,5191678,271.5799987792969,30.444881601352208,2.026725923768008,42.222220338422694,-32.83193166829709
2024-08-12,269.6000061035156,271.0,268.17999267578125,271.0,1857507,271.13999938964844,40.98363877736623,1.8295551995737664,45.698954281931236,-29.76658888065966
2024-08-13,274.20001220703125,277.20001220703125,270.6000061035156,270.6000061035156,4111349,270.8,67.91577999453256,1.7235658619839156,50.73171421574721,55.82413939746236
2024-08-14,279.0,279.0639953613281,274.79998779296875,275.79998779296875,4752256,271.1600006103516,96.01877511493237,1.7529360338403772,60.66350402441406,124.79398388416853
2024-08-15,281.20001220703125,282.6000061035156,279.0,280.79998779296875,4264222,271.7000030517578,93.00003051757812,1.8967119049798324,58.29146113956265,175.6390287432532
2024-08-16,280.6000061035156,282.3999938964844,279.3999938964844,282.0,3211633,272.3800048828125,90.0,2.090762346232163,58.29146113956265,150.0416565215098
2024-08-19,284.20001220703125,284.2040100097656,280.0,280.0,2720696,274.24000549316406,99.9814950841903,2.3588221937765033,58.29146113956265,160.0902121280844
2024-08-20,279.3999938964844,283.6000061035156,279.1109924316406,280.79998779296875,4131872,275.56000366210935,77.76330658831506,2.577259841592467,54.716978416023444,108.43978658507864
2024-08-21,279.79998779296875,281.3999938964844,278.35400390625,279.79998779296875,2497342,276.40000305175784,79.61478698157984,2.753651966009524,54.716978416023444,84.21728177263154
2024-08-22,283.20001220703125,286.20001220703125,278.79998779296875,279.79998779296875,4889898,277.90000305175784,87.28813888080691,2.942413278201249,60.73060951478499,114.69782663752339
2024-08-23,287.6000061035156,287.6000061035156,283.0,284.3999938964844,5961129,279.8800048828125,100.0,3.192525155532148,77.49995803839411,142.56410723760317
2024-08-27,288.0,289.6000061035156,284.79998779296875,287.3999938964844,5700394,281.7200042724609,93.44259629611564,3.467084359027202,77.38688573864717,140.78590256683879
2024-08-28,288.79998779296875,289.3999938964844,286.7279968261719,289.20001220703125,2232172,283.1800018310547,96.72123561202143,3.7474349772379507,74.57622442971442,130.68284230690705
2024-08-29,290.20001220703125,291.20001220703125,288.6000061035156,290.0,5240839,284.3000030517578,95.72650018519195,4.030514508837115,82.73800008719283,129.60710772269485
2024-08-30,292.3999938964844,294.6000061035156,289.8800048828125,291.0,13963471,285.4200012207031,91.67293304733225,4.326378038777852,84.74571741628584,132.77988206632685
2024-09-02,296.0,296.2969970703125,287.20001220703125,293.6000061035156,4312690,286.9600006103516,98.84423405566726,4.662319980208342,85.48382201053184,126.01444177475473
2024-09-03,298.3999938964844,299.20001220703125,295.20001220703125,296.20001220703125,6364305,288.3799987792969,96.72123971283489,5.033435792412539,84.57137226966006,153.58316209391333
2024-09-04,296.3999938964844,296.79998779296875,294.20001220703125,295.79998779296875,4814599,290.0799987792969,86.56808406604185,5.3637623510319195,77.01858821321713,123.60477115993987
2024-09-05,297.20001220703125,299.3999938964844,294.6000061035156,295.6000061035156,5966381,291.82000122070315,89.54678924358538,5.651745457203944,75.97398479672154,119.83992035530022
2024-09-06,296.3999938964844,298.79998779296875,295.79998779296875,297.0,3092007,293.13999938964844,85.74550305596439,5.872446661390756,75.48380110453726,107.75899164897407
2024-09-09,299.79998779296875,300.0979919433594,297.0,299.3999938964844,2965668,294.35999755859376,98.62948714889819,6.080267774117217,75.324595543648,115.29279868114159
2024-09-10,299.20001220703125,301.3999938964844,298.0,298.79998779296875,3456800,295.47999877929686,90.45395016492954,6.245691148678474,87.21807099121301,111.12424239133367
2024-09-11,299.0,300.6610107421875,298.5119934082031,300.0,3841755,296.5,89.38056084811838,6.358442404246602,86.36362585483819,99.71217371315933
2024-09-12,295.79998779296875,301.0,295.6000061035156,300.6000061035156,9568576,297.05999755859375,69.56517412440229,6.366722686698733,74.04574373166908,73.28474787646893
2024-09-13,289.79998779296875,296.3999938964844,285.20001220703125,296.20001220703125,8060833,296.7999969482422,30.120470852965994,6.198850976467108,53.95679899357924,-4.561709833936612
2024-09-16,294.6000061035156,295.20001220703125,288.79998779296875,289.3999938964844,7307509,296.6599975585938,58.024719266220956,5.991823775738972,60.24844308431844,16.870780266638604
2024-09-17,299.0,300.6000061035156,297.3999938964844,299.20001220703125,4260575,296.7199981689453,85.18520611633238,5.827650134509082,64.24580767473421,84.91468316647025
2024-09-18,297.20001220703125,299.3840026855469,297.20001220703125,298.6000061035156,6010476,296.8,74.07415779866288,5.6569423802877825,59.668505026968425,65.99192328410346
2024-09-19,293.20001220703125,301.0,291.79998779296875,300.20001220703125,6103700,296.4,49.382771865775254,5.41437697340361,51.052654826391255,22.425876539083948
2024-09-20,292.6000061035156,295.0,291.3999938964844,291.6000061035156,16059379,296.02000122070314,45.67902629977715,5.1175750541046945,45.14287009724636,-26.380827123361072
2024-09-23,294.6000061035156,294.79998779296875,291.20001220703125,292.79998779296875,2156155,295.5000030517578,58.024719266220956,4.822582429793161,44.5086939725201,-26.43269232567463
2024-09-24,292.79998779296875,296.20001220703125,291.0,295.79998779296875,2388930,294.86000061035156,46.91348256822664,4.504477955628809,44.767441344687505,-40.73662464320259
2024-09-25,296.0,296.7359924316406,291.3999938964844,292.20001220703125,4915635,294.56000061035155,66.66666666666667,4.229350693293163,48.369550795114534,-18.565916776334596
2024-09-26,293.6000061035156,299.79998779296875,293.31500244140625,298.0,6077761,294.3400024414062,51.85187278299905,3.9476532937903976,46.35418487918544,-3.8032945302919834
2024-09-27,299.79998779296875,299.79998779296875,292.3999938964844,292.3999938964844,3611145,295.3400024414062,90.12340795077999,3.766524489159396,50.0,42.29475533423113
2024-09-30,295.3999938964844,299.79998779296875,295.3940124511719,297.79998779296875,7025688,295.4200012207031,64.55689601223794,3.5791411986747237,45.777760296115254,23.473987282419948
2024-10-01,294.3999938964844,297.3999938964844,292.0,296.79998779296875,4996147,294.9600006103516,58.22777719832965,3.3735486566178943,44.978161283336945,-44.785765582799186
2024-10-02,289.20001220703125,294.6000061035156,287.0,293.79998779296875,4186852,294.1600006103516,25.3164752556332,3.076668738611598,43.09625808428728,-154.90958837426746
2024-10-03,292.79998779296875,293.79998779296875,287.6000061035156,291.20001220703125,5334468,294.1199981689453,41.42848423549107,2.788557755285623,53.30396742279517,-108.41400524806214
2024-10-04,291.0,294.3999938964844,289.20001220703125,291.20001220703125,2900561,293.9599975585937,28.571428571428573,2.485972783008128,45.75470306133539,-93.44542352097346
2024-10-07,292.20001220703125,294.79998779296875,289.20001220703125,294.79998779296875,2836108,293.7199981689453,37.1429443359375,2.203657258176615,41.32653537863643,-72.77296743858217
2024-10-08,291.79998779296875,292.3999938964844,290.0,292.0,2601609,293.6199981689453,34.28562709263393,1.9374409400964474,42.85710825670297,-82.85053070405841
2024-10-09,292.79998779296875,294.20001220703125,291.739013671875,292.3999938964844,2729372,293.2999969482422,45.31244784588608,1.70680938835786,49.42525207703762,-35.196211469781865
2024-10-10,288.0,294.79998779296875,288.0,293.0,4377862,292.7399963378906,7.812507450587702,1.4301006001401493,44.102551662778936,-106.63091363589155
2024-10-11,271.0,277.6000061035156,268.6000061035156,275.0,24207695,289.85999755859376,7.692292644183414,0.8645324649073008,28.14813014737173,-448.02279738531047
2024-10-14,274.6000061035156,275.3999938964844,270.3999938964844,270.79998779296875,16295492,287.7799987792969,19.23078051686244,0.2030264537562645,33.69176019290623,-290.42650165270965
2024-10-15,277.20001220703125,278.20001220703125,274.79998779296875,276.3999938964844,12300177,286.06000061035155,27.564138303397723,-0.44291548070001563,32.97101048655678,-184.6992576833452
2024-10-16,274.6000061035156,278.3999938964844,274.6000061035156,276.6000061035156,13690838,284.6,19.23078051686244,-1.0857128947240593,32.85197422419749,-152.78986360970498
2024-10-17,278.79998779296875,279.2120056152344,275.0,275.0,13338624,283.2,32.692268190981466,-1.6233600674664714,30.33706516707528,-109.23714421492804
2024-10-18,279.6000061035156,279.6000061035156,275.79998779296875,277.6000061035156,6129923,282.06000061035155,38.19446063336717,-2.0504529619939094,34.13655455232907,-87.66992024582377
2024-10-21,277.79998779296875,281.79998779296875,277.79998779296875,279.79998779296875,3957976,280.6199981689453,35.114458469856885,-2.40990850524747,33.59683389211855,-70.23941401292024
2024-10-22,276.3999938964844,277.79998779296875,274.79998779296875,276.6000061035156,4471775,279.0799987792969,29.77096658089901,-2.7249704295266595,36.32477211268285,-82.58865426626537
2024-10-23,275.6000061035156,278.6000061035156,275.0,276.6000061035156,5122632,277.36000061035156,26.71757592417658,-3.002243805987913,30.454579818323438,-72.95271422355901
2024-10-24,273.79998779296875,277.3999938964844,274.20001220703125,276.6000061035156,1554489,275.93999938964845,19.847272227470267,-3.2631724441227874,30.454558695625025,-74.75194273929091
2024-10-25,272.79998779296875,274.3999938964844,271.79998779296875,273.79998779296875,4030375,276.1199981689453,16.030475666873613,-3.5086951924320715,27.853878097043008,-83.94880621171045
2024-10-28,272.3999938964844,275.6000061035156,271.6000061035156,274.3999938964844,3905408,275.8999969482422,14.503780338512396,-3.730075762211004,27.853897504178747,-76.51116347837362
2024-10-29,267.79998779296875,274.3999938964844,266.0,274.0,5070168,274.9599945068359,6.249960263553307,-3.9896081605064886,23.62870556604284,-103.21987368044353
2024-10-30,264.3999938964844,271.6000061035156,264.3999938964844,267.0,6284932,273.9399932861328,0.0,-4.304600061471225,24.34783647100268,-119.94869340257699
2024-10-31,266.20001220703125,266.20001220703125,261.0,262.6000061035156,10960542,272.67999572753905,25.000073359605853,-4.599311213208743,42.20782437756129,-137.15426954450015
2024-11-01,264.79998779296875,266.79998779296875,264.08599853515625,265.6000061035156,5253449,271.1999938964844,18.269182803334633,-4.87771534992126,32.86714107517656,-125.25466389610736
2024-11-04,265.79998779296875,268.79998779296875,264.20001220703125,264.20001220703125,4918135,269.9999938964844,23.076877932550243,-5.104232444750744,28.888891400618036,-108.95886315086751
2024-11-05,266.0,267.6000061035156,264.6000061035156,266.20001220703125,4245790,268.9599945068359,24.038475646078048,-5.271528690365683,32.52036050341461,-103.08055028564169
2024-11-06,267.79998779296875,271.79998779296875,266.20001220703125,266.20001220703125,5560858,268.17999267578125,32.692268190981466,-5.35220387518451,25.22530696183391,-65.85551051820595
2024-11-07,256.79998779296875,268.3999938964844,256.79998779296875,268.0,19269657,266.47999267578126,0.0,-5.537657350955029,14.814846211446891,-158.77726821907285
2024-11-08,249.1999969482422,256.0,247.8000030517578,254.39999389648438,10921428,264.11999359130857,4.545434278469901,-5.887694025884809,12.565483924957178,-227.48137987133396
2024-11-11,243.39999389648438,250.8000030517578,243.0,249.60000610351562,8026696,261.2199935913086,1.123578168276983,-6.4016551762147715,11.267638930080423,-228.08977699580888
2024-11-12,241.8000030517578,243.1999969482422,240.1999969482422,241.1999969482422,6976667,258.6199951171875,4.301092028963809,-7.002354571591637,11.059939914178173,-215.14525020361836
2024-11-13,243.1999969482422,245.0,239.8000030517578,242.1999969482422,16799115,256.49999542236327,9.497188845399924,-7.587634296193004,14.418627923077281,-172.52349042885254
2024-11-14,239.60000610351562,241.26499938964844,237.60000610351562,239.60000610351562,6475792,253.83999481201172,5.2631578947368425,-8.172709937575686,13.596516177995085,-159.1459598142926
2024-11-15,244.60000610351562,245.60000610351562,239.60000610351562,239.60000610351562,6201992,251.81999664306642,19.02174544019133,-8.628587692748638,22.310775863641183,-113.83840901251986
2024-11-18,245.0,246.60000610351562,243.39999389648438,245.0,5324242,249.73999786376953,21.637420638638666,-8.95354088485654,25.21740457286006,-90.16650452040501
2024-11-19,248.39999389648438,251.1999969482422,244.39999389648438,251.1999969482422,6486668,247.97999725341796,31.578928582582662,-9.104746666316876,32.60869565217391,-63.849614279558324
2024-11-20,246.0,248.39999389648438,244.1999969482422,248.1999969482422,8607509,245.79999847412108,24.561398812312333,-9.1566634214693,28.326155804760745,-65.90570607503214
2024-11-21,246.8000030517578,248.0,246.1999969482422,246.8000030517578,12412477,244.8,26.9005902745245,-9.109992706793909,30.434779724233607,-54.793651592303505
2024-11-22,253.8000030517578,259.1700134277344,248.39999389648438,248.8000030517578,7805859,245.26000061035157,47.36843749024017,-8.87153140414836,38.46154297597707,-9.254588162879354
2024-11-25,253.1999969482422,255.8000030517578,252.1999969482422,254.1999969482422,22803039,246.24000091552733,45.6140327394895,-8.514712744441876,37.78624453747915,-3.7239349606934917
2024-11-26,252.39999389648438,255.1999969482422,250.1999969482422,253.39999389648438,16605806,247.3,48.05192746325504,-8.095771838808,35.01945051695864,-6.403928945960212
2024-11-27,253.39999389648438,254.3990020751953,251.1999969482422,252.8000030517578,4231715,248.31999969482422,73.24980263325439,-7.625449169893751,45.89372354588035,2.366246241437688
2024-11-28,261.20001220703125,263.0,258.6000061035156,259.0,15559886,250.4800003051758,92.91343218307668,-7.005751820954893,64.42309843718421,74.13669586419708
2024-11-29,261.20001220703125,263.3999938964844,260.0,260.0,4718263,252.14000091552734,91.47293515366435,-6.308947349959897,74.86036924577229,83.112199290371
2024-12-02,259.6000061035156,263.0,259.0,260.3999938964844,4717652,253.6000015258789,85.2713581748114,-5.611489066183358,74.860337338552,79.75498906319825
2024-12-03,261.79998779296875,263.0,259.6000061035156,260.0,5801765,254.94000091552735,93.79842302114703,-4.902293759317546,75.40982991448823,93.778588646453
2024-12-04,263.6000061035156,265.6000061035156,261.0,261.0,5872389,256.7000015258789,92.3076923076923,-4.1830275436772935,84.48274047707368,119.71270623656797
2024-12-05,267.6000061035156,268.0,263.3999938964844,264.6000061035156,5339076,258.7800018310547,98.3740089543018,-3.4218025713489135,84.02365020734787,140.5161511980369
2024-12-06,267.0,270.79998779296875,266.79998779296875,267.20001220703125,7004174,260.1000015258789,85.71432668849171,-2.6759571008497636,82.35291213727871,136.38340715411937
2024-12-09,269.6000061035156,270.0,265.79998779296875,267.0,7482152,261.74000244140626,95.48878908847061,-1.931269029778678,81.92768814016742,121.77029974126445
2024-12-10,272.79998779296875,273.79998779296875,267.79998779296875,269.3999938964844,8483527,263.7800018310547,96.37681039234451,-1.1708885817763093,89.41171137936637,127.65374722922918
2024-12-11,274.6000061035156,275.3999938964844,272.20001220703125,272.6000061035156,8532750,265.90000305175784,97.03708224826389,-0.40914592270236105,89.71423813183839,131.11958740585462
2024-12-12,278.0,280.3999938964844,273.6000061035156,274.6000061035156,11980816,267.5800018310547,92.05299953970999,0.36869617815865774,88.53497829998838,142.29372345746768
2024-12-13,280.0,280.79998779296875,278.0,278.0,6742384,269.4600006103516,97.38566002510221,1.14692182772277,90.85362137679726,147.3081519584385
2024-12-16,276.3999938964844,280.0,276.0,279.6000061035156,6475090,271.13999938964844,85.13515115742591,1.8245419420186002,83.70783049388706,117.87263415626352
2024-12-17,275.0,276.3999938964844,271.20001220703125,274.6000061035156,5071257,272.4600006103516,73.87390731171533,2.3770879046449425,79.9999830458043,83.36552920827863
2024-12-18,275.20001220703125,277.3999938964844,273.20001220703125,275.3999938964844,7116189,273.6200012207031,74.31202421249206,2.8200476534708434,74.64786613540336,83.10257357227572
2024-12-19,271.3999938964844,275.3999938964844,270.20001220703125,274.20001220703125,4794076,274.0,56.88073779786153,3.104045672734542,65.83845986896414,53.33624408862429
2024-12-20,270.20001220703125,273.20001220703125,269.7760009765625,271.0,9750515,274.32000122070315,50.00007197548227,3.2473021590715794,66.66666666666666,36.80189124755484
2024-12-23,269.0,270.6000061035156,266.79998779296875,269.0,3692980,274.26000061035154,40.40406531382262,3.268288085069286,61.68831297510245,9.429514818605522
2024-12-24,272.0,273.20001220703125,269.6000061035156,270.3999938964844,1484041,274.1800018310547,49.42533977125839,3.251951233912961,63.124977946302465,32.783739523241394
2024-12-27,271.20001220703125,272.0,270.0,272.0,2702565,273.8400024414062,36.000162760416664,3.1929024011601532,56.2500066227341,18.14721711333247
2024-12-30,272.20001220703125,273.0,269.3999938964844,270.20001220703125,3403621,273.2600036621094,42.666829427083336,3.118855108722163,58.904126769130436,19.08723025748216
2024-12-31,273.6000061035156,274.6000061035156,271.20001220703125,272.20001220703125,1516888,272.62000427246096,48.571559361049104,3.054516337034742,57.14285714285714,38.889136167633374
2025-01-02,275.79998779296875,277.20001220703125,273.0,274.6000061035156,2315267,272.56000366210935,64.28571428571429,3.027772985163518,55.55555555555556,72.48927567853337
2025-01-03,276.3999938964844,277.79998779296875,273.3999938964844,275.0,6479534,272.7000030517578,68.57147216796875,3.028667484647129,53.488350086466504,75.31785759557664
2025-01-06,277.20001220703125,279.20001220703125,270.6000061035156,277.6000061035156,9603472,272.90000305175784,74.285888671875,3.0526988418484384,48.27588928438948,63.707780591860946
2025-01-07,272.3999938964844,277.3999938964844,268.79998779296875,276.20001220703125,7547517,273.0000030517578,42.42424943010788,3.0064329629040225,35.384620801930595,-10.486919461303533
2025-01-08,272.0,274.0,269.6000061035156,272.3999938964844,6390058,273.1800018310547,41.9354997489688,2.9052975341871794,40.35089832702236,-44.42644263608501
2025-01-09,263.20001220703125,269.79998779296875,258.6000061035156,268.6000061035156,9093371,272.6000030517578,22.33012009996726,2.6280521945600372,30.46360426599192,-241.4569701236988
2025-01-10,252.0,262.79998779296875,251.8000030517578,262.79998779296875,7814184,270.6000030517578,0.7299156256073581,2.0702787174224992,21.844653721884214,-329.73604839300964
2025-01-13,252.8000030517578,255.8000030517578,250.8000030517578,252.0,6443818,268.76000213623047,7.042251250924795,1.3739600432563202,25.654460300182734,-271.47868777967375
2025-01-14,251.8000030517578,254.60000610351562,249.0,253.1999969482422,8105984,266.7200012207031,9.271529536355313,0.6082201503543974,25.78947135946521,-212.66978551737208
2025-01-15,257.0,257.3999938964844,251.8000030517578,252.8000030517578,9199210,265.06000061035155,26.490055517717366,-0.0793136095064948,35.71428571428572,-138.77276631478398
2025-01-16,259.20001220703125,260.20001220703125,255.1999969482422,257.3999938964844,5728630,263.40000305175784,33.774861205706586,-0.6465069428789283,34.46603883434737,-93.13095289728011
2025-01-17,262.6000061035156,263.20001220703125,258.79998779296875,259.79998779296875,7525802,262.02000427246094,45.03311459042799,-1.0528215795672273,40.18264553847826,-53.63964643315771
2025-01-20,264.79998779296875,265.6000061035156,262.10400390625,263.0,4315678,260.7800018310547,52.31781922687486,-1.2995018649445154,41.777750651041664,-24.38239947468529
2025-01-21,260.6000061035156,263.6000061035156,259.20001220703125,260.0,6612104,259.6000030517578,38.41060071099865,-1.4972414706341155,36.40167016746366,-47.4787133844368
2025-01-22,257.3999938964844,262.3999938964844,257.20001220703125,261.3999938964844,5076587,258.14000244140624,27.814538083294764,-1.7015819791923321,31.14755431095024,-60.89492564877699
2025-01-23,253.1999969482422,259.6000061035156,252.60000610351562,257.79998779296875,8736654,257.14000091552737,13.907269041647382,-1.9624781874668589,27.862602199653068,-86.84816848664894
2025-01-24,252.8000030517578,255.60000610351562,251.60000610351562,253.60000610351562,5969322,257.2200012207031,13.380295311359957,-2.247054586555284,26.538445850796577,-93.75310157637404
2025-01-27,254.39999389648438,258.0,252.61199951171875,253.8000030517578,4265674,257.38000030517577,21.5999755859375,-2.5009068940087253,31.55736090257068,-71.93913403981371
2025-01-28,257.20001220703125,261.20001220703125,253.80099487304688,254.39999389648438,4997674,257.9200012207031,39.423158747252685,-2.6718218491228214,35.54688175209107,-46.273570684750986
2025-01-29,256.20001220703125,259.79998779296875,255.60000610351562,257.3999938964844,4961363,257.8400024414062,43.37355156457683,-2.791658427689754,41.935482736822415,-43.88717288801985
2025-01-30,258.20001220703125,258.20001220703125,255.8000030517578,256.79998779296875,5970828,257.74000244140626,55.421739905763225,-2.8349264517605093,59.06435018493484,-37.03048279557025
2025-01-31,254.39999389648438,257.0,252.39999389648438,255.1999969482422,5435416,256.9200012207031,32.53007175305038,-2.8821003098642906,52.15052550535514,-64.1588757923713
2025-02-03,253.0,254.1999969482422,250.0,252.60000610351562,5491067,255.74000244140626,19.23076170671445,-2.9450165328415143,51.595741011211565,-91.91927057767238
2025-02-04,257.20001220703125,259.6000061035156,250.8000030517578,251.0,5189471,255.4000030517578,46.15390634628439,-2.940780562609979,50.27324067442169,-34.040568416800134
2025-02-05,263.6000061035156,263.6000061035156,254.1999969482422,255.0,7022721,256.02000427246094,87.1794921955237,-2.785866156697346,55.39215099623467,76.51995000282469
2025-02-06,264.20001220703125,269.0,263.0,264.0,5765124,257.12000579833983,74.73690635279605,-2.5287079961234733,52.10527118883635,182.99461168422744
2025-02-07,262.79998779296875,266.3999938964844,261.20001220703125,263.79998779296875,5972330,258.12000427246096,67.36835680509868,-2.237519221449703,47.31183104438088,120.10813102905388
2025-02-10,262.79998779296875,265.3999938964844,262.79998779296875,262.79998779296875,3503782,258.9600036621094,67.36835680509868,-1.9351655549664208,53.33329942497591,108.98288516438845
2025-02-11,264.3999938964844,267.0,262.6000061035156,264.0,7790459,259.6800018310547,75.78944156044408,-1.6117260327610239,61.146477315468594,113.73027437793883
2025-02-12,261.0,265.3999938964844,260.20001220703125,265.0,6019406,260.1600006103516,57.89473684210526,-1.3425970061220687,62.745081417469294,59.33918184120318
2025-02-13,264.20001220703125,265.79998779296875,262.79998779296875,263.3999938964844,2947813,260.76000061035154,74.73690635279605,-1.0675025582594622,67.06584610492817,87.85110126145378
2025-02-14,262.20001220703125,264.6000061035156,262.20001220703125,264.6000061035156,3365235,261.5400024414063,64.21059056332237,-0.8325657831172515,61.53846153846154,62.34412224282086
2025-02-17,261.3999938964844,264.0,261.0,262.3999938964844,6553516,262.3800018310547,59.999967876233555,-0.6459810722875018,56.603728317458796,50.120615656394335
2025-02-18,251.0,262.79998779296875,250.11199951171875,261.3999938964844,9892333,261.76000061035154,5.2631578947368425,-0.6639370845075893,43.68931679263787,-78.2286020949324
2025-02-19,249.0,252.0,248.3769989013672,251.1999969482422,6130114,260.3,3.0209041625571844,-0.8395495604841089,38.83495649030698,-140.3278746700382
2025-02-20,248.60000610351562,251.0570068359375,245.91200256347656,249.8000030517578,5144801,258.73999938964846,11.642428267888004,-1.1092403231853325,42.32806838512165,-144.97803191262153
2025-02-21,252.60000610351562,254.39999389648438,247.8000030517578,248.39999389648438,5370819,257.7200012207031,28.967447516514163,-1.3574140510922121,49.504958722010166,-96.25218030622418
2025-02-24,256.0,256.0,252.39999389648438,254.1999969482422,4847020,257.0400024414063,43.69368744196498,-1.5217529034736619,48.48483447311759,-49.22657222755881
2025-02-25,255.39999389648438,256.6000061035156,253.8000030517578,255.0,5533221,256.14000244140624,41.09490811878963,-1.6310351300929828,37.86982195095525,-40.02127152306779
2025-02-26,257.79998779296875,258.0,255.0,255.0,4087229,255.82000122070312,56.373229678521994,-1.6580722155104586,41.01121091225177,-15.975772647730077
2025-02-27,257.79998779296875,259.0,254.8000030517578,256.79998779296875,4897111,255.17999877929688,56.373229678521994,-1.6283632291088455,42.69006108867406,-12.009664455928668
2025-02-28,258.6000061035156,259.20001220703125,256.0,256.20001220703125,9980920,254.81999816894532,60.16694367604591,-1.548169104323304,44.000031389481556,-4.079641738816622
2025-03-03,253.39999389648438,259.3999938964844,253.39999389648438,259.20001220703125,5833613,254.0199981689453,37.6508291141717,-1.5199703485620009,35.75130885499105,-44.84491301107391
2025-03-04,250.0,253.14999389648438,248.31199645996094,251.60000610351562,6768602,253.9199981689453,20.55511098460233,-1.5766201051448685,35.75130885499105,-109.17150409873231
2025-03-05,249.39999389648438,252.0,248.1999969482422,250.0,5460628,253.95999755859376,18.664333648775205,-1.6894609024404528,29.444436438296478,-105.39676417351468
2025-03-06,250.8000030517578,251.39999389648438,246.39999389648438,250.1999969482422,6709073,254.17999725341798,27.023447484636183,-1.8054189028559118,33.898310198764904,-100.95346311002959
2025-03-07,254.60000610351562,255.0,247.8000030517578,249.8000030517578,12220836,254.37999725341797,51.444878841241774,-1.8525102516092598,41.14585485721915,-54.338951151710894
2025-03-10,259.6000061035156,261.3999938964844,255.1320037841797,256.3999938964844,6266175,254.73999786376953,88.37817148610718,-1.769974385593343,63.03030022795685,42.17719367662019
2025-03-11,258.20001220703125,264.79998779296875,257.79998779296875,259.79998779296875,7897940,255.0199996948242,65.05728109299807,-1.6288193144415,64.19753900407278,73.63194561424102
2025-03-12,255.1999969482422,259.3999938964844,249.39999389648438,258.6000061035156,8978230,254.76000061035157,47.82611940669828,-1.5024735258450899,59.428546018049815,-12.58643364262737
2025-03-13,254.8000030517578,255.8000030517578,252.38800048828125,254.39999389648438,4238983,254.46000213623046,45.65223881339656,-1.3949903915848776,53.50317542774365,-11.08812308557482
2025-03-14,235.0,255.8000030517578,233.91200256347656,255.8000030517578,21831774,252.1000015258789,3.5223969075347963,-1.6176824664441207,28.03349524232719,-222.82118082113726
2025-03-17,232.39999389648438,234.82000732421875,228.0,231.1999969482422,13216638,250.0000015258789,11.956509119617335,-2.0734426325723163,26.907653163775052,-303.20051796658464
2025-03-18,236.39999389648438,236.8000030517578,232.60000610351562,233.0,9816766,248.64000091552734,22.82607794258381,-2.582850203020604,29.18290756211715,-199.04019470015663
2025-03-19,234.39999389648438,236.8000030517578,231.60000610351562,235.39999389648438,10769558,247.14000091552734,17.391293531100573,-3.1252009344140608,28.0899158938698,-172.00971306204792
2025-03-20,237.0,237.1999969482422,233.60000610351562,235.1999969482422,7417598,245.76000061035157,24.45652985167457,-3.611164335388941,30.434792223552137,-130.87447966630296
2025-03-21,237.60000610351562,240.60000610351562,236.60000610351562,239.39999389648438,11479766,244.06000061035155,26.08698176076533,-4.01850692463156,34.387375140374715,-93.32250458671186
2025-03-24,236.0,238.8000030517578,233.8000030517578,238.8000030517578,5735731,241.7,21.73913764593295,-4.3715861133523,35.65575205743302,-95.06322755167174
2025-03-25,236.1999969482422,238.39999389648438,235.1999969482422,236.0,7160952,239.4999984741211,22.282607794258382,-4.6589904958391,36.3636506938172,-80.57213435803726
2025-03-26,236.60000610351562,239.60000610351562,235.60000610351562,237.0,3760262,237.63999938964844,23.36958955502371,-4.873164275262003,35.02111280259618,-67.287470169584
2025-03-27,237.0,239.8000030517578,236.0,238.1999969482422,8622373,235.85999908447266,24.45652985167457,-5.012722591847412,30.0000069358084,-58.25513362572459
2025-03-28,239.60000610351562,242.60000610351562,237.39999389648438,238.0,7663464,236.31999969482422,31.521766172248565,-5.04529091668757,25.961559622932185,-36.420675428597676
2025-03-31,235.1999969482422,238.8000030517578,235.0,238.1999969482422,8212325,236.6,22.9299310438666,-5.067793039747568,24.21525952398791,-58.88940355866666
2025-04-01,230.60000610351562,236.1999969482422,226.0,233.39999389648438,9298984,236.02000122070314,15.43626051153805,-5.144645905949253,23.37664911246415,-95.01147781404107
2025-04-02,233.0,233.0,227.60000610351562,229.60000610351562,4829634,235.8800018310547,23.489930480349702,-5.201519821176548,27.38590183665697,-87.01644761036344
2025-04-03,239.39999389648438,241.39999389648438,232.1999969482422,233.60000610351562,5269809,236.12000122070313,80.72282511779596,-5.128926411811814,56.321826984715784,-29.876003917990726
2025-04-04,237.1999969482422,243.1999969482422,237.0,239.0,9658254,236.0800003051758,65.11627288042519,-5.002400663708541,56.97674676493798,-12.403630923230104
2025-04-07,233.1999969482422,239.60000610351562,227.39999389648438,232.1999969482422,13025379,235.8,41.860454800708645,-4.901120040139892,45.348842882863536,-69.29553155096717
2025-04-08,236.60000610351562,237.8000030517578,229.7740020751953,234.39999389648438,9340923,235.84000091552736,61.62795339681109,-4.755556064917788,53.072641175693356,-51.10885348666853
2025-04-09,235.8000030517578,237.39999389648438,231.8000030517578,236.39999389648438,7359951,235.76000061035157,56.97677203808665,-4.5917915541351,48.235299397502494,-40.39099484638547
2025-04-10,228.8000030517578,239.39999389648438,223.39999389648438,237.1999969482422,16746567,234.94000091552735,27.27276930795237,-4.5264193964343695,39.10890958225298,-142.76012945374262
2025-04-11,233.1999969482422,235.39999389648438,229.85000610351562,230.0,8168099,234.3,49.494957279250436,-4.445628617771427,46.75925549819773,-71.65562180114969
2025-04-14,242.60000610351562,243.60000610351562,234.1999969482422,234.8000030517578,8457606,235.04000091552734,95.04950794211936,-4.1993047893989806,56.106877897968225,131.04444375403398
2025-04-15,246.8000030517578,246.8000030517578,242.0,243.0,5043930,236.66000061035157,100.0,-3.785561191124214,59.074730873772076,226.93164510106507
2025-04-16,248.0,248.8000030517578,245.8000030517578,248.0,9249787,238.16000061035157,96.85038282125296,-3.260797937483896,59.64912280701754,228.15321267517584
2025-04-17,256.79998779296875,258.6000061035156,250.0,256.3999938964844,17430115,239.9,94.88631339114332,-2.5461279878206335,63.60758439295836,283.4100983248049
2025-04-22,262.6000061035156,265.79998779296875,257.79998779296875,258.0,15504205,242.44000091552735,92.45287228751593,-1.6515533345090438,71.20744043225368,273.5434370759916
2025-04-23,258.3999938964844,262.20001220703125,253.39999389648438,260.3999938964844,13116878,244.96000061035156,82.54718169405692,-0.7543574974654613,71.65107671889513,176.6273198307767
2025-04-24,261.20001220703125,262.0,258.2879943847656,259.79998779296875,12881249,247.4200012207031,89.15099941483975,0.14384074857092222,71.82662246186959,158.54819587897964
2025-04-25,260.0,265.6000061035156,258.79998779296875,259.6000061035156,8150295,249.84000091552736,86.32078153801419,0.976108912821302,67.34005644205442,136.730679053453
2025-04-28,259.0,261.6000061035156,258.6000061035156,260.20001220703125,11394997,252.86000061035156,83.9622906324697,1.7052453410449508,68.72850629974997,106.61280477655218
2025-04-29,261.6000061035156,266.0,259.0,260.0,7421727,255.70000152587892,89.67137730968246,2.3691132385040823,74.99997985197379,106.47697165490726
2025-04-30,266.79998779296875,266.79998779296875,261.20001220703125,261.3999938964844,9098210,258.11999969482423,100.0,3.034834015703079,75.76788636219239,107.6621030593104
2025-05-01,268.0,269.20001220703125,265.79998779296875,267.79998779296875,4347812,260.23999938964846,97.37988705835319,3.6790464521303385,77.28811183494038,109.4088744993592
2025-05-02,263.3999938964844,269.79998779296875,263.3999938964844,268.0,11809000,261.7799987792969,83.97998290403726,4.194231494992256,80.56533492067729,87.73998689910839
2025-05-06,272.3999938964844,273.6000061035156,259.6000061035156,267.3999938964844,10437569,263.3399993896484,96.95428444622421,4.735568057600532,82.02611095472807,94.31875822525622
2025-05-07,274.3999938964844,274.3999938964844,270.20001220703125,272.79998779296875,11255431,264.51999816894534,100.0,5.286033643417148,79.55386517822703,108.12353192104365
2025-05-08,273.20001220703125,279.6000061035156,272.20001220703125,274.79998779296875,7846892,266.0,81.06510852474159,5.782171861573186,75.98424380885555,112.17014592482
2025-05-09,276.3999938964844,277.3999938964844,273.20001220703125,273.3999938964844,6014042,267.51999816894534,89.18915017841438,6.256125452584726,76.89392428753328,110.05794085975393
2025-05-12,269.79998779296875,281.3999938964844,269.6000061035156,278.3999938964844,7942237,268.4999969482422,58.57140677315848,6.571770500610057,62.84584050536108,94.38855166942986
2025-05-13,274.3999938964844,276.6000061035156,269.3999938964844,269.3999938964844,7962047,270.0399963378906,75.0,6.830056202306525,61.94330158024142,91.71610499108505
2025-05-14,277.6000061035156,278.6000061035156,273.0,273.79998779296875,8172108,271.63999633789064,83.55837714931589,7.0743376598262575,69.8347133492899,108.02510475583824
2025-05-15,277.0,279.6000061035156,273.6000061035156,278.79998779296875,6617174,272.6599975585938,80.7017708235735,7.271339297275349,67.0995493704265,104.05277560321679
2025-05-16,279.0,279.20001220703125,277.0,277.3999938964844,7425278,273.75999755859374,89.4737053445945,7.443715686911266,70.2127659574468,109.61130953087694
2025-05-19,280.79998779296875,281.6000061035156,277.79998779296875,278.6000061035156,8904810,275.4999969482422,96.46009692704276,7.603373213307569,72.80334033492731,116.35329810939102
2025-05-20,289.20001220703125,290.0,281.20001220703125,281.20001220703125,9195447,277.17999877929685,97.36846067899617,7.863377149247179,75.74627141852633,161.8424589622122
2025-05-21,288.0,290.20001220703125,286.3999938964844,288.20001220703125,6742952,278.5399993896484,92.81041905812401,8.13557871367529,71.37096426861848,154.19414642038416
2025-05-22,286.79998779296875,287.4320068359375,284.0,285.0,6617398,279.8999969482422,88.88881132062299,8.363468136085388,68.95158660525419,125.57407832190883
2025-05-23,287.6000061035156,288.0,284.79998779296875,287.0,5173332,281.01999816894534,91.50324972249953,8.545339015515106,76.41919913431451,121.76336657363875
2025-05-27,293.0,294.20001220703125,288.0,288.79998779296875,7403753,283.3399993896484,95.16124467327143,8.755509584320063,74.40756545905406,150.88386998047503
2025-05-28,284.0,294.0,277.1789855957031,293.3999938964844,10484677,284.3,58.870948886786024,8.808855040672265,59.756095291675216,80.11126561656643
2025-05-29,282.6000061035156,285.20001220703125,279.79998779296875,284.79998779296875,7379844,284.8,53.22581637537578,8.718695850331205,59.51415328332327,48.16199260712109
2025-05-30,285.3999938964844,286.3999938964844,282.79998779296875,284.3999938964844,19171420,285.63999938964844,64.51608139819626,8.568117519791045,59.18366203007659,64.2520917997415
2025-06-02,286.6000061035156,288.3999938964844,283.79998779296875,284.6000061035156,4305027,286.4,69.35483672492485,8.387180228514932,69.26604637684811,71.32296666666683
2025-06-03,287.20001220703125,289.3999938964844,285.79998779296875,288.79998779296875,7418910,287.0400024414063,66.98115108783587,8.187156227251487,66.16161188025724,76.9482269374866
2025-06-04,284.20001220703125,288.3999938964844,283.6000061035156,287.3999938964844,9923345,286.5400024414063,51.456325062479536,7.919131201612636,58.375630586006395,47.04666356198046
2025-06-05,274.20001220703125,277.17401123046875,273.6000061035156,275.0,8785386,285.1600036621094,2.9126501249590753,7.444941304600212,47.131162918678235,-87.55543957193683
2025-06-06,278.6000061035156,279.6000061035156,273.0,274.0,7092894,284.3400054931641,26.415107919882768,6.919619883882585,49.609381286422135,-63.50579873193769
2025-06-09,279.20001220703125,279.79998779296875,276.79998779296875,279.0,4876045,283.5000061035156,29.2453237596483,6.383589965155382,48.400026367155306,-46.700818776178295
2025-06-10,282.6000061035156,283.3999938964844,279.59600830078125,280.20001220703125,6160450,282.4600067138672,45.283021583976556,5.908643165489901,42.666664858218816,-8.6302301674175
2025-06-11,282.3999938964844,283.3999938964844,279.6000061035156,282.0,6048209,282.3000061035156,44.339568320468935,5.480221506609777,43.63636111425149,-17.558987022554803
2025-06-12,283.79998779296875,287.20001220703125,283.3999938964844,283.79998779296875,5880116,282.4200042724609,50.943309312750294,5.11326502753362,46.606335778881565,27.137382434081815
2025-06-13,286.79998779296875,286.79998779296875,281.6000061035156,281.79998779296875,4641629,282.56000366210935,65.09424456082064,4.840279279938516,49.137911189889735,26.76041980153898
2025-06-16,285.6000061035156,286.79998779296875,283.20001220703125,285.79998779296875,4480203,282.4600036621094,60.00002906436012,4.610325947718605,41.232230915477125,24.849749762499833
2025-06-17,286.0,286.6000061035156,284.20001220703125,284.20001220703125,6027042,282.3400024414062,79.26832218386848,4.4152728370301,52.97619263871884,29.66112757712827
2025-06-18,287.0,287.3999938964844,285.3999938964844,287.3999938964844,4646313,282.6200012207031,85.36588542878144,4.258210631481073,56.62650048671887,52.98779043922825
2025-06-19,287.0,290.79998779296875,286.20001220703125,287.6000061035156,3924446,283.9,78.65173933169886,4.123488526238608,52.631589514398975,85.64484529867285
2025-06-20,286.3999938964844,288.20001220703125,284.79998779296875,286.3999938964844,23290859,284.67999877929685,75.28091621376035,3.9908601070452208,49.66440891113646,49.60109145981921
2025-06-23,287.3999938964844,290.0,285.0,285.0,4832810,285.4999969482422,80.89889759459598,3.8733550091006,50.331095713086086,71.33269881234541
2025-06-24,290.0,291.79998779296875,286.0,289.3999938964844,6608155,286.2399963378906,90.4255906291495,3.8041421466241165,59.73152712890918,118.24384363044354
2025-06-25,287.20001220703125,292.3999938964844,285.79998779296875,290.20001220703125,5944829,286.7199981689453,73.19596223999093,3.715483595015542,78.76109301659834,92.20084477295887
2025-06-26,287.3999938964844,288.20001220703125,282.79998779296875,287.6000061035156,6619218,287.0799987792969,67.94873048880925,3.614006742339905,73.91305790058547,36.54989371132891
2025-06-27,287.0,289.3999938964844,285.0,285.0,3193406,287.1,57.82567969854205,3.495196489779069,71.42859538277865,56.15742761123624
2025-06-30,289.79998779296875,289.79998779296875,285.3999938964844,288.79998779296875,7471824,287.51999816894534,79.68743294471068,3.408456137848367,70.45455727699124,79.87073163629701
2025-07-01,286.6000061035156,297.20001220703125,282.79998779296875,293.6000061035156,9027645,287.5799987792969,32.05126951119075,3.287541250997258,60.194246671940604,89.0817347505178
2025-07-02,276.79998779296875,287.3999938964844,275.79998779296875,286.79998779296875,9143561,286.55999755859375,4.672891865220839,2.9876984459003157,37.93100908162943,-92.10947214300799
2025-07-03,281.20001220703125,284.20001220703125,277.79998779296875,278.20001220703125,9614526,285.97999877929686,25.23373015646658,2.6548155939707003,40.78950274357374,-87.79761996012945
2025-07-04,283.79998779296875,285.0,280.20001220703125,284.0,5540867,285.7199981689453,37.38313492176671,2.3541043801561536,47.16977872806787,-57.63122745137029
2025-07-07,285.0,285.6000061035156,283.0,283.6000061035156,3747586,285.47999877929686,42.99066220216874,2.1031015184064206,48.46625652009481,-28.76300806214802
2025-07-08,282.3999938964844,286.79998779296875,282.20001220703125,284.79998779296875,6885861,284.7199981689453,30.84111483152605,1.8501379008619339,43.27484127727733,-56.63380265723923
2025-07-09,283.0,284.0,280.3039855957031,282.6000061035156,5205942,284.2999969482422,33.64487847172706,1.6145619988358897,44.252871547259296,-102.73802865456696
2025-07-10,283.79998779296875,287.3999938964844,283.0,287.3999938964844,5594593,283.93999633789065,37.38313492176671,1.4113170827155224,46.2857023277957,-28.251789958987324
2025-07-11,280.3999938964844,286.79998779296875,278.79998779296875,284.20001220703125,10753975,283.2799957275391,21.49533110108437,1.181529442576296,40.64170206654797,-103.16301621132396
2025-07-14,283.6000061035156,286.0,279.2879943847656,279.79998779296875,5959893,282.6599975585938,36.44864211192808,0.9955125662539481,41.57894863646549,-67.36612481883868
2025-07-15,282.0,284.79998779296875,281.3999938964844,283.6000061035156,5000575,282.1999969482422,28.971986606506228,0.8188855313314759,42.934763679426005,-66.47986969999944
2025-07-16,284.6000061035156,285.79998779296875,280.0,280.79998779296875,18154410,282.97999877929686,41.12153397714892,0.6970181212100566,46.42858811091579,-42.47489727882531
2025-07-17,288.79998779296875,289.20001220703125,284.79998779296875,285.20001220703125,4561284,283.7399963378906,60.7475942478709,0.6812810836425737,52.093009061591566,70.04683412020074
2025-07-18,289.6000061035156,292.20001220703125,280.79998779296875,288.79998779296875,13815417,284.3199981689453,64.48599330325311,0.7441005165174144,49.75612007243826,65.22466914459093
2025-07-21,297.6000061035156,297.63800048828125,289.20001220703125,293.6000061035156,4949739,285.5799987792969,99.82601720543106,0.9788038967404142,62.008720821761536,214.25631535353565
2025-07-22,301.3999938964844,302.20001220703125,296.0,296.6000061035156,7174945,287.47999877929686,96.72123971283489,1.3673329599939605,80.9045160627435,264.76533755376994
2025-07-23,300.3999938964844,303.1940002441406,298.6000061035156,302.20001220703125,24186241,289.2199981689453,88.54634368475111,1.8128388014094992,76.37360564407611,223.54980749504398
2025-07-24,305.0,305.0,298.3999938964844,298.79998779296875,7785103,291.3399993896484,100.0,2.3399610156231923,77.60416501098314,200.33028317427414
2025-07-25,306.0,306.20001220703125,302.0,305.0,3730844,293.9,99.27002909191351,2.901227345111991,77.48690221116559,176.580888268606
2025-07-28,302.6000061035156,308.79998779296875,300.79998779296875,308.20001220703125,3215807,295.8,79.33339436848958,3.3936146352889067,75.89745154747595,137.7656764242203
2025-07-29,302.6000061035156,304.3999938964844,300.0,301.6000061035156,17777194,297.86000061035156,79.33339436848958,3.80928338843989,75.52084533704843,103.45384929874497
2025-07-30,302.20001220703125,305.20001220703125,300.79998779296875,304.0,6136629,299.6200012207031,78.00008138020833,4.140012609583058,74.21055843955592,92.94195468637274
2025-07-31,303.3999938964844,304.20001220703125,300.5,304.0,6324958,301.0800018310547,81.7023749572152,4.40987508617499,82.12291598115752,82.18484117178622
2025-08-01,299.79998779296875,304.20001220703125,298.3999938964844,304.20001220703125,7922421,302.1,68.74998675451776,4.559953837356112,72.37567663490421,60.852909548812256
2025-08-04,298.6000061035156,301.3999938964844,298.0,301.20001220703125,5380203,302.2,64.58338190010151,4.597549029725468,73.18439373519405,44.78575079695166
2025-08-05,296.3999938964844,300.0,294.20001220703125,299.0,5645205,301.7,55.714307512555806,4.517092250410085,66.66666666666666,21.534751323959586
2025-08-06,295.3999938964844,297.20001220703125,291.20001220703125,296.6000061035156,6718888,301.2,52.14287894112723,4.3406106767027826,60.24846251027125,-2.4555845309391784
2025-08-07,293.79998779296875,297.20001220703125,291.6000061035156,294.3999938964844,5148865,300.0799987792969,23.469292427271537,4.077773785243165,56.36361450529573,-11.182084507694368
2025-08-08,295.0,296.79998779296875,293.6000061035156,294.6000061035156,2554681,298.97999877929686,21.59086968282482,3.7844408203605537,45.03815282328563,-9.481497481167555
2025-08-11,297.20001220703125,298.3999938964844,294.79998779296875,295.79998779296875,2543636,298.43999938964845,34.090956380610216,3.5138449099049205,41.46345396871081,1.3443228086841559
2025-08-12,298.3999938964844,298.79998779296875,296.20001220703125,297.79998779296875,3895887,298.01999816894534,40.909043619389784,3.2828214731225915,45.96773995072885,5.137483175812716
2025-08-13,298.3999938964844,301.3999938964844,296.79998779296875,298.79998779296875,3011620,297.63999633789064,40.909043619389784,3.0812297123129806,33.66333642034526,11.247492328215964
2025-08-14,296.3999938964844,299.6000061035156,295.0,299.3999938964844,2680626,296.93999633789065,29.545391492519716,2.8697213513411084,27.358456615338554,-33.619439450654845
2025-08-15,296.3999938964844,299.79998779296875,294.6000061035156,299.79998779296875,4370754,296.59999694824216,37.142726353236604,2.6565443998424905,32.5842234299724,-51.9036746388555
2025-08-18,299.6000061035156,299.6000061035156,296.3999938964844,297.0,2565302,296.6999969482422,59.99995640345982,2.498496219942708,42.857142857142854,-20.1876813165255
2025-08-19,302.20001220703125,304.3999938964844,299.1579895019531,300.20001220703125,3769746,297.2799987792969,83.33344893038053,2.4190738333923143,50.0,59.314008770116445
2025-08-20,305.20001220703125,305.20001220703125,300.20001220703125,302.6000061035156,3302606,298.26000061035154,100.0,2.4354457128894382,53.60003222652316,89.66755132100688
2025-08-21,306.79998779296875,307.0,303.6000061035156,305.0,2525694,299.56000061035155,98.7340989774672,2.5309771441205884,65.21739130434783,130.400347422351
2025-08-22,304.20001220703125,306.79998779296875,304.20001220703125,306.6000061035156,2690611,300.48000183105466,82.2785445808079,2.623866632475066,61.475425213779445,113.60535236476123
2025-08-26,305.79998779296875,307.20001220703125,300.79998779296875,304.0,9832342,301.3399993896484,91.24984741210938,2.7297771349511284,69.74792178766651,102.10171015235785
2025-08-27,299.6000061035156,306.3999938964844,298.6000061035156,305.79998779296875,3546358,301.4600006103516,51.28203121790521,2.733158152220057,57.241415597672244,38.55839249813988
2025-08-28,296.6000061035156,300.20001220703125,292.8900146484375,300.0,4472366,301.2800018310547,25.92587063615619,2.618005767822047,54.60530344477962,-62.5999766948805
2025-08-29,299.3999938964844,301.20001220703125,295.3999938964844,297.79998779296875,4381511,301.5800018310547,45.4925252180589,2.4733006271065556,56.87501013281861,-12.996718743409847
2025-09-01,301.20001220703125,305.20001220703125,299.0,299.3999938964844,2361383,302.06000366210935,58.07127167260242,2.3407391622790916,56.32913103858553,57.26614841287073
2025-09-02,295.0,301.1499938964844,292.79998779296875,301.0,5029084,301.6000030517578,15.277836646462934,2.118485617562714,45.35519262374021,-61.6907261685722
2025-09-03,298.3999938964844,298.3999938964844,292.2699890136719,294.20001220703125,4732737,301.2200012207031,41.05824085751604,1.901082172485896,50.0,-59.90063413706248
2025-09-04,305.0,305.0,296.20001220703125,299.79998779296875,5549108,301.2,85.26450911335638,1.7990816155908842,59.641274322573935,56.6163455191422
2025-09-05,312.6000061035156,312.6000061035156,303.20001220703125,308.0,7856317,301.7800018310547,100.0,1.891913578735982,65.51726758679395,182.86318363831182
2025-09-08,312.20001220703125,314.0,310.20001220703125,312.3999938964844,4842305,302.5800018310547,91.71658130269125,2.091302663259013,62.75305994735401,198.79651503093015
2025-09-09,306.20001220703125,314.79998779296875,305.3999938964844,313.0,4592262,302.62000427246096,61.828779174901086,2.246534384298603,53.787884042290024,123.77209958737787
2025-09-10,303.0,308.20001220703125,300.8900146484375,308.20001220703125,3899369,302.9600036621094,47.62543971457326,2.309776989952733,47.924514395676404,36.098585547951956
2025-09-11,306.6000061035156,306.6000061035156,303.20001220703125,306.0,3414989,303.9600036621094,63.60416274417111,2.3642188641506965,49.81819836325815,55.138858822079534
2025-09-12,307.20001220703125,307.90399169921875,302.3999938964844,306.20001220703125,5544940,304.74000549316406,66.26730582461806,2.41447489129101,52.83018867924528,55.16920679739818
2025-09-15,317.79998779296875,326.79998779296875,303.93798828125,321.0,11053265,306.40000305175784,73.9357071585067,2.623086149531482,59.67741935483871,207.20519278832055
2025-09-16,322.79998779296875,323.3999938964844,315.20001220703125,316.79998779296875,7514988,309.1800018310547,88.4158698482252,2.9938091877457005,69.07892656459008,227.8865738565844
2025-09-17,323.79998779296875,333.79998779296875,323.3999938964844,324.0,10872338,311.7200012207031,75.92102024095146,3.4558377539966303,73.12922892795622,242.32774297204432
2025-09-18,319.79998779296875,323.0,316.79998779296875,323.0,5803588,313.2,66.28942833733204,3.879180338326942,66.99998626709683,131.75231042513968
2025-09-19,324.0,324.20001220703125,319.79998779296875,320.3999938964844,13324598,314.3399993896484,76.40262922941827,4.3142502859464305,68.26921384010751,133.30853372376606
2025-09-22,321.3999938964844,324.20001220703125,321.0,323.6000061035156,4909719,315.25999755859374,70.14207979542273,4.682549004161286,72.44896741107736,111.41532897809408
2025-09-23,325.20001220703125,329.79998779296875,321.3999938964844,322.0,3851312,317.1599975585938,77.12770965427457,5.039644578363491,72.63513426435935,118.75236093766983
2025-09-24,325.6000061035156,328.0,322.6000061035156,324.3999938964844,3216909,319.4199981689453,75.0835965333635,5.365893998461762,69.4339568320469,103.45389350538788
2025-09-25,324.79998779296875,326.3999938964844,321.6000061035156,324.0,3910300,321.2399963378906,72.65266683605435,5.630713330324969,63.203431176649715,85.86711283858378
2025-09-26,330.3999938964844,331.20001220703125,323.79998779296875,324.3999938964844,3283217,323.55999450683595,89.66880379527335,5.9196584980783005,67.70424342314239,103.69716618436283
2025-09-29,330.0,332.20001220703125,328.20001220703125,331.0,2685748,324.7799957275391,88.4533853118619,6.188704521074904,75.9824917242813,104.53140645981573
2025-09-30,334.0,335.6000061035156,328.3999938964844,330.0,4359609,325.8999969482422,95.180706279449,6.480886662913457,83.26177643599499,113.68261244673167
2025-10-01,330.20001220703125,335.79998779296875,329.0,332.3999938964844,6558237,326.5399993896484,83.23360296623603,6.696855567613677,75.21367186965087,100.74995224670243
2025-10-02,333.79998779296875,333.79998779296875,326.5169982910156,331.20001220703125,4028807,327.93999938964845,93.72293004001709,6.895906064365871,76.70680934352873,93.70908361640326
2025-10-03,335.0,336.79998779296875,331.802001953125,334.3999938964844,3638083,329.0399993896484,91.66671376174787,7.077346203907448,71.28713095658952,111.03967895130587
2025-10-06,334.6000061035156,337.20001220703125,333.17498779296875,335.0,3507319,330.36000061035156,87.25488729453018,7.215724748185956,66.48046407153726,106.48249696745494
2025-10-07,332.6000061035156,334.0,321.20098876953125,332.6000061035156,36027423,331.1,77.45097745890604,7.271504158643523,61.956540668384385,52.45064351563657
2025-10-08,333.6000061035156,336.20001220703125,332.1600036621094,333.3999938964844,2827607,331.9,79.31033877971952,7.271969170468776,70.41421721100185,92.89461705558591
2025-10-09,335.79998779296875,336.20001220703125,333.3999938964844,334.79998779296875,2690810,333.0,91.35788049928227,7.256264946419012,68.55344704814294,100.31032072526214
2025-10-10,332.6000061035156,337.0,332.6000061035156,336.3999938964844,3547489,333.2200012207031,71.24820698284807,7.163657065423209,67.28398899105382,83.70871998760389
2025-10-13,334.6000061035156,335.3999938964844,331.79998779296875,333.3999938964844,3491612,333.6800018310547,83.74896996887017,7.043283528672009,65.35949472374062,76.43153599747977
2025-10-14,334.6000061035156,337.20001220703125,333.20001220703125,335.79998779296875,2652113,333.74000244140626,83.74896996887017,6.8957641286361895,64.90068634346275,85.97875932181593
2025-10-15,337.20001220703125,337.6300048828125,331.6000061035156,335.0,3529787,334.44000244140625,97.38272412166154,6.764728175651136,69.37507510199566,85.21874984089605
2025-10-16,337.6000061035156,338.6000061035156,335.6000061035156,338.0,3579201,334.82000427246095,94.25254897558631,6.641856334249809,63.43289530620146,107.98517103533378
2025-10-17,338.0,339.0,334.79998779296875,338.0,8271888,335.12000427246096,94.3817103823825,6.521786279694959,64.92541392425244,103.12331124226354
2025-10-20,336.79998779296875,338.0,333.20001220703125,336.6000061035156,4193429,335.3400024414062,87.63969425860455,6.375756637467482,55.83332273692508,75.51405472073147
2025-10-21,338.0,338.0,335.6000061035156,336.79998779296875,3135138,335.8800018310547,94.3817103823825,6.225724998597292,68.22430173094858,95.45422248831736
2025-10-22,342.79998779296875,344.20001220703125,338.0690002441406,339.3999938964844,4325541,336.8,93.9126788671394,6.143441207406754,69.91152593456809,188.45761355261448
2025-10-23,340.79998779296875,343.3999938964844,339.0,342.6000061035156,3015818,337.3,85.21665746677424,6.062022929838737,62.39315570510062,170.13541355619603
2025-10-24,344.0,344.0,339.6000061035156,342.6000061035156,7175332,338.43999938964845,99.13034478366099,6.0226529694208955,67.93893218686554,183.6112733374026
2025-10-27,346.6000061035156,347.3999938964844,342.6000061035156,343.3999938964844,3746575,339.63999938964844,94.9367822086245,6.039456652447148,76.11941488210871,208.84230152092331
2025-10-28,346.0,348.3999938964844,337.20001220703125,347.0,5931275,340.7799987792969,85.71431166462611,6.06725011977076,73.48484235470913,143.97404987615928
2025-10-29,344.3999938964844,346.0,341.6000061035156,344.6000061035156,4552670,341.4999969482422,76.19045889024926,6.0611191382942575,66.66666666666666,127.34987769014315
2025-10-30,348.0,349.0,344.6000061035156,345.3999938964844,5710053,342.5399963378906,94.25287154725929,6.077667843975005,79.38925340381097,153.76382034132743
2025-10-31,341.6000061035156,348.0,341.6000061035156,347.0,6142729,342.8999969482422,57.47128452740707,5.991603828557684,61.43789480822817,83.81756231321168
2025-11-03,335.6000061035156,342.79998779296875,335.6000061035156,342.0,3198984,342.7799987792969,22.98851381096283,5.736353192568446,51.36611885167304,-9.999618420958386
2025-11-04,333.0,335.0,330.3999938964844,333.6000061035156,6604870,342.2799987792969,13.97852285125967,5.333884432484162,44.262284146717704,-101.51543718205005
2025-11-05,337.20001220703125,337.9230041503906,332.0,332.0,12182087,341.7200012207031,36.55922623198274,4.9150920219669105,49.504958722010166,-54.63372486701011
2025-11-06,355.79998779296875,360.3999938964844,326.3999938964844,342.3999938964844,22228754,343.2200012207031,86.47057028377758,4.79357131208196,65.18769340372856,128.4910380951194
2025-11-07,349.20001220703125,357.0,344.3999938964844,356.6000061035156,5198053,343.74000244140626,67.0588773839614,4.748520787012031,59.68751907348633,148.8018257921816
2025-11-10,351.0,351.0,342.0,348.20001220703125,7054975,344.1800018310547,72.35295912798713,4.7716568298384265,60.06192330731307,105.24955339776352
2025-11-11,344.0,353.3999938964844,328.23699951171875,353.20001220703125,9522667,343.98000183105466,51.76472383386948,4.713761580030387,50.89821289395322,8.56779780935098
2025-11-12,340.79998779296875,345.20001220703125,324.18499755859375,342.79998779296875,11187253,343.6200012207031,45.878757184882694,4.546314508551388,50.0,-76.77242154072715
2025-11-13,326.6000061035156,329.6000061035156,323.20001220703125,327.79998779296875,6534167,341.48000183105466,9.139773037706455,4.082065944992119,38.987341380963436,-205.21166805793084
2025-11-14,322.0,327.20001220703125,319.3999938964844,324.0,5948703,339.52000122070314,6.341478301257622,3.3734303682594793,34.81480532603524,-207.86311169430323
2025-11-17,318.20001220703125,323.79998779296875,318.20001220703125,322.79998779296875,7149397,337.7800018310547,0.0,2.4804502780752973,33.49168413635928,-197.83708879431256
2025-11-18,318.3999938964844,322.20001220703125,317.0,318.0,11478794,336.32000122070315,3.225792841868998,1.5162752532430446,34.29950302006348,-169.3532569880161
2025-11-19,318.79998779296875,335.2799987792969,317.3999938964844,318.0,6655608,334.47999877929686,4.147437894258687,0.5609460416645049,31.658264100018016,-110.55017182122127
2025-11-20,319.79998779296875,322.3999938964844,317.3999938964844,318.0,16454379,330.8799987792969,6.451585683737996,-0.3240829432031229,35.30994499838158,-121.5886937940477
2025-11-21,322.6000061035156,338.88800048828125,317.79998779296875,318.20001220703125,7239373,328.2199981689453,12.903241684486169,-1.073243118692994,40.84506255249243,-65.68819643297195
2025-11-24,325.0,325.3999938964844,321.3999938964844,322.20001220703125,17502335,325.6199981689453,18.433182315834475,-1.6572345032786369,44.350276641269815,-74.11727088246535
2025-11-25,322.0,325.3999938964844,315.79998779296875,321.0,15829296,323.4199981689453,13.901370759100704,-2.1511735714029383,39.080437594545415,-84.2147193554998
2025-11-26,327.20001220703125,330.20001220703125,321.3999938964844,322.3999938964844,7938205,322.06000061035155,27.669953971802357,-2.4749103725999495,24.555159755859165,-43.94945838239888
2025-11-27,329.20001220703125,331.0,327.20001220703125,328.20001220703125,4791905,322.32000122070315,35.638357018270774,-2.63744721891345,30.620145869361053,-19.02651282308652
2025-11-28,322.20001220703125,330.79998779296875,321.0,330.0,3717125,322.3400024414062,17.021338763729865,-2.796096242373198,24.647892621084424,-47.5740974474715
2025-12-01,323.6000061035156,325.6000061035156,320.6000061035156,320.6000061035156,5636387,322.8800018310547,26.530652494342835,-2.91528285593637,30.07812383584637,-54.121599174878135
2025-12-02,326.0,326.3999938964844,323.6000061035156,324.79998779296875,5316383,323.64000244140624,44.178822758106556,-2.958552216018428,35.3174617591459,-34.73198217817503
2025-12-03,312.3999938964844,316.0,299.20001220703125,309.79998779296875,12849153,323.0000030517578,33.25938718765763,-3.1622068764295896,35.742956136792316,-152.11182289422172
2025-12-04,311.0,314.3970031738281,311.0,312.20001220703125,11106129,322.12000427246096,29.73188691084017,-3.470840797923401,38.19741870924985,-130.90007078321193
2025-12-05,312.0,314.6000061035156,311.0,311.3999938964844,4012523,321.06000366210935,32.251540950529645,-3.805229422107698,42.92235852172253,-127.91175073433436
2025-12-08,308.3999938964844,312.79998779296875,308.20001220703125,311.20001220703125,5540923,319.40000305175784,23.18077102889974,-4.186994497998294,39.40678240067242,-148.65839894226914
2025-12-09,312.0,313.6000061035156,304.6000061035156,308.0,6789925,318.40000305175784,32.251540950529645,-4.511462457652188,43.253983631929124,-131.0357372096093
2025-12-10,317.0,318.6000061035156,313.3999938964844,314.79998779296875,5905024,317.3800018310547,44.849811148977004,-4.692953932987474,47.42648296289648,-48.67048877385654
2025-12-11,323.6000061035156,324.20001220703125,319.20001220703125,322.0,8760182,316.82000122070315,76.7295700090785,-4.659321000851704,50.85910634901825,32.10405672225002
2025-12-12,321.79998779296875,325.0,319.3999938964844,324.20001220703125,6057198,316.7799987792969,71.06913289738604,-4.510714057451116,47.22221339191009,29.280106583052635
2025-12-15,322.6000061035156,324.0,319.79998779296875,323.0,5654069,316.67999877929685,73.5849147138928,-4.274789198082674,50.541521217132356,28.32066938830169
2025-12-16,321.6000061035156,326.20001220703125,320.6000061035156,324.0,8312825,316.23999938964846,70.44025941870709,-4.002714038261208,44.5312486030173,34.3937189923132
2025-12-17,323.79998779296875,326.20001220703125,321.20001220703125,322.0,6878222,317.3799987792969,77.84808415132095,-3.6780207819995816,44.74706045802469,46.64088102253413
2025-12-18,324.3999938964844,327.6000061035156,320.20001220703125,325.0,10425931,318.7199981689453,88.73234896213349,-3.319412778994618,52.4444224416623,47.34865188414125
2025-12-19,322.20001220703125,370.7279968261719,321.20001220703125,325.20001220703125,29932549,319.73999938964846,32.15524682048051,-2.98588030365205,48.47162299478603,204.97784390813896
2025-12-22,322.20001220703125,322.20001220703125,319.20001220703125,319.20001220703125,4939493,321.1200012207031,32.15524682048051,-2.678743581554804,45.62213634177418,4.760987971398856
2025-12-23,323.0,324.6000061035156,321.3999938964844,322.79998779296875,4728543,322.2200012207031,27.824819256424668,-2.3853830842287542,67.32026795625018,25.22062980140427
2025-12-24,323.20001220703125,324.79998779296875,321.79998779296875,324.79998779296875,1918800,322.8400024414062,28.127281504022832,-2.1074078512152634,70.74830285038095,30.737271364422877
2025-12-29,325.0,326.6000061035156,323.0,323.0,3596919,322.98000183105466,30.84925713536778,-1.8201267621180417,71.52317010814537,54.20617656213818
2025-12-30,326.6000061035156,329.0,323.6000061035156,326.0,3961443,323.4600036621094,33.26881666837419,-1.5123970921421503,82.26951122115712,71.6389346909926
2025-12-31,325.0,328.6000061035156,325.0,328.6000061035156,2715400,323.7000030517578,20.234450025658443,-1.2300624496312924,74.80914874633382,66.25019076531365
2026-01-02,328.0,329.6400146484375,324.3999938964844,325.20001220703125,5677650,324.3400024414062,17.078074871377563,-0.9277785578463535,72.72726126312445,78.16011257743219
2026-01-05,328.0,332.0,324.79998779296875,329.79998779296875,6381917,324.7600036621094,17.078074871377563,-0.6267224892017804,62.499978325591236,87.74121798947954
2026-01-06,332.6000061035156,338.20001220703125,327.3999938964844,327.6000061035156,7957864,325.5800048828125,26.005274600836614,-0.26739901481046074,76.47064103388799,141.65670935581466
2026-01-07,336.6000061035156,338.6000061035156,331.6000061035156,333.20001220703125,8592977,327.02000427246094,33.768046674235656,0.17403613065587592,79.66104763333351,162.94482950602443
2026-01-08,329.0,332.59100341796875,321.6000061035156,330.3999938964844,11272441,327.7000030517578,19.01876788972732,0.5221461988450397,62.25165295227431,43.690836216268984
2026-01-09,311.6000061035156,329.0,307.3999938964844,329.0,18832084,326.56000366210935,6.632156412218596,0.5147165945696801,36.56389501145082,-150.89874170908362
2026-01-12,311.3999938964844,312.3999938964844,303.6000061035156,311.0,5809915,325.3800018310547,11.619575841611166,0.2804668624921671,35.55555555555554,-240.4063598385858
2026-01-13,308.79998779296875,311.6000061035156,307.0,310.3999938964844,14982656,323.76000061035154,14.857090541294642,-0.1257903929925604,35.242271797202065,-202.6781947572964
2026-01-14,311.0,312.0,307.20001220703125,310.20001220703125,7646074,322.2,21.142839704241073,-0.5831753435624625,38.23529034632296,-162.27568527489606
2026-01-15,316.0,317.6000061035156,310.0,311.6000061035156,9394236,321.3,35.428553989955354,-0.9675280136577298,43.24324961234464,-96.71547554811207
2026-01-16,314.79998779296875,316.20001220703125,312.20001220703125,315.3999938964844,7411787,319.97999877929686,31.999947684151785,-1.3028973649902489,42.04543878225728,-85.9634958545979
2026-01-19,317.3999938964844,321.3999938964844,315.0,317.20001220703125,4482225,318.9199981689453,39.428536551339285,-1.5455331600150697,42.91045094789414,-45.018006455840464
2026-01-20,314.6000061035156,319.3999938964844,313.3999938964844,319.3999938964844,3695727,317.1199981689453,31.428571428571427,-1.7584755763973372,39.05110464624144,-59.37350526183839
2026-01-21,315.0,317.3999938964844,311.6000061035156,315.20001220703125,7937262,314.9599975585937,32.5714111328125,-1.9312543744199782,40.67164816444864,-62.57384655139884
2026-01-22,316.0,320.0,310.3999938964844,315.0,5157352,313.6599975585938,35.428553989955354,-2.0494459091313155,38.37210127570483,-49.76020334897269
2026-01-23,313.0,317.20001220703125,310.3999938964844,315.3999938964844,5454076,313.7999969482422,26.857125418526785,-2.170419555254393,36.26374547686199,-62.141977389312636
2026-01-26,316.6000061035156,319.3999938964844,312.4909973144531,315.20001220703125,4479312,314.3199981689453,37.142857142857146,-2.2244125164715642,35.074637063117834,-34.250418151782014
2026-01-27,317.6000061035156,317.6000061035156,312.6000061035156,316.0,4692529,315.2,48.29085335750234,-2.212568579743235,31.22531003062612,-33.12073941952176
2026-01-28,316.6000061035156,320.6000061035156,312.89801025390625,317.20001220703125,4802454,315.76000061035154,51.18111466081626,-2.1709917541943815,35.909107618083866,-22.344134187803544
2026-01-29,316.0,317.70599365234375,314.0,316.79998779296875,5071428,315.76000061035154,69.66293483292472,-2.1175830734487073,58.08821136979954,-27.26130517649859
2026-01-30,320.3999938964844,323.20001220703125,315.6000061035156,316.79998779296875,8254915,316.32000122070315,82.71594937853448,-1.9845324533963384,64.33119904831881,21.66902042296128
2026-02-02,323.0,326.6000061035156,322.0,324.0,10253403,316.8800018310547,81.44326166943789,-1.7625338123157217,72.61146682528019,79.7993687235323
2026-02-03,326.0,328.0,321.0,323.79998779296875,4935279,318.02000122070314,88.88888888888889,-1.444541391519475,73.29191663586478,111.44273383687654
2026-02-04,335.20001220703125,336.6000061035156,325.0,326.3999938964844,9892750,320.0400024414063,94.65651433510149,-0.9329783938930939,76.3736254523138,231.77922813524353
2026-02-05,334.79998779296875,336.3190002441406,328.4960021972656,336.20001220703125,5759709,321.9200012207031,93.12970430577201,-0.33116179586024774,78.08985874490588,222.3422896877164
2026-02-06,336.0,337.0,333.0,334.3999938964844,5374937,324.2200012207031,96.24060236637376,0.31557606850217823,77.19295740840053,191.63611424364188
2026-02-09,334.20001220703125,339.3999938964844,330.99200439453125,336.3999938964844,7583126,325.98000183105466,82.06902865705818,0.9271296291404241,79.5180434948465,152.47123542335999
2026-02-10,337.79998779296875,338.6000061035156,333.0,334.20001220703125,5466480,328.0,94.48273757408406,1.5398940936045165,81.31864354486584,139.72076580034582
2026-02-11,347.3999938964844,347.3999938964844,336.3999938964844,337.79998779296875,10602718,331.0799987792969,100.0,2.270948163767616,84.88885844668346,169.28731673548853
2026-02-12,350.20001220703125,350.20001220703125,341.6000061035156,348.79998779296875,11423869,334.5,100.0,3.077317511340484,91.51782551593725,164.49755443149687
2026-02-13,352.20001220703125,354.3999938964844,348.0,350.20001220703125,7551964,337.6800018310547,94.73688437338924,3.9135168048556146,91.20367001771007,161.06308680739266
2026-02-16,353.0,354.6000061035156,349.20001220703125,353.6000061035156,3423352,340.6800018310547,96.16323854310053,4.728421623451547,91.16275438689874,140.61291950586127
2026-02-17,354.0,358.0,352.0,353.3999938964844,7428674,343.48000183105466,90.9090909090909,5.492438207166704,93.48833413175778,134.77488461140777
2026-02-18,354.6000061035156,356.3999938964844,352.20001220703125,355.3999938964844,5750492,345.4200012207031,91.98114531623484,6.181562388602166,94.88369617288551,119.93375061320272
2026-02-19,354.6000061035156,356.6000061035156,351.20001220703125,354.79998779296875,2940813,347.40000305175784,90.81082730679898,6.773531403795953,94.30049191759313,107.1285927967378
2026-02-20,355.20001220703125,357.3999938964844,351.3999938964844,354.79998779296875,4270157,349.32000427246095,92.43246542440879,7.267707947775838,93.98904370012757,99.23079861851565
2026-02-23,357.20001220703125,358.20001220703125,353.79998779296875,354.79998779296875,8350348,351.62000427246096,96.9879529147034,7.690028769720077,93.82019678674236,96.36070429268966
2026-02-24,359.3999938964844,361.79998779296875,357.0,358.79998779296875,5545396,353.7800048828125,92.79367362927871,8.062745353697213,92.3076512673862,100.87122371277441
2026-02-25,358.6000061035156,361.20001220703125,354.3999938964844,358.3999938964844,15455565,354.90000610351564,89.6131413469425,8.35369257749907,91.0345575104365,86.33163719990115
2026-02-26,352.79998779296875,357.6000061035156,349.17999267578125,356.20001220703125,7627051,355.1600036621094,70.78679287896378,8.46656075640753,75.0,54.67748836433392
2026-02-27,349.0,355.3999938964844,343.0,353.3999938964844,12852611,354.8400024414062,55.55557910307952,8.381972113053278,70.78651396437327,24.43254498637737
2026-03-02,344.0,349.20001220703125,343.3999938964844,349.0,14079368,353.94000244140625,29.921291062072047,8.07917934562347,58.378394874366556,-8.08981526772183
2026-03-03,343.20001220703125,345.20001220703125,340.0,343.6000061035156,9788550,352.86000366210936,14.678963297692142,7.624315935763351,42.55321911959976,-41.12943205014385
2026-03-04,348.20001220703125,352.3999938964844,342.3999938964844,343.20001220703125,8101653,352.2200042724609,37.61475595723057,7.160377006410775,46.71052235314904,-5.683802048916091
2026-03-05,347.79998779296875,351.20001220703125,345.79998779296875,348.3999938964844,7700555,351.5400024414063,35.7797805532924,6.692368059074913,42.36106548778343,-8.214278113911028
2026-03-06,340.6000061035156,348.3999938964844,337.0,346.79998779296875,23260435,350.0800018310547,14.516160788338341,6.116217142412726,32.386363143763006,-88.05847358810918
2026-03-09,336.3999938964844,337.3999938964844,331.6000061035156,337.20001220703125,6610164,348.0,15.894008951154667,5.42153887971489,27.083321743539457,-171.17097042478935
2026-03-10,334.79998779296875,337.6000061035156,330.0,336.20001220703125,6367163,345.5399993896484,15.09430702998593,4.6511022085336915,24.873069317513767,-178.05968437384604
2026-03-11,334.3999938964844,337.20001220703125,332.6000061035156,334.79998779296875,5540520,343.1199981689453,13.836464105364378,3.8565867262307094,24.623092459088795,-152.54618727817675
2026-03-12,341.79998779296875,345.3999938964844,332.3999938964844,333.0,8394502,342.01999816894534,37.10689409628588,3.197901565485876,35.62228386863552,-86.89815473288108
2026-03-13,346.3999938964844,348.2900085449219,338.1830139160156,340.6000061035156,5224166,341.75999755859374,51.57232764759285,2.7249833296065598,39.0243675508704,-37.7408013967131
2026-03-16,350.20001220703125,351.6000061035156,344.0,345.3999938964844,3960688,342.3799987792969,64.74360353769018,2.447707643259924,40.94490317580943,7.704791533494068
2026-03-17,351.79998779296875,354.20001220703125,350.0,353.0,5797129,343.2399963378906,78.98544555101356,2.3275400215646007,43.41083574980084,45.045493352346234
2026-03-18,348.0,352.79998779296875,346.3999938964844,352.6000061035156,9871772,343.2199951171875,70.86615876113021,2.246212556007753,45.16130024635573,17.581197059555997
2026-03-19,341.79998779296875,347.79998779296875,341.0,344.79998779296875,8857275,342.6199951171875,48.760255540450906,2.0894555215407347,43.076911339393035,-37.49309236076227
2026-03-20,333.0,345.0,329.79998779296875,343.6000061035156,21059446,341.85999450683596,13.114791004827776,1.7484771999400945,40.14336701935077,-108.2533613952862
2026-03-23,325.20001220703125,332.3999938964844,322.10400390625,328.79998779296875,7315699,340.7399963378906,9.646085182205944,1.1814778086741486,35.66878702322349,-181.18050582415083
2026-03-24,329.79998779296875,329.79998779296875,321.0,328.20001220703125,12881840,340.2399963378906,26.505977582457177,0.5732329316738425,35.25638204117725,-157.37706858176838
2026-03-25,332.3999938964844,333.6000061035156,327.79998779296875,332.0,6137385,340.0399963378906,34.33731838830479,0.011196449857561297,38.080489944543935,-101.01061422074667
2026-03-26,330.79998779296875,335.0,330.0,331.79998779296875,3076978,338.93999633789065,29.518024667753778,-0.5179673058438223,41.69489544103354,-83.9503532181635
2026-03-27,332.0,332.20001220703125,325.6000061035156,332.0,3615440,337.4999969482422,33.132517938262595,-0.978461389026015,46.07143188009637,-92.4182419067435
2026-03-30,335.0,337.0,330.79998779296875,331.79998779296875,5288708,335.97999572753906,42.16865919415239,-1.3216814317637775,50.174226772333405,-45.40425164049895
2026-03-31,339.0,341.20001220703125,334.6000061035156,336.3999938964844,8166850,334.6999969482422,54.21684753533879,-1.506574172992827,53.77049869249622,-4.484135962869262
2026-04-01,341.6000061035156,344.6000061035156,338.3999938964844,341.6000061035156,6062164,334.05999755859375,62.048188341186396,-1.5376226797813723,49.822080289493535,32.80988375228098
2026-04-02,346.79998779296875,347.9729919433594,341.6000061035156,343.3999938964844,5572165,334.55999755859375,77.71077803249938,-1.3841497629044461,50.35210756809642,77.38782257420768
2026-04-07,345.1000061035156,350.1000061035156,344.5,350.0,4423099,335.76999816894534,72.5903531397245,-1.1470351540467418,45.338196068192104,83.48275522938839
2026-04-08,351.0,355.0,346.135986328125,354.70001220703125,7738755,338.34999694824216,88.23529411764706,-0.7731802107835118,49.32204354190482,110.70835083829829
2026-04-09,352.8999938964844,354.5,350.0899963378906,353.0,5127882,340.6599975585938,93.82351146024816,-0.30114164187323544,54.29071682172212,113.41757574934857
2026-04-10,351.3999938964844,354.0,350.0,352.20001220703125,4160312,342.55999755859375,89.41174675436581,0.18444621845555487,59.16032290434533,96.1765355930727
2026-04-13,351.20001220703125,354.1000061035156,349.29998779296875,351.70001220703125,3870924,344.6,88.82356531479779,0.6494602128194569,70.77630438478411,84.51021002634896
2026-04-14,348.5,354.1000061035156,345.5,350.70001220703125,4526803,346.25,80.88235294117646,1.032644735564538,80.10338138346529,62.03861798648792
2026-04-15,348.5,350.3999938964844,348.29998779296875,349.3999938964844,5358178,347.6,77.8911518727313,1.3420993586996528,77.41939236863112,59.202796154939385
2026-04-16,351.6000061035156,357.0,349.5,350.0,7448079,348.86000061035156,82.80256386581982,1.6355192573699444,77.74570195771284,88.61670451162851
2026-04-17,351.70001220703125,354.8999938964844,346.8999938964844,354.8999938964844,5364951,349.8700012207031,83.12105470325537,1.9013752052026192,81.57105714443769,74.25242569725354
2026-04-20,353.0,355.70001220703125,351.79998779296875,352.8999938964844,3213051,350.49000244140626,84.73283154071765,2.152424921844607,81.62655253811026,84.56262153808915
2026-04-21,351.1000061035156,355.20001220703125,350.29998779296875,352.79998779296875,11025334,351.0900024414062,73.66073435667157,2.3458148339112266,75.07793404198884,68.33151763923497
2026-04-22,353.1000061035156,354.79998779296875,350.29998779296875,351.70001220703125,4858687,351.3000030517578,79.03229775958391,2.5194891241666424,73.4219797934737,68.39547719329248
2026-04-23,340.1000061035156,340.1000061035156,327.6000061035156,336.29998779296875,17489609,350.02000427246094,42.5170156293629,2.4585519185858766,48.14814535732747,-84.23667846913455
2026-04-24,344.5,349.29998779296875,339.0,339.1000061035156,8796779,349.3300048828125,57.4829843706371,2.3183549972904935,47.10328637054074,-15.535624578390353
2026-04-27,333.0,336.0,327.8999938964844,330.0,12334937,347.5100036621094,18.367329991623233,1.9470691925101693,37.77776407739755,-139.729910406533
2026-04-28,327.29998779296875,334.3999938964844,326.1000061035156,332.70001220703125,11162562,345.39000244140624,3.883436655272777,1.355026637666855,25.963470511841194,-169.74909186532594
2026-04-29,327.20001220703125,329.1000061035156,325.5,326.29998779296875,6807946,343.2600036621094,5.396864149305555,0.6509704457975445,22.94737031466535,-175.23194313940408
2026-04-30,328.79998779296875,332.1000061035156,325.8999938964844,327.6000061035156,8552549,340.98000183105466,10.476151723710318,-0.062342952028208276,26.260470394388875,-142.1299884600762
2026-05-01,328.3999938964844,329.8999938964844,325.8999938964844,328.1000061035156,3226341,338.65,9.206329830109127,-0.7503050970024375,26.150587144682177,-128.82710262922853
2026-05-05,320.3999938964844,329.70001220703125,319.5979919433594,328.20001220703125,7815710,335.38999938964844,2.144275119962728,-1.5122386859297636,23.540456522751143,-136.80123641505398
2026-05-06,323.8999938964844,328.70001220703125,320.8999938964844,321.3999938964844,7605025,332.6699981689453,11.502061457797026,-2.221307171394623,28.268524754039404,-109.44335895750615
2026-05-07,319.29998779296875,326.1000061035156,318.3999938964844,325.0,7491665,329.2899963378906,2.4128510849280054,-2.9283978948887652,22.203056067829976,-112.49608421932484
2026-05-08,314.20001220703125,319.3999938964844,310.8999938964844,318.29998779296875,7651719,326.6999969482422,7.3661092896696,-3.67187485205665,20.285221250322834,-131.0806572238449
2026-05-11,308.6000061035156,314.8999938964844,308.6000061035156,313.6000061035156,7334611,323.10999755859376,0.0,-4.480159586131597,17.06228625788465,-136.43583960043688
2026-05-12,304.70001220703125,309.29998779296875,304.70001220703125,308.1000061035156,9177607,320.2799987792969,0.0,-5.338703892753498,16.570577244506282,-142.6309745167634
2026-05-13,305.1000061035156,307.70001220703125,299.29998779296875,304.6000061035156,9310771,318.06000061035155,11.60003662109375,-6.165193959443694,14.601731671878966,-138.77650543003332
2026-05-14,306.79998779296875,308.8030090332031,305.5,305.79998779296875,5037909,316.01999816894534,15.0,-6.887093135420033,20.53090949551931,-113.67659516752997
2026-05-15,302.6000061035156,308.0,300.8999938964844,307.20001220703125,9384791,313.4,8.991872514730755,-7.556904796175822,12.788569167432328,-119.20992107128505
2026-05-18,310.1000061035156,310.1000061035156,302.6000061035156,302.8999938964844,6555873,311.57000122070315,30.769277585581793,-8.022074543132845,28.10703697068965,-90.79479912674024
2026-05-19,310.6000061035156,314.6929931640625,309.5,312.6000061035156,7287247,310.5900024414062,34.45125610467523,-8.308332597741583,32.27173799655169,-63.61379354614951
2026-05-20,310.1000061035156,312.20001220703125,303.6000061035156,304.6000061035156,8639034,309.2100036621094,32.9268667117607,-8.456486986824348,31.999958881499694,-72.02127959440924
2026-05-21,315.1000061035156,315.8999938964844,308.3999938964844,308.8999938964844,11251377,308.7900054931641,51.63403646750128,-8.41126805179231,36.54223992124176,-38.57206030592444
2026-05-22,309.6000061035156,318.5,309.6000061035156,317.79998779296875,10263285,308.3300048828125,33.881611969305766,-8.315795221198737,33.214278318436016,-36.943097031632995
2026-05-26,308.1000061035156,314.0,307.20001220703125,311.6000061035156,6801532,308.2800048828125,29.932010214038073,-8.198807310498111,37.57575458658187,-50.82216655093685
2026-05-27,306.20001220703125,308.8999938964844,302.8999938964844,306.79998779296875,10920354,308.4300048828125,25.74634216330765,-8.086093416621566,31.52400156729327,-76.22418389146937
2026-05-28,303.29998779296875,307.3999938964844,302.79998779296875,306.0,14721208,308.2500030517578,19.900491469504445,-8.009805395491686,32.68396438291013,-84.71573855596918
2026-05-29,296.29998779296875,304.8999938964844,296.29998779296875,303.0,29572166,307.2000030517578,0.0,-8.053772494808133,31.392896570101627,-128.05005143959636
2026-06-01,300.70001220703125,303.0,297.20001220703125,298.0,8990458,307.0100036621094,19.8199188947694,-8.082252349555281,41.57783057080892,-112.71651796265026
2026-06-02,296.29998779296875,303.0,295.15899658203125,302.20001220703125,10488529,305.6300018310547,4.888355442590457,-8.151310870132948,41.139219316973175,-130.07498335109563
2026-06-03,304.6000061035156,304.6000061035156,297.0,297.29998779296875,8275044,305.0300018310547,40.44817333866779,-8.091182719681889,49.54792083316777,-79.35180306092161
2026-06-04,295.20001220703125,298.79998779296875,293.70001220703125,294.29998779296875,9378729,303.5400024414063,6.048390073906719,-8.084764854092787,40.79367908908509,-150.81864932017353
2026-06-05,300.5,303.4119873046875,299.0199890136719,299.6000061035156,22340244,302.0800018310547,27.419319113119364,-8.009362965348616,48.36193143216797,-74.30170123085387
2026-06-08,301.8999938964844,303.8999938964844,299.8999938964844,302.70001220703125,9400398,301.31000061035155,33.064458571136754,-7.854084875653406,42.931031398345525,-53.45282614905896
2026-06-09,303.8999938964844,306.0,301.1000061035156,301.3999938964844,20239099,300.88999938964844,41.12897866967905,-7.60707198464948,44.36974341667273,-20.339973722772797
2026-06-10,309.3999938964844,309.3999938964844,304.70001220703125,305.29998779296875,10682496,301.2099975585937,63.30640894067035,-7.210422977744804,49.45735539176489,48.619784727392066
2026-06-11,309.8999938964844,312.3999938964844,308.29998779296875,309.1000061035156,15417914,301.8699981689453,65.32253896530592,-6.716366728238079,45.666660902241105,78.7992330467103
2026-06-12,313.79998779296875,314.3999938964844,310.29998779296875,310.70001220703125,7325495,303.6199981689453,97.10141722578753,-6.109626667949504,53.59587135180724,108.53760919362473
2026-06-15,311.79998779296875,316.29998779296875,311.5,316.29998779296875,15972999,304.72999572753906,80.08847406543192,-5.482048651543964,53.14089833510964,101.33943774381807
2026-06-16,309.5,312.6000061035156,307.1000061035156,312.29998779296875,10151371,306.0499969482422,69.91152593456808,-4.898508748743895,52.782449473636525,49.9231010065198
2026-06-17,301.3999938964844,311.70001220703125,301.3999938964844,311.70001220703125,11845696,305.72999572753906,34.07075224561005,-4.491227382654417,48.52713721122459,-13.484572912199575
2026-06-18,302.0,304.1000061035156,294.70001220703125,297.6000061035156,8854384,306.4099945068359,36.725649376954614,-4.195962652253162,54.90534304152384,-71.9211889661875
2026-06-19,300.20001220703125,305.1000061035156,300.1000061035156,302.8999938964844,47401805,306.37999572753904,28.76109301659834,-4.005540350369328,49.54954954954955,-45.28398653751701
2026-06-22,305.5,306.0,296.8999938964844,300.0,17741900,306.7399963378906,52.212391770507566,-3.797125856769172,58.156044486433196,-24.7616855136297
2026-06-23,308.1000061035156,308.79998779296875,303.489990234375,305.0,11140438,307.1599975585938,63.71685598388238,-3.5382236413443717,53.45167985284132,45.75876881603687
2026-06-24,311.8999938964844,315.29998779296875,306.29998779296875,307.70001220703125,29797553,307.4099975585938,79.62963486241642,-3.1925578686793856,68.51441466740198,108.74536547364256
2026-06-25,310.8999938964844,317.5,310.8999938964844,311.70001220703125,6702805,307.50999755859374,71.05258931081099,-2.819308680998016,62.74510390573051,119.3051723475911
2026-06-26,315.3999938964844,316.0889892578125,312.0,312.5,9550226,307.6699981689453,90.78944198310825,-2.370116435780855,65.37586704057104,121.14838145189285
2026-06-29,315.79998779296875,318.5,313.79998779296875,314.20001220703125,9386440,308.0699981689453,88.65540507617858,-1.8850883093249056,64.06620084626846,124.82529125802995
2026-06-30,319.79998779296875,326.70001220703125,318.1000061035156,325.0,15645019,309.09999694824216,78.43742370605469,-1.3349107612358855,62.74510390573051,170.77462369572876
