Date,Close,High,Low,Open,Volume,SMA_10,STOCH_K_14,MACD_signal_9,RSI_14,CCI_20
2016-06-01,3474.0,3502.0,3403.0,3490.0,492378,,,,,
2016-06-02,3495.0,3521.0,3463.0,3472.0,394739,,,,,
2016-06-03,3490.0,3589.0,3473.0,3509.0,604587,,,,,
2016-06-06,3520.0,3546.0,3350.0,3500.0,367039,,,,,
2016-06-07,3527.0,3548.56689453125,3475.0,3531.0,460568,,,,,
2016-06-08,3607.0,3636.0,3512.0,3512.0,449766,,,,,
2016-06-09,3625.0,3642.0,3486.0,3594.0,397798,,,,,
2016-06-10,3517.0,3640.0,3492.0,3602.0,677126,,,,,
2016-06-13,3453.0,3539.0,3415.0,3481.0,552882,,,,,
2016-06-14,3390.0,3448.0,3309.0,3430.0,882296,3509.8,,,,
2016-06-15,3455.0,3506.0,3303.0,3407.0,521209,3507.9,,,,
2016-06-16,3381.0,3433.0,3328.0,3420.0,336578,3496.5,,,,
2016-06-17,3460.0,3526.0,3394.0,3394.0,287769,3493.5,,,,
2016-06-20,3662.0,3682.0,3399.0,3399.0,527233,3507.7,94.72295514511873,,,
2016-06-21,3783.0,3794.0,3615.0,3660.0,811485,3533.3,97.75967413441956,,66.48879402347919,
2016-06-22,3849.0,3852.0,3747.60107421875,3787.0,837056,3557.5,99.4535519125683,,68.0244399185336,
2016-06-23,3845.0,3897.0,3815.0,3863.0,647052,3579.5,91.24579124579125,,68.09378185524974,
2016-06-24,3800.0,3859.0,3312.199951171875,3400.0,1460439,3607.8,83.67003367003367,,64.05622489959839,
2016-06-27,3484.0,3701.0,3483.0,3685.0,996847,3610.9,30.47138047138047,,48.35249042145593,
2016-06-28,3729.0,3766.0,3562.0,3562.0,756491,3644.8,71.71717171717172,,54.14965986394557,82.76918948147558
2016-06-29,3768.0,3827.0,3601.0,3746.0,936869,3676.1,78.28282828282828,,54.79543930248155,99.1337293233153
2016-06-30,3987.0,4007.0,3754.0,3773.0,1029623,3736.7,97.1590909090909,,64.66916354556804,173.9266601653463
2016-07-01,4151.0,4166.0,3992.0,4031.0,754208,3805.8,98.26187717265353,,70.50528789659225,211.76804573580145
2016-07-04,4089.0,4166.0,3936.0,4166.0,612591,3848.5,91.07763615295481,,70.54673721340387,162.59356714135845
2016-07-05,4008.0,4068.0,3940.0,4066.0,904916,3871.0,81.49449625625329,,66.10366919044846,120.70732806935288
2016-07-06,4050.0,4085.0,3940.0,4007.0,524478,3891.1,86.41368079573026,,69.85163204747775,111.19568466985048
2016-07-07,4082.0,4149.0,4039.25,4078.0,389934,3914.8,90.16163092104605,,68.98656898656898,116.49865410227524
2016-07-08,4301.0,4301.0,4021.0,4081.0,572089,3964.9,100.0,,69.30513595166164,132.5135965733372
2016-07-11,4301.0,4343.4521484375,4208.0,4327.0,989700,4046.6,95.8834368013894,,66.88396349413298,135.83777330725565
2016-07-12,4473.0,4580.0,4319.0,4347.0,1318592,4121.0,91.56018331921472,,69.02439024390245,162.13990237499897
2016-07-13,4500.0,4671.0,3559.2109375,4465.0,1085390,4194.2,87.41536695207833,,69.69332531569452,94.67073672174537
2016-07-14,4353.0,4555.75,4299.0,4516.0,740357,4230.8,73.23232323232324,,65.66572237960341,125.05240652585393
2016-07-15,4371.0,4406.0,4226.31689453125,4339.0,296005,4252.8,73.01646417303192,,80.23176550783913,98.19222554248529
2016-07-18,4283.0,4437.0,4257.0,4374.0,332943,4272.2,65.10129366378796,193.8782290731006,71.14503816793894,88.53435340999835
2016-07-19,4401.0,4442.0,4212.83984375,4281.0,494999,4311.5,75.71481775572873,196.24240431531467,72.78617710583153,87.69890978090577
2016-07-20,4448.0,4473.0,4336.0,4411.0,304800,4351.3,79.9422383686204,198.20416910194814,68.94001643385374,97.58800054059166
2016-07-21,4438.0,4503.0,4415.0,4435.0,314700,4386.9,79.04278717438812,199.19958030572312,63.49952963311383,96.57554760894858
2016-07-22,4484.0,4506.0,4364.0,4418.0,475987,4405.2,83.18026266785657,199.8170057014556,68.86341929321873,88.85185166824449
2016-07-25,4539.0,4561.2001953125,4467.0,4487.0,391094,4429.0,88.12724423613405,200.58721995869234,76.00391772771792,105.81530948386312
2016-07-26,4478.0,4529.0,4389.25,4529.0,2787478,4429.5,82.6405919513172,199.98242518809667,70.57692307692308,82.59856300504276
2016-07-27,4540.0,4569.0,4478.9091796875,4479.0,408786,4433.5,88.21718935555727,199.0808791283424,71.4018691588785,102.472884462918
2016-07-28,4560.0,4586.0,4494.0,4497.0,270580,4454.2,90.01609174402181,197.9059383693914,64.86796785304247,104.10290343734438
2016-07-29,4505.0,4565.0,4445.0,4559.0,349131,4467.6,85.06911017574433,195.29267090230917,61.01511879049676,79.77684328181411
2016-08-01,4540.0,4619.0,4413.5,4533.0,382567,4493.3,88.21718935555727,192.02817297620558,54.245880861850445,82.68752542290618
2016-08-02,4503.0,4599.0,4444.0,4512.0,387308,4503.5,71.43983765640478,187.49864235059965,50.187734668335416,73.7896849937679
2016-08-03,4499.0,4566.0,4450.0,4515.0,227184,4508.6,70.45500447214287,181.92249421997994,61.1280487804878,64.71487614789355
2016-08-04,4586.0,4586.0,4469.0,4517.0,469620,4523.4,91.8751262298393,176.956053437293,64.82758620689654,90.35016878778804
2016-08-05,4701.0,4733.0,4576.0,4607.0,318011,4545.1,93.84804860281915,174.0635536352237,77.79255319148936,179.15836336127873
2016-08-08,4660.0,4748.39892578125,4613.0,4695.0,226470,4557.2,78.56470513016329,171.5717323778433,69.18518518518519,164.43840723933837
2016-08-09,4800.0,4836.0,4655.0,4673.0,275751,4589.4,92.37288135593221,171.30424560782774,72.91666666666666,195.74877931050403
2016-08-10,4710.0,4877.0,4669.0,4785.0,432965,4606.4,67.44639376218323,170.61861623753384,66.0377358490566,174.06868675094395
2016-08-11,4800.0,4806.0,4562.1201171875,4728.0,665066,4630.4,84.21322398769861,170.75386810758792,67.71300448430493,132.63787222119765
2016-08-12,4822.0,4885.0,4766.0,4810.0,470517,4662.1,87.29198184568835,171.3583568550822,66.47264260768335,166.28330911666524
2016-08-15,4832.0,4868.75,4769.03076171875,4823.0,258496,4691.3,88.7592788971368,171.99424968975282,71.9059405940594,138.1792307859739
2016-08-16,4795.0,4846.0,4779.0,4805.0,305662,4720.5,80.9119830328738,171.63416836849476,66.28352490421456,111.60590134240535
2016-08-17,4626.0,4808.0,4566.0,4808.0,479355,4733.2,45.06892895015907,167.58122051536228,53.540772532188846,30.05198748944942
2016-08-18,4680.0,4727.0,4600.0,4640.0,375101,4742.6,56.52173913043478,161.9057046481925,59.3984962406015,26.433330285223736
2016-08-19,4626.0,4665.0,4557.0,4665.0,329057,4735.1,41.26984126984127,154.28016019170406,54.526315789473685,-10.44578940831402
2016-08-22,4651.0,4681.0,4485.0,4630.0,242193,4734.2,46.206896551724135,145.87934394090212,57.88912579957356,-20.48216181990188
2016-08-23,4686.0,4729.0,4648.0,4681.0,359403,4722.8,52.16346153846154,137.6589030436986,59.64912280701755,28.496534402064853
2016-08-24,4647.0,4700.0,4632.0,4674.0,213235,4716.5,40.5,129.0464723113532,53.31161780673182,4.184220754838007
2016-08-25,4586.0,4642.0,4413.0,4642.0,427591,4695.1,36.652542372881356,119.37248540776834,43.36793540945791,-82.29407292300512
2016-08-26,4601.0,4612.0,4534.0,4563.0,231709,4673.0,39.83050847457627,109.50750423930324,46.4922711058264,-61.42591066845166
2016-08-30,4608.0,4797.0,4590.0,4598.0,302693,4650.6,41.313559322033896,99.90204133817335,36.44067796610169,-0.12407759987441801
2016-08-31,4530.0,4598.0,4500.0,4593.0,315028,4624.1,24.78813559322034,89.49063229209749,37.06896551724139,-113.37210569298566
2016-09-01,4562.0,4614.0,4520.5,4551.0,257737,4617.7,31.56779661016949,79.42642913982806,31.347962382445147,-99.31312519772682
2016-09-02,4724.0,4758.0,4535.25,4569.0,380700,4622.1,68.2391662095447,72.51101656114058,43.70179948586118,-3.4725690336198687
2016-09-05,4680.0,4764.0,4616.0,4764.0,339510,4627.5,61.66281755196305,67.06446069010829,40.64039408866995,10.228475960118473
2016-09-06,4745.0,4794.0,4629.587890625,4693.0,438952,4636.9,84.0506329113924,63.70825677109608,47.023809523809526,43.04079769347357
2016-09-07,4811.0,4871.0,4651.5,4737.0,597332,4649.4,86.8995633187773,62.74597016301648,62.55088195386703,95.29758044193233
2016-09-08,4699.0,4820.0,4665.0,4820.0,689692,4654.6,62.44541484716157,61.40468385654227,51.19496855345911,48.965953743350006
2016-09-09,4660.0,4742.0,4582.0,4673.0,551972,4662.0,53.930131004366814,59.13398440849266,52.17948717948718,-14.48906766422008
2016-09-12,4562.0,4678.419921875,4516.0,4600.0,427140,4658.1,32.532751091703055,54.70146955067293,44.78311840562719,-85.84309583063958
2016-09-13,4550.0,4590.0,4501.0,4562.0,440592,4652.3,29.912663755458514,48.83020172303546,41.80722891566265,-112.96099388603417
2016-09-14,4564.0,4643.0,4558.0,4565.0,284208,4655.7,32.96943231441048,42.477000884828634,44.8447204968944,-59.118367618089124
2016-09-15,4519.0,4597.0,4451.35986328125,4566.0,378683,4651.4,16.11860515718104,35.340016663117254,45.75411913814955,-118.55441694275628
2016-09-16,4576.0,4642.0,4514.5,4515.0,388411,4636.6,29.7016719357057,28.9147593701182,48.49578820697954,-53.486949856375105
2016-09-19,4620.0,4652.0,4563.0,4623.0,249255,4630.6,40.18684629105807,23.908513048662833,50.69124423963133,-16.33411420187375
2016-09-20,4777.0,4812.0,4632.0,4632.0,821934,4633.8,77.59985478629267,22.504461985371023,63.041182682154165,106.86671140221632
2016-09-21,4682.0,4809.0,4670.0,4806.0,246489,4620.9,54.96141015541823,21.86483806388053,55.94059405940594,83.16941224304345
2016-09-22,4792.0,4824.0,4690.5,4714.0,300497,4630.2,81.17434604379915,23.443023774585473,53.5490605427975,115.9508597381121
2016-09-23,4763.0,4818.0,4693.0,4777.0,326682,4640.5,74.26366294595327,25.812449037958096,54.400848356309645,96.43744397055238
2016-09-26,4695.0,4766.0,4672.0,4737.0,215401,4653.8,58.05930257859052,27.409866658910396,47.35729386892178,49.34139262903747
2016-09-27,4690.0,4743.0,4613.0,4713.0,456511,4667.8,64.04037386312564,28.297420864235523,43.163841807909606,21.525825897513723
2016-09-28,4746.0,4810.0,4708.0,4708.0,493532,4686.0,79.06827732331193,29.522471122246237,52.834740651387214,82.23145481754133
2016-09-29,4855.0,4875.0,4724.0,4775.0,314454,4719.6,95.27901200417236,32.56658186443268,60.84538375973303,132.09593694362025
2016-09-30,4849.0,4918.0,4749.0,4800.0,358388,4746.9,85.21344510028995,36.42131483844495,67.7819083023544,132.45825799942696
2016-10-03,4980.0,4983.0,4838.0,4838.0,432140,4782.9,99.43570851920327,42.58907559709863,73.21814254859612,182.80193039450492
2016-10-04,5105.0,5140.703125,4069.0,5003.0,445947,4815.7,96.66856201431716,51.780506025792626,76.08486017357762,51.55816814214057
2016-10-05,5057.0,5112.0,4954.7900390625,5105.0,361061,4853.2,92.18970972021752,61.50145384109708,75.86538461538461,220.96796893138657
2016-10-06,5036.0,5102.0,5004.5,5061.0,382958,4877.6,90.23021184154894,70.56948775947798,72.90836653386455,184.5265493396332
2016-10-07,5036.0,5119.0,4970.5,5054.0,649435,4904.9,90.23021184154894,78.59208443675062,71.66666666666667,154.79093020692224
2016-10-10,5100.0,5170.0,5036.0,5039.0,468186,4945.4,93.64214350590372,86.38081889335373,68.62745098039215,157.1321602264998
2016-10-11,5132.0,5170.0,5091.0,5109.0,563741,4989.6,96.54859218891916,93.92833666145687,77.98507462686567,144.53595323389646
2016-10-12,5150.0,5177.0,5087.0,5151.0,432085,5030.0,97.56317689530685,101.0021089374454,75.14044943820225,126.84307716810936
2016-10-13,5180.0,5180.4150390625,5102.0,5135.0,403113,5062.5,99.96265669908065,107.65655612712814,79.24263674614306,115.79226932291753
2016-10-14,5273.0,5273.0,5144.35693359375,5192.0,738160,5104.9,100.0,114.93773097442006,89.15989159891599,127.91251270596003
2016-10-17,5332.0,5474.0,5252.0,5340.0,640752,5140.1,89.8932384341637,122.9093795616104,90.53030303030303,153.39267503225466
2016-10-18,4861.0,5250.0,4851.0,5200.0,2381049,5115.7,56.370106761565836,123.10125146824245,54.76387738193869,14.683423452139706
2016-10-19,5242.0,5260.0,4898.0,4900.0,977477,5134.2,83.48754448398577,124.2049116541353,63.08316430020284,64.4567616509255
2016-10-20,5195.0,5257.0,5136.0,5213.0,783894,5150.1,80.14234875444839,124.78926171095014,61.38157894736842,82.0102417898333
2016-10-21,5302.0,5302.0,5179.19091796875,5208.0,571409,5176.7,87.75800711743773,126.44018818140816,60.7620320855615,99.90153223887503
2016-10-24,5343.0,5434.0,5270.0,5287.0,591217,5201.0,78.97271268057784,129.03902808035588,58.42776203966005,128.1064829645393
2016-10-25,5260.0,5419.5,5232.0,5356.0,238096,5213.8,65.65008025682182,130.47744369914076,57.01451278507256,101.21424213756363
2016-10-26,5251.0,5360.0,5139.0,5255.0,344264,5223.9,64.20545746388443,130.6721495060146,57.491289198606275,71.82902771315052
2016-10-27,5266.0,5320.0,5149.0,5258.0,334076,5232.5,66.6131621187801,130.01860327564697,57.93103448275862,64.33451384770746
2016-10-28,5270.0,5298.0,5142.0,5243.0,327143,5232.2,67.25521669341894,128.6351280419322,56.115107913669064,54.1198333699926
2016-10-31,5257.0,5285.0,5139.75,5144.0,234071,5224.7,65.1685393258427,126.36607862340392,54.55871626549963,42.638404093700885
2016-11-01,5324.0,5449.0,5262.0,5289.0,608507,5271.0,75.92295345104334,124.44184779673658,56.12676056338029,113.1189348832211
2016-11-02,5306.0,5379.03515625,5274.0,5310.0,457300,5277.4,73.03370786516854,122.26380631247017,54.47443181818182,87.52446503240671
2016-11-03,5204.0,5390.0,5169.0,5290.0,875255,5278.3,56.66131621187801,118.13484338543651,47.56527875793931,33.68941226021209
2016-11-04,5169.0,5204.9091796875,5076.0,5176.0,443021,5265.0,53.17725752508361,112.17186999042652,44.14931801866476,-60.37043963063873
2016-11-07,5141.0,5251.25,5113.7998046875,5221.0,351926,5244.8,44.1016333938294,104.66957725502049,64.73684210526315,-49.40536788530788
2016-11-08,5195.0,5232.0,5114.0,5129.0,314527,5238.3,31.903485254691688,97.21872688326229,46.22792937399679,-42.60432656591824
2016-11-09,5274.0,5274.0,4986.0,5050.0,934395,5240.6,62.20302375809935,91.22952319337371,56.030534351145036,-48.520195577498626
2016-11-10,4763.0,5334.0,4749.75,5296.0,1061756,5190.3,1.8948873793350018,78.10977819109351,24.551463644948058,-226.9042289870492
2016-11-11,4754.0,4835.75,4608.0,4750.0,647548,5138.7,17.360285374554103,60.88688902004671,21.324245374878274,-291.4063293628484
2016-11-14,4623.0,4849.0,4574.0,4780.0,587130,5075.3,5.6,39.766278858693994,20.372093023255815,-241.85588101487295
2016-11-15,4808.0,4870.0,4657.0,4662.0,595696,5023.7,26.742857142857144,20.170761534989808,32.29416466826538,-168.36029272938313
2016-11-16,4844.0,4877.0,4669.0,4827.0,402965,4977.5,30.857142857142858,3.0867579828263274,33.411949685534594,-129.84230938719082
2016-11-17,4852.0,4938.0,4760.25,4857.0,492740,4942.3,31.771428571428572,-11.406905715455332,33.62068965517241,-92.76060704787615
2016-11-18,4890.0,4988.0,4812.0,4847.0,398665,4914.4,36.114285714285714,-22.88494632406539,35.895465026902386,-66.75207071057521
2016-11-21,4942.0,5026.0,4851.0,4900.0,318328,4894.5,45.09803921568628,-30.989365895679857,35.14774494556765,-45.555230125541264
2016-11-22,4999.0,5022.0,4951.25,4976.0,327157,4874.9,52.083333333333336,-35.574385350561364,38.41509433962264,-23.644061171461
2016-11-23,4977.0,5084.3349609375,4977.0,5004.0,359272,4845.2,53.026315789473685,-37.98307462899969,40.88353413654618,-12.290654616733265
2016-11-24,5072.0,5124.0,4982.0,5001.0,405786,4876.1,65.52631578947368,-37.299174217284225,46.28352490421456,8.383431649403612
2016-11-25,5169.0,5170.0,4978.0,5088.0,464075,4917.6,78.28947368421052,-33.08015898040615,51.018922852983984,29.696984670396876
2016-11-28,5145.0,5500.0,5085.0,5376.0,407255,4969.8,61.663066954643625,-27.174079617141967,48.13988095238095,83.61044194636486
2016-11-29,5151.0,5188.0,5055.0,5152.0,240766,5004.1,62.31101511879049,-20.36252586295296,45.16129032258065,46.540239811135685
2016-11-30,5047.0,5224.0,5040.0,5138.0,286565,5024.4,51.07991360691145,-14.953360149741862,66.43518518518519,42.24437204581735
2016-12-01,4864.0,5056.0,4848.0,5020.0,443146,5025.6,31.317494600431967,-13.592317883876746,55.29865125240847,-33.82748722839464
2016-12-02,4911.0,4915.0,4725.0,4836.0,344669,5027.7,30.130486358244365,-14.059071862458882,65.09433962264151,-61.60335613183371
2016-12-05,4840.0,4991.0,4827.0,4889.0,357492,5017.5,20.577617328519857,-16.74770516606217,51.904761904761905,-39.471684625472875
2016-12-06,4777.0,4880.0,4695.5,4854.0,328466,4995.3,10.130515848353014,-21.654983582444792,46.136101499423305,-84.11242295472125
2016-12-07,4839.0,4842.0,4713.0,4802.0,662263,4981.5,17.837165941578622,-26.65708825262822,49.2942453854506,-70.64317743300073
2016-12-08,4828.0,4904.0,4776.0,4858.0,175540,4957.1,16.46985705407085,-31.57115126840344,46.5324384787472,-45.559512705857344
2016-12-09,4827.0,4864.0,4796.0,4838.0,237040,4922.9,16.3455562461156,-36.11642555348105,43.179122182680906,-53.77455453616218
2016-12-12,4725.0,4997.0,4716.544921875,4997.0,221043,4880.9,3.6668738346799254,-41.7373132059612,34.57207207207206,-69.57567755748184
2016-12-13,4888.0,4888.0,4661.5,4736.0,593190,4854.6,27.012522361359572,-45.042020680259625,45.6754130223518,-71.64526449589789
2016-12-14,4954.0,4993.0,4836.0,4901.0,360659,4845.3,34.883720930232556,-45.56610173498176,44.1,-7.452601373292919
2016-12-15,4914.0,5030.0,4897.73779296875,4967.0,456845,4850.3,30.11329755515802,-44.85418909995559,36.47932131495228,1.775282293655096
2016-12-16,4877.0,4975.0,4714.0,4916.0,301417,4846.9,38.31111111111111,-43.892980822365054,35.98326359832636,-55.038425671878876
2016-12-19,4870.0,4932.0,4812.0,4873.0,128789,4849.9,37.06666666666667,-42.83754692165647,35.318704284221525,-41.6861557982821
2016-12-20,4839.0,4891.0,4747.0,4866.0,246391,4856.1,44.9936628643853,-42.17533327493586,38.23529411764706,-64.3763879801059
2016-12-21,4775.0,4866.0,4754.0,4842.0,485712,4849.7,30.800542740841248,-42.7192533044463,44.18300653594771,-75.06453515297594
2016-12-22,4848.0,4880.0,4750.0,4765.0,228552,4851.7,50.61058344640434,-42.72860318462409,46.01769911504425,-53.663709173520296
2016-12-23,4811.0,4897.0,4777.0,4890.0,57655,4850.1,40.56987788331072,-42.89533097592398,48.084544253632764,-48.51914384682471
2016-12-28,5043.0,5043.0,4667.0,4820.0,343057,4881.9,100.0,-39.35276840912189,64.36285097192224,38.19319878796062
2016-12-29,5002.0,5044.0,4957.0,5010.0,225754,4893.3,89.01960784313725,-34.23543962499612,59.005524861878456,142.70567880858502
2016-12-30,4964.0,5002.0,4944.0,4984.0,59410,4894.3,79.08496732026144,-28.927575029237197,57.2961373390558,133.69876026513842
2017-01-03,5081.0,5105.0,4930.75,4980.0,659338,4911.0,94.58850056369786,-21.84593484937356,62.11832061068702,188.88908762907963
2017-01-04,5038.0,5132.0,5025.0,5095.0,437109,4927.1,80.02125398512221,-14.660006358760558,65.82406471183013,174.44174471297788
2017-01-05,5124.0,5157.0,5049.0,5054.0,697585,4952.5,93.26530612244898,-6.379917329046171,62.93859649122807,173.35060604694624
2017-01-06,5256.0,5260.0,5104.0,5131.0,458095,4994.2,99.32546374367622,4.272438408129263,65.439672801636,203.47920680060216
2017-01-09,5315.0,5397.0,5221.0,5268.0,969211,5048.2,88.76712328767124,16.78484365912493,70.11033099297894,218.45818311658897
2017-01-10,5327.0,5416.0,5305.0,5332.0,523961,5096.1,88.11748998664886,29.960367888738347,73.14814814814815,192.49709027308737
2017-01-11,5389.0,5485.0,5319.35986328125,5459.0,1014422,5153.9,88.26405867970661,43.78172754615807,75.26777020447906,176.0275390051085
2017-01-12,5368.0,5500.0,5243.5751953125,5500.0,1256203,5186.4,84.15366146458584,56.84851567760605,76.007866273353,138.7349512275089
2017-01-13,5473.0,5512.0,5341.0,5443.0,518536,5233.5,95.38461538461539,70.30301477807268,82.9867674858223,141.84060243876135
2017-01-16,5471.0,5504.0,5411.0,5475.0,243881,5284.2,95.14792899408285,83.10307290393257,81.56028368794327,126.69266327940775
2017-01-17,5360.0,5470.0,5336.0,5470.0,599518,5312.1,82.01183431952663,92.86159102337515,75.8718190386428,90.1325422584982
2017-01-18,5387.0,5387.43115234375,5302.0,5360.0,466934,5347.0,78.49462365591398,100.42129202706776,70.09345794392523,72.08784736549312
2017-01-19,5208.0,5381.0,5208.0,5381.0,429813,5355.4,47.69892473118279,103.12180414883848,60.36217303822937,38.034906111476246
2017-01-20,5170.0,5287.0,5114.0,5222.0,532317,5346.8,41.16129032258065,101.7938022524255,60.36217303822937,8.789750941305163
2017-01-23,5127.0,5196.0,4937.0,5156.0,458367,5328.0,33.04347826086956,97.09237331638768,52.5,-34.89155099928118
2017-01-24,5157.0,5224.0,5070.0,5224.0,249208,5311.0,38.26086956521739,90.78034165970183,56.5600882028666,-18.868307298946263
2017-01-25,5175.0,5217.0,5088.0,5165.0,781385,5289.6,41.391304347826086,83.86997527541675,53.03933253873658,-24.184047071603878
2017-01-26,5119.0,5197.0,5080.0,5197.0,1279953,5264.7,31.652173913043477,75.86223316799394,41.02228047182175,-45.18252875144417
2017-01-27,5310.0,5349.0,5116.0,5161.0,427129,5248.4,64.8695652173913,70.46084436299823,49.720670391061454,12.098119612920426
2017-01-30,5200.0,5317.05419921875,5130.0,5292.0,482972,5221.3,45.73913043478261,65.06063676898671,43.60523665659617,-19.154187819233766
2017-01-31,5266.0,5315.0,5183.0,5221.0,326167,5211.9,57.21739130434783,60.84896244201566,43.831494483450356,-2.6926980930774054
2017-02-01,5267.0,5298.0,5211.0,5298.0,257325,5199.9,57.391304347826086,57.480287990861015,44.83111566018424,-6.999604636320557
2017-02-02,5285.0,5300.0,5188.47021484375,5262.0,254916,5207.6,61.37566137566137,54.97275129522812,39.438202247191015,-13.759315730972675
2017-02-03,5331.0,5378.0,5300.0,5342.0,278244,5223.7,73.92120075046904,53.745017392695615,42.50535331905782,41.12207254515833
2017-02-06,5217.0,5344.0,4947.0,5328.0,491318,5232.7,62.162663160188316,51.4424997419424,42.36926360725721,-78.15411341933377
2017-02-07,5235.0,5275.0,5170.0,5202.0,385330,5240.5,67.11711711711712,48.756961864328005,41.810344827586206,-32.44089815856943
2017-02-08,5198.0,5258.0,5140.0,5231.0,220710,5242.8,59.183673469387756,45.27069429311588,49.36386768447837,-49.79455226043026
2017-02-09,5147.0,5236.3349609375,5125.0,5196.0,338993,5245.6,47.61904761904762,40.54844448624645,48.560700876095126,-67.06063389701401
2017-02-10,5175.0,5223.0,5139.0,5171.0,421081,5232.1,52.90023201856148,35.653358636678504,53.06122448979592,-52.92904248169162
2017-02-13,5221.0,5274.0,5154.0,5188.0,365428,5234.2,63.57308584686775,31.55919291055517,54.0,-8.255480580431428
2017-02-14,5275.0,5301.0,5161.0,5227.0,230837,5235.1,76.10208816705337,28.971260011183993,55.98086124401914,37.80615891722667
2017-02-15,5228.0,5314.0,5173.0,5305.0,215660,5231.2,65.19721577726219,26.64717947427718,56.590084643288996,40.45584118369549
2017-02-16,5239.0,5323.0,5206.0,5241.0,200134,5226.6,67.74941995359629,24.725072891905416,44.513137557959816,67.47458681559411
2017-02-17,5230.0,5354.0,5155.5,5256.0,177156,5216.5,65.66125290023201,22.955732613806813,52.74725274725275,49.11350141342121
2017-02-20,5287.0,5302.0,5208.0,5270.0,190741,5223.5,78.88631090487239,22.231975988032964,51.95530726256984,72.22542394120401
2017-02-21,5309.0,5341.0,5226.0,5285.0,216422,5230.9,83.9907192575406,22.50183743814328,53.76344086021506,107.23070549325872
2017-02-22,5355.0,5374.0,5267.0,5310.0,283582,5246.6,94.66357308584686,24.062949760224804,55.972696245733786,160.57686196817696
2017-02-23,5332.0,5378.25,5244.0,5376.0,396605,5265.1,89.27536231884058,25.929761128742673,50.08880994671402,131.36045168779526
2017-02-24,5329.0,5335.0,5192.0,5319.0,535826,5280.5,80.5528134254689,27.78335498196808,62.389380530973455,66.091377790416
2017-02-27,5418.0,5418.0,5267.08984375,5397.0,537950,5300.2,100.0,30.888115033913465,67.49521988527725,180.98907639735103
2017-02-28,5432.0,5441.0,5267.08984375,5414.0,453954,5315.9,97.15189873417721,34.76728672897991,73.4,163.51286290594112
2017-03-01,5503.0,5510.0,5364.169921875,5400.0,522158,5343.4,98.11320754716981,39.98201390243439,84.23076923076923,209.74913014079357
2017-03-02,5575.0,5620.0,5497.0,5497.0,349636,5377.0,90.34334763948497,46.81806761187694,85.46099290780143,245.70605617336648
2017-03-03,5582.0,5589.25,5520.0,5575.0,267463,5412.2,91.81916038751345,54.31695321754224,84.38095238095238,197.69610261209706
2017-03-06,5505.0,5591.0,5242.0,5570.0,185540,5434.0,75.24219590958019,60.48589568773947,70.98540145985402,95.63673061744316
2017-03-07,5549.0,5566.0,5466.0,5496.0,168034,5458.0,84.71474703982777,66.06200411860684,79.44954128440367,130.46224015717354
2017-03-08,5536.0,5557.0,5496.0,5557.0,192709,5476.1,81.91603875134554,70.61625076293456,77.14808043875685,114.07758549553809
2017-03-09,5504.0,5557.0,5463.0,5543.0,373566,5493.3,72.89719626168224,73.6197830713515,74.03508771929825,89.40048839573824
2017-03-10,5555.0,5617.509765625,5507.0,5601.0,425184,5515.9,84.81308411214954,76.13978838594409,73.75886524822695,107.31149983624809
2017-03-13,5569.0,5599.0,5536.0,5555.0,183970,5531.0,88.08411214953271,78.2744493497145,73.38129496402877,99.05483220809361
2017-03-14,5669.0,5799.0,5557.0,5589.0,3046115,5554.7,78.5831960461285,81.47271977674984,75.73770491803279,141.07075179162067
2017-03-15,5766.0,5768.0,5655.0,5696.0,345923,5581.0,94.56342668863262,86.53186692811387,81.72514619883042,152.57498391761627
2017-03-16,5888.0,5889.0,5774.0,5799.0,334818,5612.3,99.84544049459042,94.24138182370785,84.80697384806975,187.33669278223186
2017-03-17,5924.0,5924.69287109375,5817.0,5875.0,248808,5646.5,99.89850910664411,103.56751416714437,83.73333333333333,181.96530615645426
2017-03-20,5886.0,5901.0,5748.85009765625,5750.0,528011,5684.6,94.33231651712435,112.57570061904941,79.328165374677,144.4743787916842
2017-03-21,5833.0,5966.0,5819.0,5886.0,776114,5713.0,81.62983425414365,119.81021388762905,71.82539682539682,138.7233230207188
2017-03-22,5864.0,5880.0,5783.0,5825.0,457979,5745.8,85.91160220994475,125.77529320867706,70.20979020979021,106.835158393582
2017-03-23,5966.0,6041.93017578125,5883.0,6020.0,332694,5792.0,90.50789955422134,131.97269970200082,73.70370370370371,134.48075229871125
2017-03-24,5983.0,5988.0,5877.0,5877.0,278664,5834.8,89.82084917205682,137.96127867014485,81.86666666666667,113.8563913072455
2017-03-27,5987.0,6014.0,5920.0,5938.0,243238,5876.6,90.51177878107265,143.25441338903116,80.84507042253522,109.89901006996834
2017-03-28,6039.0,6051.0,5890.0,6021.0,415445,5913.6,97.95918367346938,148.33730610114975,83.5781041388518,105.60086349955424
2017-03-29,6073.0,6073.27294921875,5978.0,6055.0,604759,5944.3,99.95179900097177,153.22632897773343,87.88282290279628,111.50327725221787
2017-03-30,6115.0,6130.0,6021.9921875,6050.0,730626,5967.0,97.47474747474747,158.0583990112146,87.73584905660377,115.87784636074497
2017-03-31,6045.0,6126.0,5947.0,6126.0,489091,5979.1,85.16579406631763,161.12441083014406,79.82456140350877,89.95760838249386
2017-04-03,5977.0,6147.0,5931.0859375,6034.0,827205,5988.2,65.44715447154472,161.47063075923373,70.10443864229765,78.1159363322387
2017-04-04,5971.0,5993.0,5536.0,5700.0,1848448,6002.0,71.19476268412438,159.63023767673533,65.18518518518519,-2.3668082067263803
2017-04-05,5700.0,6041.0,5675.0,5942.0,1263433,5985.6,26.841243862520457,151.828318041608,38.592233009708735,-23.984286169369362
2017-04-06,5457.0,5629.10009765625,5285.0,5610.0,1525163,5934.7,19.953596287703018,136.47584805113775,27.35208535402522,-196.5454203726744
2017-04-07,5566.0,5566.0,5387.0,5455.0,735932,5893.0,32.59860788863109,118.62361649715858,35.48094373865699,-166.8490178381909
2017-04-10,5490.0,5816.0,5388.0,5555.0,541620,5843.3,23.781902552204176,98.65752347145138,34.75555555555556,-138.01981251263555
2017-04-11,5460.0,5497.0,5338.0,5471.0,731949,5785.4,20.301624129930396,77.70966568539002,32.028469750889684,-177.34320110470526
2017-04-12,5513.0,5530.0,5363.0,5455.0,746126,5729.4,26.45011600928074,57.91304608575989,28.930232558139537,-138.72856312706148
2017-04-13,5705.0,5706.0,5489.0,5489.0,805836,5688.4,48.72389791183295,42.80702410658385,38.88,-65.424606754732
2017-04-18,5580.0,5772.375,5533.0,5715.0,580384,5641.9,34.222737819025525,29.340992616386565,35.1568198395332,-59.60037883985554
2017-04-19,5609.0,5707.90478515625,5531.0,5592.0,615943,5605.1,37.58700696055684,18.004591020496473,34.050445103857555,-57.237168836998784
2017-04-20,5603.0,5680.0,5569.0,5599.0,210492,5568.3,36.890951276102086,8.460510488126404,32.1969696969697,-51.09689397626945
2017-04-21,5599.0,5661.0,5550.0,5623.0,407315,5558.2,36.42691415313225,0.4570376690884821,29.875195007800315,-50.50896257537513
2017-04-24,5749.0,5767.0,5628.0,5680.0,306820,5587.4,53.82830626450116,-3.7691360996130783,39.13362701908957,-11.520397012046931
2017-04-25,5749.0,5783.0,5638.419921875,5765.0,231831,5605.7,61.37566137566137,-5.39763836604169,41.190108191653785,-5.100624010377629
2017-04-26,5626.0,5770.0,5600.0,5763.0,448171,5619.3,45.10582010582011,-7.262692533053951,37.77462792345854,-21.619088868017883
2017-04-27,5665.0,5668.0,5584.0,5610.0,483959,5639.8,71.56308851224105,-8.539468259692693,48.51569126378286,-26.970948294655944
2017-04-28,5820.0,5848.0,5674.0,5715.0,556834,5670.5,94.50980392156863,-6.888194114935286,66.63611365719524,40.31704023699145
2017-05-02,5962.0,5962.47705078125,5808.10009765625,5845.0,746721,5696.2,99.92360795634472,-1.2070109025552007,67.61565836298932,111.50578526324607
2017-05-03,5950.0,5999.0,5907.0,5971.0,367418,5733.2,92.58698940998487,6.513522259942439,71.69811320754718,139.10896994450042
2017-05-04,5973.0,6025.0,5915.0,5970.0,265451,5769.6,92.14501510574019,15.459663288616518,74.35897435897436,153.30049530186906
2017-05-05,6011.0,6096.97998046875,5933.0,6041.0,275566,5810.4,85.85809019526272,25.276052194784363,73.98843930635839,157.50216314369868
2017-05-08,5975.0,6109.0,5952.0,6028.0,211306,5848.0,76.8166089965398,34.49133607365674,65.30612244897961,139.3278442406453
2017-05-09,6057.0,6074.0,5974.0,6003.0,460714,5878.8,91.00346020761246,44.07642793476508,78.42669845053635,129.05860939438324
2017-05-10,6073.0,6146.2998046875,6043.0,6057.0,378749,5911.2,87.7075584946881,53.54565348105778,78.08716707021792,128.3253130833395
2017-05-11,6128.0,6168.0,6008.0,6081.0,474137,5961.4,93.52750809061489,63.201315317675096,80.0,116.2289225675699
2017-05-12,6143.0,6165.0,6102.0,6139.0,208937,6009.2,95.71917808219177,72.56293371789229,80.6997742663657,113.86326155564178
2017-05-15,6154.0,6184.0,6099.0,6155.0,340168,6042.6,95.0,81.25961285444464,77.10843373493975,105.52109745123242
2017-05-16,6129.0,6197.0,6082.0,6156.0,582289,6059.3,88.90701468189233,88.4995591579418,74.61139896373058,92.62471332886645
2017-05-17,6106.0,6179.47509765625,6075.0,6153.0,584662,6074.9,85.15497553017944,93.87826363071854,85.71428571428572,80.41437707692769
2017-05-18,6131.0,6153.0,6040.0,6100.0,375806,6090.7,87.38049713193116,97.99331005232092,85.41033434650456,70.8339908733138
2017-05-19,6150.0,6184.0,6108.0,6127.0,574665,6104.6,87.91462797579811,101.18038988287582,81.60919540229885,81.43893343950575
2017-05-22,6209.0,6218.51513671875,6110.0,6117.0,261612,6128.0,96.94552989656464,104.32946620682404,78.13211845102506,90.50026091346223
2017-05-23,6278.0,6293.0,6170.0,6206.0,314208,6150.1,96.03174603174604,108.15270962826636,83.06451612903226,115.2230347963079
2017-05-24,6309.0,6314.0,6180.0,6283.0,173633,6173.7,98.68766404199475,112.44617218016882,83.33333333333333,118.8133846294489
2017-05-25,6356.0,6406.0,6303.0,6363.0,144530,6196.5,88.98678414096916,117.30285854974102,83.62573099415205,156.70205582028362
2017-05-26,6394.0,6444.0,6335.0,6363.0,214241,6221.6,89.36170212765957,122.59687803568768,90.67961165048544,176.62092572617283
2017-05-30,6370.0,6432.0,6345.0,6391.0,233871,6243.2,83.02752293577981,127.2251591302738,84.24507658643326,158.84536362401383
2017-05-31,6417.0,6490.0,6354.0,6362.0,585317,6272.0,84.85477178423237,131.6534318329968,85.24590163934427,154.77706170274024
2017-06-01,6361.0,6497.0,6343.0,6446.0,374386,6297.5,70.24070021881838,134.53069368271005,73.8241308793456,122.48686815876
2017-06-02,6408.0,6458.0,6362.0,6399.0,364170,6325.2,80.52516411378556,136.72821604341186,75.43186180422265,110.44006399395796
2017-06-05,6425.0,6488.0,6368.0,6429.0,141886,6352.7,84.24507658643326,138.34408691734978,75.71157495256168,105.7187904243233
2017-06-06,6260.0,6471.25,6229.0,6453.0,556378,6357.8,48.14004376367615,136.56289049583916,59.82008995502249,43.59913934862426
2017-06-07,6100.0,6225.0,6087.0,6165.0,690427,6340.0,13.12910284463895,129.8818903613954,49.626865671641795,-62.402006001529934
2017-06-08,6183.0,6213.0,6092.0,6135.0,721132,6327.4,23.414634146341463,121.50820667521188,53.01624129930394,-51.560182934124384
2017-06-09,6319.0,6388.0,6218.0,6250.0,399602,6323.7,56.58536585365854,114.40540285541836,58.631256384065374,29.772195750868363
2017-06-12,6067.0,6197.0,6025.0,6197.0,514450,6291.0,8.898305084745763,104.19023675244995,43.9419795221843,-97.9344802846612
2017-06-13,6115.0,6155.0,6016.0,6062.0,304112,6265.5,20.58212058212058,93.08813949447926,42.91920069504778,-94.84774680887685
2017-06-14,6128.0,6196.0,6104.2998046875,6143.0,141702,6236.6,23.284823284823286,82.00736196257859,42.01235657546337,-67.16730290033694
2017-06-15,6046.0,6132.740234375,5988.0,6101.0,368754,6205.1,11.394891944990176,70.02564641572728,36.729452054794514,-113.75200773110818
2017-06-16,6066.0,6121.0,6017.0,6110.0,464516,6170.9,15.324165029469548,58.26682740916179,35.73913043478261,-103.63384939853982
2017-06-19,6177.0,6244.5,6086.0,6167.0,128842,6146.1,37.13163064833006,48.902270643782494,42.19886822958771,-47.290635503670174
2017-06-20,5960.0,6262.0,5834.0,6304.0,817165,6116.1,19.004524886877828,37.95573017763093,33.75977256574272,-120.25840700041438
2017-06-21,5771.0,6138.18701171875,5676.5,5933.0,576540,6083.2,11.645101663585953,23.489575313374466,30.84415584415585,-168.22239421427042
2017-06-22,5831.0,5848.0,5723.85693359375,5796.0,216819,6048.0,19.038817005545287,8.479461536492673,31.42305215711525,-166.35797347461232
2017-06-23,5805.0,5837.0,5752.25,5836.0,247384,5996.6,16.168606480025165,-6.5188814042412275,30.153649167733676,-149.55031872859206
2017-06-26,5818.13916015625,5874.0,5744.5,5828.0,421610,5971.713916015625,19.90712019061841,-20.499123216597923,34.33272217634216,-130.20259172738935
2017-06-27,5819.044921875,5846.0,5702.0,5788.0,449018,5942.118408203125,20.034423313422348,-33.04719904095282,38.77118346382321,-124.0142358146498
2017-06-28,5832.0,5902.0,5753.0,5812.0,679233,5912.518408203125,21.85523541813071,-43.757818143765505,35.139712108382724,-98.54715679756798
2017-06-29,5726.0,5901.25,5697.0,5920.0,78067,5880.518408203125,8.454312553373185,-54.34672179146131,24.23979148566464,-106.55635033101231
2017-06-30,5749.0,5810.0,5714.0,5859.0,119968,5848.818408203125,12.382578992314262,-63.813429984238276,32.75488069414317,-100.47078020078173
2017-07-03,5720.0,6000.0,5702.0,5738.0,230007,5803.118408203125,7.429547395388557,-72.39774166756607,28.12846068660022,-72.52817210402168
2017-07-04,5641.0,5709.0,5623.0,5704.0,213605,5771.218408203125,2.816901408450704,-81.07437027287081,24.871001031991753,-118.63987725730706
2017-07-05,5741.0,5794.0,5639.0,5738.0,304797,5768.218408203125,18.46635367762128,-87.5737916425033,34.549138804457954,-83.64903130455922
2017-07-06,5626.0,5908.583984375,5581.0,5757.0,703038,5747.718408203125,6.607929515418502,-94.00303073759683,29.667282809611834,-84.4657936739227
2017-07-07,5711.0,5748.0,5573.0,5650.0,394778,5738.318408203125,20.029027576197386,-98.48087232745307,27.935606060606062,-92.77520240627555
2017-07-10,5837.0,5942.0,5719.0,5720.0,940675,5740.2044921875,46.71020291092118,-99.26616567153295,43.626943005181346,-18.077541314472604
2017-07-11,5752.0,5984.0,5665.0,5841.0,679038,5733.5,41.92037470725995,-98.82575262205413,48.8966318234611,-30.117881686122914
2017-07-12,5810.0,5989.0,5757.0,5989.0,795565,5731.3,55.50351288056206,-96.489577724797,48.77764842840512,8.363791157077168
2017-07-13,5759.0,5900.0,5635.0,5820.0,940459,5734.6,43.559718969555036,-93.68139812502827,47.39819004524887,-47.040754581274975
2017-07-14,5639.0,5759.0,5606.0,5684.0,528866,5723.6,15.456674473067915,-92.42559559529715,40.960427894975716,-123.07587607843237
2017-07-17,5688.0,5729.0,5601.0,5627.0,606357,5720.4,26.93208430913349,-91.21620117234413,43.69342695203452,-115.75540216844745
2017-07-18,5638.0,5678.0,5583.0,5640.0,438680,5720.1,15.22248243559719,-90.68911352983444,40.985130111524164,-144.22843540597486
2017-07-19,5647.0,5706.0,5605.0,5659.0,272162,5710.7,17.330210772833723,-90.26702478617334,45.96527068437181,-106.43408788697235
2017-07-20,5728.0,5728.0,5622.0,5655.0,383327,5720.9,36.29976580796253,-88.43482940661796,48.98746383799421,-56.189835627226024
2017-07-21,5725.0,5819.0,5707.0,5739.0,332059,5722.3,36.53846153846154,-85.66115559846358,50.247279920870426,8.48522479059965
2017-07-24,5682.0,5759.0,5636.0,5741.0,216618,5706.8,26.201923076923077,-82.93358269999437,52.10256410256411,-50.06292385442162
2017-07-25,5686.0,5739.0,5674.0,5710.0,222549,5700.2,27.16346153846154,-80.12504876250138,46.87144482366325,-37.51547959852455
2017-07-26,5821.0,5854.0,5705.0,5708.0,370165,5701.3,59.61538461538461,-75.07653065650302,60.84538375973303,74.99051827669206
2017-07-27,5802.0,5833.0,5689.0,5797.0,264233,5705.6,53.94088669950739,-69.0207048341342,55.46218487394958,52.74015397512018
2017-07-28,5838.0,5992.0,5685.0,5770.0,253613,5725.5,62.34718826405868,-61.91930332419504,50.06729475100943,114.75034399638989
2017-07-31,5778.0,5835.0,5750.0,5834.0,190735,5734.5,47.67726161369193,-55.350960771116355,51.81058495821727,60.94840537316675
2017-08-01,5861.0,5891.0,5766.0,5809.0,182748,5756.8,67.97066014669926,-48.01068005527152,53.432032301480476,106.16833105360878
2017-08-02,5854.0,5860.0,5807.0,5855.0,120835,5777.5,66.25916870415648,-40.573607958568445,56.795422031473535,95.55059365362649
2017-08-03,5896.0,5993.0,5856.0,5880.0,247092,5794.3,76.34146341463415,-32.70317157817216,70.69243156199678,150.65486384138507
2017-08-04,6020.0,6053.0,5882.0,5882.0,248874,5823.8,92.97872340425532,-22.92080741921228,73.85057471264368,189.3425564089893
2017-08-07,6002.0,6063.0,5975.0,6063.0,138427,5855.8,86.68122270742359,-12.687829993316562,77.40963855421687,184.34829059829087
2017-08-08,6011.0,6053.0,5945.0,6003.0,165108,5888.3,88.20861678004535,-2.536338612765501,77.40963855421687,148.78966422943193
2017-08-09,5994.0,6123.0,5934.0,6010.0,426796,5905.6,73.51129363449692,6.766476698019931,72.16666666666666,138.2930901618294
2017-08-10,5960.0,6009.0,5826.0,5995.0,152104,5921.4,66.52977412731006,14.491817027536504,68.62123613312203,74.20961675307537
2017-08-11,5786.0,5897.0,5726.0,5860.0,290605,5916.2,24.94432071269488,18.01435333550243,56.824146981627294,-8.880277710502948
2017-08-14,5858.0,5874.0,5770.294921875,5831.0,152519,5924.2,39.49771689497717,19.82565592416325,60.36144578313253,6.383110015980455
2017-08-15,5917.0,5986.0,5853.0,5890.0,87725,5929.8,52.96803652968037,21.365562756078276,56.36604774535809,58.19815907682225
2017-08-16,5936.0,6149.0,5920.0,5920.0,460146,5938.0,54.0948275862069,22.90907698857402,58.88594164456234,103.70006287371699
2017-08-17,5921.0,5960.0,5778.0,5778.0,228052,5940.5,46.09929078014184,24.082408043459857,55.66166439290587,15.301404802367976
2017-08-18,5860.0,5932.0,5829.0,5913.0,178643,5924.5,31.678486997635932,23.93409944900423,55.585831062670295,1.0242100791984166
2017-08-21,5834.0,5918.0,5827.0,5842.0,173194,5907.7,25.53191489361702,22.49582183951629,48.005908419497786,-18.892869396847043
2017-08-22,5940.0,6041.0,5835.0,5864.0,202759,5900.6,50.59101654846336,21.964309093948355,55.54123711340206,44.42320590223735
2017-08-23,5845.0,5972.375,5831.0,5939.0,171738,5885.7,28.13238770685579,20.46327115551911,46.92400482509048,-14.78921100058184
2017-08-24,5917.0,5997.0,5727.0,5801.0,287907,5881.4,45.153664302600475,19.535318512569017,43.37194337194338,-24.535501266693906
2017-08-25,5965.0,6017.0,5862.0,5930.0,206366,5899.3,56.501182033096924,19.73649646456389,47.70755885997522,45.05921932443382
2017-08-29,5906.0,5941.44482421875,5815.0,5935.0,299638,5904.1,42.5531914893617,19.64855150886499,43.87397899649942,-31.301016625900253
2017-08-30,5731.0,5950.26806640625,5611.0,5950.0,838380,5885.5,22.304832713754646,16.54719432036016,37.04433497536946,-166.7524467718184
2017-08-31,5667.0,5752.0,5601.0,5742.0,505266,5858.6,12.043795620437956,10.660869968308166,35.98086124401914,-228.55675922092465
2017-09-01,5681.0,5733.0,5656.0,5698.0,370842,5834.6,14.598540145985401,3.5366165453806646,44.067796610169495,-177.24939996092675
2017-09-04,5694.0,5740.0,5623.0,5650.0,277379,5818.0,16.970802919708028,-3.790734956882969,40.072639225181604,-154.85751836581028
2017-09-05,5676.0,5720.0,5643.0,5698.0,212702,5802.2,13.686131386861314,-11.139812162414112,34.64968152866241,-135.71484089925508
2017-09-06,5624.0,5692.0,5606.0,5676.0,353861,5770.6,5.2272727272727275,-18.921495591327457,30.929095354523227,-140.044350507518
2017-09-07,5642.0,5656.0,5574.0,5616.0,356687,5750.3,14.5610278372591,-26.23609411305832,33.00852618757612,-130.65638081190374
2017-09-08,5605.0,5675.39990234375,5540.7890625,5636.0,300486,5719.1,12.83677198681806,-33.40500554740908,34.00250941028858,-122.89629099393957
2017-09-11,5718.0,5773.0,5614.0,5645.0,396749,5694.4,35.42724163243631,-38.22781118673543,43.438914027149316,-57.670575390687844
2017-09-12,5694.0,5804.0,5653.5,5725.0,201421,5673.2,32.17291444508244,-41.62308079296094,34.66334164588528,-44.094426101407514
2017-09-13,5657.0,5698.90087890625,5601.0,5686.0,205959,5665.8,24.403248297924698,-44.441058796134854,37.365591397849464,-74.43068710650265
2017-09-14,5700.0,5758.0,5582.634765625,5651.0,518064,5669.1,33.432860306783695,-45.962148494560395,34.82517482517483,-53.056282915169916
2017-09-15,5549.0,5694.208984375,5516.0,5574.0,581670,5655.9,7.598993007496225,-48.89499546850935,24.572127139364298,-103.44636132202055
2017-09-18,5600.0,5764.0,5554.19921875,5579.0,323702,5646.5,19.342891291808574,-51.63384306900997,31.111111111111114,-64.85530277711126
2017-09-19,5715.0,5767.0,5660.0,5660.0,380542,5650.4,69.09722222222223,-52.15507889611176,48.93333333333334,-11.294354796543338
2017-09-20,5698.0,5755.0,5623.0,5740.0,337171,5657.8,63.19444444444444,-51.41138767910146,52.20483641536274,-21.741906760903003
2017-09-21,5711.0,5721.0,5638.0,5699.0,191638,5664.7,67.70833333333333,-49.58926585965553,52.136752136752136,-17.715750662010937
2017-09-22,5801.0,5861.0,5702.0,5710.0,310350,5684.3,82.6086956521739,-45.637801864295525,56.86777920410783,94.31912655029659
2017-09-25,5800.0,5834.0,5711.0,5743.0,279188,5692.5,82.31884057971014,-40.470786351334674,58.13648293963254,118.05262449991451
2017-09-26,5875.0,5898.06005859375,5705.0,5806.0,528030,5710.6,93.96428439061982,-33.523927882491414,65.98726114649682,198.47785818156558
2017-09-27,5830.0,5921.0,5794.0,5900.0,497637,5727.9,77.53086419753086,-26.46720503537644,61.576354679802954,200.97996815367694
2017-09-28,6028.0,6061.0,5835.0,5859.0,344208,5760.7,93.94495412844037,-16.492247923699612,71.73689619732785,261.14719357389384
2017-09-29,5955.0,6045.2001953125,5866.0,6028.0,345011,5801.3,80.55045871559633,-6.338185040832698,62.70096463022508,185.96033900538495
2017-10-02,5919.0,5991.580078125,5915.0,5980.0,330717,5833.2,73.94495412844037,2.835932145879667,61.904761904761905,142.72634130122992
2017-10-03,5912.0,5959.0,5889.0,5932.0,323000,5852.9,72.66055045871559,10.796771397816475,63.93442622950819,109.20914273582247
2017-10-04,5950.0,5964.0,5899.0,5904.0,297428,5878.1,79.63302752293578,18.161490977375653,63.73626373626374,105.45338814156807
2017-10-05,5968.0,5995.0,5944.0,5976.0,283585,5903.8,81.64959419150462,25.012289300613478,76.96267696267697,110.71344459935024
2017-10-06,6025.0,6028.0,5924.68017578125,5968.0,459066,5926.2,91.78082191780823,32.03423521080622,77.13920817369093,110.26007954556698
2017-10-09,5924.0,6025.0,5882.0,6025.0,314070,5938.6,68.72146118721462,37.1109425916939,63.5890767230169,73.84525834924531
2017-10-10,5882.0,5956.0,5838.0,5926.0,378332,5939.3,57.68321513002364,39.94761394315468,61.58690176322419,40.40088833062288
2017-10-11,5878.0,5919.0,5624.5380859375,5898.0,830122,5944.1,58.07194302552709,41.07670475189369,60.63694267515923,-13.406810788752006
2017-10-12,5914.0,5978.0,5898.0,5930.0,498053,5932.7,66.3200853811611,41.557065207125405,57.729138166894664,56.26303206957607
2017-10-13,5852.0,5941.0,5851.73681640625,5941.0,290966,5922.4,52.114951324235854,40.52174200904216,53.28282828282829,18.361352183311695
2017-10-16,5700.0,5889.0,5652.0,5654.0,924640,5900.5,17.289461378225568,36.07326254175155,39.93095512082854,-88.81187632039611
2017-10-17,5750.0,5850.0,5545.0,5850.0,1884405,5884.3,39.72868217054263,30.434182028703255,45.423340961098404,-113.71595453883981
2017-10-18,5490.0,5884.0,5475.0,5741.0,1270182,5838.3,2.6306550091199465,20.12695195938839,21.26068376068376,-178.63076420532266
2017-10-19,5502.0,5810.0,5403.0,5514.0,1031683,5791.7,15.84,7.579717814088493,24.114285714285714,-193.3288345862832
2017-10-20,5552.0,5700.0,5429.6201171875,5632.0,791903,5744.4,23.84,-4.93331565512713,29.358830146231725,-169.8225237028536
2017-10-23,5572.0,5810.0,5509.0,5555.0,674148,5709.2,27.04,-16.43862656851318,31.152993348115302,-113.53751557853839
2017-10-24,5599.0,5607.0,5537.68017578125,5590.0,627005,5680.9,31.36,-26.240952911119695,30.303030303030297,-119.44723010122246
2017-10-25,5610.0,5628.0,5540.0,5593.0,566568,5654.1,33.12,-34.22672035741749,29.75113122171946,-98.99748305257063
2017-10-26,5758.0,5792.0,5621.52001953125,5626.0,832003,5638.5,57.07395498392283,-38.21601357441109,36.3076923076923,-33.615871148601755
2017-10-27,5822.0,5849.0,5712.0,5786.0,484012,5635.5,72.8695652173913,-38.38308418029625,44.56289978678038,3.4172772954459294
2017-10-30,5762.0,5850.0,5754.0,5823.0,197894,5641.7,62.43478260869565,-37.01548372938252,43.72384937238493,4.640050605717975
2017-10-31,5697.0,5791.0,5685.0,5791.0,317803,5636.4,51.130434782608695,-35.71034432923109,41.10127826941986,-24.60338368835555
2017-11-01,5575.0,5714.0,5560.0,5699.0,611934,5644.9,31.970260223048328,-36.3778195178748,34.63281958295558,-75.56606563015688
2017-11-02,5761.0,5815.0,5512.0,5590.0,493941,5670.8,73.66255144032922,-35.196267385862164,46.29176854115729,-26.47417900800485
2017-11-03,5910.0,5920.0,5588.97021484375,5795.0,1156062,5706.6,98.06576402321083,-30.460292276003127,58.57843137254902,49.64313145126604
2017-11-06,5989.0,6065.0,5875.0,5905.0,496725,5748.3,88.51963746223565,-22.414917317353257,59.537110933758974,157.74251212004486
2017-11-07,5866.0,6000.0,5736.0,5987.0,789481,5775.0,69.93957703927492,-14.628331528650072,66.84587813620072,89.17553502912499
2017-11-08,5896.0,5897.17919921875,5796.0,5872.0,639729,5803.6,73.40173893263288,-6.900162066663341,67.37213403880071,82.05978691281317
2017-11-09,5800.0,5903.0,5800.0,5896.0,429307,5807.8,52.33812949640288,-1.129627306456836,60.50847457627119,70.35348304052768
2017-11-10,5733.0,5863.0,5731.0,5800.0,349776,5798.9,39.96383363471971,2.0450277610594103,56.56071719641402,36.724187231631404
2017-11-13,5614.0,5800.0,5575.0,5750.0,282854,5784.1,18.44484629294756,1.5229785327266954,50.56861258529189,-39.67381880677312
2017-11-14,5692.0,5799.64013671875,5613.0,5613.0,342901,5783.6,32.5497287522604,-0.04775337968477622,52.95815295815296,-12.225572395124217
2017-11-15,5705.0,5920.0,5642.0,5656.0,327264,5796.6,34.90054249547921,-1.9859226727379893,47.88169464428458,21.236675600573953
2017-11-16,5743.0,5983.0,5663.0,5688.0,245554,5794.8,41.77215189873418,-3.441998434767746,46.775510204081634,44.44357511069656
2017-11-17,5849.0,5874.0,5697.0,5750.0,218874,5788.7,60.940325497287525,-2.820564311913352,53.42250196695516,46.42669892752501
2017-11-20,5851.0,5885.0,5816.0,5874.0,182444,5774.9,61.301989150090414,-0.8912263763422694,56.37417218543046,75.7314077340487
2017-11-21,5847.0,5867.0,5749.0,5752.0,166566,5773.0,60.57866184448463,1.6949548694401568,62.477064220183486,45.45902316955016
2017-11-22,5894.0,5908.0,5811.0,5851.0,181968,5772.8,65.10204081632654,5.3032552873835845,56.992639327024186,88.36504230419544
2017-11-23,5857.0,5880.0,5819.0,5859.0,108581,5778.5,57.55102040816327,8.76064654850474,46.841477949940405,63.1008949196342
2017-11-24,5868.0,5879.0,5841.0,5856.0,610555,5792.0,68.94117647058823,12.097740000667649,42.153047989623865,67.86887329009393
2017-11-27,5888.0,5943.0,5833.0,5833.0,230517,5819.4,76.7156862745098,15.47601228618908,51.64670658682635,84.58737776665168
2017-11-28,6051.0,6076.0,5874.0,5903.0,537543,5855.3,95.00998003992017,21.26829688925,59.675405742821475,171.55490364255667
2017-11-29,6120.0,6196.0,6039.0,6054.0,656749,5896.8,87.76167471819646,29.322376465675553,70.671834625323,248.25619036895344
2017-11-30,6060.0,6178.0,6017.0,6169.0,407614,5928.5,78.09983896940419,37.34780056848693,71.31681877444589,189.0701822017491
2017-12-01,6025.0,6102.0,5961.0,6060.0,254418,5946.1,70.66895368782161,44.29103023214829,80.08784773060029,121.12460918144419
2017-12-04,6048.0,6091.0,6024.0,6050.0,137297,5965.8,73.28519855595668,50.45798916472696,78.343949044586,129.18085631895158
2017-12-05,6002.0,6069.0,5955.0,6043.0,211184,5981.3,63.60225140712946,54.96620736645234,72.46596066565809,83.61799912067391
2017-12-06,5948.0,5979.0,5910.0,5952.0,396742,5986.7,50.300601202404806,57.21161319896813,65.14032496307237,38.18296715853857
2017-12-07,6026.0,6077.0,5942.0,5971.0,269811,6003.6,61.96868008948546,59.03507179757059,63.63636363636363,72.94499372196282
2017-12-08,6024.0,6035.0,5751.0,5877.0,301352,6019.2,61.52125279642058,60.33201162946852,63.32819722650231,21.006140560536373
2017-12-11,6059.0,6105.0,6027.0,6027.0,259563,6036.3,69.21348314606742,61.65184766966995,65.58823529411765,91.34294007939806
2017-12-12,6107.0,6122.0,6047.0,6071.0,209424,6041.9,80.0,63.542141557595855,65.63876651982379,100.99746407438747
2017-12-13,6147.240234375,6195.0,6116.0,6116.0,208744,6044.6240234375,89.0427492977528,66.18807908716134,71.20894240018725,127.54614860415293
2017-12-14,6224.0,6261.0,6138.5,6151.0,257340,6061.0240234375,92.74509803921569,70.24273620318537,73.73333333333333,147.8582164858395
2017-12-15,6200.0,6223.0,5935.0,6206.0,263194,6078.5240234375,88.03921568627452,74.42479625118523,70.6896551724138,83.58765070571418
2017-12-18,6310.0,6323.0,6207.0,6207.0,308207,6104.7240234375,97.72727272727273,80.05283608024078,68.47360912981455,173.07725959991924
2017-12-19,6330.0,6369.0,6279.0,6291.0,255631,6137.5240234375,93.68932038834951,86.42878858768225,66.1042944785276,179.0000769444759
2017-12-20,6450.0,6480.0,6304.0,6304.0,274570,6187.7240234375,95.88477366255144,94.65682152884968,77.38764044943821,198.0810455094338
2017-12-21,6670.0,6684.0,6425.0,6434.0,534725,6252.1240234375,98.49946409431939,106.90860498876106,85.95317725752508,241.88253089401073
2017-12-22,6675.0,6675.0,6544.0,6675.0,190140,6317.2240234375,99.03536977491962,120.87624433035421,85.66552901023891,205.69385366761665
2017-12-27,6580.0,6655.0,6358.0,6358.0,338437,6369.3240234375,88.85316184351554,133.3959712349684,81.14224137931035,136.02008343772565
2017-12-28,6566.0,6608.0,6558.0,6608.0,202749,6415.2240234375,87.35262593783494,143.8244716775648,84.79729729729729,130.12094315525633
2017-12-29,6715.0,6722.0,6580.0,6586.0,83224,6472.0,99.27909371781668,154.44495557563204,85.9228362877998,136.41543010713906
2018-01-02,6864.0,6864.0,6734.0,6840.0,557900,6536.0,100.0,166.65422435124523,87.9746835443038,153.14524182501324
2018-01-03,6870.0,6924.0,6828.0,6874.0,519362,6603.0,94.53993933265926,178.93517047189496,87.65088207985144,143.37793768430834
2018-01-04,6814.0,6970.0,6780.0,6872.0,281652,6653.4,84.92753623188406,189.31597833303078,82.58064516129032,120.32729602740558
2018-01-05,6890.0,6894.0,6730.0,6830.0,333184,6709.4,92.27053140096618,198.74268344657565,83.13643960134465,103.76939088233044
2018-01-08,6820.0,6910.0,6802.0,6894.0,264100,6746.4,85.5072463768116,205.5074280891334,76.75044883303411,95.16381162600351
2018-01-09,6868.0,6896.0,6786.0,6796.0,250652,6766.2,86.63171690694627,210.54650735416533,79.34973637961336,88.3085803644621
2018-01-10,6892.0,6906.0,6816.0,6844.0,253551,6787.9,88.71201157742402,214.1428440339677,77.66159695817491,87.67848328237935
2018-01-11,6848.0,6914.0,6806.0,6842.0,174002,6814.7,81.68168168168168,215.45630254030542,74.07063197026022,78.07288264598259
2018-01-12,6894.0,6902.0,6794.0,6848.0,650565,6847.5,87.58169934640523,215.51287820701057,72.1556886227545,74.45610395176334
2018-01-15,6838.0,6898.0,6820.0,6888.0,196500,6859.8,78.43137254901961,213.39405353311125,60.023866348448685,65.63768909333653
2018-01-16,6754.0,6868.0,6702.0,6702.0,241772,6848.8,64.70588235294117,208.19626320747486,54.30752453653217,35.88909866442895
2018-01-17,6760.0,6806.0,6688.0,6752.0,188972,6837.8,49.029126213592235,200.9623187167204,60.869565217391305,19.800268337551863
2018-01-18,6714.0,6800.0,6648.0,6800.0,335119,6827.8,34.35897435897436,191.63943065710706,58.6046511627907,-2.475206543154355
2018-01-19,6792.0,6802.0,6702.0,6710.0,360537,6818.0,44.72049689440994,182.3036138528277,54.87959442332066,10.773448466328915
2018-01-22,6800.0,6946.0,6792.0,6810.0,419723,6816.0,47.20496894409938,173.16122102088443,45.06172839506173,56.002045736830304
2018-01-23,6938.0,6954.0,6794.0,6860.0,293449,6823.0,90.06211180124224,166.42636187898395,54.35897435897436,86.77729075349701
2018-01-24,6874.0,6984.0,6858.0,6950.0,405085,6821.2,67.26190476190476,160.15314869297293,53.80710659898477,89.9237815537371
2018-01-25,7080.0,7144.0,6602.0,6852.0,661159,6844.4,88.19188191881919,157.41972671483632,60.348583877995644,126.32136209163566
2018-01-26,7470.0,7470.0,7044.0,7068.0,437953,6902.0,100.0,162.91169860780556,76.25201938610662,458.7334386775258
2018-01-29,7426.0,7490.0,7388.0,7490.0,512397,6960.8,92.7927927927928,172.19798676837155,72.6094003241491,348.52443154330155
2018-01-30,7404.0,7516.0,7306.0,7384.0,466483,7025.8,87.74617067833698,182.63220509219158,70.77922077922078,227.93080755852122
2018-01-31,7434.0,7478.0,7240.0,7336.0,346148,7093.2,91.02844638949672,193.301321577504,74.05582922824303,164.83405373979355
2018-02-01,7268.0,7524.0,7260.0,7416.0,317513,7148.6,72.23427331887201,200.46936910252168,63.97608370702541,123.33387915506805
2018-02-02,7174.0,7330.0,7160.0,7270.0,258014,7186.8,62.039045553145336,203.11062819162152,62.2093023255814,70.14360835204027
2018-02-05,7260.0,7260.0,7020.0,7152.0,436279,7232.8,71.36659436008676,203.68527438700434,68.3599419448476,50.650892276210925
2018-02-06,6982.0,7128.0,6898.0,6950.0,519257,7237.2,41.21475054229935,198.0349161774801,56.72727272727273,-4.5794535185465115
2018-02-07,7160.0,7188.0,7008.0,7046.0,313691,7265.8,60.52060737527115,191.16757132702634,62.51402918069585,27.033896581874068
2018-02-08,6780.0,7184.0,6758.0,7112.0,522462,7235.8,19.305856832971802,177.399052764841,49.71209213051823,-38.56969846254919
2018-02-09,6638.0,6800.0,6636.0,6768.0,585263,7152.6,3.9045553145336225,157.35692532160562,46.34806131650135,-99.27384860240714
2018-02-12,6860.0,6874.0,6718.0,6738.0,435381,7096.0,27.982646420824295,137.61649488938787,48.305821025195485,-60.77861478537644
2018-02-13,6972.0,7010.0,6828.0,6896.0,397412,7052.8,40.130151843817785,120.57322703969199,52.08510638297872,-28.61418188481031
2018-02-14,7130.0,7138.0,6898.0,7052.0,410886,7022.4,55.630630630630634,108.35991165426255,51.08601216333623,3.143591311671734
2018-02-15,7286.0,7288.0,7162.0,7164.0,366737,7024.2,73.1981981981982,102.05607380702988,45.55125725338492,57.12655408148687
2018-02-16,7530.0,7532.0,7318.0,7354.0,420733,7059.8,99.77678571428571,103.44691064853433,52.29276895943563,114.05829837582027
2018-02-19,7490.0,7594.0,7442.0,7560.0,275684,7082.8,89.14405010438414,108.71375747613467,51.881014873140856,115.78286790084744
2018-02-20,7460.0,7530.0,7380.0,7520.0,296188,7130.6,86.0125260960334,115.40750233602094,50.56867891513561,90.30859952907805
2018-02-21,7480.0,7526.0,7402.0,7424.0,216071,7162.6,88.10020876826722,122.70075334921833,54.953271028037385,86.29778100438712
2018-02-22,7414.0,7484.0,7382.0,7450.0,200030,7226.0,81.21085594989562,128.65478764562434,55.68181818181818,67.08901884340482
2018-02-23,7332.0,7416.0,7268.0,7412.0,335494,7295.4,72.65135699373695,131.85581413899746,51.70777988614801,38.24622833182045
2018-02-26,7380.0,7446.0,7338.0,7388.0,162242,7347.4,77.66179540709813,133.62879147152603,60.59637912673057,55.501025171225606
2018-02-27,7482.0,7670.0,7450.0,7670.0,510948,7398.4,81.81818181818181,135.736536235731,58.93451720310766,98.63278655422896
2018-02-28,7452.0,7496.0,7414.0,7458.0,348405,7430.6,78.91682785299807,137.15561177577317,73.14049586776859,70.94247963649312
2018-03-01,7170.0,7498.0,7116.0,7480.0,451648,7419.0,47.47899159663866,133.25690182102005,66.70854271356785,12.059121711754782
2018-03-02,7080.0,7204.0,6912.0,7100.0,488334,7374.0,29.928741092636578,124.48986688864761,57.534246575342465,-46.28661623926352
2018-03-05,7102.0,7150.0,6954.0,7104.0,260668,7335.2,26.424870466321245,113.19830219607157,54.744525547445264,-42.353832428741526
2018-03-06,7258.0,7300.0,7110.0,7138.0,311477,7315.0,45.64643799472295,103.14722069820124,54.67836257309942,0.4318607933599145
2018-03-07,7350.0,7386.0,7176.0,7246.0,274778,7302.0,57.78364116094987,95.63325722266003,52.45398773006136,23.537833621813647
2018-03-08,7416.0,7428.0,7334.0,7366.0,260278,7302.2,66.49076517150395,90.93842846815667,44.93783303730019,47.46326905417801
2018-03-09,7556.0,7572.0,7342.0,7394.0,343052,7324.6,84.96042216358839,90.28304058241868,52.69168026101142,77.22226617092505
2018-03-12,7626.0,7688.0,7544.0,7554.0,214976,7349.2,92.01030927835052,93.10488829713655,56.55608214849921,124.7989236933698
2018-03-13,7510.0,7616.0,7480.0,7616.0,228885,7352.0,77.0618556701031,95.89535687656027,51.10132158590309,83.77546341782909
2018-03-14,7514.0,7582.0,7454.0,7482.0,164440,7358.2,77.57731958762886,98.36512939579222,53.846153846153854,71.01896779885321
2018-03-15,7730.0,7770.0,7504.0,7504.0,270632,7414.2,95.33799533799534,103.72638609988817,63.87726638772664,140.3033586132178
2018-03-16,7630.0,7758.0,7580.0,7758.0,188238,7469.2,83.68298368298369,108.78706812716038,58.411843876177656,120.7985333061723
2018-03-19,7570.0,7712.0,7554.0,7626.0,267272,7516.0,76.68997668997669,112.18885376496016,53.04709141274238,92.82846234860527
2018-03-20,7608.0,7642.0,7546.0,7596.0,281614,7551.0,81.11888111888112,114.72311477475012,55.371900826446286,79.1536790403323
2018-03-21,7372.0,7654.0,7370.0,7618.0,286252,7553.2,53.613053613053616,112.55405865473377,57.18349928876245,16.298608155609383
2018-03-22,7112.0,7400.0,6972.0,7310.0,577175,7522.8,19.362745098039216,103.14607836698848,51.01522842639594,-109.81602102616884
2018-03-23,7142.0,7194.0,6962.0,7038.0,412317,7481.4,22.277227722772277,89.93760422653803,51.26262626262627,-121.01696924201468
2018-03-26,6950.0,7206.0,6902.0,7180.0,353292,7413.8,5.529953917050691,71.77123035163712,40.49382716049382,-129.3756301141828
2018-03-27,7102.0,7110.0,6972.0,7018.0,518089,7373.0,23.04147465437788,53.71114238396642,42.61904761904762,-100.30477517990626
2018-03-28,6972.0,7044.0,6850.0,7044.0,403232,7318.8,13.26086956521739,34.46791938577893,37.27064220183487,-117.8840535137629
2018-03-29,6960.0,7026.0,6952.0,7006.0,272363,7241.8,11.956521739130435,15.22187946720495,31.55940594059406,-99.6823563384348
2018-04-03,6964.0,6994.0,6888.0,6932.0,298196,7175.2,12.391304347826088,-2.9878929059475325,28.64516129032259,-104.22006290193829
2018-04-04,6908.0,6962.0,6836.0,6940.0,295277,7109.0,7.708779443254818,-20.480203780571525,29.798657718120808,-111.10506507051171
2018-04-05,6980.0,7012.0,6962.0,6978.0,400182,7046.2,15.417558886509635,-35.41045137088268,32.86264441591784,-81.24692540714082
2018-04-06,7000.0,7114.0,6872.0,6910.0,659399,7009.0,17.787418655097614,-47.5523831796915,23.201174743024964,-70.4197772610451
2018-04-09,6970.0,7062.0,6964.0,7016.0,456819,6994.8,15.296803652968036,-57.68040352480707,24.45820433436532,-63.21152774460619
2018-04-10,7030.0,7054.0,6918.0,7026.0,443306,6983.6,23.716381418092908,-64.9264853537333,29.10216718266254,-57.52789450804209
2018-04-11,6860.0,7138.0,6178.0,6550.0,2205414,6974.6,46.205962059620596,-72.55064248893626,23.735955056179776,-116.06940232303862
2018-04-12,6524.0,6846.0,6450.0,6846.0,980438,6916.8,28.314238952536826,-85.20742515719334,22.178477690288716,-136.43317027249637
2018-04-13,6298.0,6516.0,6284.0,6516.0,835541,6849.4,11.673151750972762,-103.76656359767318,22.68456375838926,-183.62534547021983
2018-04-16,6154.0,6314.0,6100.0,6298.0,997201,6768.8,4.882459312839059,-127.113214493156,19.201995012468828,-216.76977386319967
2018-04-17,6234.0,6238.0,6018.0,6178.0,896138,6695.8,19.285714285714285,-150.67064542291013,26.00536193029491,-192.37709172701906
2018-04-18,6152.0,6290.0,6094.0,6290.0,1175716,6620.2,11.964285714285714,-174.0901229683164,16.596343178621666,-154.11195577055955
2018-04-19,6086.0,6186.0,6030.0,6180.0,466451,6530.8,6.071428571428571,-196.85165114116813,17.378497790868934,-143.08085386961181
2018-04-20,6070.0,6128.0,6022.0,6098.0,417262,6437.8,4.642857142857143,-217.8141983987624,17.327459618208522,-127.85423937053179
2018-04-23,5934.0,6090.0,5924.0,6066.0,702776,6334.2,0.8237232289950577,-238.22364585688254,15.528781793842043,-124.17232571933505
2018-04-24,5954.0,6126.0,5738.0,5876.0,897343,6226.6,15.428571428571429,-256.3544759195633,17.28395061728395,-115.0777273352593
2018-04-25,6004.0,6062.0,5952.0,5968.0,779750,6141.0,19.0,-270.7246601677552,16.016713091922,-91.48679862515611
2018-04-26,5978.0,6034.0,5934.0,5994.0,523521,6086.4,17.142857142857142,-281.7822142236722,14.5631067961165,-85.74714532161335
2018-04-27,5896.0,6028.0,5874.0,6000.0,405373,6046.2,11.285714285714286,-290.8498440393946,14.05622489959839,-85.26718746157556
2018-04-30,5846.0,6014.0,5828.0,5918.0,876094,6015.4,7.714285714285714,-298.3297029243944,10.107816711590289,-84.33168898285182
2018-05-01,5890.0,5950.0,5838.0,5838.0,343111,5981.0,13.71841155234657,-303.0403231467661,14.285714285714292,-79.22742478814787
2018-05-02,5930.0,5994.0,5852.0,5886.0,606860,5958.8,24.67866323907455,-304.43943289509997,22.033898305084747,-68.84839951709168
2018-05-03,6070.0,6086.0,5900.0,5900.0,658422,5957.2,57.638888888888886,-300.76211110504715,38.31967213114754,-47.90668610706087
2018-05-04,5954.0,6102.0,5926.0,6094.0,423548,5945.6,39.130434782608695,-295.26096621986005,39.45147679324894,-50.437569333169044
2018-05-08,6196.0,6212.0,6016.0,6020.0,944614,5971.8,82.97101449275362,-284.37113532892374,48.288288288288285,-4.486260826219594
2018-05-09,6276.0,6292.0,6100.0,6200.0,500961,6004.0,97.11191335740072,-268.750150759541,55.5956678700361,42.53751339764188
2018-05-10,6296.0,6502.0,6272.0,6318.0,467046,6033.2,73.03664921465969,-250.05102427053066,59.887005649717516,119.59004753966819
2018-05-11,6284.0,6344.0,6234.0,6312.0,237526,6063.8,71.46596858638743,-230.02435329623057,60.11342155009452,108.06107111779122
2018-05-14,6350.0,6360.0,6224.0,6298.0,307692,6109.2,80.10471204188482,-208.6381708590428,71.05263157894737,125.13618396765798
2018-05-15,6240.0,6388.0,6188.0,6384.0,494340,6148.6,61.12759643916914,-188.8004291578144,63.26530612244898,98.041769788546
2018-05-16,6268.0,6300.0,6218.0,6262.0,221721,6186.4,65.28189910979229,-170.09610929672118,62.50000000000001,86.5885253959132
2018-05-17,6418.0,6456.0,6220.0,6282.0,309505,6235.2,87.53709198813057,-150.30186180838123,68.64406779661017,123.76398495891574
2018-05-18,6344.0,6430.0,6260.0,6406.0,262452,6262.6,76.55786350148368,-131.70017439509678,69.11262798634812,99.51600577396601
2018-05-21,6412.0,6494.0,6328.0,6350.0,290133,6308.4,86.44578313253012,-113.43602010261161,73.78151260504202,111.28516415377602
2018-05-22,6598.0,6690.0,6294.0,6408.0,574439,6348.6,89.02147971360382,-93.11479717615352,76.57657657657658,136.90651003426336
2018-05-23,6474.0,6594.0,6446.0,6594.0,312149,6368.4,72.65822784810126,-74.33563568739311,69.2090395480226,115.70247933884332
2018-05-24,6514.0,6586.0,6412.0,6518.0,233296,6390.2,76.96335078534031,-56.699840520959555,66.86930091185411,105.2376218877213
2018-05-25,6632.0,6686.0,6506.0,6528.0,339327,6425.0,91.3946587537092,-38.693331250701405,75.72078907435508,130.371312189494
2018-05-29,6600.0,6666.0,6548.0,6618.0,302049,6450.0,84.7457627118644,-21.820747914149013,68.23104693140795,121.18338014810489
2018-05-30,6606.0,6648.0,6534.0,6596.0,315209,6486.6,83.26693227091633,-6.397915690065375,65.95744680851064,109.8421399928936
2018-05-31,6622.0,6644.0,6590.0,6602.0,184073,6522.0,86.45418326693228,7.577603072154387,65.8252427184466,110.45261867930994
2018-06-01,6602.0,6684.0,6544.0,6582.0,314044,6540.4,82.47011952191235,19.576994799352462,65.31791907514452,97.72535804549285
2018-06-04,6568.0,6718.0,6568.0,6586.0,291636,6562.8,71.69811320754717,29.12169036893033,60.834990059642145,91.93842562194517
2018-06-05,6580.0,6672.0,6556.0,6592.0,536032,6579.6,72.4,36.75255999705005,68.72246696035242,77.66745468873158
2018-06-06,6604.0,6704.0,6576.0,6576.0,327731,6580.2,77.10843373493977,43.0829972711076,68.58407079646018,82.72018953234218
2018-06-07,6732.0,6798.0,6644.0,6706.0,535009,6606.0,87.73234200743494,50.21046713333252,67.80045351473923,122.14199759326104
2018-06-08,6626.0,6734.0,6584.0,6734.0,265492,6617.2,65.87301587301587,55.658259930671946,65.42669584245075,76.82566483748425
2018-06-11,6720.0,6746.0,6628.0,6662.0,234783,6626.0,84.52380952380952,61.14054005083077,66.38297872340425,96.55121700125004
2018-06-12,6760.0,6844.0,6712.0,6748.0,335522,6642.0,80.55555555555556,66.85587095380646,60.2015113350126,128.0206917384079
2018-06-13,6772.0,6836.0,6732.0,6760.0,310186,6658.6,83.33333333333333,72.4567414204344,71.8475073313783,128.67877591718795
2018-06-14,6834.0,6870.0,6726.0,6770.0,180557,6679.8,90.10989010989012,78.51629363715114,72.72727272727272,150.01834688635563
2018-06-15,6700.0,6896.0,6674.0,6846.0,423593,6689.6,45.85635359116022,82.22884069524184,54.72222222222222,105.89181118640197
2018-06-18,6650.0,6742.0,6560.0,6726.0,296202,6697.8,32.04419889502763,83.29057557862362,53.38753387533875,14.70588235294116
2018-06-19,6548.0,6594.0,6476.0,6588.0,211737,6694.6,17.142857142857142,80.81798835159782,46.52278177458034,-93.34074623177744
2018-06-20,6640.0,6660.0,6574.0,6574.0,192893,6698.2,39.04761904761905,77.5433793297182,50.989010989011,-19.853709508882524
2018-06-21,6606.0,6698.0,6522.0,6664.0,398007,6685.6,30.952380952380953,73.21855181117465,50.21645021645023,-43.12257348862948
2018-06-22,6234.0,6502.0,6138.0,6472.0,1012659,6646.4,12.664907651715039,62.36025966478557,36.76703645007924,-320.5954573357891
2018-06-25,6194.0,6394.0,6166.0,6188.0,656334,6593.8,7.387862796833773,47.195819796560805,35.03875968992247,-281.8366311517
2018-06-26,6194.0,6306.0,6098.0,6100.0,466004,6537.2,12.030075187969924,30.019746136126074,33.80726698262244,-237.27746631257918
2018-06-27,6176.0,6260.0,6140.0,6250.0,391641,6477.6,9.774436090225564,12.127616988958664,25.951557093425606,-181.10749185667711
2018-06-28,5984.0,6300.0,5984.0,6184.0,754033,6392.6,0.0,-8.36627604528708,24.154589371980677,-175.715472325002
2018-06-29,6102.0,6178.0,5990.0,6012.0,496497,6332.8,12.93859649122807,-27.514891023951133,25.59241706161137,-142.04925640527512
2018-07-02,6120.0,6164.0,6002.0,6072.0,343421,6279.8,14.912280701754385,-44.46661825146258,24.276527331189712,-117.56102723975039
2018-07-03,6250.0,6334.0,6112.0,6202.0,664173,6250.0,29.166666666666668,-56.97731875293147,30.837004405286336,-69.1010106548238
2018-07-04,6192.0,6282.0,6166.0,6282.0,210665,6205.2,22.80701754385965,-66.8441314368541,26.36229749631812,-66.24271330153702
2018-07-05,6240.0,6290.0,6184.0,6184.0,339866,6168.6,33.773087071240106,-73.61840856979714,31.918238993710688,-53.64291433146515
2018-07-06,6214.0,6278.0,6150.0,6262.0,246731,6166.6,32.212885154061624,-78.34624910069599,32.532051282051285,-54.555944665834815
2018-07-09,6330.0,6380.0,6244.0,6356.0,198909,6180.2,48.4593837535014,-79.51430240225343,41.36291600633915,-22.725986302145294
2018-07-10,6558.0,6580.0,6336.0,6336.0,307116,6216.6,80.3921568627451,-74.57108273194319,47.06723891273248,32.634316833292665
2018-07-11,6500.0,6556.0,6324.0,6550.0,272520,6249.0,86.57718120805369,-66.81196084493013,46.27285513361463,30.651340996168656
2018-07-12,5820.0,6184.0,5736.0,5984.0,2713958,6232.6,9.95260663507109,-68.39135686780428,38.03468208092486,-146.41460932897758
2018-07-13,5750.0,5928.0,5706.0,5854.0,964949,6197.4,5.034324942791762,-76.70209183045084,37.38636363636363,-179.89021956087834
2018-07-16,5901.2587890625,5920.0,5714.0,5864.0,652079,6175.52587890625,22.340822547196797,-86.20817195327635,42.341664754852644,-152.28565690714692
2018-07-17,6056.0,6072.0,5850.0,5976.0,759275,6156.12587890625,40.045766590389015,-93.29985533013837,47.07031250000001,-86.48515308162705
2018-07-18,6090.0,6176.0,6024.0,6096.0,298983,6145.92587890625,43.93592677345538,-97.75138445483408,52.804232804232804,-36.8026650389934
2018-07-19,6072.0,6128.0,5968.0,6082.0,276131,6129.12587890625,41.87643020594966,-100.37914383897456,49.16201117318436,-46.184653314534884
2018-07-20,6094.0,6130.0,6024.0,6064.0,290951,6117.12587890625,44.39359267734554,-101.14626666852394,49.275362318840585,-29.33763202951039
2018-07-23,6134.0,6158.0,6056.0,6066.0,277591,6097.52587890625,48.97025171624714,-99.8382552661401,46.5962441314554,-10.272500094899751
2018-07-24,6168.0,6216.0,6102.0,6188.0,513196,6058.52587890625,52.860411899313505,-96.52815632690617,49.285714285714285,13.943158647997748
2018-07-25,6210.0,6220.0,6100.0,6140.0,261316,6029.52587890625,57.66590389016018,-91.24661589853662,49.10394265232975,21.9441735861151
2018-07-26,6170.0,6298.0,6120.0,6170.0,474625,6064.52587890625,53.089244851258584,-85.43648835778326,48.69668246445498,28.924131260189775
2018-07-27,6228.0,6296.0,6150.0,6162.0,380705,6112.32587890625,59.725400457665906,-78.47954597754054,46.87116564417178,39.74437718086602
2018-07-30,6106.0,6218.0,6106.0,6202.0,293116,6132.8,47.05882352941177,-72.93606467515167,35.170603674540686,-2.568695801897549
2018-07-31,6070.0,6168.0,6070.0,6102.0,177145,6134.2,61.486486486486484,-68.97723477262525,35.685752330226364,-20.459208553862982
2018-08-01,5998.0,6112.0,5868.0,6070.0,462293,6125.0,49.32432432432432,-67.21066695089121,59.955257270693515,-69.99814659390714
2018-08-02,6022.0,6084.0,5888.0,6082.0,349056,6120.0,52.73972602739726,-66.37468024634673,66.0377358490566,-61.177757717431845
2018-08-03,6100.0,6142.0,5974.0,6068.0,406131,6120.6,55.80357142857143,-64.7700617952161,62.82629658341054,-20.647502798323114
2018-08-06,6076.0,6120.0,6028.0,6070.0,369464,6114.8,48.372093023255815,-63.00307851734935,51.552795031055894,-14.100515571687051
2018-08-07,6080.0,6180.0,6042.0,6080.0,450595,6106.0,49.30232558139535,-61.01954187086989,49.185667752443,14.028901624753887
2018-08-08,6106.0,6138.0,5990.0,5990.0,293725,6095.6,55.348837209302324,-58.45036334320444,52.73311897106109,13.651848049317579
2018-08-09,6222.0,6242.0,6078.0,6108.0,395033,6100.8,82.32558139534883,-53.664863961902554,58.93854748603352,92.23154160203053
2018-08-10,6172.0,6284.0,6090.0,6248.0,409062,6095.2,70.69767441860465,-48.416489109507765,52.61707988980716,90.45289253845992
2018-08-13,6112.0,6174.0,6072.0,6160.0,179738,6095.8,56.74418604651163,-44.00003534644647,46.27659574468085,14.929407606096015
2018-08-14,6130.0,6150.0,6050.0,6050.0,126539,6101.8,60.93023255813954,-39.94906694126686,44.5054945054945,-4.476131146028351
2018-08-15,6100.0,6152.0,6064.0,6110.0,307382,6112.0,54.205607476635514,-36.727116609695045,45.12534818941504,-11.630611770178716
2018-08-16,6118.0,6192.0,6106.0,6156.0,130199,6121.6,60.09615384615385,-33.822790691248166,41.88790560471976,30.036946403723615
2018-08-17,6122.0,6176.0,6080.0,6086.0,235260,6123.8,61.05769230769231,-31.12888851990644,51.42857142857143,8.93231672711946
2018-08-20,6120.0,6164.0,6084.0,6098.0,115311,6128.2,60.57692307692308,-28.669054478194063,54.75285171102662,3.508771929824739
2018-08-21,6120.0,6134.0,6080.0,6082.0,197541,6132.2,58.58585858585859,-26.419535796320435,63.436123348017624,-9.92032896427803
2018-08-22,5958.0,6140.0,5958.0,6076.0,254655,6117.4,0.0,-26.944162112378276,44.5945945945946,-136.282127913927
2018-08-23,5880.0,6046.0,5880.0,5922.0,427534,6083.2,0.0,-30.3631002393751,31.41891891891892,-211.73385775155768
2018-08-24,5980.0,5980.0,5814.0,5842.0,508821,6064.0,35.319148936170215,-33.752265308475344,42.81437125748503,-186.88069758224316
2018-08-28,6120.0,6130.0,5974.0,6012.0,467642,6064.8,65.1063829787234,-34.63455709479632,52.48756218905472,-4.635377866069869
2018-08-29,5900.0,6118.0,5862.0,6106.0,686325,6041.8,18.29787234042553,-37.33037042882247,39.67935871743487,-123.98781665552286
2018-08-30,6100.0,6110.0,5812.0,5890.0,529873,6041.8,61.016949152542374,-37.745578289361326,44.36229205175601,-73.31821617535932
2018-08-31,6114.0,6194.0,6054.0,6094.0,273172,6041.4,79.05759162303664,-36.40018930821197,47.22753346080306,50.828553218611084
2018-09-03,6168.0,6256.0,6090.0,6140.0,502283,6046.0,80.18018018018019,-33.07731799268982,52.69230769230769,99.45145776976194
2018-09-04,6192.0,6230.0,6102.0,6170.0,289198,6053.2,85.58558558558559,-28.23089358386115,52.96367112810707,93.37863833306373
2018-09-05,5948.0,6158.0,5890.0,6118.0,460089,6036.0,30.63063063063063,-26.512126764000975,43.96825396825397,-84.33333333333329
2018-09-06,5978.0,6026.0,5900.0,5900.0,304124,6038.0,37.387387387387385,-26.304756746554716,44.49685534591195,-99.6360327570519
2018-09-07,5852.0,6038.0,5792.0,5960.0,284880,6035.2,12.931034482758621,-29.00587419194278,40.31563845050215,-141.2075681691712
2018-09-10,5902.0,5902.0,5682.0,5682.0,363052,6027.4,38.32752613240418,-32.5245471401081,42.441054091539534,-165.36383857642247
2018-09-11,5976.0,6012.0,5868.0,5936.0,239297,6013.0,51.21951219512195,-35.11643658585945,45.25065963060686,-64.20311714429351
2018-09-12,5990.0,6094.0,5958.0,6010.0,125961,6022.0,53.65853658536585,-36.68816567377162,51.16959064327485,-14.306151645207901
2018-09-13,5918.0,6102.0,5886.0,6102.0,132781,6003.8,41.11498257839721,-38.60318357512748,51.395007342143906,-45.321637426900246
2018-09-14,5986.0,5992.0,5874.0,5936.0,177471,5991.0,52.961672473867594,-39.46009510244506,50.22556390977444,-55.13425457813728
2018-09-17,6046.0,6102.0,5876.0,6102.0,181668,5978.8,63.41463414634146,-38.56168283924117,47.04,-2.0190895741554824
2018-09-18,5722.0,5798.0,5642.0,5700.0,1108730,5931.8,13.029315960912053,-41.69150477961805,43.42688330871492,-224.99652052887976
2018-09-19,5816.0,5846.0,5758.0,5778.0,286727,5918.6,28.338762214983714,-45.58733696860216,38.621794871794876,-137.722099402276
2018-09-20,5870.0,5872.0,5768.0,5822.0,330853,5907.8,37.13355048859935,-48.793622356564654,40.52795031055901,-101.45383104125698
2018-09-21,5866.0,5950.0,5828.0,5870.0,269952,5909.2,38.095238095238095,-51.35224151874796,37.802907915993536,-62.24930185326246
2018-09-24,5696.0,5940.0,5696.0,5836.0,319227,5888.6,10.465116279069768,-55.965997559932376,32.08092485549133,-124.73629614089079
2018-09-25,5800.0,5854.0,5700.0,5700.0,357308,5871.0,34.34782608695652,-59.8391957782521,44.051446945337624,-104.39731448134773
2018-09-26,5986.0,5994.0,5836.0,5900.0,695833,5870.6,74.78260869565217,-59.94128025050356,50.28571428571428,-0.9851334408021509
2018-09-27,5698.0,5716.0,5650.0,5680.0,3662273,5848.6,12.173913043478262,-62.13260574091806,45.070422535211264,-143.19640240513385
2018-09-28,5762.0,5762.0,5650.0,5714.0,480316,5826.2,26.08695652173913,-64.35585872529118,45.558375634517766,-108.81017257039046
2018-10-01,5830.0,5882.0,5708.0,5882.0,482238,5804.6,40.869565217391305,-65.25099634436006,45.35031847133757,-52.66180693616054
2018-10-02,5532.0,5830.0,5420.0,5794.0,906207,5785.6,16.422287390029325,-69.87246812401784,37.64832793959007,-174.87537387836522
2018-10-03,5626.0,5656.0,5536.0,5602.0,353361,5766.6,30.205278592375368,-74.92830018881689,42.21748400852878,-148.6428632588404
2018-10-04,5634.0,5660.0,5554.0,5638.0,548433,5743.0,31.378299120234605,-79.69293371397985,40.308370044052865,-126.54665839023389
2018-10-05,5596.0,5662.0,5534.0,5652.0,399867,5716.0,30.662020905923345,-84.44991116349019,37.458193979933114,-121.82175430364558
2018-10-08,5404.0,5706.0,5382.0,5706.0,400770,5686.8,3.5947712418300655,-91.82349074791395,40.43321299638989,-151.79005908932902
2018-10-09,5148.0,5426.0,5000.0,5392.0,1444926,5621.6,14.88933601609658,-104.32561680734969,31.68859649122807,-245.4507540004824
2018-10-10,4946.0,5166.0,4901.0,5124.0,1112845,5517.6,4.117108874656908,-122.37184717323328,26.57200811359027,-256.8841783916191
2018-10-11,4810.0,4969.0,4500.0,4500.0,727354,5428.8,20.74966532797858,-144.83789187230113,24.90494296577947,-260.69135802469094
2018-10-12,5006.0,5054.0,4877.0,4931.0,796366,5353.2,33.86880856760375,-165.43930300253658,33.80281690140845,-161.69556840077033
2018-10-15,4974.0,5140.0,4897.0,5140.0,660560,5267.6,31.72690763052209,-183.9255095961865,29.931972789115648,-127.46145143553349
2018-10-16,5000.0,5052.0,4800.0,4800.0,635045,5214.4,36.1794500723589,-199.28285121248905,24.025289778714424,-117.49501146829705
2018-10-17,5844.0,5900.0,5500.0,5556.0,1940437,5236.2,96.0,-197.95429065863118,52.974735126324376,53.338479903358746
2018-10-18,6050.0,6138.0,5714.0,5872.0,1169376,5277.8,94.62759462759463,-182.49918766667852,55.54699537750385,97.53657797783836
2018-10-19,5736.0,6152.0,5734.0,6152.0,847840,5291.8,74.818401937046,-163.59375763352284,48.34623504574243,77.95320833465514
2018-10-22,5920.0,5932.0,5736.0,5736.0,461125,5343.4,85.95641646489103,-140.2083075360898,57.11143695014663,73.95301898586108
2018-10-23,5782.0,5990.0,5726.0,5828.0,639987,5406.8,77.60290556900726,-117.12291789912076,52.81385281385281,66.8118645421925
2018-10-24,5882.0,5992.0,5814.0,5816.0,424378,5500.4,83.65617433414043,-93.57338620033684,54.32960893854748,80.83367360115041
2018-10-25,5842.0,5892.0,5756.0,5842.0,619773,5603.6,81.23486682808716,-71.39234857761596,54.291695743196094,64.51967616455684
2018-10-26,5420.0,5890.0,5376.0,5764.0,983632,5645.0,55.69007263922518,-57.801869103413175,50.258397932816536,11.13722856503264
2018-10-29,5560.0,5592.0,5426.0,5426.0,590533,5703.6,64.16464891041163,-47.9428600557533,56.91275167785235,6.729999350803999
2018-10-30,5532.0,5866.0,5468.0,5798.0,708114,5756.8,62.469733656174334,-41.27694209718668,60.44191019244476,27.12734963420158
2018-10-31,5456.0,5660.0,5340.0,5660.0,1089530,5718.0,48.5207100591716,-38.08028731913413,61.76256372906045,-1.075550129356916
2018-11-01,5662.0,5714.0,5442.0,5442.0,596127,5679.2,63.75739644970414,-33.852271053257894,61.90130624092888,25.369871186243223
2018-11-02,5692.0,5918.0,5620.0,5620.0,446550,5674.8,65.97633136094674,-28.643668334755933,63.035584604212055,52.867345040287326
2018-11-05,5568.0,5800.0,5546.0,5702.0,347479,5639.6,28.07881773399015,-25.00655945037078,59.95792426367461,28.296404306801424
2018-11-06,5344.0,5636.0,5338.0,5576.0,622844,5595.8,0.7371007371007371,-26.0618898805671,38.79928315412186,-17.185383144962287
2018-11-07,5650.0,5664.0,5364.0,5566.0,1012195,5572.6,38.32923832923833,-25.061576599617688,41.42367066895369,3.771658383604668
2018-11-08,5700.0,5728.0,5590.0,5656.0,410242,5558.4,55.35168195718654,-21.97042253985823,49.129593810444874,24.92371316148738
2018-11-09,5700.0,5742.0,5628.0,5650.0,480224,5586.4,55.35168195718654,-17.680738352832336,44.161358811040344,22.95457980317032
2018-11-12,5500.0,5716.0,5464.0,5650.0,910441,5580.4,24.770642201834864,-16.01529624660524,42.75436793422406,-39.25364758698081
2018-11-13,5550.0,5596.0,5468.0,5490.0,1192035,5582.2,36.55172413793103,-15.247760566398238,41.244725738396625,-74.15382774915183
2018-11-14,5500.0,5570.0,5358.0,5494.0,618736,5586.6,27.93103448275862,-15.846218794416549,41.028331584470095,-95.51140908603588
2018-11-15,5312.0,5720.0,5252.0,5506.0,601453,5551.6,9.00900900900901,-20.232796832630143,46.770334928229666,-112.83294679879111
2018-11-16,5070.0,5430.0,5066.0,5390.0,782588,5489.4,0.4694835680751174,-30.57859733487131,36.18940248027057,-212.14421892662494
2018-11-19,4788.0,5092.0,4726.0,5068.0,1788362,5411.4,5.201342281879195,-48.54662956069366,31.65680473372781,-303.42106035266863
2018-11-20,4708.0,4801.0,4617.0,4789.0,855905,5347.8,6.994619523443505,-71.51592071125725,31.59448818897637,-275.62443174250194
2018-11-21,4853.0,4853.0,4635.0,4776.0,992350,5268.1,18.13989239046887,-93.93942630542101,29.47742262810756,-196.1330171402201
2018-11-22,4950.0,4990.0,4820.0,4877.0,457323,5193.1,28.148774302620456,-113.08368156800374,31.795878312070656,-126.30772094653054
2018-11-23,5016.0,5024.0,4883.0,4932.0,364041,5124.7,35.46666666666667,-127.85826071937927,36.060606060606055,-94.9498815817804
2018-11-26,4901.0,5048.0,4790.0,5048.0,360996,5064.8,25.244444444444444,-140.66284668150575,38.161411010155,-94.06480590311209
2018-11-27,4880.0,4916.0,4757.0,4889.0,482190,4997.8,23.377777777777776,-151.5758851772986,25.72509457755359,-93.62588394846468
2018-11-28,4985.0,4995.0,4839.0,4857.0,394386,4946.3,32.71111111111111,-158.71057307748518,28.214503351614866,-67.11566226851268
2018-11-29,5000.0,5238.0,4863.0,5024.0,604586,4915.1,34.72348141432457,-162.50200215471216,28.86473429951691,-43.14043993231803
2018-11-30,4958.0,5034.0,4932.0,5026.0,392793,4903.9,30.915684496826835,-164.2988989305265,31.90921228304407,-49.602139894920846
2018-12-03,5074.0,5168.0,5008.0,5032.0,380101,4932.5,41.4324569356301,-162.5262825264828,34.78260869565217,-21.969860594830724
2018-12-04,4765.0,5064.0,4753.0,5050.0,675011,4938.2,13.41795104261106,-163.16877215162543,29.840921557871624,-66.64983396838511
2018-12-05,4676.0,4807.0,4676.0,4726.0,492883,4920.5,7.2570725707257075,-166.33937146222993,31.55452436194895,-93.04316831840879
2018-12-06,4615.0,4781.0,4547.0,4680.0,521615,4887.0,9.84081041968162,-171.52243118969102,35.25599481529488,-106.83059397601868
2018-12-07,4588.0,4728.0,4588.0,4623.0,374809,4844.2,5.933429811866859,-177.73499247775445,42.23602484472049,-108.65494159466836
2018-12-10,4504.0,4601.0,4404.0,4549.0,460265,4804.5,11.990407673860911,-185.20222961097437,42.10526315789473,-144.02441109828558
2018-12-11,4259.0,4516.0,4052.0,4502.0,1768928,4742.4,17.45362563237774,-196.5511469122695,28.66379310344827,-200.39202874877515
2018-12-12,4175.0,4299.0,4120.0,4299.0,1284188,4661.4,10.370994940978077,-210.63028826229086,21.899927483683825,-195.95896474509206
2018-12-13,4173.0,4201.0,4008.0,4048.0,841358,4578.7,13.414634146341463,-225.2344690974107,17.94676806083649,-186.13954582892111
2018-12-14,4186.0,4239.0,4098.0,4127.0,435086,4501.5,14.471544715447154,-238.68139689571433,20.52761747732893,-148.26360025861257
2018-12-17,2614.0,2875.0,2377.0,2721.0,4224793,4255.5,8.283816847256205,-275.23440943161086,9.008683068017362,-357.5944115028891
2018-12-18,2600.0,2760.0,2587.0,2619.0,2102098,4039.0,7.794477455435162,-323.9497458537315,5.387205387205384,-250.10166183208182
2018-12-19,2281.0,2567.0,2281.0,2565.0,2743859,3799.5,0.0,-382.08556452120627,4.333221363789065,-214.97819797423207
2018-12-20,2128.0,2334.0,2128.0,2300.0,1664182,3550.8,0.0,-444.64855862708384,4.17746113989638,-185.87764593028362
2018-12-21,2307.0,2320.0,2114.0,2122.0,2201456,3322.7,6.5423728813559325,-502.8374805335278,6.093303713106948,-146.89507211935177
2018-12-24,2291.0,2317.0,2244.0,2277.0,499041,3101.4,6.572595618269588,-554.3436616098271,6.717984604618607,-119.00518232245692
2018-12-27,2211.0,2379.0,2198.0,2379.0,859730,2896.6,3.637045369328834,-598.9740830173981,6.739206739206736,-102.6650399891555
2018-12-28,2216.0,2250.0,2165.0,2250.0,830909,2700.7,3.9020657995409334,-635.5103558567828,7.053347654851407,-92.33822111223753
2018-12-31,2277.0,2295.0,2192.0,2226.0,294935,2511.1,6.554081222356253,-662.6364053630303,9.126282278033258,-79.54151713114362
2019-01-02,2370.0,2408.0,2244.0,2290.0,1447555,2329.5,10.657785179017486,-679.448273762453,12.37658674188998,-66.89112325217191
2019-01-03,2504.0,2566.0,2450.0,2450.0,1880332,2318.5,17.848970251716246,-685.2276155491668,17.79816513761469,-51.14612162655203
2019-01-04,2800.0,2800.0,2488.0,2522.0,1853428,2338.5,32.28235294117647,-677.5047412785847,26.591760299625463,-34.351319743397845
2019-01-07,3189.0,3199.0,2809.0,2850.0,2300279,2429.3,50.588235294117645,-653.9733472386316,35.1985559566787,-3.6469355663683545
2019-01-08,3017.0,3257.0,2991.0,3160.0,1816495,2518.2,79.00262467191601,-623.0206558291133,33.2184898076371,4.513380223370206
2019-01-09,3000.0,3150.0,2957.0,3150.0,846334,2587.5,77.51531058617672,-587.8902652058271,60.010373443983404,7.814128622055456
2019-01-10,2890.0,3029.0,2890.0,3029.0,849288,2647.4,67.8915135608049,-552.3980317001332,57.16403162055335,6.682835426205483
2019-01-11,2853.0,3018.0,2841.0,2960.0,804659,2711.6,64.65441819772528,-517.8708501517469,66.41791044776119,12.546503098742502
2019-01-14,2895.0,2917.0,2819.0,2827.0,1011390,2779.5,68.32895888013998,-483.9080984921828,73.51318209687308,20.978511088195198
2019-01-15,2860.0,2992.0,2669.0,2992.0,1032066,2837.8,63.64468864468864,-451.53498423228564,68.59448554135844,30.740320690162395
2019-01-16,2900.0,2930.0,2825.0,2847.0,568197,2890.8,67.3076923076923,-420.187959838266,70.15221707478491,63.494851900649046
2019-01-17,2881.0,2930.0,2843.0,2900.0,380043,2928.5,65.56776556776556,-390.4727720581279,73.10344827586206,57.934674035468376
2019-01-18,3029.0,3074.0,2873.0,2873.0,628007,2951.4,78.59154929577464,-360.0868871058017,75.51789077212806,74.34483348296358
2019-01-21,3031.0,3033.0,2915.0,3017.0,780705,2935.6,77.69002961500493,-330.0208807732953,74.57627118644068,68.43290863177225
2019-01-22,3043.0,3133.0,2965.0,3001.0,830718,2938.2,73.4820322180917,-300.7878405611873,73.15898141775637,74.74589345675643
2019-01-23,3094.0,3120.0,2994.0,3033.0,868450,2947.6,78.8036410923277,-272.1101001038984,71.53284671532847,75.15825974759092
2019-01-24,3169.0,3198.0,3073.0,3080.0,778434,2975.5,85.03401360544218,-243.4669701605445,66.0574412532637,90.52331329675992
2019-01-25,3284.0,3312.0,3174.0,3200.0,627121,3018.6,95.64541213063764,-213.95738531090845,55.42857142857143,119.50056530501878
2019-01-28,3284.0,3309.0,3211.0,3265.0,777380,3057.5,95.64541213063764,-184.9640123518779,68.9900426742532,124.28470922664575
2019-01-29,3289.0,3315.0,3242.0,3284.0,1031282,3100.4,95.97523219814242,-157.31272904668737,70.91172214182345,125.64386463197422
2019-01-30,3316.0,3332.0,3251.0,3261.0,581097,3142.0,97.5867269984917,-131.16285073700388,85.03289473684211,129.63936341071692
2019-01-31,3300.0,3387.0,3268.0,3348.0,798806,3183.9,87.88300835654596,-107.28116780999873,88.07495741056218,130.60884070058393
2019-02-01,3226.0,3345.0,3215.0,3292.0,838773,3203.6,77.57660167130919,-87.00917438669207,76.73667205169627,94.16687380893211
2019-02-04,3154.0,3283.0,3130.0,3259.0,850387,3215.9,58.54092526690391,-71.01276224627192,72.40853658536585,52.4282232657671
2019-02-05,3101.0,3195.0,3066.0,3131.0,666001,3221.7,47.4264705882353,-59.21849157542939,65.02242152466368,18.924185860862718
2019-02-06,3079.0,3125.0,3039.0,3125.0,529189,3220.2,40.07782101167315,-50.89234315641085,64.73214285714286,-0.7781668612083246
2019-02-07,3010.0,3098.0,2963.0,3070.0,628568,3204.3,20.127118644067796,-46.1612777909139,48.397976391231026,-31.045751633987017
2019-02-08,3014.0,3057.0,2934.0,2977.0,447069,3177.3,17.660044150110377,-43.76252254583623,48.57142857142857,-45.70072903342919
2019-02-11,3006.0,3079.0,2909.0,3063.0,657478,3149.5,20.292887029288703,-42.97925250008896,46.86971235194585,-52.80772211653638
2019-02-12,3122.0,3140.0,2981.0,3026.0,456795,3132.8,44.56066945606695,-41.30092692925448,52.13414634146341,-16.744221894659532
2019-02-13,2886.0,3066.0,2802.0,2991.0,1526508,3089.8,14.35897435897436,-42.82068749357894,32.680538555691555,-113.38027825357074
2019-02-14,2892.0,2975.0,2825.0,2886.0,856527,3049.0,15.384615384615385,-46.0719546258707,22.316384180790962,-126.48667206160023
2019-02-15,2887.0,2953.0,2823.0,2861.0,602968,3015.1,14.52991452991453,-50.2128245103503,22.159887798036465,-123.9674870258918
2019-02-18,2899.0,2964.0,2820.0,2873.0,678979,2989.6,16.581196581196583,-54.388310748102334,22.91666666666667,-113.15342791529363
2019-02-19,2887.0,2909.0,2837.0,2884.0,299174,2968.2,14.52991452991453,-58.43409898684243,19.57446808510639,-110.72658446341447
2019-02-20,2986.0,2986.0,2889.0,2900.0,389924,2958.9,33.88581952117864,-60.47383781656565,30.076142131979694,-66.148227570936
2019-02-21,2925.0,2995.0,2890.0,2962.0,303390,2950.4,25.571725571725572,-61.984684524625514,30.58064516129032,-67.7257592169134
2019-02-22,2956.0,2993.0,2902.0,2925.0,386243,2944.6,39.18575063613232,-62.448968287346425,36.51226158038148,-55.43286767077732
2019-02-25,3085.0,3087.0,2957.0,3045.0,418649,2952.5,83.72781065088758,-60.03249466021412,49.01234567901235,-4.227545127007389
2019-02-26,3241.0,3256.0,2991.0,2991.0,627887,2964.4,96.69603524229075,-53.31137856368964,58.58050847457627,67.97600507584929
2019-02-27,3115.0,3330.0,3093.0,3278.0,691683,2987.3,59.28030303030303,-46.13327696875727,55.24475524475525,86.12694326980036
2019-02-28,3196.0,3315.0,3131.0,3131.0,728210,3017.7,74.62121212121212,-37.647578901238,58.44155844155844,116.7273217414748
2019-03-01,3248.0,3311.0,3190.0,3190.0,316411,3053.8,84.46969696969697,-27.871702934437387,60.78431372549019,141.13126445016104
2019-03-04,3343.0,3360.0,3263.0,3360.0,293648,3098.2,96.95340501792114,-16.220441262792512,60.036330608537696,171.64334088065596
2019-03-05,3284.0,3356.0,3207.0,3356.0,780412,3137.9,85.92592592592592,-4.908843427849382,71.53679653679654,131.40307646356052
2019-03-06,3246.0,3340.0,3229.0,3294.0,387352,3163.9,78.88888888888889,5.001807485455489,68.51464435146443,109.56127801621348
2019-03-07,3099.0,3238.0,3079.0,3223.0,485177,3181.3,51.666666666666664,11.158140035359681,59.65391621129326,37.809056355560024
2019-03-08,2978.0,3146.0,2978.0,3146.0,790736,3183.5,26.95984703632887,12.68269745450989,53.27257663628831,-15.455326026566956
2019-03-11,2890.0,3032.0,2879.0,3004.0,788072,3164.0,2.286902286902287,9.791333098042342,50.11691348402183,-63.122171013883936
2019-03-12,2866.0,3022.0,2801.0,3022.0,731375,3126.5,11.627906976744185,3.878502208938378,45.033112582781456,-74.03272041937883
2019-03-13,2914.0,2947.0,2768.0,2800.0,616687,3106.4,24.66216216216216,-2.861192926853967,49.53974895397489,-81.57643486563046
2019-03-14,2994.0,3041.0,2913.0,2991.0,776586,3086.2,38.17567567567568,-8.482970083818334,51.52733118971061,-34.47999358511739
2019-03-15,3150.0,3170.0,2962.0,2994.0,1016319,3076.4,64.52702702702703,-10.60113176757092,52.55704169944925,14.68436128031615
2019-03-18,3215.0,3215.0,3033.0,3080.0,992246,3063.6,75.50675675675676,-9.351058452743121,48.898305084745765,39.56317984436135
2019-03-19,2979.0,3175.0,2790.0,2875.0,2375860,3033.1,35.641891891891895,-9.799300814675908,44.72868217054263,-54.55522708949183
2019-03-20,3093.0,3158.0,2981.0,2981.0,973100,3017.8,54.898648648648646,-9.447378928107348,46.107331821617535,-6.609154763588401
2019-03-21,3231.0,3265.0,3072.0,3109.0,707839,3031.0,78.20945945945945,-6.389136029858031,49.396735273243436,50.94166061486328
2019-03-22,3140.0,3418.0,3093.0,3276.0,932353,3047.2,57.23076923076923,-3.232231416321424,42.77580071174377,60.93184612245089
2019-03-25,3060.0,3114.0,2994.0,3107.0,455410,3064.2,44.92307692307692,-1.4479640745591822,42.14586255259467,-35.84703395349325
2019-03-26,3113.0,3164.0,3058.0,3100.0,432926,3088.9,53.07692307692308,0.23131082384371582,45.38514920194309,-0.868454661558017
2019-03-27,3178.0,3219.0,3113.0,3159.0,761646,3115.3,63.07692307692308,2.793257960626206,52.90654893303899,35.329126263403545
2019-03-28,3199.0,3285.0,3186.0,3213.0,527544,3135.8,66.3076923076923,6.102821789027631,58.77680698967435,67.58620689655173
2019-03-29,3200.0,3280.0,3133.0,3186.0,543237,3140.8,66.46153846153847,9.709529321937126,63.225255972696246,58.50184805784512
2019-04-01,3200.0,3278.0,3112.0,3236.0,495458,3139.3,66.46153846153847,13.291281222164809,64.54703832752614,60.84625504345747
2019-04-02,3260.0,3300.0,3179.0,3210.0,380470,3167.4,74.8407643312102,17.596601500934057,64.91379310344828,96.38891219826034
2019-04-03,3308.0,3360.0,3270.0,3284.0,425853,3188.9,82.48407643312102,22.855454169871507,63.91843971631206,136.99773720863797
2019-04-04,3134.0,3335.0,3134.0,3335.0,511139,3179.2,54.77707006369427,25.608124141921916,49.301919720767884,59.69271877087488
2019-04-05,3153.0,3260.0,3151.0,3175.0,455556,3180.5,57.802547770700635,26.890435652108007,47.18181818181819,46.79477855176456
2019-04-08,3090.0,3142.0,3043.0,3139.0,545236,3183.5,24.94279176201373,26.117517128335972,55.98705501618123,-22.485395082864404
2019-04-09,3150.0,3150.0,3064.0,3093.0,570968,3187.2,36.79245283018868,24.994675754603666,53.26460481099656,-10.913867110804238
2019-04-10,3397.0,3673.0,3039.0,3090.0,1310031,3209.1,59.3519882179676,27.595143536659887,58.4521384928717,183.31371437706164
2019-04-11,3586.0,3598.0,3391.0,3500.0,517516,3247.8,87.18703976435935,35.3454782482155,70.64814814814815,274.7326338859914
2019-04-12,3689.0,3703.0,3584.0,3597.0,651353,3296.7,97.89156626506023,47.48010977800095,78.5131459655485,282.0500600996543
2019-04-15,3669.0,3740.0,3616.0,3728.0,666615,3343.6,89.8716119828816,61.29931108567844,75.98130841121495,215.62005975881289
2019-04-16,3761.0,3771.0,3698.0,3720.0,1090050,3393.7,98.63387978142076,76.77803546516913,76.57247037374658,192.20555268149687
2019-04-17,3889.0,3894.0,3779.0,3800.0,477858,3451.8,99.41520467836257,94.35266901515601,78.65448504983388,186.2787668258793
2019-04-18,3870.0,3884.0,3804.0,3850.0,464342,3525.4,97.19298245614036,111.80150377590432,77.41407528641571,150.5457000337546
2019-04-23,3943.0,3943.0,3798.0,3853.0,447237,3604.4,100.0,129.16664766414272,78.68725868725869,135.43714250296614
2019-04-24,3946.0,3997.0,3920.0,3921.0,414665,3690.0,94.67640918580376,145.32249252780258,77.7059773828756,128.58566794937803
2019-04-25,4066.0,4074.0,3921.0,3950.0,432194,3781.6,99.22705314009661,161.45676666519208,78.93129770992367,125.25823429964179
2019-04-26,4044.0,4086.0,3990.0,4085.0,420845,3846.3,95.98853868194843,176.0127455967708,89.29188255613126,114.65171257353346
2019-04-29,4002.0,4055.0,3981.0,4050.0,340006,3887.9,91.97707736389685,187.74517708078014,85.94411515664692,96.9861844561795
2019-04-30,3921.0,4090.0,3914.0,4022.0,1521258,3911.1,83.92007611798287,195.3726133527221,84.65387823185988,80.90841535196282
2019-05-01,3945.0,4012.0,3902.0,3959.0,219930,3938.7,86.2036156041865,199.96488761685572,84.17884780739467,70.31485692000899
2019-05-02,3872.0,3935.0,3770.0,3870.0,468346,3949.8,68.81258941344778,200.79361373776607,74.01415571284124,45.31220788932512
2019-05-03,3977.0,3987.0,3880.0,3899.0,323710,3958.6,77.66798418972331,200.437542015018,71.60220994475138,61.000591059615914
2019-05-07,3890.0,4042.0,3882.0,3950.0,678261,3960.6,57.80590717299578,197.51265593466803,61.30483689538808,54.33031252008504
2019-05-08,3864.0,3945.0,3784.0,3842.0,426278,3952.7,42.3469387755102,192.26602803226177,60.893854748603346,29.4933122086468
2019-05-09,3759.0,3823.0,3731.0,3797.0,383522,3934.0,7.7994428969359335,183.72578739517206,49.88986784140969,-11.642332283614833
2019-05-10,3745.0,3858.0,3740.0,3778.0,226348,3901.9,3.8997214484679668,172.92675757339845,40.93198992443325,-27.058590406806466
2019-05-13,3652.0,3745.0,3612.0,3729.0,443675,3862.7,8.368200836820083,159.4001696947343,37.44239631336405,-106.77473786302104
2019-05-14,3680.0,3720.0,3650.0,3667.0,471012,3830.5,14.225941422594142,144.9565057724683,34.02187120291616,-112.89102189938816
2019-05-15,3733.0,3750.0,3673.0,3713.0,326602,3811.7,25.313807531380753,131.21039592985844,37.80068728522337,-94.83662317385986
2019-05-16,3654.0,3750.0,3617.0,3750.0,777449,3782.6,8.786610878661088,117.06263936897074,25.240384615384613,-124.81890114788798
2019-05-17,3600.0,3639.0,3532.0,3636.0,558809,3755.4,12.186379928315413,102.27643930723988,24.305555555555557,-161.77468089042355
2019-05-20,3527.0,3650.0,3523.0,3650.0,275542,3710.4,0.7054673721340388,86.46741120990953,23.463687150838,-144.62545919182253
2019-05-21,3535.0,3584.0,3510.0,3538.0,288389,3674.9,4.6992481203007515,70.77658829830871,26.520681265206804,-132.48116147867583
2019-05-22,3530.0,3560.0,3485.0,3558.0,417585,3641.5,8.07899461400359,55.74130673085407,24.159402241594023,-122.42796099485037
2019-05-23,3433.0,3521.0,3386.0,3521.0,335455,3608.9,7.164634146341464,40.23045602142968,23.458282950423225,-138.31425598335053
2019-05-24,3500.0,3532.0,3462.0,3467.0,321743,3584.4,17.378048780487806,26.211884733666047,19.77186311787071,-105.29903935543844
2019-05-28,3545.0,3596.0,3461.0,3509.0,416093,3573.7,28.443649373881932,14.521728479159565,26.907630522088354,-83.03036152847942
2019-05-29,3376.0,3517.0,3370.0,3515.0,293255,3543.3,1.2295081967213115,2.174400713588023,22.584269662921344,-120.97519782771676
2019-05-30,3468.0,3481.0,3366.0,3384.0,224395,3516.8,20.73170731707317,-8.474711730384234,33.409350057012546,-104.95942290351636
2019-05-31,3440.0,3461.0,3361.0,3452.0,377614,3495.4,20.308483290488432,-17.928579703971177,32.884399551066224,-102.10970464135016
2019-06-03,3415.0,3436.0,3310.0,3383.0,420428,3476.9,23.863636363636363,-26.49570175743864,35.601458080194405,-106.85395610879532
2019-06-04,3306.0,3382.0,3249.0,3381.0,475296,3454.8,11.377245508982035,-35.7365682279544,29.3141592920354,-132.9682471057305
2019-06-05,3360.0,3464.0,3327.0,3350.0,561036,3437.3,22.15568862275449,-43.97231382699081,29.392265193370164,-93.60805740240934
2019-06-06,3259.0,3413.0,3209.0,3393.0,582897,3410.2,11.337868480725623,-52.65751195648502,28.694714131607327,-132.6218526218529
2019-06-07,3250.0,3315.0,3237.0,3250.0,454677,3391.9,9.297052154195011,-61.192698409491655,30.158730158730165,-132.61609195402283
2019-06-10,3334.0,3380.0,3251.0,3263.0,293729,3375.3,32.299741602067186,-67.70679039443505,39.19372900335946,-94.12217412217436
2019-06-11,3291.0,3345.0,3248.0,3334.0,473040,3349.9,21.188630490956072,-73.1443424710809,36.85344827586207,-100.28928663768889
2019-06-12,3250.0,3304.0,3239.0,3258.0,392741,3337.3,10.594315245478036,-78.10951502632342,35.47717842323652,-110.4489471593168
2019-06-13,3154.0,3274.0,3143.0,3240.0,521555,3305.9,2.4282560706401766,-83.87192324610655,35.51401869158879,-144.5906502198367
2019-06-14,3125.0,3166.0,3103.0,3136.0,338600,3274.4,4.462474645030426,-90.10346535864753,29.729729729729726,-162.2998544395924
2019-06-17,3093.0,3193.0,3088.0,3148.0,545495,3242.2,1.1655011655011656,-96.6075610587927,25.219298245614027,-145.80121825284033
2019-06-18,3173.0,3216.0,3064.0,3114.0,933912,3228.9,26.139088729016787,-101.44499117359089,37.66707168894288,-116.61224893638051
2019-06-19,3000.0,3149.0,2983.0,3124.0,794722,3192.9,3.5343035343035343,-107.5131018130971,24.11504424778761,-161.16166804110745
2019-06-20,2886.0,3069.0,2874.0,3045.0,728281,3155.6,2.0338983050847457,-115.608238088553,22.02020202020202,-189.74511715224335
2019-06-21,2950.0,2969.0,2849.0,2849.0,599895,3125.6,16.422764227642276,-123.26493716164342,27.40524781341108,-168.1225193571477
2019-06-24,2843.0,3000.0,2841.0,2984.0,464614,3076.5,0.32102728731942215,-131.67163225412244,27.458617332035047,-152.7189186777893
2019-06-25,2666.0,2862.0,2666.0,2762.0,873865,3014.0,0.0,-142.63154281315593,19.82608695652175,-189.36920996166234
2019-06-26,2610.0,2717.0,2594.0,2691.0,526841,2950.0,2.035623409669211,-155.18558389670574,20.633484162895925,-187.7458227143966
2019-06-27,2577.0,2662.0,2554.0,2640.0,757208,2892.3,2.7845036319612593,-168.25348792139206,20.194862710363154,-169.5752845209167
2019-06-28,2550.0,2624.0,2539.0,2582.0,701778,2834.8,1.3647642679900744,-181.0057156573566,13.43283582089552,-149.37060164535617
2019-07-01,2621.0,2643.0,2507.0,2620.0,1038832,2787.6,14.303638644918443,-191.34627858880145,19.545454545454547,-124.29299303510496
2019-07-02,2540.0,2638.0,2527.0,2626.0,875595,2724.3,4.302477183833116,-200.48937816467955,18.859649122807028,-113.78914576160027
2019-07-03,2635.0,2656.0,2506.0,2506.0,854349,2687.8,18.169014084507044,-206.43000915664703,27.21685689201054,-95.01570032285171
2019-07-04,2516.0,2681.0,2508.0,2595.0,487435,2650.8,1.408450704225352,-211.4800569405295,25.22375915378356,-93.01630028413341
2019-07-05,2607.0,2627.0,2507.0,2529.0,486991,2616.5,14.225352112676056,-213.7733148937722,31.133540372670808,-80.61907301453526
2019-07-08,2461.0,2624.0,2457.0,2624.0,931251,2578.3,0.5780346820809249,-216.0605661205322,23.707533234859667,-88.55111111111111
2019-07-09,2500.0,2504.0,2423.0,2453.0,593987,2561.7,11.91950464396285,-217.10948300172237,29.508196721311478,-90.75945095284334
2019-07-10,2557.0,2574.0,2499.0,2518.0,569699,2556.4,23.223570190641247,-215.92301181157168,35.85554600171969,-66.90972325142518
2019-07-11,2616.0,2629.0,2542.0,2565.0,512270,2560.3,33.44887348353553,-211.96419670334274,35.578583765112256,-47.042130539183574
2019-07-12,2615.0,2653.0,2576.0,2639.0,421747,2566.8,43.735763097949885,-206.00810290181334,39.16349809885931,-36.26578601351567
2019-07-15,2737.0,2759.0,2582.0,2656.0,624952,2578.4,93.45238095238095,-196.69640890398932,53.560682046138425,0.33274740854860974
2019-07-16,2761.0,2787.0,2715.0,2746.0,573879,2600.5,92.85714285714286,-184.93840721172637,57.82383419689119,42.90756097985026
2019-07-17,2743.0,2808.0,2736.0,2772.0,492122,2611.3,83.11688311688312,-172.12914857528023,58.73684210526315,63.524434230751865
2019-07-18,2107.0,2500.0,2107.0,2160.0,4540279,2570.4,0.0,-169.08715635572884,35.79217447081463,-246.81378838422722
2019-07-19,2181.0,2181.0,2033.0,2136.0,2638173,2527.8,19.096774193548388,-170.76055314891832,35.91549295774648,-284.51403876347575
2019-07-22,2170.0,2207.0,2100.0,2143.0,1286484,2498.7,17.677419354838708,-175.0880429315356,37.600536193029484,-212.26234178949105
2019-07-23,2232.0,2249.0,2157.0,2199.0,1307410,2471.9,25.677419354838708,-179.46397776067343,36.189170664838926,-147.43497628969664
2019-07-24,2379.0,2418.0,2240.0,2260.0,1099587,2454.1,44.645161290322584,-180.88654941935505,45.39340954942838,-72.5070966962613
2019-07-25,2418.0,2447.0,2331.0,2342.0,581439,2434.3,49.67741935483871,-179.3489374439751,43.41463414634146,-42.90126524496885
2019-07-26,2465.0,2479.0,2409.0,2440.0,675309,2419.3,55.74193548387097,-174.87791381873262,50.1497005988024,-17.16912361473892
2019-07-29,2559.0,2572.0,2423.0,2447.0,770635,2401.5,67.87096774193549,-166.9043658079624,52.12077641984184,14.368464605431285
2019-07-30,2555.0,2565.0,2469.0,2469.0,726052,2380.9,67.35483870967742,-156.83689878276397,49.92526158445441,20.724049324149693
2019-07-31,2606.0,2650.0,2541.0,2565.0,536838,2367.2,73.93548387096774,-144.81361891159173,49.624060150375946,52.34989128616832
2019-08-01,2688.0,2734.323974609375,2578.0,2600.0,705011,2425.3,84.51612903225806,-130.55643199878438,52.58681785967399,78.89403753089489
2019-08-02,2547.0,2684.0,2498.0,2639.0,587348,2461.9,66.3225806451613,-117.5984688593016,43.35664335664336,38.852512922304754
2019-08-05,2500.0,2521.0,2426.0,2500.0,600897,2494.9,60.25806451612903,-106.61593870218472,41.01858224363386,-2.251924627462309
2019-08-06,2463.0,2568.0,2463.0,2515.0,335170,2518.0,61.31260523918384,-97.79460814634912,40.4891304347826,4.258716315162726
2019-08-07,2370.0,2503.0,2352.0,2503.0,516583,2517.1,48.05197201303478,-92.05117134547692,64.15500538213132,-32.43197903471697
2019-08-08,2462.0,2462.0,2386.429931640625,2402.0,278513,2521.5,57.068629673492055,-86.8603696618458,64.8363252375924,-16.633878035441807
2019-08-09,2429.0,2522.0,2395.47998046875,2443.0,309105,2517.9,47.113927701346334,-82.61658273901915,63.36429308565531,-7.805490271717683
2019-08-12,2280.0,2522.0,2273.0,2522.0,622169,2490.0,8.091859196513546,-81.37774071808929,52.27272727272727,-44.67051836716481
2019-08-13,2370.0,2379.0,2233.0,2285.0,685393,2471.5,27.327637802829713,-80.46590832401962,49.54954954954955,-52.661244621981936
2019-08-14,2300.0,2394.0,2300.0,2360.0,248754,2440.9,13.364611188245188,-80.74025002482436,44.27184466019417,-43.207687571768105
2019-08-15,2149.0,2232.0,2141.0,2197.0,809518,2387.0,1.3483358742189606,-83.96877467023795,36.06701940035274,-128.6004099096202
2019-08-16,2250.0,2268.0,2146.0,2203.0,559911,2357.3,18.371076286233336,-87.07690152249523,36.4592462751972,-109.04004299034305
2019-08-19,2331.0,2357.419921875,2248.0,2270.0,303457,2340.4,32.022977012700316,-88.45585866023998,40.80459770114943,-64.67680526412983
2019-08-20,2318.0,2371.0,2274.825927734375,2300.0,320790,2325.9,29.831931217094503,-88.68451712147343,37.79661016949152,-65.71477702595834
2019-08-21,2268.0,2328.0,2257.0,2327.0,518949,2315.7,23.388581952117864,-88.77579484704778,31.707317073170742,-85.5907563753796
2019-08-22,2268.0,2306.091064453125,2183.0,2248.0,432375,2296.3,29.7423887587822,-88.57384206586083,36.146971201588876,-94.77432788736074
2019-08-23,2296.0,2375.0,2247.5,2262.0,481475,2283.0,36.29976580796253,-87.55008343291792,39.676113360323896,-56.52636204199546
2019-08-27,2320.0,2350.0,2278.0,2338.0,385485,2287.0,46.981627296587924,-85.48244959972858,42.666666666666664,-45.83176651916877
2019-08-28,2329.0,2356.0,2257.0,2322.0,289676,2282.9,49.343832020997375,-82.5305022588375,47.699214365881026,-42.514471439891324
2019-08-29,2390.0,2393.0,2271.0,2336.0,373311,2291.9,65.35433070866142,-78.01770721871827,45.81395348837209,-12.902489428328858
2019-08-30,2380.0,2468.0,2370.0,2385.0,344157,2315.0,62.729658792650916,-72.74489727584418,47.07287933094385,43.32371915860398
2019-09-02,2340.0,2418.860107421875,2319.0,2380.0,595607,2324.0,60.85626911314985,-67.74451042847484,54.12087912087912,14.386106099354146
2019-09-03,2321.0,2352.7099609375,2266.0,2309.0,187947,2323.0,55.04587155963303,-63.32573210150391,46.270928462709286,-27.782611417583716
2019-09-04,2344.0,2382.0,2276.0,2276.0,194208,2325.6,62.079510703363916,-58.99185066918459,53.606557377049185,7.269596858758956
2019-09-05,2484.0,2484.0,2384.450927734375,2390.0,442750,2347.2,100.0,-52.570297597670645,77.96327212020033,160.3971582796729
2019-09-06,2508.0,2527.0,2462.0,2484.0,468757,2371.2,94.47674418604652,-44.67413648574327,74.71264367816092,205.45843422845954
2019-09-09,2501.0,2540.0,2474.0,2505.0,311759,2391.7,89.07563025210084,-36.277508953245906,68.97321428571428,196.0582410365427
2019-09-10,2518.0,2588.0,2462.0,2514.0,550048,2411.5,82.71604938271605,-27.653455001688556,72.12389380530973,174.47903539425073
2019-09-11,2650.0,2713.0,2532.0,2586.0,1241340,2443.6,88.11320754716981,-17.16993101170989,85.76779026217228,211.9993109891285
2019-09-12,2674.0,2712.639892578125,2626.25,2711.0,437859,2472.0,91.6219119226638,-5.648451147524799,86.37992831541219,187.3296929183726
2019-09-13,2714.429931640625,2752.0,2670.159912109375,2675.0,438515,2505.4429931640625,92.41008720012626,6.577534246375157,86.67671596730297,176.28665359271875
2019-09-16,2780.0,2789.0,2680.0,2750.0,799386,2549.4429931640625,98.30827067669173,19.635324314648066,87.58169934640523,163.98283370463278
2019-09-17,2787.0,2806.697998046875,2712.0,2782.0,951622,2596.0429931640624,96.35693157399719,32.596890541479745,87.54098360655738,146.68098602401716
2019-09-18,2719.0,2790.0,2718.0,2790.0,276579,2633.5429931640624,83.78059501539487,43.65948361696109,76.66126418152349,116.57912691795569
2019-09-19,2651.0,2718.0,2624.0,2718.0,371688,2650.2429931640627,71.20425845679254,51.76750862184562,70.07407407407408,74.36847811189148
2019-09-20,2613.0,2707.0048828125,2597.0,2643.0,456431,2660.7429931640627,64.17630567404419,56.87437510103598,70.28231797919761,56.60940866467717
2019-09-23,2574.0,2633.0,2514.0,2613.0,418378,2668.0429931640624,56.15246356623311,59.08061275130713,68.25396825396825,22.342759864593436
2019-09-24,2445.0,2576.0,2445.0,2549.0,424857,2660.7429931640627,14.339725843642528,57.16036149750913,56.320400500625794,-22.978801389215977
2019-09-25,2454.0,2476.0,2380.0,2426.0,301760,2641.1429931640623,17.34247649127023,52.76767940318886,47.75449101796408,-54.15465386903513
2019-09-26,2347.0,2489.0,2347.0,2435.0,497022,2608.4429931640625,0.0,45.22820648863502,39.2809587217044,-78.43644937526633
2019-09-27,2410.0,2468.219970703125,2309.0,2342.0,581991,2578.0,20.293431035759852,37.01366165381187,44.36183395291202,-77.14266792734917
2019-09-30,2476.0,2539.0,2394.0,2394.0,294947,2547.6,33.554484979919756,29.775244662802056,47.54672897196262,-42.8856277059756
2019-10-01,2485.0,2549.446044921875,2460.0,2549.0,1694046,2517.4,35.36281051775975,23.603821411231742,38.744884038199174,-34.739393879576355
2019-10-02,2552.0,2604.0,2456.0,2456.0,297598,2500.7,48.82478952167965,19.439833354466582,42.13917525773196,-19.264444054806162
2019-10-03,2342.0,2542.0,2322.0,2521.0,463765,2469.8,6.630526972079952,13.357615259006419,30.306592599382142,-101.92548326290513
2019-10-04,2435.0,2435.0,2357.0,2361.0,327074,2452.0,25.316557529759816,7.845243637154132,32.27132579650565,-91.27248358987997
2019-10-07,2392.0,2436.05908203125,2315.0,2408.0,290265,2433.8,17.255717255717254,2.2750875911596413,30.426164519326065,-99.37996844064764
2019-10-08,2370.0,2452.0,2333.0,2383.0,244160,2426.3,14.91442542787286,-3.3954723640596667,31.87954309449637,-88.44117570713955
2019-10-09,2424.0,2473.0,2345.0,2473.0,203330,2423.3,28.894117877990073,-7.96242599153596,38.040042149631184,-66.53787102895726
2019-10-10,2450.0,2452.0,2361.0,2425.0,261113,2433.6,43.51851851851852,-11.165290503222337,41.30202774813234,-57.56727330773164
2019-10-11,2575.0,2575.0,2409.0,2461.0,476301,2450.1,90.16949152542372,-11.325520983879073,50.048875855327466,3.1992024893131967
2019-10-14,2635.0,2687.0,2423.419921875,2522.0,721561,2466.0,86.24338624338624,-8.587209742434151,59.958071278826,51.6119692807057
2019-10-15,2560.0,2686.0,2524.0,2677.0,722761,2473.5,66.4021164021164,-5.352704712346039,55.19607843137255,70.99049019682789
2019-10-16,3286.0,3300.0,2702.0,2813.0,3596550,2546.9,98.58728557013119,9.618352752835301,78.64551555826723,357.74317641235893
2019-10-17,3444.0,3522.0,3257.0,3260.0,2089114,2657.1,93.53769676884838,33.65972188798502,79.81545559400232,361.9429162246386
2019-10-18,3293.0,3511.0,3261.0,3430.0,1394819,2742.9,81.02734051367025,59.6400642362285,72.45739417262232,243.85253255749763
2019-10-21,3508.0,3519.0,3271.159912109375,3300.0,1006476,2854.5,98.84009942004971,88.76805261377106,75.25925925925925,193.12654591205845
2019-10-22,3479.0,3598.0,3436.0,3522.0,804787,2965.4,90.72486360093531,117.67698884945605,73.32662304982387,161.90313165458
2019-10-23,3513.0,3619.0,3440.0,3460.0,582715,3074.3,91.87116564417178,145.20741372039794,82.3302043070127,134.56967285581544
2019-10-24,3670.0,3678.0,3501.0,3550.0,566776,3196.3,99.41305942773295,172.60451024705168,82.93333333333334,125.36610659907201
2019-10-25,3600.0,3773.0,3565.0,3769.0,479355,3298.8,87.98611111111111,196.97162836905733,81.75604626708727,111.41844492036293
2019-10-28,3575.0,3729.0,3555.0,3577.0,277945,3392.8,86.1344537815126,217.31445154757944,81.62729658792651,94.66102055978173
2019-10-29,3566.0,3616.0,3518.0,3552.0,232259,3493.4,85.33994334277621,233.42962687627468,80.6989247311828,78.4928782114727
2019-10-30,3512.0,3571.35009765625,3495.0,3504.0,303611,3516.0,80.86510263929618,244.6566385169046,78.125,66.4901816095095
2019-10-31,3530.0,3566.0,3485.0,3488.0,292712,3524.6,81.99439929955064,251.96086287441344,76.8107804604155,61.24385146248477
2019-11-01,3350.0,3536.0,3350.0,3512.0,548234,3530.3,66.13290632506005,252.97739600467347,68.80589163598107,41.209580624671574
2019-11-04,3300.0,3407.39501953125,3293.0,3310.0,397206,3509.5,55.83566760037348,248.6253302848046,69.7228144989339,25.264233377109406
2019-11-05,3237.0,3426.0,3223.0,3426.0,390095,3485.3,2.5454545454545454,239.56467766462055,47.980214344600164,13.696320829424247
2019-11-06,3217.0,3287.0,3177.0,3259.0,314019,3455.7,6.7114093959731544,227.16264369973675,39.44186046511628,-7.058799465325105
2019-11-07,3169.0,3258.555908203125,3158.0,3192.0,320924,3405.6,1.7886178861788617,212.03287017405552,43.62139917695473,-26.70505570993241
2019-11-08,3076.0,3184.0,3074.0,3184.0,326521,3353.2,0.2861230329041488,194.01950358101772,24.588235294117652,-65.7120640219362
2019-11-11,3174.0,3198.0,3062.0,3094.0,322045,3313.1,15.752461322081576,176.2643702290872,33.405875952121875,-75.9046382515742
2019-11-12,3127.0,3214.0,3094.0,3202.0,406037,3269.2,9.142053445850914,158.45024619492264,29.291845493562235,-102.55076812942517
2019-11-13,3127.0,3209.0,3093.0,3093.0,282766,3230.7,9.142053445850914,141.17185360002074,14.967741935483872,-106.17969630429661
2019-11-14,3120.0,3145.0,3027.14990234375,3100.0,438076,3189.7,13.22933457818308,124.70156886125548,16.29213483146067,-109.68369456936314
2019-11-15,3154.0,3176.0,3086.0,3152.0,192963,3170.1,21.54200163354658,109.85942005540853,20.804438280166437,-83.38568992497157
2019-11-18,3120.0,3300.64306640625,3087.0,3107.0,332970,3152.1,17.061753828098503,96.02296329293846,20.107238605898118,-65.23605817102376
2019-11-19,3120.0,3224.0,3104.0,3148.0,434404,3140.4,17.231155391843707,83.32332899012088,21.676300578034684,-66.42370360491408
2019-11-20,3027.0,3113.0,3004.530029296875,3039.0,477137,3121.4,4.22789093302819,70.32829739130128,17.209908735332462,-95.19429147739531
2019-11-21,3011.0,3024.260009765625,2924.0,3021.0,447261,3105.6,17.330677290836654,57.413774448848585,21.890547263681583,-110.62216090843799
2019-11-22,3112.0,3113.0,2952.0,2990.0,375500,3109.2,37.45019920318725,46.70725181119015,35.62691131498471,-79.01134354217344
2019-11-25,3139.0,3150.0,3068.0,3127.0,227383,3105.7,57.083222598899354,38.27022855284427,42.07119741100324,-49.73866919221752
2019-11-26,3143.0,3192.0,3111.0,3111.0,243913,3107.3,58.145236042599805,31.674558310339023,43.85382059800664,-29.625161434353956
2019-11-27,3216.0,3278.0,3092.0,3126.0,321315,3116.2,77.52698139013307,27.671248037345823,53.74800637958533,9.583556592753173
2019-11-28,3285.0,3303.0,3216.0,3250.0,231809,3132.7,95.25065963060686,26.540425239810922,67.33001658374792,88.77238295012233
2019-11-29,3201.0,3298.0,3200.0,3293.0,292217,3137.4,73.08707124010554,25.868639604337652,52.29202037351443,76.42488088036578
2019-12-02,3080.0,3227.0,3065.0,3170.0,428415,3133.4,41.16094986807388,23.530341489271173,46.45550527903469,-32.32472886953092
2019-12-03,3080.0,3169.0,3066.0,3116.0,403791,3129.4,41.16094986807388,20.216452680801062,46.45550527903469,-49.709656978512115
2019-12-04,3109.0,3233.0,3089.0,3118.0,412949,3137.6,48.812664907651715,16.88140273097028,49.197080291970806,11.32751028691898
2019-12-05,2940.0,3103.0,2908.0,3100.0,974310,3130.5,8.10126582278481,10.973145789096066,36.95121951219512,-190.55348359893603
2019-12-06,2980.0,3000.0,2893.0,2966.0,362360,3117.3,21.21951219512195,4.374939767021441,41.525423728813564,-181.6302823937274
2019-12-09,2960.0,3050.0,2944.0,2980.0,357079,3099.4,16.341463414634145,-2.6388838010689524,40.543735224586285,-127.0105047699019
2019-12-10,2956.0,3048.0,2946.0,3000.0,262389,3080.7,15.365853658536585,-9.60333528776267,45.310435931307794,-110.58147691196316
2019-12-11,2883.0,2991.77294921875,2865.0,2946.0,399764,3047.4,4.109589041095891,-17.31453767618678,42.13759213759214,-146.3530469185575
2019-12-12,2910.0,2943.5,2864.972900390625,2883.0,367327,3009.9,10.279523721141771,-24.619322526983257,36.351351351351354,-128.66450735572516
2019-12-13,2990.0,3069.0,2945.0,2948.0,1169617,2988.8,28.543233905133267,-29.953978153978337,40.60529634300126,-52.86005974163873
2019-12-16,3000.0,3097.0,2979.0,3040.0,389862,2980.8,30.826197678132207,-33.54632815334887,41.05131414267834,-31.19082494631349
2019-12-17,2990.0,3004.0,2878.0,2959.0,290853,2971.8,28.543233905133267,-35.94140310830778,34.64673913043478,-75.50662797975136
2019-12-18,3100.0,3131.84912109375,2969.0,3065.0,543018,2970.9,54.27537902856154,-35.623591990820934,38.095238095238095,6.699344007324221
2019-12-19,3130.0,3170.0,3046.0,3046.0,306972,2989.9,72.01293053980957,-33.0622307737074,45.089903181189484,38.76555666187395
2019-12-20,3194.0,3233.0,3117.0,3117.0,272126,3011.3,89.40295428206382,-28.132488473568287,58.55855855855856,79.61419941910154
2019-12-23,3224.0,3224.0,3141.0,3160.0,173214,3037.7,97.5545279112455,-21.433963920660243,60.34482758620689,84.11329597537025
2019-12-24,3355.0,3368.0,3201.0,3201.0,144514,3077.6,97.41564619280052,-11.839067815124926,65.41353383458647,143.84850848037826
2019-12-27,3309.0,3438.0,3276.0,3373.0,264265,3120.2,77.48797568423245,-1.6386819446658283,77.33333333333334,149.8123479035692
2019-12-30,3316.0,3368.0,3295.0,3300.0,184505,3160.8,78.70955839904155,8.521907896797591,76.16822429906543,135.78476887908835
2019-12-31,3373.0,3374.0,3307.0,3369.0,97939,3199.1,88.65673193391558,19.014898006695745,80.41237113402062,139.67121672102584
2020-01-02,3321.0,3389.0,3253.0,3389.0,381896,3231.2,79.58211748104804,28.293201856275232,75.1031636863824,108.3102445048677
2020-01-03,3414.0,3414.0,3287.0,3358.0,271465,3273.6,95.81171640636883,37.743054624409254,85.5421686746988,115.31742660134772
2020-01-06,3372.0,3405.512939453125,3300.0,3375.0,318068,3300.8,88.21428571428571,46.04894450778198,80.31496062992126,96.64833931424724
2020-01-07,3418.0,3461.570068359375,3357.0,3357.0,280169,3329.6,92.53387541244771,53.83136041933771,79.3956043956044,105.70219599651371
2020-01-08,3457.0,3499.0,3379.0,3499.0,253968,3355.9,93.23671497584542,61.37723554768021,80.18494055482167,107.63973177688057
2020-01-09,3489.0,3560.0,3457.0,3457.0,431094,3382.4,87.98646362098138,68.74993442785596,82.02824133504492,117.08668719101452
2020-01-10,3418.0,3531.114990234375,3400.0,3500.0,491209,3388.7,72.37354085603113,74.33814219254958,71.48648648648648,87.92700355173206
2020-01-13,3300.0,3531.110107421875,3287.780029296875,3376.0,380766,3387.8,41.309255079006775,76.46286966655812,60.265700483091784,52.524032525523396
2020-01-14,3326.0,3425.0,3299.0,3390.0,716632,3388.8,44.1527446300716,76.54591353599196,58.354430379746844,37.74407937132542
2020-01-15,3186.0,3420.0,3186.0,3420.0,522286,3370.1,0.0,72.93683452499042,47.888888888888886,-12.195971431354046
2020-01-16,3165.0,3228.0,3124.0,3186.0,422627,3354.5,9.403669724770642,66.7015177717856,37.97468354430379,-73.3334712165589
2020-01-17,3190.0,3249.0,3132.0,3249.0,381657,3332.1,15.137614678899082,59.39382583555182,42.262678803641094,-80.58864911859547
2020-01-20,3035.0,3202.0,3005.0,3005.0,725298,3298.4,5.405405405405405,49.1887661804915,34.67829880043621,-159.7511165421038
2020-01-21,2970.0,3086.43798828125,2931.0,3025.0,1038996,3253.6,6.200317965023848,36.553510475764156,28.21621621621621,-199.2891048202234
2020-01-22,3024.0,3108.455078125,2953.0,3008.0,1075515,3210.3,14.78537360890302,23.835641567787853,33.98058252427184,-157.4439609982873
2020-01-23,3300.0,3400.0,3059.0,3300.0,3103850,3191.4,58.66454689984102,16.08177656276818,44.864864864864856,-25.80446072516185
2020-01-24,3184.0,3335.0,3127.0,3313.0,981116,3168.0,40.22257551669316,9.95835757909493,42.060810810810814,-44.47532370835362
2020-01-27,3064.0,3199.0,3011.0,3199.0,583150,3144.4,21.144674085850557,3.2406432903862026,35.93004769475357,-102.86553208899038
2020-01-28,3030.0,3144.0,2967.0,3144.0,442662,3114.8,15.739268680445152,-4.047246322618481,32.960893854748605,-111.22221616933925
2020-01-29,3048.0,3078.0,2980.0,3078.0,597974,3101.0,19.496263533478082,-11.014063586357445,32.203389830508485,-103.1088410844556
2020-01-30,2961.0,3065.0,2961.0,3037.0,417824,3080.6,4.999082606504096,-18.777357757901786,31.792828685258954,-107.45970372238914
2020-01-31,3073.0,3104.0,2966.0,2994.0,729867,3068.9,28.74493927125506,-24.80321153273509,40.912730184147314,-76.09879073869986
2020-02-03,3122.0,3129.0,3045.0,3091.0,376156,3077.6,39.059304703476485,-28.585888196572533,41.9811320754717,-47.918981384799196
2020-02-04,3275.0,3275.0,3133.0,3140.0,452352,3108.1,73.34754797441364,-28.25811208094853,53.463035019455255,17.15624024904581
2020-02-05,3288.0,3376.0,3227.10791015625,3248.0,499931,3134.5,76.11940298507463,-25.09935300059869,54.8159749412686,58.670168391867314
2020-02-06,3371.0,3378.0,3266.0,3295.0,444455,3141.6,93.81663113006397,-18.950352987024466,56.77902621722846,90.62095910506399
2020-02-07,3340.0,3391.0,3293.6630859375,3320.0,231407,3157.2,87.20682302771856,-11.700863835418335,62.592898431048724,100.04418203621788
2020-02-10,3435.0,3499.0,3360.0,3380.0,1141791,3194.3,88.27838827838828,-2.5993014614594507,68.73489121676067,147.55151971980067
2020-02-11,3551.0,3573.0,3439.0,3495.0,589565,3246.4,96.40522875816994,9.042622172915205,70.22256331542594,180.89961728858094
2020-02-12,3541.0,3625.0,3293.659912109375,3530.0,636285,3295.7,87.34939759036145,21.486352031451204,61.620057859209254,143.14220795144632
2020-02-13,3428.0,3650.0,2970.0,3520.0,518273,3342.4,67.77939042089986,31.92849687087979,61.79883945841392,68.17252268934985
2020-02-14,3374.0,3464.0,3323.0,3428.0,361832,3372.5,59.94194484760523,39.634382545790295,66.01239669421489,77.12201296184443
2020-02-17,3362.0,3441.97509765625,3321.0,3441.0,271563,3396.5,58.20029027576197,44.93949095959256,67.54756871035941,65.32236150679238
2020-02-18,3311.0,3389.0,3280.0,3360.0,302677,3400.1,50.79825834542816,47.545634743692844,63.432073544433095,38.615594084964584
2020-02-19,3355.0,3362.0,3274.0,3280.0,147154,3406.8,56.87134502923977,48.91712960483909,71.04700854700855,35.454805369219336
2020-02-20,3254.0,3382.0,3254.0,3344.0,401838,3395.1,41.76470588235294,47.71998636860967,59.78378378378378,17.297481382089227
2020-02-21,3287.0,3349.0,3240.0,3296.0,232084,3389.8,46.61764705882353,45.39335898716403,59.07590759075907,13.255879038351496
2020-02-24,3150.0,3223.800048828125,3087.0,3174.0,391748,3361.3,26.470588235294116,40.191542844126644,43.00111982082867,-60.211157914570386
2020-02-25,3114.0,3322.0,3072.0,3212.0,405936,3317.6,21.176470588235293,32.79433825438393,40.50218340611353,-58.85537647601758
2020-02-26,3073.0,3111.0,2993.0,3015.0,354074,3270.8,15.147058823529411,23.680004421258253,32.95194508009155,-122.52171519272788
2020-02-27,3063.0,3097.0,2957.0,3015.0,600643,3234.3,15.295815295815295,13.753680005364032,33.763188745603756,-138.32100146434044
2020-02-28,2997.0,3053.0,2893.0,2997.0,693818,3196.6,13.738441215323647,2.7544310796096614,23.422330097087382,-163.75776301188418
2020-03-02,2945.0,3114.0,2895.0,3067.0,574652,3154.9,6.869220607661823,-9.17661487406218,10.131578947368425,-149.29993708306657
2020-03-03,2951.0,3048.590087890625,2928.0,2963.0,720083,3118.9,7.661822985468956,-20.949606151651505,10.978835978835974,-130.5103346320312
2020-03-04,2994.0,3013.0,2874.409912109375,2889.0,298957,3082.8,20.28359878275467,-31.272583887454182,18.367346938775512,-116.69563663508394
2020-03-05,2943.0,3074.0,2874.0,2994.0,236433,3051.7,12.148419936847336,-40.88797234507511,18.448023426061496,-100.74433628538354
2020-03-06,2732.0,2953.0,2685.31494140625,2900.0,538334,2996.2,6.634368319123587,-52.828992806410305,14.285714285714292,-144.66447220943257
2020-03-09,2501.0,2674.0,2464.0,2674.0,909197,2931.3,4.030501089324619,-69.16676845316846,11.86440677966101,-196.65855147259796
2020-03-10,2388.0,2627.0,2371.419921875,2562.0,841001,2858.7,1.640649611435264,-89.04909582109516,7.250221043324501,-192.0262117598887
2020-03-11,2113.0,2450.0,2110.0,2419.0,2431422,2762.7,0.24213075060532688,-114.29531856916535,6.283524904214559,-223.6623835297745
2020-03-12,1977.0,2093.0,1889.6829833984375,2064.0,1330434,2654.1,6.096207444964824,-143.48937673094423,3.4801136363636402,-231.13254106307244
2020-03-13,1935.5,2104.0,1903.5,2041.0,919699,2547.95,3.19880418025556,-173.96252782564164,3.7333333333333343,-180.3152841627869
2020-03-16,1608.5,1855.5,1403.5,1855.5,947156,2414.3,11.984799766150248,-208.46053488284375,3.055815403804189,-195.60883417653235
2020-03-17,1050.0,1710.5,1037.5,1696.5,1737335,2224.2,0.6019744762822057,-252.1082187320465,2.310231023102318,-198.07312861612627
2020-03-18,1231.0,1285.636962890625,975.2000122070312,1195.0,2683978,2047.9,11.95997705502744,-295.74030410953753,10.034904013961608,-173.1161842968682
2020-03-19,1300.0,1397.97802734375,1188.5,1188.5,1830687,1883.6,15.186085171439075,-335.3004399770285,13.028322440087138,-134.15945581584847
2020-03-20,1185.0,1430.0999755859375,1182.5,1355.0,1466311,1728.9,9.996187774595317,-371.30508939396816,12.680237489397797,-118.4841357813543
2020-03-23,1095.0,1200.0,1077.0,1200.0,1586925,1588.3,5.708023084131357,-403.7834235974944,11.998361998362,-116.18818928292923
2020-03-24,1200.0,1216.5,1087.0,1183.5,1289119,1469.5,10.710881889672644,-429.75344601989855,14.17731629392972,-99.57267528014481
2020-03-25,1255.0,1312.4959716796875,1230.5,1250.0,1135575,1383.7,14.14703152593292,-448.425805304881,16.34768740031899,-80.9706083158258
2020-03-26,1292.0,1310.0,1234.0240478515625,1294.0,974076,1315.2,18.648457150305614,-459.9329282784095,19.151670951156802,-72.74806597168444
2020-03-27,1200.0,1251.5,1128.0,1243.0,1868923,1241.65,13.609395172192267,-466.765323634116,20.364464692482912,-73.83947909546582
2020-03-30,1145.0,1251.5,1102.0,1193.0,689021,1195.3,11.513424816816933,-470.1231651169645,20.9171736078615,-69.93936574168804
2020-03-31,1195.0,1254.259033203125,1109.7900390625,1152.5,680218,1209.8,19.47200479889462,-469.257973359338,25.993723849372387,-62.64940665367417
2020-04-01,1130.0,1230.5,1117.0,1196.0,744417,1199.7,13.713677309266622,-465.7587241565501,26.99619771863118,-61.66096271082033
2020-04-02,1160.5,1216.5,1100.5,1101.0,657230,1185.75,21.04964107264626,-459.24376717048744,28.82513661202185,-58.13972879302744
2020-04-03,1060.0,1198.156005859375,1022.0,1177.5,1332982,1173.25,11.532706269654536,-451.7368571430764,32.896788275647026,-65.47803234263442
2020-04-06,1164.0,1221.0,1092.0,1150.0,958001,1180.15,41.503627828545,-441.31287586123017,54.96083550913838,-52.15982688036186
2020-04-07,1559.5,1649.0,1200.5,1250.0,1717524,1216.1,85.725677830941,-422.29116033129634,62.04620462046205,29.1355889892736
2020-04-08,2000.0,2200.0,1752.0,1809.0,4361728,1290.6,83.02207130730051,-390.8872940973923,70.17291066282421,184.20377989847188
2020-04-09,2114.0,2199.0,2016.0,2016.0,4174343,1372.8,92.69949066213923,-350.6590636143501,76.78777393310266,210.43441115209853
2020-04-14,2232.0,2265.7900390625,2058.02490234375,2135.0,1615368,1476.0,97.2833003962655,-304.32687887257873,82.2644721906924,214.9008539269975
2020-04-15,2271.0,2365.72509765625,2210.0,2280.0,1051894,1588.6,92.95055976691428,-255.28181880097867,81.57429245283019,193.9336932110133
2020-04-16,2300.0,2520.0,2215.0,2215.0,940587,1699.1,85.31375166889185,-206.06288715591523,81.2874251497006,162.54782091927393
2020-04-17,2347.0,2471.0,2310.0,2342.0,1700258,1820.8,88.45126835781042,-158.0955973523973,81.39880952380952,136.85916434713343
2020-04-20,2291.0,2436.0,2220.0,2365.0,956694,1933.85,84.71295060080107,-113.96045244814673,83.18126520681265,107.77531802223547
2020-04-21,2158.0,2316.0,2098.0,2266.0,648164,2043.65,75.83444592790387,-76.40305735050156,79.41347270615563,78.86120467326133
2020-04-22,2145.0,2239.0,2131.0,2160.0,586483,2141.75,74.96662216288385,-44.97055849607426,78.18991097922849,67.91554889153397
2020-04-23,2087.0,2188.4150390625,2035.0,2135.0,765538,2194.5,71.09479305740987,-19.847628603562995,78.5160905840286,52.85487137864286
2020-04-24,2152.0,2200.0,2057.824951171875,2116.0,362232,2209.7,75.43391188251002,1.0858739990312323,78.94890510948905,52.00359678273728
2020-04-27,2240.0,2267.633056640625,2177.0,2200.0,570337,2222.3,80.3921568627451,19.697669619093514,84.70588235294117,59.12952337830353
2020-04-28,2290.0,2352.971923828125,2187.0,2250.0,622540,2228.1,82.56915498294809,36.63142902473573,84.2041312272175,61.23840172485775
2020-04-29,2433.0,2477.0,2302.0,2319.0,948031,2244.3,88.671875,53.82372323534656,81.34194474345173,75.99502386746201
2020-04-30,2394.0,2547.0,2368.0,2450.0,769880,2253.7,71.1864406779661,69.53191620672537,69.85887096774194,79.01658469468548
2020-05-01,2369.0,2425.0,2313.0,2370.0,242801,2255.9,65.234375,82.92911614029848,64.11960132890366,65.83592669523661
2020-05-04,2417.0,2441.0,2226.0,2245.0,373406,2268.5,74.609375,94.75232678610166,61.10444177671068,64.70869234936347
2020-05-05,2340.0,2498.0,2294.472900390625,2459.0,304610,2286.7,59.5703125,103.52474945292761,53.9609644087256,70.3511822336545
2020-05-06,2514.0,2528.0,2338.0,2420.0,550387,2323.6,93.5546875,112.46524695734061,60.53149606299213,103.77024171688254
2020-05-07,2826.0,2839.35009765625,2493.0,2510.0,1384748,2397.5,98.34026281650863,125.763861591731,68.69633099141296,228.54986343336935
2020-05-11,2883.0,2968.949951171875,2752.0,2820.0,1208074,2470.6,90.79715662878624,141.71968468779912,73.08892355694228,261.1962297182918
2020-05-12,2846.0,3100.0,2779.014892578125,2883.0,356886,2531.2,76.15023474178403,157.59124273785926,79.00505902192243,230.03546164768895
2020-05-13,2803.0,2844.0,2730.0,2777.0,358306,2582.5,72.11267605633803,171.53274958440616,77.05592105263158,147.3212961824642
2020-05-14,2657.0,2824.580078125,2553.0,2734.0,765073,2604.9,57.492745532707595,180.8133983385972,71.8558282208589,89.40196429973679
2020-05-15,2677.0,2779.8759765625,2638.659912109375,2750.0,404975,2633.2,54.17118093174431,186.59318260257092,70.84988085782368,84.14575498549127
2020-05-18,2727.0,2790.0,2701.0,2743.0,285380,2669.0,59.14567360350493,190.24814417598347,69.94266994266994,85.2043009631775
2020-05-19,2625.0,2781.0,2613.0,2770.0,451255,2689.8,45.65217391304348,190.3187444952221,63.15789473684211,57.54801133156746
2020-05-20,2769.0,2798.0,2551.0,2551.0,558886,2732.7,62.12814645308924,190.00269661677288,63.18681318681319,59.84840360339322
2020-05-21,2755.0,2823.800048828125,2711.472900390625,2800.0,235444,2756.8,60.526315789473685,188.8044564881206,64.4515612489992,69.32744493763647
2020-05-22,2820.0,2835.0,2656.0,2772.0,348894,2756.2,67.96338672768879,187.72280256497274,67.49418153607448,65.20631298182032
2020-05-26,2977.0,3005.0,2856.0,2863.0,809973,2765.6,84.73049509325676,188.84790976816365,70.02861230329042,114.85069429947414
2020-05-27,2908.0,3002.0,2864.0,2950.0,475997,2771.8,74.80314960629921,189.76591482731257,70.431654676259,102.91845748093041
2020-05-28,2932.0,3049.528076171875,2897.0,2969.0,350426,2784.7,72.32289950576606,190.45638000999594,66.85483870967741,112.93567212592173
2020-05-29,2996.0,3024.0,2824.0,2887.0,553691,2818.6,81.05646630236794,191.55502628615,58.56854838709677,102.1707228469027
2020-06-01,3040.0,3073.0,2986.0,3010.0,291659,2854.9,89.07103825136612,193.1173213601769,58.01838610827375,126.61209363828667
2020-06-02,3158.0,3184.0,3000.0,3007.0,333715,2898.0,95.89257503949447,196.33079207261343,64.71698113207546,147.5127616513087
2020-06-03,3230.0,3345.0,3132.0,3244.0,407334,2958.5,85.51637279596977,201.11197260181132,69.60514233241506,175.4748994611292
2020-06-04,3377.0,3470.0,3185.0,3300.0,496525,3019.3,89.88030467899891,208.51205016767244,83.02752293577981,195.05173800454506
2020-06-05,3308.0,3498.633056640625,3297.0,3391.0,407641,3074.6,79.88324116547577,215.58958152475844,77.69973661106233,181.10669198521214
2020-06-08,3100.0,3391.702880859375,3100.0,3308.0,487226,3102.6,57.93381690864755,218.2840404940361,64.37933693138011,100.81022001642589
2020-06-09,3155.0,3206.0,3040.0,3190.0,540465,3120.4,63.73775120732809,218.47000600819197,71.19999999999999,68.76468108019569
2020-06-10,3176.0,3275.0,3080.22998046875,3200.0,323071,3147.2,61.71132213506016,216.91105320213748,68.05678793256433,75.27189917539917
2020-06-11,3060.0,3216.0,3008.0,3176.0,199484,3160.0,47.944950274162125,211.99504586224654,62.408462164361275,41.47185690561888
2020-06-12,3100.0,3157.0,2911.22998046875,3055.0,243928,3170.4,40.91112898830636,205.38760405204272,61.627906976744185,22.798429351189686
2020-06-15,3004.0,3100.719970703125,2968.0,2978.0,334964,3166.8,26.681171079330234,196.06663307544937,51.181102362204726,5.551996595924494
2020-06-16,3046.0,3213.0,3028.0,3094.0,509214,3155.6,32.90677766450729,185.75670524103057,56.182795698924735,29.22923280816113
2020-06-17,3276.0,3371.0,3132.0,3140.0,664116,3160.2,66.99938515476259,178.61352042438642,63.01059001512859,93.30980667199702
2020-06-18,3425.0,3488.0,3268.0,3340.0,926224,3165.0,87.46464572155563,175.79975796727825,65.24520255863538,143.4781542119002
2020-06-19,3550.0,3587.0,3424.0,3477.0,956229,3189.2,94.52476450114416,177.44071443306152,67.13709677419355,178.18414312099978
2020-06-22,3429.0,3558.0,3397.0,3522.0,407091,3222.1,76.61926462650752,179.45287315673437,59.087860496311194,133.97212117198345
2020-06-23,3521.0,3550.0,3400.0,3550.0,483845,3258.7,90.23336370474365,182.65101044933812,59.62938451356718,128.82287893828078
2020-06-24,3363.0,3556.764892578125,3360.0,3550.0,359663,3277.4,66.85262833125117,183.48774817106272,49.54007884362681,90.31654579820086
2020-06-25,3330.0,3380.0,3286.0,3330.0,783712,3304.4,61.969310183622994,181.85584179532302,50.74024226110363,43.610821257378504
2020-06-26,3314.0,3381.294921875,3260.0,3273.0,245695,3325.8,59.601640778712365,178.09242744931313,58.26893353941268,31.314622214609894
2020-06-29,3499.0,3535.0,3322.0,3322.0,342240,3375.3,86.97781827299153,175.73596788549045,62.07865168539326,86.94353464986756
2020-06-30,3423.0,3502.0,3320.0,3470.0,692888,3413.0,75.73138859966603,172.7718163950214,58.3502366463827,62.57938676683261
2020-07-01,3371.0,3459.0,3328.31494140625,3394.0,265691,3422.5,68.03646303370648,168.3587495496988,60.98939929328622,44.179484189832024
2020-07-02,3472.0,3489.0,3304.0,3380.0,301779,3427.2,81.42164781906301,164.49654325208684,62.60162601626016,58.58073867773716
2020-07-03,3440.0,3544.0,3423.0,3497.0,117569,3416.2,73.7030411449016,160.29660670310938,65.43909348441926,76.86861099329217
2020-07-06,3363.0,3550.0,3355.0,3515.0,228119,3409.6,50.76923076923077,154.51131656962556,60.95369730476849,50.745354737615095
2020-07-07,3196.0,3489.0,3181.367919921875,3489.0,435733,3377.1,3.607229505937216,145.01908198203634,47.10982658959537,-18.88715705960263
2020-07-08,3107.0,3192.0,3064.0,3142.0,445266,3351.5,8.221797323135755,131.95053420619314,37.990936555891246,-101.6593215823478
2020-07-09,3114.0,3242.0,3073.0,3120.0,441118,3329.9,10.121457489878543,117.13643643118954,31.923714759535656,-93.83716621798713
2020-07-10,3319.0,3354.0,3097.0,3100.0,592796,3330.4,51.7488164925571,105.00851885590048,45.736434108527135,-44.40309904251867
2020-07-13,3390.0,3424.0,3197.262939453125,3267.0,325134,3319.5,66.1573104963671,96.09344034681602,44.83845547675335,-8.95131314120801
2020-07-14,3373.0,3443.0,3333.0,3437.0,448141,3314.5,63.58024691358025,89.16920880882763,50.44326241134752,13.974270074114921
2020-07-15,3489.0,3600.25,3185.0,3485.0,1125607,3326.3,79.25407925407926,85.50325882893911,56.56482246077622,42.18002124751466
2020-07-16,3496.0,3569.0,3375.0,3457.0,436978,3328.7,80.55944055944056,83.98851345118382,57.57071547420965,80.83574760971457
2020-07-17,3448.0,3539.0,3411.0,3426.0,248509,3329.5,71.60839160839161,82.9442681208902,47.605633802816904,73.59368320938054
2020-07-20,3408.0,3443.0,3360.0,3400.0,162967,3334.0,64.14918414918415,81.42244076786798,49.27113702623907,26.277664271360706
2020-07-21,3510.0,3552.074951171875,3384.0,3399.0,654122,3365.4,83.17016317016316,81.12282317462075,56.441149212233555,91.74545240850104
2020-07-22,3510.0,3627.0,3467.0,3500.0,562229,3405.7,79.21847246891652,81.42007410652032,51.942740286298566,125.05830008023494
2020-07-23,3540.0,3566.0,3432.0,3527.0,361913,3448.3,84.54706927175843,82.36890794183915,55.122950819672134,99.02243180539381
2020-07-24,3363.0,3508.0,3354.0,3471.0,209375,3452.7,53.10834813499112,80.66473485359352,50.0,14.626524761073558
2020-07-27,3412.0,3440.712890625,3192.0,3194.0,289712,3454.9,61.81172291296625,77.98495912647807,61.27348643006263,-30.11054143155141
2020-07-28,3461.0,3505.0,3355.0,3355.0,249938,3463.7,70.03610108303249,75.43819572279962,69.281045751634,43.358846108945976
2020-07-29,3428.0,3501.0,3412.0,3435.0,1113313,3457.6,62.45283018867924,72.40987277839632,66.63135593220339,45.133921521075926
2020-07-30,3315.0,3450.0,3275.0,3375.0,255801,3439.5,29.41176470588235,67.27058158611507,49.76525821596244,-30.256284393784576
2020-07-31,3358.0,3469.34912109375,3318.0,3318.0,398330,3430.5,39.14027149321267,61.61030315205578,48.05825242718446,0.2945802050604893
2020-08-03,3465.0,3465.0,3258.0,3258.0,408978,3436.2,63.34841628959276,57.48690132048627,55.0328227571116,12.953763121144352
2020-08-04,3523.0,3541.0,3398.0,3469.0,243896,3437.5,76.0919540229885,55.33727135556129,51.98598130841122,80.83482422316489
2020-08-05,3899.0,3931.0,3547.0,3583.0,434671,3476.4,95.66982408660351,60.41018607705222,66.44897959183673,295.71438248671814
2020-08-06,4026.0,4064.782958984375,3823.0,3910.0,496752,3525.0,95.55640281639948,71.63264510416829,72.16257668711657,335.3800757127903
2020-08-07,4308.0,4394.0,3976.0,4049.0,720046,3619.5,92.84525790349417,90.45709953030216,79.10737386804658,323.05368906510563
2020-08-10,4250.0,4373.81005859375,4248.0,4339.0,555526,3703.3,88.01996672212978,111.92800223768621,74.63382157123834,238.89658063491203
2020-08-11,4220.0,4415.0,4103.4931640625,4309.0,431993,3779.2,84.05560098119379,133.19836822219006,73.17232375979113,170.8309421246579
2020-08-12,4780.0,4850.0,4382.85986328125,4512.0,1138767,3914.4,95.77804583835947,161.8589008513484,80.06789524733269,209.39001798677546
2020-08-13,4815.0,4970.0,4731.0,4808.0,525078,4064.4,91.28233970753656,193.83850966502635,87.8125,189.01972043115484
2020-08-14,4689.0,4899.0,4657.0,4815.0,312438,4197.5,83.58644859813084,223.76997360887702,81.97295943915874,143.84470572000475
2020-08-17,4995.0,5004.0,4714.0,4716.0,304314,4350.5,99.48453608247422,255.22067747632894,84.02839396628217,140.02890084237734
2020-08-18,5054.0,5074.0,4929.0,4999.0,342968,4503.6,98.89867841409692,286.33452462027674,85.65789473684211,132.88110114340088
2020-08-19,5064.0,5150.0,4954.7998046875,5090.0,231439,4620.1,95.45454545454545,315.11312707386634,90.16995865870464,119.15627178545297
2020-08-20,4975.0,5126.0,4925.0,5022.0,194250,4715.0,90.75052854122622,338.78127192436773,86.3697705802969,100.89246050804114
2020-08-21,4975.0,5056.0,4924.0,5042.0,209357,4781.7,90.01141552511416,357.23340664533026,85.68052930056712,89.24933999153333
2020-08-24,5034.0,5084.0,4924.0,5084.0,139329,4860.1,92.76356830941984,371.57605922190385,85.68729333963155,84.7915013376096
2020-08-25,5028.0,5094.0,4999.0,5000.0,192479,4940.9,90.80633006782216,381.6484789592979,82.31253577561534,79.40445722401459
2020-08-26,5022.0,5050.0,4944.0,4967.0,314362,4965.1,89.09710391822829,387.55080601590845,80.62730627306273,68.83467125975739
2020-08-27,5012.0,5074.0,4987.0,5040.0,193962,4984.8,86.81327295140176,389.4871391909614,75.99704579025111,65.8894892190092
2020-08-28,4909.0,5046.0,4851.0,4999.0,180809,5006.8,76.97100566150596,386.30513363177954,73.55253752680485,50.280648826247216
2020-09-01,5066.0,5142.0,4913.0,4924.0,328040,5013.9,89.0502404998272,381.7062342659078,77.71952817824378,62.86818985317718
2020-09-02,5034.0,5434.0,5034.0,5126.0,324267,5011.9,48.51994851994852,375.07980818621144,62.725450901803605,84.49225805074704
2020-09-03,4664.0,5198.0,4616.0,5062.0,373908,4971.9,5.8679706601467,360.77191918992264,44.336084021005256,6.3061998255256295
2020-09-04,4599.0,4889.0,4526.7001953125,4651.0,360249,4934.3,7.968678524338724,340.54017201850394,46.46226415094339,-50.451381949381584
2020-09-07,4801.0,4833.0,4543.0,4543.0,181717,4916.9,30.232543120846003,320.10267901178815,41.695205479452056,-48.23264538638777
2020-09-08,4686.0,4979.0,4504.02490234375,4745.0,315126,4882.1,19.567738761486073,298.04325906589503,34.96732026143792,-66.05954336809317
2020-09-09,4730.0,4735.0,4533.2900390625,4569.0,191371,4852.3,24.29904824610454,276.14633140812936,36.724960254372014,-116.56513804807788
2020-09-10,4629.0,4749.0,4600.7001953125,4627.0,124177,4813.0,13.43854238368488,253.2583345400059,36.377952755905504,-118.89329328487025
2020-09-11,4590.0,4709.0,4568.0,4568.0,177229,4770.8,9.244881704136693,229.74953211194727,35.294117647058826,-120.35111353627805
2020-09-14,4739.0,4739.0,4568.0,4568.0,221874,4753.8,25.266816095231043,208.93755337562928,39.45675482487492,-89.86364368647287
2020-09-15,4974.0,4996.0,4734.0,4819.0,257188,4744.6,50.53630993353422,194.1799666000825,48.34152334152334,5.504122877054707
2020-09-16,4929.0,5087.1298828125,4714.0,4819.0,291626,4734.1,45.69747068790169,182.83024835661456,47.21055788842232,12.001531179665616
2020-09-17,5004.0,5038.0,4857.0,4897.0,155281,4768.1,53.7622027639559,174.99136115033133,49.7690531177829,40.17708799291766
2020-09-18,5066.0,5156.0,4900.0,4900.0,459711,4814.8,60.429047946827374,170.35425532255516,54.642223536369016,72.89283678284718
2020-09-21,4900.0,5144.0,4863.0,5058.0,265523,4824.7,42.57910761849407,164.93034392852437,45.117647058823536,40.85332494653349
2020-09-22,5140.0,5188.23388671875,4930.0,4972.0,268069,4870.1,91.642351404844,162.75075865965397,52.77777777777778,90.87319804761684
2020-09-23,5316.0,5379.580078125,5032.0,5198.0,214558,4928.7,92.73831280041625,165.15594692227882,69.0198366394399,148.34205586246776
2020-09-24,5208.0,5316.0,5158.0,5244.0,132079,4986.6,80.40328206935666,168.20919773578348,67.33067729083666,129.59524353542386
2020-09-25,5358.0,5400.0,5192.0,5244.0,229777,5063.4,95.31236971765551,173.51836475452006,66.33431085043989,147.1353421507224
2020-09-28,5222.0,5468.0,5210.0,5424.0,247279,5111.7,73.68167556989917,177.39789701599935,65.52723059096176,121.89035195932011
2020-09-29,5200.0,5316.0,5168.0,5316.0,317462,5134.3,70.22222222222223,179.42266757428598,63.791079812206576,90.27926932777288
2020-09-30,5150.0,5245.3701171875,5130.0,5220.0,268712,5156.4,64.66666666666667,178.97210626067994,65.75922565033272,73.0547641634007
2020-10-01,5266.0,5370.39990234375,5154.0,5154.0,253342,5182.6,77.55555555555556,178.43647267170485,69.53757225433526,90.9147835805971
2020-10-02,5264.0,5286.0,5166.43505859375,5242.0,126670,5202.4,72.94429708222812,177.43699457936395,66.58243840808592,75.03456986714671
2020-10-05,5438.0,5548.0,5270.0,5300.0,359003,5256.2,86.81055155875299,178.5708356052428,65.24310118265441,117.91528043011539
2020-10-06,5266.0,5500.0,5232.0,5500.0,235812,5268.8,59.18958031837916,177.8312033053322,60.21831412977562,84.0719735224324
2020-10-07,5310.0,5388.0,5202.0,5258.0,269159,5268.2,65.25547445255475,176.25276798547992,59.456118665018536,68.35145356267836
2020-10-08,5286.0,5484.0,5278.0,5354.0,203471,5276.0,61.75182481751825,173.44670967733632,56.9620253164557,79.5569712701536
2020-10-09,5412.0,5500.0,5292.06005859375,5370.0,422028,5281.4,77.99352750809061,171.63323555068516,66.62337662337663,96.43655337744778
2020-10-12,5268.0,5500.0,5264.18017578125,5438.0,440885,5286.0,45.736434108527135,167.84833651069545,54.43213296398892,70.57365373065123
2020-10-13,5378.0,5418.0,5202.0,5202.0,363889,5303.8,59.33014354066986,164.398622633648,52.24963715529753,62.1498987371178
2020-10-14,4825.0,5254.0,4737.0,5000.0,1174636,5271.3,10.850801479654747,152.1423462867376,39.49533735600658,-162.95733561187475
2020-10-15,4644.0,4890.0,4497.9599609375,4801.0,839878,5209.1,13.908044801119004,131.7742689836561,30.74433656957929,-259.1871037771127
2020-10-16,4710.0,4889.0,4529.0,4553.0,654955,5153.7,20.193519406347043,108.14225150060898,35.65022421524664,-201.36689533658995
2020-10-19,4927.0,5000.0,4600.0,4799.0,549998,5102.6,40.859398032627105,86.91891914831733,43.10257705912077,-135.778759684517
2020-10-20,4954.0,5106.0,4896.0,4962.0,679431,5071.4,43.43072855294766,68.5505295559394,44.989775051124745,-74.22817331079258
2020-10-21,4895.0,5074.0,4859.0,4947.0,430950,5029.9,37.81189519372866,51.836913046285176,40.23170089520801,-78.36792884973453
2020-10-22,4673.0,4910.2431640625,4618.0,4894.0,811239,4968.6,16.669844248870717,33.376604489735826,36.05474280320906,-125.78440266345801
2020-10-23,4665.0,4827.59912109375,4561.0,4670.0,285467,4893.9,16.66999646229518,14.585515715328391,30.209933435739885,-119.89212891882327
2020-10-26,4576.0,4827.60009765625,4529.0,4676.0,306086,4824.7,7.788115845701494,-4.881026127603114,31.55080213903743,-113.80976754478758
2020-10-27,4591.0,4664.0,4565.634765625,4591.0,461358,4746.0,9.285062017037509,-23.500019492652125,30.47256925583922,-108.61774578134794
2020-10-28,4468.0,4625.0,4443.0,4568.0,868827,4710.3,2.3651844843897822,-42.52057935728766,28.917525773195877,-116.56030685444058
2020-10-29,4448.0,4550.0,4434.0,4449.0,470047,4690.7,1.3133208255159474,-61.01791946384306,23.7186477644493,-112.51056685914931
2020-10-30,4408.0,4570.0,4371.0,4450.0,377861,4660.5,3.5339063992359123,-78.7167588857566,25.144508670520224,-107.51571888146916
2020-11-02,4510.0,4561.0,4360.0,4400.0,378372,4618.8,16.778523489932887,-93.18054929600905,24.796747967479675,-92.88007154009867
2020-11-03,4563.0,4718.0,4557.0,4587.0,347490,4579.7,27.211796246648795,-103.80049649956398,39.27986906710311,-57.0515669716889
2020-11-04,4753.0,4799.0,4543.0,4543.0,381626,4565.5,52.68096514745308,-108.18656070819421,54.42729488220959,-31.82950452942781
2020-11-05,4695.0,4882.0,4680.0,4850.0,365822,4567.7,44.90616621983914,-109.11420016215554,49.38675388389207,-11.496656645784574
2020-11-06,4684.0,4791.0,4659.0,4712.0,257423,4569.6,43.43163538873995,-107.75234282947926,38.05309734513275,-16.35494119552309
2020-11-09,4420.0,4851.0,3759.0,4735.0,908479,4554.0,50.26615969581749,-108.99324050420299,28.708133971291872,-152.38695824437136
2020-11-10,4361.0,4520.0,4184.73486328125,4398.0,500879,4531.0,52.29129855378824,-112.49333758636187,28.708133971291872,-139.9252768347983
2020-11-11,4597.0,4597.0,4273.0,4369.0,536912,4543.9,74.62154942119324,-113.20433897978825,47.00315457413249,-69.9357033872425
2020-11-12,4577.0,4661.0,4481.0,4597.0,283183,4556.8,72.84060552092609,-112.19099009303231,46.5625,-27.07171943746981
2020-11-13,4550.0,4628.0,4515.990234375,4529.0,226968,4571.0,70.43633125556545,-110.32503655044096,48.93267651888341,-27.877817254076408
2020-11-16,4484.0,4585.0,4260.0,4585.0,612760,4568.4,64.55921638468388,-108.82404167354619,45.78408195429471,-79.27887546606375
2020-11-17,4463.0,4511.0,4383.0,4464.0,222785,4558.4,62.68922528940338,-107.71749118083756,49.785775492716375,-68.72447818603406
2020-11-18,4484.0,4536.0,4433.0,4450.0,240571,4531.5,64.55921638468388,-106.33562530534282,51.54109589041096,-43.786961565207854
2020-11-19,4500.0,4529.0,4414.0,4510.0,137439,4512.0,65.9839715048976,-104.35600571945473,54.02097902097903,-40.44912230641423
2020-11-20,4560.0,4598.0,4449.09521484375,4453.0,142170,4499.6,71.32680320569902,-100.91038721481507,52.26860254083485,1.8734346847849583
2020-11-23,4552.0,4663.31494140625,4525.0,4583.0,212440,4512.8,70.61442564559216,-96.62417414774866,49.47965941343424,38.629738319911134
2020-11-24,4451.0,4604.0,4350.7099609375,4600.0,398025,4521.8,61.6206589492431,-93.42695303903534,34.40082644628099,-43.04368865079317
2020-11-25,4400.0,4482.451171875,4382.0,4452.0,340265,4502.1,58.6996336996337,-91.68063089558339,34.651404786680544,-73.51683788719143
2020-11-26,4473.0,4524.0,4367.0,4441.0,138548,4491.7,65.38461538461539,-89.56161813982528,39.6871945259042,-47.03388220051761
2020-11-27,4472.0,4540.0,4441.2880859375,4540.0,139573,4483.9,60.02446609232226,-87.13191765041107,53.42105263157895,-26.432153039341394
2020-11-30,4636.0,4680.0,4492.0,4581.0,307823,4499.1,89.52380952380952,-81.81973754128347,65.89595375722544,57.09334400489993
2020-12-01,4666.0,4696.3251953125,4610.0,4672.0,222913,4519.4,93.04986380839621,-74.31423209779109,55.235204855842184,93.3691672282996
2020-12-02,4622.0,4708.0,4569.0,4657.0,231074,4533.2,80.80357142857143,-66.36006095891916,53.294289897510986,81.2883642627859
2020-12-03,4563.0,4629.0,4523.4599609375,4617.0,159767,4539.5,67.63392857142857,-59.33170818815146,50.909090909090914,47.55711155324905
2020-12-04,4448.0,4617.10986328125,4418.0,4593.0,376848,4528.3,27.22998920366802,-54.9516071707016,47.64397905759162,-9.90529366235293
2020-12-07,4420.0,4513.0,4390.0,4456.0,176706,4515.1,19.393218810216883,-52.782468998591995,47.21141374837873,-70.87941379206116
2020-12-08,4390.0,4465.0,4308.0,4465.0,312481,4509.0,20.5,-52.47115986677537,43.97435897435898,-130.46332060954938
2020-12-09,4400.0,4421.0,4347.0,4408.0,187139,4509.0,23.0,-53.06148477768377,43.54005167958657,-116.08700126559697
2020-12-10,4388.0,4499.0,4264.0,4429.0,177557,4500.5,27.92792792792793,-54.25650576613227,38.15426997245179,-112.42496837714978
2020-12-11,4427.0,4499.0,4277.0,4400.0,306514,4496.0,36.711711711711715,-55.022009792354055,41.743725231175695,-88.73956699153986
2020-12-14,4380.0,4517.0,4364.0,4500.0,379179,4470.4,26.126126126126128,-56.10262318152106,44.950213371266,-67.14283497209823
2020-12-15,4391.0,4458.4501953125,4336.0,4406.0,226861,4442.9,28.603603603603602,-57.02072567308716,49.32126696832579,-86.91976963596035
2020-12-16,4601.0,4601.0,4398.0,4452.0,343517,4440.8,75.90090090090091,-54.30845191435279,58.00000000000001,43.4299302684262
2020-12-17,4672.0,4728.0,4479.0,4619.0,452502,4451.7,87.93103448275862,-48.20636704611163,61.49425287356322,111.89269306226561
2020-12-18,4553.0,4704.0,4524.0,4675.0,240407,4462.2,62.28448275862069,-42.08819905492821,44.96969696969696,78.36452040654311
2020-12-21,4550.0,4704.0,4397.0,4571.0,128087,4475.2,61.63793103448276,-36.23261067840716,42.73182957393483,45.42849276840299
2020-12-22,4570.0,4680.0,4518.0,4578.0,227362,4493.2,65.94827586206897,-30.446891968014306,46.640826873385016,69.34083059352608
2020-12-23,4757.0,4832.0,4552.0,4572.0,204791,4528.9,86.79577464788733,-21.955392736951893,60.75388026607539,144.69479133531087
2020-12-24,4829.0,4877.0,4739.0,4784.0,91651,4573.0,92.16965742251223,-11.014342386558269,72.17694994179278,185.08860960531382
2020-12-29,4894.0,4981.0,4807.0,4933.0,243260,4619.7,87.86610878661088,1.9506321624533491,76.45089285714286,196.65788444627827
2020-12-30,4830.0,4928.0,4810.0,4926.0,80908,4664.7,78.9400278940028,14.478989293414127,73.65591397849462,150.70169621662825
2020-12-31,4783.0,4854.93310546875,4745.0,4827.0,35114,4703.9,72.38493723849372,25.29406780723642,69.80351602895553,108.88964676890303
2021-01-04,4811.0,4851.0,4563.0,4607.0,264931,4724.9,75.85227272727273,34.85742553852145,71.51576805696847,76.75911988751388
2021-01-05,5128.0,5136.0,4784.8701171875,4845.0,275055,4770.5,99.0,48.11300465201543,77.79540047581284,168.2071620360451
2021-01-06,5136.0,5284.0,5004.0,5128.0,269629,4828.8,84.38818565400844,63.005893294501035,80.9328968903437,178.05476077249364
2021-01-07,5124.0,5238.0,4982.0,5238.0,162545,4886.2,81.96166854565952,77.80924983077824,79.96729354047424,143.4680213102157
2021-01-08,5214.0,5302.39013671875,5128.10986328125,5266.0,309265,4950.6,90.2373426510822,93.03902738273078,77.78785131459655,152.54982094743883
2021-01-11,5366.0,5434.0,5150.0,5200.0,521526,5011.5,93.44262295081967,109.95072372267889,79.30743243243242,158.30555050277516
2021-01-12,5196.0,5383.865234375,5126.48291015625,5356.0,620169,5048.2,77.04918032786885,124.0672244550083,76.03238866396761,120.42705364194535
2021-01-13,5300.0,5470.0,5148.0,5402.0,993853,5088.8,82.14285714285714,137.06822539612696,78.0688622754491,123.13473307737895
2021-01-14,5186.0,5446.0,5166.0,5446.0,294111,5124.4,69.06318082788671,146.55730909593547,71.53846153846153,100.05516591304544
2021-01-15,4836.0,5218.0,4786.0,5154.0,414621,5129.7,30.09922822491731,147.42967832155182,52.479598242310104,9.519051258658774
2021-01-18,4823.0,4999.0,4767.0,4999.0,129209,5130.9,28.66593164277839,142.31209734565581,49.80443285528032,-20.32239769300951
2021-01-19,4578.0,4853.0,4532.0,4813.0,580370,5075.9,4.904051172707889,129.47521371376905,40.781796966161025,-84.75554957539237
2021-01-20,4629.0,4689.0,4535.0,4601.0,252233,5025.2,10.341151385927505,112.99152638825758,44.091710758377424,-96.82935160862344
2021-01-21,4840.0,4904.0,4647.0,4664.0,239915,4996.8,32.83582089552239,98.19504650742235,51.52815013404826,-47.8984221421165
2021-01-22,4788.0,4862.0,4717.0,4838.0,198944,4954.2,27.292110874200425,84.17829548821172,49.39121228163049,-55.95835713599452
2021-01-25,5056.0,5128.0,4791.0,4953.0,348417,4923.2,55.863539445628994,75.46896877646616,48.04347826086956,8.162854199736756
2021-01-26,4791.0,5208.0,4780.0,5208.0,537659,4882.7,27.611940298507463,66.14286082288957,41.77396280400572,-17.364217983320337
2021-01-27,4700.0,4931.64990234375,4638.0,4751.0,463603,4822.7,17.91044776119403,55.3164515145685,40.25735294117647,-74.036385758772
2021-01-28,4735.0,4763.0,4529.0,4562.0,324384,4777.6,21.891604675876728,44.549547824531246,38.70815652993871,-95.2143934069445
2021-01-29,4474.0,4569.0,4233.0,4500.0,699179,4741.4,19.48261924009701,30.118719991073966,30.0,-159.4143863560062
2021-02-01,4784.0,4823.0,4512.0,4566.0,627735,4737.5,44.54324979789814,19.025125617987968,41.30801687763713,-71.21165395979058
2021-02-02,5054.0,5110.0,4780.0,4858.0,1027872,4785.1,67.68342951360263,14.869119271261173,45.14984227129337,13.95538577295102
2021-02-03,5074.0,5112.0,4969.044921875,5050.0,293151,4829.6,85.38071065989848,15.564522004767323,47.70679770679771,37.93063374862251
2021-02-04,4907.0,5134.0,4902.0,5134.0,287464,4836.3,69.12820512820512,16.564377643546933,51.57149181053564,18.24840486407346
2021-02-05,4900.0,4975.0,4801.0,4935.0,254313,4847.5,68.41025641025641,17.55320990139129,51.708832667554375,-5.918950872622461
2021-02-08,4889.0,4941.56201171875,4679.0,4850.0,348686,4830.8,67.28205128205128,18.26779080518666,57.70183259039128,-18.69054296726937
2021-02-09,4974.0,5106.0,4933.0,5000.0,452622,4849.1,76.0,20.08750612731618,58.40233804188991,54.11373161529908
2021-02-10,4916.0,5058.9599609375,4893.0,5000.0,202192,4870.7,70.05128205128206,21.53336619361801,51.99999999999999,46.170604361713146
2021-02-11,5062.0,5062.0,4904.0,5030.0,527289,4903.4,85.02564102564102,24.949372486538145,56.87061183550652,83.37047760485079
2021-02-12,5300.0,5312.0,5000.0,5100.0,387720,4986.0,98.88785912882298,33.161441902184784,56.211812627291245,160.55519559977233
2021-02-15,5496.0,5604.0,5290.0,5310.0,341385,5057.2,92.12253829321664,47.00058441250454,68.60158311345647,224.39357326967792
2021-02-16,5568.0,5586.0,5400.0,5402.0,492560,5108.6,97.3741794310722,64.68279071515528,73.13432835820896,210.0248799454684
2021-02-17,5682.0,5774.0,5460.0,5588.0,476033,5169.4,94.02985074626865,85.51820273225583,74.21994884910487,215.04568209201727
2021-02-18,5670.0,5718.0,5582.60009765625,5660.0,372630,5245.7,91.75911251980983,106.85139000257155,85.05275498241501,176.50722282024518
2021-02-19,5772.0,5790.0,5616.0,5616.0,338361,5332.9,98.37983798379838,128.76206672568344,82.97730307076102,156.93116591551183
2021-02-22,5802.0,5840.0,5706.0,5800.0,304280,5424.2,96.72695951765719,150.07126645315248,79.72972972972973,139.25007749483476
2021-02-23,5668.0,5844.0,5402.0,5802.0,753071,5493.6,84.89270386266094,167.40647408036676,71.6472303206997,94.78876007925453
2021-02-24,5666.0,5814.0,5564.0,5564.0,396751,5568.6,84.72103004291846,180.92865817008519,81.44159072079536,91.07666158135808
2021-02-25,5660.0,5828.0,5650.0,5696.0,359265,5628.4,84.20600858369099,190.8439582369091,81.50912106135986,86.25196673245897
2021-02-26,5600.0,5644.080078125,5472.0,5510.0,275817,5658.4,74.34279705573081,196.5865199195282,78.32669322709162,53.47934787802524
2021-03-01,5692.0,5786.0,5518.0,5636.0,208952,5678.0,84.01682439537329,200.43240127331282,78.44690966719493,65.56950711841844
2021-03-02,5596.0,5728.0,5548.0,5584.0,244110,5680.8,73.61702127659575,200.89942276877306,76.15384615384616,52.14623307575382
2021-03-03,5658.0,5740.0,5567.48486328125,5598.0,180938,5678.4,77.96208530805687,199.75544169282927,74.50657894736842,54.41851257320068
2021-03-04,5434.0,5620.0,5410.0,5580.0,528689,5654.8,25.9927797833935,193.63261256199718,55.57404326123128,12.7162046093592
2021-03-05,5164.0,5450.0,5164.0,5326.0,398249,5594.0,0.0,179.9610865476389,36.990595611285265,-52.955750338293434
2021-03-08,5230.0,5276.0,5054.0,5150.0,177987,5536.8,22.27848101265823,162.91769128840974,36.69291338582678,-85.64917266755961
2021-03-09,5458.0,5458.0,5168.0,5300.0,201530,5515.8,51.139240506329116,147.92060111712198,41.90751445086705,-43.05039676775958
2021-03-10,5348.0,5548.0,5300.0,5548.0,379001,5484.0,37.21518987341772,132.9001408535412,39.13630229419703,-43.80458311092983
2021-03-11,5384.0,5522.0,5310.0,5450.0,157387,5456.4,41.77215189873418,118.923882686435,36.29943502824859,-56.157464337360274
2021-03-12,5298.0,5450.0,5272.0,5450.0,140998,5426.2,30.88607594936709,104.69163735508388,32.88043478260869,-92.7912058050654
2021-03-15,5426.0,5442.0,5202.0,5326.0,255836,5399.6,48.06201550387597,92.84857387011141,41.7462482946794,-79.25817593599002
2021-03-16,5618.0,5658.0,5480.0,5518.0,429133,5401.8,72.86821705426357,85.97546341998432,48.550724637681164,21.64791138358747
2021-03-17,5598.0,5648.0,5538.0,5592.0,158998,5395.8,74.31693989071039,82.0626792639093,48.1437125748503,27.10046013005356
2021-03-18,5598.0,5654.0,5350.0,5420.0,207195,5412.2,74.31693989071039,80.02344744331056,49.93788819875777,2.6280343736881404
2021-03-19,5692.0,5708.0,5558.0,5650.0,169421,5465.0,93.00291545189505,80.58274730746713,50.0,60.8729139555261
2021-03-22,5752.0,5836.0,5650.0,5680.0,228223,5517.2,89.25831202046035,83.51503764256304,54.949238578680195,107.26298665964433
2021-03-23,5918.0,5994.9501953125,5550.0,5748.0,300736,5563.2,91.82207563207487,90.23904231192348,57.73809523809525,131.94576201102385
2021-03-24,5734.0,5985.08984375,5718.0,5948.0,190261,5601.8,72.26737434005894,95.84585106610562,59.146341463414636,120.32337684225116
2021-03-25,5628.0,5728.0,5536.0,5676.0,164006,5626.2,61.00216598704974,98.54888471125913,65.71815718157183,43.33217808251415
2021-03-26,5706.0,5812.0,5508.0,5550.0,199653,5667.0,65.05833157179347,100.31002248511297,65.99462365591398,59.26257212018173
2021-03-29,5554.0,5797.97998046875,5508.0,5706.0,201490,5679.8,44.39118649328002,98.73477836519776,53.39943342776204,36.57482422483249
2021-03-30,5486.0,5666.0,5424.0,5628.0,274992,5666.6,35.815616375260014,93.84099479367336,55.036496350364956,-3.2151353071804936
2021-03-31,5534.0,5670.0,5427.16015625,5670.0,358580,5660.2,41.86895998798001,87.67568456268177,55.42691751085383,7.916886237404445
2021-04-01,5772.0,5882.0,5506.0,5640.0,308147,5677.6,71.88345540105003,84.63392218216693,65.44980443285527,81.84740327236503
2021-04-06,5826.0,5868.0,5700.0,5700.0,235557,5691.0,73.80414851558608,84.37803392461677,63.6986301369863,107.93459060948713
2021-04-07,5788.0,5880.0,5736.0,5872.0,327483,5694.6,67.91222069291324,85.08310926778317,56.50842266462481,103.9469699550725
2021-04-08,5590.0,5924.0,5528.0,5790.0,406900,5661.8,37.212175722144245,83.00064078881027,49.73045822102426,37.32089301056768
2021-04-09,5360.0,5543.9990234375,5300.0,5400.0,2300838,5624.4,8.63371222926553,75.42146936542547,43.05717619603268,-114.90044956928827
2021-04-12,5240.0,5450.56982421875,5074.0,5390.0,655449,5585.6,18.024861805221978,62.70795301590764,37.01149425287356,-178.53229216219012
2021-04-13,5424.0,5426.0,5216.0,5276.0,477156,5557.4,38.004226697757176,50.23548069678639,41.201716738197426,-128.47698637260797
2021-04-14,5426.0,5514.0,5348.0,5440.0,352147,5544.6,38.63504816947423,38.485329724678145,35.529411764705884,-95.26722045501526
2021-04-15,5388.0,5506.0,5330.0,5498.0,187502,5534.8,36.94117647058823,27.109894451857468,38.867438867438864,-94.54377628546314
2021-04-16,5374.0,5424.0,5332.0,5382.0,123001,5518.8,35.294117647058826,16.280492077332276,41.31326949384405,-96.09348830410482
2021-04-19,5316.0,5478.0,5272.0,5428.0,252399,5473.2,28.470588235294116,5.39856505224971,36.47711511789182,-95.34610603344815
2021-04-20,5100.0,5346.92919921875,5074.0,5300.0,380060,5400.6,3.0588235294117645,-8.404293077969339,34.926958831341295,-146.59198115541187
2021-04-21,5128.0,5324.34619140625,5083.21484375,5132.0,270857,5334.6,6.352941176470588,-22.848486875059017,37.78990450204638,-127.87504592192464
2021-04-22,5258.0,5300.0,5000.0,5124.0,231724,5301.4,27.92207792207792,-34.81131853922868,41.08527131782946,-112.17955410659597
2021-04-23,5314.0,5328.0,5175.15283203125,5250.0,433769,5296.8,33.98268398268398,-43.61897975697515,33.23572474377745,-74.12846064134457
2021-04-26,5354.0,5372.0,5226.0,5314.0,219794,5308.2,38.311688311688314,-49.249735993453136,32.54437869822485,-52.37735892807649
2021-04-27,5354.0,5368.0,5274.0,5312.0,248990,5301.2,38.311688311688314,-52.481846077723034,33.4855403348554,-42.64110924637818
2021-04-28,5212.0,5386.0,5198.0,5340.0,177695,5279.8,38.97065819353565,-56.18700899419108,34.97615262321145,-65.26855242376563
2021-04-29,5154.0,5300.0,5132.0,5300.0,199201,5256.4,29.961089494163424,-60.7917360651469,40.51565377532228,-88.1314162294
2021-04-30,5220.0,5276.0,5111.47021484375,5130.0,227151,5241.0,42.80155642023346,-64.52735700228378,49.031007751937985,-78.97478859269395
2021-05-04,5062.0,5308.0,5062.0,5272.0,328379,5215.6,12.062256809338521,-69.89613845142838,32.007952286282304,-101.09916585364623
2021-05-05,5184.0,5264.0,5064.0,5166.0,271946,5224.0,36.36363636363637,-73.90136669036288,39.253996447602134,-84.71521158235895
2021-05-06,5008.0,5294.0,4932.0,5152.0,423308,5212.0,13.91941391941392,-79.4815265555229,34.96835443037975,-133.0883766877444
2021-05-07,4943.0,5080.0,4893.0,5050.0,418096,5180.5,8.547008547008547,-86.61218441215377,33.61216730038022,-191.40880745836378
2021-05-10,5000.0,5048.0,4920.0,4969.0,187869,5149.1,21.703853955375255,-93.2340551064821,37.97564687975647,-156.3428653181387
2021-05-11,4890.0,4962.1728515625,4789.0,4942.0,325239,5102.7,16.917922948073702,-100.732384944493,41.30794701986755,-187.7790609828421
2021-05-12,4878.0,4941.0,4826.0,4889.0,334033,5055.1,14.90787269681742,-108.34885106351587,39.51342281879195,-164.67008916757655
2021-05-13,4742.0,4830.0,4650.0,4830.0,373948,5008.1,12.5,-117.56294659673183,28.464106844741238,-196.94787149339857
2021-05-14,4960.0,4974.0,4714.0,4789.0,352798,4988.7,42.119565217391305,-123.54937476822111,36.98529411764706,-111.03641771931582
2021-05-17,4873.0,5116.0,4838.0,5068.0,223410,4954.0,30.29891304347826,-128.30538528230343,32.90689410092395,-73.78026714452714
2021-05-18,4875.0,4965.0,4841.0,4841.0,398504,4935.3,30.570652173913043,-131.7165331573133,33.002129169623856,-84.80037172558464
2021-05-19,4726.0,4842.0,4624.0,4824.0,315088,4889.5,14.912280701754385,-136.18292853083588,32.83898305084746,-134.05726633309376
2021-05-20,4892.0,4918.0,4722.0,4786.0,284057,4877.9,39.1812865497076,-138.11777527750766,41.40419947506562,-79.09089713035996
2021-05-21,4841.0,4910.0,4701.0,4900.0,184119,4867.7,31.72514619883041,-138.8633453909373,37.442014579191515,-81.07858143109105
2021-05-24,4851.0,4882.0,4801.0,4801.0,181336,4852.8,33.88059701492537,-138.34837412056885,42.248346803820716,-65.06657077002691
2021-05-25,4839.0,4925.0,4813.0,4923.0,241312,4847.7,32.08955223880597,-136.94644463835644,36.211031175059944,-54.858941532107934
2021-05-26,4864.0,4884.0,4700.0,4782.0,298540,4846.3,48.78048780487805,-134.35108934462363,43.45454545454546,-69.51771778129401
2021-05-27,4816.0,4889.0,4756.0,4889.0,444214,4853.7,39.02439024390244,-131.603369342613,44.13665743305633,-63.21268023104866
2021-05-28,4877.0,4907.0,4765.0,4813.0,298741,4845.4,51.422764227642276,-127.63102004357047,44.34222631094756,-42.44292137234116
2021-06-01,4908.0,4984.0,4866.0,4920.0,175086,4848.9,57.72357723577236,-122.31385013404503,50.892857142857146,11.634803418814375
2021-06-02,4822.0,4900.0,4800.0,4895.0,142648,4843.6,40.24390243902439,-117.52580931831385,47.412199630314234,-42.95433886321386
2021-06-03,4850.0,4857.0,4769.0,4800.0,187452,4856.0,45.9349593495935,-112.6058246398747,55.54414784394251,-51.434323816473444
2021-06-04,4946.0,4948.0,4800.0,4839.0,203009,4861.4,65.44715447154472,-106.07277844740615,49.178403755868544,47.68388738033891
2021-06-07,5044.0,5064.0,4939.0,4980.0,208371,4881.7,95.45454545454545,-97.06587554296333,59.90730011587486,192.9973113262432
2021-06-08,5198.0,5326.0,5002.0,5062.0,290128,4916.4,81.76638176638177,-84.30235108972573,65.91133004926108,321.95715244916727
2021-06-09,5092.0,5200.0,5070.0,5190.0,296546,4941.7,62.61980830670927,-71.35236005054207,68.82716049382717,204.92119254911435
2021-06-10,5100.0,5124.0,4891.0,5072.0,400327,4965.3,63.89776357827476,-58.674093507576075,62.77641277641278,112.93985955732505
2021-06-11,5070.0,5184.0,5032.0,5182.0,197014,4990.7,59.105431309904155,-47.17565664766549,64.43883984867591,132.26400052747368
2021-06-14,5066.0,5180.0,5054.0,5180.0,211365,5009.6,58.466453674121404,-36.97577603612052,63.65946632782719,114.84372054443266
2021-06-15,4925.0,5178.0,4895.0,5036.0,593078,5011.3,35.94249201277955,-30.289797296552887,54.6943231441048,46.27463214267174
2021-06-16,4848.0,4969.0,4795.0,4902.0,273664,5013.9,16.140350877192983,-27.316207681788146,49.17355371900826,-33.03763565711425
2021-06-17,4949.0,4949.0,4720.0,4779.0,455015,5023.8,37.788778877887786,-25.151696956547063,56.513222331048,-37.94776906721191
2021-06-18,4750.0,5070.0,4717.0,4995.0,388979,5004.2,5.41871921182266,-26.725371403597983,44.52113891285591,-55.56277337490757
2021-06-21,4752.0,4805.0,4660.2998046875,4792.0,337411,4975.0,13.774999009794962,-30.466751921747477,43.097345132743364,-119.07096840500743
2021-06-22,4850.0,4894.0,4682.39013671875,4705.0,325341,4940.2,28.496340642268994,-33.73770660676411,51.225919439579684,-72.96805430797839
2021-06-23,4725.0,4877.0,4670.0,4836.0,248774,4903.5,9.719119172276606,-38.45974558015973,44.95560936238902,-98.67502401225167
2021-06-24,4755.0,4758.0,4581.0,4705.0,336679,4869.0,23.355704697986578,-43.27746896913577,41.85848252344415,-125.74265391180678
2021-06-25,4894.0,4940.0,4755.0,4767.0,480139,4851.4,42.013422818791945,-45.58631055154568,43.82207578253707,-31.6253220234616
2021-06-28,4890.0,4930.0,4833.0,4930.0,216926,4833.8,49.919224555735056,-46.1615175726958,35.526315789473685,-20.319668317544437
2021-06-29,5036.0,5042.0,4879.0,4900.0,530055,4844.9,75.45605306799337,-43.18540656898999,47.46376811594203,36.86793156941524
2021-06-30,4960.0,5090.0,4959.0,5014.0,265513,4856.1,62.85240464344942,-39.25351821982734,44.027303754266214,41.88075894733109
2021-07-01,5156.0,5158.0,4937.0,4937.0,376480,4876.8,95.99332220367279,-31.712150996158368,53.21375186846039,78.97583591617078
2021-07-02,5192.0,5242.7451171875,5080.0,5080.0,239805,4921.0,92.33162196901836,-21.657125891370114,54.5985401459854,113.12153338208863
2021-07-05,5172.0,5226.0,5110.0,5176.0,100162,4963.0,89.30931028427143,-10.823417103871805,59.88791032826261,102.32065831864631
2021-07-06,5052.0,5126.7900390625,4993.0,5072.0,183104,4983.2,71.17544017578993,-1.959426543754443,57.89473684210526,51.436639674483736
2021-07-07,5150.0,5200.0,5034.0,5054.0,224341,5025.7,85.98476743104983,6.773316451989778,57.79674166020171,87.74457909794269
2021-07-08,4829.0,5140.0,4791.0,5100.0,334033,5033.1,37.476664890861784,9.829205919399822,52.79943302622254,-17.175503007060463
2021-07-09,4835.0,4956.0,4740.0,4956.0,338805,5027.2,38.383358396285864,9.240082545871186,52.93286219081272,-51.931523390257446
2021-07-12,4755.0,4941.0,4731.0,4910.0,309250,5013.7,26.29411165729819,5.099805266444442,46.59985683607731,-65.05963253129192
2021-07-13,4628.0,4828.0,4627.0,4828.0,564743,4972.9,7.102432459155258,-3.0870606214417817,46.533238027162255,-116.41655906637696
2021-07-14,4707.0,4748.0,4566.259765625,4655.0,524977,4947.6,20.804624083866376,-12.113645919660772,48.34254143646409,-114.88580407558031
2021-07-15,3854.0,4451.0,3809.0,4349.0,2357273,4817.4,3.1386331824637046,-34.774869918877684,25.948196114708608,-325.83960972210326
2021-07-16,3940.0,3953.0,3841.0,3953.0,608327,4692.2,9.136909931172118,-63.342743766239515,28.83244206773618,-275.6767628120558
2021-07-19,3820.0,3919.780029296875,3772.925048828125,3889.0,335694,4557.0,3.202769657677925,-95.88537514291026,22.587917042380525,-224.64685971808046
2021-07-20,3744.0,3897.0,3652.0,3850.0,317953,4426.2,5.783453238735041,-130.20736247115613,22.587917042380525,-187.14810668501795
2021-07-21,3907.0,4000.0,3701.0,3800.0,528104,4301.9,16.03022365084169,-160.9480616299714,21.418764302059486,-135.84013888983185
2021-07-22,3902.0,4012.72900390625,3866.0,3913.0,410275,4209.2,15.88310038119441,-187.54553938963878,20.05571030640668,-105.75956514914121
2021-07-23,3900.0,3956.0,3875.0,3950.0,215088,4115.7,16.020671834625322,-209.75629712052535,20.224719101123597,-92.98026611862349
2021-07-26,3874.0,3961.0,3829.0,3950.0,154599,4027.6,14.34108527131783,-227.9899568848122,21.15572967678746,-84.01276608352622
2021-07-27,3798.0,3913.0,3762.0,3861.0,842951,3944.6,9.811827956989248,-243.46791050145606,16.534653465346523,-81.75448575892683
2021-07-28,3902.0,3917.0,3751.0,3785.0,416614,3864.1,19.171779141104295,-254.1930891111801,24.292845257903494,-69.90115457416273
2021-07-29,3835.0,3914.0,3808.0,3873.0,360536,3862.2,14.197051978277734,-261.86667723876667,23.17596566523605,-64.10861568101309
2021-07-30,3806.0,3860.0,3687.0,3860.0,466170,3848.8,13.095238095238095,-267.0911563366984,23.827909542195258,-67.25779253351902
2021-08-02,3902.0,4000.0,3819.0,3992.0,443303,3857.0,22.81021897810219,-268.36632681071177,29.629629629629633,-46.54477625384035
2021-08-03,3900.0,3935.0,3803.51904296875,3925.0,372933,3872.6,31.038798498122652,-266.5195482948889,26.33431085043989,-46.88129204338053
2021-08-04,4026.0,4057.0,3889.0,3900.0,521533,3884.5,92.34567901234568,-260.1950954437135,58.79345603271984,-23.247820015747557
2021-08-05,3991.0,4062.60302734375,3940.0,4045.0,357000,3893.4,82.5614955138153,-251.3610286390599,52.75080906148868,-15.673119201771668
2021-08-06,4012.0,4072.0,3950.0,3950.0,204027,3904.6,85.71428571428571,-240.50913544275144,61.59420289855072,-3.1345898451355776
2021-08-09,3975.0,4069.0,3882.0,4063.0,215922,3914.7,74.8051948051948,-229.0035263498441,64.63878326996198,-1.889329295538661
2021-08-10,4000.0,4080.0,3957.0,4001.0,218902,3934.9,79.6437659033079,-216.77051808023558,57.142857142857146,41.202822521137136
2021-08-11,3980.0,4041.0,3956.0,4041.0,181735,3942.7,74.55470737913485,-204.54788906653124,55.85585585585586,82.55331709343896
2021-08-12,3976.0,4011.860107421875,3947.6201171875,4000.0,115343,3956.8,73.53689567430025,-192.57010762803435,55.68862275449102,75.0296014741413
2021-08-13,3982.0,4014.0,3965.0,3982.0,290888,3974.4,75.06361323155217,-180.8390542776046,58.33333333333334,75.27540540160444
2021-08-16,3920.0,3975.0,3881.0,3930.0,327944,3976.2,59.287531806615775,-170.45461151862952,59.62145110410095,9.137218356567551
2021-08-17,3915.0,3966.0,3750.0,3776.0,266817,3977.7,58.01526717557252,-161.14983937979773,51.21495327102804,-52.603984065287456
2021-08-18,4042.0,4064.0,3873.0,3941.0,426626,3979.3,90.33078880407125,-150.61605149248214,67.39495798319328,73.90078589553754
2021-08-19,4017.0,4070.0,3941.0,3993.0,238537,3981.9,80.9090909090909,-139.91971486233516,67.85109983079526,82.29079518935018
2021-08-20,4080.0,4134.0,4003.0,4065.0,261175,3988.7,85.9375,-128.35818193213666,65.94982078853047,130.55552654312208
2021-08-23,4015.0,4130.0,4006.0,4113.0,639284,3992.7,69.01041666666667,-117.604918159655,59.25925925925925,98.88330512510585
2021-08-24,4027.0,4051.0,3979.0,4029.0,260206,3995.4,72.13541666666667,-107.46246730336608,50.09861932938856,64.15752750637502
2021-08-25,4004.0,4146.0,3999.99609375,4065.0,384003,3997.8,64.14141414141415,-98.35656904957129,51.31313131313131,93.33550550320558
2021-08-26,3994.0,4047.0,3967.0,4035.0,516299,3999.6,61.61616161616162,-90.313077762098,48.1404958677686,35.44644191368043
2021-08-27,3927.0,4015.0,3923.072998046875,4015.0,1456034,3994.1,44.696969696969695,-84.22023977966907,45.33073929961089,-49.73217932176769
2021-08-31,3884.0,3976.0,3821.60009765625,3964.0,469593,3990.5,33.83838383838384,-80.16351505696291,39.09774436090226,-149.27989987993823
2021-09-01,3800.0,3931.0,3800.0,3918.0,705489,3979.0,12.626262626262626,-78.75310896671047,34.899328859060404,-217.15875821431894
2021-09-02,3700.0,3834.0,3700.0,3800.0,546501,3944.8,0.0,-80.49124727539558,30.057803468208093,-259.5030611758684
2021-09-03,3495.0,3703.55810546875,3492.4580078125,3690.0,834233,3892.6,0.3889562136614333,-87.19891557002418,22.671156004489333,-305.32423162584763
2021-09-06,3490.0,3583.0,3489.0,3520.0,470835,3833.6,0.15220700152207,-96.55079004080764,24.220623501199043,-244.8503997410713
2021-09-07,3473.0,3546.0,3465.0,3546.0,474753,3779.4,1.1747430249632893,-107.1209272935256,23.877068557919614,-198.81995628679965
2021-09-08,3350.0,3438.0,3302.0,3325.0,1048630,3711.7,5.687203791469194,-119.6187868959324,8.907363420427544,-200.96302771184216
2021-09-09,3153.0,3376.0,3133.0,3322.0,861514,3626.6,1.9743336623889438,-135.54013160013554,7.3964497041420145,-196.45803866356815
2021-09-10,3215.0,3549.118896484375,3164.0,3196.0,532755,3548.7,8.094768015794669,-151.47453007800743,7.305034550839096,-137.9145075408771
2021-09-13,3135.0,3231.0,3116.070068359375,3220.0,22175,3469.5,1.8379824742514863,-167.5129150919246,7.198443579766533,-149.126711193559
2021-09-14,3099.0,3278.0,3044.0,3200.0,610775,3391.0,4.99092558983666,-182.96828136396238,5.8935361216729945,-130.11786422791022
2021-09-15,3066.0,3143.0,3066.0,3100.0,670413,3317.6,2.193419740777667,-197.35750094736727,5.838041431261772,-121.15864401342505
2021-09-16,3050.0,3104.0,2990.818115234375,3078.0,556526,3252.6,5.778454554404489,-210.12962676270445,5.805243445692881,-114.83902254393495
2021-09-17,3188.0,3259.614013671875,3040.0,3075.0,787856,3221.9,20.01476963946963,-218.53801626639697,17.559262510974534,-83.81550438914232
2021-09-20,3138.0,3186.0,3090.830078125,3174.0,486944,3186.7,15.654618234036228,-224.07014717053715,17.452006980802793,-81.50790362100742
2021-09-21,3177.0,3277.0,3142.0,3200.0,343965,3157.1,22.080868686757547,-226.37656805110433,21.707538601271565,-63.37924194730281
2021-09-22,3279.0,3301.0,3150.0,3215.0,712066,3150.0,40.4329613483397,-224.39696157033424,30.915684496826827,-48.302582378108674
2021-09-23,3345.0,3360.659912109375,3276.0,3309.0,557691,3169.2,59.80964529264583,-218.27029289724422,42.219917012448136,-23.63721135388643
2021-09-24,3265.0,3440.010986328125,3245.0,3321.0,473655,3174.2,49.1100664684275,-210.64436720693678,39.172281039461026,-20.27370420121399
2021-09-27,3260.0,3317.0,3212.0,3300.0,310533,3186.7,48.214491866363474,-202.0781708475361,39.62999026290166,-30.381438712753397
2021-09-28,3286.0,3319.0,3235.0,3268.0,351601,3205.4,52.87147979709638,-192.4962933745583,46.55913978494624,-17.24593158900592
2021-09-29,3243.0,3365.0,3236.0,3320.0,529203,3223.1,45.16953821934581,-183.02740640248132,55.79896907216495,-6.250192881733331
2021-09-30,3002.0,3242.0,2967.0,3214.0,814980,3218.3,7.399405301702803,-177.55357215223455,38.84816753926701,-112.48046589460598
2021-10-01,2965.0,2984.0,2908.0,2980.0,715620,3196.0,10.714064458218628,-175.05633987146183,40.67982456140351,-166.58120312926064
2021-10-04,2945.0,3057.0,2927.0,2964.0,559094,3176.7,6.954743595685775,-174.47579259169575,41.40624999999999,-139.26097069034998
2021-10-05,2875.0,3005.0,2865.0,2987.0,432300,3146.5,1.7390972064477368,-175.84616307858442,39.764201500535904,-160.14302904298003
2021-10-06,2802.0,2865.0,2785.0,2862.0,471904,3098.8,2.5953763150293057,-179.1313773296966,37.47474747474748,-188.5139419581797
2021-10-07,2796.0,2901.0,2691.0,2860.0,911180,3043.9,14.018485965705427,-183.13201204817318,27.15617715617715,-164.85109487111336
2021-10-08,2781.0,2885.0,2720.0,2866.0,449919,2995.5,12.015845113461795,-187.19325991297933,28.311057108140943,-141.84256024374363
2021-10-11,2408.0,2649.0,2300.0,2610.0,3463915,2910.3,9.473592912280477,-196.60394744601825,16.767502160760586,-232.2792845058129
2021-10-12,2377.0,2423.0,2266.0,2409.0,1818371,2819.4,9.454766717913536,-208.92072306579925,8.471454880294658,-209.05808909373962
2021-10-13,2300.0,2413.0,2293.0,2377.0,801171,2725.1,2.896054670351894,-223.16563010787837,2.370100273473099,-174.91335445254916
2021-10-14,2472.0,2498.0,2280.0,2320.0,1216889,2672.1,18.744313011828936,-234.61951184866126,16.65264928511354,-130.1242108660946
2021-10-15,2394.0,2510.0,2027.0,2490.0,1003160,2615.0,27.42899850523169,-244.43330071253672,15.689381933438995,-132.92795862627307
2021-10-18,2560.0,2582.0,2394.0,2454.0,925960,2576.5,39.8355754857997,-249.49911012175417,24.108416547788877,-78.38871617781808
2021-10-19,2540.0,2666.429931640625,2523.0,2582.0,778355,2543.0,42.22222222222222,-251.07384927099503,24.51051486584481,-58.195443762877886
2021-10-20,2661.0,2721.0,2489.840087890625,2539.0,963523,2528.9,61.55339805825243,-247.87517036622543,36.457505957108815,-43.0665708585372
2021-10-21,2715.0,2741.0,2620.0,2650.0,912953,2520.8,66.79611650485437,-240.4257894206367,40.20376175548589,-22.534232667931125
2021-10-22,2773.0,2782.0,2697.5,2710.0,1107963,2520.0,76.27811860940696,-229.22932451174916,43.455098934550996,-2.025221968147503
2021-10-25,2611.0,2769.0,2525.0,2763.0,1768456,2540.3,66.81922196796339,-218.33335254527864,40.611664295874824,-26.019000477813996
2021-10-26,2668.0,2712.0,2535.0,2620.0,474980,2569.4,73.34096109839817,-206.7898810046731,45.17985611510792,-18.041974427578836
2021-10-27,2637.0,2693.719970703125,2614.0,2635.0,928614,2603.1,71.0955710955711,-195.46896805447693,44.38162544169611,-5.660691082855732
2021-10-28,2509.0,2664.050048828125,2442.0,2654.0,712133,2606.8,63.841059602649004,-186.47766340550606,41.09947643979057,-40.72191365310819
2021-10-29,2482.0,2526.0,2455.0,2477.0,797753,2615.6,60.264900662251655,-179.42360007017115,53.13028764805415,-54.59562561432664
2021-11-01,2500.0,2533.239990234375,2428.0,2517.0,581343,2609.6,62.64900662251656,-173.2574255505454,55.26090675791275,-47.926579320661986
2021-11-02,2600.0,2644.0,2451.0,2499.0,960471,2615.6,75.89403973509934,-165.98067328213543,62.58389261744966,-3.5434960336350687
2021-11-03,2520.0,2687.0,2507.0,2560.0,626845,2601.5,65.29801324503312,-159.28734152193195,52.18181818181818,6.994618293709015
2021-11-04,2602.0,2665.0,2527.0,2540.0,468652,2590.2,53.608247422680414,-151.63925176450806,59.42028985507247,30.800097657976192
2021-11-05,2591.0,2640.0,2560.0,2640.0,541843,2572.0,46.045197740113,-143.6235457413762,51.63329820864068,39.84653014075764
2021-11-08,2558.0,2599.0,2519.0,2599.0,334284,2566.7,36.72316384180791,-135.99677013356273,50.935550935550935,10.031205839347816
2021-11-09,2577.0,2600.0,2528.0,2547.0,302332,2557.6,42.090395480225986,-128.40047870366092,45.116279069767444,10.65270867970457
2021-11-10,2822.0,2882.511962890625,2532.0,2568.0,1073626,2576.1,86.68638719522839,-117.0200217423854,55.09039010466222,151.6570114751673
2021-11-11,2800.0,2914.0,2790.0,2827.0,679500,2605.2,76.54320987654322,-103.94859034746702,51.330049261083744,199.56839311130048
2021-11-12,2862.0,2886.0,2770.0,2800.0,391595,2643.2,89.30041152263375,-89.27642131718417,63.71584699453552,180.54929124062073
2021-11-15,2884.0,2953.0,2845.0,2874.0,510975,2681.6,86.85714285714286,-73.81560411973116,62.27272727272727,184.83459330808978
2021-11-16,2695.0,2912.0,2641.0,2890.0,764675,2691.1,50.857142857142854,-61.518103037263735,52.79383429672447,69.07724980686032
2021-11-17,2746.0,2832.0,2656.0,2684.0,350430,2713.7,60.57142857142857,-50.89407512512219,62.33090530697191,58.74423670158249
2021-11-18,2667.0,2746.0,2641.0,2710.0,357513,2720.2,45.523809523809526,-43.02027784248212,59.13129318854886,18.791739587870396
2021-11-19,2745.0,2767.0,2650.0,2691.0,384954,2735.6,58.56573705179283,-35.94053294222635,61.416589002795895,44.90782244493018
2021-11-22,2601.0,2733.0,2601.0,2705.0,308910,2739.9,21.076233183856502,-31.94513677113154,50.044762757385854,-7.444056605984731
2021-11-23,2581.0,2648.0,2492.52490234375,2569.0,685475,2740.3,19.213872391053314,-30.338674789628325,52.88552507095554,-52.89125821590286
2021-11-24,2531.0,2585.0,2482.0,2536.0,743967,2711.2,10.40339702760085,-31.0423366894302,46.53658536585366,-73.25895728776992
2021-11-25,2546.0,2580.0,2498.0,2580.0,284933,2685.8,13.588110403397028,-32.84698436011307,47.8134110787172,-67.86926274659511
2021-11-26,2448.0,2549.0,2435.0,2498.0,521960,2644.4,2.5096525096525095,-36.73577381132344,44.97257769652651,-108.23702568717692
2021-11-29,2389.0,2467.7529296875,2364.0,2448.0,551335,2594.9,4.244482173174872,-42.584588466991725,41.71075837742504,-145.89189018912992
2021-11-30,2351.0,2420.60009765625,2320.0,2361.0,419428,2560.5,4.897314375987362,-49.864513335032754,24.59546925566343,-153.427717229889
2021-12-01,2394.0,2437.0,2351.0,2371.0,532673,2525.3,11.690363349131122,-56.86011346940444,28.586497890295362,-122.74525145571239
2021-12-02,2300.0,2489.0,2282.22998046875,2489.0,430056,2488.6,2.649197044266843,-64.68090284977256,21.326530612244895,-125.16419630086261
2021-12-03,2320.0,2368.0,2298.0,2368.0,449375,2446.1,5.997430547640701,-72.1424169801141,21.165644171779135,-121.69574609792345
2021-12-06,2369.0,2377.0,2303.60009765625,2369.0,320390,2422.9,15.78296677676834,-78.04140590080247,30.548926014319804,-100.97146536113513
2021-12-07,2525.0,2580.989990234375,2397.0,2429.0,529033,2417.3,50.07942111725418,-79.98503850529431,38.282078472958645,-34.67958433456119
2021-12-08,2530.0,2574.0,2497.0,2530.0,428829,2417.2,51.11083803631917,-79.08556780411632,42.11737629459148,-17.486533938069513
2021-12-09,2522.0,2560.0,2478.0,2558.0,505485,2414.8,53.19120818651245,-76.39863009271323,36.0450563204005,-18.19666305494907
2021-12-10,2364.0,2502.0,2358.0,2473.0,454707,2406.4,22.35558278834383,-75.07886619203983,35.42435424354244,-67.74362662710773
2021-12-13,2311.0,2431.0,2311.0,2424.0,376880,2398.6,9.502268281315265,-75.35966867649265,34.04255319148936,-91.37507994076844
2021-12-14,2306.0,2381.0,2306.0,2311.0,330297,2394.1,7.956225316064692,-76.53696718394447,35.95505617977528,-94.03727505568264
2021-12-15,2226.0,2319.0,2208.0,2318.0,445070,2377.3,4.825866771569225,-79.31636614374817,31.524249422632806,-129.4959236660985
2021-12-16,2110.0,2195.0,1970.5,2140.0,1362572,2358.3,22.850497507165375,-84.62416415125,30.882352941176464,-200.04720192561484
2021-12-17,2209.0,2242.0,2090.0,2106.0,849161,2347.2,39.06697960902467,-89.4661073890497,40.259740259740255,-141.10180969224447
2021-12-20,2199.0,2238.0,2150.407958984375,2193.0,485207,2330.2,37.42895111388737,-93.71787202052107,41.51785714285714,-120.45303344136698
2021-12-21,2267.0,2293.0,2193.0,2215.0,544476,2304.4,48.56754488082103,-96.07833733510431,43.10532030401737,-78.2079332972284
2021-12-22,2312.0,2350.0,2264.0,2276.0,354843,2282.6,55.93867310893889,-96.19270270275942,50.688073394495405,-34.65567836914921
2021-12-23,2308.0,2363.39990234375,2303.0,2315.0,204697,2261.2,55.28346171088397,-94.73783595288958,49.299065420560744,-16.78647939813455
2021-12-24,2307.0,2332.64990234375,2288.0,2326.0,158850,2255.5,55.11965886137024,-92.17569915623855,46.16336633663366,-23.697131242390427
2021-12-29,2331.0,2370.387939453125,2297.0,2310.0,333607,2257.5,59.734879867439936,-88.46086534375142,35.650887573964496,-1.1964593759103324
2021-12-30,2366.0,2382.39990234375,2294.0,2321.0,264975,2263.5,67.09075487701442,-83.45825633579646,38.385269121813025,12.344879504685334
2021-12-31,2391.0,2415.0,2325.0,2375.0,114173,2280.0,79.11571025399812,-77.32166116737098,40.94052558782849,39.4013887814579
2022-01-04,2313.0,2467.0,2313.0,2425.0,542837,2300.3,68.9828801611279,-71.86420863957684,46.03421461897356,27.725858921423455
2022-01-05,2351.0,2397.0,2296.0,2339.0,379330,2314.5,76.63645518630413,-66.34845736687855,53.18471337579618,12.390353131606147
2022-01-06,2197.0,2372.0,2169.0,2372.0,1286217,2314.3,45.61933534743203,-63.39106886809835,42.98584298584298,-68.94391260484807
2022-01-07,2197.0,2249.0,2169.050048828125,2218.0,747379,2307.3,45.61933534743203,-62.04776271560037,47.91965566714491,-92.33632843036116
2022-01-10,2141.0,2235.0,2121.0,2212.0,892790,2290.2,13.52785145888594,-62.53857832724926,52.43328100470957,-111.36274299693362
2022-01-11,2240.0,2290.0,2142.0,2147.0,813189,2283.4,34.39306358381503,-62.43123131267645,52.43328100470957,-52.805027519358774
2022-01-12,2259.0,2379.0,2228.85302734375,2258.0,977695,2278.6,39.884393063583815,-61.50916755237485,54.64396284829722,14.366162914047454
2022-01-13,2514.0,2548.0,2308.034912109375,2369.0,1682624,2296.9,92.03747072599532,-55.91622332223661,64.82593037214886,166.1146222800887
2022-01-14,2338.0,2496.0,2338.0,2421.0,868519,2294.1,50.81967213114754,-50.36938590637953,51.34854771784232,97.55914175001774
2022-01-17,2382.0,2415.889892578125,2325.0,2335.0,403176,2293.2,61.124121779859486,-44.32542541037573,53.68525896414343,75.35213469528597
2022-01-18,2317.0,2399.0,2237.179931640625,2395.0,559716,2293.6,45.90163934426229,-39.222722621397324,50.468164794007485,17.842911468280217
2022-01-19,2273.0,2314.0,2216.0,2217.0,616271,2285.8,35.59718969555035,-35.590071823204276,47.33455882352941,-41.64825718221012
2022-01-20,2310.0,2327.25,2273.0,2284.0,394167,2297.1,44.26229508196721,-32.39782032757809,47.43119266055046,-8.459343066209097
2022-01-21,2237.0,2300.0,2190.0,2250.0,287090,2301.1,27.166276346604217,-30.73977685993533,43.23374340949033,-83.76797990755651
2022-01-24,2114.0,2235.0,2070.0,2209.0,811022,2298.4,9.205020920502092,-32.02259363295644,41.58918005071851,-170.75942753247313
2022-01-25,2241.0,2344.0,2108.0,2169.0,843986,2298.5,35.77405857740586,-32.982240461294126,45.67610062893082,-66.35267601500618
2022-01-26,2294.0,2329.0,2205.0,2205.0,333971,2302.0,46.86192468619247,-32.768267113447074,54.141759180187876,-19.03766148718366
2022-01-27,2255.0,2275.0,2225.0,2236.0,327723,2276.1,38.70292887029289,-32.37744492556873,52.396694214876035,-39.50609880309067
2022-01-28,2226.0,2297.0,2195.0,2225.0,409552,2264.9,32.63598326359833,-32.285148172190745,53.59256128486897,-47.187752394675044
2022-01-31,2213.0,2254.156005859375,2172.0,2233.0,855930,2248.0,29.9163179916318,-32.51862275019306,48.7693710118505,-68.40660104854513
2022-02-01,2122.0,2224.6298828125,2086.0,2209.0,1052049,2228.5,10.878661087866108,-34.321780697050826,44.14029084687767,-129.78012375775555
2022-02-02,2137.0,2169.0,2117.0,2125.0,622463,2214.9,15.727699530516432,-36.69671873042817,29.70936490850376,-121.98066834754252
2022-02-03,2052.0,2149.0,2052.0,2125.0,594999,2189.1,0.0,-40.57802537986198,32.93556085918854,-156.48337998195944
2022-02-04,2082.0,2125.0,2034.0,2085.0,371470,2173.6,13.150684931506849,-44.62891217994812,31.796116504854368,-142.70045171161865
2022-02-07,2056.0,2127.0,2032.0,2067.0,256456,2167.8,7.6923076923076925,-48.88683084977195,33.37579617834395,-137.20776866131123
2022-02-08,2058.0,2130.0,2013.0,2060.0,427003,2149.5,13.595166163141993,-52.9079741439198,35.53162853297442,-121.23078682449001
2022-02-09,2119.0,2128.0,2041.0,2090.0,350749,2132.0,32.02416918429003,-55.47610889511564,37.54889178617992,-87.76596552832723
2022-02-10,2145.0,2154.39990234375,2095.0,2132.0,355428,2121.0,39.879154078549846,-56.45764408509347,43.611111111111114,-54.75986551413126
2022-02-11,2038.0,2152.0,2038.0,2152.0,677882,2102.2,7.552870090634441,-57.97171982711792,44.60227272727272,-88.1666761741403
2022-02-14,2023.0,2061.0,1950.0,2043.0,517483,2083.2,19.261213720316622,-59.84739828120875,31.58783783783784,-128.57573342474197
2022-02-15,2045.0,2052.0,1998.0,1998.0,402870,2075.5,27.377521613832855,-61.363994668275,27.807486631016047,-104.73066351359228
2022-02-16,2045.0,2087.0,2012.0,2087.0,336229,2066.3,27.377521613832855,-62.43616192713031,29.885057471264375,-85.39891506310626
2022-02-17,2003.0,2040.0,1994.0,2035.0,803783,2061.4,17.42526827647266,-63.70134566658086,29.1588785046729,-109.09048482857449
2022-02-18,1959.5,2011.5,1943.0,2003.0,706724,2049.15,5.858753281158435,-65.57001421626444,27.58620689655173,-132.98641446262755
2022-02-21,1950.0,2016.0,1944.5,1954.0,807089,2038.55,3.0973451327433628,-67.72109628607363,32.231404958677686,-119.03319043001731
2022-02-22,1963.5,2017.0,1876.5,1935.0,460269,2029.1,31.306236262143344,-69.56669171005464,32.020725388601036,-126.28282581887052
2022-02-23,1921.0,1976.5,1916.5,1950.0,1133492,2009.3,16.012959927188263,-71.64357097662393,35.11363636363636,-133.42283706927176
2022-02-24,1876.5,1904.0,1787.0,1851.5,669988,1982.45,24.3603766438297,-74.30322235169254,27.39273927392739,-186.0708908948519
2022-02-25,1891.0,1932.9990234375,1875.0,1880.5,382618,1967.75,28.307029843109373,-76.78802956917491,31.376975169300238,-130.57295997368743
2022-02-28,1953.5,1967.0,1827.0,1850.0,522256,1960.8,45.31846604690106,-77.86082370652625,39.62264150943396,-104.2702254736833
2022-03-01,1822.0,1958.5,1822.0,1953.5,510709,1938.5,9.526404274123346,-79.91290289025562,24.128919860627178,-133.31409518631992
2022-03-02,1801.5,1900.0,1788.489990234375,1800.5,493933,1914.15,3.9726027397260273,-82.61613344409993,19.788918205804762,-145.3672019075801
2022-03-03,1616.0,1800.0,1607.5,1616.0,1631687,1875.45,1.772679874869656,-88.3570305292242,17.387944358578054,-228.9057487616771
2022-03-04,1609.5,1620.5,1545.0,1594.5,1258456,1840.45,11.900369003690036,-95.60325099352774,17.61942051683633,-231.89613459917715
2022-03-07,1690.0,1800.0,1502.0,1562.0,1042399,1814.45,32.136752136752136,-101.91089050649633,24.533715925394546,-155.30191865242753
2022-03-08,1706.5,1722.5,1633.5,1695.0,485175,1788.75,38.01115241635688,-106.80406537918715,26.27890679747722,-122.33258311672117
2022-03-09,1780.5,1813.5,1655.0,1669.0,993494,1774.7,54.077669902912625,-109.13011805580396,35.077129443326626,-78.14249774262899
2022-03-10,1800.0,1888.800048828125,1770.0,1847.0,732486,1767.05,57.86407766990291,-109.16537202350146,38.94663894663895,-33.621619539076285
2022-03-11,1788.5,1837.5,1761.0,1772.0,499708,1756.8,55.63106796116505,-107.69761548810298,38.83897719419489,-41.21913860791572
2022-03-14,1750.0,1808.5,1726.5,1787.5,704993,1736.45,52.26554267650158,-105.7335236740143,35.738142952571806,-55.036941063660954
2022-03-15,1663.0,1736.5,1660.0,1700.0,550233,1720.55,34.623655913978496,-104.70834556114546,33.732660781841105,-90.98127494075531
2022-03-16,1724.0,1724.0,1653.0,1653.0,469216,1712.8,47.74193548387097,-103.11353102404942,40.58060531192094,-74.67754715316387
2022-03-17,1705.5,1787.0,1699.0,1771.5,382896,1721.75,43.763440860215056,-101.30542232550991,38.59864781807007,-48.94067861685975
2022-03-18,1780.0,1780.0,1720.0,1727.5,1148376,1738.8,60.89813800657174,-98.03890948644373,39.49121744397335,-23.606693932366593
2022-03-21,1709.0,1780.0,1670.52001953125,1780.0,340925,1740.7,52.01005025125628,-94.93884621357073,42.61437908496732,-46.97813280538101
2022-03-22,1674.0,1734.5,1659.0,1709.5,447914,1737.45,44.46741941245938,-92.44764046722906,41.8216805644644,-65.81374520882241
2022-03-23,1632.5,1699.5,1619.5,1674.0,725239,1722.65,33.738361821662494,-90.92004933398084,51.29819040125885,-92.7296497899269
2022-03-24,1583.5,1656.8599853515625,1583.5,1640.0,614216,1701.0,21.07031791927581,-90.65105322143104,48.08259587020649,-119.26779346691927
2022-03-25,1554.0,1622.0,1554.0,1597.0,623922,1677.55,0.0,-91.44906448907332,39.154704944178626,-137.357710391389
2022-03-28,1585.0,1634.5,1531.5,1550.0,912845,1661.05,14.973409652607002,-92.17100443114975,40.53000779423227,-123.36888514065284
2022-03-29,1728.0,1740.0999755859375,1600.0,1637.5,1084733,1667.55,54.995794331537866,-90.31586121053779,46.30541871921183,-10.402792072487433
2022-03-30,1693.5,1761.5,1649.5,1752.5,462772,1664.5,52.94117647058823,-87.28728109676173,42.66023432115782,12.385367027704344
2022-03-31,1610.5,1717.0,1603.5,1717.0,436124,1655.0,28.51985559566787,-84.80724779985164,38.83312421580929,-59.4876003769846
2022-04-01,1608.0,1637.0,1586.0,1605.0,262147,1637.8,29.941291585127203,-82.64763363152781,40.67017082785808,-104.71666892625885
2022-04-04,1770.0,1783.0,1611.0,1624.0,943270,1643.9,93.34637964774952,-78.0290764491895,56.39952153110048,34.869665342006186
2022-04-05,1739.0,1779.0,1729.0,1752.0,402460,1650.4,81.2133072407045,-72.42815666831129,50.93052109181142,63.97170398156864
2022-04-06,1629.0,1752.0,1601.0,1752.0,624330,1650.05,38.767395626242546,-68.09502784741805,45.73816155988858,-40.50403230703574
2022-04-07,1590.0,1640.0,1588.0,1635.0,500355,1650.7,23.26043737574553,-65.25069549154817,38.97911832946636,-98.03802941117944
2022-04-08,1588.0,1648.0,1569.0,1648.0,389386,1654.1,22.46520874751491,-63.37180581733045,42.37074401008827,-92.33747331763647
2022-04-11,1538.0,1590.0,1527.0,1579.0,467463,1649.4,4.296875,-62.849815047144666,41.58415841584158,-139.4950680419204
2022-04-12,1612.0,1648.0,1442.4139404296875,1475.0,1146195,1637.8,49.79242538119861,-61.881791618898305,48.78048780487805,-105.2697297073258
2022-04-13,1464.0,1579.425048828125,1460.0,1546.0,1109105,1614.85,6.337916354399747,-62.90516139011428,43.640234167110165,-158.21747034462962
2022-04-14,1465.0,1495.0,1445.0,1462.0,482160,1600.3,6.631527901878117,-64.9637231014421,45.1152579582876,-167.57863713457175
2022-04-19,1447.0,1508.0,1398.0,1500.0,435270,1584.2,12.727272727272727,-67.7023238807329,42.31625835189309,-166.43451813666996
2022-04-20,1417.0,1457.0,1404.0,1447.0,336580,1548.9,4.935064935064935,-71.04792318283941,30.19108280254777,-168.89612919436084
2022-04-21,1422.0,1457.0,1392.8800048828125,1425.0,373426,1517.2,7.46436877926244,-74.35689088755115,32.03176704169424,-145.97627546383688
2022-04-22,1405.0,1428.0,1394.0,1397.0,425533,1494.8,3.106735176069813,-77.57118773783671,35.097897026831035,-136.60184116739828
2022-04-25,1400.0,1414.0,1377.0,1395.0,503197,1475.8,5.665024630541872,-80.46061963026106,34.97109826589595,-124.84067296195192
2022-04-26,1334.0,1430.0,1330.0,1430.0,601520,1450.4,0.89086859688196,-83.86456909176152,13.422818791946312,-125.96700883066295
2022-04-27,1317.0,1365.1829833984375,1315.0,1320.0,524175,1428.3,0.4576659038901602,-87.49264829637234,13.74570446735396,-125.75419129979834
2022-04-28,1373.0,1428.0,1332.0,1332.0,508817,1404.4,17.41741741741742,-89.97815703796991,25.75757575757575,-88.73990626022447
2022-04-29,1398.0,1420.0,1376.0,1395.0,490060,1397.8,24.924924924924923,-91.01329145381621,31.322957198443575,-70.08503194008239
2022-05-03,1413.0,1439.0,1363.0,1363.0,384501,1392.6,29.42942942942943,-90.6383419435089,33.3965844402277,-60.49282929279599
2022-05-04,1365.0,1391.373046875,1326.0,1383.0,767894,1384.4,15.015015015015015,-89.95846346932998,33.52380952380952,-81.18477542580416
2022-05-05,1347.0,1444.550048828125,1347.0,1425.0,615998,1377.4,12.101727934557307,-89.20524773332106,21.74840085287846,-65.49390262125692
2022-05-06,1353.0,1368.0,1284.0,1332.0,708219,1370.5,30.803571428571427,-88.14650713621043,33.027522935779814,-96.39829639405148
2022-05-09,1289.0,1382.0,1286.0,1348.0,492065,1358.9,2.232142857142857,-87.77194930786193,27.43589743589743,-107.61791047062097
2022-05-10,1320.0,1347.0,1280.302001953125,1299.0,502011,1350.9,22.466580541757914,-87.15122200294073,34.24317617866005,-108.26647205928312
2022-05-11,1324.0,1360.0,1311.0,1319.0,930520,1349.9,24.73033001499126,-86.14628706258421,37.6657824933687,-89.38514095811732
2022-05-12,1378.0,1388.0,1248.0,1300.0,1020695,1356.0,66.14091462967771,-83.89533529446905,44.83568075117371,-76.67158217942045
2022-05-13,1404.0,1440.0,1380.0,1380.0,648257,1359.1,79.36909755561325,-80.37537367504576,49.885057471264375,33.46241372251289
2022-05-16,1425.0,1425.0,1379.0,1400.0,300752,1361.8,90.05339914963811,-75.72630900026512,52.77161862527716,48.81194188505432
2022-05-17,1461.0,1474.0,1412.0,1426.0,417326,1366.6,94.24778761061947,-69.86630150678683,65.08313539192399,124.52540524694842
2022-05-18,1381.0,1466.0,1381.0,1441.0,384218,1368.2,58.849557522123895,-64.67160363314068,56.611570247933884,58.502685442206484
2022-05-19,1375.0,1402.0,1317.0,1362.0,482166,1371.0,56.19469026548673,-60.1145504157101,50.23041474654379,-24.02717403349673
2022-05-20,1400.0,1440.0,1379.0,1383.0,387559,1375.7,67.2566371681416,-55.66017515621562,50.23041474654379,64.63999535592495
2022-05-23,1428.0,1448.0,1396.0,1400.0,467423,1389.6,79.64601769911505,-50.93007771836122,51.67785234899329,98.04884796899816
2022-05-24,1321.0,1430.0,1321.0,1418.0,395245,1389.7,32.30088495575221,-47.86616504245169,45.65217391304348,-34.93201023834937
2022-05-25,1364.0,1372.0,1286.7530517578125,1314.0,570584,1393.7,51.32743362831859,-45.2120635028118,51.60075329566855,-63.95623948807102
2022-05-26,1485.0,1486.0,1352.0,1383.0,555351,1404.4,99.5798319327731,-40.9204242637601,60.21671826625387,120.87730169227615
2022-05-27,1477.0,1499.0,1465.0,1499.0,567618,1411.7,91.23505976095618,-35.86175234299027,65.9322033898305,163.56368418361177
2022-05-30,1570.0,1580.0,1488.1109619140625,1500.0,401798,1426.2,96.98795180722891,-29.022006266920663,69.1717791411043,220.74288617603438
2022-05-31,1558.0,1576.0,1530.7569580078125,1532.0,497748,1435.9,93.37349397590361,-21.549774175524014,67.72727272727272,191.97074899514965
2022-06-01,1534.0,1596.0,1524.0,1571.0,1286747,1451.2,79.95129770805546,-14.406608545008652,62.38095238095238,161.09054065249072
2022-06-06,1591.0,1610.0,1541.0,1541.0,445006,1472.8,94.12214095034099,-6.90191465853702,64.14523449319213,158.84088478344984
2022-06-07,1456.0,1587.0,1417.0,1530.0,712403,1478.4,52.35840559750064,-1.7021456138712976,51.99999999999999,59.38182020139178
2022-06-08,1488.0,1512.0,1453.0,1465.0,435208,1484.4,62.25795768113687,2.2947815529367044,51.75097276264591,50.21153403000068
2022-06-09,1375.0,1509.0,1360.0,1495.0,478192,1489.8,27.300164385796432,3.5201859327353016,49.626865671641795,-25.945458593478065
2022-06-10,1299.0,1372.0,1296.0,1370.0,886983,1483.3,3.7887281871603853,1.7236569721448398,45.65217391304348,-123.29553384209052
2022-06-13,1209.0,1285.0,1209.0,1285.0,613103,1455.7,0.0,-3.312610243683331,39.829605963791266,-196.60711156192457
2022-06-14,1122.0,1242.0,1110.0,1224.0,1079128,1420.2,2.4,-11.49595726346053,34.669338677354716,-221.66791835902546
2022-06-15,1160.0,1177.0,1116.508056640625,1141.0,1559663,1379.2,10.0,-20.59037894390472,41.33476856835307,-184.4376639846684
2022-06-16,783.5,1040.0,775.0,1030.0,4001820,1301.75,1.0179640718562875,-35.739007927116546,27.009900990099013,-276.70893609061443
2022-06-17,883.5,896.0,778.5,778.5,6589447,1236.7,12.994011976047904,-52.211282571228935,25.77527184857027,-216.9974601020327
2022-06-20,871.5,918.0,832.5,885.0,922321,1164.75,11.55688622754491,-68.72214173354496,25.692492974708955,-165.16854588838544
2022-06-21,850.0,943.4730224609375,827.0,832.5,1038096,1104.15,8.982035928143713,-84.57804668512408,19.335604770017042,-136.07478352102493
2022-06-22,859.5,865.0,815.0,821.0,851278,1041.3,10.119760479041917,-98.8479088594403,20.187793427230048,-122.44336047313828
2022-06-23,887.5,903.5,860.0,884.5,724446,992.55,13.47305389221557,-110.70360236682542,22.501063377286272,-97.53838551124925
2022-06-24,888.5,888.5,837.8200073242188,853.0,461212,951.5,13.97783251231527,-120.15637636095079,18.624385886556496,-89.0465457737268
2022-06-27,876.5,922.5,870.0,880.5,554696,918.25,13.772048846675712,-127.52510922830172,20.923231309583542,-75.8282526633644
2022-06-28,873.5,900.0,864.0,877.5,458237,893.4,13.419618528610354,-132.9585320670707,18.242894056847547,-71.35118301907798
2022-06-29,854.5,873.5,842.5,868.0,367847,862.85,13.316582914572864,-136.89420558340368,20.20606754436176,-69.85546120752528
2022-06-30,838.5,843.0,798.0,840.0,752688,868.35,12.450980392156863,-139.62806540143703,21.69637369391519,-70.89007216657464
2022-07-01,882.0,911.0,811.5,811.5,756481,868.2,22.91220556745182,-140.45308052830546,28.683181225554108,-54.85471456364795
2022-07-04,891.0,897.5,861.0,882.0,640207,870.15,28.855721393034827,-139.57470940214455,33.23657474600871,-46.08623013352565
2022-07-05,896.5,922.0,879.0,903.5,1229602,874.8,45.84905660377358,-137.26886615499555,29.931454683929942,-36.47414850548894
2022-07-06,909.0,928.5,896.5,920.0,1073554,879.75,79.10384258789945,-133.67689343834846,71.45299145299145,-26.297453396986295
2022-07-07,982.5,982.5,896.5,899.5,667094,889.25,100.0,-127.9897705790975,68.60902255639098,5.327948184803113
2022-07-08,1005.0,1013.0,963.0,985.0,822712,900.9,96.27906976744185,-120.63688764227985,74.14104882459313,51.126209993354095
2022-07-11,932.0,1010.0,932.0,974.0,438168,906.45,62.325581395348834,-113.51510532899196,62.5,44.926524514155666
2022-07-12,951.0,951.0,908.0,925.0,349564,914.2,71.16279069767442,-106.34965021649569,63.55555555555555,45.49419621137937
2022-07-13,931.5,978.0,907.5,967.5,794287,921.9,62.093023255813954,-99.60116558283387,56.68693009118541,90.00200880367555
2022-07-14,927.5,985.0,914.5,925.5,391999,930.8,60.23255813953488,-93.30460314329368,55.873493975903614,84.41892498847184
2022-07-15,957.5,967.5,927.5,939.0,380241,938.35,74.18604651162791,-86.93008044472116,61.57142857142857,88.05505405448721
2022-07-18,1015.0,1015.0,961.0910034179688,970.0,433034,950.75,100.0,-79.72534662452713,67.49072929542646,144.56759599115517
2022-07-19,1039.0,1041.0,989.5,1005.0,392943,965.0,99.17695473251028,-71.81332043463287,72.52747252747253,157.76797555150017
2022-07-20,1096.0,1105.0,1032.0,1043.0,634127,983.7,96.9335604770017,-62.79965978380498,78.57935627081021,200.20553244693835
2022-07-21,1123.0,1153.0,1078.0,1096.0,598414,997.75,89.72602739726027,-52.994124622272764,77.76497695852535,211.22204968326002
2022-07-22,1157.0,1181.0,1107.0,1139.0,734656,1012.95,92.05298013245033,-42.54304574256226,78.97603485838779,201.13188643675443
2022-07-25,1121.0,1158.0,1119.0,1136.0,539916,1031.85,78.9103690685413,-32.7126101585595,72.93156281920326,151.8485534971655
2022-07-26,1032.0,1140.0,1027.0,1140.0,514820,1039.95,47.62741652021089,-25.131893810096585,60.86572438162545,80.47508944608477
2022-07-27,1035.0,1069.0,1002.0859985351562,1040.0,633963,1050.3,46.61791590493601,-19.253507654176154,55.297679112008076,46.82201690657644
2022-07-28,1049.0,1079.0,1037.0,1045.0,485942,1062.45,51.73674588665448,-14.483019337301148,54.51745379876797,57.371280718870814
2022-07-29,1041.0,1088.0,1033.0,1060.0,510448,1070.8,48.81170018281536,-10.751642399772724,62.91469194312796,49.49005865218871
2022-08-01,1038.0,1057.0,1009.0,1057.0,336220,1073.1,47.714808043875685,-7.890523368759844,60.71428571428572,24.60553817527533
2022-08-02,1002.0,1043.0,972.0,1043.0,1021330,1069.4,32.833020637898684,-6.2812245967471085,58.34319526627219,-12.691311621400276
2022-08-03,1067.0,1067.0,985.5,1000.0,349136,1066.5,55.02958579881657,-4.489551393702095,64.42605997931747,21.008981670651917
2022-08-04,1080.0,1110.0,1024.0,1067.0,614415,1062.2,54.071910849575175,-2.4598518971926024,63.12968917470525,54.888885834016286
2022-08-05,1055.0,1103.0,1043.5059814453125,1072.0,493765,1052.0,39.71291866028708,-0.7806162316114258,54.60829493087557,45.24910029237942
2022-08-08,1044.0,1078.0,1016.0,1078.0,701960,1044.3,34.44976076555024,0.41720779275710207,50.59382422802851,12.724503180235933
2022-08-09,983.0,1056.0,970.0,1030.0,497955,1039.4,6.161137440758294,0.2763301380676282,36.70588235294118,-57.562075415965886
2022-08-10,1002.0,1016.7000122070312,955.0,987.0,2086558,1036.1,20.79646017699115,-0.3937306637925815,35.491606714628304,-84.82837842021308
2022-08-11,1007.0,1037.39501953125,987.0,1013.0,1081998,1031.9,25.61576354679803,-1.2796780442633235,30.670103092783506,-64.203698437337
2022-08-12,987.5,1020.0,979.5,1013.0,669708,1026.55,17.56756756756757,-2.5626905901421564,32.03230148048452,-100.0711818198813
2022-08-15,964.5,1005.5,961.0,981.5,543494,1019.2,6.129032258064516,-4.38842892825319,38.95253682487725,-130.12449607732822
2022-08-16,959.5,985.385986328125,952.5,975.0,540849,1014.95,4.444444444444445,-6.528399020572884,37.72357723577235,-135.36110844312353
2022-08-17,852.0,959.0,852.0,955.5,1336794,993.45,0.0,-10.453362893550018,25.436408977556113,-220.53033211816313
2022-08-18,810.0,879.0,800.5,845.0,842395,966.45,3.0694668820678515,-15.937633336803568,23.448275862068968,-244.26810699060104
2022-08-19,765.0,833.5,759.0,810.5,1862251,937.45,1.7094017094017093,-22.793376038277913,21.383647798742146,-246.72648894485295
2022-08-22,752.5,807.5,751.0,771.0,1111591,908.3,0.4178272980501393,-30.296821105196216,22.491730981256893,-206.67213765474088
2022-08-23,737.0,776.5,731.5,751.0,545320,883.7,1.453104359313078,-37.99113134100971,9.158415841584159,-178.19800417570943
2022-08-24,726.5,749.5,720.5,733.5,659921,856.15,1.5686274509803921,-45.48265560458721,5.977584059775836,-152.6045455632243
2022-08-25,722.5,741.5,711.5,728.0,708405,827.7,3.001364256480218,-52.41451295983019,6.307490144546648,-130.78829250833095
2022-08-26,697.0,741.5,693.5,739.0,534055,798.65,0.9655172413793104,-58.91957685200215,6.0759493670886116,-119.30495154799586
2022-08-30,717.5,736.5,687.5,703.0,727689,773.95,8.57400029305665,-64.35477351063227,12.552891396332868,-102.92177337505255
2022-08-31,695.5,721.0,691.5,721.0,469964,747.55,2.28640007814844,-69.0387957285031,7.132867132867133,-96.85457839267542
2022-09-01,663.0,710.0,655.0,690.0,853669,728.65,2.191780821917808,-73.36761731287346,5.324675324675326,-98.9675956574676
2022-09-02,685.0,689.6170043945312,660.9439697265625,668.0,713579,716.15,8.559201141226819,-76.72866524945802,10.967741935483886,-89.33223783741907
2022-09-05,667.0,667.5,621.0,653.0,1229003,706.35,12.62397614780322,-79.41923906426024,11.111111111111114,-96.15117533168326
2022-09-06,681.0,723.5,664.0,670.0,1035764,699.2,17.75147928994083,-81.14415402938758,14.431673052362711,-70.41174484943654
2022-09-07,698.5,705.8770141601562,668.0,677.5,1208751,695.35,30.03875968992248,-81.70924362269064,24.543946932006634,-65.29304530176601
2022-09-08,678.5,692.0,655.5,668.5,1014950,690.55,27.058823529411764,-81.65061063702996,26.475849731663686,-71.34482188846722
2022-09-09,673.5,701.5,650.0,660.0,1859229,685.65,28.15013404825737,-81.09778788229383,30.89770354906055,-68.79159106529092
2022-09-12,725.0,738.5,665.177001953125,665.5,1372123,688.45,66.88102893890675,-79.25770575201554,45.06283662477558,-37.3712464251565
2022-09-13,688.5,743.5,687.5,720.0,846267,685.55,52.52918287937743,-77.10894636810829,41.90317195325542,-34.80291347959336
2022-09-14,676.0,706.5,658.0,685.0,717993,683.6,44.89795918367347,-74.90303889238062,41.625207296849084,-65.53046085965003
2022-09-15,649.0,682.5,646.5,657.5,941182,682.2,22.857142857142858,-73.0369994686159,38.6748844375963,-103.00054005123698
2022-09-16,632.0,651.0,630.0,646.0,3423242,676.9,8.979591836734693,-71.58656260113102,39.715189873417714,-142.815344351164
2022-09-20,639.5,659.0,605.5,632.5,1053023,674.15,24.63768115942029,-70.18983328539082,37.12871287128713,-140.5443288323154
2022-09-21,655.5,657.0,613.0,622.0,460325,671.6,36.231884057971016,-68.4847381980413,43.26599326599327,-116.01358169335016
2022-09-22,643.0,664.0,635.5,636.5,977385,666.05,27.17391304347826,-66.71908894913838,46.3898916967509,-94.30410181607452
2022-09-23,601.0,654.7379760742188,601.0,616.0,912815,658.3,0.0,-65.52606294661368,35.858585858585855,-156.30707530327717
2022-09-26,625.0,626.291015625,581.0,589.5,962328,653.45,27.076923076923077,-64.22223336087636,43.069306930693074,-152.1867162329392
2022-09-27,624.5,645.0,608.0,621.5,967187,643.4,26.76923076923077,-62.77890488448971,40.24179620034542,-100.51991527351197
2022-09-28,634.0,637.5,565.3300170898438,604.5,1073795,637.95,38.54183616596275,-61.029150095040606,38.54351687388987,-120.11911792414399
2022-09-29,595.0,630.0,583.0029907226562,630.0,710912,629.85,16.652627129182356,-59.66218271065158,36.10648918469218,-128.280653415761
2022-09-30,569.0,611.5,560.5,592.5,2195140,621.85,4.644808743169399,-58.885630377024526,33.74805598755833,-156.9676717908497
2022-10-03,576.5,589.5,555.5,562.0,1445750,616.3,11.170212765957446,-58.26597653286971,23.243243243243242,-149.22633012485863
2022-10-04,592.0,594.5,576.0,582.0,610498,611.55,24.172185430463575,-57.39705350692014,31.189083820662773,-106.71865651821416
2022-10-05,559.5,600.0,545.0,592.0,734996,601.95,10.545454545454545,-56.80514279116173,28.933092224231473,-129.36793363940032
2022-10-06,551.5,576.0,547.9550170898438,564.0,506223,592.8,5.46218487394958,-56.4160518793323,31.067961165048544,-131.4176288636136
2022-10-07,532.0,575.5,532.0,575.5,624263,585.9,0.0,-56.357008796957494,30.769230769230774,-135.99237353310602
2022-10-10,535.5,545.0,515.5,530.0,646885,576.95,13.468013468013469,-56.3236389571985,29.6875,-143.09608526006627
2022-10-11,541.0,548.5,525.0,533.5,325455,568.6,17.171717171717173,-56.09198765664543,26.68024439918534,-120.95838465263913
2022-10-12,508.5,540.5,504.0,530.0,961257,556.05,2.9853127375044086,-56.138874454183984,24.670433145009426,-140.06059805934734
2022-10-13,542.0,560.0,503.0,508.0,1597100,550.75,27.464788732394368,-55.69546086694221,38.52140077821011,-99.85868806253487
2022-10-14,531.5,555.2890014648438,527.5,551.5,1232990,547.0,20.070422535211268,-55.0085611163387,30.80082135523614,-86.22526267652293
2022-10-17,518.0,523.2260131835938,459.8999938964844,505.5,3168513,541.15,32.713966276358995,-54.295066353138154,29.239766081871338,-138.20302157564907
2022-10-18,490.0,532.5,490.0,518.5,2190312,530.95,17.695476204273646,-53.92527913349612,23.818181818181813,-118.57100867028066
2022-10-19,550.0,562.5020141601562,476.20001220703125,500.5,4649317,530.0,59.432719311365645,-52.71013442416032,42.39864864864864,-67.46373828145391
2022-10-20,537.0,564.0,522.0,536.5,1909687,528.55,55.03212187339148,-51.11610626006619,44.34628975265017,-40.45103492742554
2022-10-21,510.0,521.5,496.0,516.0,2716960,526.35,35.76017410484498,-49.68242816196763,39.00826446280991,-96.7951118567276
2022-10-24,517.5,559.5,499.5199890136719,540.0,2042658,524.55,41.11349292944123,-48.19151573051997,37.35144312393888,-57.62696366747485
2022-10-25,589.0,611.0,518.0,518.0,1601581,529.35,85.44010647826961,-45.492307067782896,54.42278860569716,60.022605387222846
2022-10-26,639.0,658.0,573.0,580.0,1993995,542.4,90.40888469732216,-41.275851746517226,61.65113182423435,180.8064605793672
2022-10-27,646.0,658.5,608.5,628.0,1930684,552.8,93.70594178457141,-36.123692241883425,65.70247933884298,196.40958641304275
2022-10-28,573.0,629.5,559.5,606.0,1273321,556.95,56.948641806468466,-31.737475360471176,54.335260115606935,80.45278355163417
2022-10-31,563.5,581.0,548.5,579.5,1128061,561.5,52.16515756274274,-28.140500038712354,52.577319587628864,30.733575357542215
2022-11-01,617.0,633.5,566.5,568.5,854066,574.2,79.10372672477709,-24.30906628109355,61.857923497267755,118.36766281831538
2022-11-02,601.0,624.5,574.0,615.0,703760,579.3,71.0473322090285,-20.731393982808413,56.70454545454545,96.07669659255977
2022-11-03,606.0,606.0,578.1500244140625,580.0,558143,586.2,73.56495549519994,-17.373298824567723,58.57307249712313,80.00221639544336
2022-11-04,632.0,636.0,602.0,610.0,605564,598.4,85.46352069420045,-13.87445518388191,62.751677852349,112.9736852121561
2022-11-07,647.0,668.5980224609375,613.0,619.5,723669,611.35,88.77430050735205,-10.19986935716643,68.08755760368663,127.90802542352642
2022-11-08,678.5,678.5,620.5,654.0,782693,620.3,100.0,-6.081947925890548,65.84463625154132,133.51923987683617
2022-11-09,667.5,678.8800048828125,647.0,674.5,679989,623.15,93.77733782864634,-2.0636571584080476,66.17100371747212,125.21822377105913
2022-11-10,695.0,710.5,643.0,667.5,876505,628.05,92.65333245195232,2.1249915280787386,72.89603960396039,134.26597717307308
2022-11-11,788.0,794.5,698.5,704.5,1628972,649.55,97.64918625678119,7.679758770483251,77.63023493360572,204.3127504221178
2022-11-14,793.0,798.635009765625,750.5,790.5,746609,672.5,97.74721268689858,13.861860936036685,74.11347517730496,195.6390792965542
2022-11-15,756.0,804.0,755.5,793.0,579342,686.4,81.2133072407045,19.491181091612198,64.26829268292684,162.04576625311526
2022-11-16,739.5,759.0,735.5,750.5,701255,700.25,74.75538160469668,24.17125772031871,61.14421930870084,115.93793255634785
2022-11-17,722.0,750.5,715.0,725.5,504283,711.85,67.90606653620353,27.67673608106044,70.46703296703296,88.55835730814869
2022-11-18,703.5,754.5,696.448974609375,754.5,318907,719.0,57.68421052631579,29.9039984598798,68.76675603217159,68.34755132116265
2022-11-21,657.0,703.5,647.0,700.5,552429,720.0,36.08695652173913,30.403305446787225,55.46448087431695,8.78200868064183
2022-11-22,650.0,669.5,641.5,655.0,402397,717.15,31.81314295010764,29.612412778033224,56.86274509803922,-15.192120715364103
2022-11-23,651.0,665.5,625.5,650.0,852808,715.5,24.257425742574256,28.002769598273908,56.373937677053824,-25.108467357264665
2022-11-24,665.0,682.875,658.0,681.0,561379,712.5,27.225130890052355,26.123867462411425,54.83870967741936,0.15093529248408447
2022-11-25,642.0,669.5,613.5,661.0,792913,697.9,14.960629921259843,23.748201038763295,49.28366762177651,-40.290614539033825
2022-11-28,618.0,653.5,618.0,627.0,382040,680.4,2.3622047244094486,20.74867580614444,41.142020497803806,-63.877594350016004
2022-11-29,611.0,632.5,603.5,623.5,874328,665.9,3.7406483790523692,17.35639668652191,41.629629629629626,-85.49351016617645
2022-11-30,631.5,631.5,585.0,601.0,992212,655.1,21.232876712328768,14.18328270453764,40.39334341906203,-87.24487035234833
2022-12-01,643.5,681.0,642.0,642.0,800462,647.25,26.71232876712329,11.473003484334841,21.04208416833667,-35.51203745624079
2022-12-02,640.0,651.0,617.5,637.0,1215079,640.9,25.114155251141554,9.11290768993315,19.153225806451616,-66.7097506415261
2022-12-05,625.5,655.0,613.0,635.5,523531,637.75,23.275862068965516,6.843911012743102,21.06430155210643,-72.83327537514857
2022-12-06,614.0,627.0,605.0,626.0,907781,634.15,17.10914454277286,4.551883611440992,21.541950113378675,-90.50522381568645
2022-12-07,607.5,622.5,599.0,617.5,954957,629.8,13.274336283185841,2.2514944950110984,22.673031026252985,-90.96350244756869
2022-12-08,576.5,610.5,575.0,606.0,617544,620.95,1.1673151750972763,-0.4332638897430483,21.396396396396398,-111.17073467479483
2022-12-09,585.0,594.0,571.5,580.5,428671,615.25,12.121212121212121,-3.0815979828734292,30.434782608695656,-111.11829753023974
2022-12-12,542.0,576.5,536.3410034179688,573.0,860959,607.65,3.861900114669489,-6.2472882872370725,25.454545454545453,-154.13895809276525
2022-12-13,568.0,600.0,524.5,540.0,796518,603.35,27.466456195737965,-9.142243076618504,33.06122448979592,-129.5294667754304
2022-12-14,535.0,567.5,530.5,564.5,431944,593.7,6.7092651757188495,-12.221406481720708,25.378787878787875,-152.2950822607007
2022-12-15,510.5,534.9810180664062,508.5,530.0,824380,580.4,1.1594202898550725,-15.61764157804604,25.23540489642184,-178.54329918059634
2022-12-16,511.0,515.5,495.3999938964844,512.0,1314750,567.5,8.405175425918335,-18.991001839711164,27.89256198347107,-168.83439307105655
2022-12-19,518.0,524.5,504.0,509.5,708728,556.75,12.17672702602758,-22.018222232682106,30.78512396694215,-131.8864477141395
2022-12-20,507.0,519.5,500.5,501.0,789353,546.05,6.2500030829987665,-24.795111559756958,23.22580645161291,-123.33486030123711
2022-12-21,513.5,526.5,505.5,510.0,549281,536.65,11.34085552088016,-27.109312318845703,21.365638766519822,-101.57902655043274
2022-12-22,497.0,519.5,486.3999938964844,513.0,974088,528.7,6.287073380654282,-29.213654876284163,20.208333333333343,-108.29133269284759
2022-12-23,513.0,519.0,491.3999938964844,519.0,202266,521.5,18.918922438688647,-30.754294780386576,26.708074534161483,-88.62396091042386
2022-12-28,504.0,516.5,499.79998779296875,513.5,700487,517.7,12.931671795906698,-31.934348377384346,26.98744769874476,-82.06097912313774
2022-12-29,522.5,524.5,486.79998779296875,501.0,731027,513.15,29.0894474843164,-32.45859156854256,33.06772908366534,-68.92005507582125
2022-12-30,510.5,524.0,499.0,520.5,745184,510.7,21.21479296537625,-32.661777103698356,35.77586206896552,-63.56201449705363
2023-01-03,532.5,546.5,517.0,527.0,922620,512.9,40.58098910796533,-32.22763865067649,39.307535641547865,-26.80786976185258
2023-01-04,570.0,570.0,531.0,531.0,658319,518.8,73.59155071465126,-30.74505221821294,55.833333333333336,24.956993850439197
2023-01-05,577.0,601.0,573.9400024414062,575.0,802247,524.7,79.05759273841457,-28.50128342992486,52.03619909502262,87.59714752786999
2023-01-06,587.0,595.5,551.0,577.0,788288,532.7,87.78359576407517,-25.67353800539509,63.131313131313135,84.14947038857768
2023-01-09,594.0,604.780029296875,575.5,587.0,631067,540.75,90.89371002431764,-22.457806328540133,73.13019390581718,120.16567216428265
2023-01-10,578.5,601.823974609375,564.0,587.5,474014,548.9,77.80028599586963,-19.363573917439478,67.26342710997443,99.13624974756817
2023-01-11,586.0,599.9299926757812,556.0,576.0,449444,556.2,84.13581375157028,-16.34390804678396,67.34693877551021,98.15752961741102
2023-01-12,708.5,717.0,557.5,571.0,2245602,576.65,96.313963670849,-11.537607886899291,82.76422764227642,224.9102571321221
2023-01-13,745.0,764.0,698.5,716.0,1192686,598.9,93.15561974702732,-5.254801439270895,84.2962962962963,271.8485574517575
2023-01-16,783.5,813.5,727.5,740.5,808797,626.2,90.81726388764599,2.250317218667144,89.8470097357441,244.32698434610526
2023-01-17,739.0,788.5,730.5,783.0,966093,646.85,77.19620532098756,9.41302633012975,79.12371134020619,179.17067899460469
2023-01-18,760.5,773.5,725.5,757.5,512486,665.9,83.77716620150792,16.307204475952425,82.02247191011236,148.60446796233367
2023-01-19,700.0,761.5,693.5,739.0,878454,678.2,63.910969793322735,21.66925882147686,70.05649717514125,99.2953580994757
2023-01-20,778.0,796.5,744.0,766.0,1681472,697.3,88.02698145025295,26.984975722327658,76.30285152409047,121.05895989735426
2023-01-23,743.5,799.426025390625,733.5,775.0,773300,712.25,75.22123893805309,31.381058978216295,70.24952015355086,96.01593110239904
2023-01-24,768.5,783.5,724.5,739.0,880481,731.25,82.85714285714286,35.297620350963626,69.5181907571288,85.1357655879246
2023-01-25,778.0,793.5,745.5,771.5,767831,750.45,86.47619047619048,38.779430613083015,69.66731898238748,84.99914735649656
2023-01-26,800.0,808.3419799804688,780.0079956054688,784.5,616241,759.6,94.75728155339806,42.068836038588145,70.36328871892925,92.36850569256531
2023-01-27,810.5,820.0,794.5,800.0,391857,766.15,96.40151515151516,45.13684775265366,70.56030389363723,92.37831458305014
2023-01-30,875.0,881.5,795.0,812.0,1136176,775.3,98.00307219662058,48.831447756583444,75.76020851433536,114.28769607896005
2023-01-31,872.5,881.0,839.0,841.0,1331028,788.65,97.22222222222223,52.57392133741511,75.10955302366345,118.36548893713726
2023-02-01,891.5,899.5,836.18798828125,876.0,881232,801.75,96.11650485436893,56.333521801327066,69.593147751606,122.0651886251123
2023-02-02,982.0,1015.0,900.7160034179688,905.0,1201472,829.95,89.73561430793157,61.222251747576976,72.7447216890595,185.15677977461254
2023-02-03,963.0,972.22998046875,923.281982421875,945.0,780110,848.45,83.8258164852255,66.11975107760264,67.8963110667996,161.36494900144348
2023-02-06,915.0,947.5,902.5,944.0,530043,865.6,68.89580093312597,69.84949962670555,67.42574257425743,119.78634776292438
2023-02-07,913.5,934.5,893.0,934.5,419596,880.1,68.42923794712286,72.46867226467494,65.77319587628867,100.5526279749251
2023-02-08,900.0,947.0,887.0,927.0,445798,892.3,60.413080895008605,73.87390070093562,72.8310502283105,87.32252217004265
2023-02-09,905.0,927.5,894.0,905.5,600512,902.8,62.1342512908778,74.3559865498349,67.3972602739726,75.62540628105818
2023-02-10,824.0,906.5,814.5,887.5,1025807,904.15,34.251290877796905,72.77241274608708,59.7812879708384,14.229012762497572
2023-02-13,825.0,835.5,808.0,820.0,471871,899.15,29.499072356215212,69.82722841302228,57.29032258064516,-13.888822701960684
2023-02-14,818.0,853.0,811.5,833.0,390456,893.7,16.167360456548113,65.91217311855641,55.1948051948052,-13.730321511549315
2023-02-15,830.5,833.5750122070312,806.5,822.0,293488,887.6,16.3265306122449,61.64365818709653,54.0612516644474,-23.228706758360346
2023-02-16,825.0,863.0,809.9409790039062,844.0,438813,871.9,13.636363636363637,57.14911655492581,51.95681511470985,-21.372220479072446
2023-02-17,834.0,848.0,801.5,808.0,406194,859.0,15.22248243559719,52.76185241173406,43.4920634920635,-32.50409851159138
2023-02-20,828.0,843.0,808.0,808.0,261416,850.3,12.412177985948478,48.455833926322114,43.01412872841445,-41.280568169925566
2023-02-21,818.0,840.0,816.0,830.0,269727,840.75,7.7283372365339575,44.15648244291041,38.12600969305331,-51.1715837362151
2023-02-22,810.0,825.5,794.5,815.0,520474,831.75,8.721094752342777,39.85841193323232,12.11453744493393,-78.68527181429722
2023-02-23,840.0,864.0,814.0,814.0,418825,825.25,29.73856209150327,36.17424336672485,24.159663865546207,-37.99338119135291
2023-02-24,822.0,855.5,814.625,855.5,381338,825.05,18.0327868852459,32.69835894388659,27.644230769230774,-54.964366039428214
2023-02-27,854.5,858.5,822.0,832.5,208162,828.0,39.34426229508197,29.979226936525073,37.65690376569038,-30.687605704232578
2023-02-28,875.0,875.0,834.5,851.5,585261,833.7,60.526315789473685,28.1356908801354,44.91869918699187,-3.304140269064393
2023-03-01,855.0,894.0,852.0,894.0,391328,836.15,54.017857142857146,26.554387359208043,40.42145593869732,6.549679568128847
2023-03-02,871.5,888.5,846.5,879.5,363602,840.8,77.38693467336684,25.423065697823148,62.08651399491094,20.817081245340948
2023-03-03,925.0,925.0,860.0,873.0,505450,849.9,100.0,25.428706643590864,70.08032128514056,102.27183990386054
2023-03-06,941.5,960.0,913.5,943.0,646199,861.25,88.82175226586102,26.351968714306082,73.88781431334623,170.21085276708018
2023-03-07,933.5,961.0,921.5059814453125,928.0,442250,872.8,83.48348348348348,27.61428221070746,70.2755905511811,160.77449735816847
2023-03-08,931.0,938.3679809570312,891.1669921875,923.0,556663,884.9,81.98198198198199,28.920109438016553,71.11553784860558,121.20312030647399
2023-03-09,909.0,930.5,884.5,925.0,518069,891.8,68.76876876876877,29.76784467748174,64.20454545454545,97.58557070568929
2023-03-10,830.5,871.5,824.9359741210938,870.0,777615,892.65,21.62162162162162,28.963748459756623,50.37147102526003,-30.400211043217002
2023-03-13,822.5,852.5,791.5,813.5,455743,889.45,18.289085545722713,26.97281876925792,50.672645739910315,-69.5013738959566
2023-03-14,848.0,872.0,802.5,820.5,540532,886.75,33.333333333333336,24.687733771863424,55.39772727272728,-35.03028190937374
2023-03-15,784.5,846.5,771.0,839.5,609254,879.7,7.105263157894737,21.268692106142716,42.80155642023346,-109.1859861071156
2023-03-16,797.0,827.5,782.0,797.5,507889,872.25,13.68421052631579,17.469094730828196,46.71052631578948,-99.8544552920743
2023-03-17,737.5,818.0,725.7990112304688,808.0,1180183,853.5,4.974889276931066,12.641050232466654,35.62653562653563,-159.1908230057073
2023-03-20,722.0,737.0,686.5,712.0,610576,831.55,12.932604735883425,7.145384114485523,30.970149253731336,-204.2782589624244
2023-03-21,760.0,774.0,722.0,740.0,385393,814.2,26.775956284153004,2.1093396288775006,38.6904761904762,-132.11722565271205
2023-03-22,777.0,796.3330078125,749.427001953125,772.0,326098,798.8,32.96903460837887,-2.108207688769931,38.763376932223544,-93.90667979831862
2023-03-23,771.0,776.0,755.5819702148438,760.0,383672,785.0,30.783242258652095,-5.682567502864476,29.356568364611263,-90.90290900414819
2023-03-24,745.5,782.0,743.3309936523438,782.0,215351,776.5,21.493624772313296,-9.060301888573658,24.3455497382199,-92.53460761685704
2023-03-27,723.5,764.0,709.0,752.5,322718,766.6,14.690235677996803,-12.468075737380602,23.484848484848484,-106.68585652785649
2023-03-28,719.0,740.5,700.5,700.5,577312,753.7,13.319672131147541,-15.759414208619308,23.366834170854275,-106.75323691630514
2023-03-29,744.0,751.5,703.0,728.0,438953,749.65,30.997304582210244,-18.370456547941505,29.42643391521196,-84.22794455121948
2023-03-30,806.5,808.5,747.0,753.0,530194,750.6,64.6900269541779,-19.379206313749414,46.883116883116884,-24.887169776578222
2023-03-31,820.5,825.5,799.0239868164062,810.5,406315,758.9,72.23719676549865,-19.063258851879226,49.74424552429667,10.043951314236441
2023-04-03,806.7999877929688,838.0,796.0,817.4000244140625,523666,767.3799987792969,75.18749237060547,-18.108705989687383,44.567509113826546,17.894367907503977
2023-04-04,783.4000244140625,822.5999755859375,783.4000244140625,815.5999755859375,325214,769.7200012207031,63.9604121544967,-17.13598621787643,49.837809545099965,5.353314100740228
2023-04-05,760.0,786.4000244140625,746.0499877929688,784.0,353587,768.0200012207031,48.51485148514851,-16.537148700850576,44.714285714285715,-37.2716151625905
2023-04-06,754.5999755859375,769.0,742.4000244140625,750.0,204087,766.3799987792969,44.950478934612214,-16.25250811865113,52.88948532866779,-45.97160930569974
2023-04-11,759.5999755859375,787.3720092773438,755.4000244140625,768.4000244140625,246182,767.7899963378907,42.98180042613637,-16.062906584541025,56.587241129907355,-14.73722977327067
2023-04-12,726.2000122070312,761.0,726.2000122070312,738.4000244140625,448569,768.0599975585938,18.69091796875,-16.439079205591952,43.98148339345919,-77.53853686618574
2023-04-13,702.4000244140625,749.0,702.4000244140625,732.0,469459,766.4,1.3818359375,-17.49239543400538,37.03060119634009,-119.49314445192222
2023-04-14,701.4000244140625,717.6380004882812,700.0,700.0,354260,762.1400024414063,1.0145104449728262,-18.891001288258536,37.68577820262897,-133.87666579704788
2023-04-17,741.5999755859375,758.4000244140625,704.7999877929688,704.7999877929688,600205,755.65,30.144909844882246,-19.748287605113887,49.34409260429459,-54.682388870291184
2023-04-18,716.4000244140625,754.7999877929688,716.4000244140625,748.5999755859375,359634,745.2400024414062,11.88407566236413,-20.57838511860957,48.81863918966403,-63.17210826821943
2023-04-19,742.0,744.9630126953125,706.0540161132812,710.0,416132,738.7600036621094,30.434782608695652,-20.892591172379944,53.57587227552679,-62.47541031134402
2023-04-20,757.7999877929688,768.0,723.0,723.0,243231,736.2,41.88404912533967,-20.567277234391117,52.2087059543889,-12.890938749446645
2023-04-21,784.4000244140625,794.0,754.4000244140625,758.5999755859375,341383,738.6400024414063,61.15943798120471,-19.386913015508654,46.00361928702959,60.01584243132636
2023-04-24,749.2000122070312,776.2000122070312,736.0,770.0,454206,738.1000061035156,35.6521827587183,-18.2499054284718,38.02485486974412,-0.4716380861123647
2023-04-25,731.7999877929688,748.5999755859375,719.5999755859375,745.0,327324,735.3200073242188,25.938004996320963,-17.435688755917813,37.55805834428214,-50.76212777322181
2023-04-26,724.0,733.0,701.5999755859375,723.7999877929688,545074,735.1000061035156,25.53191489361702,-16.95117854660347,39.60811063041346,-83.25732641764797
2023-04-27,720.5999755859375,733.5999755859375,715.4000244140625,726.2000122070312,240119,736.9200012207032,21.91486764461436,-16.714331025738055,42.588405705250175,-74.72168773267919
2023-04-28,736.7999877929688,744.0,715.2000122070312,737.7999877929688,212213,740.4599975585937,39.148923184009305,-16.348572543797758,46.78235840710992,-51.9616471037767
2023-05-02,735.2000122070312,758.7999877929688,728.614990234375,750.0,255214,739.8200012207031,37.44682149684176,-15.909453805098043,45.53441193429915,-24.853516890062576
2023-05-03,737.4000244140625,747.7999877929688,725.0,741.2000122070312,179886,741.9200012207032,39.787260014960104,-15.376012835348607,52.3140526925212,-29.60999144061854
2023-05-04,684.2000122070312,743.2000122070312,672.7999877929688,735.7999877929688,750022,736.1400024414063,9.405959790325124,-15.625146455637767,46.64701277398076,-147.35471624924062
2023-05-05,696.7999877929688,708.0,682.7999877929688,684.2000122070312,323656,730.0400024414063,19.801978203602584,-16.115084550996464,49.18727250650305,-159.1897278934276
2023-05-09,635.7999877929688,707.2000122070312,635.7999877929688,694.2000122070312,1152935,715.1799987792969,0.0,-17.66676069740901,32.58722974915514,-248.53143995944515
2023-05-10,487.3999938964844,639.010009765625,487.3999938964844,631.0,4228133,688.9999969482421,0.0,-22.12994136632937,23.18501005257528,-406.01662471520586
2023-05-11,500.0,516.0,445.0,491.79998779296875,7219700,665.8199981689453,15.759312320916905,-27.932565007816216,20.772951168786207,-326.46349465209306
2023-05-12,505.0,548.2000122070312,496.45098876953125,505.0,3459038,643.9199981689453,17.191977077363898,-34.127106389915646,18.650800859214996,-205.72761090706445
2023-05-15,400.5,480.0,380.5950012207031,465.0,6239214,611.9100006103515,5.031533531304228,-41.8320200124487,10.10185042696061,-222.73919687069227
2023-05-16,398.8999938964844,427.3999938964844,393.20001220703125,396.0,2186927,578.1200012207031,4.839965977625633,-50.009884918202616,10.860335818816566,-179.43650487302537
2023-05-17,430.0,443.0,380.1000061035156,388.20001220703125,2198100,547.6,13.176656009823647,-57.445324256801165,17.281008260523237,-139.26415520449046
2023-05-18,453.5,472.3999938964844,429.29998779296875,437.5,2485311,519.2099975585937,19.38209597186484,-63.51978932756542,21.639758214277023,-101.22196358398895
2023-05-19,446.1000061035156,475.79998779296875,437.54400634765625,453.1000061035156,1870247,495.3999969482422,17.428044148711432,-68.39607672919193,21.459765755215514,-87.6329614868654
2023-05-22,443.5,445.8999938964844,431.1000061035156,443.70001220703125,794598,470.0699981689453,16.741483222060076,-72.15133962197542,18.617590899348414,-83.6235385534569
2023-05-23,454.79998779296875,467.20001220703125,438.29998779296875,442.70001220703125,1297828,451.9699981689453,20.315470603570002,-74.66237678110966,20.607963897897008,-69.23070052691641
2023-05-24,436.0,451.70001220703125,430.0,450.79998779296875,764264,446.8299987792969,15.395205991967934,-76.39169680373345,19.469201851531736,-69.69246866288154
2023-05-25,418.1000061035156,445.239990234375,418.1000061035156,437.1000061035156,680801,438.63999938964844,11.588899270305056,-77.6518696751571,20.968794358449273,-70.07234122035695
2023-05-26,406.0,455.20001220703125,403.0,438.0,3004851,428.73999938964846,7.918065855458266,-78.56799406892075,18.23940634043032,-68.30737616317471
2023-05-30,356.0,419.2699890136719,356.0,415.20001220703125,3966871,424.2899993896484,0.0,-79.83909923423543,18.688451719181984,-88.23925041633133
2023-05-31,343.29998779296875,368.7569885253906,337.5,350.0,2661633,418.72999877929686,2.7527230455353524,-81.28671785730344,26.840243767856492,-100.3676595357206
2023-06-01,342.0,347.20001220703125,332.0,344.3999938964844,3250511,409.92999877929685,4.625346639862391,-82.60455680913518,23.649098326663506,-105.07340119282333
2023-06-02,350.3999938964844,367.0,343.0,343.0,1514224,399.6199981689453,12.432428308435389,-83.44967959101447,24.505274498686845,-95.87979087507081
2023-06-05,375.20001220703125,404.26300048828125,362.3999938964844,368.0,3245807,392.5299987792969,30.04173565663095,-83.3683417951502,44.340047473608784,-73.38017711315716
2023-06-06,356.0,380.9849853515625,355.0,369.0,1718845,383.7799987792969,16.68984842651948,-82.82689198579183,41.10327813968089,-89.99619049130763
2023-06-07,348.0,357.79998779296875,341.0,353.1000061035156,4440244,373.1,11.126565617679654,-81.96429266057837,31.19266055045871,-107.78311423317442
2023-06-08,343.1000061035156,352.65399169921875,338.29998779296875,345.29998779296875,1345945,363.81000061035155,7.7190591417132035,-80.83698526068586,22.316951535666306,-102.78680655310427
2023-06-09,325.1000061035156,348.79998779296875,325.1000061035156,340.0,2733104,354.51000061035154,0.0,-79.70579493065115,21.19047619047619,-108.01292419450125
2023-06-12,329.29998779296875,336.4800109863281,320.32501220703125,330.20001220703125,1547359,346.8399993896484,6.110621675531915,-78.38279583718594,23.015116875415004,-105.13652309070787
2023-06-13,325.0,342.93701171875,324.0,333.1000061035156,3069001,343.73999938964846,3.466163331209453,-76.8988820723131,18.2795690905522,-91.70346139443086
2023-06-14,328.0,334.8999938964844,322.8999938964844,325.5,1782229,342.2100006103516,5.690445073563485,-75.16876796529249,21.398303235477712,-86.12156616467931
2023-06-15,376.3999938964844,382.0,357.10400390625,361.0,3956033,345.65,41.57551932489574,-72.43151723178791,40.4924727477873,-16.25719030814387
2023-06-16,370.3999938964844,407.8380126953125,365.8999938964844,388.20001220703125,7012045,347.65,50.60891750706073,-69.1371443953904,41.651029746482216,5.400524487828006
2023-06-19,411.20001220703125,412.0,366.79998779296875,368.1000061035156,2452401,351.25,99.12736525825848,-64.8577566857675,63.52941475662531,41.73982291031599
2023-06-20,397.0,415.79998779296875,381.489990234375,408.0,2438535,355.35,80.30898915910507,-60.264042266054126,63.06569640073754,52.31988951993405
2023-06-21,400.8999938964844,422.29998779296875,377.135986328125,395.29998779296875,3171108,360.63999938964844,79.01446529060462,-55.51454798727996,64.1518481905247,68.42629275045655
2023-06-22,408.70001220703125,421.8999938964844,385.0,389.79998779296875,2586455,367.2,86.66341863992272,-50.66541662818439,64.0481951171588,89.61066985542381
2023-06-23,390.3999938964844,414.8999938964844,388.70001220703125,407.1000061035156,1633321,373.72999877929686,68.71782149180193,-46.184523527132015,53.781089398422715,79.6818554027351
2023-06-26,392.79998779296875,399.781005859375,386.052001953125,390.5,924429,380.0799987792969,71.07133408907814,-42.02577648074303,59.98913826118737,74.14477243155187
2023-06-27,407.6000061035156,410.70001220703125,392.20001220703125,394.8999938964844,1054121,388.3399993896484,85.58471663759802,-37.955041838786656,65.60209334574701,94.78531684171331
2023-06-28,416.70001220703125,420.0,395.8999938964844,395.8999938964844,2580575,397.2100006103516,94.50848058186763,-33.92117380291704,68.85245645344233,102.2068074392018
2023-06-29,376.0,424.8999938964844,368.0,413.1000061035156,2803344,397.1700012207031,53.239299585346075,-30.69390677706489,61.67966522827465,43.63510624958745
2023-06-30,382.70001220703125,391.1000061035156,365.1000061035156,378.1000061035156,1786440,398.40000305175784,58.6274689319087,-27.96452790419991,62.114338409901876,14.41437207910838
2023-07-03,375.8999938964844,388.38299560546875,369.6000061035156,385.29998779296875,887852,394.8700012207031,51.96078431372549,-25.735047735419244,61.41766877861706,10.260028883635059
2023-07-04,368.5,382.3999938964844,368.5,380.6000061035156,750541,392.02000122070314,16.809248003298613,-23.995174625430856,58.908926622244124,-4.315503967115681
2023-07-05,355.1000061035156,372.1889953613281,353.70001220703125,365.0,1180100,387.44000244140625,1.9662840681485125,-22.81248397777311,44.46178480914225,-43.03698372990247
2023-07-06,328.8999938964844,362.8900146484375,328.8999938964844,355.1000061035156,2030974,379.4600006103516,0.0,-22.40703472842534,40.235299726964776,-99.25037015190375
2023-07-07,336.20001220703125,338.0,323.0,337.1000061035156,1348114,374.0400024414063,12.953889104684883,-22.34246195626956,29.050293616408965,-121.31558625424827
2023-07-10,340.8999938964844,342.5199890136719,325.0,332.1000061035156,977253,368.8500030517578,17.56623647560585,-22.36902051449541,33.45133457168018,-113.89363258603694
2023-07-11,340.6000061035156,347.8999938964844,333.3320007324219,342.0,780417,362.15000305175784,17.271842156727388,-22.405108789079186,31.82641448625826,-105.09542235497234
2023-07-12,366.70001220703125,376.3999938964844,336.0,336.3999938964844,1844727,357.15000305175784,42.88519609866133,-21.977802169461967,38.5993530673633,-57.62639909440645
2023-07-13,377.0,395.2099914550781,367.0,367.0,2110772,357.2500030517578,52.99313369425338,-21.068026580330628,46.19750549169054,6.353420776367644
2023-07-14,349.70001220703125,377.29998779296875,349.70001220703125,370.5,1443408,353.9500030517578,26.202172528248227,-20.291077794399488,39.2839463606998,-55.919509871868954
2023-07-17,351.8999938964844,360.43701171875,338.0,352.3999938964844,1633373,351.5500030517578,28.3611340799908,-19.556764320914844,35.2254609530421,-74.25953595835168
2023-07-18,377.70001220703125,377.9639892578125,350.8999938964844,351.6000061035156,1514826,352.4700042724609,53.680093703046275,-18.431469715391888,40.49707658870605,-12.90568850734507
2023-07-19,385.8999938964844,400.0,379.91900634765625,387.79998779296875,1926104,355.5500030517578,81.68830376166802,-16.947270547076748,52.86624057502404,53.319947237086346
2023-07-20,400.0,402.8999938964844,380.70001220703125,381.20001220703125,1241408,362.6600036621094,96.37047044053406,-15.052337504873758,54.8028845469537,76.27014675211556
2023-07-21,395.5,406.1000061035156,385.1000061035156,400.0,1074173,368.5900024414062,87.24427758728265,-13.036787498902433,55.51181406448753,80.58695974811687
2023-07-24,383.3999938964844,387.19500732421875,368.70001220703125,383.5,1052786,372.8400024414062,72.68350115551809,-11.21463063327698,54.082190791248195,30.425816974855802
2023-07-25,405.0,415.1000061035156,376.62200927734375,385.0,1191637,379.2800018310547,89.03365316592516,-9.239033421546957,63.083376687928684,98.8179210953497
2023-07-26,407.3999938964844,411.42498779296875,391.3070068359375,404.6000061035156,856832,383.35,91.63950955836329,-7.211478716925972,73.51708125357243,117.93287010444924
2023-07-27,401.5,432.29998779296875,393.0,410.0,2256981,385.8,71.29544147535584,-5.335340368361362,69.72810026438744,128.37248171996194
2023-07-28,414.5,422.70001220703125,389.8999938964844,398.8999938964844,1279701,392.2799987792969,82.01439847202406,-3.4328894034186908,71.17376990688624,115.83412783372337
2023-07-31,420.6000061035156,434.2799987792969,412.0,418.70001220703125,1406922,399.15,86.0805933600978,-1.5085295394713218,72.27171794957191,136.8118121060062
2023-08-01,418.5,427.3999938964844,401.0,427.3999938964844,1033084,403.22999877929686,83.61030434216202,0.298618147086555,66.64524290505423,103.6234058575197
2023-08-02,422.1000061035156,428.20001220703125,402.0,415.20001220703125,1386682,406.85,87.34940503717547,1.9943212273870794,65.14439487985112,98.17502104653056
2023-08-03,423.70001220703125,437.70001220703125,410.5,412.20001220703125,1100890,409.2200012207031,85.95787534014698,3.5522631314586337,80.03246455675946,105.21666568677819
2023-08-04,439.0,446.7900085449219,418.07598876953125,425.0,1315609,413.57000122070315,91.87610037032275,5.178195153279947,81.95157534941279,124.96012108697123
2023-08-07,431.6000061035156,445.8999938964844,428.9949951171875,438.1000061035156,1202323,418.39000244140624,80.54808150370498,6.63164328553004,72.85835313265932,120.37257158486014
2023-08-08,423.0,431.29998779296875,416.7699890136719,425.0,885632,420.19000244140625,69.5351393769005,7.748466773486161,65.68047352542465,79.96832410196362
2023-08-09,423.5,438.0,422.79998779296875,427.29998779296875,1128429,421.8000030517578,70.17542625543554,8.58607160804668,61.222539283726,86.5744810442061
2023-08-10,426.1000061035156,435.79998779296875,417.70001220703125,435.79998779296875,352522,424.2600036621094,73.50492583981963,9.226671155400094,64.88326880014583,74.63110783177244
2023-08-11,424.0,439.8999938964844,421.70001220703125,426.1000061035156,623028,425.2100036621094,67.52079468873748,9.655676497736769,71.87499897233391,76.36653434028014
2023-08-14,398.70001220703125,428.0,398.0,428.0,1366256,423.02000427246094,15.468476084824792,9.503915753915354,46.735757620223445,-10.52661298133298
2023-08-15,399.0,402.79998779296875,388.7590026855469,398.0,905438,421.07000427246095,17.647457876690716,8.979222411145296,45.5508504027577,-74.14279731532115
2023-08-16,400.0,404.3940124511719,389.20001220703125,397.70001220703125,467715,418.86000366210936,19.37067460400934,8.243776384071403,49.16201117318436,-73.9709290098027
2023-08-17,396.0,399.1000061035156,391.29998779296875,395.29998779296875,594003,416.0900024414062,12.47780769473485,7.332181055698522,38.50931677018634,-86.66086519987223
2023-08-18,388.20001220703125,396.79998779296875,376.0,388.29998779296875,1263921,411.0100036621094,17.23408777283785,6.216810317841596,30.291970125437672,-123.48809685519807
2023-08-21,392.29998779296875,399.0,385.0,393.0,433082,407.0800018310547,23.025831085505683,5.0834300259022065,34.441788954515005,-106.25854220217737
2023-08-22,373.6000061035156,399.20001220703125,366.3999938964844,394.3999938964844,1311293,402.14000244140624,8.95635140572921,3.6882419105778608,25.579035361078837,-153.69389935745627
2023-08-23,378.20001220703125,386.70001220703125,360.8800048828125,370.0,1254602,397.61000366210936,20.16064088687467,2.267079951460075,27.761469904217094,-152.93689487400366
2023-08-24,387.0,388.1000061035156,361.8999938964844,379.0,1382130,393.7000030517578,30.72218124256309,1.0393692803555943,22.860104511635555,-118.3724867981573
2023-08-25,388.70001220703125,404.79998779296875,384.70001220703125,388.29998779296875,950386,390.1700042724609,35.20629105555227,0.022022519924445705,26.19310762956853,-57.85461555530648
2023-08-29,407.70001220703125,412.3999938964844,381.70001220703125,398.5,1633460,391.07000427246095,59.250840083156746,-0.5070575090989357,42.388061151797864,-24.468092286861346
2023-08-30,404.6000061035156,413.6000061035156,403.0,409.8999938964844,745216,391.6300048828125,55.32777435990124,-0.750669260996023,40.834139686518306,2.1846127055928295
2023-08-31,438.3999938964844,461.5,402.1000061035156,405.0,2623787,395.4700042724609,77.04233032747408,-0.26161450505233264,54.57929802714999,100.35163145168961
2023-09-01,449.79998779296875,474.20001220703125,422.29998779296875,436.8999938964844,1755535,400.8500030517578,78.46803491262418,0.8435008823442469,58.983288003226875,140.1980123987676
2023-09-04,440.6000061035156,465.5,428.0,442.6000061035156,870286,406.0900024414062,70.34944940712633,2.128116319953724,66.43138195421307,120.44040015148047
2023-09-05,441.0,449.6000061035156,430.1419982910156,431.29998779296875,563058,410.9600036621094,70.70242670207122,3.4594285090138253,66.45769127191897,103.08884983520102
2023-09-06,423.8999938964844,439.79998779296875,419.0,430.0,753864,415.99000244140626,55.61241170181538,4.469514384836139,58.31593844577733,59.47730195608153
2023-09-07,410.0,425.3999938964844,406.20001220703125,424.79998779296875,916616,419.1700012207031,43.346268922001364,4.993358248249257,54.55729420193508,17.41093119800082
2023-09-08,401.3999938964844,414.29998779296875,400.6239929199219,409.70001220703125,575526,420.61000061035156,35.75713589370016,5.036385329340117,54.27460732813546,-8.375262508857988
2023-09-11,403.8999938964844,410.0,390.85400390625,401.5,710835,422.1299987792969,37.96327765015741,4.80419731451519,53.79581457690103,-18.54955072697094
2023-09-12,390.79998779296875,407.8179931640625,388.0,397.5,745496,420.43999633789065,26.403089460233165,4.191728804932447,55.84238581148054,-38.78876354446856
2023-09-13,400.29998779296875,408.1000061035156,387.5,387.5,495179,420.00999450683594,34.19411187476001,3.515027613542459,57.26495040541636,-27.492490943415902
2023-09-14,400.70001220703125,410.6000061035156,389.3999938964844,405.0,720390,416.2399963378906,20.54054054054054,2.8319111131835153,54.766879277398175,-21.95888872760332
2023-09-15,403.6000061035156,411.3999938964844,389.0,405.0,1350257,411.6199981689453,23.675669077280407,2.22039692781945,55.14147499106481,-19.099785671313423
2023-09-18,392.0,404.5,381.1000061035156,400.0,585564,406.75999755859374,11.707833707728158,1.495686214215004,44.29090465198864,-54.831167754212885
2023-09-19,381.8999938964844,393.8999938964844,379.0,390.0,1006820,400.84999694824216,3.046211685538196,0.5734679728794432,42.145324495836945,-81.95911231476296
2023-09-20,400.79998779296875,411.3999938964844,379.8999938964844,381.79998779296875,1157004,398.5399963378906,22.899143905108296,-0.12396864172752553,35.49382548891113,-38.800861337231915
2023-09-21,394.5,414.0,389.0,400.0,518745,396.9899963378906,17.91907514450867,-0.7441857837937019,27.791169561056734,-38.01844558084186
2023-09-22,383.0,399.0,382.0,399.0,783533,395.1499969482422,5.665721889790055,-1.4652700825549503,27.287067119167517,-88.04660944502665
2023-09-25,386.79998779296875,390.0,368.5260009765625,390.0,1582225,393.43999633789065,25.639069220973955,-2.1478092977522114,29.18586515919533,-109.87156450967794
2023-09-26,381.0,393.79998779296875,357.5,363.3999938964844,1598966,392.4599975585937,34.60972328779067,-2.8580494937435392,31.959631581716664,-117.9634489933625
2023-09-27,387.1000061035156,395.3999938964844,371.9440002441406,377.3999938964844,604651,391.13999938964844,52.112698001635486,-3.444584055529085,39.69397270998002,-80.88297286239894
2023-09-28,389.79998779296875,393.5799865722656,375.0,379.1000061035156,461893,390.0499969482422,57.16811998755531,-3.871907676666519,44.48668815468122,-72.59713593226526
2023-09-29,384.5,401.55999755859375,376.8999938964844,394.79998779296875,675233,388.13999633789064,47.78761061946903,-4.252773303296211,41.018518806321545,-64.8094310889557
2023-10-02,382.8999938964844,391.79998779296875,375.79998779296875,388.1000061035156,372468,387.22999572753906,44.95574140970686,-4.600388585810118,45.90673761926764,-82.97011912198502
2023-10-03,378.3999938964844,382.20001220703125,366.0,373.5,633096,386.87999572753904,36.99113963979536,-4.97025028492695,38.03278622913006,-125.1057690736867
2023-10-04,374.29998779296875,396.29998779296875,367.9419860839844,387.3999938964844,977274,384.22999572753906,29.734491668971238,-5.3887518425641145,36.13443384734535,-92.47259249606108
2023-10-05,378.70001220703125,384.1000061035156,375.20001220703125,373.0,397695,382.6499969482422,37.52214549917036,-5.733319502825631,37.125129983762875,-87.2975302012154
2023-10-06,388.3999938964844,393.3999938964844,369.1000061035156,376.3999938964844,490419,383.18999633789065,54.69025468404314,-5.845659084925746,48.10126174790473,-47.14124464419773
2023-10-09,381.20001220703125,395.3999938964844,376.5,388.79998779296875,296501,382.6299987792969,41.9469242602323,-5.908101643341664,49.61916093534619,-36.15491118335094
2023-10-10,387.8999938964844,394.5199890136719,373.79998779296875,373.8999938964844,830014,383.3199981689453,53.805298931830755,-5.815636318392942,41.90714759150208,-22.336941495382018
2023-10-11,390.1000061035156,396.70001220703125,383.1000061035156,383.1000061035156,645818,383.6199981689453,73.99003157038784,-5.582569996933531,47.08994901219452,31.92902033647769
2023-10-12,381.0,396.20001220703125,372.1000061035156,382.29998779296875,1114436,382.73999938964846,53.33636246517768,-5.406056892752305,48.63387887014845,-40.62226949077665
2023-10-13,379.5,389.5,372.0,377.5,1588750,382.23999938964846,49.93191379718762,-5.285853484878568,44.85191003981492,-73.40218683778889
2023-10-16,386.8999938964844,391.5,372.70001220703125,372.70001220703125,469224,382.63999938964844,58.77389013327841,-5.07713505502281,54.068963020677465,-17.873953699089093
2023-10-17,395.29998779296875,400.0,381.6000061035156,383.79998779296875,460239,384.3299987792969,82.39592183517418,-4.678289674765257,55.48127431360909,106.43545510854851
2023-10-18,402.0,402.0,388.20001220703125,393.20001220703125,371704,387.1,100.0,-4.063626989120693,57.74112569603713,182.26102810800194
2023-10-19,390.20001220703125,402.6000061035156,388.29998779296875,395.8999938964844,556362,388.25,66.12024090538802,-3.5249159168095963,53.34115651977919,141.6360489233113
2023-10-20,398.70001220703125,401.29998779296875,386.20001220703125,386.20001220703125,607223,389.2800018310547,89.34428074833092,-2.918403436892907,58.56834134943991,147.24570803129228
2023-10-23,401.29998779296875,423.20001220703125,392.6000061035156,402.5,719780,391.2899993896484,60.36770411361383,-2.2530560108977893,62.67995832303969,225.19711531099742
2023-10-24,392.70001220703125,419.70001220703125,386.20001220703125,394.0,1125354,391.77000122070314,43.622926877973136,-1.7177830093288513,59.70466172461792,130.428532826188
2023-10-25,394.6000061035156,399.0,380.70001220703125,384.20001220703125,472155,392.2200012207031,47.134929987268364,-1.2578695643834152,58.613224144424024,37.95716773107318
2023-10-26,391.70001220703125,414.20001220703125,388.20001220703125,394.0,346451,393.2900024414063,38.476577168327054,-0.9127002220390432,51.929837335780455,94.8422091071041
2023-10-27,385.6000061035156,399.8999938964844,381.70001220703125,384.8999938964844,277602,393.90000305175784,26.562505587934115,-0.7527864138070022,52.606633528793026,5.1595271314177085
2023-10-30,388.1000061035156,414.6000061035156,382.29998779296875,387.0,421120,394.02000427246094,31.445316923781174,-0.6757683390368816,50.124695965588934,58.27210538244998
2023-10-31,395.3999938964844,399.7969970703125,386.5,388.1000061035156,691499,394.0300048828125,45.703102182602365,-0.5367378643395254,53.10667780994509,41.491233129975775
2023-11-01,365.0,390.79998779296875,344.3999938964844,384.79998779296875,2758120,390.3300048828125,26.142133650695417,-0.849918239440692,42.49530355281005,-219.19769228762422
2023-11-02,362.79998779296875,373.8999938964844,355.0,365.0,958254,387.5900024414062,23.350240635694945,-1.4632809559140427,42.21806914895433,-211.7257054665336
2023-11-03,372.0,382.70001220703125,355.0,365.0,911239,384.9200012207031,35.02538031748343,-2.0825227265032358,43.17140174216018,-139.69599400501627
2023-11-06,389.70001220703125,394.9429931640625,364.0,364.5,1104100,383.7600036621094,57.48731952322879,-2.38584784975929,47.635144713678535,-38.224621514992684
2023-11-07,397.8999938964844,404.0199890136719,381.1000061035156,389.0,808420,384.2800018310547,67.89338523902268,-2.338997986058237,48.29023836558043,45.81105128592221
2023-11-08,391.79998779296875,405.0,388.1000061035156,390.0,876974,384.0,60.152262540959576,-2.167112156979344,50.700515004393246,47.722862629229155
2023-11-09,391.6000061035156,405.0,378.0,383.6000061035156,787425,383.98999938964846,59.89847873006627,-1.924118050428309,46.64777591841686,19.624696647058848
2023-11-10,389.29998779296875,395.79998779296875,376.3999938964844,380.0,602304,384.35999755859376,59.62813144521569,-1.6816028003313737,44.31818050458053,-17.5918260758058
2023-11-13,382.6000061035156,391.20001220703125,375.20001220703125,384.3999938964844,307794,383.80999755859375,54.41596234253237,-1.5551623201556803,45.13017941808236,-50.91712216792495
2023-11-14,395.6000061035156,400.8999938964844,375.0,375.0,715257,383.8299987792969,72.9344776408786,-1.2971515390164026,50.435540115998705,10.561852997848497
2023-11-15,395.6000061035156,409.3999938964844,389.6000061035156,400.0,732523,386.88999938964844,72.9344776408786,-0.9672439229191738,51.7426247136761,72.75468872002264
2023-11-16,382.20001220703125,400.0,380.29998779296875,388.79998779296875,589570,388.8300018310547,53.84617056627921,-0.8211515977832562,48.573827844478096,-11.738655064649553
2023-11-17,389.1000061035156,391.6000061035156,377.8999938964844,380.0,642771,390.5400024414063,68.76924954927884,-0.6859725937169969,50.40453082424143,-18.831852545253767
2023-11-20,387.6000061035156,404.20001220703125,380.29998779296875,395.0,787084,390.3300018310547,66.46155724158653,-0.587088308269449,46.6893087431057,26.623006101621108
2023-11-21,387.6000061035156,402.3999938964844,386.0,392.0,401813,389.3000030517578,59.92648853150407,-0.514798433937965,62.92906617950273,43.28596217671958
2023-11-22,386.79998779296875,392.70001220703125,373.29998779296875,385.3999938964844,984325,388.8000030517578,58.45586647211709,-0.47455747107412344,63.95348837209302,-25.19440342618766
2023-11-23,378.70001220703125,389.8999938964844,377.20001220703125,388.20001220703125,370470,387.5100036621094,32.37888586625905,-0.5846624100449523,53.945827501202366,-40.09842308896646
2023-11-24,375.8999938964844,388.0,372.1000061035156,376.29998779296875,267314,386.1700042724609,10.187638167766554,-0.8265694576698904,40.142839766514264,-63.013378246509994
2023-11-27,387.29998779296875,390.0,372.0,372.0,387982,386.64000244140624,40.90906494614952,-0.9546421829049563,42.759556861308,-18.428356616049626
2023-11-28,389.3999938964844,394.0,381.70001220703125,388.0,601901,386.02000122070314,46.52405544408387,-0.9689717827949902,48.2658999049633,34.654769220159096
2023-11-29,394.6000061035156,400.1000061035156,380.70001220703125,392.20001220703125,561884,385.9200012207031,60.42783366774838,-0.8260865735696447,52.02156300974012,63.17400621573131
2023-11-30,382.1000061035156,401.20001220703125,381.0,397.20001220703125,1451582,385.9100006103516,27.005368320300803,-0.7896998275508774,45.73460769542009,11.675352537531689
2023-12-01,387.29998779296875,392.0,371.29998779296875,382.79998779296875,932056,385.72999877929686,41.99474392872504,-0.7372091519287332,52.834729816338644,-71.39061995229626
2023-12-04,388.8999938964844,411.0,386.29998779296875,389.0,1163608,385.85999755859376,44.33249544542582,-0.6501690814845762,45.31467677829983,107.5731409049156
2023-12-05,385.20001220703125,393.0,383.0,386.3999938964844,263192,385.6199981689453,35.01264518906287,-0.6035860840634418,43.08510875745135,-19.04755749956842
2023-12-06,397.1000061035156,404.79998779296875,381.0,381.0,859584,386.65,64.98743168138736,-0.39356960667094354,60.10854653890412,104.04292170572866
2023-12-07,393.5,409.8999938964844,388.29998779296875,409.8999938964844,479069,388.1299987792969,55.91940901997863,-0.1486645711151194,53.124995936046595,137.68675211174394
2023-12-08,393.20001220703125,404.70001220703125,387.0,398.8999938964844,412067,389.86000061035156,55.1637724942155,0.10082231674261977,54.04624825527167,89.69441744618952
2023-12-11,400.20001220703125,404.8999938964844,387.29998779296875,394.79998779296875,598304,391.15000305175784,72.79600888622404,0.4515536231657373,58.26772252706433,112.2794206076077
2023-12-12,388.3999938964844,410.0,385.0,392.20001220703125,775612,391.0500030517578,43.07304998885378,0.6580654726332916,50.91743488502885,64.121759938573
2023-12-13,391.70001220703125,396.5,382.1000061035156,385.1000061035156,268931,390.7600036621094,51.38543612449938,0.8145076685410987,57.88834717734707,11.024485243164898
2023-12-14,401.1000061035156,414.0,382.5,396.5,1241580,392.6600036621094,69.78925009684147,1.0794812020489999,64.15731022866925,127.88102255490654
2023-12-15,404.5,418.0,396.0,408.79998779296875,1451553,394.3800048828125,71.09208464410763,1.4503742857396706,60.61729148582176,189.42458396974905
2023-12-18,415.0,420.0,396.1000061035156,405.8999938964844,709673,396.99000549316406,89.73306212174192,2.032428534307008,64.31767776917171,197.28987968965666
2023-12-19,425.0,445.0,403.0,422.8999938964844,1487189,400.9700042724609,72.86296243232925,2.8712341084349697,66.13588100086014,261.55591886319485
2023-12-20,429.20001220703125,444.8999938964844,425.0,425.8999938964844,481987,404.1800048828125,78.56175688467339,3.8874594835088327,77.41560503500996,257.47576638107415
2023-12-21,425.3999938964844,439.79998779296875,416.0039978027344,435.3999938964844,618668,407.37000427246096,69.37499046325684,4.892128559952686,72.54437416776427,173.55536442120385
2023-12-22,425.6000061035156,425.7200012207031,405.6000061035156,418.70001220703125,361277,410.61000366210936,69.68750953674316,5.828928886556779,72.0818267351494,105.38680779751492
2023-12-27,426.29998779296875,450.0,420.6000061035156,420.6000061035156,637693,413.2200012207031,65.65215622169384,6.671964265518225,75.6554037424211,148.0245502995699
2023-12-28,425.5,450.0,411.79998779296875,416.29998779296875,202390,416.9300018310547,63.917522529750144,7.38406619004288,70.57969662002492,113.24736317707504
2023-12-29,425.70001220703125,447.29998779296875,418.0,420.0,241905,420.3300018310547,64.21209134419831,7.963133299809675,74.5426785300584,103.6913757846229
2024-01-02,396.5,434.20001220703125,390.0,421.6000061035156,957257,419.8700012207031,21.207651238433993,7.944442378050387,51.74602415957228,-3.2986206874553345
2024-01-03,388.3999938964844,396.5,386.0,395.0,368970,418.26000061035154,9.27833337153649,7.404730253848076,43.82844664040327,-82.95258034673594
2024-01-04,392.8999938964844,400.8999938964844,371.2690124511719,389.0,1159879,416.05,27.474546069801544,6.6216627289186505,52.54812996126378,-88.669905532623
2024-01-05,387.6000061035156,396.6000061035156,380.3999938964844,388.79998779296875,428492,412.31000061035155,20.74277760356485,5.627464128419365,47.72978667101956,-89.93302759438275
2024-01-08,388.5,389.8999938964844,376.3999938964844,388.79998779296875,406986,408.23999938964846,21.885902978343374,4.554582941428318,42.29828650179468,-100.26224901114485
2024-01-09,386.0,390.79998779296875,386.0,383.3999938964844,348741,404.3,18.710533180715053,3.438360382526466,38.56613447647846,-83.78921776255257
2024-01-10,386.0,389.79998779296875,370.1000061035156,380.0,823353,400.3399993896484,19.899868724750903,2.3456498035602045,29.403416233611992,-101.65694060497422
2024-01-11,384.0,388.79998779296875,378.0,380.0,704379,396.11000061035156,17.39673962239937,1.2877027299955424,17.147448751029472,-87.97848112780629
2024-01-12,381.29998779296875,394.20001220703125,371.5,371.5,456800,391.68999938964845,14.01750005633721,0.26099202907638364,10.673230532398733,-87.43027771162697
2024-01-15,385.0,385.0,370.20001220703125,379.8580017089844,2023236,387.6199981689453,18.648304173575138,-0.6338817669566257,16.77633081446271,-91.62355488663111
2024-01-16,381.29998779296875,387.29998779296875,377.0,385.0,392901,386.09999694824216,14.01750005633721,-1.456798771034794,15.552095104706595,-77.69730864859363
2024-01-17,381.0,383.79998779296875,371.29998779296875,374.0,1932950,385.35999755859376,13.642045968872068,-2.1929417737417194,14.554013704727495,-80.01877012752675
2024-01-18,382.3999938964844,384.6000061035156,375.0,381.5,316035,384.30999755859375,15.932630453783053,-2.808772438013361,16.589158363444795,-66.95649631869226
2024-01-19,367.6000061035156,383.8999938964844,367.6000061035156,382.70001220703125,523047,382.30999755859375,0.0,-3.5466341991848687,13.274335258911336,-86.59974681785485
2024-01-22,365.79998779296875,377.70001220703125,357.0,365.0,604302,380.0399963378906,20.045533067086545,-4.342937499080383,20.309472960959937,-104.95244986953206
2024-01-23,373.20001220703125,380.3999938964844,362.5,362.5,337751,378.75999755859374,36.90208305092404,-5.006165787816899,35.098066084279935,-83.80210290963902
2024-01-24,375.79998779296875,381.29998779296875,371.0,380.0,376074,377.7399963378906,47.47470933167285,-5.498326558378961,32.586553994041935,-65.28744229049015
2024-01-25,380.3999938964844,384.79998779296875,361.1000061035156,361.1000061035156,308786,377.37999572753904,62.903188757721686,-5.7715434326358475,42.56197461241434,-68.10408331348529
2024-01-26,376.1000061035156,385.0,375.3999938964844,380.1000061035156,243528,376.85999755859376,51.34408558044907,-5.948657313220528,38.030898153215865,-43.25442682126404
2024-01-29,380.79998779296875,384.8999938964844,373.8999938964844,384.8999938964844,266485,376.43999633789065,63.978440814786254,-5.967707440750625,45.18517388237847,-23.403501981505553
2024-01-30,378.20001220703125,395.20001220703125,373.0,378.0,333107,376.1299987792969,55.49739642001761,-5.914567110474703,43.10954844748495,22.169674084395627
2024-01-31,369.5,383.0,367.8999938964844,373.0,570407,374.97999877929686,32.722502632339996,-5.944288022451619,38.546601266793104,-95.891930800059
2024-02-01,361.1000061035156,376.3999938964844,358.70001220703125,369.0,308874,372.85,10.732996841192007,-6.144855498296353,35.36232563508656,-182.82160276574018
2024-02-02,365.0,370.7699890136719,359.75,360.3999938964844,212569,372.5899993896484,20.942401684697597,-6.365764718518371,35.54912275131154,-156.26614969583957
2024-02-05,366.0,378.0,359.7139892578125,366.1000061035156,394327,372.61000061035156,23.560201895284795,-6.557380042262042,38.496239221319186,-106.91573197680627
2024-02-06,372.70001220703125,374.1499938964844,362.0,366.29998779296875,278153,372.56000061035155,41.09949526178801,-6.598749350121661,44.30727574592282,-77.36105831697134
2024-02-07,366.6000061035156,375.3999938964844,363.5050048828125,370.0,242396,371.64000244140624,25.130897999421606,-6.626060868637919,39.81959229132026,-81.58761222991156
2024-02-08,366.8999938964844,371.8999938964844,361.1000061035156,361.1000061035156,219916,370.2900024414063,25.91620610702879,-6.6232412591434215,49.44531499376106,-94.32165484829784
2024-02-09,372.3999938964844,374.79998779296875,362.1000061035156,368.79998779296875,191801,369.9200012207031,37.53419640946062,-6.498838856614789,54.94012748863471,-49.872933724774015
2024-02-12,393.79998779296875,395.20001220703125,363.8999938964844,373.79998779296875,537868,371.2200012207031,96.16431667380137,-5.948515521987616,62.747521199916,130.6090110079511
2024-02-13,393.5,402.0,385.0,388.79998779296875,471053,372.75,80.36950947736695,-5.151310317042771,61.273901891158296,212.51767433366817
2024-02-14,399.8999938964844,406.3999938964844,387.20001220703125,396.6000061035156,575947,375.7899993896484,86.3731603875286,-4.1273061098960735,62.14197869620275,212.72650452063868
2024-02-15,399.79998779296875,407.0,397.79998779296875,403.20001220703125,231911,379.6599975585938,85.0931386610425,-3.0070172481022537,65.57161550390332,201.3128292332252
2024-02-16,400.0,406.0,394.3999938964844,402.5,503486,383.1599975585938,85.50724271400536,-1.8750617449317553,63.40783432529704,155.20318958272526
2024-02-19,377.6000061035156,414.20001220703125,367.0,401.0,792902,384.3199981689453,34.0540430567286,-1.1482379699089387,49.671769068061884,52.45491755631566
2024-02-20,376.0,380.9599914550781,368.0,368.0,219450,384.6499969482422,31.17114917652027,-0.7363543129962904,53.85527932457314,-27.325624968994596
2024-02-21,369.79998779296875,384.79998779296875,366.0899963378906,384.79998779296875,354163,384.9699951171875,18.51116669784552,-0.6406999158568792,55.29840501989962,-36.0707395171823
2024-02-22,368.1000061035156,372.0,361.0,367.6000061035156,265798,385.0899963378906,15.391134077667836,-0.7739281842038802,51.93992887379433,-75.638700253382
2024-02-23,367.29998779296875,368.1000061035156,358.70001220703125,366.0,305446,384.5799957275391,15.495451506193694,-1.054631513123887,50.8155505607652,-82.28507591941339
2024-02-26,364.79998779296875,368.1000061035156,356.87701416015625,363.70001220703125,1301482,381.67999572753905,13.821631636108094,-1.450536741939726,44.76819575227649,-83.33869992157598
2024-02-27,370.5,374.79998779296875,359.79998779296875,364.79998779296875,439671,379.37999572753904,23.7653059051513,-1.803647851137166,52.59653367478343,-48.170419334482816
2024-02-28,374.29998779296875,377.0,363.1000061035156,363.1000061035156,257897,376.8199951171875,30.394386592559467,-2.046688303221181,54.707374886675346,-28.072466349558955
2024-02-29,377.0,384.79998779296875,369.20001220703125,377.79998779296875,853296,374.5399963378906,35.1045592964075,-2.160256083267433,53.034304084643985,2.6982733676100863
2024-03-01,371.8999938964844,379.8999938964844,362.3999938964844,371.29998779296875,371144,371.72999572753906,26.207595987989524,-2.263163448247922,31.59665322355218,-35.74880389012827
2024-03-04,362.79998779296875,377.0,360.20001220703125,366.29998779296875,408079,370.2499938964844,10.332630592644648,-2.494021572746862,27.525629385502427,-65.89797278118144
2024-03-05,356.0,370.8999938964844,347.29998779296875,370.8999938964844,431256,368.2499938964844,13.004497805837111,-2.895780244213633,18.049514850768247,-113.47076068961272
2024-03-06,368.20001220703125,372.0,351.6000061035156,356.0,406809,368.0899963378906,31.240682790646755,-3.1823510758604305,30.445571479074317,-74.32033562641055
2024-03-07,360.3999938964844,374.79998779296875,360.0,370.0,305661,367.3199951171875,19.58146685034988,-3.498893399289778,27.601820420734953,-66.53371786637415
2024-03-08,354.79998779296875,368.79998779296875,351.3999938964844,359.1000061035156,424637,366.0699951171875,20.0,-3.898997742381,34.07821443352225,-100.53756389877148
2024-03-11,349.79998779296875,358.1000061035156,344.5,350.6000061035156,448275,364.5699951171875,13.151338457460906,-4.401388484956067,32.533339409717286,-132.28416033433072
2024-03-12,351.6000061035156,352.3999938964844,344.20001220703125,345.79998779296875,498115,362.67999572753905,18.226596912160435,-4.902804312705025,37.11050681176767,-132.81471730469337
2024-03-13,352.6000061035156,361.0,344.70001220703125,353.0,297711,360.50999755859374,20.689652580465733,-5.350195137768841,38.9127460285721,-107.1739121023854
2024-03-14,343.70001220703125,359.79998779296875,342.20001220703125,347.5,282217,357.17999877929685,3.52112877852249,-5.870071199123792,34.871822359664236,-132.03666695527536
2024-03-15,343.3999938964844,357.0,337.3999938964844,351.79998779296875,1082832,354.3299987792969,12.658229478052773,-6.399534377387243,35.88392381564343,-142.58617324640292
2024-03-18,338.0,351.6000061035156,334.8999938964844,339.1000061035156,421990,351.85,6.212437841067614,-6.978819155531678,28.476838591649255,-153.00177141373507
2024-03-19,340.0,345.1000061035156,333.0,337.79998779296875,424162,350.25,13.513516698067965,-7.5111491095494305,26.730017838479768,-145.33621935628588
2024-03-20,337.8999938964844,343.29998779296875,335.0,341.79998779296875,186816,347.2199981689453,10.447749539796163,-8.002528016359914,23.255834341887564,-131.96484715268085
2024-03-21,341.70001220703125,354.8999938964844,335.29998779296875,342.29998779296875,331110,345.35,19.772755015980113,-8.363614253019225,28.96939532333508,-85.24794574514159
2024-03-22,337.5,348.5,337.1000061035156,341.70001220703125,169832,343.6200012207031,10.765553383144654,-8.67205320412062,31.0912141418915,-92.97704435015693
2024-03-25,346.20001220703125,349.0,329.0,338.29998779296875,541003,343.2600036621094,37.554621815143385,-8.772756000106124,42.87792722101523,-81.94706192741756
2024-03-26,378.70001220703125,388.29998779296875,350.1000061035156,360.0,1700163,345.9700042724609,83.81116768614955,-8.199461387625202,55.89224943417527,105.63642391897054
2024-03-27,375.1000061035156,389.5,365.0,385.0,483457,348.2200042724609,76.19835719589359,-7.27251907165888,58.6572422920727,126.10225809402222
2024-03-28,383.3999938964844,388.79998779296875,367.1000061035156,380.0,531640,352.19000244140625,89.91734528344524,-6.023512074635689,66.32419188574451,142.4305881912682
2024-04-02,356.6000061035156,388.3999938964844,348.79998779296875,383.3999938964844,834089,353.5100036621094,45.61984479919938,-5.051965535998919,53.1078678684375,58.08428738700687
2024-04-03,354.20001220703125,368.20001220703125,348.0,350.0,631711,355.1300048828125,41.65291273889463,-4.332031961884776,51.18182062826798,14.878560449984487
2024-04-04,358.6000061035156,363.0,357.4800109863281,355.3999938964844,187812,356.99000549316406,48.92562992316632,-3.7274717170266363,52.64550207594839,32.38213320717413
2024-04-05,354.0,358.79998779296875,346.3800048828125,350.6000061035156,407435,358.6000061035156,41.32231404958678,-3.2918120355524745,54.720432784427366,-6.0840384293430905
2024-04-08,350.3999938964844,364.79998779296875,345.3999938964844,348.20001220703125,416996,359.4700042724609,35.371890737990704,-3.0347872447758784,53.11387832720267,0.8877460714570112
2024-04-09,345.0,355.79998779296875,340.79998779296875,346.0,586697,360.2200042724609,26.446280991735538,-2.982437861772059,53.11387832720267,-40.27286682269864
2024-04-10,342.0,353.20001220703125,341.20001220703125,342.20001220703125,279523,359.8000030517578,21.487603305785125,-3.1021849689900733,50.88183402531613,-49.49985859052429
2024-04-11,342.0,349.3999938964844,336.3999938964844,344.20001220703125,180847,356.1300018310547,21.487603305785125,-3.31645097393116,51.841871261905766,-64.99689652154929
2024-04-12,343.0,350.79998779296875,335.0,340.20001220703125,208934,352.9200012207031,23.140495867768596,-3.55521413621987,50.59907271565381,-57.45571092971178
2024-04-15,343.20001220703125,349.79998779296875,337.5669860839844,340.20001220703125,199600,348.90000305175784,23.471094557076448,-3.7855211525314156,52.72727856795753,-50.97039024227434
2024-04-16,333.3999938964844,341.79998779296875,328.8389892578125,335.0,735791,346.5800018310547,7.518840492217292,-4.146180546056428,43.93938561992151,-99.57389691324212
2024-04-17,349.6000061035156,371.20001220703125,338.79998779296875,338.79998779296875,923367,346.1200012207031,34.22464708664111,-4.3017242055355265,33.70660686635115,10.563760566150021
2024-04-18,358.3999938964844,372.20001220703125,344.3999938964844,356.0,651122,346.1,49.30038751996384,-4.170348275756593,41.164014705274475,37.87865851121562
2024-04-19,356.79998779296875,359.79998779296875,347.6000061035156,350.0,218358,346.3799987792969,46.94514255557349,-3.8820457449242314,34.85193590197673,10.057963917820677
2024-04-22,354.0,369.3999938964844,354.0,354.0,291769,346.73999938964846,58.026792337566,-3.546322158195134,47.96237824661736,35.55666893297741
2024-04-23,358.20001220703125,368.0,358.20001220703125,368.0,184173,348.06000061035155,67.71293883819168,-3.1233836301914,53.04877878582906,45.8746310929863
2024-04-24,347.6000061035156,367.3999938964844,344.0,357.3999938964844,404104,348.6200012207031,43.267007025352356,-2.8299496865477423,42.339838078430965,-19.92951968210207
2024-04-25,343.3999938964844,355.6000061035156,340.3999938964844,355.0,366032,348.76000061035154,33.58086052472668,-2.693627713651648,42.57703224901982,-63.95174966336184
2024-04-26,344.0,351.79998779296875,339.0,343.79998779296875,307172,348.86000061035156,34.9646057934172,-2.6472146339610823,45.32164564569388,-70.24111907243417
2024-04-29,340.6000061035156,344.79998779296875,334.3999938964844,340.0,309441,348.6,27.123476444448197,-2.707799136278116,46.6867543249669,-104.4295078457405
2024-04-30,334.3999938964844,344.79998779296875,332.0,335.0,291582,348.7,12.824892634992757,-2.9250176620976878,44.540230767038416,-118.9140459940858
2024-05-01,341.20001220703125,342.6000061035156,330.0,340.0,587452,347.86000061035156,28.50722171313872,-3.1138673777370176,49.476448365034564,-99.88667845529355
2024-05-02,349.6000061035156,356.5320129394531,338.20001220703125,344.0,601385,346.98000183105466,47.87944433418212,-3.1339221283338548,53.93794740711904,2.564724029917702
2024-05-03,356.0,363.3999938964844,334.0,334.0,373636,346.90000305175784,62.63922964639576,-2.9378771545907663,57.11109950690408,35.75880409140686
2024-05-07,356.79998779296875,366.0,350.20001220703125,360.0,328137,347.1800018310547,63.50706170768218,-2.597202707337124,64.44443523475357,99.40034227825913
2024-05-08,355.6000061035156,366.0,348.5719909667969,350.0,267549,346.9200012207031,60.66350402441405,-2.1969614821695522,54.54545454545455,79.55057280149249
2024-05-09,350.0,356.79998779296875,347.0,347.3999938964844,178296,347.1600006103516,50.76142918332935,-1.8647037681016143,43.31210872029821,24.310290581544457
2024-05-10,351.20001220703125,357.9419860839844,348.0,348.0,246216,347.94000244140625,53.807145916646725,-1.569078769153084,45.512841830975724,31.109845168141668
2024-05-13,351.79998779296875,358.0,347.3999938964844,352.0,183798,348.7200012207031,57.36838892886513,-1.2987630893223727,48.172747706873146,27.65445541815428
2024-05-14,357.0,368.3999938964844,341.20001220703125,350.0,470583,350.36000061035156,70.31251117587267,-0.972557893491576,49.01959806562475,55.32053823709292
2024-05-15,365.79998779296875,375.0,350.0,365.0,382732,353.5,79.55552842881944,-0.48580712537545306,65.31985148110454,138.19439728526362
2024-05-16,372.3999938964844,380.0,362.79998779296875,367.6000061035156,515942,356.6199981689453,84.79998779296875,0.18246071296694483,73.46278780600298,194.99608060387376
2024-05-17,370.20001220703125,378.6000061035156,358.20001220703125,365.0,211622,358.67999877929685,80.4000244140625,0.8939529421725083,70.66248212987789,148.89801873180235
2024-05-20,368.3999938964844,375.0,356.0,356.0,200209,359.9199981689453,76.79998779296875,1.564484043400049,72.49190395158271,109.48115379475335
2024-05-21,371.0,380.3999938964844,356.0,375.0,186372,361.3399993896484,81.3492162007185,2.2121069580954376,81.44331410515564,119.67265491649364
2024-05-22,367.20001220703125,375.0,356.0,356.0,201864,362.5,71.55175985819848,2.7457535768518864,73.55074546990477,90.31564534930743
2024-05-23,367.3999938964844,374.79998779296875,356.0,373.79998779296875,141354,364.23999938964846,71.98275493526523,3.1769198870834576,68.93618181747348,80.47262657424734
2024-05-24,365.79998779296875,372.79998779296875,356.0,356.0,243664,365.6999969482422,62.75506907330061,3.488483068901667,61.61137337938456,64.70511700616728
2024-05-28,370.3999938964844,375.25799560546875,360.0,360.0,413499,367.55999755859375,74.48978400239781,3.7741881223101204,64.7826251370804,83.17846661150324
2024-05-29,372.0,377.79998779296875,361.0,375.0,653123,369.05999755859375,78.57143413221435,4.04563369551622,67.67240954069067,87.10978931796942
2024-05-30,374.6000061035156,384.0,364.0,375.0,577856,369.93999938964845,78.03739117414277,4.326172838613392,78.34102484229652,109.12741181534278
2024-05-31,373.3999938964844,384.6000061035156,370.0,380.0,319688,370.0399993896484,74.19351663102766,4.568699612801109,75.57601936811729,119.08100908460035
2024-06-03,375.0,382.79998779296875,366.20001220703125,367.6000061035156,226746,370.51999816894534,77.88016715759659,4.789801488653539,76.1261255069077,102.10961581515808
2024-06-04,372.20001220703125,378.79998779296875,368.0,375.0,190444,370.9,64.16187367312504,4.930295031226775,68.09525262741815,81.76023931389186
2024-06-05,374.0,379.0,365.0,379.0,86800,371.2,62.937049505690034,5.0303805427768555,61.714303152901785,73.02007553345295
2024-06-06,383.79998779296875,385.0,365.0,365.0,302939,372.85999755859376,95.86202687230603,5.244780262215228,64.9214651320525,118.93321928953539
2024-06-07,376.3999938964844,383.1960144042969,369.9200134277344,380.0,116898,373.75999755859374,70.3448065396013,5.389574229139849,57.1428370522828,98.809924984114
2024-06-10,367.0,380.0,365.0,365.0,306026,373.8799987792969,37.93103448275862,5.3208949774090195,48.627456142922874,23.53027043352036
2024-06-11,362.3999938964844,373.3999938964844,358.20001220703125,365.0,186978,373.0799987792969,22.068944470635778,5.036497321023007,41.8867820231784,-78.27512366588755
2024-06-12,362.20001220703125,365.20001220703125,357.0,361.0,123208,372.1,21.379352438038794,4.617130355621635,44.93926750345022,-144.2104153152826
2024-06-13,361.0,367.79998779296875,357.0,360.0,217857,370.73999938964846,17.24137931034483,4.1054822834856015,43.6507989369709,-131.95058226737723
2024-06-14,353.6000061035156,362.79998779296875,347.0,362.79998779296875,260410,368.76000061035154,17.3684371145148,3.435395833567726,39.14592022745921,-210.460805498527
2024-06-17,356.20001220703125,357.79998779296875,345.0,351.0,234866,366.8800018310547,28.000030517578125,2.734781933733383,36.90038146985543,-186.2119779458963
2024-06-18,359.0,359.0,346.92999267578125,358.0,215592,365.56000061035155,35.0,2.0902004067450966,38.267140258661435,-138.6379666555937
2024-06-19,355.20001220703125,359.20001220703125,350.20001220703125,351.20001220703125,110961,363.6800018310547,25.500030517578125,1.4491383388927026,32.86217957185845,-120.88566423264288
2024-06-20,351.0,362.79998779296875,346.8800048828125,359.0,484906,360.40000305175784,15.0,0.7735761115756025,31.208041491655536,-116.71233074606597
2024-06-21,355.0,358.0,347.0,347.0,505870,358.2600036621094,25.0,0.17385846833582985,33.87095186388754,-103.79096898720549
2024-06-24,360.3999938964844,364.6000061035156,347.0,347.0,302829,357.6000030517578,38.49998474121094,-0.2611255789544713,40.86685112652949,-63.649875386732305
2024-06-25,361.79998779296875,368.6000061035156,358.6000061035156,360.3999938964844,108610,357.5400024414063,41.999969482421875,-0.5471239742148508,40.49842563402456,-15.735213910610502
2024-06-26,363.79998779296875,368.6000061035156,347.0,363.20001220703125,178019,357.7,49.21976307259387,-0.691592702527233,32.2694920335001,-38.02458889812255
2024-06-27,363.6000061035156,368.6000061035156,353.79998779296875,360.20001220703125,154153,357.9600006103516,53.142874581473215,-0.7413943994134244,36.99186941440927,-15.768204119522066
2024-06-28,356.6000061035156,368.20001220703125,354.20001220703125,367.0,172373,358.26000061035154,40.845100691911014,-0.839241071638652,38.888885266191124,-31.829424228082907
2024-07-01,362.79998779296875,368.79998779296875,354.20001220703125,357.0,235791,358.9199981689453,74.7899030361159,-0.8612422324319583,50.41321740841089,-4.354823980265484
2024-07-02,358.0,368.6000061035156,350.0,361.0,167464,358.8199981689453,54.621876755082205,-0.9091696153935312,46.03771977000085,-32.563370973370965
2024-07-03,362.3999938964844,368.79998779296875,347.20001220703125,348.79998779296875,104531,359.5399963378906,73.10925555022709,-0.8985631052436994,51.245547929770375,-19.542327042092236
2024-07-04,368.20001220703125,373.79998779296875,362.3999938964844,363.79998779296875,290527,361.25999755859374,80.55563208500844,-0.7572407839228987,63.36998241045513,110.96837904171946
2024-07-05,368.3999938964844,378.79998779296875,360.0,372.6000061035156,147666,362.59999694824216,67.41854804322179,-0.5364801781764891,61.68582397878499,142.5904116876189
2024-07-08,376.6000061035156,382.0,366.20001220703125,375.0,357512,364.2199981689453,84.62416102717037,-0.14545267804314743,65.27779764601165,220.25079969039282
2024-07-09,366.79998779296875,387.79998779296875,361.0,365.0,317620,364.7199981689453,48.68033047299283,0.17577445276268278,59.119481162585814,154.73551327377143
2024-07-10,368.20001220703125,376.5400085449219,365.0,365.0,169464,365.1600006103516,51.960829779181324,0.4583487536473184,64.14474972067376,111.14803044794917
2024-07-11,368.20001220703125,378.0,363.6000061035156,368.3999938964844,203843,365.6200012207031,51.960829779181324,0.700838528258854,61.619731552711066,98.1754865157459
2024-07-12,370.20001220703125,377.79998779296875,360.76800537109375,368.3999938964844,228929,366.98000183105466,56.862792030122655,0.9358038628261152,59.176048156058,83.73139510568534
2024-07-15,369.3999938964844,371.6000061035156,358.20001220703125,366.0,322923,367.64000244140624,54.90196225094133,1.1388390418517778,57.196972980971026,40.95826231610531
2024-07-16,365.0,369.79998779296875,360.1130065917969,361.0,142515,368.3400024414062,43.84236082923676,1.2384226010283752,51.086967338458656,19.031417156314
2024-07-17,365.0,368.3999938964844,355.1000061035156,364.79998779296875,270673,368.6000030517578,43.84236082923676,1.2651217387335576,51.27272101788828,-13.200186299145097
2024-07-18,359.79998779296875,369.6000061035156,356.0,356.0,172901,367.76000061035154,31.034441287451706,1.158892094080206,53.00749917252686,-34.914278688511196
2024-07-19,363.0,368.3999938964844,356.0,357.0,154577,367.2200012207031,38.916249492626164,1.0233269737198878,50.19921505499235,-34.9965383290878
2024-07-22,364.6000061035156,371.3999938964844,358.20001220703125,359.0,71579,366.02000122070314,42.8571535952134,0.8996762868633013,57.02126941190145,-5.69060881154316
2024-07-23,365.6000061035156,379.3999938964844,361.0,365.0,166854,365.90000305175784,32.1101097233538,0.8038791811448652,53.66973054998713,54.78598177384152
2024-07-24,361.3999938964844,372.79998779296875,357.20001220703125,364.79998779296875,147608,365.2200012207031,19.266028503620582,0.6617210580227838,41.904757752719505,-30.31081785337679
2024-07-25,364.6000061035156,368.0,352.3999938964844,356.20001220703125,191042,364.86000061035156,34.46331726131414,0.5475030407400303,45.77780279458877,-66.6706619230927
2024-07-26,365.20001220703125,369.2200012207031,355.3999938964844,364.6000061035156,113553,364.36000061035156,36.158250049354,0.46510971448219995,34.7594137052876,-43.93321261938143
2024-07-29,367.20001220703125,371.79998779296875,356.0,356.0,58007,364.14000244140624,54.814882631655095,0.4378314351105277,50.67571468632981,-16.236546299903207
2024-07-30,365.79998779296875,369.79998779296875,356.3999938964844,365.0,81002,364.2200012207031,49.6296070240162,0.42319369359798,45.945918081192985,-42.4652073189311
2024-07-31,362.0,366.20001220703125,357.0,360.0,113528,363.9200012207031,35.55557816116898,0.35565500102371717,40.71856834549465,-92.84836578918402
2024-08-01,362.20001220703125,365.20001220703125,357.0,359.20001220703125,86504,364.1600036621094,36.296364113136576,0.26087997531082896,37.341811270608964,-89.341587757936
2024-08-02,356.3999938964844,365.20001220703125,348.0,358.0,279693,363.5000030517578,26.75157811869785,0.060871504194256215,32.24048454447217,-169.7388508340554
2024-08-05,351.0,355.0,335.79998779296875,348.0,352163,362.14000244140624,34.86240843852914,-0.2809029644833775,31.383027076163884,-306.9486908014033
2024-08-06,350.0,362.20001220703125,344.0,350.20001220703125,142400,360.5800018310547,32.56883077795315,-0.7089314128424261,30.56999734355432,-188.58092235769814
2024-08-07,349.3999938964844,352.20001220703125,342.20001220703125,343.6000061035156,138826,359.3800018310547,31.192670182720473,-1.1765411749607846,34.70593251145527,-210.26532349613723
2024-08-08,351.6000061035156,351.6000061035156,340.0,340.0,89955,358.0800018310547,36.23856903376181,-1.6066653761239498,32.72732989502907,-166.35647034617455
2024-08-09,355.6000061035156,367.70001220703125,340.0,340.0,230764,357.1200012207031,45.41287967606575,-1.923266953320041,37.288166277295495,-68.39192094022414
2024-08-12,356.6000061035156,363.20001220703125,348.3999938964844,351.3999938964844,161607,356.06000061035155,56.21626570418074,-2.1317800408984136,37.288166277295495,-41.48630197376453
2024-08-13,359.0,362.0,345.79998779296875,360.20001220703125,63752,355.3800018310547,64.44447835286458,-2.21846549776347,46.428587647489984,-41.406430043926605
2024-08-14,359.79998779296875,364.3999938964844,345.6000061035156,362.0,347954,355.1600006103516,66.66666666666667,-2.2064278913747404,42.30767349757376,-25.424320629215313
2024-08-15,361.3999938964844,364.20001220703125,348.20001220703125,359.0,166112,355.0799987792969,71.11112806532118,-2.1025875543561794,44.09935827873505,-6.5663678519093045
2024-08-16,360.0,365.20001220703125,346.0,346.0,225754,355.43999938964845,71.17650649126838,-1.9641943889598585,38.60758882439858,-14.612705189851255
2024-08-19,359.3999938964844,366.0,348.0,362.20001220703125,105315,356.2799987792969,73.98115373576964,-1.8164949291723853,39.61040569529009,-0.4534455118938725
2024-08-20,358.0,362.0,350.0,359.0,67259,357.0799987792969,69.59246149430786,-1.6889010396726856,42.95775253274189,-9.063045267863947
2024-08-21,356.20001220703125,358.5899963378906,351.6000061035156,358.0,192463,357.76000061035154,63.94987085047355,-1.6054660215091527,39.99999999999999,-23.34555322454873
2024-08-22,354.6000061035156,359.0,351.0,351.0,89271,358.06000061035155,58.93418157466756,-1.5759507110112687,46.51164991353349,-29.10271899501796
2024-08-23,357.0,360.3999938964844,348.0,360.0,102696,358.2,61.371814109471025,-1.5398960586629147,63.1579017815315,-18.266562670444333
2024-08-27,357.0,359.3999938964844,350.3999938964844,350.3999938964844,138408,358.23999938964846,61.371814109471025,-1.49812298337774,66.0550548616769,0.040773617795031095
2024-08-28,352.3999938964844,360.0,344.20001220703125,350.0,188976,357.5799987792969,44.7653011984479,-1.524931410463307,55.81395623919168,-65.55662539188367
2024-08-29,353.6000061035156,354.6000061035156,342.3999938964844,345.79998779296875,216790,356.9600006103516,49.097473321919544,-1.5706989314960171,54.03226004927115,-96.64600272951803
2024-08-30,362.3999938964844,366.3999938964844,342.0,342.0,269595,357.06000061035155,83.60655327632549,-1.4819718300089155,61.486475340539336,65.36336161163943
2024-09-02,362.79998779296875,367.0,348.3999938964844,356.6000061035156,124929,357.3399993896484,83.199951171875,-1.3038379434183518,60.68963485153183,117.39291922591768
2024-09-03,365.0,370.0,353.0,357.20001220703125,147532,357.9,82.14285714285714,-1.0409320684414474,60.41667108182741,190.66334165498571
2024-09-04,367.6000061035156,373.69000244140625,348.3999938964844,356.0,160211,358.86000061035156,80.78259429247181,-0.6948206402455734,62.74512541625071,182.45577760049446
2024-09-05,434.0,453.79998779296875,380.0,380.0,6573071,366.63999938964844,82.28981220495804,0.7462554425425485,88.0503200987055,599.5202409383687
2024-09-06,429.79998779296875,450.0,415.0,450.0,672283,374.1599975585938,78.53309246827182,2.72938095944345,85.53970423436006,356.95649810079203
2024-09-09,435.3999938964844,445.0,419.0,425.3999938964844,208251,381.9999969482422,83.54204301832529,5.031417859267336,86.82170107089482,236.738745544123
2024-09-10,426.20001220703125,432.79998779296875,415.0,420.0,529916,388.9199981689453,75.31307817578018,7.254417703643776,80.72072621938345,156.92555379426835
2024-09-11,428.20001220703125,438.0,415.20001220703125,430.20001220703125,258111,396.5,77.10198713675753,9.326719874237082,82.37409716554302,131.59835143295987
2024-09-12,428.20001220703125,435.0,415.6000061035156,435.0,123460,403.9600006103516,77.10198713675753,11.174676677107888,83.57664325036691,108.19533136778996
2024-09-13,435.0,437.20001220703125,415.20001220703125,421.3999938964844,387409,411.2200012207031,83.18426668544672,12.868165685754096,84.21052631578948,98.00616683294528
2024-09-16,435.79998779296875,445.3999938964844,417.20001220703125,427.3999938964844,227404,418.52000122070314,83.89981935120386,14.359495966775004,84.32055582404647,91.8198695778064
2024-09-17,446.0,448.79998779296875,420.3999938964844,425.0,391068,426.6200012207031,93.02326597082214,15.775946117703622,88.87043639885462,90.45786508899272
2024-09-18,445.0,448.6000061035156,429.3999938964844,431.0,167465,434.36000061035156,92.12881149033346,17.019299207972548,88.0199699749639,85.24715920092302
2024-09-19,442.0,451.3999938964844,441.1199951171875,445.0,386512,435.1600006103516,88.8045650130134,18.002326117123353,84.79021431397202,83.65029655700447
2024-09-20,440.6000061035156,451.20001220703125,430.20001220703125,451.20001220703125,281731,436.24000244140626,87.47629748212593,18.707286696677652,83.7088485378668,70.18389719853593
2024-09-23,430.6000061035156,443.93499755859375,429.6000061035156,442.0,277891,435.7600036621094,77.98863089855742,18.998823639387588,76.6233830573416,54.90161180600743
2024-09-24,432.0,449.3999938964844,430.3999938964844,435.6000061035156,119403,436.3400024414062,70.46071626173666,18.99498573040858,76.39344672367451,56.23098251396177
2024-09-25,433.20001220703125,436.0,420.0,430.0,144341,436.8400024414062,50.0000419197572,18.78206585541446,49.295785242168854,36.810321835376115
2024-09-26,426.6000061035156,448.6000061035156,421.5899963378906,435.0,126646,436.6800018310547,31.86815397965215,18.3011516964105,47.297311926345394,39.866197089442615
2024-09-27,430.0,439.79998779296875,420.20001220703125,420.20001220703125,222271,436.1800018310547,41.2087981186413,17.690007117197684,45.263160712612596,29.19881405561221
2024-09-30,428.6000061035156,439.79998779296875,420.0,425.0,118460,435.4600036621094,37.01657644867944,16.966618652792548,52.43901909520309,20.068017877109146
2024-10-01,429.20001220703125,439.20001220703125,424.79998779296875,435.0,184626,433.7800048828125,38.67405271113412,16.18170150536803,51.04602537173357,16.99799726108172
2024-10-02,424.20001220703125,434.3999938964844,410.6000061035156,433.3999938964844,110955,431.70000610351565,33.33335826600266,15.282712574593237,46.212120336387024,-126.14012395157633
2024-10-03,438.79998779296875,439.0,410.20001220703125,425.79998779296875,308905,431.3800048828125,69.41744732197022,14.557453835302127,53.13530472267266,-45.160685490567964
2024-10-04,445.0,448.0,434.20001220703125,439.0,233347,431.82000427246095,84.46602732805893,14.044843267579392,56.969706217447914,128.4395135420991
2024-10-07,433.6000061035156,447.0,429.3999938964844,445.0,126125,432.12000427246096,56.79612693244131,13.478497063836048,40.773811551178945,46.80429549243785
2024-10-08,435.0,439.79998779296875,425.6000061035156,426.0,125926,432.4200042724609,60.194171880705845,12.899775072040248,42.60354762459392,-0.241553201899033
2024-10-09,432.79998779296875,442.0,425.6000061035156,433.20001220703125,216327,432.3800018310547,55.12189167301829,12.279132632553551,43.11376205969933,-4.890134514825487
2024-10-10,430.0,449.20001220703125,425.0,425.0,78142,432.7200012207031,50.51019653485195,11.592091573830064,42.228732441760414,7.956782225618504
2024-10-11,420.3999938964844,431.79998779296875,419.8559875488281,427.0,164722,431.76000061035154,26.02037360695365,10.719865762427563,42.47786574963879,-147.5016784797211
2024-10-14,412.6000061035156,435.0,410.20001220703125,424.79998779296875,136553,430.1600006103516,6.153830503806089,9.628416261822375,36.92722460655141,-181.87203638689377
2024-10-15,415.79998779296875,419.6000061035156,409.20001220703125,411.3999938964844,175509,428.8199981689453,16.49993896484375,8.485885916881076,38.58265382951797,-197.51964440908108
2024-10-16,411.79998779296875,415.3999938964844,411.0,410.20001220703125,93804,427.5799957275391,6.49993896484375,7.288073702593534,39.94563223056711,-187.6693926577093
2024-10-17,399.6000061035156,418.79998779296875,397.79998779296875,410.3999938964844,263505,423.6599975585938,3.5019794855474995,5.907148602447613,31.55338673173138,-212.98034177893996
2024-10-18,377.3999938964844,404.0,376.0,386.0,563998,416.8999969482422,1.9125596489311762,4.116190453049574,25.193780798520024,-276.9014940586162
2024-10-21,371.0,383.2860107421875,368.3999938964844,375.0,292802,410.63999633789064,3.2178286068237743,2.050626722257543,23.302731744738523,-258.922317966402
2024-10-22,369.6000061035156,377.20001220703125,365.20001220703125,365.79998779296875,259040,404.09999694824216,5.238087972005208,-0.10578408106505721,24.098652332468077,-211.3360368084726
2024-10-23,370.6000061035156,376.2349853515625,365.3999938964844,374.0,265628,397.8799987792969,6.428564162481399,-2.189897932566388,12.854023186056594,-167.95729909302716
2024-10-24,371.20001220703125,379.6000061035156,365.0,377.3999938964844,89232,392.0,7.363433857689523,-4.104880796050491,7.192558238334627,-136.27729930631628
2024-10-25,379.0,386.20001220703125,366.0,379.6000061035156,249498,387.86000061035156,16.627075974260855,-5.679668963439551,16.949126867863612,-102.28471182477816
2024-10-28,376.0,387.54400634765625,365.20001220703125,374.3999938964844,104559,384.2,13.06413112263353,-6.993594821450777,14.964350228918207,-91.17904453393372
2024-10-29,365.20001220703125,389.79998779296875,356.79998779296875,385.6000061035156,318181,379.14000244140624,9.090933111035074,-8.231506753345007,13.577570614706062,-94.3660408965349
2024-10-30,366.0,382.0,360.0,360.0,308927,374.56000366210935,11.764719655892897,-9.325356633000222,14.757680823518186,-86.34841159255498
2024-10-31,357.3999938964844,374.79998779296875,350.20001220703125,371.20001220703125,538388,370.3400024414062,8.490545667331,-10.387523491558701,14.922020387661917,-96.73272514111082
2024-11-01,365.0,367.79998779296875,350.20001220703125,356.20001220703125,259373,369.1000030517578,21.325632701126906,-11.229222578573903,23.437480309167768,-88.16250484685128
2024-11-04,376.0,381.79998779296875,352.20001220703125,367.0,373348,369.6000030517578,37.60932503634529,-11.687521235379819,29.568787085607795,-59.76022347652163
2024-11-05,351.3999938964844,389.79998779296875,339.79998779296875,371.0,1256614,367.7800018310547,14.683552029766615,-12.247327662157556,24.406775628242002,-81.60265493033785
2024-11-06,342.0,359.0,340.20001220703125,354.79998779296875,571859,364.9200012207031,3.426809639750041,-12.963468490165141,24.999993377260637,-116.78909696770525
2024-11-07,340.0,347.0,330.3999938964844,339.79998779296875,524237,361.8,16.161628097547343,-13.742417871571854,30.315786362750046,-141.80739878359785
2024-11-08,362.6000061035156,373.0,330.6000061035156,330.6000061035156,518686,360.1600006103516,54.2087803294152,-14.12800897563663,46.223023705191366,-83.27410462393071
2024-11-11,355.79998779296875,377.3999938964844,344.0,356.6000061035156,241575,358.13999938964844,42.760936879469426,-14.323127139611767,44.082325219479216,-65.48231794004728
2024-11-12,360.6000061035156,363.0,337.3999938964844,356.0,320077,357.67999877929685,50.841776616442814,-14.279405345502536,45.84717692182128,-88.11890875779658
2024-11-13,361.0,366.79998779296875,350.0,358.3999938964844,160107,357.17999877929685,51.515167083757404,-14.0493479392461,45.757066900516264,-47.815692016789086
2024-11-14,365.6000061035156,368.3999938964844,350.20001220703125,357.0,143976,358.0,59.25928589887378,-13.60914725399152,44.273508375508,-24.423096308877053
2024-11-15,366.20001220703125,375.0,359.6940002441406,364.0,357500,358.1200012207031,60.26939728804538,-13.019718133540957,45.72426498196907,26.713361256542832
2024-11-18,365.79998779296875,367.0,346.0,367.0,556614,357.1,59.59595544433136,-12.344361954073573,50.287895952118475,-29.78498993898925
2024-11-19,367.20001220703125,371.79998779296875,345.20001220703125,365.3999938964844,295592,358.6800018310547,61.95289914453157,-11.600079775849744,50.572524307749646,-10.58859693792537
2024-11-20,367.0,377.20001220703125,351.79998779296875,368.3999938964844,664845,361.1800018310547,61.61617822267456,-10.828364768257241,54.979250287843094,29.394877086124975
2024-11-21,367.3999938964844,370.0,340.20001220703125,364.0,103125,363.9200012207031,62.28956868998915,-10.04884826791168,51.34528649369515,-25.442761517325035
2024-11-22,363.6000061035156,369.0,356.20001220703125,369.0,140688,364.02000122070314,55.892282185901394,-9.343028714081731,42.43903655369096,23.830593940833726
2024-11-25,369.79998779296875,373.79998779296875,356.6000061035156,363.6000061035156,347211,365.4200012207031,83.8297742478391,-8.600189466780845,64.46538873643445,81.31292786888736
2024-11-26,370.0,375.0,356.3999938964844,370.79998779296875,109790,366.36000061035156,84.25533213513962,-7.8502952042490035,75.73525369379922,91.4401242497558
2024-11-27,370.0,374.25,365.79998779296875,374.0,219327,367.26000061035154,84.18804310543825,-7.117397280510257,78.62590751791157,128.79523736021903
2024-11-28,377.3999938964844,381.3999938964844,360.0,377.6000061035156,244109,368.43999938964845,90.9090909090909,-6.299287484083626,69.89241754527586,143.8628463280513
2024-11-29,376.6000061035156,380.79998779296875,364.20001220703125,377.6000061035156,56024,369.47999877929686,89.09093683416194,-5.469061191691962,83.33331703123059,132.7035684223306
2024-12-02,378.79998779296875,388.0,374.20001220703125,388.0,126593,370.7799987792969,80.7531076223736,-4.627197828797181,81.81814301643787,180.33348827718936
2024-12-03,379.79998779296875,384.6000061035156,368.0,377.0,183158,372.0399963378906,82.84515836584073,-3.795671708362626,82.19174646173913,130.34411072908708
2024-12-04,381.0,390.7799987792969,373.7380065917969,388.0,235032,373.43999633789065,80.66429146768593,-2.9864181469912694,79.84492823051401,150.9250423463753
2024-12-05,386.20001220703125,388.20001220703125,370.79998779296875,384.0,215792,375.3199981689453,90.94506170791087,-2.143777194298457,82.89471042455538,140.1670824457868
2024-12-06,386.79998779296875,392.79998779296875,367.20001220703125,382.0,155460,377.63999633789064,88.5931505990963,-1.3099239407570327,84.3137528672584,125.08877949001003
2024-12-09,381.0,390.79998779296875,374.79998779296875,374.79998779296875,168760,378.75999755859374,77.56655271885059,-0.6148404483736853,69.71430265468516,108.97853409018052
2024-12-10,384.3999938964844,387.79998779296875,365.0,380.79998779296875,262579,380.1999969482422,84.03042244238209,0.012473683509312106,72.77490842710318,73.97132669475761
2024-12-11,399.3999938964844,404.79998779296875,383.20001220703125,384.0,314673,383.13999633789064,88.88889586593358,0.8037142590289696,80.30307233832019,186.97189331408018
2024-12-12,400.20001220703125,409.3999938964844,387.79998779296875,387.79998779296875,189021,385.4199981689453,82.64154398216391,1.667154612731944,86.74702560598587,181.62663290704162
2024-12-13,407.20001220703125,420.0,387.3999938964844,400.20001220703125,163112,388.47999877929686,79.87423496133721,2.6384665476372184,86.95656369492058,185.99227646267644
2024-12-16,400.6000061035156,415.0,394.114013671875,407.6000061035156,241928,390.6600006103516,67.6666768391927,3.515159681529539,76.8421249882882,155.30297625761892
2024-12-17,400.0,404.3999938964844,396.3999938964844,400.0,198390,392.6800018310547,66.66666666666667,4.2690053743637915,76.04167770456853,122.57561345033838
2024-12-18,402.20001220703125,412.0,397.79998779296875,400.0,310633,394.8000030517578,68.1003733208492,4.9317048172805515,73.66414236568333,127.39534358767774
2024-12-19,398.3999938964844,409.79998779296875,394.6000061035156,402.20001220703125,208135,396.02000122070314,60.72726162997159,5.430668331067969,69.67507056498259,93.86073766645923
2024-12-20,399.6000061035156,403.79998779296875,385.0,403.79998779296875,1309083,397.3000030517578,62.90910200639205,5.807616746941919,69.11764458389268,58.05512740449852
2024-12-23,416.6000061035156,418.0,381.20001220703125,392.0,323884,400.86000366210936,93.81819291548295,6.34631654232984,76.13635624736386,97.71581368250206
2024-12-24,432.0,439.29998779296875,416.6000061035156,417.0,127600,405.62000427246096,90.17498116781714,7.189392804510882,80.1418309240329,198.36537949180325
2024-12-27,434.6000061035156,456.20001220703125,413.6000061035156,414.3999938964844,729868,409.14000549316404,76.31578595134187,8.204146386938175,79.51218041687741,197.58509496043234
2024-12-30,443.3999938964844,447.0,409.20001220703125,430.0,333545,413.4600036621094,85.964894081933,9.395008684660592,81.37471136034915,168.43537876469424
2024-12-31,445.20001220703125,454.20001220703125,435.0,440.0,588519,417.2600036621094,87.93859810563498,10.641130659528788,87.23895455787785,191.68749048483588
2025-01-02,436.20001220703125,454.20001220703125,432.0,454.0,265092,420.82000427246095,73.33333333333333,11.688721523590349,78.21349321250422,148.20256115391078
2025-01-03,429.6000061035156,438.20001220703125,406.8399963378906,428.6000061035156,133501,423.7800048828125,64.5333251953125,12.425020286014435,68.10550435551991,72.97067989567378
2025-01-06,414.20001220703125,435.0,407.5429992675781,423.0,322596,424.9800048828125,44.0,12.653592149185037,57.14285269423336,42.454147894158346
2025-01-07,411.0,416.6000061035156,400.20001220703125,400.20001220703125,174544,426.24000549316406,39.733317057291664,12.472054091566957,52.01697709045248,-0.7889814476455396
2025-01-08,402.0,425.0,398.42999267578125,425.0,184814,426.4800048828125,27.733317057291668,11.870967528004176,50.72463401835666,-10.090690145324333
2025-01-09,401.0,413.0,391.0,391.0,158450,424.9200042724609,26.399983723958332,10.995415287630331,50.51546359318144,-46.47291238857544
2025-01-10,397.0,403.20001220703125,386.0,386.0,191402,421.4200042724609,21.066650390625,9.90485273413495,47.36841617554394,-82.4101353619772
2025-01-13,383.3999938964844,400.0,376.6000061035156,400.0,248239,416.3000030517578,8.542697577341544,8.497139655655475,43.09392498073684,-119.41484295733652
2025-01-14,380.3999938964844,391.6000061035156,372.20001220703125,391.6000061035156,392250,410.0000030517578,9.761882963634672,6.897207470119009,41.30434422051378,-134.11700893499744
2025-01-15,405.0,410.9200134277344,379.0799865722656,380.20001220703125,233951,405.98000183105466,39.04760451543899,5.637425759981189,45.08474444767723,-55.61495452966109
2025-01-16,405.79998779296875,415.0,394.8800048828125,415.0,149578,402.93999938964845,39.99997093563988,4.65679812131596,37.33075144058282,-25.635646615178516
2025-01-17,407.0,414.20001220703125,405.20001220703125,410.0,185525,400.67999877929685,42.439009503620426,3.9110766767753278,36.47058929126537,-11.867295399463798
2025-01-20,407.79998779296875,414.6000061035156,403.6000061035156,405.6000061035156,102046,400.0399963378906,43.41460437309451,3.3555310373234795,31.063832688406208,-13.684722191341088
2025-01-21,413.79998779296875,417.0,402.20001220703125,404.0,75667,400.3199951171875,50.73167754382622,3.0363850903376877,34.01220951588934,-5.412050014695174
2025-01-22,407.6000061035156,425.6000061035156,407.6000061035156,409.3999938964844,200632,400.87999572753904,53.63635438861269,2.7763024260694684,35.010478022384035,2.8251275615818447
2025-01-23,401.20001220703125,412.79998779296875,398.20001220703125,411.79998779296875,117863,400.8999969482422,46.178352925168745,2.4584375266423573,35.084033950171076,-43.42259895515264
2025-01-24,399.6000061035156,402.7200012207031,393.0,397.0,117341,401.1599975585938,51.310855858146965,2.0898884056012896,41.03193661041159,-66.0304549707511
2025-01-27,399.0,410.20001220703125,395.0,402.0,89581,402.7199981689453,50.187248794298355,1.69455532492465,42.3857856225006,-46.80240511089383
2025-01-28,409.6000061035156,411.3999938964844,395.0,395.0,151834,405.63999938964844,70.03744975885967,1.4684132627220152,54.726372313722244,-19.08166968698427
2025-01-29,404.3999938964844,414.0,402.6000061035156,402.79998779296875,118083,405.5799987792969,60.299598070877366,1.2738616251326493,52.009452512523566,4.097622915835017
2025-01-30,436.3999938964844,444.3999938964844,402.6000061035156,402.6000061035156,407737,408.63999938964844,88.91966477995848,1.6169468942283483,67.49555584404814,182.654905059767
2025-01-31,424.79998779296875,445.3999938964844,420.0,444.3999938964844,1783720,410.4199981689453,71.8579081195539,2.090270792453054,68.71609024041835,193.09252447981527
2025-02-03,406.20001220703125,424.6000061035156,402.79998779296875,417.6000061035156,268244,410.26000061035154,40.89267587409016,2.318897422204361,60.2218787852261,46.5103584562289
2025-02-04,403.79998779296875,414.79998779296875,398.79998779296875,401.20001220703125,224764,409.26000061035154,20.61066612775568,2.338591334838602,49.4230710543119,2.441108083110166
2025-02-05,401.20001220703125,410.0,398.0,410.0,120875,408.6200012207031,15.648880080463913,2.179486665970448,47.826098243537224,-18.92358586191767
2025-02-06,396.79998779296875,408.6000061035156,395.0,402.3999938964844,166087,408.17999877929685,7.2518859457800415,1.8414877290826812,45.32109531787558,-43.25735684223902
2025-02-07,395.79998779296875,402.79998779296875,392.0,392.0,101976,407.7999969482422,7.116082822659133,1.3889282545628774,44.50549511970322,-72.68265042028128
2025-02-10,394.3999938964844,401.6000061035156,390.0,397.20001220703125,117765,407.3399963378906,7.942228124981064,0.8627866365335365,40.726580896522364,-94.66283020943821
2025-02-11,384.3999938964844,403.79998779296875,377.94000244140625,392.20001220703125,247156,404.8199951171875,9.576033610054425,0.15659574468772464,39.29888976850564,-165.5236520035085
2025-02-12,383.20001220703125,390.20001220703125,375.20001220703125,390.0,156475,402.6999969482422,11.39601436847942,-0.644928770765929,41.27907079899859,-195.0317614160077
2025-02-13,383.20001220703125,394.39599609375,381.0,381.3999938964844,180039,397.3799987792969,11.39601436847942,-1.4627193918969619,41.92913734681513,-140.3089222931605
2025-02-14,378.0,388.6000061035156,376.79998779296875,383.3999938964844,140942,392.7,3.988587640029857,-2.3274646815922955,40.11299548673233,-152.47051979121593
2025-02-17,372.6000061035156,392.79998779296875,368.0,378.0,161395,389.3399993896484,5.943160809118054,-3.257157856839745,31.68316831683167,-149.73655915764488
2025-02-18,364.6000061035156,377.3999938964844,361.20001220703125,370.0,228137,385.4200012207031,4.03799837988594,-4.299034662034323,30.828520003128205,-177.98940191049854
2025-02-19,360.0,369.79998779296875,357.20001220703125,369.79998779296875,158354,381.3,3.174589993484738,-5.420201130541858,0.0,-174.44297701582332
2025-02-20,359.79998779296875,363.87200927734375,352.79998779296875,353.0,108214,377.6,9.749301134888086,-6.52312876817547,0.0,-158.53260149863962
2025-02-21,356.0,362.3999938964844,351.79998779296875,358.6000061035156,204353,373.6200012207031,6.666686042906746,-7.6025664266106805,0.0,-140.77255718487612
2025-02-24,350.20001220703125,362.6000061035156,346.0,351.79998779296875,158093,369.2000030517578,6.562519073486328,-8.685902746471767,0.0,-134.15752261098197
2025-02-25,348.0,356.79998779296875,346.0,354.0,160760,365.56000366210935,3.1948878674113734,-9.730195372288538,0.0,-126.33612767806034
2025-02-26,343.0,356.79998779296875,339.38299560546875,345.0,164761,361.5400024414063,5.614984915786122,-10.7528676183258,0.0,-123.20492680597721
2025-02-27,339.20001220703125,344.3999938964844,336.0530090332031,342.79998779296875,121886,357.14000244140624,4.645230283977039,-11.744497085637663,0.0,-129.82906858840087
2025-02-28,334.20001220703125,339.79998779296875,332.0,339.20001220703125,286061,352.7600036621094,3.064084374742322,-12.717690680622924,0.0,-129.3271670995409
2025-03-03,325.3999938964844,342.3999938964844,322.5010070800781,339.79998779296875,222044,348.0400024414063,4.0322515604737985,-13.739725574568265,0.0,-130.40876709374663
2025-03-04,305.3999938964844,325.6000061035156,305.3999938964844,320.0,304562,342.1200012207031,0.0,-15.026569195758517,0.0,-165.87607810791152
2025-03-05,293.6000061035156,319.6000061035156,293.6000061035156,310.6000061035156,455612,335.48000183105466,0.0,-16.565944650703756,0.0,-172.98375771603122
2025-03-06,288.79998779296875,305.0,286.20001220703125,305.0,334507,328.3800018310547,2.439002046338634,-18.2217299115567,0.0,-173.62036852777115
2025-03-07,288.6000061035156,298.2659912109375,280.0,297.3999938964844,254919,321.64000244140624,8.82957560824451,-19.825339166801932,0.0,-160.48851787339052
2025-03-10,276.0,294.79998779296875,275.20001220703125,289.0,281673,314.2200012207031,0.8456532763499677,-21.468021445739584,0.0,-152.5853863151361
2025-03-11,269.20001220703125,284.0,266.6000061035156,275.0,252943,306.3400024414062,2.6729233681651774,-23.108641689816583,0.0,-148.70251913201253
2025-03-12,261.20001220703125,281.20001220703125,258.0,265.0,328655,298.1600036621094,3.0592849142517373,-24.73693152502688,0.0,-139.72501499785818
2025-03-13,257.79998779296875,272.3999938964844,256.79998779296875,272.3999938964844,356517,290.02000122070314,0.9451794205410956,-26.27000018810094,0.0,-128.6937291173784
2025-03-14,250.0,269.79998779296875,247.39999389648438,264.20001220703125,276743,281.6,2.3766053460439704,-27.7275896780115,0.0,-123.85662716321391
2025-03-17,240.0,250.0,223.8000030517578,243.0,892756,273.06000061035155,12.180450230700297,-29.157808408797454,0.0,-139.309699409797
2025-03-18,241.0,244.60000610351562,234.8000030517578,237.39999389648438,370649,266.6200012207031,14.26202176946043,-30.41348628949535,0.961538461538467,-120.81733612818606
2025-03-19,230.0,241.8000030517578,223.1999969482422,230.0,513589,260.26000061035154,5.704700692828407,-31.600120725589793,0.8992804768206355,-122.55128891056249
2025-03-20,255.0,265.3999938964844,227.60000610351562,232.60000610351562,1309654,256.8800018310547,26.677855592199123,-32.21039126419886,19.817071326923724,-83.49014948197161
2025-03-21,301.79998779296875,319.14599609375,280.6000061035156,280.6000061035156,2006591,258.2,76.75779669662147,-31.6073362187362,43.026002169778394,15.702610400481179
2025-03-24,312.3999938964844,319.5299987792969,294.3999938964844,304.20001220703125,615514,261.8399993896484,92.53110837838817,-30.034248925940375,52.19023796455759,38.92887125436797
2025-03-25,304.6000061035156,318.010009765625,301.0,313.0,463478,265.3799987792969,84.50120171079645,-27.991618169537766,53.530167157207075,44.374296252921816
2025-03-26,283.0,310.0,282.2340087890625,310.0,670386,267.55999755859375,62.0782745926198,-26.042581668315705,48.31981789879195,15.384943859610258
2025-03-27,296.0,299.0,281.82000732421875,283.0,300392,271.3799987792969,75.57355098927101,-23.987616228140816,51.995683425053414,24.500499272731027
2025-03-28,295.20001220703125,304.3999938964844,287.0,291.0,302690,275.9,74.74308511388176,-21.932071973685886,55.52995821060085,41.395435129071174
2025-03-31,291.6000061035156,297.0,283.79998779296875,291.6000061035156,287119,281.06000061035155,71.00592531414524,-19.991368322481954,56.57276839754233,35.868043600683116
2025-04-01,283.0,295.0,277.0,295.0,226393,285.26000061035154,62.0782745926198,-18.316023131161426,56.37426543654057,23.335946515447993
2025-04-02,293.5,294.0,270.5,270.5,164399,291.61000061035156,72.97830552837655,-16.685556555766013,60.02246409343417,30.180629120583536
2025-04-03,278.5,298.0,278.5,298.0,251893,293.9600006103516,57.40683276300977,-15.369977260274265,57.690232562735616,28.70577093888921
2025-04-04,264.5,286.5,264.0,279.5,374852,290.23000183105466,42.873458182000775,-14.509058588166099,56.47121013731783,-14.026453451374374
2025-04-07,248.5,264.9859924316406,240.0,254.0,496802,283.8400024414062,26.26388723227621,-14.20044474181475,51.83553608617937,-76.0544471759058
2025-04-08,253.0,256.5,241.5,255.0,236272,278.6800018310547,27.62971382589476,-14.150022350295057,55.8139538471745,-70.96979742992015
2025-04-09,250.0,251.5,236.5,246.5,347838,275.3800018310547,16.259183666718492,-14.27968507041837,48.5779293665571,-77.48773295556386
2025-04-10,271.5,275.0,263.5,275.0,244401,272.9300018310547,42.15343913593683,-14.139858281866069,39.93355887276785,-7.200574346944816
2025-04-11,276.5,280.5,264.3179931640625,275.0,172709,271.06000061035155,49.07372740478936,-13.726450964468267,37.61214789210719,1.5682021308128027
2025-04-14,290.0,291.60400390625,274.5,275.0,226714,270.9,72.78911564625851,-12.91657019271872,45.152720613609986,32.935467568377824
2025-04-15,289.0,295.0,285.5,288.5,183441,271.5,77.31959457910683,-11.887157768800042,52.30769230769231,43.06735532230543
2025-04-16,294.0,294.0,283.5,290.0,133251,271.55,84.68336549140271,-10.667245341769824,49.18032786885246,40.47583362479118
2025-04-17,313.5,318.5,293.0,294.5,415221,275.05,93.90243902439025,-9.056457107615401,56.50319339206647,114.76607552060749
2025-04-22,311.0,316.0,297.0,310.0,366980,279.7,90.85365853658537,-7.304360213218888,56.94842157889986,109.68152396846615
2025-04-23,310.0,320.9100036621094,307.0,316.5,411146,285.85,87.07498733706755,-5.554847904101736,60.22727272727273,129.28849620237204
2025-04-24,316.5,325.27801513671875,279.4739990234375,310.0,577990,292.2,90.11239987377444,-3.78230356343454,58.98437500000001,104.04160451180404
2025-04-25,293.5,330.0,292.5,317.5,544168,296.55,60.962566844919785,-2.4465738269739528,55.51470588235294,89.99101146684737
2025-04-28,299.5,304.0,288.0,295.5,291759,299.35,67.37967914438502,-1.3533494495297471,63.671875,51.61955287151219
2025-04-29,306.0,317.0,293.0,301.0,230160,302.3,74.33155080213903,-0.36264310048711834,74.26160337552743,83.08905789247724
2025-04-30,287.0,314.0,283.0,298.5,288937,302.0,54.01069518716577,0.20956510442348497,62.78195488721804,36.0567109196339
2025-05-01,291.0,291.0,280.0,280.0,223645,302.2,41.35338345864662,0.5528107031718565,65.29850746268656,4.483808192250109
2025-05-02,293.5,300.0,284.0,300.0,255339,302.15,44.4292253566935,0.773179547119104,59.56521739130435,24.654489031747904
2025-05-06,288.5,300.0,287.0,297.0,223381,299.65,25.225225225225227,0.8234452103752612,55.21739130434782,20.33930624724489
2025-05-07,277.0,299.0,274.0,287.5,229813,296.25,5.357142857142857,0.5791059046164431,44.24778761061947,-18.28057783689528
2025-05-08,279.5,286.0,268.0,277.5,201490,293.2,18.548387096774192,0.20148872227352022,45.851528384279476,-53.69412507281165
2025-05-09,279.5,288.0,274.5,288.0,176405,289.5,18.548387096774192,-0.2403283679645969,43.37899543378995,-54.28362278012855
2025-05-12,293.0,303.5989990234375,278.5,288.0,432098,289.45,40.32258064516129,-0.4832915624254749,40.09661835748793,-6.59187181774306
2025-05-13,300.0,300.49700927734375,285.3599853515625,294.5,173565,289.5,51.61290322580645,-0.4760980244105414,44.907407407407405,10.243803041066931
2025-05-14,309.5,310.989990234375,291.0,305.0,257845,289.85,66.93548387096774,-0.15983611470121117,49.78540772532189,66.44960773731681
2025-05-15,314.5,321.0,303.0,307.5,245632,292.6,75.0,0.413701269440818,49.130434782608695,119.6367872117882
2025-05-16,321.5,326.0,304.5,304.5,193116,295.65,92.24137931034483,1.229166162105432,64.14141414141415,131.4890384855615
2025-05-19,318.0,321.0,300.5,310.5,197704,298.1,86.20689655172414,2.094876538873339,59.58549222797927,91.6594981595886
2025-05-20,321.0,325.0,308.0,319.5,182028,301.35,91.37931034482759,2.9897864436728603,58.06451612903226,114.92282034921894
2025-05-21,313.5,324.0,309.0,324.0,176010,305.0,78.44827586206897,3.7296129432407765,66.25766871165644,93.45703398560522
2025-05-22,315.5,321.0,305.0,305.0,146308,308.6,81.89655172413794,4.356861530849729,65.40880503144655,82.48149032793955
2025-05-23,312.0,319.5,301.0,319.5,229015,311.85,75.86206896551724,4.814896432226045,61.49068322981366,62.098594040147816
2025-05-27,315.0,319.0,299.5,314.5,149177,314.05,81.03448275862068,5.179749651829464,66.87898089171975,60.762336522576625
2025-05-28,311.5,321.0,301.5,301.5,116579,315.2,75.0,5.399426036811221,74.46808510638297,56.22686393200325
2025-05-29,313.0,322.0,306.5,311.5,134609,315.55,74.75728155339806,5.528217835098156,74.10071942446044,65.84895793933393
2025-05-30,313.5,320.0,304.0,319.0,177833,315.45,73.6842105263158,5.588670737574792,74.28571428571428,53.64990968883515
2025-06-02,321.0,327.0,301.5,301.5,251361,315.4,85.59078316696716,5.7100415116357714,71.875,70.41242894832044
2025-06-03,317.5,330.0,313.5,330.0,148425,315.35,67.94871794871794,5.7943771754304345,64.46280991735537,85.8146546732772
2025-06-04,313.5,324.5,299.0,324.5,373311,314.6,46.774193548387096,5.774054713262837,53.63636363636364,35.67674576635249
2025-06-05,314.5,317.0,306.0,317.0,145484,314.7,50.0,5.691994079646731,50.0,32.480407892790865
2025-06-06,318.0,319.5,301.5,317.0,168067,314.95,61.29032258064516,5.618406160207688,46.31578947368421,31.221491475973924
2025-06-09,322.0,329.90399169921875,311.0,318.0,164233,315.95,74.19354838709677,5.604998553898171,54.166666666666664,129.80087165262546
2025-06-10,318.5,329.5,310.6600036621094,329.5,210633,316.3,62.903225806451616,5.561398269530174,47.42268041237113,114.61926628211201
2025-06-11,315.5,325.0,311.0,311.0,175356,316.7,53.225806451612904,5.440620598962415,52.272727272727266,61.593516043644584
2025-06-12,307.0,320.0,298.5,320.0,454855,316.1,26.984126984126984,5.129788192483912,41.58415841584158,-139.8779321257818
2025-06-13,307.5,309.5,297.0069885253906,303.0,155254,315.5,31.803739657668242,4.7124128909195155,45.26315789473685,-196.6532424127091
2025-06-16,313.0,315.6000061035156,300.5,310.0,166281,314.7,48.47393663023823,4.327146815329916,47.99999999999999,-85.41589798544047
2025-06-17,309.5,321.0,306.0,321.0,110492,313.9,37.86562946587551,3.916499566102259,47.99999999999999,-32.13777397650697
2025-06-18,311.0,315.0,306.5,314.0,129023,313.65,42.41204682203096,3.5264758255142956,47.99999999999999,-54.71797034787681
2025-06-19,304.5,320.0,299.0,306.0,165211,312.65,22.71090494535734,3.0580829341204656,41.964285714285715,-109.34659079791166
2025-06-20,304.5,312.5,290.5,290.5,1166134,311.3,35.44303797468354,2.558153717020254,32.98969072164948,-190.6692524686691
2025-06-23,305.0,306.5,285.5,302.5,106594,309.6,43.91497082534381,2.066811915776515,36.26373626373626,-209.2641469271368
2025-06-24,307.5,314.0,301.0,309.0,146008,308.5,49.54509529013148,1.641784847007673,43.18181818181818,-64.34136652649507
2025-06-25,304.0,313.0,297.5,297.5,131990,307.35,41.66292103942874,1.2210207734873184,38.70967741935485,-93.00911185746664
2025-06-26,304.5,308.5,299.0,299.0,91620,307.1,42.78894593238628,0.8301800654616901,34.48275862068965,-93.08652452445152
2025-06-27,307.5,311.5,303.5,310.5,146747,307.1,50.0,0.524554358530486,32.94117647058823,-41.20750970498291
2025-06-30,303.0,311.0,296.5,301.5,200709,306.1,44.30379746835443,0.21537073069182966,32.18390804597702,-86.32034191390274
2025-07-01,315.5,319.0,290.5,290.5,346995,306.7,84.50704225352112,0.11910430959971938,50.0,-14.82569137326661
2025-07-02,307.0,323.0,302.5,302.5,224401,306.3,57.333333333333336,0.025452715244522806,50.0,24.33810990032851
2025-07-03,308.0,319.5,295.5,310.0,91450,306.65,60.0,-0.045754180973747755,50.46728971962617,-21.109471557980182
2025-07-04,307.0,320.5,303.5,320.5,85970,306.9,57.333333333333336,-0.11501052498313354,43.87755102040816,24.037268468962374
2025-07-07,306.0,310.0,303.0,303.0,77084,307.0,54.666666666666664,-0.19510605236656553,46.236559139784944,-35.1950931493
2025-07-08,310.5,312.552001953125,303.0,303.0,177922,307.3,66.66666666666667,-0.20555707204782453,49.494949494949495,25.477896826913685
2025-07-09,312.5,317.739990234375,303.0,303.0,128345,308.15,72.0,-0.13943106576256253,58.88888888888889,96.4592896857652
2025-07-10,318.0,322.0,304.0,320.0,146128,309.5,86.66666666666667,0.05929258168964899,63.366336633663366,165.05667149510313
2025-07-11,316.0,326.0,306.02398681640625,321.0,90568,310.35,71.83098591549296,0.29866446811124836,60.57692307692308,168.7370600753932
2025-07-14,323.0,330.0,314.0,314.0,86272,312.35,82.27848101265823,0.6619658083465825,63.716814159292035,238.23808463413417
2025-07-15,322.5,334.0,314.0,314.0,259284,313.05,73.5632183908046,1.0744129107813731,67.28971962616822,210.93188604610572
2025-07-16,310.5,342.0,305.0,342.0,296288,313.4,38.83495145631068,1.3021406703969522,54.61538461538461,125.9601773826796
2025-07-17,318.0,323.0,305.5,314.0,175520,314.4,53.398058252427184,1.5188423367547788,57.55395683453237,68.4826485013006
2025-07-18,337.5,345.5,313.0,320.5,192335,317.45,85.45454545454545,2.0249225642319906,70.41420118343196,219.98840701696085
2025-07-21,335.5,344.0,325.0,337.5,71358,320.4,80.0,2.649326065809775,63.51351351351351,202.2041581991556
2025-07-22,333.0,348.5,327.5,348.5,121341,322.65,70.75471698113208,3.2692356500669013,69.11764705882354,177.29544426816358
2025-07-23,360.0,374.0,330.5,331.0,376215,327.4,80.28169014084507,4.277149830674658,77.65957446808511,246.30312196900582
2025-07-24,364.5,375.29998779296875,356.0,357.0,195211,332.05,85.06225502569302,5.537467630682464,79.48717948717949,237.10317159292538
2025-07-25,358.5,367.0,350.0,364.0,101454,336.3,76.76349843782053,6.78157168323533,75.60975609756098,163.9989062106034
2025-07-28,343.0,365.5,335.5,354.5,203417,338.3,55.325043919149934,7.6875452618461875,64.31718061674009,99.11070658519878
2025-07-29,321.0,344.0,316.0,340.0,196982,338.15,23.842921333117612,7.965573956345478,53.18352059925094,3.8676463341750904
2025-07-30,317.5,327.0,311.5,318.0,148160,338.85,17.780941921088388,7.7614486290544376,49.80988593155894,-36.30653628030299
2025-07-31,310.0,324.0,304.0,310.0,130237,338.05,8.415148705806216,7.128471057675184,47.81021897810219,-66.05909699267289
2025-08-01,305.5,312.5,300.0,304.5,269898,334.85,7.304118049954811,6.171836838910837,43.49442379182157,-95.0811429538348
2025-08-04,307.0,309.5,299.5,307.5,195367,332.0,9.894460696332334,5.072354009688981,44.28044280442805,-97.6608978735071
2025-08-05,310.5,314.5,300.0,307.0,130702,329.75,14.51187568795409,3.9852526806075175,50.0,-83.6693697338499
2025-08-06,311.0,315.0,306.0,312.0,155569,324.85,15.171506401042912,2.9617934949491325,47.083333333333336,-72.74521441546378
2025-08-07,315.0,320.0,302.0,314.0,153504,319.9,20.44855210575349,2.088942530866903,39.23444976076555,-64.12865057864921
2025-08-08,322.0,329.5,313.5,320.0,243502,316.25,29.683382088997003,1.463165961260962,43.835616438356155,-23.12084999870257
2025-08-11,314.5,325.0,306.0,306.0,115356,313.4,19.78892139266467,0.9020621064599307,41.92139737991266,-50.6243645528157
2025-08-12,312.0,325.0,309.0,325.0,93590,312.5,16.490767827220555,0.36896582573369385,23.33333333333333,-46.95964484254634
2025-08-13,313.5,318.5,307.0,310.0,142021,312.1,20.74074074074074,-0.09553938604317574,20.689655172413794,-55.06884517448989
2025-08-14,311.0,318.5,309.0,316.5,119700,312.2,17.424242424242426,-0.5323712001722052,21.556886227544908,-54.83057113117173
2025-08-15,307.5,316.0,305.5,309.0,149083,312.4,17.97752808988764,-0.9835854934390325,25.174825174825173,-63.23010731385888
2025-08-18,307.0,314.9909973144531,305.5,309.5,104998,312.4,25.0,-1.4258964648239576,36.0,-60.971788084918416
2025-08-19,307.0,320.0,302.0,309.5,271278,312.05,25.0,-1.8361904280625543,38.70967741935485,-55.31906984125676
2025-08-20,301.0,308.5,300.0,305.0,253709,311.05,5.0,-2.2964499096537705,40.0,-85.21131851535382
2025-08-21,304.5,305.5,297.5,300.0,193406,310.0,21.875,-2.7028247178791025,48.86363636363637,-95.70949837273824
2025-08-22,307.0,312.0,298.0,303.0,138922,308.5,29.6875,-3.008076493665276,50.0,-77.77800783986629
2025-08-26,302.0,308.0,292.5,302.0,309713,307.25,25.675675675675677,-3.306860574277634,40.86021505376344,-135.8256918854789
2025-08-27,300.5,307.0,291.5,301.0,223557,306.1,23.68421052631579,-3.602322693405857,38.94736842105262,-144.56218026998738
2025-08-28,291.0,306.0,287.5,292.0,272428,303.85,8.333333333333334,-4.023570588393936,27.35849056603773,-183.08654632488353
2025-08-29,277.5,291.0,273.0039978027344,291.0,418582,300.5,8.64682284651119,-4.707790144210127,12.60504201680672,-279.1421158329744
2025-09-01,279.5,283.5,275.0,275.5,177829,297.7,12.493272410868615,-5.478328484755097,17.592592592592595,-224.37228378162635
2025-09-02,269.5,284.5,266.0,273.5,271797,293.95,6.481481481481482,-6.4096348150052,15.44715447154472,-210.1860826823321
2025-09-03,267.5,274.5,262.5,267.0,198834,290.0,8.695652173913043,-7.4101867674960955,12.903225806451616,-192.96632357603787
2025-09-04,275.5,282.0,265.0,265.0,274398,287.45,22.608695652173914,-8.257165305608495,23.703703703703695,-132.38015844140617
2025-09-05,283.5,286.0,276.0,276.5,136626,285.35,36.52173913043478,-8.817031910646756,33.33333333333333,-80.92511189330443
2025-09-08,288.5,290.0,282.5350036621094,287.0,165452,283.5,45.21739130434783,-9.06772530674618,37.90849673202615,-48.2424171575594
2025-09-09,284.5,292.5,277.5,289.5,206637,281.75,44.44444444444444,-9.154643646719748,36.0248447204969,-52.15873995272031
2025-09-10,281.0,290.0,280.0,286.5,99317,279.8,37.37373737373738,-9.169329722532131,37.17948717948718,-51.26173001003264
2025-09-11,289.0,294.0,277.5,284.0,164499,279.6,53.535353535353536,-8.989438061340426,40.6060606060606,-29.80326254888228
2025-09-12,275.5,294.5,275.0,284.0,136206,279.4,28.571428571428573,-8.891914929994758,33.155080213903744,-51.86165651931975
2025-09-15,276.5,281.5,271.0,275.5,179374,279.1,31.46067415730337,-8.814910232378125,35.75418994413407,-76.18829842881757
2025-09-16,274.5,282.0,271.5,274.5,217860,279.6,27.586206896551722,-8.766620673424256,35.55555555555554,-73.84368556338825
2025-09-17,286.5,288.0,270.0,270.0,244320,281.5,75.0,-8.527426732281844,47.567567567567565,-33.35992043982584
2025-09-18,287.5,291.0,272.5,272.5,153639,282.7,78.125,-8.145726418061695,56.25,-11.862795914023838
2025-09-19,278.0,292.0,278.0,292.0,1500493,282.15,48.4375,-7.827716424554078,49.142857142857146,-13.73830893151965
2025-09-22,280.5,285.0,276.0,277.5,274743,281.35,56.25,-7.508569910526963,56.87499999999999,-27.021170595491338
2025-09-23,292.0,296.0,279.0,279.0,233108,282.1,87.09677419354838,-7.004851901956787,63.687150837988824,86.71408370153137
2025-09-24,299.0,299.0,280.0,285.0,167894,283.9,100.0,-6.284207400613539,63.27683615819209,149.65630609689273
2025-09-25,296.0,302.5,292.0,295.0,189820,284.6,80.0,-5.498915219766445,57.48502994011976,201.68123054473642
2025-09-26,298.0,304.5,291.0,304.5,120127,286.85,81.15942028985508,-4.669827467582957,55.900621118012424,176.87589952507977
2025-09-29,293.0,302.12799072265625,293.0,299.0,128542,288.5,66.66666666666667,-3.9258802480835313,55.214723926380366,134.07833111777842
2025-09-30,279.0,285.0400085449219,255.0,282.5,1431679,288.95,48.484848484848484,-3.4887103557374313,48.913043478260875,-116.23507514924708
2025-10-01,277.0,290.5,270.35198974609375,277.5,407267,288.0,44.44444444444444,-3.290697072246911,43.02325581395349,-58.375981253682745
2025-10-02,271.0,283.0,268.0,272.0,277252,286.35,32.323232323232325,-3.3411890329348894,47.13375796178344,-120.03264329922408
2025-10-03,267.5,284.0,266.0,271.5,277018,285.3,25.252525252525253,-3.5930176044954103,44.44444444444444,-123.99825824789178
2025-10-06,258.5,269.5,258.5,266.0,370425,283.1,7.070707070707071,-4.093239323040696,40.90909090909091,-198.26733903355537
2025-10-07,257.0,263.5,253.0,258.5,345843,279.6,7.766990291262136,-4.737528908414996,30.967741935483872,-196.76065405963772
2025-10-08,255.0,257.0,250.50999450683594,252.0,165279,275.2,8.316364208802616,-5.459453762178926,29.29936305732484,-184.72532325304854
2025-10-09,248.0,257.5,246.5,254.0,352603,270.4,2.586206896551724,-6.291432116588784,30.26315789473685,-173.72858123476524
2025-10-10,238.0,250.22000122070312,237.0,248.5,222886,264.4,1.4814814814814814,-7.293980906120263,24.55089820359281,-187.89453122015098
2025-10-13,245.5,247.5,231.0,231.0,219450,259.65,19.727891156462587,-8.21460209814315,20.754716981132077,-156.2416392150119
2025-10-14,243.5,244.5,240.0,244.5,114226,256.1,17.006802721088434,-9.048798267192742,12.75167785234899,-126.73349273351401
2025-10-15,242.5,249.5,237.5,237.5,209535,252.65,15.646258503401361,-9.780425338868001,13.103448275862064,-106.93093055518317
2025-10-16,239.5,245.0,235.5,242.0,156112,249.5,11.950288365579421,-10.434982667488352,10.204081632653057,-104.10510341591501
2025-10-17,234.5,235.0,225.5,235.0,352459,246.2,13.846153846153847,-11.062909840972846,10.204081632653057,-118.01102855138356
2025-10-20,246.5,249.0,227.0,227.0,360941,245.0,32.30769230769231,-11.424561168318363,27.272727272727266,-78.22481006379377
2025-10-21,248.5,250.0,240.5,242.0,121586,244.15,39.31623931623932,-11.54240987598186,30.069930069930066,-54.42134762199072
2025-10-22,252.5,255.5,245.0,249.0,225574,243.9,46.15384615384615,-11.411144850164339,36.69064748201439,-33.0740903963189
2025-10-23,257.5,258.5,241.0,241.0,163430,244.85,72.72727272727273,-11.024840904771564,42.95774647887323,-22.16929058185175
2025-10-24,249.0,258.5,245.0,257.5,159571,245.95,61.8421052631579,-10.609418889762996,43.26241134751773,-21.893778724524346
2025-10-27,254.5,260.0,240.0,240.0,327049,246.85,84.05797101449275,-10.085593041845224,48.322147651006716,-8.750760938229554
2025-10-28,266.5,266.5,251.0,254.5,199717,249.15,100.0,-9.306841490019151,56.80473372781065,63.298717844344864
2025-10-29,262.5,267.5,260.0,266.5,154679,251.15,88.0952380952381,-8.451736378369036,58.89570552147239,92.02897187493996
2025-10-30,256.0,262.0,251.12600708007812,260.0,181810,252.8,72.61904761904762,-7.678040844469275,61.53846153846153,50.11266973100936
2025-10-31,254.5,259.0,251.5,258.5,89462,254.8,69.04761904761905,-7.002361470835208,56.25,50.358925860209936
2025-11-03,235.5,258.0,235.5,258.0,408341,253.7,23.80952380952381,-6.710711061750013,45.50561797752809,-56.37815506251114
2025-11-04,230.0,242.5,230.0,232.0,191029,251.85,10.714285714285714,-6.74750558394265,43.31550802139037,-126.19843327691254
2025-11-05,231.5,239.5,227.52999877929688,230.0,207353,249.75,14.285714285714286,-6.94892364233365,45.65217391304348,-123.3914119411997
2025-11-06,233.0,245.0,229.5,232.0,235952,247.3,14.814814814814815,-7.203196249942247,49.152542372881356,-86.93267135857812
2025-11-07,223.0,240.0,222.5,227.5,314974,244.7,1.1111111111111112,-7.620394293015006,36.41618497109827,-134.78554024874555
2025-11-10,222.5,231.5,221.0,221.0,300360,241.5,3.225806451612903,-8.108449419777687,34.705882352941174,-143.70727541445117
2025-11-11,229.0,231.5,222.0,224.5,128120,237.75,17.204301075268816,-8.493147237547568,36.57142857142857,-110.96341363725865
2025-11-12,230.0,238.0,222.5,235.0,128441,234.5,19.35483870967742,-8.757584184618247,33.532934131736525,-82.86190430860022
2025-11-13,263.0,276.0,232.0,232.0,879759,235.2,76.36363636363636,-8.3863256937185,56.481481481481474,82.10629036961046
2025-11-14,269.0,279.0,249.5,260.0,696185,236.65,82.75862068965517,-7.5212469729728495,56.68202764976959,122.41860175473205
2025-11-17,255.5,268.0,254.0,266.0,312798,238.65,59.48275862068966,-6.590242327205098,45.00000000000001,75.04793065373279
2025-11-18,250.0,259.0,242.5,259.0,367296,240.65,50.0,-5.739450183190906,44.39461883408072,22.740751318186554
2025-11-19,259.5,266.75,242.0,252.5,189648,243.45,66.37931034482759,-4.81888529185219,51.52838427947598,52.580886987783295
2025-11-20,247.0,269.0,246.0,269.0,213838,244.85,44.827586206896555,-4.0912927120683324,47.01195219123506,40.06159379290334
2025-11-21,234.0,247.0,217.5,239.5,761438,245.95,26.829268292682926,-3.72087556772732,49.37238493723849,-70.69882267779023
2025-11-24,218.5,236.5,215.0,225.0,2727743,245.55,5.46875,-3.832559764694339,45.55984555984556,-106.77151159295674
2025-11-25,229.5,229.5,216.5,218.5,330407,245.6,22.65625,-4.0563273179343415,49.280575539568346,-88.64660532328134
2025-11-26,233.0,236.0,216.5,226.0,228569,245.9,28.125,-4.273530636262929,50.0,-65.51891034714671
2025-11-27,237.5,240.0,225.0,228.5,218237,243.35,35.15625,-4.393698349899872,55.35055350553505,-31.713799723266963
2025-11-28,242.5,250.0,236.01100158691406,237.5,396666,240.7,42.96875,-4.356960429226269,57.142857142857146,20.585796650715455
2025-12-01,245.5,249.0,235.0,244.0,89936,239.7,47.65625,-4.166009317238399,56.04395604395605,22.447724167039315
2025-12-02,247.5,254.0,232.5,232.5,286360,239.45,50.78125,-3.847006327523025,56.36363636363637,28.00172218697163
2025-12-03,249.5,254.5,235.0,235.0,181541,238.45,53.90625,-3.4237886279748744,43.66197183098591,33.8542628901545
2025-12-04,248.5,260.0,247.0,249.5,203584,238.6,62.03703703703704,-2.9655878475324036,39.90147783251232,59.95553434714327
2025-12-05,258.0,262.0,247.5,254.0,412163,241.0,79.62962962962963,-2.35115386562374,51.282051282051285,76.22366651557688
2025-12-08,264.0,274.6839904785156,250.0,260.0,636056,245.55,82.09906812051797,-1.5699203334360419,57.14285714285714,107.3734625858957
2025-12-09,255.0,273.0,253.17999267578125,258.0,131011,248.1,67.01964744532079,-0.8651052048498149,47.69230769230769,84.8172309659594
2025-12-10,258.0,262.0,253.0,253.5,66432,250.6,72.04612100371985,-0.19530022724487395,56.25,62.370097817903506
2025-12-11,252.5,265.0,250.5,252.0,70407,252.1,62.83091947998824,0.33014462323181215,61.49068322981366,52.5633858955662
2025-12-12,253.5,262.5,250.0,250.0,85590,253.2,63.59137573017136,0.7527646050031667,76.51515151515152,54.067734552054965
2025-12-15,254.0,259.0,250.0,250.0,100830,254.05,64.45071864544394,1.0950430185016742,72.07207207207207,50.193579159852995
2025-12-16,263.5,269.5,252.0,254.5,195729,255.65,77.48974997619845,1.5180932204810893,74.79674796747967,90.74357836570282
2025-12-17,267.5,269.5,255.5,264.5,126530,257.45,82.96986511464712,2.0299502463151935,74.59016393442623,100.55164036993538
2025-12-18,270.0,272.5,256.5,256.5,103891,259.6,88.89628405140763,2.6058966504274492,73.5042735042735,104.70783629605685
2025-12-19,276.0,279.5,268.0,270.0,393225,261.4,92.55319148936171,3.2816081031584607,74.79674796747967,138.80510443713655
2025-12-22,270.5,276.5,267.5,270.0,142303,262.05,79.7752808988764,3.889199708263697,67.6923076923077,116.93214429742831
2025-12-23,270.0,279.0,262.0,262.0,181767,263.55,70.76923076923077,4.4054026758241385,66.14173228346456,106.57560691276181
2025-12-24,269.0,277.0,264.5,273.5,25926,264.65,67.1875,4.8112695835452,66.14173228346456,98.67968680647893
2025-12-29,275.0,280.0,262.5,280.0,323176,266.9,83.33333333333333,5.21146441168345,64.16666666666666,107.15533165063432
2025-12-30,276.5,281.989990234375,267.5,267.5,339643,269.2,82.83841228411598,5.5991788584105615,61.261261261261254,118.67840402187035
2025-12-31,283.5,285.0,271.0,275.5,108646,272.15,95.71428571428571,6.057665462354311,76.63551401869158,140.6943546517039
2026-01-02,285.0,288.0,269.0,283.5,288364,274.3,92.10526315789474,6.546601036968187,75.96153846153847,132.8335105052031
2026-01-05,292.5,295.0,281.0,286.5,192223,276.8,94.44444444444444,7.133727717408148,87.03703703703704,179.0797038915617
2026-01-06,292.0,300.1050109863281,287.0,294.0,210594,279.0,83.82395128395503,7.7273841134826275,85.98130841121495,178.28752077577238
2026-01-07,295.0,305.0,281.0,305.0,166978,280.9,81.13207547169812,8.324263735941837,86.60714285714286,160.75332950208715
2026-01-08,303.5,305.0,290.5,290.5,178304,284.2,96.96969696969697,9.0085140528815,86.36363636363636,169.16708098866602
2026-01-09,297.5,305.2799987792969,289.0,302.5,177110,286.95,84.0508426117492,9.595398374697805,76.31578947368422,132.7964793640165
2026-01-12,297.0,302.0,293.0,293.0,157315,289.75,80.86876383356638,10.060643069310933,74.54545454545455,115.99590708613009
2026-01-13,288.0,308.5,282.5,307.0,276840,291.05,55.913978494623656,10.258737522268715,60.3448275862069,81.99662771137908
2026-01-14,289.5,296.5,280.0,280.0,179763,292.35,59.13978494623656,10.279552826746679,67.5925925925926,51.73318615978882
2026-01-15,300.5,306.79901123046875,288.0,289.0,205724,294.05,82.6086956521739,10.340231218035601,73.64341085271317,97.10287287397469
2026-01-16,298.0,310.0,293.5,300.5,150945,295.35,74.73684210526316,10.359260639877997,71.96969696969697,98.52675829050912
2026-01-19,286.0,300.0,283.0,294.5,127460,294.7,43.529411764705884,10.136123898894068,57.638888888888886,29.115783965126006
2026-01-20,295.5,299.0,279.54998779296875,299.0,566082,295.05,64.63414634146342,9.901363970141471,61.87500000000001,34.77833731695358
2026-01-21,301.0,307.5,296.0,296.0,392048,295.65,78.04878048780488,9.736807432282976,61.146496815286625,98.38874089887881
2026-01-22,310.0,312.5,284.5,303.0,224634,296.3,92.412749396595,9.746276935300468,64.53488372093024,100.16709124354261
2026-01-23,316.5,318.5,302.093994140625,312.0,468750,298.2,94.8652134192683,9.9458161493976,64.11764705882354,166.12359550561794
2026-01-26,327.0,331.0419921875,317.0,317.0,402873,301.2,92.15025277219684,10.398880041496477,68.42105263157895,235.2068775600519
2026-01-27,326.5,331.5,322.7300109863281,328.5,315583,305.05,90.37536318552921,10.955419573232309,67.02702702702703,215.1375686911246
2026-01-28,328.0,339.0,325.625,332.0,349533,308.9,81.49706014913313,11.546602916015448,64.32748538011695,203.4860122035128
2026-01-29,328.0,340.0,319.92498779296875,340.0,163586,311.65,80.14888738334412,12.102192477004817,69.18238993710692,158.70819022586235
2026-01-30,330.5,336.5,324.5,324.5,143767,314.9,84.28453584514743,12.618650317485807,70.5521472392638,135.49679772163805
2026-02-02,330.0,339.5,326.5,337.0,121008,319.3,83.45740615278676,13.046769915714144,78.76712328767123,120.37553364848526
2026-02-03,294.5,336.0,293.7200012207031,330.0,447697,319.2,24.731197995179787,12.80096008421155,52.33644859813084,3.2049268266392565
2026-02-04,292.0,301.0,288.53399658203125,291.5,212369,318.3,20.59554953337648,12.07656808259919,45.68527918781726,-66.78844650052552
2026-02-05,292.5,300.0,284.0,291.5,194259,316.55,21.42267922573714,11.07063614064336,47.15025906735751,-71.61004981288126
2026-02-06,289.0,297.0,281.0,297.0,178314,313.8,15.63277137921251,9.85990035807189,51.704545454545446,-82.87905293288982
2026-02-09,291.5,295.0,287.5,295.0,136861,310.25,17.796610169491526,8.601679598797892,47.53086419753086,-69.33548329163746
2026-02-10,297.0,298.0,288.0610046386719,295.0,76928,307.3,27.11864406779661,7.447798507378733,47.53086419753086,-55.90487666243542
2026-02-11,290.0,296.5,282.5,282.5,117893,303.5,15.254237288135593,6.291147900872043,37.34177215189874,-78.0880907887417
2026-02-12,284.0,305.0,284.0,305.0,104479,299.1,5.084745762711864,5.083329657669534,29.29936305732484,-68.73442059418815
2026-02-13,282.5,291.5,280.5,283.5,137278,294.3,3.361344537815126,3.8712387987282995,17.985611510791372,-89.42898426087817
2026-02-16,284.5,288.0,280.5,288.0,63934,289.75,6.722689075630252,2.743095248342672,20.4225352112676,-89.20133785627935
2026-02-17,282.5,291.0,280.5,288.0,117859,288.55,3.361344537815126,1.6885464928591907,18.181818181818187,-84.85952374828618
2026-02-18,285.5,294.0,274.0,294.0,88273,287.9,17.557251908396946,0.7794214262220992,21.47651006711409,-78.57140591668482
2026-02-19,285.5,295.0,273.5,295.0,49742,287.2,18.181818181818183,0.00732648958885318,18.75,-71.24288441884205
2026-02-20,283.0,295.0,282.5,295.0,144916,286.6,15.2,-0.6783088623058537,18.243243243243242,-57.99615300260014
2026-02-23,279.0,287.0,277.5,286.5,225814,285.35,17.46031746031746,-1.3360825440946194,31.764705882352942,-76.08299121812338
2026-02-24,280.5,284.0,277.5,284.0,91138,283.7,22.22222222222222,-1.914934661201059,36.14457831325301,-76.06655941730827
2026-02-25,281.5,283.67401123046875,270.0,276.5,112333,282.85,32.857142857142854,-2.3936569466441595,36.904761904761905,-88.6575632165892
2026-02-26,282.5,289.5,270.5,283.0,129594,282.7,35.714285714285715,-2.7631143358610437,41.77215189873418,-76.85605477491866
2026-02-27,285.5,290.0,277.0,284.0,64293,283.0,44.285714285714285,-2.9905580937387612,42.5,-50.97573908107591
2026-03-02,277.5,281.5,274.82000732421875,279.5,262365,282.3,21.428571428571427,-3.237886721945374,27.058823529411754,-116.67492534806081
2026-03-03,273.0,277.5,267.5,274.0,294589,281.35,14.666666666666666,-3.5491284992568253,28.75,-186.32305400076868
2026-03-04,278.0,279.0,267.0,267.0,136854,280.6,39.285714285714285,-3.7962527304176445,42.30769230769231,-145.04848064979964
2026-03-05,282.0,284.66900634765625,272.5,275.0,103937,280.25,53.57142857142857,-3.917764573570397,49.397590361445786,-61.17286738595316
2026-03-06,280.0,287.0,269.5,269.5,236296,279.95,46.42857142857143,-3.9771546077925466,44.57831325301205,-66.39144386519186
2026-03-09,258.0,279.5,251.0,269.5,501765,277.85,15.909090909090908,-4.336426983095456,30.081300813008127,-250.13307218655228
2026-03-10,247.5,263.0,243.0,258.0,336365,274.55,8.653846153846153,-5.022463921776471,22.46376811594203,-310.3445578284794
2026-03-11,241.0,256.0,238.5399932861328,256.0,465417,270.5,4.357078323306298,-5.9696038608393405,20.52980132450331,-266.4351065888242
2026-03-12,236.0,239.5,232.0,238.0,256334,265.85,6.896551724137931,-7.096913606502151,19.871794871794876,-244.82064642790337
2026-03-13,232.5,235.5,230.5,234.5,310923,260.55,3.361344537815126,-8.317720010987156,20.0,-197.35170640627578
2026-03-16,230.5,234.5,223.5,232.0,228746,255.85,10.526315789473685,-9.546082686382622,17.948717948717942,-167.33837468893873
2026-03-17,233.0,234.5,223.0,226.0,598706,251.85,14.925373134328359,-10.653145191475854,19.496855345911953,-135.88485988793843
2026-03-18,227.0,234.0,224.5,233.5,200358,246.75,5.970149253731344,-11.697590876872832,17.15976331360946,-121.02051992898397
2026-03-19,222.0,226.5,218.5,222.5,304486,240.75,5.109489051094891,-12.701148888064735,13.294797687861276,-121.73156261639222
2026-03-20,220.0,232.0,220.0,231.5,3217707,234.75,2.18978102189781,-13.629431472357782,14.285714285714292,-102.37090932433237
2026-03-23,216.0,225.5,210.0,224.0,449262,230.55,7.792207792207792,-14.49462420295674,14.375,-109.25116974883369
2026-03-24,212.0,229.5,206.5,223.0,466040,227.0,6.832298136645963,-15.305700086210717,8.22784810126582,-101.91031884553715
2026-03-25,239.5,248.5,218.5,218.5,918967,226.85,40.993788819875775,-15.566707414659183,29.268292682926827,-40.535167937888126
2026-03-26,232.5,245.5,226.5,245.5,382617,226.5,35.61643835616438,-15.545461230764646,27.906976744186053,-37.92531222316417
2026-03-27,223.5,239.0,221.0,239.0,503064,225.6,30.088495575221238,-15.456576266481473,31.746031746031747,-55.70022711014628
2026-03-30,220.0,226.0,212.5,226.0,326040,224.55,27.272727272727273,-15.350567913720024,34.28571428571429,-80.1720872731286
2026-03-31,215.5,224.27699279785156,215.5,221.5,245091,222.8,21.428571428571427,-15.27619190823668,35.0877192982456,-81.06876878461709
2026-04-01,221.5,225.5,214.0,225.5,280505,222.25,35.714285714285715,-15.094997331173525,41.6184971098266,-72.12323857636733
2026-04-02,217.0,219.0,211.5,211.5,238182,221.75,25.0,-14.893739781476366,41.142857142857146,-92.91093556292594
2026-04-07,206.5,219.0,206.5,212.0,372198,220.4,0.0,-14.824032924399623,37.5,-124.7595997679407
2026-04-08,216.0,226.5,207.0,207.5,560950,220.4,22.61904761904762,-14.655079720334799,41.747572815533985,-78.98408514689915
2026-04-09,214.0,220.0,210.0,217.5,138399,220.6,17.857142857142858,-14.43128457564646,43.43434343434343,-87.38509333375914
2026-04-10,215.5,219.71600341796875,210.5,216.5,181529,218.2,21.428571428571427,-14.128023835700505,46.596858638743456,-77.2203226287573
2026-04-13,211.5,218.5,210.5,218.5,106649,216.1,11.904761904761905,-13.822470068944774,45.64102564102564,-87.53951502686337
2026-04-14,215.0,217.0,210.0,214.0,127292,215.25,20.238095238095237,-13.444152049639182,49.48453608247423,-76.61480330386215
2026-04-15,220.0,225.5,215.0,215.0,228915,215.25,32.142857142857146,-12.929644840460488,54.08163265306122,-6.815976757540897
2026-04-16,218.5,224.0,218.5,220.0,193139,215.55,30.76923076923077,-12.351210551522358,35.41666666666667,0.8639351389388544
2026-04-17,227.5,230.0189971923828,218.0,221.0,284384,216.15,64.61538461538461,-11.591289837878158,46.62162162162162,68.1765533335847
2026-04-20,227.5,235.3489990234375,223.0,225.5,320071,217.2,72.79282023940998,-10.731034354505795,53.07692307692308,102.26293311873371
2026-04-21,223.5,234.0,223.5,227.5,183044,218.9,58.92752114618903,-9.892346461077164,52.671755725190835,77.2078671435797
2026-04-22,225.0,231.5,220.6479949951172,223.5,354426,219.8,64.12700830614689,-9.064663837898811,57.6,54.55558221087367
2026-04-23,250.0,252.125,212.5,220.5,1678756,223.4,95.34246575342466,-7.867746994353574,67.48466257668711,162.53405125753739
2026-04-24,260.0,264.5,245.0,246.5,1087049,227.85,92.24137931034483,-6.324669307061998,74.71264367816093,282.62328757822974
2026-04-27,267.5,276.5,256.5,269.5,959017,233.45,87.05035971223022,-4.511442070985011,86.30952380952381,286.6683021713934
2026-04-28,240.0,267.0,240.0,267.0,1035190,235.95,45.11278195488722,-3.0524066490226622,61.76470588235294,138.90720872792278
2026-04-29,230.5,244.8300018310547,230.5,244.5,682939,237.0,30.827067669172934,-2.036466741448093,57.53424657534246,50.19873121649168
2026-04-30,224.5,234.5,221.00999450683594,229.5,456524,237.6,21.804511278195488,-1.4425927429092027,53.94736842105264,-2.0268378047588134
2026-05-01,229.0,232.0,223.5,223.5,146175,237.75,28.571428571428573,-1.0693105032496226,57.64192139737991,4.594059366663744
2026-05-05,222.5,235.0,220.0,232.5,305701,237.25,15.625,-0.9551255050731907,53.19148936170213,-12.863420709560076
2026-05-06,225.5,234.0,220.0,220.0,256796,237.45,20.3125,-0.959283232505538,52.38095238095238,-14.297915242769651
2026-05-07,222.0,231.0,221.0,225.0,375455,237.15,14.84375,-1.0910519880380865,51.48936170212766,-29.48841260639903
2026-05-08,217.5,226.5,215.5,226.5,379289,233.9,7.8125,-1.3652054714618411,45.575221238938056,-64.15687972777094
2026-05-11,232.0,251.75999450683594,232.0,235.0,1232816,231.1,30.46875,-1.479780754497852,51.76470588235294,53.06448539823651
2026-05-12,222.0,238.0,220.5,238.0,520895,226.55,14.84375,-1.644500727286663,49.438202247191015,-29.910585182192264
2026-05-13,231.0,232.6179962158203,219.0,220.0,494522,225.65,28.90625,-1.6846776335924925,52.12765957446809,-31.006828956762856
2026-05-14,243.5,246.0,229.0,234.0,426119,226.95,45.90163934426229,-1.4414172982767919,47.47081712062257,47.22392818003483
2026-05-15,238.0,245.5,233.0,245.5,167233,228.3,36.885245901639344,-1.1177201059082469,41.12903225806452,36.484625168783744
2026-05-18,247.0,250.0,234.85400390625,244.0,791932,230.1,61.16504854368932,-0.6144381377654206,41.832669322709165,65.33874371687011
2026-05-19,231.0,253.3419952392578,231.0,250.0,577324,230.95,40.95978529144807,-0.27884901017323666,46.05263157894736,23.26843191423926
2026-05-20,234.0,236.5,225.0,236.5,476992,231.8,48.88748567043802,-0.01745984172834275,51.62790697674419,-26.41611386245739
2026-05-21,236.5,242.0,232.0,240.0,304554,233.25,55.49390265292964,0.22364561207722028,55.769230769230774,6.461619212297877
2026-05-22,243.5,248.0,236.0,237.0,499785,235.85,73.99187020390619,0.5505696583034763,56.8075117370892,47.18368366471656
2026-05-26,258.0,261.0,240.5,250.0,691759,238.45,93.4065934065934,1.1442294086760194,65.50218340611353,130.8615011120597
2026-05-27,267.5,275.5,249.5,264.0,759526,243.0,86.66666666666667,2.022912327078155,67.35537190082644,219.28129177097375
2026-05-28,265.0,278.5,255.5,278.5,383095,246.4,78.57142857142857,2.9896835685750167,67.91666666666666,208.3515137627995
2026-05-29,273.0,280.5,260.0,260.0,570807,249.35,87.8048780487805,4.081808352471983,72.46963562753037,195.6251285143807
2026-06-01,272.0,283.5,270.5,280.0,378595,252.75,82.17054263565892,5.169993639566504,68.18181818181819,176.59268715838655
2026-06-02,269.0,283.0,264.0,270.0,444519,254.95,77.51937984496124,6.139018546345555,72.81553398058253,133.5816954300226
2026-06-03,250.0,276.5,247.5,261.0,259725,256.85,42.73504273504273,6.665432180215164,58.4070796460177,60.03886391796762
2026-06-04,272.5,273.0,247.0,261.0,422146,260.7,81.19658119658119,7.230612661243033,61.78861788617886,77.25693068885212
2026-06-05,277.0,286.0,259.0,274.0,566740,264.75,85.24590163934427,7.8457785992364535,65.98360655737704,106.21021473867917
2026-06-08,286.0,290.0,268.0,276.0,695808,269.0,93.84615384615384,8.585734065417778,65.98360655737704,123.27953638125982
2026-06-09,282.5,294.0,281.5,281.5,395441,271.45,83.33333333333333,9.289706421545734,73.51598173515981,125.71473151755069
2026-06-10,279.0,291.5,273.5,281.5,604703,272.6,75.80645161290323,9.85720829134397,70.45454545454545,98.03039775712637
2026-06-11,285.0,291.0,262.5,262.5,290512,274.6,84.48275862068965,10.382683642538499,71.36563876651982,83.56083451841353
2026-06-12,283.5,293.0,281.0,290.0,269167,275.65,80.37383177570094,10.806675439690789,68.51851851851852,101.93360836802584
2026-06-15,283.0,293.0,278.0,292.0,319537,276.75,76.59574468085107,11.112225153342658,63.29787234042553,90.90449481649904
2026-06-16,277.0,288.5,273.0,287.0,292803,277.55,63.829787234042556,11.206466738151342,55.24861878453039,62.23802740248668
2026-06-17,274.5,287.0,274.0,280.0,491787,280.0,58.51063829787234,11.097896337499895,55.24861878453039,52.48026089941665
2026-06-18,276.5,277.5,270.0,273.0,303931,280.4,62.765957446808514,10.874513234571412,52.07100591715976,26.032823995472732
2026-06-19,274.0,279.5,272.9599914550781,278.0,288246,280.1,57.4468085106383,10.526206610290446,51.16279069767442,23.63293793680919
2026-06-22,274.0,280.0,270.0,280.0,291079,278.9,57.4468085106383,10.093867797693214,53.01204819277108,6.53414778568784
2026-06-23,270.0,277.5,264.5,272.0,547276,277.65,48.93617021276596,9.544699522087598,64.70588235294119,-47.58990585427158
2026-06-24,280.0,286.0,264.0,264.0,349955,277.75,60.0,9.088882969535053,56.75675675675676,14.537467230510686
2026-06-25,302.0,312.0,274.5,287.5,1036805,279.45,79.79797979797979,9.045753873572291,67.12328767123287,213.19345364207007
2026-06-26,291.0,308.5,289.0,295.0,332011,280.2,57.57575757575758,9.06743450044888,53.33333333333333,179.32206538688297
2026-06-29,288.5,299.5,288.5,296.5,185502,280.75,52.525252525252526,9.068047514475799,54.054054054054056,121.3545276591508
2026-06-30,288.0,297.0,287.0,290.0,252507,281.85,51.515151515151516,9.02677849916767,56.33802816901408,95.68523210738434
