date,title,url,domain,language,neg,neu,pos,compound,ticker
20230331T070000Z,"Crest Nicholson secures land for 400 new homes in Harlington , Bedfordshire",https://www.propertywire.com/news/crest-nicholson-secures-land-for-400-new-homes-in-harlington-bedfordshire/,propertywire.com,English,0.0,0.813,0.187,0.3182,CRST
20230330T181500Z,Developer appeals against refusal of 75 homes in Witney,https://www.witneygazette.co.uk/news/23424232.developer-appeals-refusal-75-homes-witney/,witneygazette.co.uk,English,0.0,1.0,0.0,0.0,CRST
20230330T104500Z,London open : Stocks edge up as attention shifts to US data,https://www.lse.co.uk/news/london-open-stocks-edge-up-as-attention-shifts-to-us-data-te9ywg43hg13r33.html,lse.co.uk,English,0.0,1.0,0.0,0.0,CRST
20230324T201500Z,London close : Renewed banking woes see stocks finish lower,https://www.lse.co.uk/news/london-close-renewed-banking-woes-see-stocks-finish-lower-4obo164t39hoo2g.html,lse.co.uk,English,0.421,0.579,0.0,-0.6249,CRST
20230322T021500Z,"Thursday preview : ECB , Credit Suisse , Philly Fed index in focus",https://www.sharecast.com/news/company-news-preview/thursday-preview-ecb-credit-suisse-philly-fed-index-in-focus--12682580.html,sharecast.com,English,0.0,0.776,0.224,0.3818,CRST
20230321T193000Z,Plan to fix building fire safety defects in Wales announced,https://www.bbc.co.uk/news/uk-wales-politics-64968810,bbc.co.uk,English,0.342,0.47,0.188,-0.3182,CRST
20230321T050000Z,"Centenary Quay , Southampton : Hunt for new shops and leisure providers",https://www.dailyecho.co.uk/news/23399394.centenary-quay-southampton-hunt-new-shops-leisure-providers/,dailyecho.co.uk,English,0.0,1.0,0.0,0.0,CRST
20230317T064500Z,Crest Nicholson Holdings plc ( LON : CRST ) CEO Compensation Is Looking A Bit Stretched At The Moment,https://news.yahoo.com/crest-nicholson-holdings-plcs-lon-052926845.html,news.yahoo.com,English,0.0,1.0,0.0,0.0,CRST
20230316T204500Z,Police report on Monroe County incidents – Times News Online,https://www.tnonline.com/20230316/police-report-on-monroe-county-incidents-2/,tnonline.com,English,0.0,1.0,0.0,0.0,CRST
20230316T200000Z,London close : Stocks rise as confidence returns to banking plays,https://www.lse.co.uk/news/london-close-stocks-rise-as-confidence-returns-to-banking-plays-iwc19uxcfhgt1oi.html,lse.co.uk,English,0.0,0.602,0.398,0.6486,CRST
20230316T154500Z,London midday : FTSE stays up after Credit Suisse bailout,https://www.lse.co.uk/news/london-midday-ftse-stays-up-after-credit-suisse-bailout-5b0h0z71m8xfm5s.html,lse.co.uk,English,0.127,0.636,0.236,0.296,CRST
20230316T140000Z,Much - needed £4m road improvements near new Nuneaton estate set for green light,https://www.coventrytelegraph.net/in-your-area/much-needed-4m-road-improvements-26484008,coventrytelegraph.net,English,0.0,0.839,0.161,0.3182,CRST
20230316T114500Z,London open : Stocks gain ; banks recover poise as Credit Suisse takes $54bn loan,https://www.lse.co.uk/news/london-open-stocks-gain-banks-recover-poise-as-credit-suisse-takes-54bn-loan-hmikbzkzelnjbr0.html,lse.co.uk,English,0.0,0.647,0.353,0.7184,CRST
20230315T123000Z,Gove threatens to put 11 developers who have not signed cladding contract  out of busines | News,https://www.bdonline.co.uk/news/gove-threatens-to-put-11-developers-who-have-not-signed-cladding-contract-out-of-business/5122250.article,bdonline.co.uk,English,0.148,0.852,0.0,-0.3818,CRST
20230314T184500Z,Gove threatens to put 11 housebuilders who have not signed building safety contract  out of business  ,https://www.building.co.uk/news/gove-threatens-to-put-11-housebuilders-who-have-not-signed-cladding-contract-out-of-business/5122227.article,building.co.uk,English,0.261,0.739,0.0,-0.6036,CRST
20230314T174500Z,Lendlease among 11 firms facing public work ban,https://www.constructionnews.co.uk/contractors/lendlease/lendlease-among-11-firms-facing-public-work-ban-14-03-2023/,constructionnews.co.uk,English,0.34,0.66,0.0,-0.5574,CRST
20230314T103000Z,Morgan Sindall signs cladding remediation deal with united kingdom government,https://www.marketscreener.com/quote/stock/VISTRY-GROUP-PLC-9590160/news/Morgan-Sindall-signs-cladding-remediation-deal-with-UK-government-43237436/,marketscreener.com,English,0.0,0.763,0.237,0.4215,CRST
20230314T023000Z,MARKET REPORT : Investors back safe haven assets amid SVB turmoil,https://www.dailymail.co.uk/money/markets/article-11854927/MARKET-REPORT-Investors-safe-haven-assets-amid-SVB-turmoil.html,dailymail.co.uk,English,0.177,0.496,0.326,0.2732,CRST
20230314T014500Z,UK major home builders sign cladding agreement to fix unsafe properties they constructed,https://www.dailymail.co.uk/news/article-11856469/UKs-major-home-builders-sign-cladding-agreement-fix-unsafe-properties-constructed.html,dailymail.co.uk,English,0.0,0.789,0.211,0.4939,CRST
20230314T004500Z,MARKET REPORT : Investors back safe haven assets amid SVB turmoil,https://www.thisismoney.co.uk/money/markets/article-11854927/MARKET-REPORT-Investors-safe-haven-assets-amid-SVB-turmoil.html,thisismoney.co.uk,English,0.177,0.496,0.326,0.2732,CRST
20230313T211500Z,Residents caught up in cladding crisis endure years of misery,https://www.itv.com/news/2023-03-13/residents-caught-up-in-cladding-crisis-endure-years-of-misery,itv.com,English,0.494,0.506,0.0,-0.8316,CRST
20230313T194500Z,"FTSE 100 closes below 7 , 600 level as SVB collapse permeates European markets",https://www.proactiveinvestors.co.uk/companies/news/1008763/ftse-100-closes-below-7-600-level-as-svb-collapse-permeates-european-markets-1008763.html,proactiveinvestors.co.uk,English,0.225,0.775,0.0,-0.4939,CRST
20230313T193000Z,"UPDATE : Barratt , Gleeson , Taylor Wimpey , Berkeley sign united kingdom housing deal",https://www.lse.co.uk/news/update-barratt-gleeson-taylor-wimpey-berkeley-sign-uk-housing-deal-m9pfnn5w13twqwu.html,lse.co.uk,English,0.0,0.781,0.219,0.4215,CRST
20230313T190000Z,Volume housebuilders sign building safety contract,https://www.building.co.uk/news/volume-housebuilders-sign-building-safety-contract/5122188.article,building.co.uk,English,0.0,0.641,0.359,0.4215,CRST
20230311T094500Z,Maidenhead magistrate court set to be demolished,https://www.sloughobserver.co.uk/news/23377776.maidenhead-magistrates-court-set-demolished/,sloughobserver.co.uk,English,0.0,1.0,0.0,0.0,CRST
20230310T144500Z,Investegate |Crest Nicholson Hdgs Announcements | Crest Nicholson Hdgs : Director / PDMR Shareholding,https://www.investegate.co.uk/crest-nicholson-hdgs--crst-/rns/director-pdmr-shareholding/202303101404286280S/,investegate.co.uk,English,0.0,1.0,0.0,0.0,CRST
20230309T204500Z,Harbourside ranked 8th coolest place to live in the united kingdom ,https://www.bristol247.com/news-and-features/news/harbourside-ranked-8th-coolest-place-live-uk/,bristol247.com,English,0.0,0.781,0.219,0.4215,CRST
20230309T160000Z,  Help to Buy has been a disaster for the property market  ,https://www.telegraph.co.uk/property/buy/help-buy-has-disaster-property-market/,telegraph.co.uk,English,0.277,0.541,0.182,-0.34,CRST
20230308T161500Z,"UK housebuilders have 30 % upside if conditions ease , says Jefferies",https://www.proactiveinvestors.co.uk/companies/news/1008437/uk-housebuilders-have-30-upside-if-conditions-ease-says-jefferies-1008437.html,proactiveinvestors.co.uk,English,0.0,0.783,0.217,0.3612,CRST
20230308T101500Z,LONDON BROKER RATINGS : Jefferies cuts John Wood to  hold  from  buy  ,https://www.lse.co.uk/news/london-broker-ratings-jefferies-cuts-john-wood-to-hold-from-buy-le6owd46pa65v9b.html,lse.co.uk,English,0.18,0.82,0.0,-0.296,CRST
20230308T084500Z,"Despite gloomy news from housebuilders , this column faith in three of them is undimmed",https://www.telegraph.co.uk/investing/shares/despite-gloomy-news-housebuilders-columns-faith-three-undimmed/,telegraph.co.uk,English,0.0,0.739,0.261,0.5013,CRST
20230306T124500Z,London open : Stocks little changed ; miners under the cosh,https://www.lse.co.uk/news/london-open-stocks-little-changed-miners-under-the-cosh-coytck5b9lp03s1.html,lse.co.uk,English,0.0,1.0,0.0,0.0,CRST
20230304T101500Z,"A number of insiders bought Crest Nicholson Holdings plc ( LON : CRST ) stock last year , which is great news for shareholders",https://news.yahoo.com/number-insiders-bought-crest-nicholson-085817426.html,news.yahoo.com,English,0.0,0.759,0.241,0.6597,CRST
20230302T184500Z,Deposit Unlock scheme signs up 50 housebuilders – Mortgage Strategy,https://www.mortgagestrategy.co.uk/news/deposit-unlock-scheme-signs-up-50-housebuilders/,mortgagestrategy.co.uk,English,0.0,1.0,0.0,0.0,CRST
20230301T144500Z,London midday : FTSE extends gains as miners rally ; housebuilders slump,https://www.lse.co.uk/news/london-midday-ftse-extends-gains-as-miners-rally-housebuilders-slump-v598q8bca05k2s1.html,lse.co.uk,English,0.0,0.672,0.328,0.4404,CRST
20230301T110000Z,Persimmon slumps on grim 2023 outlook as U . K . house prices crumble By Investing . com,https://www.investing.com/news/stock-market-news/persimmon-slumps-on-grim-2023-outlook-as-uk-house-prices-crumble-3018138,investing.com,English,0.236,0.764,0.0,-0.5719,CRST
20230429T071500Z,500 homes at campus near Oxford  immense danger  fears,https://www.oxfordmail.co.uk/news/23487811.500-homes-campus-near-oxford-immense-danger-fears/,oxfordmail.co.uk,English,0.47,0.53,0.0,-0.7351,CRST
20230427T020000Z,MARKET REPORT : Green shoots of recovery boost Persimmon shares,https://www.thisismoney.co.uk/money/markets/article-12017113/MARKET-REPORT-Green-shoots-recovery-boost-Persimmon-shares.html,thisismoney.co.uk,English,0.0,0.588,0.412,0.5994,CRST
20230427T000000Z,MARKET REPORT : Green shoots of recovery boost Persimmon shares,https://www.dailymail.co.uk/money/markets/article-12017113/MARKET-REPORT-Green-shoots-recovery-boost-Persimmon-shares.html,dailymail.co.uk,English,0.0,0.588,0.412,0.5994,CRST
20230426T123000Z,Plans approved for 425 - homes near Kenilworth despite scathing criticism,https://www.warwickshireworld.com/news/people/plans-approved-for-425-homes-near-kenilworth-despite-scathing-criticism-4119892,warwickshireworld.com,English,0.0,0.606,0.394,0.6377,CRST
20230424T110000Z,Tiptree Nine Acres development complaints from residents | Maldon and Burnham Standard,https://www.maldonandburnhamstandard.co.uk/news/23470139.tiptree-nine-acres-development-complaints-residents/,maldonandburnhamstandard.co.uk,English,0.213,0.787,0.0,-0.4019,CRST
20230421T054500Z,Crest Nicholson ( LON : CRST ) PT Lowered to GBX 180 at JPMorgan Chase & Co . ,https://www.themarketsdaily.com/2023/04/21/crest-nicholson-loncrst-pt-lowered-to-gbx-180-at-jpmorgan-chase-co.html,themarketsdaily.com,English,0.111,0.889,0.0,-0.128,CRST
20230419T014500Z,MARKET REPORT : Mitie soars as it launches £50m share buyback plan,https://www.dailymail.co.uk/money/markets/article-11987123/MARKET-REPORT-Mitie-soars-launches-50m-share-buyback-plan.html,dailymail.co.uk,English,0.0,0.82,0.18,0.296,CRST
20230418T203000Z,"Broker tips : Property Franchise Group , BT , united kingdom housebuilders",https://www.sharecast.com/news/broker-recommendations-/broker-tips-property-franchise-group-bt-uk-housebuilders--13046916.html,sharecast.com,English,0.0,0.741,0.259,0.4215,CRST
20230418T203000Z,London close : Stocks rise after strong Chinese GDP data,https://www.lse.co.uk/news/london-close-stocks-rise-after-strong-chinese-gdp-data-t4sf02o08bonv7r.html,lse.co.uk,English,0.0,0.708,0.292,0.5106,CRST
20230418T203000Z,London close : Stocks rise after strong Chinese GDP data,https://www.sharecast.com/news/market-report-close/london-close-stocks-rise-after-strong-chinese-gdp-data--13049090.html,sharecast.com,English,0.0,0.708,0.292,0.5106,CRST
20230418T203000Z,FTSE 250 movers : Mitie and Crest Nicholson swim against the tide,https://www.sharecast.com/news/risers-and-fallers/ftse-250-movers-mitie-and-crest-nicholson-swim-against-the-tide--13048108.html,sharecast.com,English,0.0,1.0,0.0,0.0,CRST
20230416T083000Z,Date set for £4m road improvements near new Nuneaton estate,https://www.coventrytelegraph.net/news/local-news/date-set-4m-road-improvements-26682102,coventrytelegraph.net,English,0.0,0.796,0.204,0.3182,CRST
20230413T173000Z,Investegate |Crest Nicholson Hdgs Announcements | Crest Nicholson Hdgs : Holding ( s ) in Company,https://www.investegate.co.uk/crest-nicholson-hdgs--crst-/rns/holding-s--in-company---replacement/202304131804371849W/,investegate.co.uk,English,0.0,1.0,0.0,0.0,CRST
20230413T113000Z,US recession fear keeps lid on FTSE 100,https://www.marketscreener.com/quote/stock/TESCO-PLC-4000540/news/US-recession-fear-keeps-lid-on-FTSE-100-43485095/,marketscreener.com,English,0.5,0.5,0.0,-0.7184,CRST
20230413T113000Z,"Crest Nicholson : launches family homes at Centenary Quay , Woolston",https://www.marketscreener.com/quote/stock/CREST-NICHOLSON-HOLDINGS-12583133/news/Crest-Nicholson-launches-family-homes-at-Centenary-Quay-Woolston-43485057/,marketscreener.com,English,0.0,1.0,0.0,0.0,CRST
20230413T113000Z,Crest Nicholson : Last remaining homes at Godalming development with 75 % sold,https://www.marketscreener.com/quote/stock/CREST-NICHOLSON-HOLDINGS-12583133/news/Crest-Nicholson-Last-remaining-homes-at-Godalming-development-with-75-sold-43485058/,marketscreener.com,English,0.0,1.0,0.0,0.0,CRST
20230413T080000Z,London open : Stocks flat after united kingdom GDP,https://www.sharecast.com/news/market-report-opening/london-open-stocks-flat-after-uk-gdp--12993852.html,sharecast.com,English,0.0,0.714,0.286,0.4215,CRST
20230411T081500Z,Crest Nicholson Holdings plc ( LON : CRST ) Given Average Rating of  Hold  by Brokerages,https://www.modernreaders.com/news/2023/04/11/crest-nicholson-holdings-plc-loncrst-given-average-rating-of-hold-by-brokerages.html,modernreaders.com,English,0.0,1.0,0.0,0.0,CRST
20230404T191500Z,"Show home at Grange Meadows , Cannington , opens over Easter",https://www.bridgwatermercury.co.uk/news/23434965.show-home-grange-meadows-cannington-opens-easter/,bridgwatermercury.co.uk,English,0.0,1.0,0.0,0.0,CRST
20230404T121500Z,"Crest Nicholson responds to concerns about roads , pavements , drains and the bus gate system at Bolnore Village in Haywards Heath",https://www.sussexexpress.co.uk/news/politics/crest-nicholson-responds-to-concerns-about-roads-pavements-drains-and-the-bus-gate-system-at-bolnore-village-in-haywards-heath-4091814,sussexexpress.co.uk,English,0.0,1.0,0.0,0.0,CRST
20230601T160000Z,"Crest Nicholson firm responsible for manager allegedly raping employee , court finds",https://www.telegraph.co.uk/news/2023/06/01/crest-nicholson-manager-alleged-rape-employee-court/,telegraph.co.uk,English,0.298,0.559,0.143,-0.5423,CRST
20230601T130000Z,Woman who claimed she was raped by her manager after Christmas work party wins sex harassment case,https://www.dailymail.co.uk/news/article-12148285/Woman-claimed-raped-manager-Christmas-work-party-wins-sex-harassment-case.html,dailymail.co.uk,English,0.295,0.473,0.233,-0.4019,CRST
20230528T103000Z,Slough manor and garden centre changes in plans submitted,https://www.sloughobserver.co.uk/news/23547325.slough-manor-garden-centre-changes-plans-submitted/,sloughobserver.co.uk,English,0.0,1.0,0.0,0.0,CRST
20230525T033000Z,Housebuilders slide as sticky inflation sparks fears of higher rates,https://www.proactiveinvestors.co.uk/companies/news/1015913/housebuilders-slide-as-sticky-inflation-sparks-fears-of-higher-rates-1015913.html,proactiveinvestors.co.uk,English,0.237,0.763,0.0,-0.4215,CRST
20230524T201500Z,"London close : Stocks fall on inflation data , debt ceiling standstill",https://www.sharecast.com/news/market-report-close/london-close-stocks-fall-on-inflation-data-debt-ceiling-standstill--13507298.html,sharecast.com,English,0.217,0.783,0.0,-0.3612,CRST
20230524T153000Z,London midday : FTSE extends losses after united kingdom inflation print,https://www.sharecast.com/news/market-report-midday/london-midday-ftse-extends-losses-after-uk-inflation-print--13501074.html,sharecast.com,English,0.193,0.5,0.307,0.1531,CRST
20230524T021500Z,Village near Taunton could soon get more than 300 new homes,https://www.somersetlive.co.uk/news/somerset-news/village-near-taunton-could-soon-8463962,somersetlive.co.uk,English,0.0,1.0,0.0,0.0,CRST
20230523T171500Z,What next for housebuilding shares as big names reveal updates ? ,https://www.thisismoney.co.uk/money/markets/article-12115357/What-housebuilding-shares-big-names-reveal-updates.html,thisismoney.co.uk,English,0.0,0.804,0.196,0.296,CRST
20230518T221500Z,Critical Contrast : Seagen ( NASDAQ : SGEN ) & Autolus Therapeutics ( NASDAQ : AUTL ) ,https://www.dailypolitical.com/2023/05/18/crest-nicholson-loncrst-shares-pass-above-200-day-moving-average-of-235-50.html,dailypolitical.com,English,0.223,0.777,0.0,-0.3182,CRST
20230516T124500Z,Crest Nicholson plans for 300 homes at Norton Rise | Somerset County Gazette,https://www.somersetcountygazette.co.uk/news/23525101.crest-nicholsons-plans-300-homes-norton-rise/,somersetcountygazette.co.uk,English,0.0,1.0,0.0,0.0,CRST
20230515T130000Z,Essex Police Special Constables have busy Saturday night in Southend,https://www.echo-news.co.uk/news/23522381.essex-police-special-constables-busy-saturday-night-southend/,echo-news.co.uk,English,0.0,0.769,0.231,0.4019,CRST
20230514T133000Z,Bracknell stories you may have missed last week,https://www.bracknellnews.co.uk/news/23520923.bracknell-stories-may-missed-last-week/,bracknellnews.co.uk,English,0.239,0.761,0.0,-0.296,CRST
20230513T130000Z,FTSE 250 movers : Homebuilders pace gains,https://www.sharecast.com/news/risers-and-fallers/ftse-250-movers-homebuilders-pace-gains--13378342.html,sharecast.com,English,0.0,0.676,0.324,0.34,CRST
20230512T201500Z,"London close : Stocks mixed on data , US debt ceiling worries",https://www.lse.co.uk/news/london-close-stocks-mixed-on-data-us-debt-ceiling-worries-2m55x6v364wt560.html,lse.co.uk,English,0.398,0.602,0.0,-0.6486,CRST
20230512T133000Z,London midday : Stocks trade mixed as investors eye US debt ceiling talks,https://www.sharecast.com/news/market-report-midday/london-midday-stocks-trade-mixed-as-investors-eye-us-debt-ceiling-talks--13375418.html,sharecast.com,English,0.185,0.815,0.0,-0.3612,CRST
20230512T110000Z,"London open : Stocks up on hopes for debt ceiling , US - China talks",https://www.lse.co.uk/news/london-open-stocks-up-on-hopes-for-debt-ceiling-us-china-talks-visehdql6tjr0l3.html,lse.co.uk,English,0.163,0.654,0.183,0.0772,CRST
20230511T200000Z,Crest Nicholson Nine Acres Tiptree enforcement notice | Maldon and Burnham Standard,https://www.maldonandburnhamstandard.co.uk/news/23514344.crest-nicholson-nine-acres-tiptree-enforcement-notice/,maldonandburnhamstandard.co.uk,English,0.0,1.0,0.0,0.0,CRST
20230506T091500Z,Crest Nicholson Holdings plc ( LON : CRST ) Given Consensus Recommendation of  Hold  by Brokerages,https://www.themarketsdaily.com/2023/05/06/crest-nicholson-holdings-plc-loncrst-given-consensus-recommendation-of-hold-by-brokerages.html,themarketsdaily.com,English,0.0,1.0,0.0,0.0,CRST
20230503T174500Z,FTSE 250 movers : TI Fluid pushes on ; Aston Martin in reverse,https://www.sharecast.com/news/risers-and-fallers/ftse-250-movers-ti-fluid-pushes-on-aston-martin-in-reverse--13245782.html,sharecast.com,English,0.0,1.0,0.0,0.0,CRST
20230502T094500Z,Crest Nicholson Tiptree nine acres development complaints | Maldon and Burnham Standard,https://www.maldonandburnhamstandard.co.uk/news/23482464.crest-nicholson-tiptree-nine-acres-development-complaints/,maldonandburnhamstandard.co.uk,English,0.213,0.787,0.0,-0.4019,CRST
20230629T153000Z,Chelverton united kingdom Dividend Trust plc : ACS - Annual - 7 - ,https://www.finanznachrichten.de/nachrichten-2023-06/59461020-chelverton-uk-dividend-trust-plc-acs-annual-7-015.htm,finanznachrichten.de,English,0.0,0.496,0.504,0.7269,CRST
20230629T153000Z,Chelverton united kingdom Dividend Trust plc : ACS - Annual - 3 - ,https://www.finanznachrichten.de/nachrichten-2023-06/59461015-chelverton-uk-dividend-trust-plc-acs-annual-3-015.htm,finanznachrichten.de,English,0.0,0.496,0.504,0.7269,CRST
20230628T180000Z,Selections From the 2023 Audubon Photography Awards Top 100,https://www.theatlantic.com/photo/2023/06/2023-audubon-photography-awards-top-100/674554/,theatlantic.com,English,0.0,0.593,0.407,0.5859,CRST
20230626T060000Z,Jefferies Financial Group Increases Crest Nicholson ( LON : CRST ) Price Target to GBX 346,https://www.modernreaders.com/news/2023/06/26/jefferies-financial-group-increases-crest-nicholson-loncrst-price-target-to-gbx-346.html,modernreaders.com,English,0.0,1.0,0.0,0.0,CRST
20230624T140000Z,A2070 Bad Munstereifel Road in Ashford to close for second weekend in a row,https://www.kentonline.co.uk/ashford/news/more-traffic-hell-as-dual-carriageway-to-shut-all-weekend-288916/,kentonline.co.uk,English,0.226,0.774,0.0,-0.5423,CRST
20230624T064500Z,Crest Nicholson ( LON : CRST ) PT Raised to GBX 346,https://www.themarketsdaily.com/2023/06/24/crest-nicholson-loncrst-pt-raised-to-gbx-346.html,themarketsdaily.com,English,0.0,1.0,0.0,0.0,CRST
20230623T133000Z,London midday : Stocks stay down as housebuilders slump,https://www.lse.co.uk/news/london-midday-stocks-stay-down-as-housebuilders-slump-ewd9yffq51hcmnq.html,lse.co.uk,English,0.0,1.0,0.0,0.0,CRST
20230623T084500Z,"London open : Stocks fall as investors mull retail sales , consumer confidence data",https://www.lse.co.uk/news/london-open-stocks-fall-as-investors-mull-retail-sales-consumer-confidence-data-jg94svw86wwc7fk.html,lse.co.uk,English,0.0,0.769,0.231,0.5106,CRST
20230623T081500Z,"FTSE 100 Live 23 June : united kingdom consumer confidence improves , retail sales up 0 . 3 % ",https://www.standard.co.uk/business/ftse-100-live-23-june-uk-consumer-confidence-improves-retail-sales-bank-of-england-inflation-stocks-shares-interest-rate-pound-b1089690.html,standard.co.uk,English,0.0,0.529,0.471,0.836,CRST
20230620T154500Z,AHMM creates new housing plans for London Chest Hospital,https://www.bdonline.co.uk/news/ahmm-creates-new-housing-plans-for-london-chest-hospital/5123720.article,bdonline.co.uk,English,0.0,0.792,0.208,0.2732,CRST
20230616T103000Z,London open : Stocks rise after strong US session,https://www.lse.co.uk/news/london-open-stocks-rise-after-strong-us-session-yotyvdjnbduo5vd.html,lse.co.uk,English,0.0,0.68,0.32,0.5106,CRST
20230616T074500Z,London open : Stocks rise after strong US session,https://www.sharecast.com/news/market-report-opening/london-open-stocks-rise-after-strong-us-session--13748284.html,sharecast.com,English,0.0,0.68,0.32,0.5106,CRST
20230614T064500Z,7 . 5 % dividend yield ! Is this FTSE 250 share a brilliant bargain ? ,https://www.fool.co.uk/2023/06/14/7-5-dividend-yield-is-this-ftse-250-share-a-brilliant-bargain/,fool.co.uk,English,0.0,0.426,0.574,0.7959,CRST
20230613T213000Z,London close : Stocks muted as US inflation comes in cooler,https://www.sharecast.com/news/market-report-close/london-close-stocks-muted-as-us-inflation-comes-in-cooler--13713142.html,sharecast.com,English,0.0,1.0,0.0,0.0,CRST
20230613T210000Z,London close : Stocks muted as US inflation comes in cooler,https://www.lse.co.uk/news/london-close-stocks-muted-as-us-inflation-comes-in-cooler-ki4goku11zuyq4k.html,lse.co.uk,English,0.0,1.0,0.0,0.0,CRST
20230613T140000Z,FTSE 100 Live : Stocks hold firm awaiting US open after easing CPI data,https://www.proactiveinvestors.co.uk/companies/news/1017660/ftse-100-live-stocks-hold-firm-awaiting-us-open-after-easing-cpi-data-1017660.html,proactiveinvestors.co.uk,English,0.0,0.857,0.143,0.25,CRST
20230613T121500Z,London midday : Stocks flat ahead of US inflation ; gilt yields spike,https://www.sharecast.com/news/market-report-midday/london-midday-stocks-flat-ahead-of-us-inflation-gilt-yields-spike--13709664.html,sharecast.com,English,0.0,1.0,0.0,0.0,CRST
20230613T010000Z,MARKET REPORT : Ocado shares surge as investors bet on rebound,https://www.thisismoney.co.uk/money/markets/article-12186651/MARKET-REPORT-Ocado-shares-surge-investors-bet-rebound.html,thisismoney.co.uk,English,0.0,0.804,0.196,0.296,CRST
20230612T133000Z,"UBS ups ratings on Crest Nicholson , Persimmon and Vistry",https://www.sharecast.com/news/broker-recommendations/ubs-ups-ratings-on-crest-nicholson-persimmon-and-vistry--13696870.html,sharecast.com,English,0.0,1.0,0.0,0.0,CRST
20230612T063000Z,Jefferies Financial Group Reiterates  Buy  Rating for Crest Nicholson ( LON : CRST ) ,https://www.modernreaders.com/news/2023/06/12/jefferies-financial-group-reiterates-buy-rating-for-crest-nicholson-loncrst.html,modernreaders.com,English,0.0,1.0,0.0,0.0,CRST
20230609T193000Z,Crest Nicholson warns over rising borrowing costs as profit shrinks,https://www.yorkshirepost.co.uk/node/4173936,yorkshirepost.co.uk,English,0.114,0.65,0.236,0.3612,CRST
20230609T003000Z,"Mortgage rate fears have hit demand for new homes , warns Crest",https://www.thetimes.co.uk/article/mortgage-rate-fears-have-hit-demand-for-new-homes-warns-crest-q2w3tpm7q,thetimes.co.uk,English,0.416,0.584,0.0,-0.5719,CRST
20230609T001500Z,MAGGIE PAGANO : Two IPOs in two days gives the City a much needed boost,https://www.thisismoney.co.uk/money/comment/article-12174971/MAGGIE-PAGANO-Two-IPOs-two-days-gives-City-needed-boost.html,thisismoney.co.uk,English,0.0,0.816,0.184,0.4019,CRST
20230609T001500Z,MARKET REPORT : Housebuilder Crest Nicholson rocked as it warns of slowdown,https://www.thisismoney.co.uk/money/markets/article-12174903/MARKET-REPORT-Housebuilder-Crest-Nicholson-rocked-warns-slowdown.html,thisismoney.co.uk,English,0.123,0.877,0.0,-0.1027,CRST
20230608T214500Z,Mixed economic signals leave share values treading water,https://www.irishtimes.com/business/2023/06/08/shares-tread-water-on-mixed-signals/,irishtimes.com,English,0.108,0.45,0.441,0.5719,CRST
20230608T200000Z,"London close : Ex - dividends , interest rate concerns drag on stocks",https://www.sharecast.com/news/market-report-close/london-close-ex-dividends-interest-rate-concerns-drag-on-stocks--13673142.html,sharecast.com,English,0.147,0.62,0.233,0.2732,CRST
20230608T191500Z,Jefferies Financial Group Reiterates Buy Rating for Crest Nicholson ( LON : CRST ) ,https://theenterpriseleader.com/2023/06/08/jefferies-financial-group-reiterates-buy-rating-for-crest-nicholson-loncrst.html,theenterpriseleader.com,English,0.0,1.0,0.0,0.0,CRST
20230608T164500Z,U . S . Stocks May Show A Lack Of Direction In Early Trading,https://www.rttnews.com/3369069/u-s-stocks-may-show-a-lack-of-direction-in-early-trading.aspx,rttnews.com,English,0.223,0.777,0.0,-0.3182,CRST
20230608T154500Z,"UK FTSE 100 slips on Vodafone drag , interest rate angst",https://www.kitco.com/news/2023-06-08/UK-s-FTSE-100-slips-on-Vodafone-drag-interest-rate-angst.html,kitco.com,English,0.147,0.62,0.233,0.2732,CRST
20230608T140000Z,"Europe Movers : Crest Nicholson , FirstGroup , Mitie Group , RWS Holdings , Saint Gobain , Wizz Air","https://123jump.com/Stock-Movers-Today/Europe-Movers:-Crest-Nicholson,-FirstGroup,-Mitie-Group,-RWS-Holdings,-Saint-Gobain,-Wizz-Air/Jun%208-2023/T-24480",123jump.com,English,0.0,1.0,0.0,0.0,CRST
20230608T140000Z,"European Markets Turn Cautious , Technical Recession In Eurozone","https://123jump.com/Stock-Market-News-Today/European-Markets-Turn-Cautious,-Technical-Recession-In-Eurozone/Jun%208-2023/T-24478",123jump.com,English,0.412,0.588,0.0,-0.4939,CRST
20230608T134500Z,"European Markets Turn Cautious , Technical Recession In Eurozone","https://ticker.com/Stock-Market-News-Today/European-Markets-Turn-Cautious,-Technical-Recession-In-Eurozone/Jun%208-2023/T-24478",ticker.com,English,0.412,0.588,0.0,-0.4939,CRST
20230608T134500Z,"Europe Movers : Crest Nicholson , FirstGroup , Mitie Group , RWS Holdings , Saint Gobain , Wizz Air","https://ticker.com/Stock-Movers-Today/Europe-Movers:-Crest-Nicholson,-FirstGroup,-Mitie-Group,-RWS-Holdings,-Saint-Gobain,-Wizz-Air/Jun%208-2023/T-24480",ticker.com,English,0.0,1.0,0.0,0.0,CRST
20230608T124500Z,Morning note : economia e finanza dai giornali esteri,https://www.borsaitaliana.it/borsa/notizie/radiocor/finanza/dettaglio/morning-note-economia-e-finanza-dai-giornali-esteri-nRC_08062023_1007_207238293.html,borsaitaliana.it,English,0.0,1.0,0.0,0.0,CRST
20230608T123000Z,"Rising rates to hit housing demand , builder says",https://news.yahoo.com/rising-rates-hit-housing-demand-115841585.html,news.yahoo.com,English,0.176,0.824,0.0,-0.128,CRST
20230608T120000Z,Higher expenses crimp Crest Nicholson profits recovery in 2023 - London Business News,https://londonlovesbusiness.com/higher-expenses-crimp-crest-nicholson-profits-recovery-in-2023/,londonlovesbusiness.com,English,0.0,0.791,0.209,0.4404,CRST
20230608T120000Z,LONDON MARKET MIDDAY : Stocks stagnant ; eurozone slips into recession,https://www.lse.co.uk/news/london-market-midday-stocks-stagnant-eurozone-slips-into-recession-rrsvfflu6tomclf.html,lse.co.uk,English,0.259,0.741,0.0,-0.4215,CRST
20230608T120000Z,FTSE 100 flat as Canada follows Australia in raising rates - London Business News,https://londonlovesbusiness.com/ftse-100-flat-as-canada-follows-australia-in-raising-rates/,londonlovesbusiness.com,English,0.0,1.0,0.0,0.0,CRST
20230608T120000Z,European Shares Mixed Amid Rate - hike Concerns,https://www.rttnews.com/3368982/european-shares-mixed-amid-rate-hike-concerns.aspx,rttnews.com,English,0.0,0.732,0.268,0.296,CRST
20230608T114500Z,Stocks stagnant ; eurozone slips into recession,https://www.marketscreener.com/quote/currency/CANADIAN-DOLLAR-US-DOLL-2373592/news/Stocks-stagnant-eurozone-slips-into-recession-44071466/,marketscreener.com,English,0.359,0.641,0.0,-0.4215,CRST
20230608T104500Z,European Shares Mixed Amid Rate - hike Concerns,https://markets.businessinsider.com/news/stocks/european-shares-mixed-amid-rate-hike-concerns-1032377929,markets.businessinsider.com,English,0.0,0.732,0.268,0.296,CRST
20230608T101500Z,Crest Nicholson interim results - reactionfrom property experts,https://ifamagazine.com/article/crest-nicholson-interim-results-reaction%EE%A5%8Bfrom-property-experts/,ifamagazine.com,English,0.0,1.0,0.0,0.0,CRST
20230608T101500Z,BUSINESS LIVE : Fresh crypto crackdown ; Crest Nicholson issues warning,https://www.thisismoney.co.uk/money/markets/article-12172683/BUSINESS-LIVE-Fresh-crypto-crackdown-Crest-Nicholson-issues-warning.html,thisismoney.co.uk,English,0.205,0.598,0.197,-0.0258,CRST
20230608T100000Z,Crest Nicholson warns on impact of higher rates as profits slump 60 % ,https://www.sharecast.com/news/news-and-announcements/crest-nicholson-warns-on-impact-of-higher-rates-as-profits-slump-60--13665326.html,sharecast.com,English,0.098,0.699,0.203,0.3612,CRST
20230608T094500Z,Eurozone sinks into recession - latest updates,https://www.msn.com/en-us/money/markets/eurozone-sinks-into-recession-latest-updates/ar-AA1cgEV6,msn.com,English,0.359,0.641,0.0,-0.4215,CRST
20230608T090000Z,BUSINESS LIVE : Fresh crypto crackdown ; Crest Nicholson issues warning,https://www.dailymail.co.uk/money/markets/article-12172683/BUSINESS-LIVE-Fresh-crypto-crackdown-Crest-Nicholson-issues-warning.html,dailymail.co.uk,English,0.205,0.598,0.197,-0.0258,CRST
20230608T090000Z,Crest Nicholson profit and revenue down in  difficult  first - half,https://www.marketscreener.com/quote/stock/CREST-NICHOLSON-HOLDINGS-12583133/news/Crest-Nicholson-profit-and-revenue-down-in-difficult-first-half-44068545/,marketscreener.com,English,0.187,0.597,0.216,0.1027,CRST
20230608T083000Z,Crest Nicholson warns over rising borrowing costs as profit shrinks,https://www.lbc.co.uk/business/8a1326eef8c2484b91452a7024318d2e/,lbc.co.uk,English,0.114,0.65,0.236,0.3612,CRST
20230608T074500Z,Crest Nicholson : HALF YEAR RESULTS 2023 PRESENTATION,https://www.marketscreener.com/quote/stock/CREST-NICHOLSON-HOLDINGS-12583133/news/Crest-Nicholson-HALF-YEAR-RESULTS-2023-PRESENTATION-44068172/,marketscreener.com,English,0.0,1.0,0.0,0.0,CRST
20230608T071500Z,CRST Stock Price | Crest Nicholson Holdings PLC Stock Quote ( U . K .: London ) ,https://www.marketwatch.com/investing/stock/crst,marketwatch.com,English,0.0,1.0,0.0,0.0,CRST
20230608T071500Z,Crest Nicholson Swung to 1H Pretax Profit Despite Revenue Slip,https://www.marketwatch.com/story/crest-nicholson-swung-to-1h-pretax-profit-despite-revenue-slip-cbf8dfa1,marketwatch.com,English,0.0,0.756,0.244,0.4404,CRST
20230608T071500Z,"FTSE News : Homebuilders positive signs , Crest Nicholson update , Sunak in the US",https://www.bloomberg.com/news/articles/2023-06-08/ftse-news-homebuilders-positive-signs-crest-nicholson-update-sunak-in-the-us,bloomberg.com,English,0.0,0.753,0.247,0.5574,CRST
20230608T070000Z,FTSE 100 called slightly lower after surprise rate rise in Canada,https://www.proactiveinvestors.co.uk/companies/news/1017312/ftse-100-called-slightly-lower-after-surprise-rate-rise-in-canada-1017312.html,proactiveinvestors.co.uk,English,0.15,0.706,0.144,-0.0183,CRST
20230608T070000Z,Global bond markets slump as inflation worries deepen,https://finance.yahoo.com/news/global-bond-markets-slump-inflation-061849876.html,finance.yahoo.com,English,0.286,0.714,0.0,-0.4215,CRST
20230607T140000Z,New MD for Keepmoat East Midlands | TheBusinessDesk . com,https://www.thebusinessdesk.com/eastmidlands/news/2072331-new-md-for-keepmoat-east-midlands/,thebusinessdesk.com,English,0.0,1.0,0.0,0.0,CRST
20230606T133000Z,House building falling at steepest rate since May 2020 – Mortgage Strategy,https://www.mortgagestrategy.co.uk/news/house-building-falling-at-steepest-rate-since-may-2020/,mortgagestrategy.co.uk,English,0.138,0.862,0.0,-0.1531,CRST
20230601T160000Z,"Crest Nicholson firm responsible for manager allegedly raping employee , court finds",https://www.telegraph.co.uk/news/2023/06/01/crest-nicholson-manager-alleged-rape-employee-court/,telegraph.co.uk,English,0.298,0.559,0.143,-0.5423,CRST
20230601T130000Z,Woman who claimed she was raped by her manager after Christmas work party wins sex harassment case,https://www.dailymail.co.uk/news/article-12148285/Woman-claimed-raped-manager-Christmas-work-party-wins-sex-harassment-case.html,dailymail.co.uk,English,0.295,0.473,0.233,-0.4019,CRST
20230801T093000Z,Hunts Grove Gloucester : Calls to drop  failed  open spaces scheme,https://www.stroudnewsandjournal.co.uk/news/23686052.hunts-grove-gloucester-calls-drop-failed-open-spaces-scheme/,stroudnewsandjournal.co.uk,English,0.403,0.597,0.0,-0.6597,CRST
20230801T074500Z,Hunts Grove Gloucester : Calls to drop  failed  open spaces scheme,https://www.gazetteseries.co.uk/news/23686052.hunts-grove-gloucester-calls-drop-failed-open-spaces-scheme/,gazetteseries.co.uk,English,0.403,0.597,0.0,-0.6597,CRST
20230729T120000Z,Housebuilder says 70 % of homes now sold on Alrewas development,https://lichfieldlive.co.uk/2023/07/29/housebuilder-says-70-of-homes-now-sold-on-alrewas-development/,lichfieldlive.co.uk,English,0.0,1.0,0.0,0.0,CRST
20230729T081500Z,Concerns over parking at latest phase of Wycke Hill development | Maldon and Burnham Standard,https://www.maldonandburnhamstandard.co.uk/news/23598386.concerns-parking-latest-phase-wycke-hill-development/,maldonandburnhamstandard.co.uk,English,0.0,1.0,0.0,0.0,CRST
20230725T201500Z,News Analysis : Is a property crash unthinkable ? – Mortgage Strategy,https://www.mortgagestrategy.co.uk/news/news-analysis-is-a-property-crash-unthinkable/,mortgagestrategy.co.uk,English,0.278,0.722,0.0,-0.4019,CRST
20230724T164500Z,UK homebuilders under pressure as lofty mortgages deter first - time buyers,https://www.kitco.com/news/2023-07-24/UK-homebuilders-under-pressure-as-lofty-mortgages-deter-first-time-buyers.html,kitco.com,English,0.18,0.82,0.0,-0.296,CRST
20230724T144500Z,UK homebuilders under pressure as lofty mortgages deter first - time buyers,https://finance.yahoo.com/news/uk-homebuilders-under-pressure-lofty-134547229.html,finance.yahoo.com,English,0.18,0.82,0.0,-0.296,CRST
20230724T140000Z,UK homebuilders under pressure as lofty mortgages deter first - time buyers,https://www.marketscreener.com/quote/stock/THE-BERKELEY-GROUP-HOLDIN-4004901/news/UK-homebuilders-under-pressure-as-lofty-mortgages-deter-first-time-buyers-44401810/,marketscreener.com,English,0.18,0.82,0.0,-0.296,CRST
20230720T200000Z,London close : FTSE 100 adds to gains on mixed day for stocks,https://www.lse.co.uk/news/london-close-ftse-100-adds-to-gains-on-mixed-day-for-stocks-jnl7yn2qd5dv5pd.html,lse.co.uk,English,0.0,0.821,0.179,0.34,CRST
20230719T234500Z,Investors cheer  turning point  in inflation battle,https://www.thisismoney.co.uk/money/markets/article-12316117/Investors-cheer-turning-point-inflation-battle-Property-stocks-lead-bumper-market-rally-pound-gilt-yields-reverse.html,thisismoney.co.uk,English,0.239,0.459,0.303,0.1779,CRST
20230719T074500Z,"FTSE 100 Live 19 July : Sterling lower as united kingdom inflation falls to 7 . 9 %, Rio Tinto posts update",https://www.standard.co.uk/business/ftse-100-live-19-july-uk-inflation-severn-trent-hargreaves-lansdown-update-pound-dollar-stocks-shares-interest-rate-b1095279.html,standard.co.uk,English,0.105,0.762,0.133,0.1531,CRST
20230718T061500Z,Shareholders in Crest Nicholson Holdings ( LON : CRST ) are in the red if they invested five years ago,https://finance.yahoo.com/news/shareholders-crest-nicholson-holdings-lon-050548350.html,finance.yahoo.com,English,0.0,1.0,0.0,0.0,CRST
20230714T224500Z,David James Edwards - Chattanoogan . com,https://www.chattanoogan.com/2023/7/14/471878/David-James-Edwards.aspx,chattanoogan.com,English,0.0,1.0,0.0,0.0,CRST
20230714T214500Z,London close : Stocks slip on Friday but still finish week higher,https://www.sharecast.com/news/market-report-close/london-close-stocks-slip-on-friday-but-still-finish-week-higher--14019390.html,sharecast.com,English,0.0,1.0,0.0,0.0,CRST
20230714T174500Z,"Objections lodged over plan for homes in White Hill , Kinver",https://www.stourbridgenews.co.uk/news/23657048.objections-lodged-plan-homes-white-hill-kinver/,stourbridgenews.co.uk,English,0.0,1.0,0.0,0.0,CRST
20230714T131500Z,London midday : Stocks muted ahead of US bank results,https://www.lse.co.uk/news/london-midday-stocks-muted-ahead-of-us-bank-results-ftw7qhvv8j8m3gs.html,lse.co.uk,English,0.0,1.0,0.0,0.0,CRST
20230714T130000Z,London midday : Stocks muted ahead of US bank results,https://www.sharecast.com/news/market-report-midday/london-midday-stocks-muted-ahead-of-us-bank-results--14015058.html,sharecast.com,English,0.0,1.0,0.0,0.0,CRST
20230714T030000Z,Crest Nicholson ( LON : CRST ) Stock Crosses Below 200 - Day Moving Average of $235 . 16,https://www.wkrb13.com/2023/07/14/crest-nicholson-loncrst-stock-crosses-below-200-day-moving-average-of-235-16.html,wkrb13.com,English,0.0,1.0,0.0,0.0,CRST
20230714T030000Z,Crest Nicholson ( LON : CRST ) Stock Price Crosses Below 200 Day Moving Average of $235 . 16,https://www.dailypolitical.com/2023/07/13/crest-nicholson-loncrst-stock-price-crosses-below-200-day-moving-average-of-235-16.html,dailypolitical.com,English,0.0,1.0,0.0,0.0,CRST
20230713T173000Z,"London close : Stocks rise on united kingdom GDP , US producer price data",https://www.sharecast.com/news/market-report-close/london-close-stocks-rise-on-uk-gdp-us-producer-price-data--14005478.html,sharecast.com,English,0.0,0.797,0.203,0.4215,CRST
20230713T124500Z,London open : Stocks nudge down as investors mull GDP,https://www.lse.co.uk/news/london-open-stocks-nudge-down-as-investors-mull-gdp-o0t2eipbl99muav.html,lse.co.uk,English,0.0,1.0,0.0,0.0,CRST
20230712T110000Z,Builder Merchants News - Travis Perkins announces new CFO,https://www.buildersmerchantsnews.co.uk/Travis-Perkins-announces-new-CFO/56739,buildersmerchantsnews.co.uk,English,0.0,1.0,0.0,0.0,CRST
20230712T010000Z,MARKET REPORT : Top financier swoops on pensions minnow STM Group,https://www.dailymail.co.uk/money/markets/article-12288521/MARKET-REPORT-financier-swoops-pensions-minnow-STM-Group.html,dailymail.co.uk,English,0.0,0.833,0.167,0.2023,CRST
20230712T004500Z,MARKET REPORT : Top financier swoops on pensions minnow STM Group,https://www.thisismoney.co.uk/money/markets/article-12288521/MARKET-REPORT-financier-swoops-pensions-minnow-STM-Group.html,thisismoney.co.uk,English,0.0,0.833,0.167,0.2023,CRST
20230711T163000Z,"FTSE 100 Closes Up 0 . 1 % Lifted by Oil , Miner Stocks",https://www.marketscreener.com/quote/stock/D4T4-SOLUTIONS-PLC-4001716/news/FTSE-100-Closes-Up-0-1-Lifted-by-Oil-Miner-Stocks-44312593/,marketscreener.com,English,0.0,1.0,0.0,0.0,CRST
20230711T084500Z,Crest Nicholson finance chief Cooper to be Travis Perkin CFO,https://www.marketscreener.com/quote/stock/TRAVIS-PERKINS-PLC-9590175/news/Crest-Nicholson-finance-chief-Cooper-to-be-Travis-Perkins-CFO-44307935/,marketscreener.com,English,0.0,1.0,0.0,0.0,CRST
20230711T073000Z,London Stocks Seen Opening Slightly Higher,https://www.marketscreener.com/quote/stock/D4T4-SOLUTIONS-PLC-4001716/news/London-Stocks-Seen-Opening-Slightly-Higher-44307473/,marketscreener.com,English,0.0,1.0,0.0,0.0,CRST
20230711T070000Z,Travis Perkins : Directorate Change,https://www.finanznachrichten.de/nachrichten-2023-07/59540988-travis-perkins-directorate-change-015.htm,finanznachrichten.de,English,0.0,1.0,0.0,0.0,CRST
20230706T160000Z,Chris Hardie : Stories from the farm,https://lacrossetribune.com/news/local/chris-hardie-stories-from-the-farm/collection_9e1a9002-1b40-11ee-a238-ab5a64e66363.html,lacrossetribune.com,English,0.0,1.0,0.0,0.0,CRST
20230704T100000Z,Six stocks for contrarian investors,https://www.investorschronicle.co.uk/ideas/2023/07/03/six-stocks-for-contrarian-investors/,investorschronicle.co.uk,English,0.0,1.0,0.0,0.0,CRST
20230704T080000Z,UK FTSE 100 muted as energy gains balance losses in homebuilders,https://www.marketscreener.com/quote/index/FTSE-100-7392/news/UK-s-FTSE-100-muted-as-energy-gains-balance-losses-in-homebuilders-44261442/,marketscreener.com,English,0.178,0.526,0.296,0.2023,CRST
20230830T144500Z,Housebuilder shares leap as plans to row back environmental protections are revealed,https://www.thisismoney.co.uk/money/markets/article-12460681/Housebuilder-shares-leap-plans-row-environmental-protections-revealed.html,thisismoney.co.uk,English,0.0,0.833,0.167,0.296,CRST
20230830T011500Z,MARKET REPORT : Blue - chips bounce as investors are buoyed by China stimulus and a slowdown in shop price rises in the united kingdom ,https://www.thisismoney.co.uk/money/markets/article-12457983/MARKET-REPORT-Blue-chips-bounce-investors-buoyed-China-stimulus-slowdown-shop-price-rises-UK.html,thisismoney.co.uk,English,0.0,0.882,0.118,0.4215,CRST
20230829T230000Z,MARKET REPORT : Blue - chips bounce as investors are buoyed by China stimulus and a slowdown in shop price rises in the united kingdom ,https://www.dailymail.co.uk/money/markets/article-12457983/MARKET-REPORT-Blue-chips-bounce-investors-buoyed-China-stimulus-slowdown-shop-price-rises-UK.html,dailymail.co.uk,English,0.0,0.882,0.118,0.4215,CRST
20230829T223000Z,Trump mug shot gives Warhol infamous photos competition,https://www.latimes.com/entertainment-arts/story/2023-08-29/trump-mug-shot-andy-warhol-mural-worlds-fair-commentary,latimes.com,English,0.0,1.0,0.0,0.0,CRST
20230829T213000Z,Europe close : Shares get a jolt to extend rally late in session,https://www.sharecast.com/news/market-report-europe-close/europe-close-shares-get-a-jolt-to-extend-rally-late-in-session--14533602.html,sharecast.com,English,0.0,0.698,0.302,0.4404,CRST
20230829T171500Z,"LONDON MARKET CLOSE : Stocks higher on housebuilder rally , China boost",https://www.lse.co.uk/news/london-market-close-stocks-higher-on-housebuilder-rally-china-boost-jscw8bnipw3aa7b.html,lse.co.uk,English,0.0,0.769,0.231,0.4019,CRST
20230829T171500Z,London close : Stocks rise on buoyant global sentiment,https://www.lse.co.uk/news/london-close-stocks-rise-on-buoyant-global-sentiment-8tmrqr72y59tgo6.html,lse.co.uk,English,0.0,0.787,0.213,0.2263,CRST
20230826T234500Z,"With Persimmon about to tumble out of Footsie , interest rate hikes wipe £15bn off united kingdom builders",https://www.dailymail.co.uk/money/markets/article-12448059/With-Persimmon-tumble-Footsie-rate-hikes-wipe-15bn-UK-builders.html,dailymail.co.uk,English,0.0,0.721,0.279,0.7003,CRST
20230825T101500Z,UK Economic Cracks Meet China Property Crisis in London Housing,https://www.bnnbloomberg.ca/uk-economic-cracks-meet-china-property-crisis-in-london-housing-1.1963449,bnnbloomberg.ca,English,0.313,0.687,0.0,-0.6249,CRST
20230822T211500Z,"London close : Stocks edge up after borrowing figures , manufacturing data",https://www.lse.co.uk/news/london-close-stocks-edge-up-after-borrowing-figures-manufacturing-data-whe63fd19t7yiyp.html,lse.co.uk,English,0.0,1.0,0.0,0.0,CRST
20230822T170000Z,"London midday : FTSE extends gains as investors mull borrowing , manufacturing data",https://www.sharecast.com/news/market-report-midday/london-midday-ftse-extends-gains-as-investors-mull-borrowing-manufacturing-data--14459382.html,sharecast.com,English,0.0,0.698,0.302,0.4404,CRST
20230822T170000Z,"London close : Stocks edge up after borrowing figures , manufacturing data",https://www.sharecast.com/news/market-report-close/london-close-stocks-edge-up-after-borrowing-figures-manufacturing-data--14454854.html,sharecast.com,English,0.0,1.0,0.0,0.0,CRST
20230822T120000Z,​​Stock Indices Try To Regain Some Of Last Week Losses,https://menafn.com/1106913800/Stock-Indices-Try-To-Regain-Some-Of-Last-Weeks-Losses,menafn.com,English,0.231,0.769,0.0,-0.4019,CRST
20230822T120000Z,London open : Stocks edge up as investors mull borrowing figures,https://www.sharecast.com/news/market-report-opening/london-open-stocks-edge-up-as-investors-mull-borrowing-figures--14455568.html,sharecast.com,English,0.0,1.0,0.0,0.0,CRST
20230822T113000Z,"Taylor Wimpey , Persimmon , Barratt tumble as falling asking prices weigh",https://www.proactiveinvestors.co.uk/companies/news/1024051/taylor-wimpey-persimmon-barratt-tumble-as-falling-asking-prices-weigh-1024051.html,proactiveinvestors.co.uk,English,0.151,0.849,0.0,-0.1531,CRST
20230822T091500Z,UK shares rise in the wake of Wall Street,https://www.marketscreener.com/news/latest/UK-shares-rise-in-the-wake-of-Wall-Street--44667540/,marketscreener.com,English,0.0,0.784,0.216,0.296,CRST
20230822T090000Z,Redburn Atlantic starts Playtech at  buy  ,https://www.marketscreener.com/quote/stock/PLAYTECH-PLC-11002037/news/Redburn-Atlantic-starts-Playtech-at-buy-44667421/,marketscreener.com,English,0.0,1.0,0.0,0.0,CRST
20230822T090000Z,LONDON MARKET OPEN : Stocks head higher in  minor relief rally  | Finance News,https://shareprices.com/news/london-market-open-stocks-head-higher-in-minor-relief-rally-k1cyuaqhcmr4ewk/,shareprices.com,English,0.0,0.78,0.22,0.4767,CRST
20230822T073000Z,"The Notebook : Victoria Scholar on falling house prices , global travel acceleration and Netflix Sackler drama",https://www.cityam.com/the-notebook-victoria-scholar-on-falling-house-prices-global-travel-sackler-drama/,cityam.com,English,0.103,0.897,0.0,-0.1531,CRST
20230821T234500Z,Builder on shaky ground after alert,https://www.thetimes.co.uk/article/builder-on-shaky-ground-after-alert-3zvzf7sdw,thetimes.co.uk,English,0.235,0.494,0.272,0.0772,CRST
20230821T231500Z,European shares recover from six - week low as investor eyes turn to crucial US Fed meeting – The Irish Times,https://www.irishtimes.com/business/2023/08/21/european-shares-recover-from-six-week-low-as-investors-eyes-turn-to-crucial-us-fed-meeting/,irishtimes.com,English,0.099,0.798,0.103,0.0258,CRST
20230821T211500Z,London close : Housebuilders pace decline after Crest Nicholson warning,https://www.sharecast.com/news/market-report-close/london-close-housebuilders-pace-decline-after-crest-nicholson-warning--14444468.html,sharecast.com,English,0.231,0.769,0.0,-0.34,CRST
20230821T200000Z,London markets inch lower as housing firms drive drop,https://www.penarthtimes.co.uk/news/national/23738046.london-markets-inch-lower-housing-firms-drive-drop/,penarthtimes.co.uk,English,0.381,0.619,0.0,-0.5106,CRST
20230821T200000Z,London markets inch lower as housing firms drive drop,https://www.wiltsglosstandard.co.uk/news/national/23738046.london-markets-inch-lower-housing-firms-drive-drop/,wiltsglosstandard.co.uk,English,0.381,0.619,0.0,-0.5106,CRST
20230821T194500Z,London markets inch lower as housing firms drive drop,https://www.borehamwoodtimes.co.uk/news/national/23738046.london-markets-inch-lower-housing-firms-drive-drop/,borehamwoodtimes.co.uk,English,0.381,0.619,0.0,-0.5106,CRST
20230821T194500Z,London markets inch lower as housing firms drive drop,https://www.kidderminstershuttle.co.uk/news/national/23738046.london-markets-inch-lower-housing-firms-drive-drop/,kidderminstershuttle.co.uk,English,0.381,0.619,0.0,-0.5106,CRST
20230821T194500Z,London markets inch lower as housing firms drive drop,https://www.readingchronicle.co.uk/news/national/23738046.london-markets-inch-lower-housing-firms-drive-drop/,readingchronicle.co.uk,English,0.381,0.619,0.0,-0.5106,CRST
20230821T191500Z,London markets inch lower as housing firms drive drop,https://www.dudleynews.co.uk/news/national/23738046.london-markets-inch-lower-housing-firms-drive-drop/,dudleynews.co.uk,English,0.381,0.619,0.0,-0.5106,CRST
20230821T191500Z,London markets inch lower as housing firms drive drop,https://www.tivysideadvertiser.co.uk/news/national/23738046.london-markets-inch-lower-housing-firms-drive-drop/,tivysideadvertiser.co.uk,English,0.381,0.619,0.0,-0.5106,CRST
20230821T191500Z,London markets inch lower as housing firms drive drop,https://www.darlingtonandstocktontimes.co.uk/news/national/23738046.london-markets-inch-lower-housing-firms-drive-drop/,darlingtonandstocktontimes.co.uk,English,0.381,0.619,0.0,-0.5106,CRST
20230821T191500Z,London markets inch lower as housing firms drive drop,https://www.standard.co.uk/business/business-news/london-markets-inch-lower-as-housing-firms-drive-drop-b1102061.html,standard.co.uk,English,0.381,0.619,0.0,-0.5106,CRST
20230821T191500Z,London markets inch lower as housing firms drive drop,https://www.gazetteherald.co.uk/news/national/23738046.london-markets-inch-lower-housing-firms-drive-drop/,gazetteherald.co.uk,English,0.381,0.619,0.0,-0.5106,CRST
20230821T191500Z,London markets inch lower as housing firms drive drop,https://www.nwemail.co.uk/news/national/23738046.london-markets-inch-lower-housing-firms-drive-drop/,nwemail.co.uk,English,0.381,0.619,0.0,-0.5106,CRST
20230821T184500Z,London markets inch lower as housing firms drive drop,https://www.aol.co.uk/money/london-markets-inch-lower-housing-173354188.html,aol.co.uk,English,0.381,0.619,0.0,-0.5106,CRST
20230821T184500Z,London markets inch lower as housing firms drive drop,https://www.elystandard.co.uk/news/national/23738046.london-markets-inch-lower-housing-firms-drive-drop/,elystandard.co.uk,English,0.381,0.619,0.0,-0.5106,CRST
20230821T184500Z,London markets inch lower as housing firms drive drop,https://www.thurrockgazette.co.uk/news/national/23738046.london-markets-inch-lower-housing-firms-drive-drop/,thurrockgazette.co.uk,English,0.381,0.619,0.0,-0.5106,CRST
20230821T184500Z,London markets inch lower as housing firms drive drop,https://www.heraldseries.co.uk/news/national/23738046.london-markets-inch-lower-housing-firms-drive-drop/,heraldseries.co.uk,English,0.381,0.619,0.0,-0.5106,CRST
20230821T183000Z,London markets inch lower as housing firms drive drop,https://www.yourlocalguardian.co.uk/news/national/23738046.london-markets-inch-lower-housing-firms-drive-drop/,yourlocalguardian.co.uk,English,0.381,0.619,0.0,-0.5106,CRST
20230821T183000Z,London markets inch lower as housing firms drive drop,https://www.sthelensstar.co.uk/news/national/23738046.london-markets-inch-lower-housing-firms-drive-drop/,sthelensstar.co.uk,English,0.381,0.619,0.0,-0.5106,CRST
20230821T183000Z,London markets inch lower as housing firms drive drop,https://www.eastlondonadvertiser.co.uk/news/national/23738046.london-markets-inch-lower-housing-firms-drive-drop/,eastlondonadvertiser.co.uk,English,0.381,0.619,0.0,-0.5106,CRST
20230821T183000Z,London markets inch lower as housing firms drive drop,https://www.greenocktelegraph.co.uk/news/national/23738046.london-markets-inch-lower-housing-firms-drive-drop/,greenocktelegraph.co.uk,English,0.381,0.619,0.0,-0.5106,CRST
20230821T183000Z,London markets inch lower as housing firms drive drop,https://www.brentwoodlive.co.uk/news/national/23738046.london-markets-inch-lower-housing-firms-drive-drop/,brentwoodlive.co.uk,English,0.381,0.619,0.0,-0.5106,CRST
20230821T183000Z,London markets inch lower as housing firms drive drop,https://www.falmouthpacket.co.uk/news/national/23738046.london-markets-inch-lower-housing-firms-drive-drop/,falmouthpacket.co.uk,English,0.381,0.619,0.0,-0.5106,CRST
20230821T183000Z,London markets inch lower as housing firms drive drop,https://www.halsteadgazette.co.uk/news/national/23738046.london-markets-inch-lower-housing-firms-drive-drop/,halsteadgazette.co.uk,English,0.381,0.619,0.0,-0.5106,CRST
20230821T183000Z,London markets inch lower as housing firms drive drop,https://www.guardian-series.co.uk/news/national/23738046.london-markets-inch-lower-housing-firms-drive-drop/,guardian-series.co.uk,English,0.381,0.619,0.0,-0.5106,CRST
20230821T183000Z,London markets inch lower as housing firms drive drop,https://www.maldonandburnhamstandard.co.uk/news/national/23738046.london-markets-inch-lower-housing-firms-drive-drop/,maldonandburnhamstandard.co.uk,English,0.381,0.619,0.0,-0.5106,CRST
20230821T183000Z,London markets inch lower as housing firms drive drop,https://www.northwichguardian.co.uk/news/national/23738046.london-markets-inch-lower-housing-firms-drive-drop/,northwichguardian.co.uk,English,0.381,0.619,0.0,-0.5106,CRST
20230821T183000Z,London markets inch lower as housing firms drive drop,https://www.surreycomet.co.uk/news/national/23738046.london-markets-inch-lower-housing-firms-drive-drop/,surreycomet.co.uk,English,0.381,0.619,0.0,-0.5106,CRST
20230821T183000Z,London markets inch lower as housing firms drive drop,https://www.edp24.co.uk/news/national/23738046.london-markets-inch-lower-housing-firms-drive-drop/,edp24.co.uk,English,0.381,0.619,0.0,-0.5106,CRST
20230821T183000Z,London markets inch lower as housing firms drive drop,https://www.stourbridgenews.co.uk/news/national/23738046.london-markets-inch-lower-housing-firms-drive-drop/,stourbridgenews.co.uk,English,0.381,0.619,0.0,-0.5106,CRST
20230821T161500Z,FTSE 100 movers : Housebuilders hit by Crest Nicholson warning ; oil shares rally,https://www.sharecast.com/news/risers-and-fallers/ftse-100-movers-housebuilders-hit-by-crest-nicholson-warning-oil-shares-rally--14445452.html,sharecast.com,English,0.164,0.685,0.151,-0.0516,CRST
20230821T161500Z,FTSE 100 tips into red as housebuilders struggle,https://www.marketscreener.com/quote/index/FTSE-100-7392/news/FTSE-100-tips-into-red-as-housebuilders-struggle-44662203/,marketscreener.com,English,0.247,0.753,0.0,-0.3182,CRST
20230821T161500Z,LONDON MARKET CLOSE : FTSE 100 tips into red as housebuilders struggle,https://www.lse.co.uk/news/london-market-close-ftse-100-tips-into-red-as-housebuilders-struggle-4famypjp2xp5hep.html,lse.co.uk,English,0.187,0.813,0.0,-0.3182,CRST
20230821T153000Z,China rate cut underwhelms as European markets tread water,https://www.cmcmarkets.com/en-sg/news-and-analysis/china-rate-cut-underwhelms-as-european-markets-tread-water,cmcmarkets.com,English,0.208,0.792,0.0,-0.2732,CRST
20230821T143000Z,"Sentiment gradually improves after mixed APAC , energy bolstered on supply - side - Newsquawk US Market Open",https://www.zerohedge.com/markets/sentiment-gradually-improves-after-mixed-apac-energy-bolstered-supply-side-newsquawk-us,zerohedge.com,English,0.0,0.726,0.274,0.5994,CRST
20230821T121500Z,FTSE 100 up after bruising ten day slump,https://www.proactiveinvestors.co.uk/companies/news/1024055/ftse-100-up-after-bruising-ten-day-slump-market-report-1024055.html,proactiveinvestors.co.uk,English,0.0,1.0,0.0,0.0,CRST
20230821T111500Z,London midday : FTSE extends gains as energy shares rally ; housebuilders slide,https://www.lse.co.uk/news/london-midday-ftse-extends-gains-as-energy-shares-rally-housebuilders-slide-0w9i2jruuom1h4p.html,lse.co.uk,English,0.0,0.461,0.539,0.7351,CRST
20230821T094500Z,Homebuilder warns on profits as housing market alarm bells intensify,https://news.sky.com/story/builders-plunge-as-housing-market-alarm-bells-intensify-12944430,news.sky.com,English,0.277,0.511,0.212,0.0258,CRST
20230821T090000Z,Energy shares boost FTSE 100 ; Crest Nicholson leads rout among housebuilders,https://www.devdiscourse.com/article/headlines/2565190-energy-shares-boost-ftse-100-crest-nicholson-leads-rout-among-housebuilders,devdiscourse.com,English,0.0,0.533,0.467,0.7184,CRST
20230821T084500Z,Crest Nicholson : TRADING UPDATE AUGUST 2023 REPORT - Today at 03 : 47 am,https://www.marketscreener.com/quote/stock/CREST-NICHOLSON-HOLDINGS-12583133/news/Crest-Nicholson-TRADING-UPDATE-AUGUST-2023-REPORT-44658622/,marketscreener.com,English,0.0,1.0,0.0,0.0,CRST
20230821T084500Z,Domino Pizza Begins Process to Exit Russia : The London Rush,https://www.bnnbloomberg.ca/domino-s-pizza-begins-process-to-exit-russia-the-london-rush-1.1961509,bnnbloomberg.ca,English,0.0,1.0,0.0,0.0,CRST
20230821T084500Z,Crest Nicholson profit warning as new home sales plunge,https://www.constructionenquirer.com/2023/08/21/crest-nicholson-profit-warning-as-new-home-sales-plunge/,constructionenquirer.com,English,0.195,0.569,0.236,0.128,CRST
20230821T084500Z,BUSINESS LIVE : Domino firm to file for bankruptcy in Russia,https://www.thisismoney.co.uk/money/markets/article-12427903/BUSINESS-LIVE-Dominos-firm-file-bankruptcy-Russia.html,thisismoney.co.uk,English,0.0,1.0,0.0,0.0,CRST
20230821T084500Z,UK homebuilder shares tumble after Crest Nicholson cuts annual profit outlook,https://www.saltwire.com/prince-edward-island/business/uk-homebuilder-shares-tumble-after-crest-nicholson-cuts-annual-profit-outlook-100884504/,saltwire.com,English,0.144,0.523,0.333,0.4404,CRST
20230821T084500Z,Crest Nicholson Cuts Guidance as Mortgage Pain Persists,https://www.bnnbloomberg.ca/crest-nicholson-cuts-guidance-as-mortgage-pain-persists-1.1961505,bnnbloomberg.ca,English,0.478,0.522,0.0,-0.6705,CRST
20230821T080000Z,UK homebuilder shares tumble after Crest Nicholson cuts annual profit outlook,https://www.marketscreener.com/quote/stock/CREST-NICHOLSON-HOLDINGS-12583133/news/UK-homebuilder-shares-tumble-after-Crest-Nicholson-cuts-annual-profit-outlook-44658574/,marketscreener.com,English,0.144,0.523,0.333,0.4404,CRST
20230821T074500Z,Energy shares boost FTSE 100 ; housebuilders weigh on midcaps,https://www.marketscreener.com/quote/index/FTSE-100-7392/news/Energy-shares-boost-FTSE-100-housebuilders-weigh-on-midcaps-44658518/,marketscreener.com,English,0.0,0.462,0.538,0.7184,CRST
20230821T071500Z,Crest Nicholson cuts outlook as united kingdom housing market worsens,https://www.marketscreener.com/quote/stock/CREST-NICHOLSON-HOLDINGS-12583133/news/Crest-Nicholson-cuts-outlook-as-UK-housing-market-worsens-44658262/,marketscreener.com,English,0.351,0.464,0.185,-0.3612,CRST
20230818T121500Z,London open : FTSE 100 hits six - week low on China fears,https://www.sharecast.com/news/market-report-opening/london-open--14422118.html,sharecast.com,English,0.353,0.647,0.0,-0.5994,CRST
20230815T081500Z,"Ipswich : Dormice discovery at 1 , 100 Henley Gate development",https://www.ipswichstar.co.uk/news/23721623.ipswich-dormice-discovery-1-100-henley-gate-development/,ipswichstar.co.uk,English,0.0,1.0,0.0,0.0,CRST
20230814T170000Z,London close : Stocks slip on renewed China concerns,https://www.lse.co.uk/news/london-close-stocks-slip-on-renewed-china-concerns-4n4m5y6gs31735x.html,lse.co.uk,English,0.0,1.0,0.0,0.0,CRST
20230814T150000Z,FTSE 250 movers : Watches of Switzerland in favour on Tapestry Capri buy By Sharecast,https://uk.investing.com/news/stock-market-news/ftse-250-movers-watches-of-switzerland-in-favour-on-tapestry-capri-buy-3122953,uk.investing.com,English,0.0,0.818,0.182,0.4404,CRST
20230814T144500Z,FTSE 250 movers : Watches of Switzerland in favour on Tapestry Capri buy,https://www.sharecast.com/news/risers-and-fallers/ftse-250-movers-watches-of-switzerland-in-favour-on-tapestry-capri-buy--14369682.html,sharecast.com,English,0.0,0.791,0.209,0.4404,CRST
20230814T133000Z,London midday : China concerns dampen sentiment on quiet day,https://www.sharecast.com/news/market-report-midday/london-midday--14365422.html,sharecast.com,English,0.0,1.0,0.0,0.0,CRST
20230814T120000Z,London midday : China concerns dampen sentiment on quiet day,https://www.lse.co.uk/news/london-midday-china-concerns-dampen-sentiment-on-quiet-day-csz4pnzvxt3mm7e.html,lse.co.uk,English,0.0,1.0,0.0,0.0,CRST
20230814T094500Z,Crest Nicholson Holdings plc ( LON : CRST ) Given Average Rating of  Hold  by Brokerages,https://www.themarketsdaily.com/2023/08/14/crest-nicholson-holdings-plc-loncrst-given-average-rating-of-hold-by-brokerages.html,themarketsdaily.com,English,0.0,1.0,0.0,0.0,CRST
20230809T183000Z,London close : Stocks bounce back after shrugging off China data,https://www.lse.co.uk/news/london-close-stocks-bounce-back-after-shrugging-off-china-data-kqzkdau741wzh6b.html,lse.co.uk,English,0.0,1.0,0.0,0.0,CRST
20230809T133000Z,"London midday : Mining , oil and banking stocks provide a boost",https://www.lse.co.uk/news/london-midday-mining-oil-and-banking-stocks-provide-a-boost-l13iio0xj4t884x.html,lse.co.uk,English,0.0,0.748,0.252,0.4019,CRST
20230809T090000Z,New plans for second 400+ home development in Ringwood,https://www.salisburyjournal.co.uk/news/23710305.new-plans-second-400-home-development-ringwood/,salisburyjournal.co.uk,English,0.0,1.0,0.0,0.0,CRST
20230809T090000Z,Bellway sees average home selling prices fall as mortgage rates bite,https://www.thisismoney.co.uk/money/markets/article-12388261/Bellway-sees-average-home-selling-prices-fall-mortgage-rates-bite.html,thisismoney.co.uk,English,0.0,1.0,0.0,0.0,CRST
20230803T144500Z,Last homes remaining at Daventry development,https://www.daventryexpress.co.uk/lifestyle/homes-and-gardens/last-homes-remaining-at-daventry-development-4242120,daventryexpress.co.uk,English,0.0,1.0,0.0,0.0,CRST
20230803T121500Z,Housebuilder share prices drop as interest rates hit 5 . 25 % | News,https://www.building.co.uk/news/housebuilders-share-prices-drop-as-interest-rates-hit-525/5124506.article,building.co.uk,English,0.147,0.49,0.364,0.4767,CRST
20230801T093000Z,Hunts Grove Gloucester : Calls to drop  failed  open spaces scheme,https://www.stroudnewsandjournal.co.uk/news/23686052.hunts-grove-gloucester-calls-drop-failed-open-spaces-scheme/,stroudnewsandjournal.co.uk,English,0.403,0.597,0.0,-0.6597,CRST
20230801T074500Z,Hunts Grove Gloucester : Calls to drop  failed  open spaces scheme,https://www.gazetteseries.co.uk/news/23686052.hunts-grove-gloucester-calls-drop-failed-open-spaces-scheme/,gazetteseries.co.uk,English,0.403,0.597,0.0,-0.6597,CRST
20231001T140000Z,Autistic photographer from Ipswich shares dreams for future,https://www.ipswichstar.co.uk/news/23821198.autistic-photographer-ipswich-shares-dreams-future/,ipswichstar.co.uk,English,0.0,0.55,0.45,0.5994,CRST
20230929T114500Z,London midday : Stocks maintain gains as GDP revised higher,https://www.lse.co.uk/news/london-midday-stocks-maintain-gains-as-gdp-revised-higher-9yy0q7xd2n5ktde.html,lse.co.uk,English,0.0,0.769,0.231,0.34,CRST
20230929T054500Z,Banks Wary of London Housing Projects Amid $1 Billion Value Drop,https://www.bnnbloomberg.ca/banks-wary-of-london-housing-projects-amid-1-billion-value-drop-1.1977945,bnnbloomberg.ca,English,0.156,0.667,0.178,0.0772,CRST
20230927T071500Z,Witney : Consultation opens on plans for up to 600 homes,https://www.witneygazette.co.uk/news/23815867.witney-consultation-opens-plans-600-homes/,witneygazette.co.uk,English,0.0,1.0,0.0,0.0,CRST
20230927T060000Z,Witney : Consultation opens on plans for up to 600 homes,https://www.oxfordmail.co.uk/news/23815867.witney-consultation-opens-plans-600-homes/,oxfordmail.co.uk,English,0.0,1.0,0.0,0.0,CRST
20230926T133000Z,"  Devastating  project to build 1 , 200 new homes near two Milton Keynes estates is blasted by concerned councillors",https://www.miltonkeynes.co.uk/news/people/devastating-project-to-build-1200-new-homes-near-two-milton-keynes-estates-is-blasted-by-concerned-councillors-4348971,miltonkeynes.co.uk,English,0.212,0.788,0.0,-0.6486,CRST
20230922T003000Z,Open House : Seized HK Mansion Listed for $112 Million Traces Fall of Evergrande Tycoon,https://www.bnnbloomberg.ca/open-house-seized-hk-mansion-listed-for-112-million-traces-fall-of-evergrande-tycoon-1.1974797,bnnbloomberg.ca,English,0.0,1.0,0.0,0.0,CRST
20230921T094500Z,UK stocks open lower after Fed hawkish stance ; BoE on watch,https://www.zawya.com/en/markets/equities/uk-stocks-open-lower-after-feds-hawkish-stance-boe-on-watch-ldf8ciqr,zawya.com,English,0.18,0.82,0.0,-0.296,CRST
20230920T214500Z,Pound sinks as inflation fall stuns City,https://www.dailymail.co.uk/money/markets/article-12541727/Pound-sinks-inflation-fall-stuns-City-Bank-England-rate-decision-knife-edge.html,dailymail.co.uk,English,0.0,0.845,0.155,0.0258,CRST
20230920T121500Z,London midday : Housebuilders and real estate stocks pull FTSE higher,https://www.lse.co.uk/news/london-midday-housebuilders-and-real-estate-stocks-pull-ftse-higher-rexn1a4t77kywjf.html,lse.co.uk,English,0.0,1.0,0.0,0.0,CRST
20230920T053000Z,Wickford plans set to see application for 110 new homes,https://www.echo-news.co.uk/news/23799043.wickford-plans-set-see-application-110-new-homes/,echo-news.co.uk,English,0.0,1.0,0.0,0.0,CRST
20230918T233000Z,"Labour has  died on the altar of short - term political posturing  by trying to position itself as the party of business , leading housebuilder claims",https://www.dailymail.co.uk/news/article-12533437/Labour-died-political-posturing-party-business-housebuilder.html,dailymail.co.uk,English,0.127,0.777,0.095,-0.2263,CRST
20230918T123000Z,London open : Stocks flat as risk appetite declines ahead of central bank decisions,https://www.lse.co.uk/news/london-open-stocks-flat-as-risk-appetite-declines-ahead-of-central-bank-decisions-qxun1qi99ypq9aj.html,lse.co.uk,English,0.149,0.851,0.0,-0.2732,CRST
20230917T153000Z,St Albans City FC receives sponsorship from housebuilder,https://www.hertsad.co.uk/news/23793067.st-albans-city-fc-receives-sponsorship-housebuilder/,hertsad.co.uk,English,0.0,1.0,0.0,0.0,CRST
20230915T161500Z,Investegate | Company Announcement,https://www.investegate.co.uk:443/announcement/rns/lookers--look/announcement-of-fca-approval-and-timetable-update-/7758977,investegate.co.uk,English,0.0,1.0,0.0,0.0,CRST
20230912T143000Z,Crest Nicholson Holdings ( LON : CRST ) Will Be Looking To Turn Around Its Returns,https://finance.yahoo.com/news/crest-nicholson-holdings-lon-crst-125051254.html,finance.yahoo.com,English,0.0,1.0,0.0,0.0,CRST
20230911T090000Z,RBC cuts Melrose Industries to  sector perform  ,https://www.marketscreener.com/quote/stock/MELROSE-INDUSTRIES-PLC-26487567/news/RBC-cuts-Melrose-Industries-to-sector-perform-44811885/,marketscreener.com,English,0.268,0.732,0.0,-0.296,CRST
20230911T083000Z,London open : Miners pace gains ahead of busy week,https://www.lse.co.uk/news/london-open-miners-pace-gains-ahead-of-busy-week-b7jlj8y3qi19b7l.html,lse.co.uk,English,0.0,0.769,0.231,0.34,CRST
20230911T080000Z,London open : Miners pace the gains ahead of busy week,https://www.sharecast.com/news/market-report-opening/london-open-miners-pace-gains-ahead-of-busy-week--14649612.html,sharecast.com,English,0.0,0.789,0.211,0.34,CRST
20230905T140000Z,Self - watering planters donated to Cannington village,https://www.bridgwatermercury.co.uk/news/23768902.self-watering-planters-donated-cannington-village/,bridgwatermercury.co.uk,English,0.0,1.0,0.0,0.0,CRST
20230905T091500Z,Ipswich : New primary and pre - school for Henley Gate,https://www.ipswichstar.co.uk/news/23766087.ipswich-new-primary-pre-school-henley-gate/,ipswichstar.co.uk,English,0.0,1.0,0.0,0.0,CRST
20230904T164500Z,UK housebuilders and REITs current hotspots for shareholder upside,https://www.proactiveinvestors.co.uk/companies/news/1025387/uk-housebuilders-and-reits-current-hotspots-for-shareholder-upside-1025387.html,proactiveinvestors.co.uk,English,0.0,1.0,0.0,0.0,CRST
20230904T161500Z,Investegate | Company Announcement,https://www.investegate.co.uk:443/announcement/rns/crest-nicholson-holdings--crst/director-pdmr-shareholding/7734633,investegate.co.uk,English,0.0,1.0,0.0,0.0,CRST
20230904T121500Z,People : Appleyard Lees ; Crest Nicholson ; Principles ; and more,https://www.thebusinessdesk.com/yorkshire/news/2113251-people-appleyard-lees-crest-nicholson-principles-and-more/,thebusinessdesk.com,English,0.0,1.0,0.0,0.0,CRST
20231101T184500Z,London close : Stocks rise ahead of US Fed policy decision,https://www.sharecast.com/news/market-report-close/london-close-stocks-rise-ahead-of-us-fed-policy-decision--15164672.html,sharecast.com,English,0.0,1.0,0.0,0.0,CRST
20231030T021500Z,Friends cast member Hank Azaria pays tribute to Matthew Perry after sudden death at 54,https://www.geelongadvertiser.com.au/entertainment/matthew-perry-dead-at-54-heartbreaking-celebrity-tributes-pour-in-for-friends-star-after-drowning/news-story/4f4f3232f81da81011881172f87eea54?nk=385267804c4eff292346ccc1d83c0800-1698631293,geelongadvertiser.com.au,English,0.195,0.65,0.155,-0.2023,CRST
20231029T220000Z,Matthew Perry dead at 54 : Tributes from celebrities and Friends stars after death in Los Angeles,https://www.couriermail.com.au/entertainment/matthew-perry-dead-at-54-heartbreaking-celebrity-tributes-pour-in-for-friends-star-after-drowning/news-story/4f4f3232f81da81011881172f87eea54?nk=43264a55ff6423ed710c846f7e368400-1698615989,couriermail.com.au,English,0.337,0.535,0.128,-0.7269,CRST
20231029T141500Z,Oxfordshire housebuilder supports West Oxfordshire foodbank,https://www.witneygazette.co.uk/news/23884765.oxfordshire-housebuilder-supports-west-oxfordshire-foodbank/,witneygazette.co.uk,English,0.0,0.667,0.333,0.3612,CRST
20231029T140000Z,Oxfordshire housebuilder supports West Oxfordshire foodbank,https://www.thisisoxfordshire.co.uk/news/23884765.oxfordshire-housebuilder-supports-west-oxfordshire-foodbank/,thisisoxfordshire.co.uk,English,0.0,0.667,0.333,0.3612,CRST
20231029T071500Z,Matthew Perry dead at 54 : Tributes from celebrities and Friends stars after death in Los Angeles,https://www.heraldsun.com.au/entertainment/matthew-perry-dead-at-54-heartbreaking-celebrity-tributes-pour-in-for-friends-star-after-drowning/news-story/4f4f3232f81da81011881172f87eea54?nk=e7866daf6777e2b6a7e378fc0a6e8263-1698562943,heraldsun.com.au,English,0.337,0.535,0.128,-0.7269,CRST
20231029T063000Z,Matthew Perry dead at 54 : Tributes from celebrities and Friends stars after death in Los Angeles,https://www.couriermail.com.au/entertainment/matthew-perry-dead-at-54-heartbreaking-celebrity-tributes-pour-in-for-friends-star-after-drowning/news-story/4f4f3232f81da81011881172f87eea54?nk=6b3042ebbe10ce49d96035ce48809406-1698560242,couriermail.com.au,English,0.337,0.535,0.128,-0.7269,CRST
20231029T063000Z,Matthew Perry dead at 54 : Tributes from celebrities and Friends stars after death in Los Angeles,https://www.heraldsun.com.au/entertainment/matthew-perry-dead-at-54-heartbreaking-celebrity-tributes-pour-in-for-friends-star-after-drowning/news-story/4f4f3232f81da81011881172f87eea54?nk=62ff0efcf8ded7e5c882532269cdb9a6-1698560250,heraldsun.com.au,English,0.337,0.535,0.128,-0.7269,CRST
20231027T114500Z,"Homebuyers could receive £12 , 000 mortgage contribution | Maldon and Burnham Standard",https://www.maldonandburnhamstandard.co.uk/news/23876434.homebuyers-receive-12-000-mortgage-contribution/,maldonandburnhamstandard.co.uk,English,0.0,1.0,0.0,0.0,CRST
20231026T203000Z,Ranking the current alternate uniforms of every NFL team,https://www.yardbarker.com/nfl/articles/ranking_the_current_alternate_uniforms_of_every_nfl_team_102523/s1__39303714,yardbarker.com,English,0.0,1.0,0.0,0.0,CRST
20231025T060000Z,Portishead unsafe cladding : flat owners call for Government reform,https://news.yahoo.com/portishead-unsafe-cladding-flat-owners-052340739.html,news.yahoo.com,English,0.0,1.0,0.0,0.0,CRST
20231024T140000Z,Local Warwick homebuyers benefit as Crest Nicholson launches new Shared Ownership Scheme,https://www.warwickshireworld.com/lifestyle/homes-and-gardens/local-warwick-homebuyers-benefit-as-crest-nicholson-launches-new-shared-ownership-scheme-4383385,warwickshireworld.com,English,0.0,0.649,0.351,0.6597,CRST
20231023T104500Z,Vistry to cut 200 jobs and take £40m hit to profits as demand for housing slows,https://www.coastfm.co.uk/news/business/vistry-to-cut-200-jobs-and-take,coastfm.co.uk,English,0.185,0.667,0.149,0.0772,CRST
20231023T064500Z,How should 600 new homes be built in north Ipswich ? ,https://www.ipswichstar.co.uk/news/23866513.600-new-homes-built-north-ipswich/,ipswichstar.co.uk,English,0.0,1.0,0.0,0.0,CRST
20231023T054500Z,How should 600 new homes be built in north Ipswich ? | East Anglian Daily Times,https://www.eadt.co.uk/news/23866513.600-new-homes-built-north-ipswich/,eadt.co.uk,English,0.0,1.0,0.0,0.0,CRST
20231022T181500Z,State of  unfinished  Tadpole Garden Village branded  disgrace  ,https://www.swindonadvertiser.co.uk/news/23866700.state-unfinished-tadpole-garden-village-branded-disgrace/,swindonadvertiser.co.uk,English,0.314,0.686,0.0,-0.4939,CRST
20231022T073000Z,Major update on 154 - home riverside development in Bristol after delay,https://www.bristolpost.co.uk/news/bristol-news/major-update-154-home-riverside-8846411,bristolpost.co.uk,English,0.187,0.813,0.0,-0.3182,CRST
20231020T124500Z,Why is there a housing shortage in the united kingdom ? Builders blame planning but have dished out £16bn to shareholders,https://www.dailymail.co.uk/money/markets/article-12643891/Why-housing-shortage-UK-Builders-blame-planning-dished-16bn-shareholders.html,dailymail.co.uk,English,0.152,0.758,0.09,-0.0772,CRST
20231019T111500Z,11th year of Living Advent Calendar,https://www.henleystandard.co.uk/news/events/184418/11th-year-of-living-advent-calendar.html,henleystandard.co.uk,English,0.0,1.0,0.0,0.0,CRST
20231018T220000Z,"London close : Stocks slump on united kingdom inflation , Middle East concerns",https://www.sharecast.com/news/market-report-close/london-close-stocks-slump-on-uk-inflation-middle-east-concerns--15005780.html,sharecast.com,English,0.0,0.781,0.219,0.4215,CRST
20231018T151500Z,"London midday : FTSE stays down after inflation data , amid Middle East woes",https://www.lse.co.uk/news/london-midday-ftse-stays-down-after-inflation-data-amid-middle-east-woes-lom52fmhraw5qh8.html,lse.co.uk,English,0.209,0.791,0.0,-0.4404,CRST
20231018T001500Z,Top housebuilders pay  excessive  £16bn in dividends in 18 years,https://www.cityam.com/top-housebuilders-pay-excessive-16bn-in-dividends-over-18-years/,cityam.com,English,0.125,0.714,0.161,0.1027,CRST
20231013T233000Z,MARKET REPORT : Tensions in Middle East fuel 6 % rise in crude oil,https://www.thisismoney.co.uk/money/markets/article-12628675/MARKET-REPORT-Tensions-Middle-East-fuel-6-rise-crude-oil.html,thisismoney.co.uk,English,0.416,0.584,0.0,-0.7506,CRST
20231013T191500Z,FTSE 100 Finishes Down as Energy Stocks Show Resilience,https://www.morningstar.com/news/dow-jones/202310136482/ftse-100-finishes-down-as-energy-stocks-show-resilience,morningstar.com,English,0.0,0.792,0.208,0.2732,CRST
20231012T234500Z,"Friday preview : U . S : consumer confidence , Citigroup and Wells Fargo results due out",https://www.sharecast.com/news/company-news-preview/friday-preview-us-consumer-confidence-citigroup-and-wells-fargo-results-due-out--14944438.html,sharecast.com,English,0.0,0.629,0.371,0.6486,CRST
20231005T194500Z,Ranking the current alternate uniforms of every NFL team,https://www.yardbarker.com/nfl/articles/ranking_the_current_alternate_uniforms_of_every_nfl_team_100523/s1__39303714,yardbarker.com,English,0.0,1.0,0.0,0.0,CRST
20231001T140000Z,Autistic photographer from Ipswich shares dreams for future,https://www.ipswichstar.co.uk/news/23821198.autistic-photographer-ipswich-shares-dreams-future/,ipswichstar.co.uk,English,0.0,0.55,0.45,0.5994,CRST
20240221T133000Z,Investegate | Company Announcement,https://www.investegate.co.uk:443/announcement/rns/crest-nicholson-holdings--crst/holding-s-in-company/8049353,investegate.co.uk,English,0.0,1.0,0.0,0.0,CRST
20240221T111500Z,AHMM submits 270 - home scheme for east London  mulberry tree  site,https://www.architectsjournal.co.uk/news/ahmm-submits-270-home-scheme-for-east-london-mulberry-tree-site,architectsjournal.co.uk,English,0.0,1.0,0.0,0.0,CRST
20240221T090000Z,Concern over  treacherou Wantage street lighting,https://www.thisisoxfordshire.co.uk/news/24129637.concern-treacherous-wantage-street-lighting/,thisisoxfordshire.co.uk,English,0.0,1.0,0.0,0.0,CRST
20240220T063000Z,Investors Could Be Concerned With Crest Nicholson Holding ( LON : CRST ) Returns On Capital,https://finance.yahoo.com/news/investors-could-concerned-crest-nicholson-052056651.html,finance.yahoo.com,English,0.0,1.0,0.0,0.0,CRST
20240214T224500Z,"Taylor Wimpey , Persimmon , Redrow not applying for building safety loan",https://www.freepressseries.co.uk/news/24119986.taylor-wimpey-persimmon-redrow-not-applying-building-safety-loan/,freepressseries.co.uk,English,0.0,0.763,0.237,0.4215,CRST
20240214T193000Z,"Taylor Wimpey , Persimmon , Redrow not applying for building safety loan",https://www.penarthtimes.co.uk/news/24119986.taylor-wimpey-persimmon-redrow-not-applying-building-safety-loan/,penarthtimes.co.uk,English,0.0,0.763,0.237,0.4215,CRST
20240214T191500Z,"Taylor Wimpey , Persimmon , Redrow not applying for building safety loan",https://www.southwalesargus.co.uk/news/24119986.taylor-wimpey-persimmon-redrow-not-applying-building-safety-loan/,southwalesargus.co.uk,English,0.0,0.763,0.237,0.4215,CRST
20240214T183000Z,"Taylor Wimpey , Persimmon , Redrow not applying for building safety loan",https://www.barryanddistrictnews.co.uk/news/24119986.taylor-wimpey-persimmon-redrow-not-applying-building-safety-loan/,barryanddistrictnews.co.uk,English,0.0,0.763,0.237,0.4215,CRST
20240214T160000Z,London midday : Stocks extend gains after inflation print ; housebuilders rally,https://www.sharecast.com/news/market-report-midday/london-midday-stocks-extend-gains-after-inflation-print-housebuilders-rally--16186684.html,sharecast.com,English,0.0,0.661,0.339,0.4767,CRST
20240214T151500Z,London midday : Stocks extend gains after inflation print ; housebuilders rally,https://www.hl.co.uk/shares/stock-market-news/market-reports/london-midday-stocks-extend-gains-after-inflation-print-housebuilders-rally,hl.co.uk,English,0.0,0.661,0.339,0.4767,CRST
20240213T044500Z,Wickford 117 homes plans opposed by furious residents,https://www.echo-news.co.uk/news/24115070.wickford-117-homes-plans-opposed-furious-residents/,echo-news.co.uk,English,0.346,0.654,0.0,-0.5719,CRST
20240212T211500Z,London close : Stocks finish higher after very quiet Monday,https://www.sharecast.com/news/market-report-close/london-close-stocks-finish-higher-after-very-quiet-monday--16156680.html,sharecast.com,English,0.0,1.0,0.0,0.0,CRST
20240212T211500Z,"FTSE 250 movers : Tritax falls , Jupiter Fund Management gains on BNP rating",https://www.sharecast.com/news/risers-and-fallers/ftse-250-movers-tritax-falls-jupiter-fund-management-gains-on-bnp-rating--16155104.html,sharecast.com,English,0.0,0.821,0.179,0.34,CRST
20240209T111500Z,London open : Stocks steady ; Tesco rallies on banking arm sale,https://www.lse.co.uk/news/london-open-stocks-steady-tesco-rallies-on-banking-arm-sale-cty705qmf3ueujw.html,lse.co.uk,English,0.0,1.0,0.0,0.0,CRST
20240208T114500Z,Essential work at 70 Cardiff high - rise buildings yet to begin a year on,https://www.walesonline.co.uk/news/wales-news/essential-work-70-cardiff-high-28571945,walesonline.co.uk,English,0.0,1.0,0.0,0.0,CRST
20240208T054500Z,UK homebuilder Barratt to buy Redrow in 2 . 52 billion pound deal,https://cyprus-mail.com/2024/02/08/uk-homebuilder-barratt-to-buy-redrow-in-2-52-billion-pound-deal/,cyprus-mail.com,English,0.0,1.0,0.0,0.0,CRST
20240207T190000Z,Barratt Redrow merger is a defensive move as housing sector sits at pivotal point,https://www.proactiveinvestors.co.uk/companies/news/1040457/barratt-redrow-merger-is-a-defensive-move-as-housing-sector-sits-at-pivotal-point-1040457.html,proactiveinvestors.co.uk,English,0.0,0.916,0.084,0.0258,CRST
20240207T154500Z,"Crest Nicholson launches over 220 new homes in Daventry , Northamptonshire",https://www.daventryexpress.co.uk/lifestyle/homes-and-gardens/crest-nicholson-launches-over-220-new-homes-in-daventry-northamptonshire-4508902,daventryexpress.co.uk,English,0.0,1.0,0.0,0.0,CRST
20240207T121500Z,London midday : Stocks turn lower ; Barratt and Redrow announce merger,https://www.lse.co.uk/news/london-midday-stocks-turn-lower-barratt-and-redrow-announce-merger-vw3m0dofy71gkuh.html,lse.co.uk,English,0.196,0.804,0.0,-0.296,CRST
20240206T130000Z,Investegate | Company Announcement,https://www.investegate.co.uk:443/announcement/rns/crest-nicholson-holdings--crst/director-pdmr-shareholding/8024341,investegate.co.uk,English,0.0,1.0,0.0,0.0,CRST
20240206T130000Z,Investegate | Company Announcement,https://www.investegate.co.uk:443/announcement/rns/crest-nicholson-holdings--crst/director-pdmr-shareholding/8024391,investegate.co.uk,English,0.0,1.0,0.0,0.0,CRST
20240204T110000Z,Sitdown Sunday :  There are about 295 deaths a day  - inside the global fentanyl crisis,https://www.thejournal.ie/sitdown-sunday-longform-longreads-4-6288038-Feb2024/,thejournal.ie,English,0.255,0.745,0.0,-0.6249,CRST
20240202T183000Z,BlackRock Throgmorton Trust Plc - Annual Financial Report,https://www.marketscreener.com/quote/stock/BLACKROCK-THROGMORTON-TRU-4002385/news/BlackRock-Throgmorton-Trust-Plc-Annual-Financial-Report-45876573/,marketscreener.com,English,0.0,0.645,0.355,0.5106,CRST
20240202T104500Z,dpa - AFX Overview : Analyst recommendations on U . K . stocks,https://www.finanznachrichten.de/nachrichten-2024-02/61303610-dpa-afx-overview-analyst-recommendations-on-u-k-stocks-020.htm,finanznachrichten.de,English,0.0,1.0,0.0,0.0,CRST
20240202T094500Z,Barclays raises easyJet and Wizz Air,https://www.marketscreener.com/quote/stock/BARCLAYS-PLC-9583556/news/Barclays-raises-easyJet-and-Wizz-Air-45872335/,marketscreener.com,English,0.0,1.0,0.0,0.0,CRST
20240427T131500Z,Suffolk Bitesize :  Your weekly council round - up,https://www.suffolknews.co.uk/sudbury/news/suffolk-bitesize-your-weekly-council-round-up-9363548/,suffolknews.co.uk,English,0.0,1.0,0.0,0.0,CRST
20240425T163000Z,Holding ( s ) in Company | Company Announcement,https://www.investegate.co.uk:443/announcement/rns/crest-nicholson-holdings--crst/holding-s-in-company/8157838,investegate.co.uk,English,0.0,1.0,0.0,0.0,CRST
20240425T124500Z,Deputy Mayor marks launch at Crest Nicholson first Doncaster development of three to five bed houses,https://www.doncasterfreepress.co.uk/lifestyle/homes-and-gardens/deputy-mayor-marks-launch-at-crest-nicholsons-first-doncaster-development-of-three-to-five-bed-houses-4604995,doncasterfreepress.co.uk,English,0.0,1.0,0.0,0.0,CRST
20240425T123000Z,London midday : FTSE 100 set for new high as earnings impress,https://www.sharecast.com/news/market-report-midday/london-midday-ftse-100-set-for-new-high-as-earnings-impress--16660866.html,sharecast.com,English,0.0,0.775,0.225,0.4404,CRST
20240425T073000Z,Publication of Annual Report and Notice of AGM | Company Announcement,https://www.investegate.co.uk:443/announcement/rns/lunglife-ai-inc-di---llai/publication-of-annual-report-and-notice-of-agm/8155709,investegate.co.uk,English,0.0,1.0,0.0,0.0,CRST
20240424T220000Z,London close : Stocks finish weaker after earlier gains,https://www.hl.co.uk/shares/stock-market-news/market-reports/london-close-stocks-finish-weaker-after-earlier-gains,hl.co.uk,English,0.257,0.531,0.212,-0.128,CRST
20240424T180000Z,London close : Stocks finish weaker after earlier gains,https://www.sharecast.com/news/market-report-close/london-close-stocks-finish-weaker-after-earlier-gains--16653585.html,sharecast.com,English,0.257,0.531,0.212,-0.128,CRST
20240424T120000Z,Crest Nicholson : ESG Data Handbook REPORT,https://www.marketscreener.com/quote/stock/CREST-NICHOLSON-HOLDINGS--12583133/news/Crest-Nicholson-ESG-Data-Handbook-REPORT-46515320/,marketscreener.com,English,0.0,1.0,0.0,0.0,CRST
20240422T224500Z,"Tuesday preview : Global PMIs , Jupiter Fund Management in focus",https://www.sharecast.com/news/company-news-preview/tuesday-preview-global-pmis-jupiter-fund-management-in-focus--16635321.html,sharecast.com,English,0.0,1.0,0.0,0.0,CRST
20240422T164500Z,Ipswich council to decide on 96 new homes in Henley Gate,https://www.ipswichstar.co.uk/news/24269362.ipswich-council-decide-96-new-homes-henley-gate/,ipswichstar.co.uk,English,0.0,1.0,0.0,0.0,CRST
20240422T103000Z,Deputy Mayor marks launch at housebuilder first Yorkshire development,https://www.doncasterfreepress.co.uk/lifestyle/homes-and-gardens/deputy-mayor-marks-launch-at-housebuilders-first-yorkshire-development-4599590,doncasterfreepress.co.uk,English,0.0,1.0,0.0,0.0,CRST
20240418T171500Z,Nando and 24 - hour gym confirmed as next Brightwells Yard tenants in Farnham,https://www.getsurrey.co.uk/news/surrey-news/nandos-24-hour-gym-confirmed-29020260,getsurrey.co.uk,English,0.0,1.0,0.0,0.0,CRST
20240415T140000Z,London midday : Oil and mining stocks drag united kingdom markets lower,https://www.lse.co.uk/news/london-midday-oil-and-mining-stocks-drag-uk-markets-lower-mum94l3xr3clh8s.html,lse.co.uk,English,0.275,0.537,0.188,-0.0772,CRST
20240415T111500Z,London open : Israel - Iran tensions weigh on stocks early on,https://www.hl.co.uk/shares/stock-market-news/market-reports/london-open-israel-iran-tensions-weigh-on-stocks-early-on,hl.co.uk,English,0.231,0.769,0.0,-0.4019,CRST
20240415T110000Z,London open : Israel - Iran tensions weigh on stocks early on,https://www.sharecast.com/news/market-report-opening/london-open--16597093.html,sharecast.com,English,0.231,0.769,0.0,-0.4019,CRST
20240415T093000Z,UBS raises Crest Nicholson ; Stifel cuts CRH,https://www.marketscreener.com/quote/stock/CREST-NICHOLSON-HOLDINGS--12583133/news/UBS-raises-Crest-Nicholson-Stifel-cuts-CRH-46433231/,marketscreener.com,English,0.268,0.732,0.0,-0.296,CRST
20240412T100000Z,dpa - AFX Overview : Analyst recommendations on U . K . stocks,https://www.finanznachrichten.de/nachrichten-2024-04/61929875-dpa-afx-overview-analyst-recommendations-on-u-k-stocks-020.htm,finanznachrichten.de,English,0.0,1.0,0.0,0.0,CRST
20240411T161500Z,Holding ( s ) in Company | Company Announcement,https://www.investegate.co.uk:443/announcement/rns/crest-nicholson-holdings--crst/holding-s-in-company/8133833,investegate.co.uk,English,0.0,1.0,0.0,0.0,CRST
20240409T201500Z,NBA superfan well known for Beverly Hills mansion on  Selling Sunset  – Orange County Register,https://www.ocregister.com/2024/04/09/you-know-him-from-nba-games-you-know-his-house-from-selling-sunset/,ocregister.com,English,0.0,0.861,0.139,0.2732,CRST
20240406T090000Z,Changes to 135 homes in commuter village approved,https://www.bracknellnews.co.uk/news/24235534.changes-135-homes-commuter-village-approved/,bracknellnews.co.uk,English,0.0,0.714,0.286,0.4215,CRST
20240405T020000Z,Crest Nicholson launches new Hampshire mortgage scheme,http://mhv.dailyecho.co.uk/news/24217322.crest-nicholson-launches-new-hampshire-mortgage-scheme/,mhv.dailyecho.co.uk,English,0.0,1.0,0.0,0.0,CRST
20240801T064500Z,Interest rate cuts are coming – here are five stocks to invest in now,https://finance.yahoo.com/news/interest-rate-cuts-coming-five-060000981.html,finance.yahoo.com,English,0.136,0.679,0.185,0.2023,CRST
20240731T144500Z,"Form 8 . 3 - The Vanguard Group , Inc .: Bellway plc",https://www.finanznachrichten.de/nachrichten-2024-07/62873104-form-8-3-the-vanguard-group-inc-bellway-plc-015.htm,finanznachrichten.de,English,0.0,1.0,0.0,0.0,CRST
20240731T094500Z,Norges Bank - Form 8 . 3 - Bellway plc,https://www.finanznachrichten.de/nachrichten-2024-07/62868674-norges-bank-form-8-3-bellway-plc-008.htm,finanznachrichten.de,English,0.0,1.0,0.0,0.0,CRST
20240731T091500Z,Norges Bank - Form 8 . 3 - Crest Nicholson Holdings plc,https://www.finanznachrichten.de/nachrichten-2024-07/62868398-norges-bank-form-8-3-crest-nicholson-holdings-plc-008.htm,finanznachrichten.de,English,0.0,1.0,0.0,0.0,CRST
20240730T133000Z,Crest Nicholson : secures planning permission for new site in East Ayton,https://www.marketscreener.com/quote/stock/CREST-NICHOLSON-HOLDINGS--12583133/news/Crest-Nicholson-secures-planning-permission-for-new-site-in-East-Ayton-47504053/,marketscreener.com,English,0.0,0.813,0.187,0.3182,CRST
20240730T113000Z,"London open : Stocks fall as BP shines , Diageo tumbles",https://www.sharecast.com/news/market-report-opening/london-open-stocks-fall-as-bp-shines-diageo-tumbles--17162040.html,sharecast.com,English,0.0,1.0,0.0,0.0,CRST
20240730T111500Z,Man Group PLC : Form 8 . 3 - Crest Nicholson Holdings plc,https://www.globenewswire.com/news-release/2024/07/30/2920837/0/en/Man-Group-PLC-Form-8-3-Crest-Nicholson-Holdings-plc.html,globenewswire.com,English,0.0,1.0,0.0,0.0,CRST
20240730T111500Z,Man Group PLC : Form 8 . 3 - Crest Nicholson Holdings plc,https://www.marketscreener.com/quote/stock/MAN-GROUP-LTD-50918218/news/Man-Group-PLC-Form-8-3-Crest-Nicholson-Holdings-plc-47502159/,marketscreener.com,English,0.0,1.0,0.0,0.0,CRST
20240729T101500Z,Man Group PLC : Form 8 . 3 - Crest Nicholson Holdings plc,https://www.marketscreener.com/quote/stock/MAN-GROUP-LTD-50918218/news/Man-Group-PLC-Form-8-3-Crest-Nicholson-Holdings-plc-47491611/,marketscreener.com,English,0.0,1.0,0.0,0.0,CRST
20240729T101500Z,Man Group PLC : Form 8 . 3 - Bellway plc - MarketScreener,https://www.marketscreener.com/quote/stock/MAN-GROUP-LTD-50918218/news/Man-Group-PLC-Form-8-3-Bellway-plc-47491603/,marketscreener.com,English,0.0,1.0,0.0,0.0,CRST
20240729T090000Z,Norges Bank - Form 8 . 3 - Crest Nicholson Holdings plc,https://www.marketscreener.com/quote/stock/CREST-NICHOLSON-HOLDINGS--12583133/news/Norges-Bank-Form-8-3-Crest-Nicholson-Holdings-plc-47491050/,marketscreener.com,English,0.0,1.0,0.0,0.0,CRST
20240726T120000Z,How Labour housebuilding target of 1 . 5 million new homes hinges on just six private companies,https://www.bigissue.com/news/housing/labour-housebuilding-target-private-companies/,bigissue.com,English,0.0,1.0,0.0,0.0,CRST
20240726T110000Z,London open : FTSE gains as NatWest rallies after results,https://www.sharecast.com/news/market-report-opening/london-open-ftse-gains-as-natwest-rallies-after-results--17146222.html,sharecast.com,English,0.0,0.769,0.231,0.34,CRST
20240726T100000Z,Dimensional Fund Advisors Ltd . : Form 8 . 3,https://www.globenewswire.com/news-release/2024/07/26/2919427/0/en/Dimensional-Fund-Advisors-Ltd-Form-8-3-BELLWAY-PLC-Ordinary-Shares.html,globenewswire.com,English,0.0,1.0,0.0,0.0,CRST
20240726T091500Z,Frontiers | The issue of heterogeneity of MSC - based advanced therapy medicinal products – a review,https://www.frontiersin.org/journals/cell-and-developmental-biology/articles/10.3389/fcell.2024.1400347/full,frontiersin.org,English,0.0,0.857,0.143,0.25,CRST
20240726T011500Z,Charity record revenue but relocation still on hold,https://www.henleystandard.co.uk/news/home/191090/charitys-record-revenue-but-relocation-still-on-hold.html,henleystandard.co.uk,English,0.0,0.787,0.213,0.2263,CRST
20240725T141500Z,"Form 8 . 3 - The Vanguard Group , Inc .: Crest Nicholson Holdings plc",https://www.finanznachrichten.de/nachrichten-2024-07/62822910-form-8-3-the-vanguard-group-inc-crest-nicholson-holdings-plc-015.htm,finanznachrichten.de,English,0.0,1.0,0.0,0.0,CRST
20240725T133000Z,"London midday : Stocks slump after US selloff , amid corporate avalanche","https://www.hl.co.uk/shares/stock-market-news/market-reports/london-midday-stocks-slump-after-us-selloff,-amid-corporate-avalanche",hl.co.uk,English,0.0,1.0,0.0,0.0,CRST
20240725T123000Z,"London midday : Stocks slump after US selloff , amid corporate avalanche",https://www.sharecast.com/news/market-report-midday/london-midday-stocks-slump-after-us-selloff-amid-corporate-avalanche--17138675.html,sharecast.com,English,0.0,1.0,0.0,0.0,CRST
20240725T123000Z,"London open : Stocks fall after US selloff , amid earnings deluge",https://www.sharecast.com/news/market-report-opening/london-open-stocks-fall-after-us-selloff-amid-earnings-deluge--17137669.html,sharecast.com,English,0.0,1.0,0.0,0.0,CRST
20240725T123000Z,"London midday : Stocks slump after US selloff , amid corporate avalanche",https://www.lse.co.uk/news/london-midday-stocks-slump-after-us-selloff-amid-corporate-avalanche-qscf2bemlbcgi0l.html,lse.co.uk,English,0.0,1.0,0.0,0.0,CRST
20240725T114500Z,Holding ( s ) in Company | Company Announcement,https://www.investegate.co.uk:443/announcement/rns/crest-nicholson-holdings--crst/holding-s-in-company/8331257,investegate.co.uk,English,0.0,1.0,0.0,0.0,CRST
20240724T141500Z,Norges Bank - Form 8 . 3 - Crest Nicholson Holdings plc,https://www.marketscreener.com/quote/stock/CREST-NICHOLSON-HOLDINGS--12583133/news/Norges-Bank-Form-8-3-Crest-Nicholson-Holdings-plc-47457586/,marketscreener.com,English,0.0,1.0,0.0,0.0,CRST
20240724T141500Z,Norges Bank - Form 8 . 3 - Crest Nicholson Holdings plc,https://www.finanznachrichten.de/nachrichten-2024-07/62810110-norges-bank-form-8-3-crest-nicholson-holdings-plc-008.htm,finanznachrichten.de,English,0.0,1.0,0.0,0.0,CRST
20240724T140000Z,"Form 8 . 3 - The Vanguard Group , Inc .: Crest Nicholson Holdings plc",https://www.finanznachrichten.de/nachrichten-2024-07/62809973-form-8-3-the-vanguard-group-inc-crest-nicholson-holdings-plc-015.htm,finanznachrichten.de,English,0.0,1.0,0.0,0.0,CRST
20240723T233000Z,Informa in advanced talks to buy rival Ascential,https://www.thetimes.com/business-money/companies/article/informa-in-advanced-talks-to-buy-rival-ascential-nqvkqq7hd,thetimes.com,English,0.0,0.778,0.222,0.25,CRST
20240723T124500Z,London open : Mining stocks weigh on united kingdom markets,https://www.lse.co.uk/news/london-open-mining-stocks-weigh-on-uk-markets-gv7oogvrq37g0zo.html,lse.co.uk,English,0.0,0.741,0.259,0.4215,CRST
20240723T113000Z,Norges Bank - Form 8 . 3 - Crest Nicholson Holdings plc,https://www.finanznachrichten.de/nachrichten-2024-07/62796352-norges-bank-form-8-3-crest-nicholson-holdings-plc-008.htm,finanznachrichten.de,English,0.0,1.0,0.0,0.0,CRST
20240722T134500Z,Heartland Festival 2024 review,https://www.efestivals.co.uk/news/24/heartland-festival-2024-review.shtml,efestivals.co.uk,English,0.0,0.484,0.516,0.4939,CRST
20240722T124500Z,Norges Bank - Form 8 . 3 - Crest Nicholson Holdings plc,https://www.marketscreener.com/quote/stock/CREST-NICHOLSON-HOLDINGS--12583133/news/Norges-Bank-Form-8-3-Crest-Nicholson-Holdings-plc-47434510/,marketscreener.com,English,0.0,1.0,0.0,0.0,CRST
20240721T201500Z,How YOU can profit from the Rachel Reeves planning revolution - these are the companies to invest in as Labour rips up planning rules to build 1 . 5million homes,https://www.thisismoney.co.uk/money/mailplus/article-13655969/How-profit-Rachel-Reeves-planning-revolution-companies-invest-Labour-rips-planning-rules-build-1-5million-homes.html,thisismoney.co.uk,English,0.0,0.9,0.1,0.4404,CRST
20240719T234500Z,"As Labour rips up planning rules to build 1 . 5m homes , here how YOU can profit",https://www.dailymail.co.uk/money/investing/article-13652665/As-Labour-rips-planning-rules-build-1-5m-homes-heres-profit.html,dailymail.co.uk,English,0.0,0.828,0.172,0.4404,CRST
20240719T170000Z,Norges Bank - Form 8 . 3 - Bellway plc,https://www.finanznachrichten.de/nachrichten-2024-07/62776446-norges-bank-form-8-3-bellway-plc-008.htm,finanznachrichten.de,English,0.0,1.0,0.0,0.0,CRST
20240719T170000Z,Norges Bank - Form 8 . 3 - Bellway plc,https://www.marketscreener.com/quote/stock/BELLWAY-P-L-C-120793376/news/Norges-Bank-Form-8-3-Bellway-plc-47424032/,marketscreener.com,English,0.0,1.0,0.0,0.0,CRST
20240719T144500Z,"Form 8 . 3 - The Vanguard Group , Inc .: Crest Nicholson Holdings plc",https://www.finanznachrichten.de/nachrichten-2024-07/62775410-form-8-3-the-vanguard-group-inc-crest-nicholson-holdings-plc-015.htm,finanznachrichten.de,English,0.0,1.0,0.0,0.0,CRST
20240719T144500Z,"Form 8 . 3 - The Vanguard Group , Inc .: Bellway plc",https://www.finanznachrichten.de/nachrichten-2024-07/62775354-form-8-3-the-vanguard-group-inc-bellway-plc-015.htm,finanznachrichten.de,English,0.0,1.0,0.0,0.0,CRST
20240718T144500Z,Aberforth Partners LLP - Form 8 . 3 - Crest Nicholson Holdings plc,https://www.finanznachrichten.de/nachrichten-2024-07/62765041-aberforth-partners-llp-form-8-3-crest-nicholson-holdings-plc-008.htm,finanznachrichten.de,English,0.0,1.0,0.0,0.0,CRST
20240718T140000Z,"Form 8 . 3 - The Vanguard Group , Inc .: Bellway plc",https://www.finanznachrichten.de/nachrichten-2024-07/62764583-form-8-3-the-vanguard-group-inc-bellway-plc-015.htm,finanznachrichten.de,English,0.0,1.0,0.0,0.0,CRST
20240718T101500Z,Man Group PLC : Form 8 . 3 - Bellway plc - MarketScreener,https://www.marketscreener.com/quote/stock/MAN-GROUP-LTD-50918218/news/Man-Group-PLC-Form-8-3-Bellway-plc-47410940/,marketscreener.com,English,0.0,1.0,0.0,0.0,CRST
20240717T143000Z,"Form 8 . 3 - The Vanguard Group , Inc .: Bellway plc",https://www.finanznachrichten.de/nachrichten-2024-07/62753754-form-8-3-the-vanguard-group-inc-bellway-plc-015.htm,finanznachrichten.de,English,0.0,1.0,0.0,0.0,CRST
20240717T101500Z,Man Group PLC : Form 8 . 3 - Crest Nicholson Holdings plc,https://www.globenewswire.com/news-release/2024/07/17/2914386/0/en/Man-Group-PLC-Form-8-3-Crest-Nicholson-Holdings-plc.html,globenewswire.com,English,0.0,1.0,0.0,0.0,CRST
20240716T123000Z,Man Group PLC : Form 8 . 3 - Bellway plc - MarketScreener,https://www.marketscreener.com/quote/stock/MAN-GROUP-LTD-50918218/news/Man-Group-PLC-Form-8-3-Bellway-plc-47391176/,marketscreener.com,English,0.0,1.0,0.0,0.0,CRST
20240715T121500Z,Man Group PLC : Form 8 . 3 - Crest Nicholson Holdings plc,https://www.globenewswire.com/news-release/2024/07/15/2912972/0/en/Man-Group-PLC-Form-8-3-Crest-Nicholson-Holdings-plc.html,globenewswire.com,English,0.0,1.0,0.0,0.0,CRST
20240715T110000Z,Form 8 . 3 - Lupus alpha Asset Management AG : Crest Nicholson Holdings Plc,https://www.marketscreener.com/quote/stock/CREST-NICHOLSON-HOLDINGS--12583133/news/Form-8-3-Lupus-alpha-Asset-Management-AG-Crest-Nicholson-Holdings-Plc-47381046/,marketscreener.com,English,0.0,0.783,0.217,0.3612,CRST
20240712T144500Z,146 homes plan for greenbelt land in Dunton,https://www.yourthurrock.com/2024/07/12/146-homes-plan-for-greenbelt-land-in-dunton/,yourthurrock.com,English,0.0,1.0,0.0,0.0,CRST
20240712T140000Z,London midday : Stocks up on US rate cut hopes,https://www.hl.co.uk/shares/stock-market-news/market-reports/london-midday-stocks-up-on-us-rate-cut-hopes,hl.co.uk,English,0.176,0.588,0.235,0.1779,CRST
20240712T140000Z,"Form 8 . 3 - The Vanguard Group , Inc .: Crest Nicholson Holdings plc",https://www.finanznachrichten.de/nachrichten-2024-07/62719699-form-8-3-the-vanguard-group-inc-crest-nicholson-holdings-plc-015.htm,finanznachrichten.de,English,0.0,1.0,0.0,0.0,CRST
20240712T140000Z,"Form 8 . 3 - The Vanguard Group , Inc .: Bellway plc",https://www.finanznachrichten.de/nachrichten-2024-07/62719620-form-8-3-the-vanguard-group-inc-bellway-plc-015.htm,finanznachrichten.de,English,0.0,1.0,0.0,0.0,CRST
20240711T211500Z,London close : Stocks rise as US inflation slows more than expected,https://www.sharecast.com/news/market-report-close/london-close-stocks-rise-as-us-inflation-slows-more-than-expected--17068811.html,sharecast.com,English,0.0,1.0,0.0,0.0,CRST
20240711T184500Z,King Alfred site proves popular choice for new swimming pool and leisure centre,https://www.sussexexpress.co.uk/news/politics/council/king-alfred-site-proves-popular-choice-for-new-swimming-pool-and-leisure-centre-4699884,sussexexpress.co.uk,English,0.0,0.811,0.189,0.4215,CRST
20240711T144500Z,London midday : Stocks tick higher after united kingdom GDP data ; water firms in focus,https://www.lse.co.uk/news/london-midday-stocks-tick-higher-after-uk-gdp-data-water-firms-in-focus-pwqqarxxyhdfanx.html,lse.co.uk,English,0.0,0.823,0.177,0.4215,CRST
20240711T143000Z,"Form 8 . 3 - The Vanguard Group , Inc .: Crest Nicholson Holdings plc",https://www.finanznachrichten.de/nachrichten-2024-07/62709801-form-8-3-the-vanguard-group-inc-crest-nicholson-holdings-plc-015.htm,finanznachrichten.de,English,0.0,1.0,0.0,0.0,CRST
20240711T141500Z,MJ Gleeson prepares for government housebuilding push,https://www.thisismoney.co.uk/money/markets/article-13623089/MJ-Gleeson-prepares-governments-housebuilding-push-vigorous-sales.html,thisismoney.co.uk,English,0.0,1.0,0.0,0.0,CRST
20240711T140000Z,"Form 8 . 3 - The Vanguard Group , Inc .: Bellway plc",https://www.marketscreener.com/quote/stock/BELLWAY-P-L-C-9590129/news/Form-8-3-The-Vanguard-Group-Inc-Bellway-plc-47363050/,marketscreener.com,English,0.0,1.0,0.0,0.0,CRST
20240711T113000Z,Man Group PLC : Form 8 . 3 - Bellway plc - MarketScreener,https://www.marketscreener.com/quote/stock/MAN-GROUP-LTD-50918218/news/Man-Group-PLC-Form-8-3-Bellway-plc-47361453/,marketscreener.com,English,0.0,1.0,0.0,0.0,CRST
20240711T070000Z,Mark Kleinman : Water sector goodwill will evaporate under Labour,https://www.cityam.com/mark-kleinman-water-sectors-goodwill-will-evaporate-under-labour/,cityam.com,English,0.0,1.0,0.0,0.0,CRST
20240711T021500Z,FTSE 250 movers : Investors get a taste for SSP ; Direct Line slips,https://www.sharecast.com/news/risers-and-fallers/ftse-250-movers--17061866.html,sharecast.com,English,0.0,1.0,0.0,0.0,CRST
20240711T001500Z,"Royal Mail chairman Keith Williams is in the firing line , says ALEX BRUMMER",https://www.thisismoney.co.uk/money/comment/article-13621067/Royal-Mail-chairman-Keith-Williams-firing-line-says-ALEX-BRUMMER.html,thisismoney.co.uk,English,0.167,0.833,0.0,-0.34,CRST
20240710T201500Z,Companies roundup : Bellway - Crest Nicholson & Zigup,https://www.investorschronicle.co.uk/content/5e7cb5d4-e322-523c-bdbf-f53f2d62f596,investorschronicle.co.uk,English,0.0,1.0,0.0,0.0,CRST
20240710T193000Z,London close : Stocks rise as investors look to US data,https://www.hl.co.uk/shares/stock-market-news/market-reports/london-close-stocks-rise-as-investors-look-to-us-data,hl.co.uk,English,0.0,1.0,0.0,0.0,CRST
20240710T193000Z,Crest Nicholson  minded  to accept Bellway £720m takeover bid,https://www.constructionnews.co.uk/financial/ma/crest-nicholson-minded-to-accept-bellways-720m-takeover-bid-10-07-2024/,constructionnews.co.uk,English,0.0,0.755,0.245,0.3818,CRST
20240710T141500Z,"Form 8 . 3 - The Vanguard Group , Inc .: Crest Nicholson Holdings plc",https://www.finanznachrichten.de/nachrichten-2024-07/62699007-form-8-3-the-vanguard-group-inc-crest-nicholson-holdings-plc-015.htm,finanznachrichten.de,English,0.0,1.0,0.0,0.0,CRST
20240710T134500Z,Barratt to build fewer houses this year despite Labour pledge to fix shortage,https://www.theguardian.com/business/article/2024/jul/10/barratt-to-build-fewer-houses-this-year-despite-labour-pledge-to-fix-shortage,theguardian.com,English,0.143,0.857,0.0,-0.25,CRST
20240710T121500Z,"FTSE 100 Live : Stocks rally , BA gets double upgrade , Bellway hones in on Crest Nicholson",https://www.proactiveinvestors.co.uk/companies/news/1051562/ftse-100-live-stocks-rally-ba-gets-double-upgrade-bellway-hones-in-on-crest-nicholson-1051562.html,proactiveinvestors.co.uk,English,0.0,1.0,0.0,0.0,CRST
20240710T121500Z,Crest Nicholson board gives green light as Bellway improves offer,https://www.thetimes.com/business-money/companies/article/crest-nicholson-board-gives-green-light-as-bellway-improves-offer-tcjn6kkl0,thetimes.com,English,0.0,0.763,0.237,0.4215,CRST
20240710T121500Z,Crest Nicholson set to accept revised Bellway bid,https://www.constructionenquirer.com/2024/07/10/crest-nicholson-set-to-accept-revised-bellway-bid/,constructionenquirer.com,English,0.0,0.729,0.271,0.3818,CRST
20240710T120000Z,Crest Nicholson poised to back £720m Bellway bid,https://www.sharecast.com/news/news-and-announcements/crest-nicholson-poised-to-back-pound720m-bellway-bid--17059969.html,sharecast.com,English,0.0,0.778,0.222,0.25,CRST
20240710T103000Z,Man Group PLC : Form 8 . 3 - Crest Nicholson Holdings plc,https://www.marketscreener.com/quote/stock/MAN-GROUP-LTD-50918218/news/Man-Group-PLC-Form-8-3-Crest-Nicholson-Holdings-plc-47351469/,marketscreener.com,English,0.0,1.0,0.0,0.0,CRST
20240710T103000Z,Man Group PLC : Form 8 . 3 - Bellway plc - MarketScreener,https://www.marketscreener.com/quote/stock/MAN-GROUP-LTD-50918218/news/Man-Group-PLC-Form-8-3-Bellway-plc-47351344/,marketscreener.com,English,0.0,1.0,0.0,0.0,CRST
20240710T103000Z,Crest Nicholson agrees to consider rival Bellway higher £700m takeover offer,https://www.mirror.co.uk/money/crest-nicholson-agrees-consider-rival-33209430,mirror.co.uk,English,0.0,0.847,0.153,0.2023,CRST
20240710T101500Z,Statement re revised proposal and PUSU extension | Company Announcement,https://www.investegate.co.uk:443/announcement/rns/bellway--bwy/statement-re-revised-proposal-and-pusu-extension/8303960,investegate.co.uk,English,0.0,1.0,0.0,0.0,CRST
20240710T100000Z,Crest Nicholson says likely to recommend Bellway $897 million takeover proposal,https://www.swissinfo.ch/eng/crest-nicholson-says-likely-to-recommend-bellway,swissinfo.ch,English,0.0,0.8,0.2,0.3612,CRST
20240710T090000Z,Crest Nicholson  minded to recommend  latest Bellway plan,https://www.marketscreener.com/quote/stock/CREST-NICHOLSON-HOLDINGS--12583133/news/Crest-Nicholson-minded-to-recommend-latest-Bellway-plan-47350724/,marketscreener.com,English,0.0,0.737,0.263,0.3612,CRST
20240709T110000Z,Dimensional Fund Advisors Ltd . : Form 8 . 3 - CREST NICHOLSON,https://www.globenewswire.com/news-release/2024/07/09/2910179/0/en/Dimensional-Fund-Advisors-Ltd-Form-8-3-CREST-NICHOLSON-HOLDINGS-Ordinary-Shares.html,globenewswire.com,English,0.0,1.0,0.0,0.0,CRST
20240708T140000Z,"Form 8 . 3 - The Vanguard Group , Inc .: Crest Nicholson Holdings plc",https://www.finanznachrichten.de/nachrichten-2024-07/62677578-form-8-3-the-vanguard-group-inc-crest-nicholson-holdings-plc-015.htm,finanznachrichten.de,English,0.0,1.0,0.0,0.0,CRST
20240708T140000Z,"Form 8 . 3 - The Vanguard Group , Inc .: Bellway plc",https://www.finanznachrichten.de/nachrichten-2024-07/62677533-form-8-3-the-vanguard-group-inc-bellway-plc-015.htm,finanznachrichten.de,English,0.0,1.0,0.0,0.0,CRST
20240708T110000Z,Form 8 . 3 - Lupus alpha Asset Management AG : Crest Nicholson Holdings Plc,https://www.finanznachrichten.de/nachrichten-2024-07/62675335-form-8-3-lupus-alpha-asset-management-ag-crest-nicholson-holdings-plc-015.htm,finanznachrichten.de,English,0.0,0.783,0.217,0.3612,CRST
20240708T103000Z,Crest Nicholson parks Avant bid pending new Bellway offer,https://www.theconstructionindex.co.uk/news/view/crest-nicholson-parks-avant-bid-pending-new-bellway-offer,theconstructionindex.co.uk,English,0.0,1.0,0.0,0.0,CRST
20240707T064500Z,Crest Nicholson ( LON : CRST ) Rating Reiterated by JPMorgan Chase & Co . ,https://theenterpriseleader.com/2024/07/07/crest-nicholson-loncrst-rating-reiterated-by-jpmorgan-chase-co.html,theenterpriseleader.com,English,0.0,1.0,0.0,0.0,CRST
20240706T101500Z,Crest Nicholson rejects approach from Elliott - backed Avant,https://www.cityam.com/crest-nicholson-rejects-approach-from-elliott-backed-avant/,cityam.com,English,0.311,0.583,0.107,-0.4767,CRST
20240706T093000Z,Crest Nicholson draws new bidding interest after dismissing Bellway - as Labour win boosts housebuilders,https://www.insidermedia.com/news/midlands/crest-nicholson-draws-new-bidding-interest-after-dismissing-bellway-as-labour-win-boosts-housebuilders,insidermedia.com,English,0.0,0.547,0.453,0.8442,CRST
20240706T011500Z,Jeff Fairburn Avant in £770m bid for Crest Nicholson,https://www.thisismoney.co.uk/money/markets/article-13605079/Jeff-Fairburns-Avant-770m-bid-Crest-Nicholson.html,thisismoney.co.uk,English,0.0,1.0,0.0,0.0,CRST
20240706T010000Z,Companies roundup : New Crest Nicholson offer & Shell impairments,https://www.investorschronicle.co.uk/news/2024/07/05/companies-roundup-new-crest-nicholson-offer-shell-impairments/,investorschronicle.co.uk,English,0.0,1.0,0.0,0.0,CRST
20240705T214500Z,Jeff Fairburn Avant in £770m bid for Crest Nicholson,https://www.dailymail.co.uk/money/markets/article-13605079/Jeff-Fairburns-Avant-770m-bid-Crest-Nicholson.html,dailymail.co.uk,English,0.0,1.0,0.0,0.0,CRST
20240705T181500Z,European shares fall on French election uncertainty,https://www.irishtimes.com/business/2024/07/05/european-shares-fall-on-french-election-uncertainty/,irishtimes.com,English,0.25,0.521,0.229,-0.0516,CRST
20240705T160000Z,"FTSE 100 Live : Stocks tumble in late trades , Goldman upgrades united kingdom growth prospects",https://www.proactiveinvestors.co.uk/companies/news/1051285/ftse-100-live-stocks-tumble-in-late-trades-goldman-upgrades-uk-growth-prospects-1051285.html,proactiveinvestors.co.uk,English,0.0,0.591,0.409,0.765,CRST
20240705T151500Z,Crest Nicholson Rejects Bid From Rival united kingdom Housebuilder Avant,https://www.bloomberg.com/news/articles/2024-07-05/crest-nicholson-rejects-bid-from-rival-uk-housebuilder-avant,bloomberg.com,English,0.229,0.571,0.2,-0.1027,CRST
20240705T141500Z,PRESS : Crest Nicholson in new M & A interest after shrugging off Bellway,https://www.lse.co.uk/news/press-crest-nicholson-in-new-ma-interest-after-shrugging-off-bellway-dvcfpix4piwddni.html,lse.co.uk,English,0.0,0.75,0.25,0.4588,CRST
20240705T130000Z,Crest Nicholson Rejects Bid From Rival united kingdom Housebuilder Avant,https://www.bnnbloomberg.ca/crest-nicholson-rejects-bid-from-rival-uk-housebuilder-avant-1.2093329,bnnbloomberg.ca,English,0.229,0.571,0.2,-0.1027,CRST
20240705T124500Z,Avant Homes said to have tabled secret takeover offer for Crest Nicholson,https://www.sharecast.com/news/news-and-announcements/avant-homes-said-to-have-tabled-secret-takeover-offer-for-crest-nicholson--17040871.html,sharecast.com,English,0.0,1.0,0.0,0.0,CRST
20240705T124500Z,UK housebuilders surge on Labour victory,https://www.sharecast.com/news/broker-recommendations/uk-housebuilders-surge-on-labour-victory--17040212.html,sharecast.com,English,0.0,1.0,0.0,0.0,CRST
20240705T124500Z,"London midday : Top - flight index pares gains , FTSE 250 shines",https://www.sharecast.com/news/market-report-midday/london-midday-top-flight-index-pares-gains-ftse-250-shines--17041070.html,sharecast.com,English,0.0,0.656,0.344,0.4939,CRST
20240705T121500Z,"London midday : Top - flight index pares gains , FTSE 250 shines","https://www.hl.co.uk/shares/stock-market-news/market-reports/london-midday-top-flight-index-pares-gains,-ftse-250-shines",hl.co.uk,English,0.0,0.656,0.344,0.4939,CRST
20240705T121500Z,London open : FTSE gains after landslide Labour victory ; housebuilders rally,https://www.hl.co.uk/shares/stock-market-news/market-reports/london-open-ftse-gains-after-landslide-labour-victory-housebuilders-rally,hl.co.uk,English,0.0,0.789,0.211,0.34,CRST
20240705T113000Z,Form 8 . 3 - Lupus alpha Asset Management AG : Crest Nicholson Holdings Plc,https://www.marketscreener.com/quote/stock/CREST-NICHOLSON-HOLDINGS--12583133/news/Form-8-3-Lupus-alpha-Asset-Management-AG-Crest-Nicholson-Holdings-Plc-47320359/,marketscreener.com,English,0.0,0.783,0.217,0.3612,CRST
20240705T093000Z,Man Group PLC : Form 8 . 3 - Bellway plc - MarketScreener,https://www.marketscreener.com/quote/stock/MAN-GROUP-LTD-50918218/news/Man-Group-PLC-Form-8-3-Bellway-plc-47319571/,marketscreener.com,English,0.0,1.0,0.0,0.0,CRST
20240705T074500Z,London open : FTSE gains after landslide Labour victory ; housebuilders rally,https://www.sharecast.com/news/market-report-opening/london-open-ftse-gains-after-landslide-labour-victory-housebuilders-rally--17040231.html,sharecast.com,English,0.0,0.789,0.211,0.34,CRST
20240705T050000Z,How to land a top job in Cumbria hospitality industry,https://www.in-cumbria.com/news/24381703.land-top-job-cumbrias-hospitality-industry/,in-cumbria.com,English,0.0,0.816,0.184,0.2023,CRST
20240704T191500Z,Crest Nicholson proposals for 146 new Dunton homes,https://www.echo-news.co.uk/news/24431753.crest-nicholson-proposals-146-new-dunton-homes/,echo-news.co.uk,English,0.0,1.0,0.0,0.0,CRST
20240703T143000Z,"Form 8 . 3 - The Vanguard Group , Inc .: Crest Nicholson Holdings plc",https://www.marketscreener.com/quote/stock/CREST-NICHOLSON-HOLDINGS--12583133/news/Form-8-3-The-Vanguard-Group-Inc-Crest-Nicholson-Holdings-plc-47296380/,marketscreener.com,English,0.0,1.0,0.0,0.0,CRST
20240703T141500Z,London midday : FTSE maintains gains on US rate cut optimism,https://www.lse.co.uk/news/london-midday-ftse-maintains-gains-on-us-rate-cut-optimism-2p5s2i0mnihjl3t.html,lse.co.uk,English,0.14,0.467,0.393,0.5859,CRST
20240702T141500Z,"Form 8 . 3 - The Vanguard Group , Inc .: Bellway plc",https://www.finanznachrichten.de/nachrichten-2024-07/62637090-form-8-3-the-vanguard-group-inc-bellway-plc-015.htm,finanznachrichten.de,English,0.0,1.0,0.0,0.0,CRST
20240702T134500Z,"Form 8 . 3 - The Vanguard Group , Inc .: Bellway plc",https://www.marketscreener.com/quote/stock/BELLWAY-P-L-C-9590129/news/Form-8-3-The-Vanguard-Group-Inc-Bellway-plc-47286394/,marketscreener.com,English,0.0,1.0,0.0,0.0,CRST
20240702T010000Z,MARKET REPORT : Housebuilders on rise as prices edge higher,https://www.dailymail.co.uk/money/markets/article-13589041/MARKET-REPORT-Housebuilders-rise-prices-edge-higher.html,dailymail.co.uk,English,0.0,1.0,0.0,0.0,CRST
20240701T101500Z,Man Group PLC : Form 8 . 3 - Bellway plc - MarketScreener,https://www.marketscreener.com/quote/stock/MAN-GROUP-LTD-50918218/news/Man-Group-PLC-Form-8-3-Bellway-plc-47275600/,marketscreener.com,English,0.0,1.0,0.0,0.0,CRST
20241127T170000Z,London midday : FTSE flat ahead of US PCE ; Pets at Home tumbles,https://www.lse.co.uk/news/london-midday-ftse-flat-ahead-of-us-pce-pets-at-home-tumbles-nx6agy3pzl9emln.html,lse.co.uk,English,0.0,1.0,0.0,0.0,CRST
20241127T123000Z,New home plans in Elland : Councillors told to approve plans for 233 new homes near Calderdale school despite traffic worries,https://www.halifaxcourier.co.uk/news/environment/new-home-plans-in-elland-councillors-told-to-approve-plans-for-233-new-homes-near-calderdale-school-despite-traffic-worries-4883839,halifaxcourier.co.uk,English,0.0,0.891,0.109,0.3252,CRST
20241123T183000Z,Star Trek : Nemesis Cast & Character Guide,https://screenrant.com/star-trek-nemesis-cast-character-guide/,screenrant.com,English,0.0,1.0,0.0,0.0,CRST
20241123T060000Z,400 homes on agricultural land in New Forest are approved,https://www.dailyecho.co.uk/news/24745197.400-homes-agricultural-land-new-forest-approved/,dailyecho.co.uk,English,0.0,0.763,0.237,0.4215,CRST
20241121T141500Z,"Crest Nicholson gets the green light for 200 new homes in Hailsham , East Sussex",https://www.sussexexpress.co.uk/business/crest-nicholson-gets-the-green-light-for-200-new-homes-in-hailsham-east-sussex-4877273,sussexexpress.co.uk,English,0.0,1.0,0.0,0.0,CRST
20241120T221500Z,Companies roundup : Sage soars & Vistry struggles,https://www.investorschronicle.co.uk/content/b74ca221-4b71-548e-b191-e5433f09c7ff,investorschronicle.co.uk,English,0.333,0.667,0.0,-0.3612,CRST
20241120T203000Z,Crest Nicholson warns of lower profit but reassures on problems,https://www.thetimes.com/business-money/companies/article/crest-nicholson-warns-of-lower-profit-but-reassures-on-problems-kbk8gmqvj,thetimes.com,English,0.384,0.302,0.314,-0.0387,CRST
20241120T201500Z,SDC overruled after rejecting  overly cramped  development for 109 homes,https://www.stratford-herald.com/news/sdc-overruled-after-rejecting-overly-cramped-development-f-9392812/,stratford-herald.com,English,0.25,0.75,0.0,-0.4588,CRST
20241120T161500Z,"FTSE 100 Live : Housebuilders weigh ; Bitcoin tops $94 , 000 ; Ford to shed united kingdom jobs",https://www.proactiveinvestors.co.uk/companies/news/1061002/ftse-100-live-housebuilders-weigh-bitcoin-tops-94-000-ford-to-shed-uk-jobs-1061002.html,proactiveinvestors.co.uk,English,0.0,0.681,0.319,0.7269,CRST
20241120T161500Z,London midday : FTSE flat as investors mull higher - than - expected inflation,https://www.sharecast.com/news/market-report-midday/london-midday-ftse-flat-as-investors-mull-higher-than-expected-inflation--18122000.html,sharecast.com,English,0.0,1.0,0.0,0.0,CRST
20241120T161500Z,London midday : FTSE flat as investors mull higher - than - expected inflation,https://www.lse.co.uk/news/london-midday-ftse-flat-as-investors-mull-higher-than-expected-inflation-dbtziikbueazgon.html,lse.co.uk,English,0.0,1.0,0.0,0.0,CRST
20241120T141500Z,Crest Nicholson plans to shift away from low - margin homes after slump in profit,https://www.mirror.co.uk/news/business/crest-nicholson-plans-shift-away-34150831,mirror.co.uk,English,0.124,0.706,0.171,0.2023,CRST
20241120T141500Z,Crest Nicholson tells investors to expect profit to be at lower end of forecasts,https://www.propertyweek.com/finance/crest-nicholson-tells-investors-to-expect-profit-to-be-at-lower-end-of-forecasts,propertyweek.com,English,0.129,0.702,0.17,0.1779,CRST
20241120T114500Z,"Crest Nicholson sees FY at lower end , but upbeat on 2025",https://www.sharecast.com/news/news-and-announcements/crest-nicholson-sees-fy-at-lower-end-but-upbeat-on-2025--18119260.html,sharecast.com,English,0.138,0.862,0.0,-0.1531,CRST
20241120T104500Z,Crest Nicholson says profit to be at  lower end  of expectations due to higher proportion of affordable homes | News,https://www.building.co.uk/news/crest-nicholson-says-profit-to-be-at-lower-end-of-expectations-due-to-higher-proportion-of-affordable-homes/5132873.article,building.co.uk,English,0.1,0.769,0.131,0.1779,CRST
20241120T101500Z,BUSINESS LIVE : Inflation jumps to 2 . 3 %; Dunelm buys Home Focus,https://www.thisismoney.co.uk/money/markets/article-14104425/BUSINESS-LIVE-Inflation-jumps-2-3-Dunelm-buys-Home-Focus-Royal-Mail-takeover-approved.html,thisismoney.co.uk,English,0.0,1.0,0.0,0.0,CRST
20241120T094500Z,FTSE 100 : London stocks rise despite inflation uptick,https://www.marketscreener.com/quote/index/FTSE-100-7392/news/FTSE-100-London-stocks-rise-despite-inflation-uptick-48415092/,marketscreener.com,English,0.0,1.0,0.0,0.0,CRST
20241120T090000Z,BUSINESS LIVE : Inflation jumps to 2 . 3 %; Dunelm buys Home Focus,https://www.dailymail.co.uk/money/markets/article-14104425/BUSINESS-LIVE-Inflation-jumps-2-3-Dunelm-buys-Home-Focus-Royal-Mail-takeover-approved.html,dailymail.co.uk,English,0.0,1.0,0.0,0.0,CRST
20241118T084500Z,Weekly Outlook : Imperial Brands and Halma results,https://portfolio-adviser.com/weekly-outlook-imperial-brands-and-halma-results/,portfolio-adviser.com,English,0.0,1.0,0.0,0.0,CRST
20241113T220000Z,Harpenden :  Scoping opinion  for development of over 500 homes,https://www.hertsad.co.uk/news/24722391.harpenden-scoping-opinion-development-500-homes/,hertsad.co.uk,English,0.0,1.0,0.0,0.0,CRST
20241113T024500Z,Crest Nicholson ( LON : CRST ) Reaches New 12 - Month Low – Time to Sell ? ,https://theenterpriseleader.com/2024/11/12/crest-nicholson-loncrst-reaches-new-12-month-low-time-to-sell.html,theenterpriseleader.com,English,0.158,0.752,0.09,-0.2263,CRST
20241111T153000Z,Peterborough Allison Homes lays foundation for new growth with top appointment,https://www.peterboroughtoday.co.uk/news/people/peterboroughs-allison-homes-lays-foundation-for-new-growth-with-top-appointment-4861306,peterboroughtoday.co.uk,English,0.0,0.672,0.328,0.5267,CRST
20241110T090000Z,Plans for another 450 Chippenham homes to be built,https://www.wiltshiretimes.co.uk/news/24710642.plans-another-450-chippenham-homes-built/,wiltshiretimes.co.uk,English,0.0,1.0,0.0,0.0,CRST
20241110T080000Z,Plans for another 450 Chippenham homes to be built | The Wiltshire Gazette and Herald,https://www.gazetteandherald.co.uk/news/24710642.plans-another-450-chippenham-homes-built/,gazetteandherald.co.uk,English,0.0,1.0,0.0,0.0,CRST
20241108T164500Z,Plans for 800 homes on Goffs Oak greenbelt at Rosedale Park approved by councillors,https://www.hertfordshiremercury.co.uk/news/hertfordshire-news/plans-800-homes-goffs-oak-1601886,hertfordshiremercury.co.uk,English,0.0,0.823,0.177,0.4215,CRST
20241106T201500Z,Portishead Ninety4  doesnt meet fire safety standards  ,https://www.northsomersettimes.co.uk/news/24705369.portishead-ninety4-doesnt-meet-fire-safety-standards/,northsomersettimes.co.uk,English,0.249,0.534,0.217,-0.0762,CRST
20250227T160000Z,Holding ( s ) in Company | Company Announcement,https://www.investegate.co.uk:443/announcement/rns/crest-nicholson-holdings--crst/holding-s-in-company/8756370,investegate.co.uk,English,0.0,1.0,0.0,0.0,CRST
20250227T081500Z,Plans for 323 homes in village near Bridgnorth get green light,https://www.shropshirestar.com/news/property/2025/02/27/plans-for-323-homes-in-village-near-bridgnorth-get-green-light/,shropshirestar.com,English,0.0,1.0,0.0,0.0,CRST
20250226T171500Z,Holding ( s ) in Company | Company Announcement,https://www.investegate.co.uk:443/announcement/rns/crest-nicholson-holdings--crst/holding-s-in-company/8754253,investegate.co.uk,English,0.0,1.0,0.0,0.0,CRST
20250225T194500Z,"Developers slam Bristol City Council plan for 35 , 000 homes as marathon inquiry begins",https://www.bristolpost.co.uk/news/bristol-news/developers-slam-bristol-city-councils-9974632,bristolpost.co.uk,English,0.167,0.833,0.0,-0.3818,CRST
20250217T090000Z,At least eight dead as Eastern Kentucky suffers another round of widespread flooding over the weekend,https://nkytribune.com/2025/02/at-least-eight-dead-as-eastern-kentucky-suffers-another-round-of-widespread-flooding-over-the-weekend/,nkytribune.com,English,0.346,0.654,0.0,-0.8126,CRST
20250214T170000Z,Holding ( s ) in Company | Company Announcement,https://www.investegate.co.uk:443/announcement/rns/crest-nicholson-holdings--crst/holding-s-in-company/8738302,investegate.co.uk,English,0.0,1.0,0.0,0.0,CRST
20250211T153000Z,Bellway confident of growth as it increases completions 12 % ,https://www.building.co.uk/news/bellway-confident-of-growth-as-it-increases-completions-12/5134304.article,building.co.uk,English,0.0,0.547,0.453,0.7003,CRST
20250210T140000Z,131 more homes at park site,https://www.henleystandard.co.uk/news/henley-on-thames/194999/131-more-homes-at-park-site.html,henleystandard.co.uk,English,0.0,1.0,0.0,0.0,CRST
20250210T140000Z,New path plan for cyclists and walkers,https://www.henleystandard.co.uk/news/chiltern-centre/194996/new-path-plan-for-cyclists-and-walkers.html,henleystandard.co.uk,English,0.0,1.0,0.0,0.0,CRST
20250208T004500Z,"Today in High Prairie : February 8 , 2025 - ",https://www.southpeacenews.com/today-in-high-prairie-february-8-2025/,southpeacenews.com,English,0.0,1.0,0.0,0.0,CRST
20250207T153000Z,"People moves : Conway departs , Wood to leave NHBC and more",https://www.constructionnews.co.uk/peoplemoves/people-moves-conway-departs-wood-to-leave-nhbc-and-more-07-02-2025/,constructionnews.co.uk,English,0.118,0.882,0.0,-0.0516,CRST
20250206T173000Z,Crest Nicholson ( LON : CRST ) Posts Earnings Results,https://theenterpriseleader.com/2025/02/06/crest-nicholson-loncrst-posts-earnings-results.html,theenterpriseleader.com,English,0.0,1.0,0.0,0.0,CRST
20250206T141500Z,Crest Nicholson ( LON : CRST ) Issues Earnings Results,https://www.dailypolitical.com/2025/02/06/crest-nicholson-loncrst-issues-earnings-results.html,dailypolitical.com,English,0.0,1.0,0.0,0.0,CRST
20250206T094500Z,MARKET REPORT :  Mining shares boosted as gold hits record high,https://www.dailymail.co.uk/money/markets/article-14366945/MARKET-REPORT-Mining-shares-boosted-gold-hits-record-high.html,dailymail.co.uk,English,0.0,0.63,0.37,0.5719,CRST
20250205T221500Z,London close : Stocks rise as trade tensions continue,https://www.sharecast.com/news/market-report-close/london-close-stocks-rise-as-trade-tensions-continue--18779042.html,sharecast.com,English,0.278,0.722,0.0,-0.4019,CRST
20250205T133000Z,London midday : Stocks slightly higher ; GSK jumps on guidance upgrade,https://www.sharecast.com/news/market-report-midday/london-midday-stocks-slightly-higher-gsk-jumps-on-guidance-upgrade--18773490.html,sharecast.com,English,0.0,1.0,0.0,0.0,CRST
20250205T120000Z,FTSE 100 LIVE : Stocks head lower as Trump trade war pushes gold prices to record high,https://uk.finance.yahoo.com/news/ftse-100-live-stocks-trade-war-gold-prices-record-091847012.html,uk.finance.yahoo.com,English,0.303,0.697,0.0,-0.7269,CRST
20250204T191500Z,FTSE 100 drops led by Vodafone ; US stocks mixed on China trade spat,https://www.proactiveinvestors.co.uk/companies/news/1065584/ftse-100-drops-led-by-vodafone-us-stocks-mixed-on-china-trade-spat-1065584.html,proactiveinvestors.co.uk,English,0.0,1.0,0.0,0.0,CRST
20250204T181500Z,London close : Stocks lower as China hits back at Trump tariffs,https://www.sharecast.com/news/market-report-close/london-close-stocks-lower-as-china-hits-back-at-trump-tariffs--18761460.html,sharecast.com,English,0.18,0.82,0.0,-0.296,CRST
20250204T154500Z,More than 130 homes planned for outskirts of Henley,https://www.heraldseries.co.uk/news/24907545.130-homes-planned-outskirts-henley/,heraldseries.co.uk,English,0.0,1.0,0.0,0.0,CRST
20250204T153000Z,Crest Nicholson reports loss before tax of £143 . 7m for the year,https://www.thetimes.com/business-money/companies/article/crest-nicholson-reports-loss-before-tax-of-1437m-for-the-year-sk3f2bcds,thetimes.com,English,0.173,0.827,0.0,-0.3182,CRST
20250204T143000Z,FTSE 100 Live : Index regains as Entain surges ; Vodafone tumbles,https://www.proactiveinvestors.co.uk/companies/news/1065584/ftse-100-live-index-regains-as-entain-surges-vodafone-tumbles-1065584.html,proactiveinvestors.co.uk,English,0.0,1.0,0.0,0.0,CRST
20250204T143000Z,Crest Nicholson ( LON : CRST ) Announces Quarterly Earnings Results,https://www.themarketsdaily.com/2025/02/04/crest-nicholson-loncrst-announces-quarterly-earnings-results.html,themarketsdaily.com,English,0.0,1.0,0.0,0.0,CRST
20250204T134500Z,More than 130 homes planned for outskirts of Henley,https://www.oxfordmail.co.uk/news/24907545.130-homes-planned-outskirts-henley/,oxfordmail.co.uk,English,0.0,1.0,0.0,0.0,CRST
20250204T134500Z,Crest Nicholson sinks to £144m loss as firm counts cost of fire safety provisions,https://www.building.co.uk/news/crest-nicholson-sinks-to-144m-loss-as-firm-counts-cost-of-fire-safety-provisions/5134177.article,building.co.uk,English,0.254,0.595,0.151,-0.2263,CRST
20250204T100000Z,FTSE 100 Live : Vodafone leads further decline ; Diageo flags tariff impact,https://www.proactiveinvestors.co.uk/companies/news/1065584/ftse-100-live-vodafone-leads-further-decline-diageo-flags-tariff-impact-1065584.html,proactiveinvestors.co.uk,English,0.0,1.0,0.0,0.0,CRST
20250204T100000Z,Crest Nicholson shares seesaw as it reveals extent of losses and fire remediation charges,https://www.proactiveinvestors.co.uk/companies/news/1065632/crest-nicholson-shares-seesaw-as-it-reveals-extent-of-losses-and-fire-remediation-charges-1065632.html,proactiveinvestors.co.uk,English,0.371,0.515,0.113,-0.6124,CRST
20250204T094500Z,"Crest Nicholson falls into the red , hacks dividend after  tough  year",https://www.marketscreener.com/quote/stock/CREST-NICHOLSON-HOLDINGS--12583133/news/Crest-Nicholson-falls-into-the-red-hacks-dividend-after-tough-year-48948283/,marketscreener.com,English,0.13,0.87,0.0,-0.128,CRST
20250204T081500Z,Diageo makes tariff contingency ; Vodafone backs guide,https://www.marketscreener.com/quote/stock/DIAGEO-PLC-4000514/news/Diageo-makes-tariff-contingency-Vodafone-backs-guide-48947441/,marketscreener.com,English,0.167,0.833,0.0,-0.0516,CRST
20250203T110000Z,Weekly Outlook : Diageo and AstraZeneca results,https://portfolio-adviser.com/weekly-outlook-diageo-and-astrazeneca-results/,portfolio-adviser.com,English,0.0,1.0,0.0,0.0,CRST
20250501T163000Z,UK Construction Industry 2025 - 2034 : Government - Led,https://www.globenewswire.com/news-release/2025/05/01/3072633/28124/en/UK-Construction-Industry-2025-2034-Government-Led-Infrastructure-Boom-and-Private-Sector-Momentum-Propel-the-Market-at-4-3-CAGR.html,globenewswire.com,English,0.0,1.0,0.0,0.0,CRST
20250429T173000Z,New build Henley homeowners  banned  from objecting to plans,https://www.heraldseries.co.uk/news/25123985.new-build-homeowners-banned-objecting-home-plans/,heraldseries.co.uk,English,0.273,0.727,0.0,-0.4588,CRST
20250429T153000Z,New build Henley homeowners  banned  from objecting to plans,https://www.thisisoxfordshire.co.uk/news/25123985.new-build-homeowners-banned-objecting-home-plans/,thisisoxfordshire.co.uk,English,0.273,0.727,0.0,-0.4588,CRST
20250429T080000Z,Notice of Special Meeting | Company Announcement,https://www.investegate.co.uk/announcement/rns/lunglife-ai-inc-di---llai/notice-of-special-meeting/8850507,investegate.co.uk,English,0.0,0.649,0.351,0.4019,CRST
20250429T013000Z,Brew Twenty Three opens at Solihull business park neighbourhood centre,https://www.thebusinessdesk.com/westmidlands/news/2097223-brew-twenty-three-opens-in-solihull-business-park%E2%80%99s-new-neighbourhood-centre/,thebusinessdesk.com,English,0.0,1.0,0.0,0.0,CRST
20250428T223000Z,This Hollywood memoir is an expertly mixed cocktail of history and family drama,https://www.aspenpublicradio.org/2025-04-28/this-hollywood-memoir-is-an-expertly-mixed-cocktail-of-history-and-family-drama,aspenpublicradio.org,English,0.0,1.0,0.0,0.0,CRST
20250428T221500Z,This Hollywood memoir is an expertly mixed cocktail of history and family drama,https://www.hppr.org/2025-04-28/this-hollywood-memoir-is-an-expertly-mixed-cocktail-of-history-and-family-drama,hppr.org,English,0.0,1.0,0.0,0.0,CRST
20250428T221500Z,This Hollywood memoir is an expertly mixed cocktail of history and family drama,https://www.ypradio.org/npr-news/2025-04-28/this-hollywood-memoir-is-an-expertly-mixed-cocktail-of-history-and-family-drama,ypradio.org,English,0.0,1.0,0.0,0.0,CRST
20250428T220000Z,This Hollywood memoir is an expertly mixed cocktail of history and family drama,https://www.upr.org/npr-news/2025-04-28/this-hollywood-memoir-is-an-expertly-mixed-cocktail-of-history-and-family-drama,upr.org,English,0.0,1.0,0.0,0.0,CRST
20250428T220000Z,This Hollywood memoir is an expertly mixed cocktail of history and family drama,https://wysu.org/npr-national-news/2025-04-28/this-hollywood-memoir-is-an-expertly-mixed-cocktail-of-history-and-family-drama,wysu.org,English,0.0,1.0,0.0,0.0,CRST
20250428T213000Z,This Hollywood memoir is an expertly mixed cocktail of history and family drama,https://kansaspublicradio.org/npr-news/2025-04-28/this-hollywood-memoir-is-an-expertly-mixed-cocktail-of-history-and-family-drama,kansaspublicradio.org,English,0.0,1.0,0.0,0.0,CRST
20250428T211500Z,This Hollywood memoir is an expertly mixed cocktail of history and family drama,https://knpr.org/npr/2025-04-28/this-hollywood-memoir-is-an-expertly-mixed-cocktail-of-history-and-family-drama,knpr.org,English,0.0,1.0,0.0,0.0,CRST
20250428T211500Z,This Hollywood memoir is an expertly mixed cocktail of history and family drama,https://www.kgou.org/arts-and-entertainment/2025-04-28/this-hollywood-memoir-is-an-expertly-mixed-cocktail-of-history-and-family-drama,kgou.org,English,0.0,1.0,0.0,0.0,CRST
20250428T211500Z,This Hollywood memoir is an expertly mixed cocktail of history and family drama,https://www.kyuk.org/2025-04-28/this-hollywood-memoir-is-an-expertly-mixed-cocktail-of-history-and-family-drama,kyuk.org,English,0.0,1.0,0.0,0.0,CRST
20250428T211500Z,This Hollywood memoir is an expertly mixed cocktail of history and family drama,https://www.wshu.org/2025-04-28/this-hollywood-memoir-is-an-expertly-mixed-cocktail-of-history-and-family-drama,wshu.org,English,0.0,1.0,0.0,0.0,CRST
20250428T210000Z,This Hollywood memoir is an expertly mixed cocktail of history and family drama,https://www.kpbs.org/news/2025/04/28/this-hollywood-memoir-is-an-expertly-mixed-cocktail-of-history-and-family-drama,kpbs.org,English,0.0,1.0,0.0,0.0,CRST
20250428T203000Z,This Hollywood memoir is an expertly mixed cocktail of history and family drama,https://www.wrvo.org/2025-04-28/this-hollywood-memoir-is-an-expertly-mixed-cocktail-of-history-and-family-drama,wrvo.org,English,0.0,1.0,0.0,0.0,CRST
20250428T201500Z,This Hollywood memoir is an expertly mixed cocktail of history and family drama,https://www.apr.org/arts-life/2025-04-28/this-hollywood-memoir-is-an-expertly-mixed-cocktail-of-history-and-family-drama,apr.org,English,0.0,1.0,0.0,0.0,CRST
20250428T201500Z,This Hollywood memoir is an expertly mixed cocktail of history and family drama,https://www.kcbx.org/npr-top-news/2025-04-28/this-hollywood-memoir-is-an-expertly-mixed-cocktail-of-history-and-family-drama,kcbx.org,English,0.0,1.0,0.0,0.0,CRST
20250428T191500Z,This Hollywood memoir is an expertly mixed cocktail of history and family drama,https://www.wncw.org/2025-04-28/this-hollywood-memoir-is-an-expertly-mixed-cocktail-of-history-and-family-drama,wncw.org,English,0.0,1.0,0.0,0.0,CRST
20250428T190000Z,This Hollywood memoir is an expertly mixed cocktail of history and family drama,https://www.kwit.org/2025-04-28/this-hollywood-memoir-is-an-expertly-mixed-cocktail-of-history-and-family-drama,kwit.org,English,0.0,1.0,0.0,0.0,CRST
20250428T190000Z,This Hollywood memoir is an expertly mixed cocktail of history and family drama,https://www.kpcw.org/npr-top-stories/2025-04-28/this-hollywood-memoir-is-an-expertly-mixed-cocktail-of-history-and-family-drama,kpcw.org,English,0.0,1.0,0.0,0.0,CRST
20250428T190000Z,This Hollywood memoir is an expertly mixed cocktail of history and family drama,https://www.wcsufm.org/2025-04-28/this-hollywood-memoir-is-an-expertly-mixed-cocktail-of-history-and-family-drama,wcsufm.org,English,0.0,1.0,0.0,0.0,CRST
20250428T184500Z,This Hollywood memoir is an expertly mixed cocktail of history and family drama,https://www.wlrh.org/npr-news/2025-04-28/this-hollywood-memoir-is-an-expertly-mixed-cocktail-of-history-and-family-drama,wlrh.org,English,0.0,1.0,0.0,0.0,CRST
20250428T184500Z,This Hollywood memoir is an expertly mixed cocktail of history and family drama,https://www.kmuw.org/2025-04-28/this-hollywood-memoir-is-an-expertly-mixed-cocktail-of-history-and-family-drama,kmuw.org,English,0.0,1.0,0.0,0.0,CRST
20250428T183000Z,This Hollywood memoir is an expertly mixed cocktail of history and family drama,https://www.wkms.org/npr-news/2025-04-28/this-hollywood-memoir-is-an-expertly-mixed-cocktail-of-history-and-family-drama,wkms.org,English,0.0,1.0,0.0,0.0,CRST
20250428T181500Z,This Hollywood memoir is an expertly mixed cocktail of history and family drama,https://www.wvtf.org/2025-04-28/this-hollywood-memoir-is-an-expertly-mixed-cocktail-of-history-and-family-drama,wvtf.org,English,0.0,1.0,0.0,0.0,CRST
20250428T181500Z,This Hollywood memoir is an expertly mixed cocktail of history and family drama,https://www.wmuk.org/npr-news/2025-04-28/this-hollywood-memoir-is-an-expertly-mixed-cocktail-of-history-and-family-drama,wmuk.org,English,0.0,1.0,0.0,0.0,CRST
20250428T171500Z,This Hollywood memoir is an expertly mixed cocktail of history and family drama,https://www.wcbe.org/2025-04-28/this-hollywood-memoir-is-an-expertly-mixed-cocktail-of-history-and-family-drama,wcbe.org,English,0.0,1.0,0.0,0.0,CRST
20250428T170000Z,This Hollywood memoir is an expertly mixed cocktail of history and family drama,https://www.wqcs.org/2025-04-28/this-hollywood-memoir-is-an-expertly-mixed-cocktail-of-history-and-family-drama,wqcs.org,English,0.0,1.0,0.0,0.0,CRST
20250428T140000Z,Director / PDMR Shareholding | Company Announcement,https://www.investegate.co.uk/announcement/rns/crest-nicholson-holdings--crst/director-pdmr-shareholding/8849940,investegate.co.uk,English,0.0,1.0,0.0,0.0,CRST
20250424T044500Z,Crest Nicholson Holdings ( CRST . L ): Navigating the Residential Construction Landscape,https://www.directorstalkinterviews.com/crest-nicholson-holdings-crst-l-navigating-the-residential-construction-landscape/4121193537,directorstalkinterviews.com,English,0.237,0.763,0.0,-0.4215,CRST
20250422T081500Z,Persimmon appoints operations director for South West,https://www.thisiswiltshire.co.uk/news/25098394.persimmon-appoints-operations-director-south-west/,thisiswiltshire.co.uk,English,0.0,1.0,0.0,0.0,CRST
20250422T074500Z,Persimmon appoints operations director for South West,https://www.swindonadvertiser.co.uk/news/25098394.persimmon-appoints-operations-director-south-west/,swindonadvertiser.co.uk,English,0.0,1.0,0.0,0.0,CRST
20250421T180000Z,Joliet Killer Martell Ollie Threatens To Kill 2 Women With Gun : Cops,https://patch.com/illinois/joliet/joliet-killer-martell-ollie-threatens-kill-2-women-gun-cops,patch.com,English,0.667,0.333,0.0,-0.9325,CRST
20250419T174500Z,Elmswell Parish Council and Sarah Mansel voice concerns over Harthog Hutton 27 - home Warren Lane project,https://www.suffolknews.co.uk/bury-st-edmunds/news/clearly-in-the-wrong-place-council-and-councillor-voice-c-9413685/,suffolknews.co.uk,English,0.0,1.0,0.0,0.0,CRST
20250417T131500Z,Block listing Interim Review | Company Announcement,https://www.investegate.co.uk/announcement/rns/crest-nicholson-holdings--crst/block-listing-interim-review/8837407,investegate.co.uk,English,0.367,0.633,0.0,-0.4404,CRST
20250415T173000Z,"FTSE 250 movers : Tate & Lyle , B & M both impress with updates",https://www.sharecast.com/news/risers-and-fallers/ftse-250-movers-tate-lyle-bm-both-impress-with-updates--19362574.html,sharecast.com,English,0.0,0.734,0.266,0.4404,CRST
20250415T173000Z,London close : Stocks rise on hopes of united kingdom - US trade deal,https://www.sharecast.com/news/market-report-close/london-close-stocks-rise-on-hopes-of-uk-us-trade-deal--19362263.html,sharecast.com,English,0.0,0.641,0.359,0.6808,CRST
20250413T084500Z,Town  exhausted  by building fears more homes,https://www.yahoo.com/news/town-exhausted-building-fears-more-074114154.html,yahoo.com,English,0.515,0.485,0.0,-0.6486,CRST
20250412T010000Z,Crest Nicholson ( LON : CRST ) Reaches New 52 - Week Low – Should You Sell ? ,https://theenterpriseleader.com/2025/04/11/crest-nicholson-loncrst-reaches-new-52-week-low-should-you-sell.html,theenterpriseleader.com,English,0.158,0.752,0.09,-0.2263,CRST
20250410T074500Z,Opinion : Real - life joke surrounds Ipswich playground saga,https://www.ipswichstar.co.uk/news/25075369.opinion-real-life-joke-surrounds-ipswich-playground-saga/,ipswichstar.co.uk,English,0.0,0.761,0.239,0.296,CRST
20250408T230000Z,10 Huge Stars Of The New Hollywood Era That Disappeared From Our Screens,https://screenrant.com/new-hollywood-era-actors-disappear-list/,screenrant.com,English,0.125,0.724,0.151,0.1027,CRST
20250408T063000Z,Chippenham plans for 650 homes and link road spark anger | The Wiltshire Gazette and Herald,https://www.gazetteandherald.co.uk/news/25066037.chippenham-plans-650-homes-link-road-spark-anger/,gazetteandherald.co.uk,English,0.199,0.699,0.102,-0.4215,CRST
20250407T173000Z,Family of 10 evacuated as Jackson County battles near - record flooding,https://www.wbiw.com/2025/04/07/family-of-10-evacuated-as-jackson-county-battles-near-record-flooding/,wbiw.com,English,0.206,0.794,0.0,-0.3818,CRST
20250406T160000Z,White River River expected to crest at 19 . 9 feet later today at Rockford,https://tribtown.com/2025/04/06/white-river-held-to-19-5-feet-sunday-at-rockford/,tribtown.com,English,0.0,1.0,0.0,0.0,CRST
20250405T200000Z,White River River headed to near record high on Monday at Rockford,https://tribtown.com/2025/04/05/white-river-held-to-19-5-feet-sunday-at-rockford/,tribtown.com,English,0.0,1.0,0.0,0.0,CRST
20250405T103000Z,Five - year wait until Ipswich Henley Gate playground opens,https://www.ipswichstar.co.uk/news/25057998.five-year-wait-ipswich-henley-gate-playground-opens/,ipswichstar.co.uk,English,0.0,1.0,0.0,0.0,CRST
20250402T063000Z,Why cant children have fun on new Ipswich playground ? | East Anglian Daily Times,https://www.eadt.co.uk/news/25055350.cant-children-fun-new-ipswich-playground/,eadt.co.uk,English,0.184,0.816,0.0,-0.4023,CRST
20250402T061500Z,Why cant children have fun on new Ipswich playground ? ,https://www.ipswichstar.co.uk/news/25055350.cant-children-fun-new-ipswich-playground/,ipswichstar.co.uk,English,0.252,0.748,0.0,-0.4023,CRST
20250531T191500Z,Duckling rescue at Windsor show home sparks £500 gift,https://www.sloughobserver.co.uk/news/25203653.duckling-rescue-windsor-show-home-sparks-500-gift/,sloughobserver.co.uk,English,0.0,0.53,0.47,0.7351,CRST
20250521T091500Z,Scheme of Arrangement becomes Effective | Company Announcement,https://www.investegate.co.uk/announcement/rns/londonmetric-property--lmp/scheme-of-arrangement-becomes-effective-/8889923,investegate.co.uk,English,0.0,0.659,0.341,0.4767,CRST
20250521T084500Z,Graham Chivers confirmed as new CEO of housebuilders Chartway Partnerships Group in Coxheath,https://www.kentonline.co.uk/kent-business/county-news/housebuilder-unveils-its-new-ceo-324616/,kentonline.co.uk,English,0.0,1.0,0.0,0.0,CRST
20250517T154500Z,Abingdon pupils gain  brilliant insight  at careers event,https://www.heraldseries.co.uk/news/25168710.abingdon-pupils-gain-brilliant-insight-careers-event/,heraldseries.co.uk,English,0.0,0.455,0.545,0.802,CRST
20250516T133000Z,Shares and cash offer by PHP for Assura | Company Announcement,https://www.investegate.co.uk/announcement/rns/assura--agr/shares-and-cash-offer-by-php-for-assura/8883231,investegate.co.uk,English,0.0,0.804,0.196,0.296,CRST
20250512T073000Z,ALL the planning applications made in Buckinghamshire,https://www.bucksfreepress.co.uk/news/25143344.planning-applications-made-buckinghamshire/,bucksfreepress.co.uk,English,0.0,1.0,0.0,0.0,CRST
20250509T064500Z,RECOMMENDED OFFER FOR URBAN LOGISTICS REIT | Company Announcement,https://www.investegate.co.uk/announcement/rns/londonmetric-property--lmp/recommended-offer-for-urban-logistics-reit/8869047,investegate.co.uk,English,0.0,0.734,0.266,0.368,CRST
20250508T070000Z,Crest Nicholson Holdings PLC ( CRST . L ): Navigating Challenges in Residential Construction,https://www.directorstalkinterviews.com/crest-nicholson-holdings-plc-crst-l-navigating-challenges-in-residential-construction/4121195669,directorstalkinterviews.com,English,0.214,0.687,0.099,-0.3612,CRST
20250507T200000Z,London close : FTSE snaps 16 - day win streak ahead of Fed,https://www.sharecast.com/news/market-report-close/london-close-ftse-snaps-16-day-win-streak-ahead-of-fed--19587986.html,sharecast.com,English,0.0,0.725,0.275,0.5859,CRST
20250501T163000Z,UK Construction Industry 2025 - 2034 : Government - Led,https://www.globenewswire.com/news-release/2025/05/01/3072633/28124/en/UK-Construction-Industry-2025-2034-Government-Led-Infrastructure-Boom-and-Private-Sector-Momentum-Propel-the-Market-at-4-3-CAGR.html,globenewswire.com,English,0.0,1.0,0.0,0.0,CRST
20250613T203000Z,London close : Stocks weaker on rising Middle East tensions,https://www.sharecast.com/news/market-report-close/london-close-stocks-weaker-on-rising-middle-east-tensions--20007266.html,sharecast.com,English,0.444,0.556,0.0,-0.6808,CRST
20250613T203000Z,FTSE 250 movers : Energy stocks gain ; Energean in the red,https://www.sharecast.com/news/risers-and-fallers/ftse-250-movers-energy-stocks-gain-energean-in-the-red--20006842.html,sharecast.com,English,0.0,0.593,0.407,0.6705,CRST
20250613T151500Z,"Offer Document , Combined Circular and Prospectus | Company Announcement",https://www.investegate.co.uk/announcement/rns/assura--agr/offer-document-combined-circular-and-prospectus/8929644,investegate.co.uk,English,0.0,1.0,0.0,0.0,CRST
20250613T020000Z,Slump fears fuel summer interest rate cut hopes,https://www.thisismoney.co.uk/money/markets/article-14807225/Slump-fears-fuel-summer-rate-cut-hopes-figures-economy-shrank-0-3-April.html,thisismoney.co.uk,English,0.333,0.272,0.395,0.2263,CRST
20250612T173000Z,"FTSE 250 movers : PayPoint , Crest Nicholson in favour",https://www.sharecast.com/news/risers-and-fallers/ftse-250-movers-paypoint-crest-nicholson-in-favour--19996164.html,sharecast.com,English,0.0,0.707,0.293,0.4404,CRST
20250612T091500Z,Crest Nicholson HY25 : Profit doubles as strategy delivers early gains,https://www.directorstalkinterviews.com/crest-nicholson-hy25-profit-doubles-as-strategy-delivers-early-gains/4121201796,directorstalkinterviews.com,English,0.0,0.602,0.398,0.6486,CRST
20250612T073000Z,Tesco backs outlook ; Halma hails record earnings,https://www.marketscreener.com/quote/stock/HALMA-PLC-9590130/news/Tesco-backs-outlook-Halma-hails-record-earnings-50221936/,marketscreener.com,English,0.167,0.833,0.0,-0.0516,CRST
20250612T064500Z,Publication of Scheme Document | Company Announcement,https://www.investegate.co.uk/announcement/rns/greencore-group-cdi---gnc/publication-of-scheme-document/8925315,investegate.co.uk,English,0.0,1.0,0.0,0.0,CRST
20250612T060000Z,Crest Nicholson Holdings plc ( LON : CRST ) Insider Purchases £149 . 40 in Stock,https://www.etfdailynews.com/2025/06/12/crest-nicholson-holdings-plc-loncrst-insider-purchases-149-40-in-stock/,etfdailynews.com,English,0.0,1.0,0.0,0.0,CRST
20250612T014500Z,Affordable housing plan boosts builders but Labour is still on track to miss election target of 1 . 5m homes,https://www.thisismoney.co.uk/money/markets/article-14803301/Affordable-housing-plan-boosts-builders-Labour-track-miss-election-target-1-5m-homes.html,thisismoney.co.uk,English,0.097,0.818,0.084,-0.0644,CRST
20250611T163000Z,What is an affordable home and who will benefit from Rachel Reeve new £39bn building plan ? ,https://www.thisismoney.co.uk/money/mortgageshome/article-14802197/What-affordable-home-benefit-Rachel-Reeves-new-39bn-building-plan.html,thisismoney.co.uk,English,0.0,0.833,0.167,0.4588,CRST
20250611T143000Z,FTSE holds steady as investors weigh fiscal clarity against global undercurrents,https://www.directorstalkinterviews.com/ftse-holds-steady-as-investors-weigh-fiscal-clarity-against-global-undercurrents/4121201664,directorstalkinterviews.com,English,0.0,0.787,0.213,0.4019,CRST
20250610T090000Z,London open : FTSE gains as housebuilders rally on Bellway update,https://www.sharecast.com/news/market-report-opening/london-open-ftse-gains-as-housebuilders-rally-on-bellway-update--19962550.html,sharecast.com,English,0.0,0.789,0.211,0.34,CRST
20250606T043000Z,Tree planted in memory of Queen Elizabeth II in Whiteley,https://www.dailyecho.co.uk/news/25212086.tree-planted-memory-queen-elizabeth-ii-whiteley/,dailyecho.co.uk,English,0.0,1.0,0.0,0.0,CRST
20250603T140000Z,FTSE 100 Live : united kingdom blue - chips outperform after BoE rate cut comments,https://www.proactiveinvestors.co.uk/companies/news/1072262/ftse-100-live-uk-blue-chips-outperform-after-boe-rate-cut-comments-1072262.html,proactiveinvestors.co.uk,English,0.132,0.692,0.176,0.1779,CRST
20251030T074500Z,A38 closure :  Traffic nightmare  as major road to stay closed until Christmas,https://www.dailystar.co.uk/news/latest-news/traffic-nightmare-major-road-stay-36155293,dailystar.co.uk,English,0.0,1.0,0.0,0.0,CRST
20251028T113000Z,Directorate Change | Company Announcement,https://www.investegate.co.uk/announcement/rns/crest-nicholson-holdings--crst/directorate-change/9199014,investegate.co.uk,English,0.0,1.0,0.0,0.0,CRST
20251026T063000Z,Row over plans to build 650 homes in Chippenham to rumble on,https://www.wiltshiretimes.co.uk/news/25569661.row-plans-build-650-homes-chippenham-rumble/,wiltshiretimes.co.uk,English,0.0,1.0,0.0,0.0,CRST
20251025T091500Z,Detailed plans for nearly 40 homes in Berkshire village submitted,https://www.bracknellnews.co.uk/news/25570963.detailed-plans-nearly-40-homes-berkshire-village-submitted/,bracknellnews.co.uk,English,0.0,1.0,0.0,0.0,CRST
20251024T150000Z,Holding ( s ) in Company | Company Announcement,https://www.investegate.co.uk/announcement/rns/crest-nicholson-holdings--crst/holding-s-in-company/9193372,investegate.co.uk,English,0.0,1.0,0.0,0.0,CRST
20251024T110000Z,BlackRock Smaller Companies Trust Plc - Half - year Report,https://www.finanznachrichten.de/nachrichten-2025-10/66785190-blackrock-smaller-companies-trust-plc-half-year-report-008.htm,finanznachrichten.de,English,0.0,0.68,0.32,0.5106,CRST
20251018T031500Z,Water neutrality planning takes farm offsetting out of market,https://www.fwi.co.uk/business/business-management/planning-permission/water-neutrality-planning-takes-farm-offsetting-out-of-market,fwi.co.uk,English,0.0,1.0,0.0,0.0,CRST
20251017T093000Z,Block listing Interim Review | Company Announcement,https://www.investegate.co.uk/announcement/rns/crest-nicholson-holdings--crst/block-listing-interim-review/9177991,investegate.co.uk,English,0.367,0.633,0.0,-0.4404,CRST
20251010T160000Z,Director / PDMR Shareholding | Company Announcement,https://www.investegate.co.uk/announcement/rns/crest-nicholson-holdings--crst/director-pdmr-shareholding/9164371,investegate.co.uk,English,0.0,1.0,0.0,0.0,CRST
20251007T141500Z,South Gloucestershire estate fears anti - social behaviour,https://www.gazetteseries.co.uk/news/25524339.south-gloucestershire-estate-fears-anti-social-behaviour/,gazetteseries.co.uk,English,0.505,0.495,0.0,-0.6249,CRST
20251006T070000Z,Publication and Posting of Scheme Document | Company Announcement,https://www.investegate.co.uk/announcement/rns/treatt--tet/publication-and-posting-of-scheme-document/9152192,investegate.co.uk,English,0.0,1.0,0.0,0.0,CRST
20251004T024500Z,"Week ahead : US government shutdown , Fed , consumer confidence in focus",https://www.sharecast.com/news/financial-diary/week-ahead-us-government-shutdown-fed-consumer-confidence-in-focus--20989911.html,sharecast.com,English,0.0,0.732,0.268,0.5106,CRST
20251001T143000Z,Plans for 443 New Forest homes approved despite objections,https://www.salisburyjournal.co.uk/news/25508937.plans-443-new-forest-homes-approved-despite-objections/,salisburyjournal.co.uk,English,0.0,0.741,0.259,0.4215,CRST
20251001T071500Z,443 homes in New Forest approved despite over 100 objections,https://www.bournemouthecho.co.uk/news/25507585.443-homes-new-forest-approved-despite-100-objections/,bournemouthecho.co.uk,English,0.0,0.763,0.237,0.4215,CRST
20251001T034500Z,443 homes in New Forest approved despite over 100 objections,https://www.dailyecho.co.uk/news/25505216.443-homes-new-forest-approved-despite-100-objections/,dailyecho.co.uk,English,0.0,0.763,0.237,0.4215,CRST
20260131T163000Z,Crest Nicholson ( LON : CRST ) Shares Up 13 . 2 % – Time to Buy ? ,https://www.themarketsdaily.com/2026/01/31/crest-nicholson-loncrst-shares-up-13-2-time-to-buy.html,themarketsdaily.com,English,0.0,0.804,0.196,0.296,CRST
20260129T184500Z,Crest Nicholson ( LON : CRST ) Releases Quarterly Earnings Results,https://www.tickerreport.com/banking-finance/13329798/crest-nicholson-loncrst-releases-quarterly-earnings-results.html,tickerreport.com,English,0.0,1.0,0.0,0.0,CRST
20260129T184500Z,"FTSE 100 : London stocks retreat from intraday high , oil higher on Iran tensions",https://www.proactiveinvestors.co.uk/companies/news/1086457/ftse-100-london-stocks-retreat-from-intraday-high-oil-higher-on-iran-tensions-1086457.html,proactiveinvestors.co.uk,English,0.174,0.71,0.116,-0.2263,CRST
20260129T073000Z,Final Results | Company Announcement,https://www.investegate.co.uk/announcement/rns/crest-nicholson-holdings--crst/final-results/9392584,investegate.co.uk,English,0.0,1.0,0.0,0.0,CRST
20260127T054500Z,MP outraged at  absolutely unacceptable  delays for nursery,https://www.dailyecho.co.uk/news/25798685.mp-outraged-absolutely-unacceptable-delays-nursery/,dailyecho.co.uk,English,0.531,0.469,0.0,-0.7778,CRST
20260123T224500Z,Week ahead : Four of the  Magnificent Seven  slated to report earnings,https://www.sharecast.com/news/financial-diary/week-ahead-four-of-the-magnificent-seven-slated-to-report-earnings--21542538.html,sharecast.com,English,0.0,0.719,0.281,0.5994,CRST
20260122T080000Z,Update on 650 - home Chippenham development hit by delays | The Wiltshire Gazette and Herald,https://www.gazetteandherald.co.uk/news/25781813.update-650-home-chippenham-development-hit-delays/,gazetteandherald.co.uk,English,0.0,1.0,0.0,0.0,CRST
20260120T140000Z,No objection for Henley Gate next phase in north Ipswich,https://www.ipswichstar.co.uk/news/25776261.no-objection-henley-gate-next-phase-north-ipswich/,ipswichstar.co.uk,English,0.196,0.804,0.0,-0.296,CRST
20260120T071500Z,"Carterton area could get 1 , 000 homes in early plans",https://www.thisisoxfordshire.co.uk/news/25778592.oxfordshire-town-get-1-000-homes-early-plans/,thisisoxfordshire.co.uk,English,0.0,1.0,0.0,0.0,CRST
20260120T063000Z,"Carterton area could get 1 , 000 homes in early plans",https://www.oxfordmail.co.uk/news/25778592.oxfordshire-town-get-1-000-homes-early-plans/,oxfordmail.co.uk,English,0.0,1.0,0.0,0.0,CRST
20260120T053000Z,"Carterton area could get 1 , 000 homes in early plans",https://www.witneygazette.co.uk/news/25778592.oxfordshire-town-get-1-000-homes-early-plans/,witneygazette.co.uk,English,0.0,1.0,0.0,0.0,CRST
20260115T143000Z,Court Sanction of Scheme of Arrangement | Company Announcement,https://www.investegate.co.uk/announcement/rns/greencore-group-cdi---gnc/court-sanction-of-scheme-of-arrangement/9356359,investegate.co.uk,English,0.0,1.0,0.0,0.0,CRST
20260115T074500Z,Publication of the Scheme Document | Company Announcement,https://www.investegate.co.uk/announcement/rns/international-personal-finance--ipf/publication-of-the-scheme-document/9354458,investegate.co.uk,English,0.0,1.0,0.0,0.0,CRST
20260112T194500Z,Crest Nicholson ( LON : CRST ) Insider William Floydd Acquires 106 Shares,https://www.themarketsdaily.com/2026/01/12/crest-nicholson-loncrst-insider-william-floydd-acquires-106-shares.html,themarketsdaily.com,English,0.0,0.804,0.196,0.296,CRST
20260109T104500Z,dpa - AFX Overview : Analyst recommendations on U . K . stocks,https://www.finanznachrichten.de/nachrichten-2026-01/67395972-dpa-afx-overview-analyst-recommendations-on-u-k-stocks-020.htm,finanznachrichten.de,English,0.0,1.0,0.0,0.0,CRST
20260107T004500Z,Ella Langley  Choosin  Texas  Hits the Top 5 : Five Burning Questions,https://www.billboard.com/music/country/ella-langley-choosin-texas-top-5-five-burning-questions-1236149891/,billboard.com,English,0.0,0.833,0.167,0.2023,CRST
20260330T081500Z,Major update on plans for 650 new homes in Chippenham,https://www.wiltshiretimes.co.uk/news/25976400.major-update-plans-650-new-homes-chippenham/,wiltshiretimes.co.uk,English,0.0,1.0,0.0,0.0,CRST
20260329T054500Z,Crest Nicholson ( CRST ) Hold Rating Reiterated at Stifel Nicolaus,https://www.tickerreport.com/banking-finance/13394137/crest-nicholsons-crst-hold-rating-reiterated-at-stifel-nicolaus.html,tickerreport.com,English,0.0,1.0,0.0,0.0,CRST
20260328T154500Z,Historic Oxford pub in alleyway once had a secret tunnel,https://www.oxfordmail.co.uk/news/25964107.historic-oxford-pub-alleyway-secret-tunnel/,oxfordmail.co.uk,English,0.0,1.0,0.0,0.0,CRST
20260326T203000Z,Crest Nicholson ( LON : CRST ) Hits New 52 - Week Low – Here What Happened,https://www.themarketsdaily.com/2026/03/26/crest-nicholson-loncrst-hits-new-52-week-low-heres-what-happened.html,themarketsdaily.com,English,0.16,0.84,0.0,-0.2732,CRST
20260326T154500Z,Director / PDMR Shareholding | Company Announcement,https://www.investegate.co.uk/announcement/rns/crest-nicholson-holdings--crst/director-pdmr-shareholding/9494436,investegate.co.uk,English,0.0,1.0,0.0,0.0,CRST
20260324T081500Z,Update on homes for old Siemens factory site in Chippenham,https://www.swindonadvertiser.co.uk/news/25960757.update-homes-old-siemens-factory-site-chippenham/,swindonadvertiser.co.uk,English,0.0,1.0,0.0,0.0,CRST
20260324T054500Z,Update on homes for old Siemens factory site in Chippenham,https://www.wiltshiretimes.co.uk/news/25960757.update-homes-old-siemens-factory-site-chippenham/,wiltshiretimes.co.uk,English,0.0,1.0,0.0,0.0,CRST
20260323T144500Z,Persimmon  top pick  as housebuilder valuations fall to lowest since Truss,https://www.proactiveinvestors.co.uk/companies/news/1089325/persimmon-top-pick-as-housebuilder-valuations-fall-to-lowest-since-truss-1089325.html,proactiveinvestors.co.uk,English,0.194,0.672,0.134,-0.2023,CRST
20260313T120000Z,New Henley Gate Primary School in Ipswich gets green light,https://www.ipswichstar.co.uk/news/25930301.new-henley-gate-primary-school-ipswich-gets-green-light/,ipswichstar.co.uk,English,0.0,1.0,0.0,0.0,CRST
20260313T074500Z,Offer Declared Unconditional | Company Announcement,https://www.investegate.co.uk/announcement/rns/inspecs-group--spec/offer-declared-unconditional-/9472488,investegate.co.uk,English,0.0,1.0,0.0,0.0,CRST
20260311T154500Z,Results of Court Meeting and General Meeting | Company Announcement,https://www.investegate.co.uk/announcement/rns/international-personal-finance--ipf/results-of-court-meeting-and-general-meeting/9469879,investegate.co.uk,English,0.0,1.0,0.0,0.0,CRST
20260310T180000Z,Director / PDMR Shareholding | Company Announcement,https://www.investegate.co.uk/announcement/rns/crest-nicholson-holdings--crst/director-pdmr-shareholding/9467843,investegate.co.uk,English,0.0,1.0,0.0,0.0,CRST
20260308T064500Z,"Crest Nicholson ( LON : CRST ) Insider Sells £69 , 576 . 27 in Stock",https://www.themarketsdaily.com/2026/03/08/crest-nicholson-loncrst-insider-sells-69576-27-in-stock.html,themarketsdaily.com,English,0.0,1.0,0.0,0.0,CRST
20260306T133000Z,"Fears of roundabout delays in Stowupland , Stowmarket | East Anglian Daily Times",https://www.eadt.co.uk/news/25902697.fears-roundabout-delays-stowupland-stowmarket/,eadt.co.uk,English,0.219,0.781,0.0,-0.4215,CRST
20260302T200000Z,Court Sanction of Scheme of Arrangement | Company Announcement,https://www.investegate.co.uk/announcement/rns/solgold--solg/court-sanction-of-scheme-of-arrangement/9454526,investegate.co.uk,English,0.0,1.0,0.0,0.0,CRST
20260527T223000Z,Joel Ward Crystal Palace Switch Crest to 1861,https://www.el-balad.com/17014949,el-balad.com,English,0.0,1.0,0.0,0.0,CRST
20260522T070000Z,Housebuilder shares have fallen through the floor : Should investors be buying the dip ? ,https://www.dailymail.com/money/investing/article-15749357/Housebuilder-shares-fallen-floor-investors-buying-dip.html,dailymail.com,English,0.159,0.701,0.14,-0.0772,CRST
20260519T094500Z,dpa - AFX Overview : Analyst recommendations on U . K . stocks,https://www.finanznachrichten.de/nachrichten-2026-05/68533463-dpa-afx-overview-analyst-recommendations-on-u-k-stocks-020.htm,finanznachrichten.de,English,0.0,1.0,0.0,0.0,CRST
20260517T073000Z,Push to finish years late Swindon housing estate,https://www.swindonadvertiser.co.uk/news/26111257.push-finish-years-late-swindon-housing-estate/,swindonadvertiser.co.uk,English,0.0,1.0,0.0,0.0,CRST
20260516T044500Z,Legal Developments in Construction Law : May 2026 | Mayer Brown,https://www.jdsupra.com/legalnews/legal-developments-in-construction-law-8940445/,jdsupra.com,English,0.0,0.842,0.158,0.128,CRST
20260516T014500Z,I Had No Idea Marlon Brando And Jack Nicholson Starred In A Western Together . It Classic Brando,https://www.cinemablend.com/movies/no-idea-marlon-brando-jack-nicholson-starred-in-a-western-together-the-missouri-breaks-classic-brando,cinemablend.com,English,0.136,0.864,0.0,-0.296,CRST
20260513T071500Z,New home builds fall 6 % as housing market slows,https://www.thetimes.com/business/companies-markets/article/new-home-builds-fall-6-percent-as-housing-market-slows-hlmf05jpc,thetimes.com,English,0.0,1.0,0.0,0.0,CRST
20260512T144500Z,Director / PDMR Shareholding | Company Announcement,https://www.investegate.co.uk/announcement/rns/crest-nicholson-holdings--crst/director-pdmr-shareholding/9564592,investegate.co.uk,English,0.0,1.0,0.0,0.0,CRST
20260511T111500Z,Ardmore loses High Court appeal bid to halt £14 . 9m Crest payout,https://www.constructionenquirer.com/2026/05/11/ardmore-loses-high-court-appeal-bid-to-halt-14-9m-crest-payout/,constructionenquirer.com,English,0.173,0.827,0.0,-0.3182,CRST
20260507T131500Z,UK construction firms face sharpest rise in costs in nearly 30 years,https://www.theguardian.com/business/2026/may/07/uk-construction-firms-experiencing-sharpest-cost-rise-30-years,theguardian.com,English,0.0,1.0,0.0,0.0,CRST
20260503T161500Z,Housebuilder spring sales clobbered by mortgage rates and war,https://www.thetimes.com/business/companies-markets/article/mortgage-rates-war-iran-hit-housebuilders-spring-sales-7tkdq0zbj,thetimes.com,English,0.328,0.672,0.0,-0.5994,CRST
20260730T221500Z,"The Weekender : Banksy , Grupo Tan Tan and  One Flew Over the Cuckoo Nest  ",https://www.tpr.org/arts-culture/2026-07-30/the-weekender-banksy-grupo-tan-tan-and-one-flew-over-the-cuckoos-nest,tpr.org,English,0.0,1.0,0.0,0.0,CRST
20260729T160000Z,Unraveling Cellular Chaos : Discovering Inner Order,https://www.miragenews.com/unraveling-cellular-chaos-discovering-inner-1718519/,miragenews.com,English,0.425,0.575,0.0,-0.5719,CRST
20260728T011500Z,  We look sharp : Trump says White House ordered 250 Cadillac Escalades,https://www.yahoo.com/news/politics/articles/look-sharp-trump-says-white-235628096.html,yahoo.com,English,0.0,1.0,0.0,0.0,CRST
20260723T063000Z,500 homes planned for former Rougham Airfield in Suffolk | East Anglian Daily Times,https://www.eadt.co.uk/news/26300400.500-homes-planned-former-rougham-airfield-suffolk/,eadt.co.uk,English,0.0,1.0,0.0,0.0,CRST
20260721T193000Z,"Housebuilder profit warnings hit 2008 levels , report finds",https://www.propertyweek.com/news/housebuilder-profit-warnings-hit-2008-levels-ey-parthenon-finds,propertyweek.com,English,0.198,0.541,0.261,0.1779,CRST
20260720T013000Z,Iran war woes cause jump in London - listed profit warnings,https://www.cityam.com/iran-war-woes-cause-jump-in-london-listed-profit-warnings/,cityam.com,English,0.503,0.335,0.162,-0.7269,CRST
20260717T133000Z,Fatboy Slim dazzles Brighton with Big Beach Boutique 7,https://www.theargus.co.uk/news/26289057.fatboy-slim-dazzles-brighton-big-beach-boutique-7/,theargus.co.uk,English,0.0,1.0,0.0,0.0,CRST
20260716T150000Z,Crest Nicholson sinks to loss amid  challenging  housing market,https://www.lbc.co.uk/article/8be799940b494ba695fa29ae95e3eb8d-5Hjddh7_2/,lbc.co.uk,English,0.211,0.642,0.147,-0.1779,CRST
20260716T123000Z,Housebuilder Crest Nicholson slashes guidance after unveiling first - half loss in  subdued  market,https://www.dailymail.com/money/markets/article-15981665/Housebuilder-Crest-Nicholson-slashes-guidance-unveiling-half-loss-subdued-market.html,dailymail.com,English,0.272,0.728,0.0,-0.4767,CRST
20260716T090000Z,Crest Nicholson & Foxtons : Markets live - Investor Chronicle,https://www.investorschronicle.co.uk/live-blog/3ed2f4d8-c2a0-491b-b71e-2038819cc362,investorschronicle.co.uk,English,0.0,1.0,0.0,0.0,CRST
20260710T131500Z,Latest proposal in decades - long Brighton leisure centre saga faces backlash,https://www.architectsjournal.co.uk/news/latest-proposal-in-decades-long-brighton-leisure-centre-saga-faces-backlash,architectsjournal.co.uk,English,0.0,1.0,0.0,0.0,CRST
20260808T200000Z,Vistry Group Tops united kingdom Short List at 19 . 7 % Andy Burnham Pension Changes,https://www.el-balad.com/17039834,el-balad.com,English,0.0,0.643,0.357,0.7269,CRST
20260805T100000Z,GT3 controversial Brighton leisure centre approved despite backlash,https://www.architectsjournal.co.uk/news/gt3s-controversial-brighton-leisure-centre-approved-despite-backlash,architectsjournal.co.uk,English,0.17,0.566,0.264,0.25,CRST
20260803T160000Z,"Nearly 2 , 000 homes planned for Keynsham area ahead of major housing policy decision",https://www.bristolpost.co.uk/news/bristol-news/nearly-2000-homes-planned-keynsham-11087942,bristolpost.co.uk,English,0.0,1.0,0.0,0.0,CRST
20260803T123000Z,"Developers lay out plans for 2 , 000 new homes around Keynsham",https://www.somersetcountygazette.co.uk/news/26431181.developers-lay-plans-2-000-new-homes-around-keynsham/,somersetcountygazette.co.uk,English,0.0,1.0,0.0,0.0,CRST
