date,ticker,Close,High,Low,Open,Volume,SMA_10,STOCH_K_14,MACD_signal_9,RSI_14,CCI_20,daily_compound_sentiment,eps_surprise_pct,sue
2023-01-03,SBRY,224.8999938964844,226.6000061035156,219.0829925537109,219.1000061035156,9419404,219.99000091552733,85.83323160807292,1.76480547115289,47.14829095879666,55.01290230948271,0.0,,
2023-01-04,SBRY,235.6999969482422,236.1999969482422,225.3000030517578,226.0,14244431,221.77000122070316,97.68518420403836,1.8644013206356989,72.04966589440832,251.45506605165951,,0.581,0.581
2023-01-05,SBRY,239.8999938964844,240.94000244140625,236.1999969482422,236.1999969482422,10896199,223.75,96.0515995082892,2.18129400975091,74.78989262009449,292.02271031856384,0.0,1.027,1.027
2023-01-06,SBRY,243.6000061035156,244.8999938964844,238.8999938964844,239.3999938964844,9739091,226.06000061035155,95.709609515848,2.6718320333133616,80.63657814960072,260.3557068707357,0.21075,1.668,1.668
2023-01-09,SBRY,247.1000061035156,248.8999938964844,242.68800354003903,243.5,7927588,228.59000091552736,94.75222031030071,3.295243584847876,86.92303749706073,228.80791562586413,0.42018000000000005,,
2023-01-10,SBRY,245.8000030517578,249.8999938964844,243.6999969482422,248.1000061035156,13490435,231.1600006103516,87.90562954894291,3.941006109738221,84.96238272446746,176.9520289442239,0.05382,,
2023-01-11,SBRY,241.8999938964844,244.3000030517578,237.6999969482422,243.3999938964844,17495156,233.4199996948242,76.4011756921595,4.495721134694033,76.20188533910428,111.01531960929762,0.19525,0.672,0.672
2023-01-12,SBRY,244.5,245.3999938964844,238.8000030517578,244.5,6440180,236.0199996948242,84.07081159668178,4.9955251933454266,77.39722973161282,104.57262132864246,-0.22713333333333333,0.889,0.889
2023-01-13,SBRY,241.0,247.1000061035156,239.8999938964844,246.5,9214121,238.20999908447263,73.74632596200156,5.367485299230905,70.86954113218113,89.65152744974685,0.17556666666666665,1.216,1.216
2023-01-16,SBRY,243.3000030517578,245.3000030517578,240.1999969482422,240.6999969482422,4933608,240.7699996948242,80.53099695274275,5.664278149542786,74.89267287517507,80.93017188537105,0.0,,
2023-01-17,SBRY,244.3999938964844,244.3999938964844,240.6000061035156,243.0,6604968,242.71999969482425,83.77580828835966,5.903038924466925,76.75902943772549,73.85027801296928,,,
2023-01-18,SBRY,242.6000061035156,244.74400329589844,241.3000030517578,244.1999969482422,4906779,243.4100006103516,78.46610882804377,6.050738110718401,75.15656974951389,65.8287235404945,-0.19345,1.138,1.138
2023-01-19,SBRY,241.1000061035156,242.8999938964844,239.1000061035156,242.3000030517578,4930182,243.53000183105468,72.75544545287914,6.095896541916916,72.54097514882004,49.24162631677744,0.09265714285714285,0.597,0.597
2023-01-20,SBRY,243.3999938964844,244.1999969482422,241.3000030517578,242.3999938964844,5160120,243.5100006103516,78.90774664380432,6.0972183154555655,75.85512930212681,56.44102922351927,0.0,0.154,0.154
2023-01-23,SBRY,244.8000030517578,245.8999938964844,243.0,244.6999969482422,8028640,243.28000030517575,79.26832218386848,6.07943436619902,72.66515376441895,62.36619912058246,-0.0166875,,
2023-01-24,SBRY,242.1000061035156,246.8040008544922,240.8000030517578,245.1999969482422,7984251,242.9100006103516,43.0657698506309,5.9936744489888,58.93855951076405,49.500135598297256,0.4019,,
2023-01-25,SBRY,239.0,244.1000061035156,237.8000030517578,240.8999938964844,6689446,242.62000122070316,10.655765384802992,5.806684605248615,48.70317927971505,22.736548584985165,0.16668333333333332,,
2023-01-26,SBRY,239.3999938964844,241.1000061035156,238.3999938964844,239.6000061035156,6283427,242.1100006103516,13.934404700708784,5.559195181520803,43.312081172886,9.875706834221775,0.2827,,
2023-01-27,SBRY,252.5,254.8999938964844,247.6000061035156,247.8000030517578,58307850,243.2600006103516,86.04654463773232,5.483092013729694,56.58535841034681,153.44930285597323,-0.11315,,
2023-01-30,SBRY,262.79998779296875,262.79998779296875,252.0,252.8000030517578,11893709,245.20999908447263,100.0,5.670233098425972,66.99998992919615,281.15381573190376,-0.34,,
2023-01-31,SBRY,262.6000061035156,263.1000061035156,258.5,262.79998779296875,11306579,247.03000030517575,98.0237156534048,5.996446136538586,72.35424547360623,261.0980215882331,-0.05611428571428572,,
2023-02-01,SBRY,263.70001220703125,265.70001220703125,260.79998779296875,261.8999938964844,11526925,249.1400009155273,92.83154357093832,6.396608995508119,71.42860548840093,219.90632265904304,-0.296,,
2023-02-02,SBRY,267.5,269.29998779296875,263.7720031738281,263.8999938964844,7658542,251.78000030517575,94.28575027017756,6.868192391308715,79.37919321169143,197.29196459838383,0.0,,
2023-02-03,SBRY,267.5,269.3999938964844,264.8999938964844,267.20001220703125,5487103,254.19000091552732,93.9873593450694,7.344165615334541,78.27106277253286,158.7957683534056,-0.26335,,
2023-02-06,SBRY,266.6000061035156,267.70001220703125,264.79998779296875,266.8999938964844,3319854,256.3700012207031,91.139276569012,7.766841279744677,76.0563859547322,125.43623591497146,0.0,,
2023-02-07,SBRY,268.0,269.70001220703125,265.79998779296875,267.0,15887213,258.9600006103516,94.67080965790188,8.13858759217738,80.09481431984773,115.76615219050127,0.5232,,
2023-02-08,SBRY,264.29998779296875,268.9119873046875,264.29998779296875,267.79998779296875,6354946,261.48999938964846,83.07202863868203,8.38134379629978,76.12612705495505,90.19186020512488,0.3991,,
2023-02-09,SBRY,264.8999938964844,267.29998779296875,263.29998779296875,264.79998779296875,3550061,264.0399993896484,84.95292497509087,8.520995787198613,75.17565482388777,76.26844450954202,0.1453,,
2023-02-10,SBRY,259.70001220703125,265.5,259.04998779296875,264.6000061035156,4508802,264.76000061035154,68.65204661439138,8.48631952273444,66.02153099292812,47.47103002977153,0.36684999999999995,,
2023-02-13,SBRY,260.20001220703125,261.3999938964844,259.0719909667969,260.1000061035156,2703365,264.5000030517578,70.2194442836718,8.332830641370242,70.42892049646568,35.609823372866046,0.763,,
2023-02-14,SBRY,264.3999938964844,265.8999938964844,260.70001220703125,260.8999938964844,4296186,264.6800018310547,83.06704405741202,8.160934502589907,77.97360292807856,52.97223631720894,,,
2023-02-15,SBRY,265.20001220703125,266.70001220703125,261.6000061035156,265.79998779296875,4924149,264.8300018310547,79.63801467328939,7.980675535487629,78.16598512899685,54.19686283937826,-0.6597,,
2023-02-16,SBRY,264.79998779296875,266.29998779296875,263.20001220703125,264.6000061035156,3097265,264.56000061035155,72.31626534067594,7.780052652763461,68.58005568770629,52.52539877892838,,,
2023-02-17,SBRY,264.3999938964844,266.5,263.33599853515625,264.20001220703125,4081235,264.25,52.678459517931785,7.553069062525857,53.44829173775382,49.42703476885217,0.11261666666666666,,
2023-02-20,SBRY,263.79998779296875,267.79998779296875,261.8999938964844,265.0,3038449,263.9699981689453,44.60083672416757,7.294674227210493,52.542333430317136,44.14521461945135,-0.2294,,
2023-02-21,SBRY,262.70001220703125,264.70001220703125,261.0559997558594,263.8999938964844,4549972,263.43999938964845,34.272451143332,6.995961410099346,47.88135374047618,21.340886582996102,0.05457142857142857,,
2023-02-22,SBRY,262.8999938964844,263.29998779296875,260.0,262.0,5177535,263.3,36.150209181041895,6.674882462425892,38.49996719355345,-1.6847536327779558,0.16496140350877195,,
2023-02-23,SBRY,263.6000061035156,264.8999938964844,262.70001220703125,263.20001220703125,3090442,263.1700012207031,42.72307868645768,6.3525712250171695,40.5797165548425,9.719833695826075,0.37635,-0.247,-0.247
2023-02-24,SBRY,263.0,265.0,262.4840087890625,263.8999938964844,4125987,263.5,37.08923147458307,6.022332158169295,41.17645298870401,-17.14704530130291,0.00645,,
2023-02-27,SBRY,271.20001220703125,272.20001220703125,264.0,264.70001220703125,4735474,264.6,92.39545138083082,5.821536051396132,55.88237274063435,173.90348024643902,-0.362925,,
2023-02-28,SBRY,268.20001220703125,271.8999938964844,267.0,271.0,9690707,264.98000183105466,69.58180552332328,5.651266641887783,57.3585366303066,148.9388082332101,-0.05776153846153846,,
2023-03-01,SBRY,265.79998779296875,269.885986328125,264.8999938964844,268.20001220703125,4775853,265.0399993896484,51.33070317939197,5.457885211014624,51.590094194654576,64.061885208243,-0.253,,
2023-03-02,SBRY,265.3999938964844,266.79998779296875,263.6000061035156,264.70001220703125,3434372,265.1,48.202259989446254,5.241333693641988,62.12760486670329,12.05093662173435,,,
2023-03-03,SBRY,264.3999938964844,266.70001220703125,263.79998779296875,266.29998779296875,5137307,265.1,36.06548765540185,4.993711127650725,58.74995072688965,5.725060104714005,,,
2023-03-06,SBRY,265.6000061035156,266.8999938964844,263.1000061035156,264.6000061035156,4371397,265.2800018310547,45.90164344498086,4.747358430535222,52.857163617339744,17.767124956480313,,,
2023-03-07,SBRY,263.29998779296875,265.67401123046875,262.0,265.5,4318092,265.3399993896484,27.049053205593214,4.46720023910662,45.77773497793247,-38.61285266113507,,,
2023-03-08,SBRY,263.79998779296875,265.1000061035156,259.70001220703125,265.1000061035156,4668531,265.42999877929685,32.7998046875,4.178335329108565,47.78761420442423,-65.31983487382303,,-0.191,-0.191
2023-03-09,SBRY,262.6000061035156,264.79998779296875,260.5,264.79998779296875,2764934,265.3299987792969,23.199951171875,3.870487714080481,46.15387625004565,-67.67653010587495,,,
2023-03-10,SBRY,260.1000061035156,261.8999938964844,257.70001220703125,261.6000061035156,8529689,265.0399993896484,16.55168204471983,3.5181723236639177,42.68778851454288,-169.13575765902002,,,
2023-03-13,SBRY,254.3000030517578,261.0,253.1999969482422,260.8999938964844,8502053,263.3499984741211,5.789501158462397,3.0559000604537,36.00000610350631,-275.0385104671949,,,
2023-03-14,SBRY,257.20001220703125,257.6000061035156,252.5,254.0,8586843,262.24999847412107,23.857915201462365,2.588244973453247,41.284451188783,-226.0062811359105,,,
2023-03-15,SBRY,253.1000061035156,258.20001220703125,249.85400390625,257.29998779296875,5026879,260.9800003051758,14.526094117454257,2.0704189525739056,35.45709075877042,-218.01208033588523,,-0.151,-0.151
2023-03-16,SBRY,254.5,258.70001220703125,253.1000061035156,256.1000061035156,7271691,259.89000091552737,20.791167850714388,1.5659092393557468,38.48240196966277,-146.80075110378348,,,
2023-03-17,SBRY,249.1999969482422,256.29998779296875,248.0,254.3999938964844,12724652,258.3700012207031,5.02090901545671,1.0080656854747527,17.64707994293221,-182.1047695497373,,,
2023-03-20,SBRY,251.8000030517578,252.1000061035156,245.2480010986328,248.8999938964844,4725949,256.99000091552733,26.59309148899933,0.4852205876532977,25.595262153311538,-164.73834578631028,,,
2023-03-21,SBRY,262.3999938964844,262.8999938964844,255.6000061035156,257.20001220703125,5345865,256.9000015258789,79.21669362255415,0.1797309952260286,45.933023436467614,-10.866320098375793,,-0.048,-0.048
2023-03-22,SBRY,264.20001220703125,264.79901123046875,262.0,262.3999938964844,4389913,256.9400039672852,87.53010074102264,0.054798489494662,48.611133677456365,35.99102802655151,,,
2023-03-23,SBRY,262.6000061035156,265.20001220703125,259.79998779296875,265.20001220703125,6628853,256.9400039672852,80.14045250654517,0.0239327763766173,47.94522170508069,20.954807984259237,,,
2023-03-24,SBRY,259.1000061035156,261.8999938964844,254.0,261.8999938964844,3507609,256.8400039672852,67.8155200916752,-0.0022506653021033,42.95011406018512,-35.33305478590049,,,
2023-03-27,SBRY,261.29998779296875,262.1000061035156,259.1000061035156,261.29998779296875,4009892,257.5400024414063,80.45297592872302,0.0109777820126708,47.82608695652174,6.685705728244705,,-0.07,-0.07
2023-03-28,SBRY,264.79998779296875,266.20001220703125,262.3999938964844,262.70001220703125,4136501,258.3,93.31794734730111,0.1040308160008498,51.02040816326532,69.51431130027002,,,
2023-03-29,SBRY,267.79998779296875,268.8999938964844,262.79998779296875,262.79998779296875,5279649,259.76999816894534,95.34920328736298,0.2898645012424871,55.11809036924454,103.08685737574282,,,
2023-03-30,SBRY,275.70001220703125,277.1000061035156,268.20001220703125,268.20001220703125,6944578,261.88999938964844,95.60469145892148,0.6494892080940275,63.87899843774012,195.3872606785106,,,
2023-03-31,SBRY,278.70001220703125,280.3999938964844,275.09100341796875,276.20001220703125,6631701,264.84000091552736,95.16391090761424,1.145573569594094,72.84643354645141,220.2266609516448,,,
2023-04-03,SBRY,277.3999938964844,280.3999938964844,276.6099853515625,278.79998779296875,5192570,267.4,91.46563320818797,1.6778306102290248,69.49803344440622,188.7604628380228,0.376675,-0.137,-0.137
2023-04-04,SBRY,274.6000061035156,279.8999938964844,274.1000061035156,278.29998779296875,8732687,268.6200012207031,83.50025892892413,2.156361906514043,71.28711584888671,143.3459712076309,,,
2023-04-05,SBRY,272.70001220703125,275.4800109863281,272.20001220703125,275.1000061035156,9626714,269.4700012207031,78.09517732399019,2.5409054678869496,67.8431385455331,99.45267741655384,-0.119175,,
2023-04-06,SBRY,273.1000061035156,275.0,271.5,272.5,3458503,270.52000122070314,79.23307553301811,2.846971360416778,75.92190681154014,85.32667641762804,-0.3953,,
2023-04-11,SBRY,279.29998779296875,280.3999938964844,274.0,275.70001220703125,4657562,272.5399993896484,95.833309250643,3.1802327538143493,77.665982323751,110.00656570205108,0.1779,,
2023-04-12,SBRY,279.8999938964844,280.1000061035156,277.8999938964844,279.70001220703125,4611446,274.4,98.10606016819352,3.51539400057096,72.04029549001069,106.22886842685205,0.0,,
2023-04-13,SBRY,278.20001220703125,281.79998779296875,277.29998779296875,279.5,6094890,275.74000244140626,87.05044184642406,3.799041823217234,67.6767785747974,93.3351295432151,0.0,,
2023-04-14,SBRY,276.29998779296875,278.70001220703125,275.6000061035156,278.3999938964844,3588493,276.5900024414062,80.21581865085899,3.9965601774353416,67.1678994801303,68.80454513473691,,,
2023-04-17,SBRY,279.0,280.1600036621094,275.5,276.29998779296875,3541132,276.9200012207031,87.66524206374281,4.163708159703629,75.44755855510607,72.34070322167297,-0.16795,0.268,0.268
2023-04-18,SBRY,280.29998779296875,281.0,277.6000061035156,279.79998779296875,7005767,277.0799987792969,92.26803880452856,4.314309020633366,74.8691020005784,78.33355540485442,-0.2679333333333333,,
2023-04-19,SBRY,282.20001220703125,283.0,279.3999938964844,280.1000061035156,3583914,277.56000061035155,96.03966678450676,4.467124317365533,73.77050137162202,92.47628641306152,-0.037950000000000005,,
2023-04-20,SBRY,279.20001220703125,282.20001220703125,277.5,282.20001220703125,2708650,278.02000122070314,74.32438562703365,4.555272021399039,65.57378826158376,70.60929052887886,,0.256,0.256
2023-04-21,SBRY,281.70001220703125,282.8999938964844,278.8999938964844,281.20001220703125,4139266,278.9200012207031,88.69575832201087,4.6277701363583486,59.61538085335722,82.3776861165079,,,
2023-04-24,SBRY,280.5,282.79998779296875,279.3999938964844,280.3999938964844,2776052,279.6600006103516,78.26086956521739,4.656965802941487,53.06120118748573,75.27662069208749,0.2553,,
2023-04-25,SBRY,280.5,281.29998779296875,277.3999938964844,280.3999938964844,10413286,279.7800018310547,78.26086956521739,4.646875681632208,55.51602389710474,58.45222735376153,-0.0494,,
2023-04-26,SBRY,283.8999938964844,284.1000061035156,278.6929931640625,279.1000061035156,7244090,280.1800018310547,98.41260230044298,4.65634467761855,66.20206243447231,100.84928281389652,0.4696,,
2023-04-27,SBRY,274.1000061035156,285.6010131835937,271.6000061035156,284.8999938964844,8659758,279.77000122070314,18.43843466894053,4.510610735987145,51.91255964893118,-13.307249713969265,,-0.049,-0.049
2023-04-28,SBRY,276.3999938964844,278.1000061035156,272.3999938964844,272.79998779296875,7445615,279.7800018310547,34.28316095774709,4.301652581540772,54.28569843242696,-79.05923013223496,0.0,0.02,0.02
2023-05-02,SBRY,283.3999938964844,284.20001220703125,275.20001220703125,276.6000061035156,8887290,280.2200012207031,84.27956450189086,4.165897222414304,55.216290322204905,84.16654397742094,0.7655,0.198,0.198
2023-05-03,SBRY,281.6000061035156,287.1400146484375,281.0,283.29998779296875,9954468,280.3500030517578,64.35002896615379,4.0449278010649,52.09878050250772,139.8690174396356,-0.021866666666666663,,
2023-05-04,SBRY,281.6000061035156,282.3999938964844,279.29998779296875,282.29998779296875,5027527,280.2900024414063,64.35002896615379,3.930348127359184,54.381433365922106,67.26005294093393,0.0,,
2023-05-05,SBRY,287.29998779296875,287.29998779296875,282.5,283.79998779296875,5850555,281.1,100.0,3.907761699912285,62.91080552124913,183.17063198307744,-0.8807,,
2023-05-09,SBRY,289.6000061035156,290.0,286.20001220703125,288.20001220703125,8294835,281.88999938964844,97.82611940669828,3.971807744320357,62.55925438726534,230.4177170944183,-0.296,,
2023-05-10,SBRY,285.20001220703125,290.8999938964844,283.8999938964844,290.0,3596517,282.3600006103516,70.4663974371543,4.0075440581735045,55.40841692547107,160.86841307301663,0.0,,
2023-05-11,SBRY,287.29998779296875,287.3999938964844,284.3999938964844,285.20001220703125,3525360,283.0399993896484,81.34710683689056,4.048032905182569,55.60437629364522,132.59369913438036,0.0,,
2023-05-12,SBRY,289.29998779296875,289.6000061035156,286.3999938964844,287.0,3699243,283.5799987792969,91.70980769169952,4.112060601722091,61.34830274027654,152.15686585445243,-0.099325,,
2023-05-15,SBRY,287.5,291.0,285.9280090332031,290.70001220703125,4438121,284.9199981689453,81.95875721056663,4.1493955836130905,56.62100170285584,123.54265838800308,0.0,,
2023-05-16,SBRY,285.5,288.20001220703125,284.8999938964844,286.70001220703125,3642045,285.8299987792969,71.64947561660472,4.12667678386204,55.605391905299534,73.81576742490772,0.128,,
2023-05-17,SBRY,283.29998779296875,284.6000061035156,282.5,284.0,9063652,285.8199981689453,60.309202940385305,4.023002953249751,52.99144463137577,13.693123909160732,0.5106,,
2023-05-18,SBRY,282.79998779296875,285.29998779296875,282.0,284.0,2358921,285.93999633789065,57.73188254189483,3.8568763856892985,48.74714375191604,7.94711010185612,0.24766666666666667,,
2023-05-19,SBRY,281.0,283.1000061035156,280.6940002441406,282.3999938964844,2954790,285.87999572753904,46.2365767820373,3.622805926292194,59.61003732672316,-31.314964501266967,-0.054877777777777775,,
2023-05-22,SBRY,278.3999938964844,281.0,277.7359924316406,278.0,3925583,284.9899963378906,20.253064314879843,3.3086812256646736,52.76243466531782,-86.39414784436025,-0.34,,
2023-05-23,SBRY,278.0,278.5989990234375,276.1000061035156,278.5,4093925,283.8299957275391,12.751642112636535,2.9469241906212256,40.87837176046543,-108.475870963173,,0.253,0.253
2023-05-24,SBRY,278.8999938964844,278.8999938964844,275.6000061035156,277.0,7034485,283.1999938964844,21.428500654939192,2.5819182733587303,45.29613797796776,-95.80703543052908,0.11709999999999998,,
2023-05-25,SBRY,275.1000061035156,279.5,273.6470031738281,279.3999938964844,4628560,281.97999572753906,8.373210369612204,2.167498933105133,39.999981219916656,-119.67541459881738,0.0,,
2023-05-26,SBRY,275.0,276.0,271.5,275.6000061035156,3290413,280.5499969482422,17.94871794871795,1.737297055747419,27.13753803357619,-132.95805345504502,,,
2023-05-30,SBRY,271.5,275.6000061035156,271.5,274.1000061035156,4465143,278.9499969482422,0.0,1.259954775927827,17.793520486457666,-143.6080938829924,,,
2023-05-31,SBRY,270.6000061035156,273.3999938964844,268.3999938964844,269.29998779296875,49336690,277.4599975585937,9.734564658763606,0.7608583074074,20.3251245827084,-163.32043800608147,0.2541333333333333,,
2023-06-01,SBRY,272.79998779296875,274.20001220703125,271.29998779296875,272.0,3796829,276.4099975585938,19.468994284032156,0.3076554694328566,20.647715254371303,-115.67653430520755,-0.5507,,
2023-06-02,SBRY,278.5,278.5,274.94000244140625,275.0,4190203,275.97999877929686,44.69028042405919,-0.0027853317250013,30.985912466016917,-48.12924293821669,,0.342,0.342
2023-06-05,SBRY,276.20001220703125,280.5,275.8999938964844,279.5,5352478,275.5,39.393995440863,-0.2441604477953154,30.44982333573391,-41.46498672564474,,,
2023-06-06,SBRY,279.20001220703125,279.70001220703125,273.79998779296875,276.3999938964844,4094802,275.5800018310547,63.90545686997882,-0.3811735091271935,39.46489045298757,-36.68808011576312,,,
2023-06-07,SBRY,278.0,282.8999938964844,276.8999938964844,278.5,8771833,275.5800018310547,56.80479035860876,-0.4638687276702052,40.83045932709183,-8.570081759855618,,0.479,0.479
2023-06-08,SBRY,267.5,270.20001220703125,266.70001220703125,269.6000061035156,7302922,274.44000244140625,4.877976162785289,-0.6746476715212585,30.33418740791764,-157.86513554786842,,,
2023-06-09,SBRY,267.0,268.6000061035156,264.1000061035156,268.20001220703125,6328468,273.6300018310547,15.425509465325192,-0.961097181935533,31.38296663517511,-164.57748961339453,,0.561,0.561
2023-06-12,SBRY,269.79998779296875,271.79998779296875,266.70001220703125,268.79998779296875,4217603,273.1100006103516,30.31907122612566,-1.2330966760139552,38.62431769319144,-111.7216105638133,,,
2023-06-13,SBRY,271.5,272.0,269.5,271.5,2861469,273.1100006103516,39.36169522010006,-1.4518473382259554,41.687974349608346,-78.88792575593791,,,
2023-06-14,SBRY,272.5,272.8999938964844,270.20001220703125,271.29998779296875,4706066,273.3,44.68084761005003,-1.6064919233271402,41.836738665867394,-57.48992484919916,,,
2023-06-15,SBRY,272.3999938964844,273.20001220703125,269.79998779296875,269.79998779296875,2963328,273.26000061035154,44.14889990552531,-1.7107833554676055,46.19716590558979,-51.91643240271931,,,
2023-06-16,SBRY,269.8999938964844,274.5,266.0,274.5,16324715,272.4,30.851018930650383,-1.8140340961917736,43.27175867436129,-74.07697302829403,,,
2023-06-19,SBRY,265.70001220703125,270.1000061035156,265.20001220703125,269.8999938964844,4831944,271.35,8.510676289449677,-1.9740936814831096,42.48705769249014,-121.11665886523436,,0.207,0.207
2023-06-20,SBRY,263.5,265.697998046875,262.0,264.1000061035156,5230471,269.7799987792969,7.177035588763103,-2.191969913069612,41.10274788269928,-164.4445767164384,,,
2023-06-21,SBRY,260.1000061035156,264.79998779296875,259.70001220703125,264.3999938964844,5382143,267.98999938964846,1.7241129835297029,-2.483912040421352,34.54990291550493,-178.72653961847203,,,
2023-06-22,SBRY,257.6000061035156,261.79998779296875,255.5,258.3999938964844,5152351,267.0,7.664257559506506,-2.841197849518807,22.42744424501996,-197.9807914608984,,,
2023-06-23,SBRY,257.20001220703125,258.5639953613281,254.8000030517578,256.0,4073073,266.02000122070314,8.54096063068234,-3.220616304306748,23.611111111111114,-182.00617567571976,,,
2023-06-26,SBRY,263.8999938964844,263.8999938964844,256.70001220703125,257.6000061035156,6030011,265.4300018310547,32.38431960711592,-3.479782599491924,30.73044664072032,-102.4088219063174,,0.291,0.291
2023-06-27,SBRY,264.70001220703125,266.0150146484375,261.6000061035156,264.70001220703125,3143808,264.7500030517578,50.25386136497248,-3.629296291934438,33.07889068180795,-60.945287952386224,,,
2023-06-28,SBRY,271.6000061035156,273.0169982910156,263.6000061035156,263.6000061035156,4994707,264.6600036621094,85.2792165191521,-3.5838868293963637,55.742308412341416,7.97961885968259,,,
2023-06-29,SBRY,266.20001220703125,272.1000061035156,265.5,272.1000061035156,3757708,264.0400054931641,57.86807574247188,-3.496669094413176,49.01479276597664,-8.235506768375515,,0.434,0.434
2023-06-30,SBRY,269.0,270.3999938964844,265.3999938964844,266.6000061035156,3617329,263.95000610351565,72.08121394916886,-3.3351770559246097,49.01479276597664,2.5008267966629205,,,
2023-07-03,SBRY,274.6000061035156,275.1000061035156,269.8999938964844,269.8999938964844,2653234,264.8400054931641,97.5369461830859,-3.0386506325715965,53.48315531400552,81.63383848050844,0.4828222222222222,,
2023-07-04,SBRY,269.6000061035156,273.4280090332031,268.5,272.20001220703125,6277909,265.45000610351565,72.90640801394488,-2.7458780582597746,47.01031368943909,48.94165899856883,0.23653333333333335,0.439,0.439
2023-07-05,SBRY,270.0,271.20001220703125,267.1000061035156,268.0,4923717,266.44000549316405,74.87682100090124,-2.4581658653994607,47.54098770728364,43.5710306691401,0.2553,0.47,0.47
2023-07-06,SBRY,268.79998779296875,270.1000061035156,267.7659912109375,270.1000061035156,5434518,267.5600036621093,68.96543170715758,-2.2022506068269387,48.8420980944812,32.71862867820571,0.2732,,
2023-07-07,SBRY,270.5,270.5,266.0,267.1000061035156,3661099,268.89000244140624,77.33987481781534,-1.9475384749102904,55.33331976996528,32.23172575879685,-0.731,,
2023-07-10,SBRY,267.8999938964844,270.5,267.5,268.6000061035156,4516835,269.2900024414063,64.5319649032871,-1.7439756150486816,54.84580890750416,26.598534918064797,,,
2023-07-11,SBRY,267.20001220703125,268.1000061035156,265.8999938964844,268.1000061035156,3097940,269.5400024414063,61.0837797593321,-1.5903361553080448,58.31382804230725,2.025494590625564,0.0,,
2023-07-12,SBRY,269.1000061035156,270.0,266.8999938964844,266.8999938964844,4662751,269.2900024414063,70.44335419703077,-1.4421037592177928,63.65796516499799,35.83358834295343,-0.2263,,
2023-07-13,SBRY,273.29998779296875,273.70001220703125,268.20001220703125,268.8999938964844,3185420,270.0,90.21728854545545,-1.2347358919675164,67.53811375951597,94.76281156097384,,,
2023-07-14,SBRY,274.0,275.1000061035156,272.79998779296875,273.20001220703125,5333766,270.5,91.851806640625,-0.9871911245156746,62.656651188617786,129.64775300718733,0.3612,,
2023-07-17,SBRY,271.0,274.0639953613281,270.70001220703125,274.0,3145805,270.13999938964844,64.34777301290761,-0.7730541997338032,57.48217511445911,83.27785782970334,-0.148,,
2023-07-18,SBRY,277.0,277.3999938964844,269.3999938964844,271.29998779296875,4739672,270.8799987792969,96.66671752929688,-0.4935936323410801,56.55339356360288,121.98171198339696,,,
2023-07-19,SBRY,283.1000061035156,285.1000061035156,278.29998779296875,278.29998779296875,11626335,272.18999938964845,89.84772202686165,-0.0893922215867565,70.1670600934173,234.72988579057292,,,
2023-07-20,SBRY,285.5,290.1000061035156,283.1640014648437,283.6000061035156,5260330,273.8600006103516,80.9917199042606,0.4102996711597538,69.87951807228916,250.5193015202824,-0.3404,,
2023-07-21,SBRY,284.0,287.29998779296875,282.75201416015625,285.6000061035156,2318755,275.2100006103516,74.79337592340849,0.9187816934641476,62.56683881085871,190.69595148857215,0.3548,,
2023-07-24,SBRY,282.5,284.20001220703125,280.385009765625,282.8999938964844,2926492,276.6700012207031,68.59503194255636,1.3800920175849511,69.02654309595934,132.93515131674656,,,
2023-07-25,SBRY,280.70001220703125,283.79998779296875,279.6000061035156,283.29998779296875,3083953,278.02000122070314,61.15706960778627,1.755790122848482,65.15582989686266,103.0367584273633,-0.5106,,
2023-07-26,SBRY,286.29998779296875,286.29998779296875,280.6000061035156,280.70001220703125,2910814,279.73999938964846,84.29745291846262,2.1434759714097944,72.04032937501154,120.66140622415178,0.0,,
2023-07-27,SBRY,285.3999938964844,290.20001220703125,284.70001220703125,286.3999938964844,3298163,280.95,80.24685311260224,2.4991080801265038,69.15169616050548,125.16041692927196,0.343125,,
2023-07-28,SBRY,282.6000061035156,285.70001220703125,280.8999938964844,284.29998779296875,2136509,281.81000061035155,68.72427828493852,2.765638560151114,68.7980106554191,74.77145685555584,0.0,,
2023-07-31,SBRY,277.3999938964844,285.385986328125,276.6000061035156,281.29998779296875,5247687,282.45,45.06434226812225,2.873083289884525,61.69724144544311,36.50680844101335,,,
2023-08-01,SBRY,279.0,280.5,276.29998779296875,277.3999938964844,3361428,282.65,49.09085360440341,2.894162547984381,61.43187490176925,20.51074177413361,0.0,,
2023-08-02,SBRY,275.6000061035156,278.5,274.5,276.0,2890131,281.9,29.807724755162678,2.799163293357391,52.70590583776556,-9.057751490444998,-0.3615333333333333,,
2023-08-03,SBRY,271.20001220703125,275.79998779296875,269.8999938964844,275.1000061035156,6618843,280.4700012207031,8.65392656714228,2.5598091014945985,46.96970697809602,-56.36746469396877,-0.66725,,
2023-08-04,SBRY,272.0,273.0,269.5989990234375,270.6000061035156,2974226,279.27000122070314,12.500018339874556,2.2494523891127907,51.13636521268701,-68.19211878984625,0.0,,
2023-08-07,SBRY,270.3999938964844,273.5,268.8999938964844,271.5,3853918,278.06000061035155,7.042247467258106,1.8802079642029643,41.66664740049215,-78.23121789567406,0.24695,,
2023-08-08,SBRY,268.70001220703125,271.5,267.70001220703125,269.6000061035156,2714726,276.8600006103516,4.444444444444445,1.462002675560596,29.545417107742026,-101.32616268640002,0.0,,
2023-08-09,SBRY,267.8999938964844,270.8999938964844,267.8789978027344,270.20001220703125,4760100,275.02000122070314,0.8888075086805556,1.0189366536143765,23.809471908795885,-106.69900214851464,,,
2023-08-10,SBRY,268.5,270.29998779296875,266.4429931640625,269.1000061035156,3950565,273.3300018310547,8.658522486415661,0.5907650428754447,26.29965879990144,-107.26292886772542,,,
2023-08-11,SBRY,266.3999938964844,269.79998779296875,265.8999938964844,267.6000061035156,4293946,271.7100006103516,2.0576116182718525,0.1595235799690371,25.825785645355964,-109.37270365191507,,,
2023-08-14,SBRY,266.5,267.29998779296875,264.70001220703125,266.79998779296875,3792402,270.6200012207031,7.058775658700981,-0.2498036642583282,27.531608895687757,-114.11545422395822,0.0,,
2023-08-15,SBRY,264.8999938964844,266.70001220703125,262.70001220703125,263.29998779296875,2416636,269.2100006103516,7.999933416193182,-0.6488957000671959,11.231903688313878,-114.78145009661397,,,
2023-08-16,SBRY,266.0,267.3999938964844,264.6000061035156,265.1000061035156,3803630,268.25,14.34777301290761,-1.001622522056433,15.107947628357609,-91.50416352485776,0.0,,
2023-08-17,SBRY,262.79998779296875,268.1000061035156,261.9769897460937,265.79998779296875,2740986,267.4099975585938,3.5157339785624706,-1.3555694288798776,14.89363774391029,-98.70919849772604,-0.3612,,
2023-08-18,SBRY,262.0,262.79998779296875,260.29998779296875,262.0,4994608,266.4099975585938,8.415896929208326,-1.7014003005907647,17.647096536770448,-114.7653010320301,,,
2023-08-21,SBRY,260.5,263.6990051269531,259.6000061035156,262.6000061035156,2708220,265.4199981689453,4.761874005958195,-2.044068961462007,10.970484237743406,-111.27459609187854,,,
2023-08-22,SBRY,257.70001220703125,262.6220092773437,257.70001220703125,260.3999938964844,2256927,264.3199981689453,0.0,-2.406805675685681,11.255434703629476,-121.60513202651778,-0.3182,,
2023-08-23,SBRY,257.70001220703125,259.6000061035156,256.8999938964844,258.20001220703125,4079325,263.3,4.819385640933249,-2.757619802032644,13.903766878494425,-126.96133714100309,0.1858,,
2023-08-24,SBRY,258.6000061035156,261.6000061035156,258.6000061035156,259.29998779296875,2055637,262.31000061035155,10.241033626314232,-3.0619267747625094,14.361753070828314,-105.97272633290878,0.0,,
2023-08-25,SBRY,261.8999938964844,263.29998779296875,258.5679931640625,259.3999938964844,5423341,261.8600006103516,34.24656102572464,-3.2615035618672303,29.268292682926827,-79.74543618323503,0.26675,0.641,0.641
2023-08-29,SBRY,267.1000061035156,267.1000061035156,261.29998779296875,263.29998779296875,16382413,261.9200012207031,72.85723005022321,-3.294578568547082,46.66665818957241,-20.837599043159788,0.5106,,
2023-08-30,SBRY,267.70001220703125,268.79998779296875,266.6000061035156,267.0,8673653,262.2000030517578,80.59718828215564,-3.2044778804950176,49.57987072353532,29.077349358633118,0.7003,,
2023-08-31,SBRY,270.1000061035156,273.5,267.79998779296875,267.79998779296875,20378928,262.61000366210936,79.51811658813602,-2.996302126045303,53.12501117586824,87.5805592370713,0.1147,,
2023-09-01,SBRY,270.29998779296875,273.0,270.0,270.8999938964844,4457005,263.36000366210936,80.72282511779596,-2.715012354822428,58.22784158145559,101.91583699076932,,,
2023-09-04,SBRY,268.6000061035156,272.20001220703125,267.70001220703125,271.70001220703125,3044106,264.02000427246094,70.48197533224622,-2.423575961598073,54.1502166992952,75.76193374832657,,,
2023-09-05,SBRY,265.3999938964844,267.5,261.20001220703125,266.8999938964844,6270824,264.5100036621094,51.20480045004219,-2.1865879455392454,50.92936929496357,-11.389748617744576,,0.789,0.789
2023-09-06,SBRY,265.5,266.29998779296875,263.0,264.3999938964844,2547106,265.2900024414063,51.80724663525441,-1.989571205650737,49.034747669938376,-2.223328133839322,,,
2023-09-07,SBRY,264.6000061035156,267.1000061035156,263.20001220703125,264.5,3665906,265.98000183105466,46.38559864987342,-1.8377598721075543,53.8136069921624,2.992566695342578,,,
2023-09-08,SBRY,266.8999938964844,267.0,263.1000061035156,263.1000061035156,2419987,266.81000061035155,60.24094170593199,-1.6813570240198032,59.760965378886894,23.504413190739974,,,
2023-09-11,SBRY,269.1000061035156,270.3999938964844,265.29998779296875,265.29998779296875,2489417,267.5300018310547,73.49402241754282,-1.49134313669108,66.66670609512747,84.5878084164357,,,
2023-09-12,SBRY,272.79998779296875,274.70001220703125,269.4830017089844,270.0,6202344,268.1,89.32571651942236,-1.2277932235035065,78.27715955121934,157.9123453952786,,,
2023-09-13,SBRY,273.6000061035156,275.6990051269531,272.6000061035156,274.3999938964844,2597514,268.68999938964845,87.7473728464823,-0.9164058618710292,78.9091118931018,159.3246545907156,,,
2023-09-14,SBRY,276.20001220703125,276.20001220703125,271.5,271.8999938964844,3362362,269.3,100.0,-0.5477881011701031,80.13701565071983,143.37907438680227,,,
2023-09-15,SBRY,279.6000061035156,281.29998779296875,277.79998779296875,279.8999938964844,12161127,270.23000183105466,91.5423693815704,-0.1071295504423609,80.2048115721038,181.822709405677,,,
2023-09-18,SBRY,276.20001220703125,282.0,275.1000061035156,279.79998779296875,11155285,270.99000244140626,72.11542693823415,0.3015819754778289,66.54548400377752,136.26657695708906,,,
2023-09-19,SBRY,275.5,278.5989990234375,274.5,276.20001220703125,4205987,272.0000030517578,68.74998166009854,0.6569887393628379,64.13042516773625,103.3903786403526,,,
2023-09-20,SBRY,276.8999938964844,278.29998779296875,275.0,276.0,4213522,273.14000244140624,75.48072549715805,0.9811927759703452,62.78194367321839,99.46177386998228,,,
2023-09-21,SBRY,274.6000061035156,279.5,273.20001220703125,275.70001220703125,6408876,274.14000244140624,64.42308538764684,1.2299129375464328,57.49132587796576,79.25958536354335,,0.553,0.553
2023-09-22,SBRY,272.8999938964844,274.6000061035156,271.29998779296875,273.1000061035156,7273368,274.74000244140626,56.24994498029561,1.3883570245090615,57.49126474572595,33.98568986506571,,,
2023-09-25,SBRY,269.3999938964844,273.29998779296875,268.3999938964844,272.79998779296875,5329493,274.77000122070314,33.68417840254934,1.4229071136520808,56.896551724137936,-12.93604670297272,,,
2023-09-26,SBRY,261.70001220703125,270.0,260.0,268.6000061035156,11247540,273.6600036621094,7.727328213778409,1.2518998685717242,44.80875638284744,-118.76784174481338,,0.541,0.541
2023-09-27,SBRY,252.6000061035156,261.70001220703125,252.6000061035156,260.8999938964844,11230702,271.5600036621093,0.0,0.8129791354736863,36.60713920787789,-213.64087813295748,,0.689,0.689
2023-09-28,SBRY,250.3000030517578,253.8999938964844,249.8000030517578,252.8999938964844,11839077,268.97000274658205,1.5527951782221994,0.1905962192613659,31.473225765689733,-213.68832363710985,,0.954,0.954
2023-09-29,SBRY,252.8000030517578,255.0,251.5,252.5,9529277,266.2900024414063,9.316771069333196,-0.4746992656183122,31.92903951147505,-159.06590511490657,,,
2023-10-02,SBRY,247.8000030517578,254.6000061035156,247.8000030517578,252.8000030517578,8067663,263.4500015258789,0.0,-1.2107057726419723,23.060366585757837,-157.3266748249209,,0.722,0.722
2023-10-03,SBRY,248.3999938964844,250.0,243.80099487304688,247.6000061035156,7012597,260.74000091552733,12.03957801558674,-1.9401179542920088,22.727248707130883,-153.80196139341265,,,
2023-10-04,SBRY,254.1000061035156,256.0,246.8000030517578,247.8999938964844,9771323,258.46000213623046,26.96146456233697,-2.531797661733017,27.58619515655585,-101.49854014147536,,0.865,0.865
2023-10-05,SBRY,256.3999938964844,259.6000061035156,254.1999969482422,254.6999969482422,8281143,256.64000091552737,32.982531826588534,-2.963667053752631,25.93358815309699,-62.849082065739154,,,
2023-10-06,SBRY,253.8999938964844,258.2099914550781,249.8999938964844,257.1000061035156,7809348,254.74000091552733,28.289301025402104,-3.30586237212873,26.42703587138999,-72.94011887315735,,,
2023-10-09,SBRY,250.6000061035156,254.1999969482422,249.1999969482422,249.1999969482422,4800724,252.8600021362305,19.04538013395624,-3.619027923220586,25.05008800566563,-80.63706796221429,,,
2023-10-10,SBRY,257.20001220703125,258.29998779296875,252.5,253.1999969482422,9236129,252.41000213623047,37.533307402642365,-3.78403378354068,32.12342067309291,-46.66231718177542,,,
2023-10-11,SBRY,258.1000061035156,258.1000061035156,255.6999969482422,256.0,5485030,252.9600021362305,46.4268515747774,-3.824542684753022,34.63686626988118,-34.32229700739228,,,
2023-10-12,SBRY,259.20001220703125,260.572998046875,257.5,260.29998779296875,6549425,253.85000305175785,52.20184084177596,-3.758628899032302,37.09982298647111,-18.905351860459547,,,
2023-10-13,SBRY,256.3999938964844,261.6000061035156,253.3999938964844,261.6000061035156,4581684,254.2100021362305,48.089608603022285,-3.665572725709944,37.5954184024512,-27.315757697821592,,,
2023-10-16,SBRY,255.5,258.5,254.6000061035156,257.29998779296875,3386171,254.9800018310547,65.36115870864343,-3.5663866833178366,43.20174191100245,-29.77321691343409,,,
2023-10-17,SBRY,256.20001220703125,257.79998779296875,255.1999969482422,256.3999938964844,3421461,255.76000366210937,69.66127035618392,-3.4492612514061927,54.83871629326399,-22.86197822807617,,0.901,0.901
2023-10-18,SBRY,253.8999938964844,258.79998779296875,253.8999938964844,256.70001220703125,5339460,255.74000244140623,56.73910136170826,-3.355865551092297,54.83869379939875,-25.876048433357248,,,
2023-10-19,SBRY,255.3000030517578,255.8999938964844,251.0,254.0,5816399,255.6300033569336,64.60475826335046,-3.2522541189461465,53.46260036553428,-39.5946055668601,,,
2023-10-20,SBRY,251.6999969482422,255.3000030517578,250.6999969482422,254.1000061035156,7419004,255.41000366210935,44.37888134860897,-3.197694596295496,55.61958082794879,-58.76846596951388,,,
2023-10-23,SBRY,255.1000061035156,255.3000030517578,250.3000030517578,252.6000061035156,4476212,255.86000366210936,56.0810901371538,-3.1152066074317792,58.93333506944162,-27.470039653020976,,,
2023-10-24,SBRY,252.3999938964844,256.6000061035156,252.3000030517578,254.8999938964844,3277434,255.3800018310547,25.80640794834657,-3.055514685524332,47.53621855147024,-12.17445570181861,,,
2023-10-25,SBRY,252.3000030517578,253.8000030517578,250.3000030517578,253.8000030517578,2357040,254.8000015258789,25.000030763664917,-3.007871205427502,43.65327753887086,-55.48074938598812,,0.526,0.526
2023-10-26,SBRY,255.0,257.79998779296875,252.8000030517578,252.8999938964844,3805848,254.38000030517577,46.77418362462422,-2.920344583899376,51.69231390415808,30.687963061452432,,,
2023-10-27,SBRY,255.5,257.5,253.36300659179688,255.8000030517578,5082708,254.29000091552732,46.01765968048375,-2.797775008109463,58.24912763097865,34.72756710146091,,,
2023-10-30,SBRY,256.5,258.0,253.8999938964844,256.6000061035156,3533519,254.3900009155273,54.86721481263427,-2.6373353760530462,48.547696562413336,49.58081551337276,,,
2023-10-31,SBRY,257.29998779296875,259.79901123046875,256.3999938964844,258.0,4133845,254.4999984741211,61.94675089155865,-2.4427956782124065,48.333299424999424,103.50107792130191,,,
2023-11-01,SBRY,261.79998779296875,262.3999938964844,256.5,257.8999938964844,4626205,255.28999786376957,95.04126811982572,-2.1597183149164048,54.744471484499,176.8311722017027,,,
2023-11-02,SBRY,271.79998779296875,277.21099853515625,265.1000061035156,269.70001220703125,22818971,256.93999633789065,79.89293727344428,-1.671520046869785,72.2543028857603,394.8945135294814,,0.497,0.497
2023-11-03,SBRY,274.5,283.1960144042969,270.0,272.5,9013287,259.2199966430664,73.56514043266927,-1.033461279364631,76.09886171282164,328.487973483033,,0.47,0.47
2023-11-06,SBRY,270.5,276.3999938964844,270.5,273.29998779296875,9367901,260.75999603271487,61.40561155504058,-0.3963831455282054,68.01004081049065,199.39466866097263,,0.554,0.554
2023-11-07,SBRY,271.5,275.6000061035156,269.38800048828125,269.79998779296875,6619957,262.6699966430664,64.44549377444775,0.2235415109484274,72.91666004393257,154.00246609408276,,,
2023-11-08,SBRY,267.70001220703125,271.8999938964844,267.70001220703125,270.0,6612416,264.2099975585937,52.89397844863775,0.7390811430726145,65.19608851443357,99.29103127953653,,,
2023-11-09,SBRY,267.70001220703125,267.70001220703125,263.1000061035156,263.5,5326396,265.47999877929686,52.89397844863775,1.1604843093760484,71.50539861743874,60.38452250094992,,,
2023-11-10,SBRY,267.0,269.0,265.1000061035156,269.0,6608700,266.6299987792969,50.76602378711547,1.4869806479090495,67.24636796591938,61.0515320986992,,0.121,0.121
2023-11-13,SBRY,270.29998779296875,270.29998779296875,263.0,267.0,3210217,268.00999755859374,60.7975980032219,1.786135996082487,75.49858453983633,61.21593886654105,,,
2023-11-14,SBRY,268.8999938964844,273.5,267.3999938964844,272.5,5224350,269.1699981689453,52.96744582042567,2.0260652733081383,72.80219860834731,71.49677075042231,,,
2023-11-15,SBRY,265.6000061035156,272.5,265.3999938964844,271.6000061035156,5254373,269.55,41.01832302203018,2.159028117004633,64.32434438702919,47.41297078089708,,,
2023-11-16,SBRY,264.3999938964844,269.70001220703125,263.3999938964844,265.3999938964844,4359722,268.81000061035155,35.84104536382311,2.1939099847654875,61.80371116595824,25.31265806939261,,-0.041,-0.041
2023-11-17,SBRY,266.29998779296875,267.3999938964844,263.1000061035156,265.0,5165732,267.98999938964846,36.94576175442912,2.1908009601042897,62.69429273491434,18.415141759875617,,-0.216,-0.216
2023-11-20,SBRY,263.79998779296875,268.0,263.79998779296875,266.3999938964844,3206855,267.3199981689453,27.344860106884628,2.11916364186141,58.064518571807206,9.358152497246692,,,
2023-11-21,SBRY,265.5,266.79998779296875,261.79998779296875,263.70001220703125,4607682,266.7199981689453,17.292987498306246,2.0306221626885685,54.933349609375,-2.6281829931438585,,,
2023-11-22,SBRY,267.1000061035156,267.1000061035156,264.20001220703125,265.3999938964844,4408610,266.6599975585938,24.771040001141056,1.9570259378226489,41.92443178064263,7.874806800794712,,,
2023-11-23,SBRY,269.8999938964844,270.8999938964844,267.1000061035156,269.79998779296875,2581240,266.87999572753904,55.47947066655797,1.936866856476444,42.12327228072009,49.991118356013146,,,
2023-11-24,SBRY,272.1000061035156,272.1000061035156,268.29998779296875,268.6000061035156,6964834,267.38999633789064,74.6377148113994,1.9819433122963364,52.91971981738456,69.57509134809462,,,
2023-11-27,SBRY,276.20001220703125,276.29998779296875,269.1000061035156,272.0,5833121,267.97999877929686,99.31051320043105,2.126441109766676,57.70493804431353,118.37981731388815,,,
2023-11-28,SBRY,281.29998779296875,281.29998779296875,273.3039855957031,275.0,7497841,269.2199981689453,100.0,2.4022000071888114,71.38361762035734,191.6652121756777,,,
2023-11-29,SBRY,283.5,284.20001220703125,279.20001220703125,282.79998779296875,9399463,271.00999755859374,96.87494891036016,2.7753998921620915,73.23527616613052,221.76899697983816,,,
2023-11-30,SBRY,285.8999938964844,286.635986328125,282.5,283.3999938964844,22435603,273.1599975585938,97.03659013105997,3.222074948885591,76.4705932637327,211.4641969819492,,,
2023-12-01,SBRY,284.6000061035156,289.29998779296875,280.5,286.3999938964844,8920013,274.98999938964846,82.90915749289773,3.663303068690584,71.2166559055168,178.7741624016686,,-0.278,-0.278
2023-12-04,SBRY,284.79998779296875,286.29998779296875,282.70001220703125,284.6000061035156,4357671,277.0899993896484,83.63636363636364,4.072828429177914,74.46155204097059,145.45588030839207,,,
2023-12-05,SBRY,289.20001220703125,289.5,280.6000061035156,283.79998779296875,5032620,279.4600006103516,98.9170120549889,4.501932138077083,85.11905032220562,136.55780212011672,,,
2023-12-06,SBRY,290.0,291.1000061035156,287.3999938964844,290.0,3883440,281.75,96.24571530346223,4.923315375001962,88.55424732304621,138.718512904538,,-0.207,-0.207
2023-12-07,SBRY,290.1000061035156,291.8999938964844,287.70001220703125,289.5,5484611,283.77000122070314,94.01997532233553,5.308144271430887,87.89812569551421,121.48093670912726,,-0.171,-0.171
2023-12-08,SBRY,294.79998779296875,300.70001220703125,293.50201416015625,294.5,9172354,286.0399993896484,84.83285164229969,5.7127753770917,96.13098590014204,146.57195715722506,,,
2023-12-11,SBRY,298.8999938964844,300.20001220703125,293.70001220703125,294.70001220703125,5969945,288.3099975585937,95.06844298480308,6.160999324817679,96.38891973615836,135.33844121697007,,,
2023-12-12,SBRY,296.79998779296875,302.8999938964844,296.79998779296875,299.1000061035156,5821037,289.85999755859376,82.96087099584517,6.565503246836054,90.68494044050698,126.47406802056376,,,
2023-12-13,SBRY,297.0,301.3999938964844,295.0,297.79998779296875,7433098,291.2099975585937,82.94799752684179,6.909626507717959,89.9705176736419,107.95220596734843,,-0.137,-0.137
2023-12-14,SBRY,300.29998779296875,304.70001220703125,295.20001220703125,300.5,6175646,292.6499969482422,87.6403829783951,7.234765771403851,90.28572325415324,112.57712071323886,,,
2023-12-15,SBRY,293.5,300.3999938964844,292.3999938964844,300.0,14189770,293.5399963378906,64.32665717326749,7.4059825675892,72.94431060944572,77.17165070294378,,,
2023-12-18,SBRY,294.0,296.0,290.70001220703125,293.0,8614864,294.4599975585937,58.03916781556372,7.462845751369987,69.18432261990375,59.61409805860207,,,
2023-12-19,SBRY,294.8999938964844,295.1000061035156,291.70001220703125,293.5,4215185,295.0299957275391,59.504076995054135,7.442402986172559,67.9245427875254,55.8032864230392,,,
2023-12-20,SBRY,299.5,300.0,296.3999938964844,298.3999938964844,5898677,295.97999572753906,78.51235709079353,7.431005662271916,70.00002692729899,86.05927383273504,,,
2023-12-21,SBRY,298.6000061035156,301.29998779296875,297.1000061035156,298.8999938964844,3102975,296.8299957275391,74.68877776497419,7.394579670265683,70.8333484710319,83.8947917779566,,,
2023-12-22,SBRY,299.6000061035156,299.6000061035156,297.20001220703125,298.70001220703125,3034390,297.3099975585937,78.83815430747275,7.343476377785008,71.5116583379095,76.01418291229218,,,
2023-12-27,SBRY,299.70001220703125,301.79998779296875,298.3999938964844,299.8999938964844,3072682,297.38999938964844,71.09829648589577,7.270710827625497,67.44187461219326,83.36441787807667,,-0.095,-0.095
2023-12-28,SBRY,299.3999938964844,300.5,298.88800048828125,300.5,2144387,297.65,68.82342170266544,7.166824246789137,65.87836479426929,75.7769770767212,,,
2023-12-29,SBRY,302.6000061035156,305.0,297.6000061035156,299.79998779296875,2209687,298.2100006103516,83.21681157193404,7.083597196723227,69.11314271208775,97.60263210782988,,,
2024-01-02,SBRY,298.79998779296875,304.4939880371094,298.5,301.3999938964844,3865657,298.06000061035155,56.64323426849516,6.940910016156666,56.28929851903603,78.05407716614461,,,
2024-01-03,SBRY,303.29998779296875,304.70001220703125,300.1000061035156,300.5,5021914,299.0399993896484,88.1117925998011,6.82440940937744,56.832279593718695,106.40110285862032,-0.5423,,
2024-01-04,SBRY,308.20001220703125,308.20001220703125,302.6000061035156,302.6000061035156,6231212,300.4600006103516,100.0,6.793052012254056,66.28572076290325,165.2902097896219,,,
2024-01-05,SBRY,309.0,309.0,300.29998779296875,300.29998779296875,5330057,301.8700012207031,100.0,6.81398513439614,66.85391524694353,159.47804781888132,0.159225,0.254,0.254
2024-01-08,SBRY,310.3999938964844,311.15899658203125,305.5,308.3999938964844,4767642,302.9600006103516,96.29012529832936,6.873401226634467,64.98515326234308,199.75929065535388,0.6369,0.359,0.359
2024-01-09,SBRY,305.8999938964844,310.8999938964844,305.8999938964844,310.29998779296875,9184764,303.68999938964845,74.2948985680191,6.866362265718041,69.7451786684446,150.16547076361394,-0.886,,
2024-01-10,SBRY,286.5,296.6820068359375,286.0,291.8999938964844,14275566,302.3799987792969,1.9873606579250616,6.492874158231611,42.54473884744381,-190.3630968835758,0.0,0.091,0.091
2024-01-11,SBRY,281.1000061035156,288.20001220703125,281.1000061035156,287.5,8968175,300.51999816894534,0.0,5.808329366373252,37.40878148096997,-247.2856864316817,0.0,-0.408,-0.408
2024-01-12,SBRY,286.79998779296875,288.1000061035156,281.3999938964844,281.8999938964844,7564274,299.25999755859374,18.96265176811953,5.0424067613417,38.640423380712896,-173.92958335414235,0.19993333333333332,-0.143,-0.143
2024-01-15,SBRY,287.79998779296875,290.20001220703125,286.79998779296875,287.79998779296875,4337851,297.7799957275391,22.289443466978284,4.270090799117569,40.35713176338645,-115.46001826528276,-0.26335,,
2024-01-16,SBRY,287.79998779296875,290.5,287.0,287.0,5276362,296.67999572753905,22.289443466978284,3.524521282714693,39.2727165789703,-98.01391500756176,,,
2024-01-17,SBRY,285.3999938964844,286.5,282.0,284.79998779296875,4137023,294.88999633789064,14.305163694842395,2.7884763085796345,37.52180301841653,-120.78104703379732,,-0.231,-0.231
2024-01-18,SBRY,282.79998779296875,287.4289855957031,282.20001220703125,286.8999938964844,3555776,292.3499938964844,5.655484972684531,2.049148746400285,36.07382180910847,-111.62803242969912,,,
2024-01-19,SBRY,281.3999938964844,286.0,280.20001220703125,283.6000061035156,4220244,289.5899932861328,3.8760370008201375,1.319513984668021,31.660885221146884,-110.78984442585268,0.0,,
2024-01-22,SBRY,282.29998779296875,285.3800048828125,282.29998779296875,284.79998779296875,3077989,286.7799926757813,6.783089394990852,0.645554580049168,34.97266757163297,-91.3902633779258,-0.5641,,
2024-01-23,SBRY,280.20001220703125,285.3999938964844,279.4010009765625,284.20001220703125,5025347,284.2099945068359,2.5159372159216487,0.0068462428509658,27.999997674848487,-92.45126692956784,-0.148,,
2024-01-24,SBRY,283.6000061035156,284.79998779296875,280.6000061035156,282.79998779296875,3629054,283.9199951171875,13.221883330162226,-0.5220559488685379,25.88230366241514,-74.7168937657951,0.35705000000000003,,
2024-01-25,SBRY,281.3999938964844,284.0,281.1000061035156,282.3999938964844,3287935,283.9499938964844,6.294455559335259,-0.9883178877884096,23.664082569956108,-73.86063513309028,,,
2024-01-26,SBRY,276.0,282.3999938964844,273.20001220703125,281.1000061035156,7239729,282.8699951171875,7.427026930763919,-1.4747770808907243,19.503515207132907,-100.47612980340806,-0.01626666666666665,-0.062,-0.062
2024-01-29,SBRY,273.8999938964844,276.3999938964844,272.3999938964844,274.79998779296875,7203415,281.47999572753906,6.177412077574582,-1.9785375824888487,20.37033688053485,-114.25969140658906,,-0.059,-0.059
2024-01-30,SBRY,273.29998779296875,276.3999938964844,272.5,275.5,6085496,280.0299957275391,4.9723402928000455,-2.4717975107347523,31.249956651107297,-109.32224334360602,-0.7003,,
2024-01-31,SBRY,270.20001220703125,274.3999938964844,269.29998779296875,274.1000061035156,9747624,278.50999755859374,4.245395735026962,-2.976442955947749,33.43462592700811,-123.39262141657618,0.0,-0.083,-0.083
2024-02-01,SBRY,267.20001220703125,271.0,267.20001220703125,269.8999938964844,7185264,276.95,0.0,-3.5028496067905985,17.549656828268624,-143.55332546334674,,,
2024-02-02,SBRY,275.20001220703125,276.1000061035156,272.29998779296875,272.5,6317374,276.3300018310547,34.33478193672773,-3.879681622811888,33.064526714401026,-89.53511976959514,,-0.199,-0.199
2024-02-05,SBRY,272.5,277.1990051269531,271.6000061035156,271.6000061035156,3514598,275.3500030517578,26.19998400876199,-4.177243537139692,30.827065368865306,-90.42757174762626,0.0,,
2024-02-06,SBRY,275.6000061035156,278.5,274.0,275.29998779296875,4073575,274.89000244140624,41.52456842514969,-4.350542230368935,37.93104225860281,-53.96003222377481,0.0,-0.181,-0.181
2024-02-07,SBRY,258.8999938964844,272.70001220703125,258.8999938964844,270.29998779296875,10733190,272.4200012207031,0.0,-4.693393715558232,28.153563165549823,-178.33013889861977,0.0,,
2024-02-08,SBRY,259.3999938964844,262.3999938964844,256.8399963378906,259.0,7703226,270.2200012207031,8.963577652069661,-5.105870362944906,29.553898706576263,-185.97273462981173,-0.25565,-0.208,-0.208
2024-02-09,SBRY,256.0,260.3999938964844,255.8999938964844,259.29998779296875,7658538,268.2200012207031,0.3390037407309322,-5.582971611190459,26.64298979097352,-177.59477410306854,0.5106,-0.28,-0.28
2024-02-12,SBRY,256.1000061035156,257.79998779296875,255.6000061035156,256.8999938964844,4068685,266.44000244140625,1.7123298408799936,-6.061247610867906,27.808473317922804,-163.1093148298216,0.4278666666666667,,
2024-02-13,SBRY,249.8000030517578,257.70001220703125,249.8000030517578,256.6000061035156,6221939,264.0900039672852,0.0,-6.601885963599771,20.454556973810117,-167.42733002549735,,,
2024-02-14,SBRY,250.8000030517578,253.8999938964844,249.8999938964844,251.3999938964844,13325130,262.15000305175784,3.0674855240389185,-7.122269225764184,22.67858704741694,-146.54144017102166,-0.7351,,
2024-02-15,SBRY,251.0,252.3000030517578,249.70599365234372,252.3000030517578,6353009,260.5300018310547,4.494012858205744,-7.583253712317683,25.393709656587266,-128.21970471327228,0.0,,
2024-02-16,SBRY,253.3999938964844,254.6999969482422,251.1999969482422,251.8999938964844,6563522,258.35,12.82905962977016,-7.927268358480431,29.94129398099072,-100.06090585791073,0.3753,0.228,0.228
2024-02-19,SBRY,254.0,255.1000061035156,251.88999938964844,253.6000061035156,2800526,256.5,14.912847819128752,-8.152294163498356,31.11547408245717,-85.49457571351407,0.0,,
2024-02-20,SBRY,256.29998779296875,257.29998779296875,253.6999969482422,254.3000030517578,5090055,254.5699981689453,22.90057889482174,-8.235668154169812,36.182883345841695,-64.54443455232904,-0.3818,,
2024-02-21,SBRY,259.29998779296875,259.5199890136719,255.89700317382807,256.6000061035156,6086762,254.60999755859376,33.31941385574475,-8.159252928009604,42.14709588643825,-42.562121672354,0.4588,,
2024-02-22,SBRY,254.1000061035156,261.1000061035156,253.3999938964844,258.79998779296875,9389482,254.0799987792969,15.26016351500018,-8.051056811755128,27.78946725945724,-51.67765783332118,0.4344666666666666,,
2024-02-23,SBRY,254.0,255.5,252.5,254.5,3643169,253.87999877929687,14.912847819128752,-7.911858420425514,29.39866089664598,-63.31258416642156,0.21075,,
2024-02-26,SBRY,253.6999969482422,255.8999938964844,251.3000030517578,254.3999938964844,4216150,253.63999786376957,17.369748947533274,-7.747279061111383,23.990482282947298,-61.88336433018696,0.0,,
2024-02-27,SBRY,254.8999938964844,256.70001220703125,253.3000030517578,253.3000030517578,3791305,254.14999694824215,40.916969782934295,-7.538616058195383,42.48119610659594,-46.57169585744,,,
2024-02-28,SBRY,253.6000061035156,256.7409973144531,252.0829925537109,255.3000030517578,13516199,254.429997253418,34.175953974592815,-7.316819256006763,39.41606652395411,-51.16029699606531,-0.30595,,
2024-02-29,SBRY,249.6000061035156,256.70001220703125,249.6000061035156,253.5,18191256,254.28999786376957,0.0,-7.145558550443465,38.57142701440758,-71.67156067275563,-0.1366,,
2024-03-01,SBRY,249.3999938964844,251.69900512695312,248.5,250.5,9428348,253.88999786376957,7.142805242239215,-7.001855564991159,38.078259736310514,-98.57142590025106,0.08231666666666666,,
2024-03-04,SBRY,245.8000030517578,248.79299926757807,245.3000030517578,248.6000061035156,5499538,253.0699981689453,3.1645563507936982,-6.924435478784481,42.12597289939036,-151.13413293969026,,,
2024-03-05,SBRY,247.6999969482422,248.1000061035156,244.6999969482422,245.1000061035156,4137846,252.20999908447263,18.292672714974355,-6.846523236500599,44.10644270054317,-161.05570471642824,,,
2024-03-06,SBRY,249.3000030517578,252.1999969482422,248.2949981689453,248.3999938964844,6380616,251.2100006103516,28.048802046165253,-6.731255034536239,46.9314097320344,-84.79775545591231,,,
2024-03-07,SBRY,252.0,254.0,248.8999938964844,249.1999969482422,5937400,251.0,44.51218888137321,-6.540196624163479,47.50000817436019,-35.84068559223305,,,
2024-03-08,SBRY,250.1999969482422,254.0,250.1999969482422,253.0,5590943,250.61999969482423,33.536566644119645,-6.325461543396205,43.49313797880384,-34.354204051195616,,,
2024-03-11,SBRY,248.5,252.0,247.79800415039065,249.6000061035156,6243866,250.1,23.170737380569804,-6.119848604152471,36.36364606408271,-84.02982871817866,,,
2024-03-12,SBRY,251.1999969482422,253.1000061035156,248.8979949951172,249.8000030517578,7175852,249.7300003051758,39.63412421577777,-5.873706569250008,35.68904822267285,-33.797190334612544,,,
2024-03-13,SBRY,250.6999969482422,252.6000061035156,249.1999969482422,252.0,5045669,249.43999938964845,49.82974684426557,-5.609654697144934,42.79658797826785,-38.89910814510471,,,
2024-03-14,SBRY,249.6999969482422,252.8000030517578,247.8999938964844,250.6000061035156,3979969,249.4499984741211,41.52478903688797,-5.351388199696391,41.22447810237845,-56.40637452323621,,,
2024-03-15,SBRY,251.3000030517578,252.8999938964844,248.8999938964844,250.6000061035156,10467202,249.63999938964844,54.81277221813187,-5.072562560475902,45.348846837170896,-28.806981472287767,,,
2024-03-18,SBRY,250.1000061035156,250.5,248.1510009765625,249.6000061035156,4985620,250.06999969482425,44.84684819399863,-4.803051204542032,40.69769367434181,-63.529841719751424,,,
2024-03-19,SBRY,250.1999969482422,251.8000030517578,248.5,249.6999969482422,4211276,250.31999969482425,45.83327505331032,-4.540963670768095,43.0894097141457,-42.9179620582061,,,
2024-03-20,SBRY,249.1000061035156,250.5,246.3000030517578,249.8999938964844,9793937,250.3,47.31191087557528,-4.3044682432348464,48.847925295155854,-86.15120205901584,,,
2024-03-21,SBRY,254.5,255.1999969482422,250.8719940185547,251.8999938964844,5402444,250.55,93.33336239769343,-4.000446430586677,59.47957815346846,96.08938156693664,,,
2024-03-22,SBRY,256.79998779296875,258.79998779296875,254.8999938964844,256.0,11637181,251.20999908447263,85.81559362680008,-3.624224925181664,71.48437849246507,198.1091209087016,,,
2024-03-25,SBRY,257.0,257.5,252.8999938964844,256.1000061035156,11574979,252.05999908447265,85.60008007822275,-3.211020784430292,69.45609072028572,148.5189679603957,,0.11,0.11
2024-03-26,SBRY,262.5,262.5,255.8000030517578,257.0,13094529,253.18999938964845,100.0,-2.701229634522453,73.74102516110936,246.46287984413823,,,
2024-03-27,SBRY,271.8999938964844,274.1000061035156,267.6470031738281,268.0,8586793,255.30999908447265,92.08628789379884,-2.001495651611632,78.84059637592382,350.21326250553875,,-0.001,-0.001
2024-03-28,SBRY,270.3999938964844,273.1000061035156,268.79998779296875,272.70001220703125,5324813,257.3799987792969,86.690605032875,-1.2387602028991391,79.53218826865668,239.2903135352065,,0.079,0.079
2024-04-02,SBRY,267.79998779296875,272.3999938964844,267.3999938964844,269.79998779296875,7438204,259.02999725341795,77.33806611885059,-0.5151787023271329,77.49287922681793,170.1262569065131,0.46655,,
2024-04-03,SBRY,270.20001220703125,270.79998779296875,264.3999938964844,264.3999938964844,6615911,261.03999786376954,85.97124651668778,0.1853957084419685,77.29887010430784,134.28762918819982,0.29390000000000005,,
2024-04-04,SBRY,271.20001220703125,273.79998779296875,270.0,270.3999938964844,4624175,263.13999938964844,89.56836842397034,0.8503563144203516,79.03684629818784,139.01610154990078,0.3511333333333333,,
2024-04-05,SBRY,265.3999938964844,268.6000061035156,263.3999938964844,268.6000061035156,6792614,264.76999816894534,68.70499549646222,1.363662505029617,69.57604561652515,74.13809179251294,0.6819,,
2024-04-08,SBRY,264.0,267.0,262.0,265.6000061035156,6569263,265.7199981689453,63.6690467813564,1.7295621397621013,65.91477949142735,54.29593550917954,0.5267,0.052,0.052
2024-04-09,SBRY,264.79998779296875,265.79998779296875,261.3999938964844,263.3999938964844,4818021,266.51999816894534,66.54670039700291,1.9927104535739144,68.60757175880143,45.84523115641078,0.01479999999999998,,
2024-04-10,SBRY,267.20001220703125,271.3999938964844,263.3999938964844,269.0,7354913,267.5399993896484,75.17988079484012,2.2114107582096785,70.33493015094143,66.91057991435896,,,
2024-04-11,SBRY,259.79998779296875,267.6000061035156,259.20001220703125,266.20001220703125,5475797,267.26999816894534,38.436323098843765,2.2676839604256527,61.12262656370647,18.945830546950265,0.0,,
2024-04-12,SBRY,261.6000061035156,264.6000061035156,260.3999938964844,261.0,11210858,266.23999938964846,41.03776979970692,2.2427507977344896,57.9775185351044,14.698642091947814,0.4404,,
2024-04-15,SBRY,260.3999938964844,262.0,259.3999938964844,261.0,7034064,265.23999938964846,35.37733812017585,2.143968919705391,54.1474613872804,-6.035970387153891,-0.42755,,
2024-04-16,SBRY,257.0,258.3970031738281,254.70199584960935,256.6000061035156,4424238,264.1600006103516,11.84659725565341,1.9449469511501127,50.0,-52.01222743795003,,,
2024-04-17,SBRY,259.6000061035156,261.3999938964844,255.0,255.6000061035156,4667435,263.1,25.25006528914438,1.730578147621689,46.68193705851749,-38.66045640573709,-0.11339999999999999,,
2024-04-18,SBRY,262.6000061035156,262.79998779296875,258.79998779296875,261.6000061035156,5018824,262.23999938964846,41.35518685592751,1.5617467223631625,37.53356514624667,-14.272848920220676,0.0,,
2024-04-19,SBRY,258.79998779296875,261.3999938964844,256.79998779296875,261.0,4384279,261.5799987792969,21.45771113273666,1.3661210564413253,35.3535750533478,-58.21119804093017,-0.5106,,
2024-04-22,SBRY,269.0,270.0,264.6000061035156,265.20001220703125,4164520,262.0799987792969,74.86653148035404,1.3235778714917354,51.27119575548248,63.62806965717041,,,
2024-04-23,SBRY,269.0,273.20001220703125,268.3999938964844,270.20001220703125,4643297,262.5,74.86653148035404,1.376197302267985,48.66070394615841,90.04597779287563,0.21075,-0.176,-0.176
2024-04-24,SBRY,268.0,269.6000061035156,265.79998779296875,267.3999938964844,6211294,262.5799987792969,71.8888117160472,1.466613371481812,46.42856656289807,46.38126688536189,,,
2024-04-25,SBRY,256.6000061035156,266.6000061035156,254.6000061035156,263.20001220703125,12827740,262.26000061035154,10.75268464359254,1.3907569286307868,41.2698681812402,-92.2102277720764,0.15494,0.147,0.147
2024-04-26,SBRY,261.3999938964844,263.6000061035156,258.0,259.3999938964844,7742642,262.23999938964846,36.55906215903591,1.2880718019960289,47.58364101397624,-58.08605622658056,,0.391,0.391
2024-04-29,SBRY,262.3999938964844,265.20001220703125,261.406005859375,262.79998779296875,3903075,262.43999938964845,41.935404480832176,1.1869725399084614,47.777787196767406,-18.946389679840127,-0.1531,0.136,0.136
2024-04-30,SBRY,263.3999938964844,267.0,259.79998779296875,263.20001220703125,17746136,263.0799987792969,47.31174680262845,1.1054161228091128,46.38781990474583,-6.81435301483431,0.4019,,
2024-05-01,SBRY,264.3999938964844,264.20001220703125,264.20001220703125,266.0,14636043,263.5599975585937,52.68808912442472,1.0538190534983376,54.97835698003082,15.5075541733831,0.3762,,
2024-05-02,SBRY,264.20001220703125,265.6000061035156,262.0,264.20001220703125,9925045,263.7199981689453,51.61291910383356,1.018112268760405,52.91480464989295,19.063681696395395,0.4215,,
2024-05-03,SBRY,265.3999938964844,268.0,262.6000061035156,265.6000061035156,5275570,264.3799987792969,58.06443144622099,1.0110615384131738,55.60538423430944,54.09229298293009,0.4019,,
2024-05-07,SBRY,267.79998779296875,270.3999938964844,266.79998779296875,268.3999938964844,9576313,264.25999755859374,70.96762020394267,1.058327565883383,62.38531403725386,114.2814398952471,,0.183,0.183
2024-05-08,SBRY,271.20001220703125,271.20001220703125,268.20001220703125,268.79998779296875,7606916,264.47999877929686,89.24731535640746,1.1889937827565134,63.06307173212711,134.45449801205123,,,
2024-05-09,SBRY,274.20001220703125,275.79998779296875,269.3999938964844,272.20001220703125,5516826,265.1,92.45293883091664,1.4102371741366948,63.06307173212711,171.75915379233342,0.0,0.186,0.186
2024-05-10,SBRY,276.0,278.3999938964844,272.3999938964844,274.6000061035156,4956411,267.0399993896484,89.91598685948316,1.7021581777432957,70.28305078158176,175.91254473173942,-0.12522499999999998,,
2024-05-13,SBRY,279.0,280.3999938964844,275.6000061035156,276.20001220703125,3667802,268.8,94.5736645004696,2.0670592431198624,64.2045651585876,178.66485453220488,0.7906,,
2024-05-14,SBRY,278.6000061035156,281.79998779296875,276.79998779296875,278.6000061035156,5708567,270.4200012207031,88.23535351608737,2.4474811653957245,63.48317544462722,158.45492851463152,-0.3275,0.317,0.317
2024-05-15,SBRY,277.20001220703125,281.79998779296875,276.79998779296875,280.20001220703125,5709687,271.8000030517578,83.08831366705974,2.7897745246953454,62.77781639576619,135.68084102652406,0.1958333333333333,0.024,0.024
2024-05-16,SBRY,282.20001220703125,283.20001220703125,278.3280029296875,279.20001220703125,5279773,273.5800048828125,96.03174795399114,3.1636396752039664,93.2433338041572,145.94369687782734,0.17556666666666665,,
2024-05-17,SBRY,283.6000061035156,284.3999938964844,281.79998779296875,282.0,5137811,275.52000427246094,96.7480179086036,3.5528202940224665,92.36651446675674,144.48904735114064,-0.51705,,
2024-05-20,SBRY,284.6000061035156,286.79998779296875,283.6000061035156,284.20001220703125,5210436,277.44000549316405,91.85191966869212,3.93905568038142,92.36651446675674,140.49732896050872,-0.45879999999999993,,
2024-05-21,SBRY,283.3999938964844,286.3999938964844,277.79998779296875,281.3999938964844,8293857,279.0000061035156,86.29034044344031,4.275074556330723,87.87884042290024,100.96124921293828,,,
2024-05-22,SBRY,283.3999938964844,287.20001220703125,279.6000061035156,283.79998779296875,5484180,280.2200042724609,84.92056956430123,4.552260272016055,87.40162872789575,96.02006088350431,0.5106,,
2024-05-23,SBRY,277.3999938964844,289.0,277.3999938964844,283.6000061035156,6390252,280.5400024414063,56.0605727827067,4.67193795167775,71.15382922470634,70.26859169124495,0.125,,
2024-05-24,SBRY,277.20001220703125,279.79998779296875,274.0,275.79998779296875,3940048,280.6600036621094,46.84693106055399,4.672780061387142,69.53646600167947,28.56302946087073,0.0,,
2024-05-28,SBRY,279.3999938964844,281.20001220703125,275.3999938964844,279.0,4673804,280.7000030517578,53.84609741568781,4.623543405295026,69.3333631727734,38.89953940780598,0.28163333333333335,,
2024-05-29,SBRY,275.3999938964844,281.20001220703125,275.20001220703125,278.0,6303740,280.3800018310547,30.612235365190976,4.471143761372504,56.8627274984816,19.76820011929779,-0.44087499999999996,,
2024-05-30,SBRY,279.0,279.0,271.6000061035156,271.6000061035156,4178139,280.56000061035155,42.52871547259293,4.309317950202332,57.69230016823819,4.907140024163935,-0.08995714285714286,,
2024-05-31,SBRY,277.20001220703125,281.20001220703125,274.6000061035156,279.0,13742365,280.06000061035155,32.183954413036275,4.111527615186746,51.92309949528541,12.655364467733278,,,
2024-06-03,SBRY,279.3999938964844,281.6000061035156,278.0,280.6000061035156,5493512,279.63999938964844,44.827531776000896,3.927292329422108,50.65788615111254,36.69862253157456,,,
2024-06-04,SBRY,278.6000061035156,279.6000061035156,276.79998779296875,278.3999938964844,4061030,279.0399993896484,40.22989916918496,3.739496572401395,50.0,1.712649858819054,,0.123,0.123
2024-06-05,SBRY,274.0,279.79998779296875,274.0,279.79998779296875,8987137,278.1,13.793073208889387,3.4774002649967333,45.29409124772239,-68.26134575966394,,,
2024-06-06,SBRY,267.6000061035156,275.79998779296875,262.79998779296875,265.3999938964844,5922602,276.52000122070314,18.320672038689747,3.0724394702401256,29.378483342457017,-241.8982161271824,,,
2024-06-07,SBRY,263.79998779296875,269.3999938964844,263.79998779296875,267.6000061035156,5417540,275.1600006103516,3.8167921148205872,2.5315329127793564,23.80946998657386,-268.3377734156983,,,
2024-06-10,SBRY,263.20001220703125,265.3999938964844,260.79998779296875,261.6000061035156,5525771,273.76000061035154,8.510721188496825,1.918431264865275,21.390331132636646,-248.6695036642427,,,
2024-06-11,SBRY,257.0,266.3999938964844,256.6000061035156,264.79998779296875,17653831,271.52000122070314,1.234549295787914,1.1889288678076797,18.8678824294046,-222.4608771819256,,,
2024-06-12,SBRY,256.3999938964844,260.6000061035156,255.3999938964844,258.6000061035156,7335387,269.6200012207031,2.976189935558876,0.4124279010074964,18.60460659947113,-192.03243798893024,,,
2024-06-13,SBRY,258.20001220703125,259.6000061035156,255.6000061035156,256.3999938964844,5520228,267.5400024414063,10.687087809048574,-0.3250471607670142,25.25772830988275,-149.95436624433438,,,
2024-06-14,SBRY,258.79998779296875,259.6000061035156,256.3999938964844,257.79998779296875,9259957,265.7,12.977069894539683,-0.9890887716806566,26.530551870605308,-121.98994772856526,,,
2024-06-17,SBRY,258.79998779296875,260.3999938964844,257.6000061035156,260.20001220703125,12203259,263.63999938964844,12.977069894539683,-1.5700392263334952,22.162130953510143,-101.02322187832196,,0.221,0.221
2024-06-18,SBRY,260.79998779296875,261.6000061035156,258.3999938964844,260.0,5705184,261.85999755859376,20.61065412418086,-2.0329681022853063,29.14283023754031,-80.69034286440387,,0.09,0.09
2024-06-19,SBRY,259.6000061035156,263.3999938964844,259.6000061035156,260.6000061035156,5049346,260.4199981689453,16.030573473947086,-2.4121673040131077,20.24535799706993,-68.55030425712172,,0.106,0.106
2024-06-20,SBRY,265.0,266.21099853515625,258.0,264.6000061035156,8470245,260.1599975585938,36.64122759812795,-2.6273565533061607,33.14913168099814,-46.29749077762234,,,
2024-06-21,SBRY,262.3999938964844,266.6000061035156,261.3999938964844,264.20001220703125,17933112,260.01999816894534,28.688531766430405,-2.7639602675975112,26.775940792523684,-38.02712104189236,,,
2024-06-24,SBRY,260.20001220703125,266.6000061035156,260.20001220703125,261.20001220703125,5084240,259.7199981689453,19.67221111165309,-2.872946896998633,25.78946227181065,-43.19144747857887,,0.089,0.089
2024-06-25,SBRY,259.79998779296875,262.6000061035156,258.6000061035156,260.20001220703125,6037319,259.9999969482422,21.568603984938672,-2.958744542195534,28.994057196101693,-56.598772596995296,,,
2024-06-26,SBRY,260.20001220703125,261.6000061035156,259.20001220703125,260.3999938964844,7648785,260.3799987792969,34.28584507533482,-3.0123843938053723,36.69066722578932,-52.82315303263576,,,
2024-06-27,SBRY,257.0,262.20001220703125,256.6000061035156,260.79998779296875,5750597,260.25999755859374,14.285753211154162,-3.08724496617178,37.50002804923201,-67.45685519204804,,0.447,0.447
2024-06-28,SBRY,255.0,260.20001220703125,254.6000061035156,257.0,6828624,259.8799987792969,3.333282470703125,-3.196354336435536,35.66433267958931,-90.27585213719334,,,
2024-07-01,SBRY,257.79998779296875,260.3999938964844,256.20001220703125,256.79998779296875,8400851,259.7799987792969,26.666514078776043,-3.269253188222901,51.58727659811518,-68.85363451133931,,,
2024-07-02,SBRY,250.3999938964844,259.3999938964844,244.8000030517578,252.6000061035156,16546319,258.73999938964846,25.68802780178976,-3.426245801640013,40.625,-182.6447873984832,,0.466,0.466
2024-07-03,SBRY,254.6000061035156,255.6000061035156,250.6000061035156,251.3999938964844,9762853,258.23999938964846,44.95413614617638,-3.552899094461627,44.767432060673215,-147.7735721507699,,0.427,0.427
2024-07-04,SBRY,256.0,258.3999938964844,253.0,255.3999938964844,4242813,257.3399993896484,51.37612559801496,-3.623463053337916,46.02274599153484,-88.74696135367468,,0.425,0.425
2024-07-05,SBRY,261.20001220703125,261.20001220703125,254.3999938964844,257.20001220703125,5174701,257.2200012207031,75.22938926355354,-3.5639504620337568,52.970325450134006,-1.1624757729721589,,,
2024-07-08,SBRY,259.0,263.0,254.3999938964844,261.20001220703125,4562944,257.1,65.13759156147086,-3.45300510329382,47.78326826430303,1.368971189454961,,,
2024-07-09,SBRY,254.3999938964844,262.79998779296875,254.33599853515625,259.20001220703125,4236358,256.56000061035155,44.03664908639763,-3.381158935043903,44.09090341616069,-45.23703541555248,,,
2024-07-10,SBRY,260.79998779296875,261.79998779296875,252.8000030517578,257.79998779296875,5054258,256.6199981689453,73.39441514399606,-3.227771166894436,45.333326099546845,-6.419490971316858,,,
2024-07-11,SBRY,268.0,275.1780090332031,261.0,261.3999938964844,10115569,257.7199981689453,76.3710329190553,-2.909086810890717,55.64515980175907,234.01048365088212,,,
2024-07-12,SBRY,265.20001220703125,270.0,265.20001220703125,268.79998779296875,7420026,258.73999938964846,67.15387826223233,-2.541545489116189,54.9800724153108,164.93258877121693,,,
2024-07-15,SBRY,261.20001220703125,267.20001220703125,260.3999938964844,265.6000061035156,6141224,259.0800018310547,53.986457061370174,-2.220673658680062,51.30113675039139,68.57479835518443,,,
2024-07-16,SBRY,266.20001220703125,267.3999938964844,259.79998779296875,260.79998779296875,5078367,260.6600036621094,70.44573356244786,-1.8610405486072683,55.13698415385869,91.28275574330524,,,
2024-07-17,SBRY,266.20001220703125,267.6000061035156,263.3999938964844,267.0,6394576,261.8200042724609,70.44573356244786,-1.4917234934244714,58.3333425475759,104.45035718307764,,,
2024-07-18,SBRY,271.0,271.0,264.6000061035156,268.3999938964844,7140277,263.3200042724609,86.2465988197019,-1.0557159979447974,63.793103448275865,144.8989334358274,,,
2024-07-19,SBRY,272.79998779296875,274.20001220703125,264.6000061035156,270.0,7398401,264.48000183105466,92.17189817630936,-0.569640515606235,63.15789473684211,151.04286612111682,,,
2024-07-22,SBRY,273.3999938964844,276.0,272.6000061035156,273.79998779296875,4500725,265.9200012207031,89.7637530382419,-0.0667931961562858,72.90836096328529,168.5122243438094,,,
2024-07-23,SBRY,272.79998779296875,274.6549987792969,272.20001220703125,274.6000061035156,8645058,267.76000061035154,86.20684212084042,0.4107857867234746,69.52787479150145,133.3299232673392,,,
2024-07-24,SBRY,273.6000061035156,274.6000061035156,269.6000061035156,270.6000061035156,3395240,269.0400024414063,89.65519736128148,0.8593191473219081,69.13042872524844,109.92214196628528,,,
2024-07-25,SBRY,270.0,272.3999938964844,267.6000061035156,270.6000061035156,3413278,269.24000244140626,74.13792763255253,1.206739857679744,59.90989071413843,72.90526701791433,,,
2024-07-26,SBRY,274.6000061035156,275.6000061035156,267.79998779296875,269.6000061035156,4018354,270.1800018310547,93.96554275585603,1.5432127565561764,66.66666666666666,92.43796385562491,,,
2024-07-29,SBRY,274.0,277.0,273.4989929199219,276.6000061035156,2781263,271.4600006103516,87.60330422183003,1.8420952729535005,72.89719359615992,104.82253438674606,,,
2024-07-30,SBRY,277.6000061035156,278.3999938964844,272.79998779296875,272.79998779296875,3157299,272.6,95.69899177174172,2.154986437539469,71.00000686644984,112.40285905630633,,,
2024-07-31,SBRY,275.3999938964844,279.6000061035156,275.0,278.79998779296875,3176023,273.51999816894534,78.78783675268609,2.420244119685872,60.571410634581966,109.15060204877892,,,
2024-08-01,SBRY,275.79998779296875,279.67999267578125,274.3999938964844,274.79998779296875,2727200,273.9999969482422,80.4828776165593,2.6426062549273266,66.25761300384372,101.64675739571013,,,
2024-08-02,SBRY,273.79998779296875,276.3999938964844,271.79998779296875,273.0,6108654,274.09999694824216,70.4225179144894,2.788493835720144,70.58817076259946,63.68718386565904,,,
2024-08-05,SBRY,265.6000061035156,269.3999938964844,264.6000061035156,268.6000061035156,6670896,273.3199981689453,13.513589508550734,2.741619519091862,49.11241748746568,-42.70413939010912,,,
2024-08-06,SBRY,266.20001220703125,267.79998779296875,262.6000061035156,265.0,5314010,272.6600006103516,21.07733567754258,2.5797070502064168,50.0,-69.83531153368156,,,
2024-08-07,SBRY,271.3999938964844,272.6000061035156,266.79998779296875,267.3999938964844,3790080,272.43999938964845,51.52221727889479,2.431261611952568,50.574703571870174,-4.865551639720438,,,
2024-08-08,SBRY,268.20001220703125,273.20001220703125,265.20001220703125,270.6000061035156,2918707,272.26000061035154,32.78694675679008,2.2424436268392385,43.64644470334732,-31.78047773282682,,,
2024-08-09,SBRY,267.79998779296875,271.29998779296875,267.79998779296875,268.3999938964844,5191678,271.5799987792969,30.444881601352208,2.026725923768008,42.22222033842269,-32.83193166829709,,,
2024-08-12,SBRY,269.6000061035156,271.0,268.17999267578125,271.0,1857507,271.13999938964844,40.98363877736623,1.8295551995737664,45.69895428193124,-29.76658888065966,,,
2024-08-13,SBRY,274.20001220703125,277.20001220703125,270.6000061035156,270.6000061035156,4111349,270.8,67.91577999453256,1.7235658619839156,50.73171421574721,55.82413939746236,,,
2024-08-14,SBRY,279.0,279.0639953613281,274.79998779296875,275.79998779296875,4752256,271.1600006103516,96.01877511493235,1.7529360338403772,60.66350402441406,124.79398388416853,,,
2024-08-15,SBRY,281.20001220703125,282.6000061035156,279.0,280.79998779296875,4264222,271.7000030517578,93.00003051757812,1.8967119049798324,58.29146113956265,175.6390287432532,,,
2024-08-16,SBRY,280.6000061035156,282.3999938964844,279.3999938964844,282.0,3211633,272.3800048828125,90.0,2.090762346232163,58.29146113956265,150.0416565215098,,,
2024-08-19,SBRY,284.20001220703125,284.2040100097656,280.0,280.0,2720696,274.24000549316406,99.9814950841903,2.3588221937765037,58.29146113956265,160.0902121280844,,,
2024-08-20,SBRY,279.3999938964844,283.6000061035156,279.1109924316406,280.79998779296875,4131872,275.5600036621093,77.76330658831506,2.577259841592467,54.71697841602344,108.43978658507864,,,
2024-08-21,SBRY,279.79998779296875,281.3999938964844,278.35400390625,279.79998779296875,2497342,276.40000305175784,79.61478698157984,2.753651966009524,54.71697841602344,84.21728177263154,,,
2024-08-22,SBRY,283.20001220703125,286.20001220703125,278.79998779296875,279.79998779296875,4889898,277.90000305175784,87.28813888080691,2.942413278201249,60.73060951478499,114.6978266375234,,0.513,0.513
2024-08-23,SBRY,287.6000061035156,287.6000061035156,283.0,284.3999938964844,5961129,279.8800048828125,100.0,3.192525155532148,77.49995803839411,142.56410723760317,,0.517,0.517
2024-08-27,SBRY,288.0,289.6000061035156,284.79998779296875,287.3999938964844,5700394,281.7200042724609,93.44259629611564,3.467084359027202,77.38688573864717,140.7859025668388,,,
2024-08-28,SBRY,288.79998779296875,289.3999938964844,286.7279968261719,289.20001220703125,2232172,283.1800018310547,96.72123561202145,3.747434977237951,74.57622442971442,130.68284230690705,,,
2024-08-29,SBRY,290.20001220703125,291.20001220703125,288.6000061035156,290.0,5240839,284.3000030517578,95.72650018519197,4.030514508837115,82.73800008719283,129.60710772269485,,,
2024-08-30,SBRY,292.3999938964844,294.6000061035156,289.8800048828125,291.0,13963471,285.4200012207031,91.67293304733224,4.326378038777852,84.74571741628584,132.77988206632685,,,
2024-09-02,SBRY,296.0,296.2969970703125,287.20001220703125,293.6000061035156,4312690,286.9600006103516,98.84423405566726,4.662319980208342,85.48382201053184,126.01444177475472,,-0.181,-0.181
2024-09-03,SBRY,298.3999938964844,299.20001220703125,295.20001220703125,296.20001220703125,6364305,288.3799987792969,96.72123971283489,5.033435792412539,84.57137226966006,153.58316209391333,,,
2024-09-04,SBRY,296.3999938964844,296.79998779296875,294.20001220703125,295.79998779296875,4814599,290.0799987792969,86.56808406604185,5.36376235103192,77.01858821321713,123.60477115993989,,,
2024-09-05,SBRY,297.20001220703125,299.3999938964844,294.6000061035156,295.6000061035156,5966381,291.82000122070315,89.54678924358538,5.651745457203944,75.97398479672154,119.83992035530022,,,
2024-09-06,SBRY,296.3999938964844,298.79998779296875,295.79998779296875,297.0,3092007,293.13999938964844,85.74550305596439,5.872446661390756,75.48380110453726,107.75899164897407,,,
2024-09-09,SBRY,299.79998779296875,300.0979919433594,297.0,299.3999938964844,2965668,294.35999755859376,98.6294871488982,6.080267774117217,75.324595543648,115.2927986811416,,,
2024-09-10,SBRY,299.20001220703125,301.3999938964844,298.0,298.79998779296875,3456800,295.47999877929686,90.45395016492954,6.245691148678474,87.21807099121301,111.12424239133368,,0.198,0.198
2024-09-11,SBRY,299.0,300.6610107421875,298.5119934082031,300.0,3841755,296.5,89.38056084811838,6.358442404246602,86.36362585483819,99.71217371315932,,,
2024-09-12,SBRY,295.79998779296875,301.0,295.6000061035156,300.6000061035156,9568576,297.0599975585937,69.56517412440229,6.366722686698733,74.04574373166908,73.28474787646893,,,
2024-09-13,SBRY,289.79998779296875,296.3999938964844,285.20001220703125,296.20001220703125,8060833,296.7999969482422,30.120470852965997,6.198850976467108,53.95679899357924,-4.561709833936612,,,
2024-09-16,SBRY,294.6000061035156,295.20001220703125,288.79998779296875,289.3999938964844,7307509,296.6599975585938,58.02471926622096,5.991823775738972,60.24844308431844,16.870780266638604,,0.513,0.513
2024-09-17,SBRY,299.0,300.6000061035156,297.3999938964844,299.20001220703125,4260575,296.7199981689453,85.18520611633238,5.827650134509082,64.24580767473421,84.91468316647025,,,
2024-09-18,SBRY,297.20001220703125,299.3840026855469,297.20001220703125,298.6000061035156,6010476,296.8,74.07415779866288,5.656942380287783,59.668505026968425,65.99192328410346,,,
2024-09-19,SBRY,293.20001220703125,301.0,291.79998779296875,300.20001220703125,6103700,296.4,49.38277186577525,5.41437697340361,51.052654826391255,22.425876539083948,,,
2024-09-20,SBRY,292.6000061035156,295.0,291.3999938964844,291.6000061035156,16059379,296.02000122070314,45.67902629977715,5.117575054104695,45.14287009724636,-26.380827123361072,,,
2024-09-23,SBRY,294.6000061035156,294.79998779296875,291.20001220703125,292.79998779296875,2156155,295.5000030517578,58.02471926622096,4.822582429793161,44.5086939725201,-26.43269232567463,,0.803,0.803
2024-09-24,SBRY,292.79998779296875,296.20001220703125,291.0,295.79998779296875,2388930,294.8600006103516,46.91348256822664,4.504477955628809,44.76744134468751,-40.73662464320259,,,
2024-09-25,SBRY,296.0,296.7359924316406,291.3999938964844,292.20001220703125,4915635,294.56000061035155,66.66666666666667,4.229350693293163,48.36955079511453,-18.5659167763346,,,
2024-09-26,SBRY,293.6000061035156,299.79998779296875,293.31500244140625,298.0,6077761,294.3400024414062,51.85187278299905,3.9476532937903976,46.35418487918544,-3.803294530291984,,,
2024-09-27,SBRY,299.79998779296875,299.79998779296875,292.3999938964844,292.3999938964844,3611145,295.3400024414062,90.12340795078,3.766524489159396,50.0,42.29475533423113,,0.673,0.673
2024-09-30,SBRY,295.3999938964844,299.79998779296875,295.3940124511719,297.79998779296875,7025688,295.4200012207031,64.55689601223794,3.579141198674724,45.77776029611525,23.473987282419948,,,
2024-10-01,SBRY,294.3999938964844,297.3999938964844,292.0,296.79998779296875,4996147,294.9600006103516,58.22777719832965,3.3735486566178943,44.97816128333695,-44.78576558279919,,-0.449,-0.449
2024-10-02,SBRY,289.20001220703125,294.6000061035156,287.0,293.79998779296875,4186852,294.1600006103516,25.3164752556332,3.076668738611598,43.09625808428728,-154.90958837426746,,,
2024-10-03,SBRY,292.79998779296875,293.79998779296875,287.6000061035156,291.20001220703125,5334468,294.1199981689453,41.42848423549107,2.788557755285623,53.30396742279517,-108.41400524806214,,-0.364,-0.364
2024-10-04,SBRY,291.0,294.3999938964844,289.20001220703125,291.20001220703125,2900561,293.9599975585937,28.571428571428573,2.485972783008128,45.75470306133539,-93.44542352097346,,,
2024-10-07,SBRY,292.20001220703125,294.79998779296875,289.20001220703125,294.79998779296875,2836108,293.7199981689453,37.1429443359375,2.203657258176615,41.32653537863643,-72.77296743858217,,-0.53,-0.53
2024-10-08,SBRY,291.79998779296875,292.3999938964844,290.0,292.0,2601609,293.6199981689453,34.28562709263393,1.9374409400964476,42.85710825670297,-82.85053070405841,,,
2024-10-09,SBRY,292.79998779296875,294.20001220703125,291.739013671875,292.3999938964844,2729372,293.2999969482422,45.31244784588608,1.70680938835786,49.42525207703762,-35.196211469781865,,-0.659,-0.659
2024-10-10,SBRY,288.0,294.79998779296875,288.0,293.0,4377862,292.7399963378906,7.812507450587702,1.4301006001401493,44.102551662778936,-106.63091363589156,,,
2024-10-11,SBRY,271.0,277.6000061035156,268.6000061035156,275.0,24207695,289.85999755859376,7.692292644183414,0.8645324649073008,28.14813014737173,-448.02279738531047,,,
2024-10-14,SBRY,274.6000061035156,275.3999938964844,270.3999938964844,270.79998779296875,16295492,287.7799987792969,19.23078051686244,0.2030264537562645,33.69176019290623,-290.42650165270965,,,
2024-10-15,SBRY,277.20001220703125,278.20001220703125,274.79998779296875,276.3999938964844,12300177,286.06000061035155,27.564138303397723,-0.4429154807000156,32.97101048655678,-184.6992576833452,,,
2024-10-16,SBRY,274.6000061035156,278.3999938964844,274.6000061035156,276.6000061035156,13690838,284.6,19.23078051686244,-1.0857128947240593,32.85197422419749,-152.78986360970498,,-1.237,-1.237
2024-10-17,SBRY,278.79998779296875,279.2120056152344,275.0,275.0,13338624,283.2,32.692268190981466,-1.6233600674664714,30.33706516707528,-109.23714421492804,,,
2024-10-18,SBRY,279.6000061035156,279.6000061035156,275.79998779296875,277.6000061035156,6129923,282.06000061035155,38.19446063336717,-2.0504529619939094,34.13655455232907,-87.66992024582377,,-1.108,-1.108
2024-10-21,SBRY,277.79998779296875,281.79998779296875,277.79998779296875,279.79998779296875,3957976,280.6199981689453,35.114458469856885,-2.40990850524747,33.59683389211855,-70.23941401292024,,,
2024-10-22,SBRY,276.3999938964844,277.79998779296875,274.79998779296875,276.6000061035156,4471775,279.0799987792969,29.77096658089901,-2.7249704295266595,36.32477211268285,-82.58865426626537,,,
2024-10-23,SBRY,275.6000061035156,278.6000061035156,275.0,276.6000061035156,5122632,277.3600006103516,26.71757592417658,-3.002243805987913,30.45457981832344,-72.95271422355901,,,
2024-10-24,SBRY,273.79998779296875,277.3999938964844,274.20001220703125,276.6000061035156,1554489,275.93999938964845,19.847272227470267,-3.2631724441227874,30.454558695625025,-74.75194273929091,,,
2024-10-25,SBRY,272.79998779296875,274.3999938964844,271.79998779296875,273.79998779296875,4030375,276.1199981689453,16.030475666873613,-3.5086951924320715,27.853878097043008,-83.94880621171045,,,
2024-10-28,SBRY,272.3999938964844,275.6000061035156,271.6000061035156,274.3999938964844,3905408,275.8999969482422,14.503780338512396,-3.730075762211004,27.853897504178747,-76.51116347837362,,,
2024-10-29,SBRY,267.79998779296875,274.3999938964844,266.0,274.0,5070168,274.9599945068359,6.249960263553307,-3.9896081605064886,23.62870556604284,-103.21987368044353,,,
2024-10-30,SBRY,264.3999938964844,271.6000061035156,264.3999938964844,267.0,6284932,273.9399932861328,0.0,-4.304600061471225,24.34783647100268,-119.948693402577,,-1.192,-1.192
2024-10-31,SBRY,266.20001220703125,266.20001220703125,261.0,262.6000061035156,10960542,272.67999572753905,25.000073359605853,-4.599311213208743,42.20782437756129,-137.15426954450015,,,
2024-11-01,SBRY,264.79998779296875,266.79998779296875,264.08599853515625,265.6000061035156,5253449,271.1999938964844,18.269182803334637,-4.87771534992126,32.86714107517656,-125.25466389610736,,,
2024-11-04,SBRY,265.79998779296875,268.79998779296875,264.20001220703125,264.20001220703125,4918135,269.9999938964844,23.076877932550243,-5.104232444750744,28.88889140061804,-108.95886315086751,,,
2024-11-05,SBRY,266.0,267.6000061035156,264.6000061035156,266.20001220703125,4245790,268.9599945068359,24.038475646078048,-5.271528690365683,32.52036050341461,-103.08055028564168,,,
2024-11-06,SBRY,267.79998779296875,271.79998779296875,266.20001220703125,266.20001220703125,5560858,268.17999267578125,32.692268190981466,-5.35220387518451,25.22530696183391,-65.85551051820595,,,
2024-11-07,SBRY,256.79998779296875,268.3999938964844,256.79998779296875,268.0,19269657,266.47999267578126,0.0,-5.537657350955029,14.814846211446891,-158.77726821907285,,-0.025,-0.025
2024-11-08,SBRY,249.1999969482422,256.0,247.8000030517578,254.3999938964844,10921428,264.11999359130857,4.545434278469901,-5.887694025884809,12.565483924957178,-227.481379871334,,0.225,0.225
2024-11-11,SBRY,243.3999938964844,250.8000030517578,243.0,249.6000061035156,8026696,261.2199935913086,1.123578168276983,-6.401655176214772,11.267638930080423,-228.08977699580888,,0.136,0.136
2024-11-12,SBRY,241.8000030517578,243.1999969482422,240.1999969482422,241.1999969482422,6976667,258.6199951171875,4.301092028963809,-7.002354571591637,11.059939914178171,-215.1452502036184,,0.451,0.451
2024-11-13,SBRY,243.1999969482422,245.0,239.8000030517578,242.1999969482422,16799115,256.49999542236327,9.497188845399924,-7.587634296193004,14.41862792307728,-172.52349042885254,,,
2024-11-14,SBRY,239.6000061035156,241.26499938964844,237.6000061035156,239.6000061035156,6475792,253.83999481201167,5.2631578947368425,-8.172709937575686,13.596516177995085,-159.1459598142926,,,
2024-11-15,SBRY,244.6000061035156,245.6000061035156,239.6000061035156,239.6000061035156,6201992,251.8199966430664,19.02174544019133,-8.628587692748638,22.310775863641183,-113.83840901251986,,,
2024-11-18,SBRY,245.0,246.6000061035156,243.3999938964844,245.0,5324242,249.73999786376956,21.637420638638662,-8.95354088485654,25.21740457286006,-90.166504520405,,,
2024-11-19,SBRY,248.3999938964844,251.1999969482422,244.3999938964844,251.1999969482422,6486668,247.979997253418,31.578928582582662,-9.104746666316876,32.60869565217391,-63.84961427955832,,0.477,0.477
2024-11-20,SBRY,246.0,248.3999938964844,244.1999969482422,248.1999969482422,8607509,245.79999847412108,24.561398812312333,-9.1566634214693,28.326155804760745,-65.90570607503214,,,
2024-11-21,SBRY,246.8000030517578,248.0,246.1999969482422,246.8000030517578,12412477,244.8,26.9005902745245,-9.109992706793909,30.434779724233607,-54.79365159230351,,,
2024-11-22,SBRY,253.8000030517578,259.1700134277344,248.3999938964844,248.8000030517578,7805859,245.2600006103516,47.36843749024017,-8.87153140414836,38.46154297597707,-9.254588162879354,,,
2024-11-25,SBRY,253.1999969482422,255.8000030517578,252.1999969482422,254.1999969482422,22803039,246.24000091552733,45.6140327394895,-8.514712744441876,37.78624453747915,-3.723934960693492,,0.474,0.474
2024-11-26,SBRY,252.3999938964844,255.1999969482422,250.1999969482422,253.3999938964844,16605806,247.3,48.05192746325504,-8.095771838808,35.01945051695864,-6.403928945960212,,,
2024-11-27,SBRY,253.3999938964844,254.3990020751953,251.1999969482422,252.8000030517578,4231715,248.31999969482425,73.24980263325439,-7.625449169893751,45.89372354588035,2.366246241437688,,,
2024-11-28,SBRY,261.20001220703125,263.0,258.6000061035156,259.0,15559886,250.4800003051758,92.91343218307668,-7.005751820954893,64.42309843718421,74.13669586419708,,,
2024-11-29,SBRY,261.20001220703125,263.3999938964844,260.0,260.0,4718263,252.1400009155273,91.47293515366437,-6.308947349959897,74.86036924577229,83.112199290371,,,
2024-12-02,SBRY,259.6000061035156,263.0,259.0,260.3999938964844,4717652,253.6000015258789,85.2713581748114,-5.611489066183358,74.860337338552,79.75498906319825,,0.491,0.491
2024-12-03,SBRY,261.79998779296875,263.0,259.6000061035156,260.0,5801765,254.94000091552732,93.79842302114704,-4.902293759317546,75.40982991448823,93.778588646453,,,
2024-12-04,SBRY,263.6000061035156,265.6000061035156,261.0,261.0,5872389,256.7000015258789,92.3076923076923,-4.1830275436772935,84.48274047707368,119.71270623656795,,,
2024-12-05,SBRY,267.6000061035156,268.0,263.3999938964844,264.6000061035156,5339076,258.7800018310547,98.3740089543018,-3.421802571348913,84.02365020734787,140.5161511980369,,,
2024-12-06,SBRY,267.0,270.79998779296875,266.79998779296875,267.20001220703125,7004174,260.1000015258789,85.71432668849171,-2.675957100849764,82.35291213727871,136.38340715411937,,,
2024-12-09,SBRY,269.6000061035156,270.0,265.79998779296875,267.0,7482152,261.74000244140626,95.4887890884706,-1.931269029778678,81.92768814016742,121.77029974126444,,,
2024-12-10,SBRY,272.79998779296875,273.79998779296875,267.79998779296875,269.3999938964844,8483527,263.7800018310547,96.37681039234452,-1.1708885817763093,89.41171137936637,127.65374722922918,,0.481,0.481
2024-12-11,SBRY,274.6000061035156,275.3999938964844,272.20001220703125,272.6000061035156,8532750,265.90000305175784,97.03708224826389,-0.409145922702361,89.71423813183839,131.11958740585462,,0.309,0.309
2024-12-12,SBRY,278.0,280.3999938964844,273.6000061035156,274.6000061035156,11980816,267.5800018310547,92.05299953971,0.3686961781586577,88.53497829998838,142.29372345746768,,,
2024-12-13,SBRY,280.0,280.79998779296875,278.0,278.0,6742384,269.4600006103516,97.3856600251022,1.14692182772277,90.85362137679726,147.3081519584385,,0.156,0.156
2024-12-16,SBRY,276.3999938964844,280.0,276.0,279.6000061035156,6475090,271.13999938964844,85.13515115742591,1.8245419420186,83.70783049388706,117.87263415626352,,,
2024-12-17,SBRY,275.0,276.3999938964844,271.20001220703125,274.6000061035156,5071257,272.4600006103516,73.87390731171533,2.3770879046449425,79.9999830458043,83.36552920827863,,,
2024-12-18,SBRY,275.20001220703125,277.3999938964844,273.20001220703125,275.3999938964844,7116189,273.6200012207031,74.31202421249206,2.8200476534708434,74.64786613540336,83.10257357227572,,,
2024-12-19,SBRY,271.3999938964844,275.3999938964844,270.20001220703125,274.20001220703125,4794076,274.0,56.88073779786153,3.104045672734542,65.83845986896414,53.33624408862429,,,
2024-12-20,SBRY,270.20001220703125,273.20001220703125,269.7760009765625,271.0,9750515,274.32000122070315,50.00007197548227,3.24730215907158,66.66666666666666,36.80189124755484,,,
2024-12-23,SBRY,269.0,270.6000061035156,266.79998779296875,269.0,3692980,274.26000061035154,40.40406531382262,3.268288085069286,61.68831297510245,9.429514818605522,,,
2024-12-24,SBRY,272.0,273.20001220703125,269.6000061035156,270.3999938964844,1484041,274.1800018310547,49.42533977125839,3.251951233912961,63.12497794630247,32.783739523241394,,,
2024-12-27,SBRY,271.20001220703125,272.0,270.0,272.0,2702565,273.8400024414062,36.000162760416664,3.192902401160153,56.2500066227341,18.14721711333247,,,
2024-12-30,SBRY,272.20001220703125,273.0,269.3999938964844,270.20001220703125,3403621,273.2600036621094,42.666829427083336,3.118855108722163,58.90412676913044,19.08723025748216,,,
2024-12-31,SBRY,273.6000061035156,274.6000061035156,271.20001220703125,272.20001220703125,1516888,272.62000427246096,48.571559361049104,3.054516337034742,57.14285714285714,38.889136167633374,,,
2025-01-02,SBRY,275.79998779296875,277.20001220703125,273.0,274.6000061035156,2315267,272.5600036621093,64.28571428571429,3.027772985163518,55.55555555555556,72.48927567853337,,,
2025-01-03,SBRY,276.3999938964844,277.79998779296875,273.3999938964844,275.0,6479534,272.7000030517578,68.57147216796875,3.028667484647129,53.4883500864665,75.31785759557664,,-0.228,-0.228
2025-01-06,SBRY,277.20001220703125,279.20001220703125,270.6000061035156,277.6000061035156,9603472,272.90000305175784,74.285888671875,3.0526988418484384,48.27588928438948,63.70778059186095,,-0.255,-0.255
2025-01-07,SBRY,272.3999938964844,277.3999938964844,268.79998779296875,276.20001220703125,7547517,273.0000030517578,42.42424943010788,3.0064329629040225,35.384620801930595,-10.486919461303533,,,
2025-01-08,SBRY,272.0,274.0,269.6000061035156,272.3999938964844,6390058,273.1800018310547,41.9354997489688,2.9052975341871794,40.35089832702236,-44.42644263608501,,,
2025-01-09,SBRY,263.20001220703125,269.79998779296875,258.6000061035156,268.6000061035156,9093371,272.6000030517578,22.33012009996726,2.628052194560037,30.46360426599192,-241.4569701236988,,,
2025-01-10,SBRY,252.0,262.79998779296875,251.8000030517578,262.79998779296875,7814184,270.6000030517578,0.7299156256073581,2.0702787174224992,21.84465372188421,-329.73604839300964,,0.807,0.807
2025-01-13,SBRY,252.8000030517578,255.8000030517578,250.8000030517578,252.0,6443818,268.76000213623047,7.042251250924795,1.3739600432563202,25.65446030018273,-271.4786877796737,,1.651,1.651
2025-01-14,SBRY,251.8000030517578,254.6000061035156,249.0,253.1999969482422,8105984,266.7200012207031,9.271529536355311,0.6082201503543974,25.78947135946521,-212.66978551737208,,,
2025-01-15,SBRY,257.0,257.3999938964844,251.8000030517578,252.8000030517578,9199210,265.06000061035155,26.49005551771737,-0.0793136095064948,35.71428571428572,-138.77276631478398,,,
2025-01-16,SBRY,259.20001220703125,260.20001220703125,255.1999969482422,257.3999938964844,5728630,263.40000305175784,33.774861205706586,-0.6465069428789283,34.46603883434737,-93.13095289728012,,,
2025-01-17,SBRY,262.6000061035156,263.20001220703125,258.79998779296875,259.79998779296875,7525802,262.02000427246094,45.03311459042799,-1.052821579567227,40.18264553847826,-53.63964643315771,,,
2025-01-20,SBRY,264.79998779296875,265.6000061035156,262.10400390625,263.0,4315678,260.7800018310547,52.31781922687486,-1.2995018649445154,41.777750651041664,-24.38239947468529,,,
2025-01-21,SBRY,260.6000061035156,263.6000061035156,259.20001220703125,260.0,6612104,259.6000030517578,38.41060071099865,-1.4972414706341155,36.40167016746366,-47.4787133844368,,1.403,1.403
2025-01-22,SBRY,257.3999938964844,262.3999938964844,257.20001220703125,261.3999938964844,5076587,258.14000244140624,27.814538083294764,-1.701581979192332,31.14755431095024,-60.89492564877699,,1.445,1.445
2025-01-23,SBRY,253.1999969482422,259.6000061035156,252.6000061035156,257.79998779296875,8736654,257.14000091552737,13.907269041647382,-1.9624781874668589,27.862602199653068,-86.84816848664894,,1.461,1.461
2025-01-24,SBRY,252.8000030517578,255.6000061035156,251.6000061035156,253.6000061035156,5969322,257.2200012207031,13.380295311359957,-2.247054586555284,26.538445850796577,-93.75310157637404,,,
2025-01-27,SBRY,254.3999938964844,258.0,252.61199951171875,253.8000030517578,4265674,257.38000030517577,21.5999755859375,-2.5009068940087253,31.55736090257068,-71.93913403981371,,,
2025-01-28,SBRY,257.20001220703125,261.20001220703125,253.80099487304688,254.3999938964844,4997674,257.9200012207031,39.423158747252685,-2.6718218491228214,35.54688175209107,-46.273570684750986,,,
2025-01-29,SBRY,256.20001220703125,259.79998779296875,255.6000061035156,257.3999938964844,4961363,257.8400024414062,43.37355156457683,-2.791658427689754,41.935482736822415,-43.88717288801985,,,
2025-01-30,SBRY,258.20001220703125,258.20001220703125,255.8000030517578,256.79998779296875,5970828,257.74000244140626,55.421739905763225,-2.8349264517605093,59.06435018493484,-37.03048279557025,,,
2025-01-31,SBRY,254.3999938964844,257.0,252.3999938964844,255.1999969482422,5435416,256.9200012207031,32.53007175305038,-2.8821003098642906,52.15052550535514,-64.1588757923713,,1.4,1.4
2025-02-03,SBRY,253.0,254.1999969482422,250.0,252.6000061035156,5491067,255.74000244140623,19.23076170671445,-2.9450165328415143,51.595741011211565,-91.91927057767238,,,
2025-02-04,SBRY,257.20001220703125,259.6000061035156,250.8000030517578,251.0,5189471,255.4000030517578,46.15390634628439,-2.940780562609979,50.27324067442169,-34.040568416800134,,,
2025-02-05,SBRY,263.6000061035156,263.6000061035156,254.1999969482422,255.0,7022721,256.02000427246094,87.1794921955237,-2.785866156697346,55.39215099623467,76.51995000282469,,,
2025-02-06,SBRY,264.20001220703125,269.0,263.0,264.0,5765124,257.12000579833983,74.73690635279605,-2.5287079961234733,52.10527118883635,182.99461168422744,,,
2025-02-07,SBRY,262.79998779296875,266.3999938964844,261.20001220703125,263.79998779296875,5972330,258.12000427246096,67.36835680509868,-2.237519221449703,47.31183104438088,120.10813102905388,,,
2025-02-10,SBRY,262.79998779296875,265.3999938964844,262.79998779296875,262.79998779296875,3503782,258.9600036621094,67.36835680509868,-1.9351655549664208,53.33329942497591,108.98288516438843,,,
2025-02-11,SBRY,264.3999938964844,267.0,262.6000061035156,264.0,7790459,259.6800018310547,75.78944156044408,-1.611726032761024,61.146477315468594,113.73027437793884,,0.628,0.628
2025-02-12,SBRY,261.0,265.3999938964844,260.20001220703125,265.0,6019406,260.1600006103516,57.89473684210526,-1.342597006122069,62.745081417469294,59.33918184120318,,,
2025-02-13,SBRY,264.20001220703125,265.79998779296875,262.79998779296875,263.3999938964844,2947813,260.76000061035154,74.73690635279605,-1.0675025582594622,67.06584610492817,87.85110126145378,,,
2025-02-14,SBRY,262.20001220703125,264.6000061035156,262.20001220703125,264.6000061035156,3365235,261.5400024414063,64.21059056332237,-0.8325657831172515,61.53846153846154,62.34412224282086,,,
2025-02-17,SBRY,261.3999938964844,264.0,261.0,262.3999938964844,6553516,262.3800018310547,59.99996787623356,-0.6459810722875018,56.6037283174588,50.120615656394335,,,
2025-02-18,SBRY,251.0,262.79998779296875,250.11199951171875,261.3999938964844,9892333,261.76000061035154,5.2631578947368425,-0.6639370845075893,43.68931679263787,-78.2286020949324,,,
2025-02-19,SBRY,249.0,252.0,248.3769989013672,251.1999969482422,6130114,260.3,3.0209041625571844,-0.8395495604841089,38.83495649030698,-140.3278746700382,,,
2025-02-20,SBRY,248.6000061035156,251.0570068359375,245.91200256347656,249.8000030517578,5144801,258.73999938964846,11.642428267888004,-1.1092403231853325,42.32806838512165,-144.97803191262153,,,
2025-02-21,SBRY,252.6000061035156,254.3999938964844,247.8000030517578,248.3999938964844,5370819,257.7200012207031,28.967447516514163,-1.357414051092212,49.504958722010166,-96.25218030622418,,,
2025-02-24,SBRY,256.0,256.0,252.3999938964844,254.1999969482422,4847020,257.0400024414063,43.69368744196498,-1.521752903473662,48.48483447311759,-49.22657222755881,,,
2025-02-25,SBRY,255.3999938964844,256.6000061035156,253.8000030517578,255.0,5533221,256.14000244140624,41.09490811878963,-1.6310351300929828,37.86982195095525,-40.02127152306779,,,
2025-02-26,SBRY,257.79998779296875,258.0,255.0,255.0,4087229,255.82000122070312,56.373229678522,-1.6580722155104586,41.01121091225177,-15.975772647730077,,,
2025-02-27,SBRY,257.79998779296875,259.0,254.8000030517578,256.79998779296875,4897111,255.17999877929688,56.373229678522,-1.6283632291088457,42.69006108867406,-12.009664455928668,,,
2025-02-28,SBRY,258.6000061035156,259.20001220703125,256.0,256.20001220703125,9980920,254.8199981689453,60.16694367604591,-1.548169104323304,44.00003138948156,-4.079641738816622,,,
2025-03-03,SBRY,253.3999938964844,259.3999938964844,253.3999938964844,259.20001220703125,5833613,254.0199981689453,37.6508291141717,-1.5199703485620009,35.75130885499105,-44.84491301107391,0.043899999999999995,,
2025-03-04,SBRY,250.0,253.1499938964844,248.3119964599609,251.6000061035156,6768602,253.9199981689453,20.55511098460233,-1.5766201051448685,35.75130885499105,-109.17150409873231,0.39135,,
2025-03-05,SBRY,249.3999938964844,252.0,248.1999969482422,250.0,5460628,253.95999755859376,18.664333648775205,-1.6894609024404528,29.44443643829648,-105.39676417351468,,,
2025-03-06,SBRY,250.8000030517578,251.3999938964844,246.3999938964844,250.1999969482422,6709073,254.179997253418,27.023447484636183,-1.805418902855912,33.898310198764904,-100.9534631100296,,,
2025-03-07,SBRY,254.6000061035156,255.0,247.8000030517578,249.8000030517578,12220836,254.379997253418,51.444878841241774,-1.85251025160926,41.14585485721915,-54.338951151710894,-0.16992,,
2025-03-10,SBRY,259.6000061035156,261.3999938964844,255.1320037841797,256.3999938964844,6266175,254.73999786376956,88.37817148610718,-1.769974385593343,63.03030022795685,42.17719367662019,0.0,,
2025-03-11,SBRY,258.20001220703125,264.79998779296875,257.79998779296875,259.79998779296875,7897940,255.0199996948242,65.05728109299807,-1.6288193144415,64.19753900407278,73.63194561424102,,0.54,0.54
2025-03-12,SBRY,255.1999969482422,259.3999938964844,249.3999938964844,258.6000061035156,8978230,254.7600006103516,47.82611940669828,-1.50247352584509,59.428546018049815,-12.58643364262737,-0.2732,,
2025-03-13,SBRY,254.8000030517578,255.8000030517578,252.38800048828125,254.3999938964844,4238983,254.4600021362305,45.65223881339656,-1.3949903915848776,53.50317542774365,-11.08812308557482,-0.27915,0.492,0.492
2025-03-14,SBRY,235.0,255.8000030517578,233.91200256347656,255.8000030517578,21831774,252.1000015258789,3.5223969075347963,-1.6176824664441207,28.03349524232719,-222.8211808211373,,,
2025-03-17,SBRY,232.3999938964844,234.82000732421875,228.0,231.1999969482422,13216638,250.0000015258789,11.956509119617335,-2.0734426325723163,26.90765316377505,-303.20051796658464,-0.6486,,
2025-03-18,SBRY,236.3999938964844,236.8000030517578,232.6000061035156,233.0,9816766,248.6400009155273,22.82607794258381,-2.582850203020604,29.18290756211715,-199.04019470015663,0.0,0.562,0.562
2025-03-19,SBRY,234.3999938964844,236.8000030517578,231.6000061035156,235.3999938964844,10769558,247.1400009155273,17.391293531100573,-3.1252009344140608,28.0899158938698,-172.00971306204792,0.21075,,
2025-03-20,SBRY,237.0,237.1999969482422,233.6000061035156,235.1999969482422,7417598,245.7600006103516,24.45652985167457,-3.611164335388941,30.434792223552137,-130.87447966630296,0.5267,0.609,0.609
2025-03-21,SBRY,237.6000061035156,240.6000061035156,236.6000061035156,239.3999938964844,11479766,244.06000061035155,26.08698176076533,-4.01850692463156,34.387375140374715,-93.32250458671186,-0.0772,,
2025-03-24,SBRY,236.0,238.8000030517578,233.8000030517578,238.8000030517578,5735731,241.7,21.73913764593295,-4.3715861133523,35.65575205743302,-95.06322755167174,0.0,0.592,0.592
2025-03-25,SBRY,236.1999969482422,238.3999938964844,235.1999969482422,236.0,7160952,239.4999984741211,22.282607794258382,-4.6589904958391,36.3636506938172,-80.57213435803726,0.0,,
2025-03-26,SBRY,236.6000061035156,239.6000061035156,235.6000061035156,237.0,3760262,237.63999938964844,23.36958955502371,-4.873164275262003,35.02111280259618,-67.287470169584,0.037,,
2025-03-27,SBRY,237.0,239.8000030517578,236.0,238.1999969482422,8622373,235.85999908447263,24.45652985167457,-5.012722591847412,30.0000069358084,-58.25513362572459,0.0,,
2025-03-28,SBRY,239.6000061035156,242.6000061035156,237.3999938964844,238.0,7663464,236.31999969482425,31.521766172248565,-5.04529091668757,25.961559622932185,-36.42067542859768,0.28595,,
2025-03-31,SBRY,235.1999969482422,238.8000030517578,235.0,238.1999969482422,8212325,236.6,22.9299310438666,-5.067793039747568,24.21525952398791,-58.88940355866666,0.65865,,
2025-04-01,SBRY,230.6000061035156,236.1999969482422,226.0,233.3999938964844,9298984,236.02000122070316,15.43626051153805,-5.144645905949253,23.37664911246415,-95.01147781404109,-0.8401000000000001,,
2025-04-02,SBRY,233.0,233.0,227.6000061035156,229.6000061035156,4829634,235.8800018310547,23.489930480349702,-5.201519821176548,27.38590183665697,-87.01644761036344,0.13396666666666665,0.48,0.48
2025-04-03,SBRY,239.3999938964844,241.3999938964844,232.1999969482422,233.6000061035156,5269809,236.12000122070316,80.72282511779596,-5.128926411811814,56.32182698471578,-29.87600391799073,,0.502,0.502
2025-04-04,SBRY,237.1999969482422,243.1999969482422,237.0,239.0,9658254,236.0800003051758,65.11627288042519,-5.002400663708541,56.97674676493798,-12.403630923230104,0.0,,
2025-04-07,SBRY,233.1999969482422,239.6000061035156,227.3999938964844,232.1999969482422,13025379,235.8,41.860454800708645,-4.901120040139892,45.348842882863536,-69.29553155096717,0.0,,
2025-04-08,SBRY,236.6000061035156,237.8000030517578,229.7740020751953,234.3999938964844,9340923,235.84000091552736,61.62795339681109,-4.755556064917788,53.07264117569336,-51.10885348666853,0.37143333333333334,,
2025-04-09,SBRY,235.8000030517578,237.3999938964844,231.8000030517578,236.3999938964844,7359951,235.7600006103516,56.97677203808665,-4.5917915541351,48.235299397502494,-40.39099484638547,-0.11315,,
2025-04-10,SBRY,228.8000030517578,239.3999938964844,223.3999938964844,237.1999969482422,16746567,234.94000091552732,27.27276930795237,-4.5264193964343695,39.10890958225298,-142.76012945374262,0.17556666666666665,,
2025-04-11,SBRY,233.1999969482422,235.3999938964844,229.8500061035156,230.0,8168099,234.3,49.49495727925044,-4.445628617771427,46.75925549819773,-71.65562180114969,0.4404,,
2025-04-14,SBRY,242.6000061035156,243.6000061035156,234.1999969482422,234.8000030517578,8457606,235.04000091552732,95.04950794211936,-4.1993047893989806,56.10687789796823,131.04444375403398,,,
2025-04-15,SBRY,246.8000030517578,246.8000030517578,242.0,243.0,5043930,236.6600006103516,100.0,-3.785561191124214,59.07473087377208,226.93164510106507,0.0,,
2025-04-16,SBRY,248.0,248.8000030517578,245.8000030517578,248.0,9249787,238.1600006103516,96.85038282125296,-3.260797937483896,59.64912280701754,228.15321267517584,0.0,,
2025-04-17,SBRY,256.79998779296875,258.6000061035156,250.0,256.3999938964844,17430115,239.9,94.88631339114332,-2.546127987820633,63.60758439295836,283.4100983248049,0.10158,-0.761,-0.761
2025-04-22,SBRY,262.6000061035156,265.79998779296875,257.79998779296875,258.0,15504205,242.44000091552732,92.45287228751592,-1.6515533345090438,71.20744043225368,273.5434370759916,-0.098,-3.566,-3.566
2025-04-23,SBRY,258.3999938964844,262.20001220703125,253.3999938964844,260.3999938964844,13116878,244.9600006103516,82.54718169405692,-0.7543574974654613,71.65107671889513,176.6273198307767,,-2.202,-2.202
2025-04-24,SBRY,261.20001220703125,262.0,258.2879943847656,259.79998779296875,12881249,247.4200012207031,89.15099941483975,0.1438407485709222,71.82662246186959,158.54819587897964,-0.117,-2.88,-2.88
2025-04-25,SBRY,260.0,265.6000061035156,258.79998779296875,259.6000061035156,8150295,249.84000091552736,86.32078153801419,0.976108912821302,67.34005644205442,136.730679053453,-0.6597,,
2025-04-28,SBRY,259.0,261.6000061035156,258.6000061035156,260.20001220703125,11394997,252.8600006103516,83.9622906324697,1.7052453410449508,68.72850629974997,106.61280477655218,0.0,,
2025-04-29,SBRY,261.6000061035156,266.0,259.0,260.0,7421727,255.7000015258789,89.67137730968246,2.3691132385040823,74.99997985197379,106.47697165490726,,,
2025-04-30,SBRY,266.79998779296875,266.79998779296875,261.20001220703125,261.3999938964844,9098210,258.11999969482423,100.0,3.034834015703079,75.76788636219239,107.6621030593104,0.0,,
2025-05-01,SBRY,268.0,269.20001220703125,265.79998779296875,267.79998779296875,4347812,260.23999938964846,97.3798870583532,3.6790464521303385,77.28811183494038,109.4088744993592,0.20650000000000002,,
2025-05-02,SBRY,263.3999938964844,269.79998779296875,263.3999938964844,268.0,11809000,261.7799987792969,83.97998290403726,4.194231494992256,80.56533492067729,87.73998689910839,-0.08643333333333332,-3.108,-3.108
2025-05-06,SBRY,272.3999938964844,273.6000061035156,259.6000061035156,267.3999938964844,10437569,263.3399993896484,96.9542844462242,4.735568057600532,82.02611095472807,94.31875822525622,0.0,-2.411,-2.411
2025-05-07,SBRY,274.3999938964844,274.3999938964844,270.20001220703125,272.79998779296875,11255431,264.51999816894534,100.0,5.286033643417148,79.55386517822703,108.12353192104364,,,
2025-05-08,SBRY,273.20001220703125,279.6000061035156,272.20001220703125,274.79998779296875,7846892,266.0,81.06510852474159,5.782171861573186,75.98424380885555,112.17014592482,0.128,,
2025-05-09,SBRY,276.3999938964844,277.3999938964844,273.20001220703125,273.3999938964844,6014042,267.51999816894534,89.18915017841438,6.256125452584726,76.89392428753328,110.05794085975393,0.368,,
2025-05-12,SBRY,269.79998779296875,281.3999938964844,269.6000061035156,278.3999938964844,7942237,268.4999969482422,58.57140677315848,6.571770500610057,62.84584050536108,94.38855166942986,0.1695090909090909,,
2025-05-13,SBRY,274.3999938964844,276.6000061035156,269.3999938964844,269.3999938964844,7962047,270.0399963378906,75.0,6.830056202306525,61.94330158024142,91.71610499108505,0.3545125,,
2025-05-14,SBRY,277.6000061035156,278.6000061035156,273.0,273.79998779296875,8172108,271.63999633789064,83.55837714931589,7.0743376598262575,69.8347133492899,108.02510475583824,0.014333333333333345,-1.022,-1.022
2025-05-15,SBRY,277.0,279.6000061035156,273.6000061035156,278.79998779296875,6617174,272.6599975585938,80.7017708235735,7.271339297275349,67.0995493704265,104.0527756032168,-0.125,,
2025-05-16,SBRY,279.0,279.20001220703125,277.0,277.3999938964844,7425278,273.75999755859374,89.4737053445945,7.443715686911266,70.2127659574468,109.61130953087694,0.35150000000000003,,
2025-05-19,SBRY,280.79998779296875,281.6000061035156,277.79998779296875,278.6000061035156,8904810,275.4999969482422,96.46009692704276,7.603373213307569,72.80334033492731,116.35329810939102,,-1.016,-1.016
2025-05-20,SBRY,289.20001220703125,290.0,281.20001220703125,281.20001220703125,9195447,277.17999877929685,97.36846067899616,7.863377149247179,75.74627141852633,161.8424589622122,-0.08895000000000003,,
2025-05-21,SBRY,288.0,290.20001220703125,286.3999938964844,288.20001220703125,6742952,278.5399993896484,92.810419058124,8.13557871367529,71.37096426861848,154.19414642038416,-0.3818,,
2025-05-22,SBRY,286.79998779296875,287.4320068359375,284.0,285.0,6617398,279.8999969482422,88.88881132062299,8.363468136085388,68.95158660525419,125.57407832190884,-0.24455714285714286,-1.012,-1.012
2025-05-23,SBRY,287.6000061035156,288.0,284.79998779296875,287.0,5173332,281.01999816894534,91.50324972249952,8.545339015515106,76.41919913431451,121.76336657363876,,,
2025-05-27,SBRY,293.0,294.20001220703125,288.0,288.79998779296875,7403753,283.3399993896484,95.16124467327144,8.755509584320063,74.40756545905406,150.88386998047503,,,
2025-05-28,SBRY,284.0,294.0,277.1789855957031,293.3999938964844,10484677,284.3,58.87094888678602,8.808855040672265,59.756095291675216,80.11126561656643,-0.0516,-0.139,-0.139
2025-05-29,SBRY,282.6000061035156,285.20001220703125,279.79998779296875,284.79998779296875,7379844,284.8,53.22581637537578,8.718695850331205,59.51415328332327,48.16199260712109,0.0,,
2025-05-30,SBRY,285.3999938964844,286.3999938964844,282.79998779296875,284.3999938964844,19171420,285.63999938964844,64.51608139819626,8.568117519791045,59.18366203007659,64.2520917997415,0.0,,
2025-06-02,SBRY,286.6000061035156,288.3999938964844,283.79998779296875,284.6000061035156,4305027,286.4,69.35483672492485,8.387180228514932,69.26604637684811,71.32296666666683,0.074,-0.252,-0.252
2025-06-03,SBRY,287.20001220703125,289.3999938964844,285.79998779296875,288.79998779296875,7418910,287.0400024414063,66.98115108783587,8.187156227251487,66.16161188025724,76.9482269374866,0.8555,,
2025-06-04,SBRY,284.20001220703125,288.3999938964844,283.6000061035156,287.3999938964844,9923345,286.5400024414063,51.456325062479536,7.919131201612636,58.3756305860064,47.04666356198046,,,
2025-06-05,SBRY,274.20001220703125,277.17401123046875,273.6000061035156,275.0,8785386,285.1600036621094,2.9126501249590757,7.444941304600212,47.13116291867824,-87.55543957193683,-0.8316,-0.286,-0.286
2025-06-06,SBRY,278.6000061035156,279.6000061035156,273.0,274.0,7092894,284.3400054931641,26.415107919882768,6.919619883882585,49.609381286422135,-63.50579873193769,0.6908,,
2025-06-09,SBRY,279.20001220703125,279.79998779296875,276.79998779296875,279.0,4876045,283.5000061035156,29.2453237596483,6.383589965155382,48.400026367155306,-46.700818776178295,0.19530000000000003,,
2025-06-10,SBRY,282.6000061035156,283.3999938964844,279.59600830078125,280.20001220703125,6160450,282.4600067138672,45.28302158397656,5.908643165489901,42.666664858218816,-8.6302301674175,,,
2025-06-11,SBRY,282.3999938964844,283.3999938964844,279.6000061035156,282.0,6048209,282.3000061035156,44.339568320468935,5.480221506609777,43.63636111425149,-17.558987022554803,0.0,,
2025-06-12,SBRY,283.79998779296875,287.20001220703125,283.3999938964844,283.79998779296875,5880116,282.4200042724609,50.94330931275029,5.11326502753362,46.606335778881565,27.13738243408181,0.0,,
2025-06-13,SBRY,286.79998779296875,286.79998779296875,281.6000061035156,281.79998779296875,4641629,282.5600036621093,65.09424456082064,4.840279279938516,49.137911189889735,26.76041980153898,0.0,,
2025-06-16,SBRY,285.6000061035156,286.79998779296875,283.20001220703125,285.79998779296875,4480203,282.4600036621094,60.00002906436012,4.610325947718605,41.232230915477125,24.849749762499837,,,
2025-06-17,SBRY,286.0,286.6000061035156,284.20001220703125,284.20001220703125,6027042,282.3400024414062,79.26832218386848,4.4152728370301,52.97619263871884,29.66112757712827,,-0.301,-0.301
2025-06-18,SBRY,287.0,287.3999938964844,285.3999938964844,287.3999938964844,4646313,282.6200012207031,85.36588542878144,4.258210631481073,56.62650048671887,52.98779043922825,,,
2025-06-19,SBRY,287.0,290.79998779296875,286.20001220703125,287.6000061035156,3924446,283.9,78.65173933169886,4.123488526238608,52.631589514398975,85.64484529867285,,-0.403,-0.403
2025-06-20,SBRY,286.3999938964844,288.20001220703125,284.79998779296875,286.3999938964844,23290859,284.67999877929685,75.28091621376035,3.9908601070452208,49.66440891113646,49.60109145981921,,,
2025-06-23,SBRY,287.3999938964844,290.0,285.0,285.0,4832810,285.4999969482422,80.89889759459598,3.8733550091006,50.331095713086086,71.33269881234541,,,
2025-06-24,SBRY,290.0,291.79998779296875,286.0,289.3999938964844,6608155,286.2399963378906,90.4255906291495,3.804142146624117,59.73152712890918,118.24384363044354,,,
2025-06-25,SBRY,287.20001220703125,292.3999938964844,285.79998779296875,290.20001220703125,5944829,286.7199981689453,73.19596223999093,3.715483595015542,78.76109301659834,92.20084477295887,,-0.427,-0.427
2025-06-26,SBRY,287.3999938964844,288.20001220703125,282.79998779296875,287.6000061035156,6619218,287.0799987792969,67.94873048880925,3.614006742339905,73.91305790058547,36.54989371132891,,,
2025-06-27,SBRY,287.0,289.3999938964844,285.0,285.0,3193406,287.1,57.82567969854205,3.495196489779069,71.42859538277865,56.15742761123624,,,
2025-06-30,SBRY,289.79998779296875,289.79998779296875,285.3999938964844,288.79998779296875,7471824,287.51999816894534,79.68743294471068,3.408456137848367,70.45455727699124,79.87073163629701,,,
2025-07-01,SBRY,286.6000061035156,297.20001220703125,282.79998779296875,293.6000061035156,9027645,287.5799987792969,32.05126951119075,3.287541250997258,60.19424667194061,89.0817347505178,,-0.64,-0.64
2025-07-02,SBRY,276.79998779296875,287.3999938964844,275.79998779296875,286.79998779296875,9143561,286.5599975585937,4.672891865220839,2.987698445900316,37.93100908162943,-92.109472143008,-0.08463333333333334,-0.278,-0.278
2025-07-03,SBRY,281.20001220703125,284.20001220703125,277.79998779296875,278.20001220703125,9614526,285.97999877929686,25.23373015646658,2.6548155939707003,40.78950274357374,-87.79761996012945,0.7506,,
2025-07-04,SBRY,283.79998779296875,285.0,280.20001220703125,284.0,5540867,285.7199981689453,37.38313492176671,2.3541043801561536,47.16977872806787,-57.63122745137029,0.0,-0.321,-0.321
2025-07-07,SBRY,285.0,285.6000061035156,283.0,283.6000061035156,3747586,285.47999877929686,42.99066220216874,2.103101518406421,48.46625652009481,-28.76300806214802,0.1513333333333333,-0.347,-0.347
2025-07-08,SBRY,282.3999938964844,286.79998779296875,282.20001220703125,284.79998779296875,6885861,284.7199981689453,30.84111483152605,1.8501379008619336,43.27484127727733,-56.63380265723923,,,
2025-07-09,SBRY,283.0,284.0,280.3039855957031,282.6000061035156,5205942,284.2999969482422,33.64487847172706,1.6145619988358897,44.252871547259296,-102.73802865456696,,,
2025-07-10,SBRY,283.79998779296875,287.3999938964844,283.0,287.3999938964844,5594593,283.93999633789065,37.38313492176671,1.4113170827155224,46.2857023277957,-28.251789958987324,0.4215,,
2025-07-11,SBRY,280.3999938964844,286.79998779296875,278.79998779296875,284.20001220703125,10753975,283.2799957275391,21.49533110108437,1.181529442576296,40.64170206654797,-103.16301621132396,0.16413333333333333,,
2025-07-14,SBRY,283.6000061035156,286.0,279.2879943847656,279.79998779296875,5959893,282.6599975585938,36.44864211192808,0.995512566253948,41.57894863646549,-67.36612481883868,0.0,,
2025-07-15,SBRY,282.0,284.79998779296875,281.3999938964844,283.6000061035156,5000575,282.1999969482422,28.971986606506228,0.8188855313314759,42.934763679426005,-66.47986969999944,,,
2025-07-16,SBRY,284.6000061035156,285.79998779296875,280.0,280.79998779296875,18154410,282.97999877929686,41.12153397714892,0.6970181212100566,46.42858811091579,-42.47489727882531,0.05623333333333334,,
2025-07-17,SBRY,288.79998779296875,289.20001220703125,284.79998779296875,285.20001220703125,4561284,283.7399963378906,60.7475942478709,0.6812810836425737,52.093009061591566,70.04683412020074,-0.7506,,
2025-07-18,SBRY,289.6000061035156,292.20001220703125,280.79998779296875,288.79998779296875,13815417,284.3199981689453,64.48599330325311,0.7441005165174144,49.75612007243826,65.22466914459093,0.4215,,
2025-07-21,SBRY,297.6000061035156,297.63800048828125,289.20001220703125,293.6000061035156,4949739,285.5799987792969,99.82601720543106,0.9788038967404142,62.008720821761536,214.25631535353563,0.31245,-0.685,-0.685
2025-07-22,SBRY,301.3999938964844,302.20001220703125,296.0,296.6000061035156,7174945,287.47999877929686,96.72123971283489,1.3673329599939603,80.9045160627435,264.76533755376994,-0.10606666666666666,,
2025-07-23,SBRY,300.3999938964844,303.1940002441406,298.6000061035156,302.20001220703125,24186241,289.2199981689453,88.54634368475111,1.8128388014094992,76.37360564407611,223.549807495044,,,
2025-07-24,SBRY,305.0,305.0,298.3999938964844,298.79998779296875,7785103,291.3399993896484,100.0,2.3399610156231923,77.60416501098314,200.33028317427411,,,
2025-07-25,SBRY,306.0,306.20001220703125,302.0,305.0,3730844,293.9,99.27002909191351,2.901227345111991,77.48690221116559,176.580888268606,,,
2025-07-28,SBRY,302.6000061035156,308.79998779296875,300.79998779296875,308.20001220703125,3215807,295.8,79.33339436848958,3.3936146352889067,75.89745154747595,137.7656764242203,-0.20486666666666664,-0.726,-0.726
2025-07-29,SBRY,302.6000061035156,304.3999938964844,300.0,301.6000061035156,17777194,297.8600006103516,79.33339436848958,3.80928338843989,75.52084533704843,103.45384929874496,0.029462500000000003,-1.119,-1.119
2025-07-30,SBRY,302.20001220703125,305.20001220703125,300.79998779296875,304.0,6136629,299.6200012207031,78.00008138020833,4.140012609583058,74.21055843955592,92.94195468637274,0.03296,,
2025-07-31,SBRY,303.3999938964844,304.20001220703125,300.5,304.0,6324958,301.0800018310547,81.7023749572152,4.40987508617499,82.12291598115752,82.18484117178622,0.21075,-1.168,-1.168
2025-08-01,SBRY,299.79998779296875,304.20001220703125,298.3999938964844,304.20001220703125,7922421,302.1,68.74998675451776,4.559953837356112,72.37567663490421,60.852909548812256,,,
2025-08-04,SBRY,298.6000061035156,301.3999938964844,298.0,301.20001220703125,5380203,302.2,64.58338190010151,4.597549029725468,73.18439373519405,44.78575079695166,0.31845,,
2025-08-05,SBRY,296.3999938964844,300.0,294.20001220703125,299.0,5645205,301.7,55.714307512555806,4.517092250410085,66.66666666666666,21.534751323959583,0.5994,,
2025-08-06,SBRY,295.3999938964844,297.20001220703125,291.20001220703125,296.6000061035156,6718888,301.2,52.14287894112723,4.340610676702783,60.24846251027125,-2.4555845309391784,-0.4939,,
2025-08-07,SBRY,293.79998779296875,297.20001220703125,291.6000061035156,294.3999938964844,5148865,300.0799987792969,23.469292427271537,4.077773785243165,56.36361450529573,-11.182084507694368,-0.4588,,
2025-08-08,SBRY,295.0,296.79998779296875,293.6000061035156,294.6000061035156,2554681,298.97999877929686,21.59086968282482,3.7844408203605537,45.03815282328563,-9.481497481167557,,,
2025-08-11,SBRY,297.20001220703125,298.3999938964844,294.79998779296875,295.79998779296875,2543636,298.43999938964845,34.090956380610216,3.5138449099049205,41.46345396871081,1.344322808684156,0.0,-1.166,-1.166
2025-08-12,SBRY,298.3999938964844,298.79998779296875,296.20001220703125,297.79998779296875,3895887,298.01999816894534,40.90904361938978,3.2828214731225915,45.96773995072885,5.137483175812716,,,
2025-08-13,SBRY,298.3999938964844,301.3999938964844,296.79998779296875,298.79998779296875,3011620,297.63999633789064,40.90904361938978,3.0812297123129806,33.66333642034526,11.247492328215964,0.0,,
2025-08-14,SBRY,296.3999938964844,299.6000061035156,295.0,299.3999938964844,2680626,296.93999633789065,29.54539149251972,2.8697213513411084,27.358456615338557,-33.619439450654845,0.0,,
2025-08-15,SBRY,296.3999938964844,299.79998779296875,294.6000061035156,299.79998779296875,4370754,296.59999694824216,37.14272635323661,2.6565443998424905,32.5842234299724,-51.9036746388555,0.23459999999999998,-1.193,-1.193
2025-08-18,SBRY,299.6000061035156,299.6000061035156,296.3999938964844,297.0,2565302,296.6999969482422,59.99995640345982,2.498496219942708,42.85714285714285,-20.1876813165255,-0.0593,,
2025-08-19,SBRY,302.20001220703125,304.3999938964844,299.1579895019531,300.20001220703125,3769746,297.2799987792969,83.33344893038053,2.4190738333923143,50.0,59.314008770116445,0.0,,
2025-08-20,SBRY,305.20001220703125,305.20001220703125,300.20001220703125,302.6000061035156,3302606,298.26000061035154,100.0,2.4354457128894382,53.60003222652316,89.66755132100688,,-1.229,-1.229
2025-08-21,SBRY,306.79998779296875,307.0,303.6000061035156,305.0,2525694,299.56000061035155,98.7340989774672,2.5309771441205884,65.21739130434783,130.400347422351,,,
2025-08-22,SBRY,304.20001220703125,306.79998779296875,304.20001220703125,306.6000061035156,2690611,300.48000183105466,82.2785445808079,2.623866632475066,61.475425213779445,113.60535236476125,-0.011779999999999999,,
2025-08-26,SBRY,305.79998779296875,307.20001220703125,300.79998779296875,304.0,9832342,301.3399993896484,91.24984741210938,2.7297771349511284,69.74792178766651,102.10171015235784,-0.2294,,
2025-08-27,SBRY,299.6000061035156,306.3999938964844,298.6000061035156,305.79998779296875,3546358,301.4600006103516,51.28203121790521,2.733158152220057,57.24141559767224,38.55839249813988,0.0,,
2025-08-28,SBRY,296.6000061035156,300.20001220703125,292.8900146484375,300.0,4472366,301.2800018310547,25.92587063615619,2.618005767822047,54.60530344477962,-62.5999766948805,0.0,,
2025-08-29,SBRY,299.3999938964844,301.20001220703125,295.3999938964844,297.79998779296875,4381511,301.5800018310547,45.4925252180589,2.473300627106556,56.87501013281861,-12.996718743409849,0.0,,
2025-09-01,SBRY,301.20001220703125,305.20001220703125,299.0,299.3999938964844,2361383,302.0600036621093,58.07127167260242,2.340739162279092,56.32913103858553,57.26614841287073,,,
2025-09-02,SBRY,295.0,301.1499938964844,292.79998779296875,301.0,5029084,301.6000030517578,15.277836646462934,2.118485617562714,45.35519262374021,-61.6907261685722,,,
2025-09-03,SBRY,298.3999938964844,298.3999938964844,292.2699890136719,294.20001220703125,4732737,301.2200012207031,41.05824085751604,1.901082172485896,50.0,-59.90063413706248,,,
2025-09-04,SBRY,305.0,305.0,296.20001220703125,299.79998779296875,5549108,301.2,85.26450911335638,1.7990816155908842,59.641274322573935,56.6163455191422,0.16685,,
2025-09-05,SBRY,312.6000061035156,312.6000061035156,303.20001220703125,308.0,7856317,301.7800018310547,100.0,1.891913578735982,65.51726758679395,182.86318363831185,0.272525,,
2025-09-08,SBRY,312.20001220703125,314.0,310.20001220703125,312.3999938964844,4842305,302.5800018310547,91.71658130269124,2.091302663259013,62.75305994735401,198.79651503093012,,-1.27,-1.27
2025-09-09,SBRY,306.20001220703125,314.79998779296875,305.3999938964844,313.0,4592262,302.62000427246096,61.828779174901086,2.246534384298603,53.78788404229002,123.77209958737788,0.1531,,
2025-09-10,SBRY,303.0,308.20001220703125,300.8900146484375,308.20001220703125,3899369,302.9600036621094,47.62543971457326,2.309776989952733,47.9245143956764,36.09858554795196,0.247825,,
2025-09-11,SBRY,306.6000061035156,306.6000061035156,303.20001220703125,306.0,3414989,303.9600036621094,63.60416274417111,2.3642188641506965,49.81819836325815,55.138858822079534,-0.1531,-1.279,-1.279
2025-09-12,SBRY,307.20001220703125,307.90399169921875,302.3999938964844,306.20001220703125,5544940,304.74000549316406,66.26730582461806,2.41447489129101,52.83018867924528,55.16920679739818,-0.31874,-1.039,-1.039
2025-09-15,SBRY,317.79998779296875,326.79998779296875,303.93798828125,321.0,11053265,306.40000305175784,73.9357071585067,2.623086149531482,59.67741935483871,207.20519278832052,0.0,-0.657,-0.657
2025-09-16,SBRY,322.79998779296875,323.3999938964844,315.20001220703125,316.79998779296875,7514988,309.1800018310547,88.4158698482252,2.9938091877457005,69.07892656459008,227.8865738565844,,-0.791,-0.791
2025-09-17,SBRY,323.79998779296875,333.79998779296875,323.3999938964844,324.0,10872338,311.7200012207031,75.92102024095146,3.4558377539966303,73.12922892795622,242.32774297204432,,-0.748,-0.748
2025-09-18,SBRY,319.79998779296875,323.0,316.79998779296875,323.0,5803588,313.2,66.28942833733204,3.879180338326942,66.99998626709683,131.75231042513968,0.5106,-0.74,-0.74
2025-09-19,SBRY,324.0,324.20001220703125,319.79998779296875,320.3999938964844,13324598,314.3399993896484,76.40262922941827,4.314250285946431,68.26921384010751,133.30853372376606,0.0258,-0.199,-0.199
2025-09-22,SBRY,321.3999938964844,324.20001220703125,321.0,323.6000061035156,4909719,315.25999755859374,70.14207979542273,4.682549004161286,72.44896741107736,111.41532897809408,,,
2025-09-23,SBRY,325.20001220703125,329.79998779296875,321.3999938964844,322.0,3851312,317.1599975585938,77.12770965427457,5.039644578363491,72.63513426435935,118.75236093766983,0.0,,
2025-09-24,SBRY,325.6000061035156,328.0,322.6000061035156,324.3999938964844,3216909,319.4199981689453,75.0835965333635,5.365893998461762,69.4339568320469,103.45389350538788,0.0,-0.964,-0.964
2025-09-25,SBRY,324.79998779296875,326.3999938964844,321.6000061035156,324.0,3910300,321.2399963378906,72.65266683605435,5.630713330324969,63.20343117664972,85.86711283858378,0.33525,,
2025-09-26,SBRY,330.3999938964844,331.20001220703125,323.79998779296875,324.3999938964844,3283217,323.55999450683595,89.66880379527335,5.9196584980783005,67.70424342314239,103.69716618436284,0.7964,,
2025-09-29,SBRY,330.0,332.20001220703125,328.20001220703125,331.0,2685748,324.7799957275391,88.4533853118619,6.188704521074904,75.9824917242813,104.53140645981571,0.0,-0.976,-0.976
2025-09-30,SBRY,334.0,335.6000061035156,328.3999938964844,330.0,4359609,325.8999969482422,95.180706279449,6.480886662913457,83.26177643599499,113.68261244673168,0.0,,
2025-10-01,SBRY,330.20001220703125,335.79998779296875,329.0,332.3999938964844,6558237,326.5399993896484,83.23360296623603,6.696855567613677,75.21367186965087,100.74995224670243,0.43899999999999995,,
2025-10-02,SBRY,333.79998779296875,333.79998779296875,326.5169982910156,331.20001220703125,4028807,327.93999938964845,93.72293004001708,6.895906064365871,76.70680934352873,93.70908361640326,0.0,,
2025-10-03,SBRY,335.0,336.79998779296875,331.802001953125,334.3999938964844,3638083,329.0399993896484,91.66671376174789,7.077346203907448,71.28713095658952,111.03967895130587,,-1.119,-1.119
2025-10-06,SBRY,334.6000061035156,337.20001220703125,333.17498779296875,335.0,3507319,330.3600006103516,87.25488729453018,7.215724748185956,66.48046407153726,106.48249696745494,0.0,-1.163,-1.163
2025-10-07,SBRY,332.6000061035156,334.0,321.20098876953125,332.6000061035156,36027423,331.1,77.45097745890604,7.271504158643523,61.95654066838439,52.45064351563657,,,
2025-10-08,SBRY,333.6000061035156,336.20001220703125,332.1600036621094,333.3999938964844,2827607,331.9,79.31033877971952,7.271969170468776,70.41421721100185,92.89461705558593,0.8176,,
2025-10-09,SBRY,335.79998779296875,336.20001220703125,333.3999938964844,334.79998779296875,2690810,333.0,91.35788049928227,7.256264946419012,68.55344704814294,100.31032072526214,,,
2025-10-10,SBRY,332.6000061035156,337.0,332.6000061035156,336.3999938964844,3547489,333.2200012207031,71.24820698284807,7.163657065423209,67.28398899105382,83.70871998760389,,-0.853,-0.853
2025-10-13,SBRY,334.6000061035156,335.3999938964844,331.79998779296875,333.3999938964844,3491612,333.6800018310547,83.74896996887017,7.043283528672009,65.35949472374062,76.43153599747977,0.7506,,
2025-10-14,SBRY,334.6000061035156,337.20001220703125,333.20001220703125,335.79998779296875,2652113,333.74000244140626,83.74896996887017,6.8957641286361895,64.90068634346275,85.97875932181593,0.4588,,
2025-10-15,SBRY,337.20001220703125,337.6300048828125,331.6000061035156,335.0,3529787,334.44000244140625,97.38272412166154,6.764728175651136,69.37507510199566,85.21874984089605,0.4767,,
2025-10-16,SBRY,337.6000061035156,338.6000061035156,335.6000061035156,338.0,3579201,334.8200042724609,94.25254897558632,6.641856334249809,63.43289530620146,107.98517103533378,0.1591,,
2025-10-17,SBRY,338.0,339.0,334.79998779296875,338.0,8271888,335.12000427246096,94.3817103823825,6.521786279694959,64.92541392425244,103.12331124226354,0.0258,,
2025-10-20,SBRY,336.79998779296875,338.0,333.20001220703125,336.6000061035156,4193429,335.3400024414062,87.63969425860455,6.375756637467482,55.83332273692508,75.51405472073147,-0.2732,,
2025-10-21,SBRY,338.0,338.0,335.6000061035156,336.79998779296875,3135138,335.8800018310547,94.3817103823825,6.225724998597292,68.22430173094858,95.45422248831736,0.09953333333333332,,
2025-10-22,SBRY,342.79998779296875,344.20001220703125,338.0690002441406,339.3999938964844,4325541,336.8,93.9126788671394,6.143441207406754,69.91152593456809,188.45761355261448,,,
2025-10-23,SBRY,340.79998779296875,343.3999938964844,339.0,342.6000061035156,3015818,337.3,85.21665746677424,6.062022929838737,62.39315570510062,170.13541355619603,0.65805,,
2025-10-24,SBRY,344.0,344.0,339.6000061035156,342.6000061035156,7175332,338.43999938964845,99.130344783661,6.022652969420896,67.93893218686554,183.6112733374026,0.585092,,
2025-10-27,SBRY,346.6000061035156,347.3999938964844,342.6000061035156,343.3999938964844,3746575,339.63999938964844,94.9367822086245,6.039456652447148,76.11941488210871,208.8423015209233,-0.17,,
2025-10-28,SBRY,346.0,348.3999938964844,337.20001220703125,347.0,5931275,340.7799987792969,85.71431166462611,6.06725011977076,73.48484235470913,143.97404987615928,,,
2025-10-29,SBRY,344.3999938964844,346.0,341.6000061035156,344.6000061035156,4552670,341.4999969482422,76.19045889024926,6.0611191382942575,66.66666666666666,127.34987769014316,-0.16618,,
2025-10-30,SBRY,348.0,349.0,344.6000061035156,345.3999938964844,5710053,342.5399963378906,94.25287154725928,6.077667843975005,79.38925340381097,153.76382034132743,0.0,,
2025-10-31,SBRY,341.6000061035156,348.0,341.6000061035156,347.0,6142729,342.8999969482422,57.47128452740707,5.991603828557684,61.43789480822817,83.81756231321168,0.0,-0.972,-0.972
2025-11-03,SBRY,335.6000061035156,342.79998779296875,335.6000061035156,342.0,3198984,342.7799987792969,22.98851381096283,5.736353192568446,51.36611885167304,-9.999618420958386,,,
2025-11-04,SBRY,333.0,335.0,330.3999938964844,333.6000061035156,6604870,342.2799987792969,13.97852285125967,5.333884432484162,44.2622841467177,-101.51543718205004,,,
2025-11-05,SBRY,337.20001220703125,337.9230041503906,332.0,332.0,12182087,341.7200012207031,36.55922623198274,4.915092021966911,49.504958722010166,-54.63372486701011,,,
2025-11-06,SBRY,355.79998779296875,360.3999938964844,326.3999938964844,342.3999938964844,22228754,343.2200012207031,86.47057028377758,4.79357131208196,65.18769340372856,128.4910380951194,,-0.907,-0.907
2025-11-07,SBRY,349.20001220703125,357.0,344.3999938964844,356.6000061035156,5198053,343.74000244140626,67.0588773839614,4.748520787012031,59.68751907348633,148.8018257921816,,-0.945,-0.945
2025-11-10,SBRY,351.0,351.0,342.0,348.20001220703125,7054975,344.1800018310547,72.35295912798713,4.7716568298384265,60.06192330731307,105.24955339776352,,-0.492,-0.492
2025-11-11,SBRY,344.0,353.3999938964844,328.23699951171875,353.20001220703125,9522667,343.98000183105466,51.76472383386948,4.713761580030387,50.89821289395322,8.56779780935098,,,
2025-11-12,SBRY,340.79998779296875,345.20001220703125,324.1849975585937,342.79998779296875,11187253,343.6200012207031,45.87875718488269,4.546314508551388,50.0,-76.77242154072715,,,
2025-11-13,SBRY,326.6000061035156,329.6000061035156,323.20001220703125,327.79998779296875,6534167,341.48000183105466,9.139773037706457,4.082065944992119,38.98734138096344,-205.21166805793084,,-0.56,-0.56
2025-11-14,SBRY,322.0,327.20001220703125,319.3999938964844,324.0,5948703,339.52000122070314,6.341478301257622,3.3734303682594797,34.81480532603524,-207.86311169430323,,,
2025-11-17,SBRY,318.20001220703125,323.79998779296875,318.20001220703125,322.79998779296875,7149397,337.7800018310547,0.0,2.4804502780752973,33.49168413635928,-197.83708879431256,,,
2025-11-18,SBRY,318.3999938964844,322.20001220703125,317.0,318.0,11478794,336.32000122070315,3.225792841868998,1.5162752532430446,34.29950302006348,-169.3532569880161,,,
2025-11-19,SBRY,318.79998779296875,335.2799987792969,317.3999938964844,318.0,6655608,334.47999877929686,4.147437894258687,0.5609460416645049,31.658264100018016,-110.55017182122128,,,
2025-11-20,SBRY,319.79998779296875,322.3999938964844,317.3999938964844,318.0,16454379,330.8799987792969,6.451585683737996,-0.3240829432031229,35.30994499838158,-121.5886937940477,,-0.662,-0.662
2025-11-21,SBRY,322.6000061035156,338.88800048828125,317.79998779296875,318.20001220703125,7239373,328.2199981689453,12.903241684486169,-1.073243118692994,40.84506255249243,-65.68819643297195,,,
2025-11-24,SBRY,325.0,325.3999938964844,321.3999938964844,322.20001220703125,17502335,325.6199981689453,18.433182315834475,-1.6572345032786369,44.350276641269815,-74.11727088246535,,,
2025-11-25,SBRY,322.0,325.3999938964844,315.79998779296875,321.0,15829296,323.4199981689453,13.901370759100704,-2.1511735714029383,39.080437594545415,-84.2147193554998,,,
2025-11-26,SBRY,327.20001220703125,330.20001220703125,321.3999938964844,322.3999938964844,7938205,322.06000061035155,27.66995397180236,-2.474910372599949,24.555159755859165,-43.94945838239888,,-0.742,-0.742
2025-11-27,SBRY,329.20001220703125,331.0,327.20001220703125,328.20001220703125,4791905,322.32000122070315,35.638357018270774,-2.63744721891345,30.620145869361053,-19.02651282308652,,,
2025-11-28,SBRY,322.20001220703125,330.79998779296875,321.0,330.0,3717125,322.3400024414062,17.021338763729865,-2.796096242373198,24.647892621084424,-47.5740974474715,,,
2025-12-01,SBRY,323.6000061035156,325.6000061035156,320.6000061035156,320.6000061035156,5636387,322.8800018310547,26.530652494342835,-2.91528285593637,30.07812383584637,-54.121599174878135,-0.0516,,
2025-12-02,SBRY,326.0,326.3999938964844,323.6000061035156,324.79998779296875,5316383,323.64000244140624,44.17882275810656,-2.958552216018428,35.3174617591459,-34.73198217817503,,,
2025-12-03,SBRY,312.3999938964844,316.0,299.20001220703125,309.79998779296875,12849153,323.0000030517578,33.25938718765763,-3.1622068764295896,35.74295613679232,-152.11182289422172,,,
2025-12-04,SBRY,311.0,314.3970031738281,311.0,312.20001220703125,11106129,322.12000427246096,29.73188691084017,-3.470840797923401,38.19741870924985,-130.90007078321193,0.0,,
2025-12-05,SBRY,312.0,314.6000061035156,311.0,311.3999938964844,4012523,321.0600036621093,32.251540950529645,-3.805229422107698,42.92235852172253,-127.91175073433436,,-0.624,-0.624
2025-12-08,SBRY,308.3999938964844,312.79998779296875,308.20001220703125,311.20001220703125,5540923,319.40000305175784,23.18077102889974,-4.186994497998294,39.40678240067242,-148.65839894226914,-0.1027,,
2025-12-09,SBRY,312.0,313.6000061035156,304.6000061035156,308.0,6789925,318.40000305175784,32.251540950529645,-4.511462457652188,43.25398363192912,-131.0357372096093,,,
2025-12-10,SBRY,317.0,318.6000061035156,313.3999938964844,314.79998779296875,5905024,317.3800018310547,44.84981114897701,-4.692953932987474,47.42648296289648,-48.67048877385654,0.5719,-0.813,-0.813
2025-12-11,SBRY,323.6000061035156,324.20001220703125,319.20001220703125,322.0,8760182,316.82000122070315,76.7295700090785,-4.659321000851704,50.85910634901825,32.10405672225002,0.4939,-0.882,-0.882
2025-12-12,SBRY,321.79998779296875,325.0,319.3999938964844,324.20001220703125,6057198,316.7799987792969,71.06913289738604,-4.510714057451116,47.22221339191009,29.280106583052635,0.20095,,
2025-12-15,SBRY,322.6000061035156,324.0,319.79998779296875,323.0,5654069,316.67999877929685,73.5849147138928,-4.274789198082674,50.54152121713236,28.32066938830169,0.0,,
2025-12-16,SBRY,321.6000061035156,326.20001220703125,320.6000061035156,324.0,8312825,316.23999938964846,70.44025941870709,-4.002714038261208,44.5312486030173,34.3937189923132,,,
2025-12-17,SBRY,323.79998779296875,326.20001220703125,321.20001220703125,322.0,6878222,317.3799987792969,77.84808415132095,-3.6780207819995816,44.74706045802469,46.64088102253413,0.2294,,
2025-12-18,SBRY,324.3999938964844,327.6000061035156,320.20001220703125,325.0,10425931,318.7199981689453,88.73234896213349,-3.319412778994618,52.4444224416623,47.34865188414125,0.21230000000000002,,
2025-12-19,SBRY,322.20001220703125,370.7279968261719,321.20001220703125,325.20001220703125,29932549,319.73999938964846,32.15524682048051,-2.98588030365205,48.47162299478603,204.97784390813896,0.16039999999999996,,
2025-12-22,SBRY,322.20001220703125,322.20001220703125,319.20001220703125,319.20001220703125,4939493,321.1200012207031,32.15524682048051,-2.678743581554804,45.62213634177418,4.760987971398856,,,
2025-12-23,SBRY,323.0,324.6000061035156,321.3999938964844,322.79998779296875,4728543,322.2200012207031,27.824819256424668,-2.3853830842287542,67.32026795625018,25.22062980140427,0.19063333333333332,,
2025-12-24,SBRY,323.20001220703125,324.79998779296875,321.79998779296875,324.79998779296875,1918800,322.8400024414062,28.127281504022832,-2.1074078512152634,70.74830285038095,30.73727136442288,,,
2025-12-29,SBRY,325.0,326.6000061035156,323.0,323.0,3596919,322.98000183105466,30.84925713536778,-1.8201267621180417,71.52317010814537,54.20617656213818,-0.7579,,
2025-12-30,SBRY,326.6000061035156,329.0,323.6000061035156,326.0,3961443,323.4600036621094,33.26881666837419,-1.5123970921421503,82.26951122115712,71.6389346909926,0.0,,
2025-12-31,SBRY,325.0,328.6000061035156,325.0,328.6000061035156,2715400,323.7000030517578,20.234450025658443,-1.2300624496312924,74.80914874633382,66.25019076531365,0.48055135135135135,,
2026-01-02,SBRY,328.0,329.6400146484375,324.3999938964844,325.20001220703125,5677650,324.3400024414062,17.078074871377563,-0.9277785578463535,72.72726126312445,78.16011257743219,,,
2026-01-05,SBRY,328.0,332.0,324.79998779296875,329.79998779296875,6381917,324.7600036621094,17.078074871377563,-0.6267224892017804,62.49997832559124,87.74121798947954,,,
2026-01-06,SBRY,332.6000061035156,338.20001220703125,327.3999938964844,327.6000061035156,7957864,325.5800048828125,26.00527460083661,-0.2673990148104607,76.47064103388799,141.65670935581466,,,
2026-01-07,SBRY,336.6000061035156,338.6000061035156,331.6000061035156,333.20001220703125,8592977,327.02000427246094,33.768046674235656,0.1740361306558759,79.66104763333351,162.94482950602443,,-1.059,-1.059
2026-01-08,SBRY,329.0,332.59100341796875,321.6000061035156,330.3999938964844,11272441,327.7000030517578,19.01876788972732,0.5221461988450397,62.25165295227431,43.69083621626898,,-1.111,-1.111
2026-01-09,SBRY,311.6000061035156,329.0,307.3999938964844,329.0,18832084,326.5600036621093,6.632156412218596,0.5147165945696801,36.56389501145082,-150.89874170908362,,-0.906,-0.906
2026-01-12,SBRY,311.3999938964844,312.3999938964844,303.6000061035156,311.0,5809915,325.3800018310547,11.619575841611166,0.2804668624921671,35.55555555555554,-240.4063598385858,,-0.377,-0.377
2026-01-13,SBRY,308.79998779296875,311.6000061035156,307.0,310.3999938964844,14982656,323.76000061035154,14.857090541294642,-0.1257903929925604,35.242271797202065,-202.6781947572964,,-0.681,-0.681
2026-01-14,SBRY,311.0,312.0,307.20001220703125,310.20001220703125,7646074,322.2,21.142839704241077,-0.5831753435624625,38.23529034632296,-162.27568527489606,,,
2026-01-15,SBRY,316.0,317.6000061035156,310.0,311.6000061035156,9394236,321.3,35.428553989955354,-0.9675280136577298,43.24324961234464,-96.71547554811208,,-0.549,-0.549
2026-01-16,SBRY,314.79998779296875,316.20001220703125,312.20001220703125,315.3999938964844,7411787,319.97999877929686,31.999947684151785,-1.3028973649902489,42.04543878225728,-85.9634958545979,,-0.588,-0.588
2026-01-19,SBRY,317.3999938964844,321.3999938964844,315.0,317.20001220703125,4482225,318.9199981689453,39.428536551339285,-1.5455331600150697,42.91045094789414,-45.018006455840464,,,
2026-01-20,SBRY,314.6000061035156,319.3999938964844,313.3999938964844,319.3999938964844,3695727,317.1199981689453,31.428571428571427,-1.7584755763973372,39.05110464624144,-59.37350526183839,,,
2026-01-21,SBRY,315.0,317.3999938964844,311.6000061035156,315.20001220703125,7937262,314.9599975585937,32.5714111328125,-1.9312543744199784,40.67164816444864,-62.57384655139884,,,
2026-01-22,SBRY,316.0,320.0,310.3999938964844,315.0,5157352,313.6599975585938,35.428553989955354,-2.0494459091313155,38.37210127570483,-49.76020334897269,,,
2026-01-23,SBRY,313.0,317.20001220703125,310.3999938964844,315.3999938964844,5454076,313.7999969482422,26.857125418526785,-2.170419555254393,36.26374547686199,-62.14197738931264,,,
2026-01-26,SBRY,316.6000061035156,319.3999938964844,312.4909973144531,315.20001220703125,4479312,314.3199981689453,37.142857142857146,-2.224412516471564,35.074637063117834,-34.250418151782014,,,
2026-01-27,SBRY,317.6000061035156,317.6000061035156,312.6000061035156,316.0,4692529,315.2,48.29085335750234,-2.212568579743235,31.22531003062612,-33.12073941952176,,,
2026-01-28,SBRY,316.6000061035156,320.6000061035156,312.89801025390625,317.20001220703125,4802454,315.76000061035154,51.18111466081626,-2.170991754194381,35.909107618083866,-22.344134187803544,,-0.35,-0.35
2026-01-29,SBRY,316.0,317.7059936523437,314.0,316.79998779296875,5071428,315.76000061035154,69.66293483292472,-2.1175830734487078,58.08821136979954,-27.26130517649859,,,
2026-01-30,SBRY,320.3999938964844,323.20001220703125,315.6000061035156,316.79998779296875,8254915,316.32000122070315,82.71594937853448,-1.9845324533963384,64.33119904831881,21.66902042296128,,,
2026-02-02,SBRY,323.0,326.6000061035156,322.0,324.0,10253403,316.8800018310547,81.44326166943789,-1.7625338123157217,72.61146682528019,79.7993687235323,,,
2026-02-03,SBRY,326.0,328.0,321.0,323.79998779296875,4935279,318.02000122070314,88.88888888888889,-1.444541391519475,73.29191663586478,111.44273383687654,,,
2026-02-04,SBRY,335.20001220703125,336.6000061035156,325.0,326.3999938964844,9892750,320.0400024414063,94.65651433510148,-0.932978393893094,76.3736254523138,231.77922813524356,,,
2026-02-05,SBRY,334.79998779296875,336.3190002441406,328.4960021972656,336.20001220703125,5759709,321.9200012207031,93.129704305772,-0.3311617958602477,78.08985874490588,222.3422896877164,,,
2026-02-06,SBRY,336.0,337.0,333.0,334.3999938964844,5374937,324.2200012207031,96.24060236637376,0.3155760685021782,77.19295740840053,191.63611424364188,,,
2026-02-09,SBRY,334.20001220703125,339.3999938964844,330.99200439453125,336.3999938964844,7583126,325.98000183105466,82.06902865705818,0.927129629140424,79.5180434948465,152.47123542336,,,
2026-02-10,SBRY,337.79998779296875,338.6000061035156,333.0,334.20001220703125,5466480,328.0,94.48273757408406,1.5398940936045165,81.31864354486584,139.72076580034582,,,
2026-02-11,SBRY,347.3999938964844,347.3999938964844,336.3999938964844,337.79998779296875,10602718,331.0799987792969,100.0,2.270948163767616,84.88885844668346,169.28731673548853,,,
2026-02-12,SBRY,350.20001220703125,350.20001220703125,341.6000061035156,348.79998779296875,11423869,334.5,100.0,3.077317511340484,91.51782551593725,164.49755443149687,,,
2026-02-13,SBRY,352.20001220703125,354.3999938964844,348.0,350.20001220703125,7551964,337.6800018310547,94.73688437338924,3.913516804855615,91.20367001771008,161.06308680739266,,,
2026-02-16,SBRY,353.0,354.6000061035156,349.20001220703125,353.6000061035156,3423352,340.6800018310547,96.16323854310052,4.728421623451547,91.16275438689874,140.61291950586127,,,
2026-02-17,SBRY,354.0,358.0,352.0,353.3999938964844,7428674,343.48000183105466,90.9090909090909,5.492438207166704,93.48833413175778,134.77488461140777,,,
2026-02-18,SBRY,354.6000061035156,356.3999938964844,352.20001220703125,355.3999938964844,5750492,345.4200012207031,91.98114531623484,6.181562388602166,94.88369617288552,119.93375061320272,,,
2026-02-19,SBRY,354.6000061035156,356.6000061035156,351.20001220703125,354.79998779296875,2940813,347.40000305175784,90.81082730679898,6.773531403795953,94.30049191759312,107.1285927967378,,,
2026-02-20,SBRY,355.20001220703125,357.3999938964844,351.3999938964844,354.79998779296875,4270157,349.3200042724609,92.4324654244088,7.267707947775838,93.98904370012755,99.23079861851564,,,
2026-02-23,SBRY,357.20001220703125,358.20001220703125,353.79998779296875,354.79998779296875,8350348,351.62000427246096,96.9879529147034,7.690028769720077,93.82019678674236,96.36070429268966,,,
2026-02-24,SBRY,359.3999938964844,361.7999877929688,357.0,358.79998779296875,5545396,353.7800048828125,92.79367362927871,8.062745353697213,92.3076512673862,100.8712237127744,,,
2026-02-25,SBRY,358.6000061035156,361.2000122070313,354.3999938964844,358.3999938964844,15455565,354.90000610351564,89.6131413469425,8.35369257749907,91.0345575104365,86.33163719990115,,,
2026-02-26,SBRY,352.79998779296875,357.6000061035156,349.17999267578125,356.20001220703125,7627051,355.1600036621094,70.78679287896378,8.46656075640753,75.0,54.67748836433392,,,
2026-02-27,SBRY,349.0,355.3999938964844,343.0,353.3999938964844,12852611,354.8400024414062,55.55557910307952,8.381972113053278,70.78651396437327,24.43254498637737,,-0.395,-0.395
2026-03-02,SBRY,344.0,349.20001220703125,343.3999938964844,349.0,14079368,353.94000244140625,29.921291062072047,8.07917934562347,58.37839487436656,-8.08981526772183,,,
2026-03-03,SBRY,343.20001220703125,345.20001220703125,340.0,343.6000061035156,9788550,352.86000366210936,14.678963297692142,7.624315935763351,42.55321911959976,-41.12943205014385,,-0.418,-0.418
2026-03-04,SBRY,348.20001220703125,352.3999938964844,342.3999938964844,343.20001220703125,8101653,352.2200042724609,37.61475595723057,7.160377006410775,46.71052235314904,-5.683802048916091,,,
2026-03-05,SBRY,347.79998779296875,351.20001220703125,345.79998779296875,348.3999938964844,7700555,351.5400024414063,35.7797805532924,6.692368059074913,42.36106548778343,-8.214278113911028,,,
2026-03-06,SBRY,340.6000061035156,348.3999938964844,337.0,346.79998779296875,23260435,350.0800018310547,14.51616078833834,6.116217142412726,32.386363143763006,-88.05847358810918,,,
2026-03-09,SBRY,336.3999938964844,337.3999938964844,331.6000061035156,337.20001220703125,6610164,348.0,15.894008951154667,5.42153887971489,27.083321743539457,-171.17097042478937,,,
2026-03-10,SBRY,334.79998779296875,337.6000061035156,330.0,336.20001220703125,6367163,345.5399993896484,15.09430702998593,4.651102208533692,24.873069317513767,-178.05968437384604,,-0.637,-0.637
2026-03-11,SBRY,334.3999938964844,337.20001220703125,332.6000061035156,334.79998779296875,5540520,343.1199981689453,13.836464105364378,3.856586726230709,24.623092459088795,-152.54618727817677,,,
2026-03-12,SBRY,341.79998779296875,345.3999938964844,332.3999938964844,333.0,8394502,342.01999816894534,37.10689409628588,3.197901565485876,35.62228386863552,-86.89815473288108,,-0.565,-0.565
2026-03-13,SBRY,346.3999938964844,348.2900085449219,338.1830139160156,340.6000061035156,5224166,341.75999755859374,51.57232764759285,2.72498332960656,39.0243675508704,-37.7408013967131,,,
2026-03-16,SBRY,350.20001220703125,351.6000061035156,344.0,345.3999938964844,3960688,342.3799987792969,64.74360353769018,2.447707643259924,40.94490317580943,7.704791533494068,,,
2026-03-17,SBRY,351.79998779296875,354.20001220703125,350.0,353.0,5797129,343.2399963378906,78.98544555101356,2.3275400215646007,43.41083574980084,45.04549335234624,,-0.584,-0.584
2026-03-18,SBRY,348.0,352.79998779296875,346.3999938964844,352.6000061035156,9871772,343.2199951171875,70.86615876113021,2.246212556007753,45.16130024635573,17.581197059555997,,,
2026-03-19,SBRY,341.79998779296875,347.79998779296875,341.0,344.79998779296875,8857275,342.6199951171875,48.760255540450906,2.0894555215407347,43.07691133939304,-37.49309236076227,,-0.674,-0.674
2026-03-20,SBRY,333.0,345.0,329.79998779296875,343.6000061035156,21059446,341.859994506836,13.114791004827776,1.7484771999400943,40.14336701935077,-108.2533613952862,,,
2026-03-23,SBRY,325.20001220703125,332.3999938964844,322.10400390625,328.79998779296875,7315699,340.7399963378906,9.646085182205944,1.1814778086741486,35.66878702322349,-181.18050582415083,,,
2026-03-24,SBRY,329.79998779296875,329.79998779296875,321.0,328.20001220703125,12881840,340.2399963378906,26.505977582457177,0.5732329316738425,35.25638204117725,-157.37706858176838,,,
2026-03-25,SBRY,332.3999938964844,333.6000061035156,327.79998779296875,332.0,6137385,340.0399963378906,34.33731838830479,0.0111964498575612,38.080489944543935,-101.01061422074667,,,
2026-03-26,SBRY,330.79998779296875,335.0,330.0,331.79998779296875,3076978,338.93999633789065,29.518024667753775,-0.5179673058438223,41.69489544103354,-83.9503532181635,,,
2026-03-27,SBRY,332.0,332.20001220703125,325.6000061035156,332.0,3615440,337.4999969482422,33.132517938262595,-0.978461389026015,46.07143188009637,-92.4182419067435,,,
2026-03-30,SBRY,335.0,337.0,330.79998779296875,331.79998779296875,5288708,335.97999572753906,42.16865919415239,-1.3216814317637775,50.174226772333405,-45.40425164049895,,-0.54,-0.54
2026-03-31,SBRY,339.0,341.20001220703125,334.6000061035156,336.3999938964844,8166850,334.6999969482422,54.21684753533879,-1.506574172992827,53.77049869249622,-4.484135962869262,,,
2026-04-01,SBRY,341.6000061035156,344.6000061035156,338.3999938964844,341.6000061035156,6062164,334.0599975585937,62.0481883411864,-1.5376226797813723,49.822080289493535,32.80988375228098,0.100475,,
2026-04-02,SBRY,346.79998779296875,347.9729919433594,341.6000061035156,343.3999938964844,5572165,334.5599975585937,77.71077803249938,-1.384149762904446,50.35210756809642,77.38782257420768,0.3051333333333333,,
2026-04-07,SBRY,345.1000061035156,350.1000061035156,344.5,350.0,4423099,335.76999816894534,72.5903531397245,-1.1470351540467418,45.3381960681921,83.48275522938839,0.1027,-0.576,-0.576
2026-04-08,SBRY,351.0,355.0,346.135986328125,354.70001220703125,7738755,338.34999694824216,88.23529411764706,-0.7731802107835118,49.32204354190482,110.70835083829829,0.0,,
2026-04-09,SBRY,352.8999938964844,354.5,350.0899963378906,353.0,5127882,340.6599975585938,93.82351146024816,-0.3011416418732354,54.29071682172212,113.41757574934856,,,
2026-04-10,SBRY,351.3999938964844,354.0,350.0,352.20001220703125,4160312,342.5599975585937,89.41174675436581,0.1844462184555548,59.16032290434533,96.1765355930727,,,
2026-04-13,SBRY,351.20001220703125,354.1000061035156,349.29998779296875,351.70001220703125,3870924,344.6,88.82356531479779,0.6494602128194569,70.77630438478411,84.51021002634896,-0.5499,,
2026-04-14,SBRY,348.5,354.1000061035156,345.5,350.70001220703125,4526803,346.25,80.88235294117646,1.032644735564538,80.10338138346529,62.03861798648792,0.0,,
2026-04-15,SBRY,348.5,350.3999938964844,348.29998779296875,349.3999938964844,5358178,347.6,77.8911518727313,1.3420993586996528,77.41939236863112,59.202796154939385,-0.34686666666666666,,
2026-04-16,SBRY,351.6000061035156,357.0,349.5,350.0,7448079,348.8600006103516,82.80256386581982,1.6355192573699444,77.74570195771284,88.61670451162851,-0.2263,,
2026-04-17,SBRY,351.70001220703125,354.8999938964844,346.8999938964844,354.8999938964844,5364951,349.8700012207031,83.12105470325537,1.9013752052026192,81.57105714443769,74.25242569725354,-0.08035000000000003,,
2026-04-20,SBRY,353.0,355.70001220703125,351.79998779296875,352.8999938964844,3213051,350.49000244140626,84.73283154071765,2.152424921844607,81.62655253811026,84.56262153808915,-0.4767,,
2026-04-21,SBRY,351.1000061035156,355.20001220703125,350.29998779296875,352.79998779296875,11025334,351.0900024414062,73.66073435667157,2.3458148339112266,75.07793404198884,68.33151763923497,0.6408,,
2026-04-22,SBRY,353.1000061035156,354.79998779296875,350.29998779296875,351.70001220703125,4858687,351.3000030517578,79.03229775958391,2.5194891241666424,73.4219797934737,68.39547719329248,0.0,,
2026-04-23,SBRY,340.1000061035156,340.1000061035156,327.6000061035156,336.29998779296875,17489609,350.02000427246094,42.5170156293629,2.4585519185858766,48.14814535732747,-84.23667846913455,-0.25388333333333335,-0.113,-0.113
2026-04-24,SBRY,344.5,349.29998779296875,339.0,339.1000061035156,8796779,349.3300048828125,57.4829843706371,2.318354997290493,47.10328637054074,-15.535624578390353,0.3182,-0.576,-0.576
2026-04-27,SBRY,333.0,336.0,327.8999938964844,330.0,12334937,347.5100036621094,18.367329991623237,1.9470691925101693,37.77776407739755,-139.729910406533,0.50935,-2.329,-2.329
2026-04-28,SBRY,327.29998779296875,334.3999938964844,326.1000061035156,332.70001220703125,11162562,345.39000244140624,3.883436655272777,1.355026637666855,25.963470511841194,-169.74909186532594,,-1.109,-1.109
2026-04-29,SBRY,327.20001220703125,329.1000061035156,325.5,326.29998779296875,6807946,343.2600036621094,5.396864149305555,0.6509704457975445,22.94737031466535,-175.23194313940408,-0.0516,,
2026-04-30,SBRY,328.79998779296875,332.1000061035156,325.8999938964844,327.6000061035156,8552549,340.98000183105466,10.476151723710318,-0.0623429520282082,26.260470394388875,-142.1299884600762,0.159225,-0.993,-0.993
2026-05-01,SBRY,328.3999938964844,329.8999938964844,325.8999938964844,328.1000061035156,3226341,338.65,9.206329830109128,-0.7503050970024375,26.150587144682177,-128.82710262922853,0.0,,
2026-05-05,SBRY,320.3999938964844,329.70001220703125,319.5979919433594,328.20001220703125,7815710,335.38999938964844,2.144275119962728,-1.5122386859297636,23.540456522751143,-136.80123641505398,-0.24695,,
2026-05-06,SBRY,323.8999938964844,328.70001220703125,320.8999938964844,321.3999938964844,7605025,332.6699981689453,11.502061457797026,-2.221307171394623,28.268524754039404,-109.44335895750616,0.0,,
2026-05-07,SBRY,319.29998779296875,326.1000061035156,318.3999938964844,325.0,7491665,329.2899963378906,2.4128510849280054,-2.928397894888765,22.203056067829976,-112.49608421932484,,,
2026-05-08,SBRY,314.20001220703125,319.3999938964844,310.8999938964844,318.29998779296875,7651719,326.6999969482422,7.3661092896696,-3.67187485205665,20.285221250322834,-131.0806572238449,,,
2026-05-11,SBRY,308.6000061035156,314.8999938964844,308.6000061035156,313.6000061035156,7334611,323.10999755859376,0.0,-4.480159586131597,17.06228625788465,-136.43583960043688,0.5267,,
2026-05-12,SBRY,304.70001220703125,309.29998779296875,304.70001220703125,308.1000061035156,9177607,320.2799987792969,0.0,-5.338703892753498,16.570577244506282,-142.6309745167634,0.1779,-0.929,-0.929
2026-05-13,SBRY,305.1000061035156,307.70001220703125,299.29998779296875,304.6000061035156,9310771,318.06000061035155,11.60003662109375,-6.165193959443694,14.601731671878966,-138.77650543003332,0.0,,
2026-05-14,SBRY,306.79998779296875,308.8030090332031,305.5,305.79998779296875,5037909,316.01999816894534,15.0,-6.887093135420033,20.53090949551931,-113.67659516752995,,,
2026-05-15,SBRY,302.6000061035156,308.0,300.8999938964844,307.20001220703125,9384791,313.4,8.991872514730755,-7.556904796175822,12.788569167432328,-119.20992107128504,0.0,,
2026-05-18,SBRY,310.1000061035156,310.1000061035156,302.6000061035156,302.8999938964844,6555873,311.57000122070315,30.769277585581797,-8.022074543132845,28.10703697068965,-90.79479912674024,0.2842,,
2026-05-19,SBRY,310.6000061035156,314.6929931640625,309.5,312.6000061035156,7287247,310.5900024414062,34.45125610467523,-8.308332597741583,32.27173799655169,-63.61379354614951,,-0.863,-0.863
2026-05-20,SBRY,310.1000061035156,312.20001220703125,303.6000061035156,304.6000061035156,8639034,309.2100036621094,32.9268667117607,-8.456486986824348,31.99995888149969,-72.02127959440924,,,
2026-05-21,SBRY,315.1000061035156,315.8999938964844,308.3999938964844,308.8999938964844,11251377,308.7900054931641,51.63403646750128,-8.41126805179231,36.54223992124176,-38.57206030592444,0.0,,
2026-05-22,SBRY,309.6000061035156,318.5,309.6000061035156,317.79998779296875,10263285,308.3300048828125,33.881611969305766,-8.315795221198737,33.214278318436016,-36.943097031633,,,
2026-05-26,SBRY,308.1000061035156,314.0,307.20001220703125,311.6000061035156,6801532,308.2800048828125,29.932010214038076,-8.198807310498111,37.57575458658187,-50.82216655093685,,,
2026-05-27,SBRY,306.20001220703125,308.8999938964844,302.8999938964844,306.79998779296875,10920354,308.4300048828125,25.74634216330765,-8.086093416621566,31.52400156729327,-76.22418389146937,,,
2026-05-28,SBRY,303.29998779296875,307.3999938964844,302.79998779296875,306.0,14721208,308.2500030517578,19.900491469504445,-8.009805395491686,32.68396438291013,-84.71573855596918,0.6369,,
2026-05-29,SBRY,296.29998779296875,304.8999938964844,296.29998779296875,303.0,29572166,307.2000030517578,0.0,-8.053772494808133,31.392896570101627,-128.05005143959636,0.6271333333333334,,
2026-06-01,SBRY,300.70001220703125,303.0,297.20001220703125,298.0,8990458,307.0100036621094,19.8199188947694,-8.082252349555281,41.57783057080892,-112.71651796265026,0.7506,,
2026-06-02,SBRY,296.29998779296875,303.0,295.15899658203125,302.20001220703125,10488529,305.6300018310547,4.888355442590457,-8.151310870132948,41.139219316973175,-130.07498335109565,0.0,,
2026-06-03,SBRY,304.6000061035156,304.6000061035156,297.0,297.29998779296875,8275044,305.0300018310547,40.44817333866779,-8.091182719681889,49.54792083316777,-79.35180306092161,0.0,,
2026-06-04,SBRY,295.20001220703125,298.79998779296875,293.70001220703125,294.29998779296875,9378729,303.5400024414063,6.048390073906719,-8.084764854092787,40.79367908908509,-150.8186493201735,-0.11853333333333332,,
2026-06-05,SBRY,300.5,303.4119873046875,299.0199890136719,299.6000061035156,22340244,302.0800018310547,27.419319113119364,-8.009362965348616,48.36193143216797,-74.30170123085387,0.61455,,
2026-06-08,SBRY,301.8999938964844,303.8999938964844,299.8999938964844,302.70001220703125,9400398,301.31000061035155,33.064458571136754,-7.854084875653406,42.931031398345525,-53.45282614905896,0.6486,-0.851,-0.851
2026-06-09,SBRY,303.8999938964844,306.0,301.1000061035156,301.3999938964844,20239099,300.88999938964844,41.12897866967905,-7.60707198464948,44.36974341667273,-20.3399737227728,0.0772,-0.615,-0.615
2026-06-10,SBRY,309.3999938964844,309.3999938964844,304.70001220703125,305.29998779296875,10682496,301.2099975585937,63.30640894067035,-7.210422977744804,49.45735539176489,48.61978472739207,0.4215,-0.259,-0.259
2026-06-11,SBRY,309.8999938964844,312.3999938964844,308.29998779296875,309.1000061035156,15417914,301.8699981689453,65.32253896530592,-6.716366728238079,45.66666090224111,78.7992330467103,0.5859,,
2026-06-12,SBRY,313.79998779296875,314.3999938964844,310.29998779296875,310.70001220703125,7325495,303.6199981689453,97.10141722578751,-6.109626667949504,53.59587135180724,108.53760919362472,-0.765,,
2026-06-15,SBRY,311.79998779296875,316.29998779296875,311.5,316.29998779296875,15972999,304.72999572753906,80.08847406543192,-5.482048651543964,53.14089833510964,101.33943774381808,-0.24695,,
2026-06-16,SBRY,309.5,312.6000061035156,307.1000061035156,312.29998779296875,10151371,306.0499969482422,69.91152593456808,-4.898508748743895,52.782449473636525,49.9231010065198,,,
2026-06-17,SBRY,301.3999938964844,311.70001220703125,301.3999938964844,311.70001220703125,11845696,305.72999572753906,34.07075224561005,-4.491227382654417,48.52713721122459,-13.484572912199576,0.3612,,
2026-06-18,SBRY,302.0,304.1000061035156,294.70001220703125,297.6000061035156,8854384,306.4099945068359,36.72564937695461,-4.195962652253162,54.90534304152384,-71.9211889661875,0.0,0.267,0.267
2026-06-19,SBRY,300.20001220703125,305.1000061035156,300.1000061035156,302.8999938964844,47401805,306.37999572753904,28.76109301659834,-4.005540350369328,49.54954954954955,-45.28398653751701,,,
2026-06-22,SBRY,305.5,306.0,296.8999938964844,300.0,17741900,306.7399963378906,52.212391770507566,-3.797125856769172,58.1560444864332,-24.7616855136297,,,
2026-06-23,SBRY,308.1000061035156,308.79998779296875,303.489990234375,305.0,11140438,307.1599975585938,63.71685598388238,-3.538223641344372,53.45167985284132,45.75876881603687,,,
2026-06-24,SBRY,311.8999938964844,315.29998779296875,306.29998779296875,307.70001220703125,29797553,307.4099975585938,79.62963486241642,-3.1925578686793856,68.51441466740198,108.74536547364256,,,
2026-06-25,SBRY,310.8999938964844,317.5,310.8999938964844,311.70001220703125,6702805,307.50999755859374,71.05258931081099,-2.819308680998016,62.74510390573051,119.3051723475911,0.0,,
2026-06-26,SBRY,315.3999938964844,316.0889892578125,312.0,312.5,9550226,307.6699981689453,90.78944198310823,-2.370116435780855,65.37586704057104,121.14838145189285,0.25,,
2026-06-29,SBRY,315.79998779296875,318.5,313.79998779296875,314.20001220703125,9386440,308.0699981689453,88.65540507617858,-1.8850883093249056,64.06620084626846,124.82529125802996,,,
2026-06-30,SBRY,319.79998779296875,326.70001220703125,318.1000061035156,325.0,15645019,309.09999694824216,78.43742370605469,-1.3349107612358857,62.74510390573051,170.77462369572876,-0.7906,0.201,0.201
