date,title,url,domain,language,neg,neu,pos,compound,ticker
20200101T000000Z,Anchorage man survives botulism after eating home - canned salmon,https://www.adn.com/alaska-news/anchorage/2019/12/31/anchorage-man-survives-botulism-after-eating-home-canned-salmon/,adn.com,English,0,1,0,0,CPI
20200101T000000Z,2020 to have  milestone significance  - Chinadaily . com . cn,http://europe.chinadaily.com.cn/a/202001/01/WS5e0ba22da310cf3e35581d4f.html,europe.chinadaily.com.cn,English,0,0.769,0.231,0.2732,CPI
20200101T000000Z,Gas flaring in Nigeria,https://punchng.com/gas-flaring-in-nigeria/,punchng.com,English,0,1,0,0,CPI
20200101T000000Z,"Suddenly , not so sweet : Rogers Sugar stumbles after move into maple syrup",https://www.theglobeandmail.com/business/article-rogers-sugar-faces-a-bittersweet-future/,theglobeandmail.com,English,0.221,0.779,0,-0.4803,CPI
20200101T000000Z,Elementary school students in Madagascar learn Korean folk tales,http://www.donga.com/en/article/all/20200101/1940957/1/Elementary-school-students-in-Madagascar-learn-Korean-folk-tales,donga.com,English,0,1,0,0,CPI
20200101T001500Z,"Winona police calls for Tuesday , Dec . 31 : $89 . 97 - worth of merchandise taken from Target",https://www.winonadailynews.com/news/local/crime-and-courts/winona-police-calls-for-tuesday-dec--worth-of-merchandise/article_24599387-76d8-5945-8718-af9ef332b2f0.html,winonadailynews.com,English,0,0.881,0.119,0.2263,CPI
20200101T001500Z,California homelessness crisis and possible solutions explained,https://www.abc10.com/article/news/politics/californias-homelessness-crisis-and-possible-solutions-explained/103-ddc0338a-042c-4bc1-a20b-a4361fb7d167,abc10.com,English,0.38,0.463,0.157,-0.5267,CPI
20200101T003000Z,China Xi urges Hong Kong stability in New Year address,https://www.houstonchronicle.com/news/world/article/China-s-Xi-calls-for-Hong-Kong-stability-in-new-14941143.php,houstonchronicle.com,English,0,1,0,0,CPI
20200101T003000Z,"70 Percent Black Baltimore in 2019 Has Homicide Rate of 57 Per 100 , 000",https://www.amren.com/news/2019/12/70-percent-black-baltimore-in-2019-has-homicide-rate-of-57-per-100000/,amren.com,English,0,1,0,0,CPI
20200101T003000Z,347 people were killed in Baltimore this year . The mayor pledges to fight the culture of violence,https://www.wfsb.com/people-were-killed-in-baltimore-this-year-the-mayor-pledges/article_df56e1b2-a6b3-5100-8293-a8364f15883c.html,wfsb.com,English,0.444,0.556,0,-0.9042,CPI
20200101T003000Z,California homelessness crisis and possible solutions explained,https://www.abc10.com/article/news/politics/california-homeless-solutions/103-ddc0338a-042c-4bc1-a20b-a4361fb7d167,abc10.com,English,0.38,0.463,0.157,-0.5267,CPI
20200101T004500Z,"Heartbreak , odd news , record weather : These are Maine top stories of the decade",https://www.wmtw.com/article/heartbreak-and-tragedy-odd-news-record-weather-these-are-maines-top-stories-of-the-decade-2010s/30368921,wmtw.com,English,0.337,0.562,0.101,-0.6369,CPI
20200101T010000Z,2020 to have  milestone significance  - Chinadaily . com . cn,http://usa.chinadaily.com.cn/a/202001/01/WS5e0ba22da310cf3e35581d4f.html,usa.chinadaily.com.cn,English,0,0.769,0.231,0.2732,CPI
20200101T011500Z,Bangladesh also hit global headlines with good news in 2019,http://www.theindependentbd.com/post/230261,theindependentbd.com,English,0,0.756,0.244,0.4404,CPI
20200101T011500Z,Farm and Food : Let begin with what we know,https://journalstar.com/business/agriculture/farm-and-food-let-s-begin-with-what-we-know/article_399281d3-e9c2-5c6c-995b-d90c50c33f01.html,journalstar.com,English,0,1,0,0,CPI
20200101T013000Z,"Chinese president delivers 2020 New Year speech , vowing to achieve first centenary goal",https://www.globalsecurity.org/wmd/library/news/china/2019/china-191231-pladaily01.htm,globalsecurity.org,English,0,1,0,0,CPI
20200101T013000Z,Chinese President Xi Jinping delivers New Year speech,https://www.globalsecurity.org/wmd/library/news/china/2019/china-191231-pdo01.htm,globalsecurity.org,English,0,1,0,0,CPI
20200101T014500Z,Banana & Plantain,https://www.iita.org/cropsnew/banana-plantain/,iita.org,English,0,1,0,0,CPI
20200101T014500Z,Maize,https://www.iita.org/cropsnew/maize/,iita.org,English,0,1,0,0,CPI
20200101T020000Z,"San Joaquin County murder rate has dropped 25 % since 2010 , District Attorney Office says",https://www.abc10.com/article/news/crime/san-joaquin-homicide-rate/103-789654bc-031d-4eb3-a504-630d7813a68d,abc10.com,English,0.266,0.734,0,-0.6908,CPI
20200101T020000Z,2020 to have  milestone significance  - Chinadaily . com . cn,http://www.chinadaily.com.cn/a/202001/01/WS5e0ba22da310cf3e35581d4f.html,chinadaily.com.cn,English,0,0.769,0.231,0.2732,CPI
20200101T020000Z,Gas flaring in Nigeria,https://www.msn.com/en-xl/news/other/gas-flaring-in-nigeria/ar-BBYvDSI,msn.com,English,0,1,0,0,CPI
20200101T021500Z,2020 to have  milestone significance  - Chinadaily . com . cn,http://africa.chinadaily.com.cn/a/202001/01/WS5e0ba22da310cf3e35581d4f.html,africa.chinadaily.com.cn,English,0,0.769,0.231,0.2732,CPI
20200101T021500Z,"Open Forum : December 28 , 2019 | Catallaxy Files",http://catallaxyfiles.com/2019/12/28/open-forum-december-28-2019/comment-page-12/,catallaxyfiles.com,English,0,1,0,0,CPI
20200101T021500Z,Xi says 2020 is crucial in China anti - poverty battle,https://archive.shine.cn/nation/Xi-says-2020-is-crucial-in-Chinas-antipoverty-battle/shdaily.shtml,archive.shine.cn,English,0.539,0.461,0,-0.802,CPI
20200101T023000Z,Xi delivers New Year speech,https://www.thestar.com.my/news/regional/2020/01/01/xi-delivers-new-year-speech,thestar.com.my,English,0,1,0,0,CPI
20200101T024500Z,"Hanukkah machete attack could have been worse had it happened 10 minutes earlier , guest says",https://wtkr.com/2019/12/31/hanukkah-machete-attack-could-have-been-worse-had-it-happened-10-minutes-earlier-guest-says/,wtkr.com,English,0.323,0.677,0,-0.7351,CPI
20200101T030000Z,Vinh Long continues to impress and promises more,https://www.vir.com.vn/vinh-long-continues-to-impress-and-promises-more-72802.html,vir.com.vn,English,0,0.522,0.478,0.6705,CPI
20200101T030000Z,"HEY 2020 , WE FINALLY MEET FACE TO FACE ! ",https://sg.news.yahoo.com/hey-2020-finally-meet-face-004222344.html,sg.news.yahoo.com,English,0,1,0,0,CPI
20200101T031500Z,Nigerian incomes will shrink in 2020 – Rewane – Punch Newspapers,https://punchng.com/nigerians-incomes-will-shrink-in-2020-rewane/,punchng.com,English,0,1,0,0,CPI
20200101T033000Z,Israeli 2019 GDP growth comes in just ahead of forecasts,https://www.haaretz.com/israel-news/business/.premium-israeli-2019-gdp-growth-comes-in-just-ahead-of-forecasts-1.8344322,haaretz.com,English,0,0.776,0.224,0.3818,CPI
20200101T034500Z,"2019 as Nigeria year of gas , uncompleted FIDs | The Guardian Nigeria News - Nigeria and World NewsEnergy The Guardian Nigeria News – Nigeria and World News",https://guardian.ng/energy/2019-as-nigerias-year-of-gas-uncompleted-fids/,guardian.ng,English,0,1,0,0,CPI
20200101T034500Z,Community telecentre gives hope to learners - Malawi Nyasa Times - News from Malawi about Malawi,https://www.nyasatimes.com/community-telecentre-gives-hope-to-learners/,nyasatimes.com,English,0,0.818,0.182,0.4404,CPI
20200301T000000Z,"Slovak Anti - Graft Bloc Wins Big in Election , Exit Poll Shows",https://www.msn.com/en-us/news/world/slovak-anti-graft-bloc-wins-big-in-election-exit-poll-shows/ar-BB10ztgE,msn.com,English,0.153,0.6,0.247,0.34,CPI
20200301T003000Z,Singapore girds itself for worst - case climate crisis,https://www.businesslive.co.za/bt/business-and-economy/2020-03-01-singapore-girds-itself-for-worst-case-climate-crisis/,businesslive.co.za,English,0.577,0.423,0,-0.8481,CPI
20200301T003000Z,Thousands of refugee life jackets attached to Mia pillars,https://www.houstonchronicle.com/news/article/Thousands-of-refugee-life-jackets-attached-to-Mia-15080099.php,houstonchronicle.com,English,0.216,0.784,0,-0.296,CPI
20200301T004500Z,Thousands of refugee life jackets attached to Mia pillars,https://www.seattlepi.com/news/article/Thousands-of-refugee-life-jackets-attached-to-Mia-15080099.php,seattlepi.com,English,0.216,0.784,0,-0.296,CPI
20200301T010000Z,Italy new affliction | Jordan Times,http://www.jordantimes.com/opinion/paola-subacchi/italys-new-affliction,jordantimes.com,English,0,1,0,0,CPI
20200301T011500Z,Thousands of refugee life jackets attached to Mia pillars,https://www.thetelegraph.com/news/article/Thousands-of-refugee-life-jackets-attached-to-Mia-15080099.php,thetelegraph.com,English,0.216,0.784,0,-0.296,CPI
20200301T014500Z,Slovak Anti - Graft Parties Surprise With Resounding Election Win,https://www.msn.com/en-us/news/world/slovak-anti-graft-parties-surprise-with-resounding-election-win/ar-BB10ztgE,msn.com,English,0.145,0.314,0.541,0.743,CPI
20200301T020000Z,Opinion | Is This Coronavirus  the Big One ? - The New York Times,https://www.nytimes.com/2020/02/29/opinion/sunday/coronavirus-outbreak.html,nytimes.com,English,0,1,0,0,CPI
20200301T021500Z,  Falling per capita income in Sindh requires urgent response  | Karachi | thenews . com . pk,https://www.thenews.com.pk/print/621905-falling-per-capita-income-in-sindh-requires-urgent-response,thenews.com.pk,English,0.111,0.764,0.125,0.0516,CPI
20200301T023000Z,"COMMENTARY : Canadian health system is a warning , not a beacon",https://www.fredericksburg.com/opinion/commentary-canadian-health-system-is-a-warning-not-a-beacon/article_57680b62-0753-5095-989e-f940506830b2.html,fredericksburg.com,English,0.255,0.745,0,-0.34,CPI
20200301T024500Z,New VAT rate takes toll on businesses - The Nation Nigeria,https://thenationonlineng.net/new-vat-rate-takes-toll-on-businesses/,thenationonlineng.net,English,0,1,0,0,CPI
20200301T040000Z,"Cars , corruption and love : five things to know about Slovakia",https://www.thenews.com.pk/print/622156-cars-corruption-and-love-five-things-to-know-about-slovakia,thenews.com.pk,English,0,0.682,0.318,0.6369,CPI
20200301T043000Z,Communist Manifesto Remembered : Part - 2 - 10 suggested measures of socialism : China socialism – Countercurrents,https://countercurrents.org/2020/03/communist-manifesto-remembered-part-2-10-suggested-measures-of-socialism-chinas-socialism,countercurrents.org,English,0,1,0,0,CPI
20200301T050000Z,Provide Africa with cheaper credit,https://www.ghanaweb.com/GhanaHomePage/politics/Provide-Africa-with-cheaper-credit-President-881755,ghanaweb.com,English,0,0.606,0.394,0.3818,CPI
20200301T051500Z,  But what about China and India ? ,https://www.nationalobserver.com/2020/02/28/opinion/what-about-china-and-india,nationalobserver.com,English,0,1,0,0,CPI
20200301T054500Z,"Netherlands Generators for Internal Combustion Engines Market , 2020 - 2025 : Analysis , Forecast , Size , Trends & Insights",https://finance.yahoo.com/news/netherlands-generators-internal-combustion-engines-161900175.html,finance.yahoo.com,English,0,1,0,0,CPI
20200301T061500Z,Rethinking human development,https://myrepublica.nagariknetwork.com/news/rethinking-human-development/,myrepublica.nagariknetwork.com,English,0,1,0,0,CPI
20200301T061500Z,Slovak Anti - Graft Bloc Surprises With Decisive Election Win,https://www.msn.com/en-us/news/world/slovak-anti-graft-bloc-surprises-with-decisive-election-win/ar-BB10ztgE,msn.com,English,0.154,0.336,0.51,0.6486,CPI
20200301T063000Z,Is this coronavirus  the Big One ? ,https://gulfnews.com/world/asia/is-this-coronavirus-the-big-one-1.1583038610650,gulfnews.com,English,0,1,0,0,CPI
20200301T071500Z,Counties to share in Bristol casino revenues,https://www.heraldcourier.com/news/counties-to-share-in-bristol-casino-revenues/article_cbfababd-3ed8-502b-833e-bcf2eaf95cf9.html,heraldcourier.com,English,0,0.732,0.268,0.296,CPI
20200301T073000Z,"The Mother of all Elections , tomorrow - Guyana Chronicle",http://guyanachronicle.com/2020/03/01/the-mother-of-all-elections-tomorrow,guyanachronicle.com,English,0,1,0,0,CPI
20200301T074500Z,"If things are so bad , why is Ireland such a success ? ",https://www.independent.ie/opinion/comment/if-things-are-so-bad-why-is-ireland-such-a-success-39002988.html,independent.ie,English,0.277,0.494,0.229,-0.2002,CPI
20200301T074500Z,Foreword to the Tony Blair Institute for Global Change report,https://www.jpost.com/Jpost-Tech/Foreword-to-the-Tony-Blair-Institute-for-Global-Change-report-619356,jpost.com,English,0,1,0,0,CPI
20200301T074500Z,SitNews : Seafood Trade Troubles By LAINE WELCH,http://www.sitnews.us/LaineWelch/022920_fish_factor.html,sitnews.us,English,0.333,0.667,0,-0.4588,CPI
20200301T080000Z,Weve watched the maturity of the suffocating monstrosity of self - interest,http://www.jamaicaobserver.com/the-agenda/we-ve-watched-the-maturity-of-the-suffocating-monstrosity-of-self-interest_188340?profile=1096,jamaicaobserver.com,English,0,0.769,0.231,0.4588,CPI
20200301T084500Z,"In China , Organic Food Is Gaining Ground",https://www.chinafile.com/media/china-organic-food-gaining-ground,chinafile.com,English,0,0.682,0.318,0.4215,CPI
20200301T090000Z,"Israel ,  Start - up Nation , Groans Under Strains of Growth and Neglect",https://www.nytimes.com/2020/03/01/world/middleeast/israel-election-issues.html,nytimes.com,English,0.329,0.506,0.165,-0.3818,CPI
20200301T090000Z,Weve watched the maturity of the suffocating monstrosity of self - interest,http://www.jamaicaobserver.com/the-agenda/we-ve-watched-the-maturity-of-the-suffocating-monstrosity-of-self-interest_188340?profile=1444,jamaicaobserver.com,English,0,0.769,0.231,0.4588,CPI
20200301T090000Z,Thousands of refugee life jackets attached to Mia pillars,https://www.winonadailynews.com/news/state-and-regional/mn/thousands-of-refugee-life-jackets-attached-to-mia-pillars/article_2d214578-f0f1-59cc-84ae-c312fe11c471.html,winonadailynews.com,English,0.216,0.784,0,-0.296,CPI
20200301T091500Z,"Israel ,  startup nation , groans under strains of growth and neglect | World News , The Indian Express",https://indianexpress.com/article/world/israel-startup-nation-groans-under-strains-of-growth-and-neglect-6293951/,indianexpress.com,English,0.263,0.606,0.131,-0.3818,CPI
20200301T091500Z,Global Fluorspar Market Increased Slightly to $1 . 6B and Is to Continue Modest Growth,https://www.globaltrademag.com/global-fluorspar-market-increased-slightly-to-1-6b-and-is-to-continue-modest-growth/,globaltrademag.com,English,0,0.719,0.281,0.5719,CPI
20200301T093000Z,Remove  Africa Risk Premium  from the credit rating structure – Akufo - Addo to Capital Markets,http://businessdayghana.com/remove-africa-risk-premium-from-the-credit-rating-structure-akufo-addo-to-capital-markets/,businessdayghana.com,English,0.126,0.719,0.156,0.128,CPI
20200301T094500Z,Apocalypse now : The Earth has only ten years to reverse climate change blowback,https://www.newindianexpress.com/magazine/2020/mar/01/apocalypse-now-2109450.html,newindianexpress.com,English,0,1,0,0,CPI
20200301T100000Z,"Envoy Anchorage visit reaffirms strong ties between PH , Alaska Asian Journal News",http://www.asianjournal.com/usa/washingtondc/envoys-anchorage-visit-reaffirms-strong-ties-between-ph-alaska/,asianjournal.com,English,0,0.769,0.231,0.5106,CPI
20200301T100000Z,Lee : Let the healthcare market decide,https://qconline.com/opinion/columnists/lee-let-the-healthcare-market-decide/article_c6244198-3262-5393-9406-cd17bdbb1fea.html,qconline.com,English,0,1,0,0,CPI
20200301T101500Z,Lee : Let the healthcare market decide,https://qctimes.com/opinion/columnists/lee-let-the-healthcare-market-decide/article_da1be46f-c33d-5fd7-b42c-3116462fc379.html,qctimes.com,English,0,1,0,0,CPI
20200401T000000Z,"With COVID - 19 testing criteria restricted in Canada , can we be sure we are flattening the curve ? | Canada | News",https://www.saltwire.com/news/canada/with-covid-19-testing-criteria-restricted-in-canada-can-we-be-sure-we-are-flattening-the-curve-432166/,saltwire.com,English,0.119,0.776,0.105,-0.0772,CPI
20200401T000000Z,Roper : Lessons from the Great Depression,http://www.truenorthreports.com/roper-lessons-from-the-great-depression,truenorthreports.com,English,0.314,0.339,0.347,0.1027,CPI
20200401T000000Z,Gov . Bill Lee responds to Kentucky governor call to avoid Tennessee,https://www.theleafchronicle.com/story/news/politics/2020/03/31/gov-bill-lee-tennessee-covid-19-testing-numbers-responding-kentucky-governor/5099151002/,theleafchronicle.com,English,0.18,0.82,0,-0.296,CPI
20200401T000000Z,DCHD shares COVID - 19 insight,https://www.greensburgdailynews.com/news/local_news/dchd-shares-covid-19-insight/article_fe52647e-738a-11ea-9d65-d7c6b72e9e88.html,greensburgdailynews.com,English,0,0.645,0.355,0.296,CPI
20200401T000000Z,"Trump says the federal government is holding back almost 10 , 000 ventilators",https://www.cnn.com/world/live-news/coronavirus-pandemic-03-31-20/h_d7910f7f1f9212668bcb09785128d04e,cnn.com,English,0,1,0,0,CPI
20200401T000000Z,"AP FACT CHECK : Trump misfires on virus death rates , tests",https://reviewtimes.com/national-news/2020/03/31/ap-fact-check-trumps-misfires-on-virus-death-rates-tests/,reviewtimes.com,English,0.302,0.698,0,-0.5994,CPI
20200401T000000Z,"Commercial tenants , landlords brace for first rent day of COVID - 19 crisis – BizWest",https://bizwest.com/2020/03/31/commercial-tenants-landlords-brace-for-first-rent-day-of-covid-19-crisis/,bizwest.com,English,0.255,0.745,0,-0.6249,CPI
20200401T000000Z,"US coronavirus death toll surges past 3 , 000",https://www.telegraphindia.com/world/us-coronavirus-death-toll-surges-past-3-000/cid/1760924,telegraphindia.com,English,0.394,0.606,0,-0.5994,CPI
20200401T000000Z,"Minnesota scrambles for an extra 5 , 000 hospital beds in COVID - 19 fight",https://www.pineandlakes.com/lifestyle/health/5023404-Minnesota-scrambles-for-an-extra-5000-hospital-beds-in-COVID-19-fight,pineandlakes.com,English,0.191,0.809,0,-0.3818,CPI
20200401T001500Z,"Community Scoop » On Buying Ventilators , And Expanding The Testing For Covid - 19",http://community.scoop.co.nz/2020/04/on-buying-ventilators-and-expanding-the-testing-for-covid-19/,community.scoop.co.nz,English,0,0.873,0.127,0.1531,CPI
20200401T001500Z,New Mexico plans increase in daily COVID - 19 testing - New Mexico In Depth,http://nmindepth.com/2020/03/31/new-mexico-plans-increase-in-daily-covid-19-testing/,nmindepth.com,English,0,0.839,0.161,0.3182,CPI
20200401T001500Z,India Coronavirus Lockdown Means Millions Of Migrant Workers Cant Earn A Living : Goats and Soda : NPR,https://www.npr.org/sections/goatsandsoda/2020/03/31/822642382/coronavirus-lockdown-sends-migrant-workers-on-a-long-and-risky-trip-home,npr.org,English,0,1,0,0,CPI
20200401T001500Z,FAST FORWARD TO THAILAND 4 . 0,https://www.bangkokpost.com/business/1881410/fast-forward-to-thailand-4-0,bangkokpost.com,English,0,1,0,0,CPI
20200401T001500Z,Coronavirus Lockdown Sends Migrant Workers On A Long And Risky Trip Home,https://www.wcsufm.org/post/coronavirus-lockdown-sends-migrant-workers-long-and-risky-trip-home,wcsufm.org,English,0.153,0.847,0,-0.2023,CPI
20200401T001500Z,Coronavirus Lockdown Sends Migrant Workers On A Long And Risky Trip Home,https://www.whqr.org/post/coronavirus-lockdown-sends-migrant-workers-long-and-risky-trip-home,whqr.org,English,0.153,0.847,0,-0.2023,CPI
20200401T001500Z,"In one week , Missouri saw a 600 % jump in coronavirus cases the largest increase in the country",https://www.stltoday.com/business/local/in-one-week-missouri-saw-a-600-jump-in-coronavirus-cases-the-largest-increase-in/article_3b3ad75f-a5c8-5457-abaa-9adc9e68f168.html,stltoday.com,English,0,0.867,0.133,0.3182,CPI
20200401T001500Z,Coronavirus Lockdown Sends Migrant Workers On A Long And Risky Trip Home,https://www.peconicpublicbroadcasting.org/post/coronavirus-lockdown-sends-migrant-workers-long-and-risky-trip-home,peconicpublicbroadcasting.org,English,0.153,0.847,0,-0.2023,CPI
20200401T001500Z,"Minnesota scrambles for an extra 5 , 000 hospital beds in COVID - 19 fight",https://www.dl-online.com/lifestyle/health/5023404-Minnesota-scrambles-for-an-extra-5000-hospital-beds-in-COVID-19-fight,dl-online.com,English,0.191,0.809,0,-0.3818,CPI
20200401T001500Z,"Eight new COVID - 19 cases increase Sask . total to 184 , with 21 recovered",https://www.ckom.com/2020/03/31/hold-3/,ckom.com,English,0,0.839,0.161,0.3182,CPI
20200401T001500Z,Reader voices in the time of coronavirus,https://www.gazettenet.com/Rescued-pup-helps-us-acclimate-to-sit-and-stay-33512819,gazettenet.com,English,0,1,0,0,CPI
20200401T001500Z,"CT banks agree to delays for mortgage payments , foreclosures",https://www.newmilfordspectrum.com/news/coronavirus/article/Lamont-Certainly-April-is-going-to-be-a-15168466.php,newmilfordspectrum.com,English,0.264,0.543,0.194,-0.2263,CPI
20200401T001500Z,Gov . Bill Lee responds to Kentucky governor call to avoid Tennessee,https://www.knoxnews.com/story/news/politics/2020/03/31/gov-bill-lee-tennessee-covid-19-testing-numbers-responding-kentucky-governor/5099151002/,knoxnews.com,English,0.18,0.82,0,-0.296,CPI
20200401T003000Z,"AP FACT CHECK : Trump misfires on virus death rates , tests",https://www.southernstandard.com/tennessee-covid-19-updates/ap-fact-check-trumps-misfires-virus-death-rates-tests/,southernstandard.com,English,0.302,0.698,0,-0.5994,CPI
20200401T003000Z,"Coronavirus : Birx and Fauci warn of as many as 240 , 000 COVID - 19 deaths",https://www.courier-journal.com/story/news/politics/2020/03/31/coronavirus-response-tuesday-pelosi-trump/5093205002/,courier-journal.com,English,0.097,0.903,0,-0.1027,CPI
20200401T003000Z,Coronavirus Lockdown Sends Migrant Workers On A Long And Risky Trip Home,https://news.wsiu.org/post/coronavirus-lockdown-sends-migrant-workers-long-and-risky-trip-home,news.wsiu.org,English,0.153,0.847,0,-0.2023,CPI
20200401T003000Z,"Mapping Ohio 2 , 199 coronavirus cases , plus county details",https://www.cleveland.com/coronavirus/2020/03/mapping-ohios-2199-coronavirus-cases-plus-county-details.html,cleveland.com,English,0,1,0,0,CPI
20200401T003000Z,Tanzania traditional cooking banana yields more than expected ! ,https://www.iita.org/news-item/tanzanias-traditional-cooking-banana-yields-more-than-expected/,iita.org,English,0,1,0,0,CPI
20200401T003000Z,Coronavirus Lockdown Sends Migrant Workers On A Long And Risky Trip Home,https://www.wnmufm.org/post/coronavirus-lockdown-sends-migrant-workers-long-and-risky-trip-home,wnmufm.org,English,0.153,0.847,0,-0.2023,CPI
20200401T003000Z,Richard Wilkins has been slammed for using four COVID - 19 tests while asymptomatic,https://www.cairnspost.com.au/richard-wilkins-has-been-slammed-for-using-four-covid19-tests-while-asymptomatic/news-story/052c10d69a637570f3e424d5bee15d19?nk=0055958c100bb247be32cc8976387eed-1585700228,cairnspost.com.au,English,0,1,0,0,CPI
20200401T003000Z,  The whole city laid off : US jobless claims climb sky high amid coronavirus crisis,https://www.fox5atlanta.com/news/the-whole-city-laid-off-us-jobless-claims-climb-sky-high-amid-coronavirus-crisis,fox5atlanta.com,English,0.24,0.76,0,-0.6249,CPI
20200401T003000Z,"Minnesota scrambles for an extra 5 , 000 hospital beds in COVID - 19 fight",https://www.thedickinsonpress.com/lifestyle/health/5023404-Minnesota-scrambles-for-an-extra-5000-hospital-beds-in-COVID-19-fight,thedickinsonpress.com,English,0.191,0.809,0,-0.3818,CPI
20200401T003000Z,Gov . Bill Lee responds to Kentucky governor call to avoid Tennessee,https://www.courier-journal.com/story/news/politics/2020/03/31/gov-bill-lee-tennessee-covid-19-testing-numbers-responding-kentucky-governor/5099151002/,courier-journal.com,English,0.18,0.82,0,-0.296,CPI
20200401T003000Z,Coronavirus Lockdown Sends Migrant Workers On A Long And Risky Trip Home,https://www.northernpublicradio.org/post/coronavirus-lockdown-sends-migrant-workers-long-and-risky-trip-home,northernpublicradio.org,English,0.153,0.847,0,-0.2023,CPI
20200401T003000Z,"CT banks agree to delays for mortgage payments , foreclosures",https://www.trumbulltimes.com/news/coronavirus/article/Lamont-Certainly-April-is-going-to-be-a-15168466.php,trumbulltimes.com,English,0.264,0.543,0.194,-0.2263,CPI
20200401T003000Z,"Sask . COVID - 19 cases climb to 184 , new pandemic response program launched",https://www.thereminder.ca/news/local-news/sask-covid-19-cases-climb-to-184-new-pandemic-response-program-launched-1.24109865,thereminder.ca,English,0,0.88,0.12,0.128,CPI
20200401T003000Z,"CT banks agree to delays for mortgage payments , foreclosures",https://www.middletownpress.com/news/coronavirus/article/Lamont-Certainly-April-is-going-to-be-a-15168466.php,middletownpress.com,English,0.264,0.543,0.194,-0.2263,CPI
20200401T004500Z,"Minnesota scrambles for an extra 5 , 000 hospital beds in COVID - 19 fight",https://www.theosakisreview.com/lifestyle/health/5023404-Minnesota-scrambles-for-an-extra-5000-hospital-beds-in-COVID-19-fight,theosakisreview.com,English,0.191,0.809,0,-0.3818,CPI
20200401T004500Z,Coronavirus Lockdown Sends Migrant Workers On A Long And Risky Trip Home,https://www.wprl.org/post/coronavirus-lockdown-sends-migrant-workers-long-and-risky-trip-home,wprl.org,English,0.153,0.847,0,-0.2023,CPI
20200401T004500Z,"Minnesota scrambles for an extra 5 , 000 hospital beds in COVID - 19 fight",https://www.superiortelegram.com/lifestyle/health/5023404-Minnesota-scrambles-for-an-extra-5000-hospital-beds-in-COVID-19-fight,superiortelegram.com,English,0.191,0.809,0,-0.3818,CPI
20200401T004500Z,How stressful is living in Florida ? See how we ranked in this study - News - The Times,https://www.apalachtimes.com/news/20200331/how-stressful-is-living-in-florida-see-how-we-ranked-in-this-study,apalachtimes.com,English,0.18,0.82,0,-0.5106,CPI
20200401T004500Z,"Coping with a dual shock : COVID - 19 and oil prices | VOX , CEPR Policy Portal",https://voxeu.org/article/coping-dual-shock-covid-19-and-oil-prices,voxeu.org,English,0.178,0.822,0,-0.3818,CPI
20200401T004500Z,"Glendale now has 76 confirmed coronavirus cases , becoming one of highest infected cities in the county",https://www.latimes.com/socal/glendale-news-press/news/story/2020-03-31/glendale-coronavirus-62-cases-third-highest-in-county,latimes.com,English,0.176,0.824,0,-0.4939,CPI
20200401T004500Z,"Minnesota scrambles for an extra 5 , 000 hospital beds in COVID - 19 fight",https://www.perhamfocus.com/lifestyle/health/5023404-Minnesota-scrambles-for-an-extra-5000-hospital-beds-in-COVID-19-fight,perhamfocus.com,English,0.191,0.809,0,-0.3818,CPI
20200401T004500Z,Governor Greg Abbott extends order ; schools closed until at least May 4,https://www.ktre.com/2020/03/31/governor-greg-abbott-extends-order-schools-closed-until-least-may/,ktre.com,English,0,0.87,0.13,0.128,CPI
20200401T010000Z,"Minnesota scrambles for an extra 5 , 000 hospital beds in COVID - 19 fight",https://www.westfargopioneer.com/lifestyle/health/5023404-Minnesota-scrambles-for-an-extra-5000-hospital-beds-in-COVID-19-fight,westfargopioneer.com,English,0.191,0.809,0,-0.3818,CPI
20200401T010000Z,Coronavirus Lockdown Sends Migrant Workers On A Long And Risky Trip Home,https://www.wuwf.org/post/coronavirus-lockdown-sends-migrant-workers-long-and-risky-trip-home,wuwf.org,English,0.153,0.847,0,-0.2023,CPI
20200401T010000Z,  On our own now : U . S . strategic stockpile empty of medical supplies,https://www.metro.us/on-our-own-now/,metro.us,English,0.167,0.833,0,-0.2023,CPI
20200401T010000Z,"AP FACT CHECK : Trump misfires on virus death rates , tests",https://www.ourmidland.com/news/medical/article/AP-FACT-CHECK-Trump-s-misfires-on-virus-death-15169418.php,ourmidland.com,English,0.302,0.698,0,-0.5994,CPI
20200401T010000Z,24 new coronavirus cases announced Tuesday in Wyoming ; total reaches 120,https://www.kpvi.com/news/national_news/24-new-coronavirus-cases-announced-tuesday-in-wyoming-total-reaches-120/article_fd2372b3-9020-5937-9c59-db5fc0a91d7c.html,kpvi.com,English,0,0.893,0.107,0.0516,CPI
20200401T010000Z,"With COVID - 19 testing criteria restricted in Canada , can we be sure we are flattening the curve ? | Canada | News",https://www.thechronicleherald.ca/news/canada/with-covid-19-testing-criteria-restricted-in-canada-can-we-be-sure-we-are-flattening-the-curve-432166/,thechronicleherald.ca,English,0.119,0.776,0.105,-0.0772,CPI
20200401T010000Z,Covid 19 coronavirus : Testing to be ramped up to 5000 a day – a 35 % increase,https://www.nzherald.co.nz/politics/news/article.cfm?c_id=280&objectid=12321442,nzherald.co.nz,English,0,0.839,0.161,0.3182,CPI
20200401T010000Z,US COVID - 19 deaths top China ; data show impact on those with chronic disease,http://www.cidrap.umn.edu/news-perspective/2020/03/us-covid-19-deaths-top-chinas-data-show-impact-those-chronic-disease,cidrap.umn.edu,English,0,0.878,0.122,0.2023,CPI
20200401T010000Z,Magnitude 6 . 5 earthquake strikes in Idaho,https://www.sfgate.com/news/us/article/Magnitude-6-5-earthquake-strikes-in-Idaho-15170267.php,sfgate.com,English,0.385,0.615,0,-0.3612,CPI
20200401T010000Z,Empower Women and Girls | Initiatives,https://www.worldwildlife.org/initiatives/empower-women-and-girls,worldwildlife.org,English,0,1,0,0,CPI
20200401T010000Z,Coronavirus Lockdown Sends Migrant Workers On A Long And Risky Trip Home,https://wfuv.org/content/coronavirus-lockdown-sends-migrant-workers-long-and-risky-trip-home,wfuv.org,English,0.153,0.847,0,-0.2023,CPI
20200401T010000Z,Make Tandoor the Focal Point ! | Daily times,https://dailytimes.com.pk/586616/make-tandoor-the-focal-point/,dailytimes.com.pk,English,0,1,0,0,CPI
20200401T010000Z,Louisiana pastor charged with defying coronavirus order against large gatherings,https://www.nbcnews.com/news/us-news/louisiana-pastor-charged-defying-coronavirus-order-against-large-gatherings-n1173246?cid=public-rss_20200401,nbcnews.com,English,0.167,0.833,0,-0.2023,CPI
20200401T010000Z,"Minnesota scrambles for an extra 5 , 000 hospital beds in COVID - 19 fight",https://www.parkrapidsenterprise.com/lifestyle/health/5023404-Minnesota-scrambles-for-an-extra-5000-hospital-beds-in-COVID-19-fight,parkrapidsenterprise.com,English,0.191,0.809,0,-0.3818,CPI
20200401T010000Z,The Latest : WHO warns  far from over  in Asia and Pacific,https://ktar.com/story/3051854/the-latest-coronavirus-cases-in-africa-near-5000/,ktar.com,English,0.123,0.877,0,-0.1027,CPI
20200401T010000Z,Coronavirus Lockdown Sends Migrant Workers On A Long And Risky Trip Home,https://www.wyomingpublicmedia.org/post/coronavirus-lockdown-sends-migrant-workers-long-and-risky-trip-home,wyomingpublicmedia.org,English,0.153,0.847,0,-0.2023,CPI
20200401T010000Z,Coronavirus Lockdown Sends Migrant Workers On A Long And Risky Trip Home,https://www.wknofm.org/post/coronavirus-lockdown-sends-migrant-workers-long-and-risky-trip-home,wknofm.org,English,0.153,0.847,0,-0.2023,CPI
20200401T011500Z,Coronavirus Lockdown Sends Migrant Workers On A Long And Risky Trip Home,https://knpr.org/npr/2020-03/coronavirus-lockdown-sends-migrant-workers-long-and-risky-trip-home,knpr.org,English,0.153,0.847,0,-0.2023,CPI
20200401T011500Z,Gov . Bill Lee responds to Kentucky governor call to avoid Tennessee,https://www.commercialappeal.com/story/news/politics/2020/03/31/gov-bill-lee-tennessee-covid-19-testing-numbers-responding-kentucky-governor/5099151002/,commercialappeal.com,English,0.18,0.82,0,-0.296,CPI
20200401T011500Z,Magnitude 6 . 5 earthquake strikes in Idaho,https://www.bdtonline.com/news/magnitude-6-5-earthquake-strikes-in-idaho/article_33f9055c-5752-58de-b698-ce436f55be6c.html,bdtonline.com,English,0.385,0.615,0,-0.3612,CPI
20200401T011500Z,Magnitude 6 . 5 earthquake strikes in Idaho,https://www.chron.com/neighborhood/news/us/article/Magnitude-6-5-earthquake-strikes-in-Idaho-15170267.php,chron.com,English,0.385,0.615,0,-0.3612,CPI
20200401T011500Z,COMMENTARY : Covid - 19 and toilet paper hoarding ... - The Cherokee One Feather,https://www.theonefeather.com/2020/03/commentary-covid-19-and-toilet-paper-hoarding/,theonefeather.com,English,0,1,0,0,CPI
20200401T011500Z,Coronavirus Lockdown Sends Migrant Workers On A Long And Risky Trip Home,https://www.wjsu.org/post/coronavirus-lockdown-sends-migrant-workers-long-and-risky-trip-home,wjsu.org,English,0.153,0.847,0,-0.2023,CPI
20200401T011500Z,"Minnesota scrambles for an extra 5 , 000 hospital beds in COVID - 19 fight",https://www.dglobe.com/lifestyle/health/5023404-Minnesota-scrambles-for-an-extra-5000-hospital-beds-in-COVID-19-fight,dglobe.com,English,0.191,0.809,0,-0.3818,CPI
20200401T011500Z,Magnitude 6 . 5 earthquake strikes in Idaho,https://www.ksl.com/article/46736848/65-earthquake-hits-idaho-felt-across-western-states,ksl.com,English,0.385,0.615,0,-0.3612,CPI
20200401T011500Z,Magnitude 6 . 5 earthquake strikes in Idaho,https://www.nhregister.com/news/us/article/Magnitude-6-5-earthquake-strikes-in-Idaho-15170267.php,nhregister.com,English,0.385,0.615,0,-0.3612,CPI
20200401T011500Z,Magnitude 6 . 5 earthquake strikes in Idaho,https://www.wvtm13.com/article/magnitude-65-earthquake-strikes-in-idaho/31998124,wvtm13.com,English,0.385,0.615,0,-0.3612,CPI
20200401T011500Z,Magnitude 6 . 5 earthquake strikes in Idaho,https://www.4029tv.com/article/magnitude-65-earthquake-strikes-in-idaho/31998124,4029tv.com,English,0.385,0.615,0,-0.3612,CPI
20200401T011500Z,Magnitude 6 . 5 earthquake strikes in Idaho,https://www.thehour.com/news/us/article/Magnitude-6-5-earthquake-strikes-in-Idaho-15170267.php,thehour.com,English,0.385,0.615,0,-0.3612,CPI
20200401T011500Z,Magnitude 6 . 5 earthquake strikes in Idaho,http://www.bcdemocrat.com/2020/03/31/us-idaho-earthquake/,bcdemocrat.com,English,0.385,0.615,0,-0.3612,CPI
20200401T011500Z,Magnitude 6 . 5 Earthquake Strikes in Idaho,https://www.nbcmiami.com/news/national-international/magnitude-6-5-earthquake-strikes-in-idaho/2213804/,nbcmiami.com,English,0.385,0.615,0,-0.3612,CPI
20200401T011500Z,Coronavirus Lockdown Sends Migrant Workers On A Long And Risky Trip Home,https://news.wfsu.org/post/coronavirus-lockdown-sends-migrant-workers-long-and-risky-trip-home,news.wfsu.org,English,0.153,0.847,0,-0.2023,CPI
20200401T011500Z,Magnitude 6 . 5 earthquake strikes in Idaho,https://www.michigansthumb.com/news/us/article/Magnitude-6-5-earthquake-strikes-in-Idaho-15170267.php,michigansthumb.com,English,0.385,0.615,0,-0.3612,CPI
20200401T011500Z,Ontario trailing Quebec and Alberta in COVID - 19 testing per capita,https://www.cp24.com/news/ontario-conducting-far-fewer-covid-19-tests-per-capita-than-other-provinces-1.4876436,cp24.com,English,0,1,0,0,CPI
20200401T011500Z,Magnitude 6 . 5 earthquake strikes in Idaho,https://www.registercitizen.com/news/us/article/Magnitude-6-5-earthquake-strikes-in-Idaho-15170267.php,registercitizen.com,English,0.385,0.615,0,-0.3612,CPI
20200401T011500Z,Magnitude 6 . 5 earthquake strikes in Idaho,https://www.expressnews.com/news/us/article/Magnitude-6-5-earthquake-strikes-in-Idaho-15170267.php,expressnews.com,English,0.385,0.615,0,-0.3612,CPI
20200401T011500Z,"Answering Your Coronavirus Questions : Staying Healthy , Impact On Immigration",https://news.stlpublicradio.org/post/answering-your-coronavirus-questions-staying-healthy-impact-immigration,news.stlpublicradio.org,English,0,0.748,0.252,0.4019,CPI
20200401T011500Z,"Commercial tenants , landlords brace for first rent day of COVID - 19 crisis",https://www.greeleytribune.com/news/commercial-tenants-landlords-brace-for-first-rent-day-of-covid-19-crisis/,greeleytribune.com,English,0.272,0.728,0,-0.6249,CPI
20200401T011500Z,Magnitude 6 . 5 earthquake strikes in Idaho,https://www.seattlepi.com/news/us/article/Magnitude-6-5-earthquake-strikes-in-Idaho-15170267.php,seattlepi.com,English,0.385,0.615,0,-0.3612,CPI
20200401T011500Z,Coronavirus Lockdown Sends Migrant Workers On A Long And Risky Trip Home,https://www.iowapublicradio.org/post/coronavirus-lockdown-sends-migrant-workers-long-and-risky-trip-home,iowapublicradio.org,English,0.153,0.847,0,-0.2023,CPI
20200401T011500Z,Magnitude 6 . 5 earthquake strikes in Idaho,https://www.ctpost.com/news/us/article/Magnitude-6-5-earthquake-strikes-in-Idaho-15170267.php,ctpost.com,English,0.385,0.615,0,-0.3612,CPI
20200401T011500Z,Magnitude 6 . 5 earthquake strikes in Idaho,https://mynorthwest.com/1797391/magnitude-6-5-earthquake-strikes-in-idaho/,mynorthwest.com,English,0.385,0.615,0,-0.3612,CPI
20200401T011500Z,Mormon church suspends temple activities over virus,https://www.thetelegraph.com/news/us/article/Summit-County-issues-stay-home-order-to-handle-15157506.php,thetelegraph.com,English,0,1,0,0,CPI
20200401T011500Z,Magnitude 6 . 5 earthquake strikes in Idaho,https://www.wlwt.com/article/magnitude-65-earthquake-strikes-in-idaho/31998124,wlwt.com,English,0.385,0.615,0,-0.3612,CPI
20200401T013000Z,Finding the  New Normal  Amidst the COVID - 19 Pandemic,https://www.theepochtimes.com/finding-the-new-normal-amidst-the-covid-19-pandemic_3293339.html,theepochtimes.com,English,0,1,0,0,CPI
20200401T013000Z,Coronavirus : Thailand province bans selling alcohol to curb pandemic,https://www.news.com.au/travel/travel-updates/health-safety/coronavirus-thailand-province-bans-selling-alcohol-to-curb-pandemic/news-story/1fcee642cd23b50017b293b2fb8aa016,news.com.au,English,0,1,0,0,CPI
20200401T013000Z,U . S . faces unparalleled challenge in evacuating diplomats amid coronavirus,https://www.nbcnews.com/politics/national-security/u-s-faces-unparalleled-challenge-evacuating-diplomats-amid-coronavirus-crisis-n1173186?cid=public-rss_20200401,nbcnews.com,English,0,0.843,0.157,0.0772,CPI
20200401T013000Z,  On our own now : U . S . strategic stockpile empty of medical supplies,https://in.reuters.com/article/us-health-coronavirus-usa-stockpile/on-our-own-now-u-s-strategic-stockpile-empty-of-medical-supplies-idINKBN21I3FE,in.reuters.com,English,0.167,0.833,0,-0.2023,CPI
20200401T013000Z,Xi stresses green model of growth,http://www.ecns.cn/news/2020-04-01/detail-ifzuwwmz9246481.shtml,ecns.cn,English,0.312,0.417,0.271,-0.1027,CPI
20200401T013000Z,Magnitude 6 . 5 earthquake strikes in Idaho,https://www.ksbw.com/article/magnitude-65-earthquake-strikes-in-idaho/31998124,ksbw.com,English,0.385,0.615,0,-0.3612,CPI
20200401T013000Z,Magnitude 6 . 5 earthquake strikes in Idaho,https://www.bgdailynews.com/news/national/magnitude-6-5-earthquake-strikes-in-idaho/article_994fc24d-f0e7-5d78-a188-935e3a29423e.html,bgdailynews.com,English,0.385,0.615,0,-0.3612,CPI
20200401T013000Z,Idaho rattled by magnitude 6 . 5 earthquake,https://www.marketwatch.com/story/idaho-rattled-by-magnitude-65-earthquake-2020-03-31,marketwatch.com,English,0,1,0,0,CPI
20200401T013000Z,Magnitude 6 . 5 Earthquake Strikes in Idaho,https://www.nbcbayarea.com/news/national-international/magnitude-6-5-earthquake-strikes-in-idaho/2265139/,nbcbayarea.com,English,0.385,0.615,0,-0.3612,CPI
20200401T013000Z,Magnitude 6 . 5 earthquake rocks Idaho,https://www.staradvertiser.com/2020/03/31/news/magnitude-6-5-earthquake-rocks-idaho/,staradvertiser.com,English,0,1,0,0,CPI
20200401T013000Z,"Shutdowns and stay - at - home orders may be slowing spread of coronavirus , new data show",https://www.bostonglobe.com/2020/04/01/nation/shutdowns-stay-at-home-orders-may-be-slowing-spread-coronavirus-new-data-show/,bostonglobe.com,English,0,1,0,0,CPI
20200401T013000Z,Beloved Author Dies ; Coronavirus Causes Wedding Change : CT News,https://patch.com/connecticut/greenwich/beloved-author-dies-coronavirus-changes-wedding-plans-ct-news,patch.com,English,0,0.708,0.292,0.5106,CPI
20200401T013000Z,"Magnitude 6 . 5 earthquake strikes north of Boise , Idaho , U . S . Geological Survey reports",https://www.fox5dc.com/news/magnitude-6-5-earthquake-strikes-north-of-boise-idaho-u-s-geological-survey-reports,fox5dc.com,English,0.217,0.783,0,-0.3612,CPI
20200401T013000Z,  On our own now : U . S . strategic stockpile empty of medical supplies | News,https://kelo.com/news/articles/2020/mar/31/us-strategic-stockpile-of-medical-supplies-now-empty-connecticut-governor/1001581/,kelo.com,English,0.153,0.847,0,-0.2023,CPI
20200401T013000Z,County - by - County COVID - 19 tracker,https://www.fox19.com/2020/03/31/county-by-county-covid-tracker/,fox19.com,English,0,1,0,0,CPI
20200401T013000Z,Magnitude 6 . 5 earthquake strikes in Idaho,https://www.wisn.com/article/magnitude-65-earthquake-strikes-in-idaho/31998124,wisn.com,English,0.385,0.615,0,-0.3612,CPI
20200401T013000Z,"Minnesota scrambles for an extra 5 , 000 hospital beds in COVID - 19 fight",https://www.postbulletin.com/life/health/minnesota-scrambles-for-an-extra-5-000-hospital-beds-in-covid-19-fight/article_de3ce81e-736f-11ea-b74c-63dc9b46c7dd.html,postbulletin.com,English,0.191,0.809,0,-0.3818,CPI
20200401T014500Z,"The Virus Crisis : No Good Choices , Just Bad and Worse",http://www.frontpagemag.com/fpm/2020/04/virus-crisis-no-good-choices-just-bad-and-worse-bruce-thornton/,frontpagemag.com,English,0.62,0.24,0.139,-0.875,CPI
20200401T014500Z,Experts : Florida slow action on coronavirus may be costly - South Florida Sun - Sentinel,http://www.sun-sentinel.com/coronavirus/fl-ne-coronavirus-florida-numbers-projection-20200401-7mk7nl6s6ncpvhi2g5dkb4xx2e-htmlstory.html,sun-sentinel.com,English,0.104,0.896,0,-0.1027,CPI
20200401T014500Z,Magnitude 6 . 5 earthquake strikes in Idaho,https://apnews.com/ee4018c9240bd4768dbea25c40712198,apnews.com,English,0.385,0.615,0,-0.3612,CPI
20200401T014500Z,Magnitude 6 . 5 earthquake strikes in Idaho,https://www.ksl.com/article/46736848/magnitude-65-earthquake-strikes-in-idaho,ksl.com,English,0.385,0.615,0,-0.3612,CPI
20200401T014500Z,Magnitude 6 . 5 earthquake strikes in Idaho,https://www.bozemandailychronicle.com/ap_news/montana/magnitude-6-5-earthquake-strikes-in-idaho/article_b5f4b079-8587-553b-b8fa-fd810c6978ed.html,bozemandailychronicle.com,English,0.385,0.615,0,-0.3612,CPI
20200401T014500Z,Magnitude 6 . 5 earthquake strikes in Idaho,http://www.dailyjournal.net/2020/03/31/us-idaho-earthquake/,dailyjournal.net,English,0.385,0.615,0,-0.3612,CPI
20200401T014500Z,Magnitude 6 . 5 earthquake strikes in Idaho,https://www.chron.com/news/us/article/Magnitude-6-5-earthquake-strikes-in-Idaho-15170267.php,chron.com,English,0.385,0.615,0,-0.3612,CPI
20200401T014500Z,Coronavirus Lockdown Sends Migrant Workers On A Long And Risky Trip Home,https://www.wesm913.org/post/coronavirus-lockdown-sends-migrant-workers-long-and-risky-trip-home,wesm913.org,English,0.153,0.847,0,-0.2023,CPI
20200401T014500Z,"Around the world ,  essential  is in the eye of the beholder",https://www.lagrandeobserver.com/business/around-the-world-essential-is-in-the-eye-of-the-beholder/article_86ce0bdd-a101-5071-b9db-bc8466bc31bd.html,lagrandeobserver.com,English,0,1,0,0,CPI
20200401T014500Z,Magnitude 6 . 5 earthquake strikes in Idaho,https://www.wcvb.com/article/magnitude-65-earthquake-strikes-in-idaho/31998124,wcvb.com,English,0.385,0.615,0,-0.3612,CPI
20200401T014500Z,"Is Indonesia a camel - wannabe , a  pandamel  or a panda in denial ? ",https://www.thejakartapost.com/academia/2020/04/01/is-indonesia-a-camel-wannabe-a-pandamel-or-a-panda-in-denial.html,thejakartapost.com,English,0,1,0,0,CPI
20200401T014500Z,Magnitude 6 . 5 earthquake strikes in Idaho,https://www.greenwichtime.com/news/us/article/Magnitude-6-5-earthquake-strikes-in-Idaho-15170267.php,greenwichtime.com,English,0.385,0.615,0,-0.3612,CPI
20200401T014500Z,"With COVID - 19 testing criteria restricted in Canada , can we be sure we are flattening the curve ? | Canada | News",https://www.capebretonpost.com/news/canada/with-covid-19-testing-criteria-restricted-in-canada-can-we-be-sure-we-are-flattening-the-curve-432166/,capebretonpost.com,English,0.119,0.776,0.105,-0.0772,CPI
20200401T014500Z,Magnitude 6 . 5 Earthquake Strikes in Idaho,https://www.nbcdfw.com/news/national-international/magnitude-6-5-earthquake-strikes-in-idaho/2343034/,nbcdfw.com,English,0.385,0.615,0,-0.3612,CPI
20200401T014500Z,Magnitude 6 . 5 earthquake hits Idaho ; people report feeling it in eastern Oregon,https://www.kptv.com/news/magnitude-6-5-earthquake-hits-idaho-people-report-feeling-it-in-eastern-oregon/article_910e17f8-73af-11ea-b596-8f3be1a6a844.html,kptv.com,English,0,0.87,0.13,0.128,CPI
20200401T014500Z,Magnitude 6 . 5 earthquake strikes in Idaho,https://www.ketv.com/article/magnitude-65-earthquake-strikes-in-idaho/31998124,ketv.com,English,0.385,0.615,0,-0.3612,CPI
20200401T014500Z,  On our own now : U . S . strategic stockpile empty of medical supplies | News,https://wtaq.com/news/articles/2020/mar/31/us-strategic-stockpile-of-medical-supplies-now-empty-connecticut-governor/1001581/,wtaq.com,English,0.153,0.847,0,-0.2023,CPI
20200401T014500Z,Magnitude 6 . 5 earthquake strikes in Idaho,https://www.washingtontimes.com/news/2020/mar/31/magnitude-65-earthquake-strikes-in-idaho/,washingtontimes.com,English,0.385,0.615,0,-0.3612,CPI
20200401T014500Z,Magnitude 6 . 5 earthquake strikes in Idaho,https://www.fairfieldcitizenonline.com/news/us/article/Magnitude-6-5-earthquake-strikes-in-Idaho-15170267.php,fairfieldcitizenonline.com,English,0.385,0.615,0,-0.3612,CPI
20200401T014500Z,Magnitude 6 . 5 earthquake strikes in Idaho,https://www.ksl.com/article/46736851/magnitude-65-earthquake-strikes-in-idaho,ksl.com,English,0.385,0.615,0,-0.3612,CPI
20200401T014500Z,"US coronavirus death toll rises past 3 , 000 on deadliest day",https://www.globalsecurity.org/security/library/news/2020/03/sec-200331-presstv06.htm,globalsecurity.org,English,0.302,0.698,0,-0.5994,CPI
20200401T020000Z,Hawaii geography and widespread testing are advantages in the COVID fight,https://www.staradvertiser.com/2020/03/31/breaking-news/hawaiis-geography-and-widespread-testing-are-advantages-in-the-covid-fight/,staradvertiser.com,English,0.184,0.638,0.177,-0.0258,CPI
20200401T020000Z,Magnitude 6 . 5 earthquake strikes in Idaho | US | The Journal Gazette,https://www.journalgazette.net/news/us/20200331/magnitude-65-earthquake-strikes-in-idaho,journalgazette.net,English,0.238,0.762,0,-0.3612,CPI
20200401T020000Z,Magnitude 6 . 5 earthquake strikes in Idaho,https://www.eagletribune.com/region/magnitude-6-5-earthquake-strikes-in-idaho/article_a5ba9b68-9d01-5d5e-852f-916961c45d8c.html,eagletribune.com,English,0.385,0.615,0,-0.3612,CPI
20200401T020000Z,Coronavirus Lockdown Sends Migrant Workers On A Long And Risky Trip Home,https://www.wfae.org/post/coronavirus-lockdown-sends-migrant-workers-long-and-risky-trip-home,wfae.org,English,0.153,0.847,0,-0.2023,CPI
20200401T020000Z,Coronavirus Lockdown Sends Migrant Workers On A Long And Risky Trip Home,https://www.wemu.org/post/coronavirus-lockdown-sends-migrant-workers-long-and-risky-trip-home,wemu.org,English,0.153,0.847,0,-0.2023,CPI
20200401T020000Z,Coronavirus Lockdown Sends Migrant Workers On A Long And Risky Trip Home,https://www.wamc.org/post/coronavirus-lockdown-sends-migrant-workers-long-and-risky-trip-home,wamc.org,English,0.153,0.847,0,-0.2023,CPI
20200401T020000Z,"Ontario , B . C ., Quebec begin building makeshift hospitals in preparation for rise in COVID - 19 patients",https://www.theglobeandmail.com/canada/article-ontario-bc-quebec-begin-building-makeshift-hospitals-in/,theglobeandmail.com,English,0,1,0,0,CPI
20200401T020000Z,Magnitude 6 . 5 earthquake strikes in Idaho,https://www.mysanantonio.com/news/us/article/Magnitude-6-5-earthquake-strikes-in-Idaho-15170267.php,mysanantonio.com,English,0.385,0.615,0,-0.3612,CPI
20200401T020000Z,Georgia soon to have better access to COVID - 19 testing,https://www.ajc.com/news/georgia-will-have-better-access-covid-testing-soon/YFN4HgeQBO44RyewV8UjLN/,ajc.com,English,0,0.756,0.244,0.4404,CPI
20200401T020000Z,Magnitude 6 . 5 earthquake strikes in Idaho,https://www.lmtonline.com/news/us/article/Magnitude-6-5-earthquake-strikes-in-Idaho-15170267.php,lmtonline.com,English,0.385,0.615,0,-0.3612,CPI
20200401T020000Z,"With COVID - 19 testing criteria restricted in Canada , can we be sure we are flattening the curve ? | Canada | News",https://www.theguardian.pe.ca/news/canada/with-covid-19-testing-criteria-restricted-in-canada-can-we-be-sure-we-are-flattening-the-curve-432166/,theguardian.pe.ca,English,0.119,0.776,0.105,-0.0772,CPI
20200401T020000Z,Magnitude 6 . 5 earthquake strikes in Idaho,https://www.latimes.com/world-nation/story/2020-03-31/magnitude-6-5-earthquake-strikes-in-idaho,latimes.com,English,0.385,0.615,0,-0.3612,CPI
20200401T021500Z,Coronavirus Lockdown Sends Migrant Workers On A Long And Risky Trip Home,https://www.upr.org/post/coronavirus-lockdown-sends-migrant-workers-long-and-risky-trip-home,upr.org,English,0.153,0.847,0,-0.2023,CPI
20200401T021500Z,Death Toll And Confirmed COVID - 19 Cases Rise Sharply As Governor Lamont Warns  Were On Our Own  ,https://www.wnpr.org/post/death-toll-and-confirmed-covid-19-cases-rise-sharply-governor-lamont-warns-were-our-own,wnpr.org,English,0.261,0.739,0,-0.6486,CPI
20200501T000000Z,Pork producer says it needs flexibility on virus guidelines,https://www.brownsvilleherald.com/news/business/pork-producer-says-it-needs-flexibility-on-virus-guidelines/article_d8a99a31-3663-5bed-bb1f-29e444ca6afc.html,brownsvilleherald.com,English,0,0.769,0.231,0.34,CPI
20200501T000000Z,Baltimore turns to aerial surveillance as homicides continue,https://www.spokesman.com/stories/2020/apr/30/baltimore-turns-to-aerial-surveillance-as-homicide/,spokesman.com,English,0,1,0,0,CPI
20200501T000000Z,"Thursday Update : Statewide COVID - 19 Cases Pass 6 , 800 Mark , But Almost Half Have Recovered | News",https://wncy.com/news/articles/2020/apr/30/thursday-update-statewide-covid-19-cases-pass-6800-mark-but-almost-half-have-recovered/1013104/,wncy.com,English,0,1,0,0,CPI
20200501T000000Z,"Oregon aims to include brewpubs , wineries in reopening",https://www.michigansthumb.com/news/article/Oregon-aims-to-include-brewpubs-wineries-in-15238359.php,michigansthumb.com,English,0,1,0,0,CPI
20200501T000000Z,Guess the mystery picture location and you could win a prize - how to enter,https://www.mirror.co.uk/travel/guess-mystery-picture-location-you-21838473,mirror.co.uk,English,0,0.608,0.392,0.7964,CPI
20200501T000000Z,"Oregon aims to include brewpubs , wineries in reopening",https://www.thetelegraph.com/news/article/Oregon-aims-to-include-brewpubs-wineries-in-15238359.php,thetelegraph.com,English,0,1,0,0,CPI
20200501T000000Z,"Oregon aims to include brewpubs , wineries in reopening",https://www.ctpost.com/news/article/Oregon-aims-to-include-brewpubs-wineries-in-15238359.php,ctpost.com,English,0,1,0,0,CPI
20200501T000000Z,"Oregon aims to include brewpubs , wineries in reopening",https://www.nhregister.com/news/article/Oregon-aims-to-include-brewpubs-wineries-in-15238359.php,nhregister.com,English,0,1,0,0,CPI
20200501T000000Z,UK ethnic minorities suffer extra COVID deaths : think tank | One America News Network,https://www.oann.com/uk-ethnic-minorities-suffer-extra-covid-deaths-think-tank/,oann.com,English,0.226,0.774,0,-0.5423,CPI
20200501T000000Z,"Oregon aims to include brewpubs , wineries in reopening",https://www.stamfordadvocate.com/news/article/Oregon-aims-to-include-brewpubs-wineries-in-15238359.php,stamfordadvocate.com,English,0,1,0,0,CPI
20200501T000000Z,"Gov . Edwards formally extends Stay - at - Home order - News - Gonzales Weekly Citizen - Gonzales , LA",https://www.weeklycitizen.com/news/20200430/gov-edwards-formally-extends-stay-at-home-order,weeklycitizen.com,English,0,0.897,0.103,0.128,CPI
20200501T000000Z,"Oregon aims to include brewpubs , wineries in reopening",https://www.theintelligencer.com/news/article/Oregon-aims-to-include-brewpubs-wineries-in-15238359.php,theintelligencer.com,English,0,1,0,0,CPI
20200501T000000Z,"Thursday Update : Statewide COVID - 19 Cases Pass 6 , 800 Mark , But Almost Half Have Recovered | News",https://wxerfm.com/news/articles/2020/apr/30/thursday-update-statewide-covid-19-cases-pass-6800-mark-but-almost-half-have-recovered/1013104/,wxerfm.com,English,0,1,0,0,CPI
20200501T000000Z,Clear disparity between ethnic groups in Covid - 19 deaths – IFS study,https://www.pressandjournal.co.uk/news/uk/2184010/clear-disparity-between-ethnic-groups-in-covid-19-deaths-ifs-study/,pressandjournal.co.uk,English,0,0.794,0.206,0.3818,CPI
20200501T000000Z,Can employment agencies actually help you find a job right now ? ,https://www.crikey.com.au/2020/05/01/employment-agencies-during-coronavirus/,crikey.com.au,English,0,0.769,0.231,0.4019,CPI
20200501T001500Z,CORRECTION : Navajo Makes Plea to Hollywood,https://www.newjerseytelegraph.com/news/264889469/correction-navajo-makes-plea-to-hollywood,newjerseytelegraph.com,English,0,1,0,0,CPI
20200501T001500Z,"Thursday Update : Statewide COVID - 19 Cases Pass 6 , 800 Mark , But Almost Half Have Recovered | News",https://rock947.com/news/articles/2020/apr/30/thursday-update-statewide-covid-19-cases-pass-6800-mark-but-almost-half-have-recovered/1013104/,rock947.com,English,0,1,0,0,CPI
20200501T001500Z,UK ethnic minorities suffer extra COVID deaths - think tank,https://uk.reuters.com/article/uk-health-coronavirus-britain-ethnicity/uk-ethnic-minorities-suffer-extra-covid-deaths-think-tank-idUKKBN22C3ZA,uk.reuters.com,English,0.304,0.696,0,-0.5423,CPI
20200501T001500Z,Wyoming sees 11 new COVID - 19 cases ; state total at 415,https://billingsgazette.com/news/state-and-regional/wyoming-sees-11-new-covid-19-cases-state-total-at-415/article_eddd0a20-e1f9-52f6-8a97-45bb95877371.html,billingsgazette.com,English,0,1,0,0,CPI
20200501T001500Z,"Thursday Update : Statewide COVID - 19 Cases Pass 6 , 800 Mark , But Almost Half Have Recovered | News",https://duke.fm/news/articles/2020/apr/30/thursday-update-statewide-covid-19-cases-pass-6800-mark-but-almost-half-have-recovered/1013104/,duke.fm,English,0,1,0,0,CPI
20200501T001500Z,"The Media - Produced Fear Is What Killing Our Country , Not The Coronavirus | Columnists",https://www.anchoragepress.com/columnists/the-media-produced-fear-is-what-s-killing-our-country-not-the-coronavirus/article_282aaf4e-8b24-11ea-a111-13ac0cc7b511.html,anchoragepress.com,English,0.409,0.591,0,-0.8225,CPI
20200501T001500Z,The Gilmer Mirror - Texas still won t say which nursing homes have COVID 19 cases Families are demanding answers,http://www.gilmermirror.com/view/full_story/27732451/article-Texas-still-won-t-say-which-nursing-homes-have-COVID-19-cases--Families-are-demanding-answers-,gilmermirror.com,English,0.088,0.741,0.171,0.4215,CPI
20200501T001500Z,Texa virus deaths hit single - day high on eve of reopening,http://theparisnews.com/news/state/article_4a287f5b-9b32-5409-afc6-b3c3c19442eb.html,theparisnews.com,English,0,1,0,0,CPI
20200501T001500Z,  A dangerous path : Americans risk their lives by returning to work - or face losing unemployment and healthcare,https://www.independent.co.uk/news/world/americas/return-to-work-after-covid-19-us-unemployment-healthcare-coronavirus-a9492996.html,independent.co.uk,English,0.471,0.529,0,-0.8658,CPI
20200501T003000Z,Pork producer says it needs flexibility on virus guidelines,https://www.ncadvertiser.com/news/article/Tyson-temporarily-closes-Nebraska-beef-plant-for-15237002.php,ncadvertiser.com,English,0,0.769,0.231,0.34,CPI
20200501T003000Z,SS & C Technologies Releases Q1 2020 Earnings,https://www.wfmz.com/news/pr_newswire/pr_newswire_technology/ss-c-technologies-releases-q1-2020-earnings/article_ee2c8c1f-260b-571e-bc2b-7abd3a24a850.html,wfmz.com,English,0,1,0,0,CPI
20200501T003000Z,Texa virus deaths hit single - day high on eve of reopening,https://www.seattlepi.com/news/article/Texas-virus-deaths-hit-single-day-high-on-eve-of-15238482.php,seattlepi.com,English,0,1,0,0,CPI
20200501T003000Z,What Asian and Pacific Countries Can Teach the World About How to and How Not to Reopen Our Economies,https://www.msn.com/en-us/news/world/what-asian-and-pacific-countries-can-teach-the-world-about-how-to%E2%80%94and-how-not-to%E2%80%94reopen-our-economies/ar-BB13pPVk,msn.com,English,0,1,0,0,CPI
20200501T003000Z,Texa virus deaths hit single - day high on eve of reopening,https://www.ksat.com/business/2020/04/30/texas-virus-deaths-hit-single-day-high-on-eve-of-reopening/,ksat.com,English,0,1,0,0,CPI
20200501T003000Z,Gov . Edwards formally extends Stay - at - Home order - News - Donaldsonville Chief,https://www.donaldsonvillechief.com/news/20200430/gov-edwards-formally-extends-stay-at-home-order,donaldsonvillechief.com,English,0,0.87,0.13,0.128,CPI
20200501T003000Z,"South Dakota eases COVID - 19 test rules , as daily testing lags capacity",https://www.jamestownsun.com/newsmd/coronavirus/6467371-South-Dakota-eases-COVID-19-test-rules-as-daily-testing-lags-capacity,jamestownsun.com,English,0.169,0.676,0.155,-0.0516,CPI
20200501T003000Z,Burgum urges caution with businesses set to reopen May 1,https://www.jamestownsun.com/newsmd/coronavirus/6466745-Burgum-urges-caution-with-businesses-set-to-reopen-May-1,jamestownsun.com,English,0,1,0,0,CPI
20200501T003000Z,Resourceful Belgians team up to supply virus masks,https://sg.news.yahoo.com/resourceful-belgians-team-supply-virus-masks-002828185.html,sg.news.yahoo.com,English,0,1,0,0,CPI
20200501T003000Z,Pork producer says it needs flexibility on virus guidelines,https://www.rfdtv.com/story/42076355/pork-producer-says-it-needs-flexibility-on-virus-guidelines,rfdtv.com,English,0,0.769,0.231,0.34,CPI
20200501T003000Z,Virginia receives $3 . 3 billion in federal funding to help localities,https://www.msn.com/en-us/money/news/virginia-receives-dollar33-billion-in-federal-funding-to-help-localities/ar-BB13rrgY,msn.com,English,0,0.769,0.231,0.4019,CPI
20200501T003000Z,Texa virus deaths hit single - day high on eve of reopening,https://apnews.com/33d71690dd70b558db75402b5ec7d9c5,apnews.com,English,0,1,0,0,CPI
20200501T004500Z,Clear disparity between ethnic groups in Covid - 19 deaths – IFS study,https://www.eveningexpress.co.uk/news/uk/clear-disparity-between-ethnic-groups-in-covid-19-deaths-ifs-study/,eveningexpress.co.uk,English,0,0.794,0.206,0.3818,CPI
20200501T004500Z,"Calgary , already bloodied , now requires more help than other cities",https://www.msn.com/en-ca/money/topstories/calgary-already-bloodied-now-requires-more-help-than-other-cities/ar-BB13pZM5,msn.com,English,0,0.75,0.25,0.4576,CPI
20200501T004500Z,"Around 200 , 000 Americans Die Every Year From Air Pollution That Meets EPA Standard",http://freerepublic.com/focus/f-news/3840599/posts,freerepublic.com,English,0.231,0.769,0,-0.5994,CPI
20200501T004500Z,Bag - in - Box Containers Market Scope | Future Scenario 2027,https://www.texasguardian.com/news/264895174/bag-in-box-containers-market-scope--future-scenario-2027,texasguardian.com,English,0,1,0,0,CPI
20200501T004500Z,Ministers warn lockdown could stay for MONTHS,https://www.dailymail.co.uk/news/article-8276173/Ministers-warn-lockdown-stay-MONTHS-new-cases-drop-hundreds.html,dailymail.co.uk,English,0.189,0.811,0,-0.1027,CPI
20200501T004500Z,Baltimore turns to aerial surveillance as homicides continue,https://www.ncadvertiser.com/news/article/Baltimore-turns-to-aerial-surveillance-as-15237550.php,ncadvertiser.com,English,0,1,0,0,CPI
20200501T004500Z,Congressman Doug Collins On Hall County As A Coronavirus Hot Spot,https://www.wabe.org/congressman-doug-collins-on-hall-county-as-a-coronavirus-hotspot/,wabe.org,English,0,1,0,0,CPI
20200501T010000Z,"New Comprehensive Report on Stem Cell Banking Market Key Insights , Trends , Strategies , Acquisitions , Future Outlook And Comprehensive Analysis By 2020 - 2027",https://empowerednews.net/new-comprehensive-report-on-stem-cell-banking-market-key-insights-trends-strategies-acquisitions-future-outlook-and-comprehensive-analysis-by-2020-2027/181666163/,empowerednews.net,English,0,0.826,0.174,0.4588,CPI
20200501T010000Z,Bag - in - Box Containers Market Scope | Future Scenario 2027,https://www.newyorktelegraph.com/news/264895174/bag-in-box-containers-market-scope--future-scenario-2027,newyorktelegraph.com,English,0,1,0,0,CPI
20200501T010000Z,Tyson temporarily closes Nebraska beef plant for cleaning,https://spectrumlocalnews.com/nc/coastal/ap-top-news/2020/04/30/tyson-temporarily-closes-nebraska-beef-plant-for-cleaning,spectrumlocalnews.com,English,0,1,0,0,CPI
20200501T010000Z,"Gov . Edwards formally extends Stay - at - Home order - News - Plaquemine Post South - Plaquemine , LA",https://www.postsouth.com/news/20200430/gov-edwards-formally-extends-stay-at-home-order,postsouth.com,English,0,0.897,0.103,0.128,CPI
20200501T010000Z,Missouri coronavirus : 120 employees at meat plant test positive,https://www.ksdk.com/article/news/health/coronavirus/missouri-coronavirus-120-employees-at-meat-plant-test-positive/63-cf1f1fef-0bc9-42bc-a46b-a7a9d6f21f7f,ksdk.com,English,0,0.69,0.31,0.5574,CPI
20200501T010000Z,CORONAVIRUS TEXAS : COVID - 19 deaths in Texas hit single - day high day before reopening,https://abc13.com/health/covid-19-deaths-in-texas-hit-single-day-high-day-before-reopening-/6141186/,abc13.com,English,0,1,0,0,CPI
20200501T010000Z,Ivanka IRAPs Are Not A Plausible Workforce Strategy,https://www.forbes.com/sites/ryancraig/2020/04/30/ivankas-iraps-are-not-a-plausible-workforce-strategy/,forbes.com,English,0,1,0,0,CPI
20200501T011500Z,Automotive Sensors Market - It Key Opportunities and Challenges - Press Release,http://www.digitaljournal.com/pr/4668713,digitaljournal.com,English,0,0.672,0.328,0.4404,CPI
20200501T011500Z,Merchant groups lobby San Diego for $120M in small business relief,https://www.sandiegouniontribune.com/news/politics/story/2020-04-30/merchant-groups-lobby-san-diego-for-120m-in-small-business-relief,sandiegouniontribune.com,English,0,0.682,0.318,0.4939,CPI
20200501T011500Z,Texa COVID - 19 deaths hit single - day high day before reopening,https://www.fox26houston.com/news/texas-covid-19-deaths-hit-single-day-high-day-before-reopening,fox26houston.com,English,0,1,0,0,CPI
20200501T011500Z,"In Rural Counties , COVID - 19 Cases are Likely Undercounted . Greg Abbott Wants to Reopen them Anyway . ",https://www.texasobserver.org/greg-abbott-reopen-texas-rural/,texasobserver.org,English,0,1,0,0,CPI
20200501T011500Z,,http://www.1170kfaq.com/ap-story/49e799b8cae55b65ebf700de1b7b26d1,1170kfaq.com,English,0,0,0,0,CPI
20200501T011500Z,Navajo infections surge as Trump prepares to visit southwest,https://www.lmtonline.com/news/article/Santa-Fe-approves-city-employee-furloughs-amid-15237433.php,lmtonline.com,English,0,1,0,0,CPI
20200501T011500Z,Clear disparity between ethnic groups in Covid - 19 deaths – IFS study,https://www.itv.com/news/2020-05-01/clear-disparity-between-ethnic-groups-in-covid-19-deaths-ifs-study/,itv.com,English,0,0.794,0.206,0.3818,CPI
20200501T011500Z,Navajo infections surge as Trump prepares to visit southwest,https://www.mrt.com/news/article/Santa-Fe-approves-city-employee-furloughs-amid-15237433.php,mrt.com,English,0,1,0,0,CPI
20200501T011500Z,"As parts of Pa . prepare to end coronavirus shutdown , Lehigh Valley progress is mixed | Analysis",https://www.lehighvalleylive.com/coronavirus/2020/04/as-parts-of-pa-prepare-to-end-coronavirus-shutdown-lehigh-valleys-progress-is-mixed-analysis.html,lehighvalleylive.com,English,0,0.833,0.167,0.4215,CPI
20200501T011500Z,,http://www.1170kfaq.com/ap-story/8db96bf55d770e78253c7f544603ea83,1170kfaq.com,English,0,0,0,0,CPI
20200501T013000Z,COVID - 19 cases and hospitalizations are still rising in Virginia,https://www.godanriver.com/news/state/covid-19-cases-and-hospitalizations-are-still-rising-in-virginia/article_b6d03861-fad1-58fc-84fa-bfa4f157166b.html,godanriver.com,English,0,1,0,0,CPI
20200501T013000Z,Pork producer says it needs flexibility on virus guidelines,https://www.timesunion.com/news/article/Tyson-temporarily-closes-Nebraska-beef-plant-for-15237002.php,timesunion.com,English,0,0.769,0.231,0.34,CPI
20200501T013000Z,Gov . Edwards : Overturning stay - home order  completely irresp,https://b97.radio.com/promotion/gov-edwards-overturning-stay-home-order-completely-irresp,b97.radio.com,English,0,1,0,0,CPI
20200501T013000Z,Cuomo Sued for Not Including ASL Interpreter,https://nystateofpolitics.com/state-of-politics/new-york/politics/2020/04/30/disability-rights-group-sues-governor-for-failing-to-include-asl-interpreter-,nystateofpolitics.com,English,0,1,0,0,CPI
20200501T014500Z,"Georgia Gov . Kemp orders elderly to shelter in place , days after loosening some coronavirus restrictions",https://www.foxnews.com/us/georgia-elderly-shelter-in-place-coronavirus-restrictions,foxnews.com,English,0,1,0,0,CPI
20200501T014500Z,UK ethnic minorities suffer extra COVID deaths : think tank,https://isp.netscape.com/news/world/story/0002/20200430/KBN22C3Z5_1,isp.netscape.com,English,0.304,0.696,0,-0.5423,CPI
20200501T014500Z,Local officials say  stay the course  over COVID - 19 - KiSS 100 . 5 North Bay,https://www.kissnorthbay.com/2020/04/30/west-nipissing-officials-release-positive-update-on-fighting-covid-19/,kissnorthbay.com,English,0,0.811,0.189,0.4215,CPI
20200501T014500Z,Virginia receives $3 . 3 billion in federal funding to help localities,https://www.whsv.com/content/news/Virginia-receives-33-billion-in-federal-funding-to-help-localities-570095041.html,whsv.com,English,0,0.769,0.231,0.4019,CPI
20200501T014500Z,Gov . Edwards : Overturning stay - home order  completely irresp,https://magic1019.radio.com/promotion/gov-edwards-overturning-stay-home-order-completely-irresp,magic1019.radio.com,English,0,1,0,0,CPI
20200501T014500Z,Gov . Edwards : Overturning stay - home order  completely irresp,https://bayou957.radio.com/promotion/gov-edwards-overturning-stay-home-order-completely-irresp,bayou957.radio.com,English,0,1,0,0,CPI
20200501T014500Z,Bag - in - Box Containers Market Scope | Future Scenario 2027,https://www.sandiegosun.com/news/264895174/bag-in-box-containers-market-scope--future-scenario-2027,sandiegosun.com,English,0,1,0,0,CPI
20200501T014500Z,"COVID - 19 in Montana ( Thursday , April 30 ) ",https://www.kxlh.com/news/coronavirus/covid-19-in-montana-thursday-april-30,kxlh.com,English,0,1,0,0,CPI
20200501T020000Z,"CORONAVIRUS FLORIDA : DeSantis reopens most of state but not Palm Beach , Broward and Dade - News - Santa Rosas Press Gazette",https://www.srpressgazette.com/news/20200430/coronavirus-florida-desantis-reopens-most-of-state-but-not-palm-beach-broward-and-dade,srpressgazette.com,English,0,1,0,0,CPI
20200501T020000Z,Texa virus deaths hit single - day high on eve of reopening,https://www.itemonline.com/coronavirus/texas-virus-deaths-hit-single-day-high-on-eve-of-reopening/article_45459e94-8b3e-11ea-9af4-731b1cc65b6c.html,itemonline.com,English,0,1,0,0,CPI
20200501T020000Z,  Very proud  Trump says US coronavirus deaths per capita are  very strong  – and that very bad – Raw Story,https://www.rawstory.com/2020/04/very-proud-trump-says-us-coronavirus-deaths-per-capita-are-very-strong-and-thats-very-bad/,rawstory.com,English,0.147,0.582,0.271,0.4927,CPI
20200501T020000Z,Texa virus deaths hit single - day high on eve of reopening,https://www.myplainview.com/news/article/Texas-virus-deaths-hit-single-day-high-on-eve-of-15238482.php,myplainview.com,English,0,1,0,0,CPI
20200501T020000Z,"Pork producer says it needs flexibility on virus guidelines - News - The Rolla Daily News - Rolla , MO",https://www.therolladailynews.com/news/20200430/pork-producer-says-it-needs-flexibility-on-virus-guidelines,therolladailynews.com,English,0,0.862,0.138,0.34,CPI
20200501T021500Z,"By the numbers : A look at coronavirus cases in Alabama , Mobile County",https://www.fox10tv.com/news/coronavirus/by-the-numbers-a-look-at-coronavirus-cases-in-alabama-mobile-county/article_c71f4968-8b2c-11ea-9b19-3bb9ef266439.html,fox10tv.com,English,0,1,0,0,CPI
20200501T021500Z,Henrico testing site at Virginia Center Commons confirms COVID - 19 case for one county employee and a GRTC bus driver,https://www.richmond.com/news/local/henrico-testing-site-at-virginia-center-commons-confirms-covid-19-case-for-one-county-employee/article_1aeb7bc0-06f2-59bb-8ea1-dbaa55b9db9f.html,richmond.com,English,0,1,0,0,CPI
20200501T021500Z,Clear disparity between ethnic groups in Covid - 19 deaths – IFS study,https://www.eveningtelegraph.co.uk/2020/05/01/clear-disparity-between-ethnic-groups-in-covid-19-deaths-ifs-study/,eveningtelegraph.co.uk,English,0,0.794,0.206,0.3818,CPI
20200501T021500Z,Coronavirus in Ohio : State prepares to extend stay - at - home order - News - The Review,https://www.the-review.com/news/20200430/coronavirus-in-ohio-state-prepares-to-extend-stay-at-home-order,the-review.com,English,0,0.884,0.116,0.1779,CPI
20200501T021500Z,"On eve of reopening , Texas COVID - 19 cases remain high and tests still lag Abbott benchmarks",https://www.dallasnews.com/news/public-health/2020/04/30/on-eve-of-reopening-texas-covid-19-cases-remain-high-and-tests-still-lag-abbotts-benchmarks/,dallasnews.com,English,0.138,0.862,0,-0.34,CPI
20200501T021500Z,Fact check : Trump makes a bunch of false claims after event about protecting seniors :: WRAL . com,https://www.wral.com/fact-check-trump-makes-a-bunch-of-false-claims-after-event-about-protecting-seniors/19079599/,wral.com,English,0,1,0,0,CPI
20200501T021500Z,"COVID - 19 in Montana ( Thursday , April 30 ) ",https://www.ktvh.com/news/coronavirus/covid-19-in-montana-thursday-april-30,ktvh.com,English,0,1,0,0,CPI
20200501T021500Z,Don Rogers : Little breaks from Groundhog Days,https://www.theunion.com/opinion/columns/don-rogers-little-breaks-from-groundhog-days/,theunion.com,English,0,1,0,0,CPI
20200501T021500Z,CORONAVIRUS TEXAS : COVID - 19 deaths in Texas hit single - day high day before reopening,https://abc13.com/health/deaths-in-texas-hit-single-day-high-day-before-reopening-/6141186/,abc13.com,English,0,1,0,0,CPI
20200501T021500Z,Texa virus deaths hit single - day high on eve of reopening,https://www.kxii.com/content/news/Texas-virus-deaths-hit-single-day-high-on-eve-of-reopening-570097261.html,kxii.com,English,0,1,0,0,CPI
20200501T021500Z,Letter to the Editor : USC administration must stop exploiting international students,https://dailytrojan.com/2020/04/30/letter-to-the-editor-usc-administration-must-stop-exploiting-international-students/,dailytrojan.com,English,0.362,0.638,0,-0.6249,CPI
20200501T021500Z,  Clear disparity  between ethnic groups in virus deaths,https://www.thenews.com.pk/print/652310-clear-disparity-between-ethnic-groups-in-virus-deaths,thenews.com.pk,English,0,0.729,0.271,0.3818,CPI
20200501T023000Z,Puerto Rico to partially reopen despite coronavirus concerns,https://abcnews.go.com/Health/wireStory/puerto-rico-partially-reopen-coronavirus-concerns-70444947,abcnews.go.com,English,0,1,0,0,CPI
20200501T023000Z,Fact check : Trump makes a bunch of false claims after event about protecting seniors,https://www.cnn.com/2020/04/30/politics/fact-check-trump-april-30/,cnn.com,English,0,1,0,0,CPI
20200501T023000Z,Puerto Rico to partially reopen despite coronavirus concerns,https://www.chron.com/news/article/Puerto-Rico-to-partially-reopen-despite-15239000.php,chron.com,English,0,1,0,0,CPI
20200501T023000Z,More People Now Eligable For Monthly Payout Grant ; Application Starts In May 2020,https://goodyfeed.com/covid19-support-grant-eligibility/,goodyfeed.com,English,0,0.828,0.172,0.3612,CPI
20200501T023000Z,Puerto Rico to partially reopen despite coronavirus concerns,https://www.680news.com/2020/04/30/puerto-rico-to-partially-reopen-despite-coronavirus-concerns/,680news.com,English,0,1,0,0,CPI
20200501T023000Z,Covid - 19 stimulus package will fail without fundamental ... ,https://www.dailymaverick.co.za/opinionista/2020-05-01-covid-19-stimulus-package-will-fail-without-fundamental-structural-reforms/,dailymaverick.co.za,English,0.304,0.696,0,-0.5423,CPI
20200501T023000Z,Pork producer says it needs flexibility on virus guidelines - News - Columbia Daily Tribune,https://www.columbiatribune.com/news/20200430/pork-producer-says-it-needs-flexibility-on-virus-guidelines/1,columbiatribune.com,English,0,0.833,0.167,0.34,CPI
20200501T024500Z,Puerto Rico to partially reopen despite coronavirus concerns,https://www.washingtontimes.com/news/2020/apr/30/puerto-rico-to-partially-reopen-despite-coronaviru/,washingtontimes.com,English,0,1,0,0,CPI
20200501T024500Z,Fact check : Trump makes a bunch of false claims after event about protecting seniors,https://www.nbc-2.com/story/42077530/fact-check-trump-makes-a-bunch-of-false-claims-after-event-about-protecting-seniors,nbc-2.com,English,0,1,0,0,CPI
20200501T024500Z,Puerto Rico to partially reopen despite coronavirus concerns,https://mynorthwest.com/1847360/puerto-rico-to-partially-reopen-despite-coronavirus-concerns/,mynorthwest.com,English,0,1,0,0,CPI
20200501T024500Z,Texa virus deaths hit single - day high on eve of reopening | Fort Worth Business Press,https://fortworthbusiness.com/goverment/texas-virus-deaths-hit-single-day-high-on-eve-of-reopening/,fortworthbusiness.com,English,0,0.881,0.119,0.2263,CPI
20200501T024500Z,Puerto Rico to partially reopen despite coronavirus concerns,https://www.fairfieldcitizenonline.com/news/article/Puerto-Rico-to-partially-reopen-despite-15239000.php,fairfieldcitizenonline.com,English,0,1,0,0,CPI
20200501T024500Z,Cooper plans reopens too slowly,https://www.ncspin.com/cooper-plans-reopens-too-slowly,ncspin.com,English,0,1,0,0,CPI
20200501T024500Z,Daily Wyoming coronavirus update : 11 new cases ; state total at 415,https://www.kpvi.com/news/regional_news/daily-wyoming-coronavirus-update-11-new-cases-state-total-at-415/article_aef8fc5d-18bb-57d4-81b7-78695f3a21a4.html,kpvi.com,English,0,1,0,0,CPI
20200501T030000Z,Puerto Rico to partially reopen despite coronavirus concerns,https://www.beaumontenterprise.com/news/article/Puerto-Rico-to-partially-reopen-despite-15239000.php,beaumontenterprise.com,English,0,1,0,0,CPI
20200501T030000Z,Texa virus deaths hit single - day high on eve of reopening,https://www.brownsvilleherald.com/news/texas/texas-virus-deaths-hit-single-day-high-on-eve-of-reopening/article_4cfaf670-897c-5103-bd51-ef0f7ead75cb.html,brownsvilleherald.com,English,0,1,0,0,CPI
20200501T030000Z,New report breaks down Australian personal wealth by electorate and shows PM  wealth cluster  ,http://www.roymorgan.com/findings/8391-roy-morgan-wealth-report-federal-electorates-may-2020-202005010002,roymorgan.com,English,0,0.652,0.348,0.7506,CPI
20200501T030000Z,Puerto Rico to partially reopen despite coronavirus concerns,https://www.mrt.com/news/article/Puerto-Rico-to-partially-reopen-despite-15239000.php,mrt.com,English,0,1,0,0,CPI
20200501T030000Z,Texa virus deaths hit single - day high on eve of reopening,https://dentonrc.com/ap/business/texas-virus-deaths-hit-single-day-high-on-eve-of-reopening/article_6aad33e2-ecff-5302-9493-f29ab942dfa8.html,dentonrc.com,English,0,1,0,0,CPI
20200501T030000Z,Puerto Rico to partially reopen despite coronavirus concerns,https://www.thehour.com/news/article/Puerto-Rico-to-partially-reopen-despite-15239000.php,thehour.com,English,0,1,0,0,CPI
20200501T030000Z,Puerto Rico to partially reopen despite coronavirus concerns,https://www.nhregister.com/news/article/Puerto-Rico-to-partially-reopen-despite-15239000.php,nhregister.com,English,0,1,0,0,CPI
20200501T030000Z,Texa virus deaths hit single - day high on eve of reopening,https://www.mrt.com/news/article/Texas-virus-deaths-hit-single-day-high-on-eve-of-15238482.php,mrt.com,English,0,1,0,0,CPI
20200501T031500Z,"Per capita , Brown County has more confirmed coronavirus cases than America most - populous county",https://www.nbc26.com/news/local-news/per-capita-brown-county-has-more-confirmed-coronavirus-cases-than-americas-most-populous-county,nbc26.com,English,0,1,0,0,CPI
20200501T031500Z,Micro planning in post - Covid days,https://www.orissapost.com/micro-planning-in-post-covid-days/,orissapost.com,English,0,1,0,0,CPI
20200501T031500Z,Puerto Rico to partially reopen despite coronavirus concerns,https://chinapost.nownews.com/20200501-1218576,chinapost.nownews.com,English,0,1,0,0,CPI
20200501T031500Z,Puerto Rico to partially reopen despite coronavirus concerns,https://www.seattlepi.com/news/article/Puerto-Rico-to-partially-reopen-despite-15239000.php,seattlepi.com,English,0,1,0,0,CPI
20200501T031500Z,Bob Dunning : We shouldnt put up with this disrespect,https://www.davisenterprise.com/local-news/dunning/bob-dunning-we-shouldnt-put-up-with-this-disrespect/,davisenterprise.com,English,0.289,0.711,0,-0.5023,CPI
20200501T031500Z,Puerto Rico to partially reopen despite coronavirus concerns,https://www.theglobeandmail.com/world/article-puerto-rico-to-partially-reopen-despite-coronavirus-concerns-2/,theglobeandmail.com,English,0,1,0,0,CPI
20200501T031500Z,Puerto Rico to partially reopen despite coronavirus concerns,http://www.elpasoinc.com/news/ap_wire/business/puerto-rico-to-partially-reopen-despite-coronavirus-concerns/article_013ffe64-f1db-5df9-98b5-db9702678277.html,elpasoinc.com,English,0,1,0,0,CPI
20200501T031500Z,Coronavirus latest news : Donald Trump threatens new tariffs on China,https://www.telegraph.co.uk/global-health/science-and-disease/coronavirus-news-boris-johnson-covid-19-uk-lockdown-cases-latest/,telegraph.co.uk,English,0.224,0.776,0,-0.3818,CPI
20200501T031500Z,Puerto Rico to partially reopen despite coronavirus concerns,https://www.sfgate.com/news/article/Puerto-Rico-to-partially-reopen-despite-15239000.php,sfgate.com,English,0,1,0,0,CPI
20200501T031500Z,Failure to provide relief money shows America just never gets tired of sticking it to Indians,https://globalpossibilities.org/failure-to-provide-relief-money-shows-america-just-never-gets-tired-of-sticking-it-to-indians/,globalpossibilities.org,English,0.151,0.596,0.252,0.2973,CPI
20200501T031500Z,Texa virus deaths hit single - day high on eve of reopening,http://lufkindailynews.com/anpa/state/article_a7786a02-905d-5fdb-a88c-9d4d70b11d72.html,lufkindailynews.com,English,0,1,0,0,CPI
20200501T031500Z,Puerto Rico to partially reopen despite coronavirus concerns,https://www.ctpost.com/news/article/Puerto-Rico-to-partially-reopen-despite-15239000.php,ctpost.com,English,0,1,0,0,CPI
20200501T031500Z,Puerto Rico to partially reopen despite coronavirus concerns,https://kvia.com/news/us-world/2020/04/30/puerto-rico-to-partially-reopen-despite-coronavirus-concerns/,kvia.com,English,0,1,0,0,CPI
20200501T031500Z,Puerto Rico to partially reopen despite coronavirus concerns,https://www.joplinglobe.com/region/national_business/puerto-rico-to-partially-reopen-despite-coronavirus-concerns/article_e5ec9661-c111-5afb-acb7-f65c0cad84cb.html,joplinglobe.com,English,0,1,0,0,CPI
20200501T031500Z,Coronavirus in Ohio : State prepares to extend stay - at - home order - News - The Daily Record,https://www.the-daily-record.com/news/20200430/coronavirus-in-ohio-state-prepares-to-extend-stay-at-home-order,the-daily-record.com,English,0,0.892,0.108,0.1779,CPI
20200501T033000Z,Pork producer says it needs flexibility on virus guidelines,https://www.wisfarmer.com/story/news/2020/04/30/pork-producer-says-needs-flexibility-virus-guidelines/3062543001/,wisfarmer.com,English,0,0.769,0.231,0.34,CPI
20200501T033000Z,Joe and Clara Tsai helping hard - hit Detroit deal with coronavirus,https://www.netsdaily.com/2020/4/30/21243457/joe-and-clara-tsai-helping-hard-hit-detroit-deal-with-coronavirus,netsdaily.com,English,0.111,0.714,0.175,0.2023,CPI
20200501T033000Z,Puerto Rico to partially reopen despite coronavirus concerns,https://www.newstimes.com/news/article/Puerto-Rico-to-partially-reopen-despite-15239000.php,newstimes.com,English,0,1,0,0,CPI
20200501T033000Z,Puerto Rico to partially reopen despite coronavirus concerns,https://www.lmtonline.com/news/article/Puerto-Rico-to-partially-reopen-despite-15239000.php,lmtonline.com,English,0,1,0,0,CPI
20200501T033000Z,Six Flags Entertainment Corp ( SIX ) Q1 2020 Earnings Call Transcript,https://www.fool.com/earnings/call-transcripts/2020/04/30/six-flags-entertainment-corp-six-q1-2020-earnings.aspx?source=iedfolrf0000001,fool.com,English,0,0.763,0.237,0.4215,CPI
20200501T033000Z,Pork producer says it needs flexibility on virus guidelines,https://www.detroitnews.com/story/news/nation/2020/04/30/pork-producer-says-needs-flexibility-virus-guidelines/111646668/,detroitnews.com,English,0,0.769,0.231,0.34,CPI
20200501T033000Z,Puerto Rico to partially reopen despite coronavirus concerns,http://delrionewsherald.com/news_ap/business/article_e1107a60-cbfb-5583-846b-d8969fa53a6a.html,delrionewsherald.com,English,0,1,0,0,CPI
20200501T033000Z,Texas reopening as coronavirus cases spike . But officials still see hope . ,https://www.texastribune.org/2020/04/30/texas-reopening-coronavirus-cases-spike/,texastribune.org,English,0,0.722,0.278,0.5927,CPI
20200501T033000Z,Texa virus deaths hit single - day high on eve of reopening,https://www.krgv.com/news/texas-virus-deaths-hit-single-day-high-on-eve-of-reopening-216722/,krgv.com,English,0,1,0,0,CPI
20200501T034500Z,The federal government cannot bail out the blue states,https://www.washingtonexaminer.com/opinion/the-federal-government-cannot-bail-out-the-blue-states,washingtonexaminer.com,English,0,1,0,0,CPI
20200501T034500Z,Puerto Rico to partially reopen despite coronavirus concerns,https://www.stamfordadvocate.com/news/article/Puerto-Rico-to-partially-reopen-despite-15239000.php,stamfordadvocate.com,English,0,1,0,0,CPI
20200501T034500Z,Public Health Across the Pacific,https://radioopensource.org/public-health-across-the-pacific/,radioopensource.org,English,0,1,0,0,CPI
20200501T034500Z,The Green New Deal and the Growth of Renewables : Energy Technology - Page 4 - Peak Oil News and Message Boards,https://peakoil.com/forums/viewtopic.php?p=1447713,peakoil.com,English,0,0.773,0.227,0.5719,CPI
20200501T040000Z,Puerto Rico to partially reopen despite coronavirus concerns,https://www.myjournalcourier.com/news/article/Puerto-Rico-to-partially-reopen-despite-15239000.php,myjournalcourier.com,English,0,1,0,0,CPI
20200501T040000Z,Puerto Rico to partially reopen despite coronavirus concerns,https://www.greenwichtime.com/news/article/Puerto-Rico-to-partially-reopen-despite-15239000.php,greenwichtime.com,English,0,1,0,0,CPI
20200501T040000Z,Puerto Rico to partially reopen despite coronavirus concerns,https://www.westport-news.com/news/article/Puerto-Rico-to-partially-reopen-despite-15239000.php,westport-news.com,English,0,1,0,0,CPI
20200501T040000Z,"Valley News - Forum , May 1 :  So many good ways to help",https://www.vnews.com/Forum-May-1-34134074,vnews.com,English,0,0.576,0.424,0.7076,CPI
20200501T040000Z,Huntington Beach mounts legal fight against beach closure,https://www.latimes.com/california/story/2020-04-30/huntington-beach-seek-injunction-against-newsom-closure-of-o-c-beaches,latimes.com,English,0.257,0.594,0.149,-0.2732,CPI
20200501T040000Z,Puerto Rico to partially reopen despite coronavirus concerns,https://www.news957.com/world/2020/04/30/puerto-rico-to-partially-reopen-despite-coronavirus-concerns/,news957.com,English,0,1,0,0,CPI
20200501T040000Z,What are San Francisco billionaires doing for COVID relief ? Not much . ,https://sf.curbed.com/2020/4/30/21241539/sf-billionaires-donations-coronavirus-dorsey-benioff,sf.curbed.com,English,0,0.763,0.237,0.4767,CPI
20200501T041500Z,Puerto Rico to partially reopen despite coronavirus concerns,https://www.570news.com/2020/04/30/puerto-rico-to-partially-reopen-despite-coronavirus-concerns/,570news.com,English,0,1,0,0,CPI
20200501T041500Z,Texa virus deaths hit single - day high on eve of reopening,https://www.news-journal.com/news/coronavirus/texas-virus-deaths-hit-single-day-high-on-eve-of-reopening/article_65d87dee-2722-56db-a3cc-8500926828b6.html,news-journal.com,English,0,1,0,0,CPI
20200501T041500Z,Pork producer says it needs flexibility on virus guidelines,https://qconline.com/news/state-and-regional/iowa/pork-producer-says-it-needs-flexibility-on-virus-guidelines/article_6f178a93-109d-5e42-861c-c98ca608994a.html,qconline.com,English,0,0.769,0.231,0.34,CPI
20200701T000000Z,Trump says he becoming  more and more angry at China  as pandemic continues,https://www.washingtonexaminer.com/news/trump-says-hes-becoming-more-and-more-angry-at-china-as-pandemic-continues,washingtonexaminer.com,English,0.243,0.757,0,-0.5936,CPI
20200701T000000Z,County investigating 26 possible COVID outbreaks,https://www.davisenterprise.com/local-news/county-investigating-26-possible-covid-outbreaks/,davisenterprise.com,English,0,1,0,0,CPI
20200701T000000Z,Coronavirus : Hialeah officials aim to stem flow of new COVID - 19 cases in city with numerous long - term care facilities,https://www.local10.com/news/local/2020/06/30/coronavirus-hialeah-officials-aim-to-stem-flow-of-new-covid-19-cases-in-city-with-numerous-long-term-care-facilities/,local10.com,English,0,0.856,0.144,0.4939,CPI
20200701T000000Z,GDP down by 4 . 6 % in West Bank and by 6 . 1 % in Gaza Strip in first quarter 2020,http://english.wafa.ps/page.aspx?id=t15WcFa118582713282at15WcF,english.wafa.ps,English,0,1,0,0,CPI
20200701T001500Z,"Spain sees infections rise , grim economic forecast",https://www.aa.com.tr/en/europe/spain-sees-infections-rise-grim-economic-forecast/1888778,aa.com.tr,English,0.381,0.619,0,-0.5719,CPI
20200701T001500Z,"Here What We Know About The 5 , 500+ Confirmed Cases Of Coronavirus In Idaho",https://www.boisestatepublicradio.org/post/heres-what-we-know-about-5500-confirmed-cases-coronavirus-idaho,boisestatepublicradio.org,English,0,1,0,0,CPI
20200701T001500Z,Exploring the new Winnipeg Food Atlas,http://www.canadiangeographic.ca/article/exploring-new-winnipeg-food-atlas,canadiangeographic.ca,English,0,1,0,0,CPI
20200701T001500Z,Opinion : New Mexico has patriotic heritage,https://www.easternnewmexiconews.com/story/2020/07/01/voices/opinion-new-mexico-has-patriotic-heritage/166033.html,easternnewmexiconews.com,English,0,1,0,0,CPI
20200701T001500Z,"Coronavirus updates : 1 , 268 new COVID - 19 cases reported in Bexar County",https://www.mysanantonio.com/coronavirus/article/Coronavirus-updates-1-268-new-COVID-19-cases-15373287.php,mysanantonio.com,English,0,1,0,0,CPI
20200701T001500Z,Defunding police a well - meaning but naive goal,https://www.winnipegfreepress.com/local/defunding-police-a-well-meaning-but-naive-goal-571571452.html,winnipegfreepress.com,English,0.288,0.543,0.168,-0.2732,CPI
20200701T001500Z,Most Americans are banned as EU reopens its borders to 14 nations,https://www.centralmaine.com/2020/06/30/most-americans-are-banned-as-eu-reopens-its-borders-to-14-nations/,centralmaine.com,English,0.229,0.771,0,-0.5046,CPI
20200701T001500Z,GDP down by 4 . 6 % in West Bank and by 6 . 1 % in Gaza Strip in first quarter 2020,http://english.wafa.ps/page.aspx?id=EbOKSUa118582713282aEbOKSU,english.wafa.ps,English,0,1,0,0,CPI
20200701T003000Z,State delays school opening,https://www.paysonroundup.com/covid-19/state-delays-school-opening/article_4a1df71d-53e5-5542-9c2e-6ac95e67b893.html,paysonroundup.com,English,0,1,0,0,CPI
20200701T003000Z,"As Arizona coronavirus cases surge from early reopening , Indigenous nations suffer not only more COVID - 19 but also the blame",https://www.timesunion.com/news/article/As-Arizona-coronavirus-cases-surge-from-early-15376134.php,timesunion.com,English,0.229,0.771,0,-0.6542,CPI
20200701T003000Z,GDP down by 4 . 6 % in West Bank and by 6 . 1 % in Gaza Strip in first quarter 2020,http://english.wafa.ps/page.aspx?id=tHEQb9a118582713282atHEQb9,english.wafa.ps,English,0,1,0,0,CPI
20200701T003000Z,Protesters hit Sudan streets to demand long - awaited reforms,https://www.al-monitor.com/pulse/contents/afp/2020/06/sudan-protest-unrest.html,al-monitor.com,English,0.429,0.571,0,-0.3612,CPI
20200701T003000Z,EU reopens its borders to 14 nations but not to US tourists,https://www.cecildaily.com/news/eu-reopens-its-borders-to-14-nations-but-not-to-us-tourists/article_cd37edbf-5360-57fe-9184-4f46b71e058d.html,cecildaily.com,English,0,1,0,0,CPI
20200701T003000Z,Lack of internet access may widen income inequality within and between countries : IMF,https://in.news.yahoo.com/lack-internet-access-may-widen-income-inequality-within-091548073.html,in.news.yahoo.com,English,0.161,0.839,0,-0.3182,CPI
20200701T003000Z,Netflix invests $10M in Black - owned credit union in south,https://www.timesunion.com/news/article/Netflix-invests-10M-in-Black-owned-credit-union-15376775.php,timesunion.com,English,0,0.776,0.224,0.3818,CPI
20200701T004500Z,"NY prison coronavirus testing limited , say inmate advocates",http://www.nydailynews.com/new-york/ny-new-york-prisons-coronavirus-testing-cdc-recommendations-20200701-wc7ankxfkrci7lcbmx35cdsqdi-story.html,nydailynews.com,English,0.464,0.536,0,-0.6369,CPI
20200701T004500Z,EU reopens its borders to 14 nations but not to US tourists,https://www.mrt.com/news/article/EU-set-to-publish-border-list-US-likely-to-miss-15375711.php,mrt.com,English,0,1,0,0,CPI
20200701T004500Z,The surgical sealants and adhesives market is projected to grow at a CAGR of 8 . 4 % ,https://uk.finance.yahoo.com/news/surgical-sealants-adhesives-market-projected-085500761.html,uk.finance.yahoo.com,English,0,1,0,0,CPI
20200701T004500Z,"Coronavirus updates : 1 , 268 new COVID - 19 cases reported in Bexar County",https://www.lmtonline.com/coronavirus/article/Coronavirus-updates-1-268-new-COVID-19-cases-15373287.php,lmtonline.com,English,0,1,0,0,CPI
20200701T004500Z,GDP down by 4 . 6 % in West Bank and by 6 . 1 % in Gaza Strip in first quarter 2020,http://english.wafa.ps/page.aspx?id=2y1k24a118582713282a2y1k24,english.wafa.ps,English,0,1,0,0,CPI
20200701T010000Z,"Food taxes and subsidies would bring major health gains , study shows",https://www.nzdoctor.co.nz/article/undoctored/food-taxes-and-subsidies-would-bring-major-health-gains-study-shows,nzdoctor.co.nz,English,0,0.806,0.194,0.34,CPI
20200701T010000Z,"With COVID - 19 , rural testing deserts should be our immediate priority",https://thehill.com/opinion/healthcare/505308-with-covid-19-rural-testing-deserts-should-be-our-immediate-priority,thehill.com,English,0,1,0,0,CPI
20200701T010000Z,GDP down by 4 . 6 % in West Bank and by 6 . 1 % in Gaza Strip in first quarter 2020,http://english.wafa.ps/page.aspx?id=xCZQUxa118582713282axCZQUx,english.wafa.ps,English,0,1,0,0,CPI
20200701T011500Z,"Food taxes and subsidies would bring major health gains , study shows",https://www.miragenews.com/food-taxes-and-subsidies-would-bring-major-health-gains-study-shows/,miragenews.com,English,0,0.806,0.194,0.34,CPI
20200701T011500Z,EU reopens its borders to 14 nations but not to US tourists,https://dentonrc.com/ap/business/eu-reopens-its-borders-to-14-nations-but-not-to-us-tourists/article_494fe9ad-3c83-50d0-bd06-05c3ceb8ca5e.html,dentonrc.com,English,0,1,0,0,CPI
20200701T011500Z,PACNEWS - News reader,http://www.pina.com.fj/?p=pacnews&m=read&o=19536636675efbda9a92d6064df1a2,pina.com.fj,English,0,1,0,0,CPI
20200701T011500Z,GDP down by 4 . 6 % in West Bank and by 6 . 1 % in Gaza Strip in first quarter 2020,http://english.wafa.ps/page.aspx?id=FmWQNba118582713282aFmWQNb,english.wafa.ps,English,0,1,0,0,CPI
20200701T011500Z,"With COVID - 19 , rural testing deserts should be our immediate priority",https://www.msn.com/en-us/news/us/with-covid-19-rural-testing-deserts-should-be-our-immediate-priority/ar-BB16aSXv,msn.com,English,0,1,0,0,CPI
20200701T013000Z,Health Department : Perry Co . in top 10 counties in Mo . for highest number of positive COVID - 19 cases per capita,https://www.kfvs12.com/2020/06/30/health-department-perry-co-top-counties-mo-highest-number-positive-covid-cases-per-capita/,kfvs12.com,English,0,0.717,0.283,0.6908,CPI
20200701T013000Z,GDP down by 4 . 6 % in West Bank and by 6 . 1 % in Gaza Strip in first quarter 2020,http://english.wafa.ps/page.aspx?id=EEJu5Ea118582713282aEEJu5E,english.wafa.ps,English,0,1,0,0,CPI
20200701T014500Z,Bay Area vs . Los Angeles : Unemployment hitting hardest in Southern California [ San Francisco Chronicle ] ,https://www.dailyrepublic.com/all-dr-news/wires/bay-area-vs-los-angeles-unemployment-hitting-hardest-in-southern-california-san-francisco-chronicle-2/,dailyrepublic.com,English,0.182,0.818,0,-0.4404,CPI
20200701T014500Z,White paper lauds farmland conversion - Chinadaily . com . cn,http://www.chinadaily.com.cn/a/202007/01/WS5efbe365a31083481725653d.html,chinadaily.com.cn,English,0,1,0,0,CPI
20200701T014500Z,Bay Area vs . Los Angeles : Unemployment hitting hardest in Southern California [ San Francisco Chronicle ] ,https://www.dailyrepublic.com/all-dr-news/wires/bay-area-vs-los-angeles-unemployment-hitting-hardest-in-southern-california-san-francisco-chronicle/,dailyrepublic.com,English,0.182,0.818,0,-0.4404,CPI
20200701T014500Z,Bay Area vs . Los Angeles : Unemployment hitting hardest in Southern California [ San Francisco Chronicle ] ,https://www.dailyrepublic.com/all-dr-news/wires/bay-area-vs-los-angeles-unemployment-hitting-hardest-in-southern-california-san-francisco-chronicle-3/,dailyrepublic.com,English,0.182,0.818,0,-0.4404,CPI
20200701T014500Z,White paper lauds farmland conversion - Chinadaily . com . cn,http://usa.chinadaily.com.cn/a/202007/01/WS5efbe365a31083481725653d.html,usa.chinadaily.com.cn,English,0,1,0,0,CPI
20200701T014500Z,GDP down by 4 . 6 % in West Bank and by 6 . 1 % in Gaza Strip in first quarter 2020,http://english.wafa.ps/page.aspx?id=Y6fxWna118582713282aY6fxWn,english.wafa.ps,English,0,1,0,0,CPI
20200701T014500Z,"Coronavirus Task Force recommends $42M for communities , itself",https://www.kcchronicle.com/2020/06/30/coronavirus-task-force-recommends-42m-for-communities-itself/aqd0dsv/,kcchronicle.com,English,0,0.787,0.213,0.2263,CPI
20200701T020000Z,Victoria soaring coronavirus infection rate now mirrors ITALY,https://www.dailymail.co.uk/news/article-8476927/Victorias-soaring-coronavirus-infection-rate-mirrors-ITALY.html,dailymail.co.uk,English,0,1,0,0,CPI
20200701T020000Z,GDP down by 4 . 6 % in West Bank and by 6 . 1 % in Gaza Strip in first quarter 2020,http://english.wafa.ps/page.aspx?id=eqWPvea118582713282aeqWPve,english.wafa.ps,English,0,1,0,0,CPI
20200701T020000Z,"Northam provides $30 million in emergency aid to doctors , other health providers",https://www.fredericksburg.com/news/state-and-regional/northam-provides-30-million-in-emergency-aid-to-doctors-other-health-providers/article_66eaab55-b16d-5155-a66e-a92c444a36ba.html,fredericksburg.com,English,0.191,0.809,0,-0.3818,CPI
20200701T021500Z,Defunding police a well - meaning but naive goal,https://www.winnipegfreepress.com/opinion/columnists/defunding-police-a-well-meaning-but-naive-goal-571571452.html,winnipegfreepress.com,English,0.288,0.543,0.168,-0.2732,CPI
20200701T021500Z,GDP down by 4 . 6 % in West Bank and by 6 . 1 % in Gaza Strip in first quarter 2020,http://english.wafa.ps/page.aspx?id=4DGJUYa118582713282a4DGJUY,english.wafa.ps,English,0,1,0,0,CPI
20200701T021500Z,Dont let yourself be ruled by emotion | Family and Relations,https://www.nny360.com/artsandlife/familyandrelations/don-t-let-yourself-be-ruled-by-emotion/article_368289b8-be66-54f9-afb7-6f44fb8e3789.html,nny360.com,English,0,1,0,0,CPI
20200701T023000Z,Fargo area share of North Dakota COVID - 19 cases declining as state continues testing push,https://www.grandforksherald.com/newsmd/coronavirus/6533013-Fargo-areas-share-of-North-Dakota-COVID-19-cases-declining-as-state-continues-testing-push,grandforksherald.com,English,0,0.864,0.136,0.296,CPI
20200701T023000Z,GDP down by 4 . 6 % in West Bank and by 6 . 1 % in Gaza Strip in first quarter 2020,http://english.wafa.ps/page.aspx?id=dKKjV9a118582713282adKKjV9,english.wafa.ps,English,0,1,0,0,CPI
20200701T023000Z,INT : New figures show local virus  hot spots  ,http://www.inlandnewstoday.com/story.php?s=59672,inlandnewstoday.com,English,0,1,0,0,CPI
20200701T024500Z,GDP down by 4 . 6 % in West Bank and by 6 . 1 % in Gaza Strip in first quarter 2020,http://english.wafa.ps/page.aspx?id=t3whv6a118582713282at3whv6,english.wafa.ps,English,0,1,0,0,CPI
20200701T024500Z,White paper lauds farmland conversion - Chinadaily . com . cn,http://europe.chinadaily.com.cn/a/202007/01/WS5efbe365a31083481725653d.html,europe.chinadaily.com.cn,English,0,1,0,0,CPI
20200701T024500Z,How many coronavirus cases are in your area ? Use our tool to find out,https://www.telegraph.co.uk/news/2020/07/01/coronavirus-cases-postcode-uk-area-near-me/,telegraph.co.uk,English,0,1,0,0,CPI
20200701T030000Z,United States not on EU list of nations to potentially lift travel restrictions on,https://www.zdnet.com/article/united-states-not-on-eu-list-of-nations-to-potentially-lift-travel-restrictions-on/,zdnet.com,English,0,0.823,0.177,0.4215,CPI
20200701T030000Z,"Health director renews COVID - 19 cautions , says Culpeper region in it  for the long haul  ",https://www.starexponent.com/news/health-director-renews-covid-19-cautions-says-culpeper-region-in-it-for-the-long-haul/article_3f00371b-bee9-5e51-bbbc-e44e35506249.html,starexponent.com,English,0,1,0,0,CPI
20200701T030000Z,GDP down by 4 . 6 % in West Bank and by 6 . 1 % in Gaza Strip in first quarter 2020,http://english.wafa.ps/page.aspx?id=ifeP6Ua118582713282aifeP6U,english.wafa.ps,English,0,1,0,0,CPI
20200701T031500Z,Key allies raise concerns over Measure N funding,https://www.bakersfield.com/news/key-allies-raise-concerns-over-measure-n-funding/article_0b91f9b4-b74d-11ea-a0cb-83f130c18f39.html,bakersfield.com,English,0,1,0,0,CPI
20200701T031500Z,Central Asia diverse Covid - 19 responses,https://www.msn.com/en-xl/news/other/central-asias-diverse-covid-19-responses/ar-BB16bjcs,msn.com,English,0,1,0,0,CPI
20200701T031500Z,Persuading China to switch to  fake  pork,https://www.bbc.co.uk/news/business-53052856,bbc.co.uk,English,0.341,0.659,0,-0.4767,CPI
20200701T031500Z,GDP down by 4 . 6 % in West Bank and by 6 . 1 % in Gaza Strip in first quarter 2020,http://english.wafa.ps/page.aspx?id=pLS2jTa118582713282apLS2jT,english.wafa.ps,English,0,1,0,0,CPI
20200701T031500Z,"Laguna Beach to close beaches , Huntington , Newport may follow suit on Fourth of July weekend",https://www.latimes.com/socal/daily-pilot/news/story/2020-06-30/huntington-newport-and-laguna-beaches-plan-for-busy-fourth-of-july-during-covid-19-pandemic,latimes.com,English,0,1,0,0,CPI
20200701T031500Z,The Green New Deal and the Growth of Renewables : Energy Technology - Page 16 - Peak Oil News and Message Boards,https://peakoil.com/forums/viewtopic.php?p=1453083,peakoil.com,English,0,0.783,0.217,0.5719,CPI
20200701T033000Z,GDP down by 4 . 6 % in West Bank and by 6 . 1 % in Gaza Strip in first quarter 2020,http://english.wafa.ps/page.aspx?id=2SHroJa118582713282a2SHroJ,english.wafa.ps,English,0,1,0,0,CPI
20200701T033000Z,Persuading China to switch to  fake  pork,https://finance.yahoo.com/news/persuading-china-switch-fake-pork-024958520.html,finance.yahoo.com,English,0.341,0.659,0,-0.4767,CPI
20200701T033000Z,"Despite Statehood Aspirations , New Study Shows DC is the Worst Run City in America",https://townhall.com/tipsheet/elliebufkin/2020/06/30/despite-statehood-aspirations-new-study-shows-dc-is-one-of-the-worst-run-cities-in-america-n2571565,townhall.com,English,0.24,0.76,0,-0.6249,CPI
20200701T034500Z,"Former Fulton , Sweet Springs hospital executive indicted for $1 . 4 billion in fraud",https://www.komu.com/news/former-fulton-sweet-springs-hospital-executive-indicted-for-1-4-billion-in-fraud,komu.com,English,0.226,0.595,0.179,-0.2023,CPI
20200701T034500Z,GDP down by 4 . 6 % in West Bank and by 6 . 1 % in Gaza Strip in first quarter 2020,http://english.wafa.ps/page.aspx?id=CEtYu5a118582713282aCEtYu5,english.wafa.ps,English,0,1,0,0,CPI
20200701T034500Z,Commentary : How Brazil became the second - worst COVID - hit country in the world,https://www.channelnewsasia.com/news/commentary/coronavirus-covid-19-brazil-bolsonaro-lockdown-rules-case-death-12884938?cid=cna_flip_070214,channelnewsasia.com,English,0.255,0.745,0,-0.6249,CPI
20200701T034500Z,EU Reopens Borders To 14 Nations But Not To US Tourists Amid Covid - 19 Spread,https://www.outlookindia.com/website/story/world-news-eu-reopens-borders-to-14-nations-but-not-to-us-tourists-amid-covid-19-spread/355763,outlookindia.com,English,0,1,0,0,CPI
20200701T040000Z,Persuading China to switch to  fake  pork,https://news.yahoo.com/persuading-china-switch-fake-pork-024958520.html,news.yahoo.com,English,0.341,0.659,0,-0.4767,CPI
20200701T040000Z,GDP down by 4 . 6 % in West Bank and by 6 . 1 % in Gaza Strip in first quarter 2020,http://english.wafa.ps/page.aspx?id=sHL6t4a118582713282asHL6t4,english.wafa.ps,English,0,1,0,0,CPI
20200701T041500Z,"Prevalence and attributable health burden of chronic respiratory diseases , 1990 – 2017 : a systematic analysis for the Global Burden of Disease Study 2017",http://www.healthdata.org/research-article/prevalence-and-attributable-health-burden-chronic-respiratory-diseases-1990%E2%80%932017,healthdata.org,English,0.234,0.766,0,-0.7003,CPI
20200701T041500Z,Global Protests Start to Return,https://carnegieendowment.org/2020/06/30/global-protests-start-to-return-pub-82225,carnegieendowment.org,English,0.322,0.678,0,-0.2263,CPI
20200701T041500Z,GDP down by 4 . 6 % in West Bank and by 6 . 1 % in Gaza Strip in first quarter 2020,http://english.wafa.ps/page.aspx?id=iDFb2ma118582713282aiDFb2m,english.wafa.ps,English,0,1,0,0,CPI
20200801T000000Z,"The Latest : Catalonia , 2 other regions on German risk list",https://m.timesdaily.com/life/health/the-latest-catalonia-2-other-regions-on-german-risk-list/article_abe32c9c-8193-5e97-a96d-f3fb2816a84c.html,m.timesdaily.com,English,0.208,0.792,0,-0.2732,CPI
20200801T000000Z,Small U . S . business defaults up in states hit hard by COVID - 19,https://www.metro.us/small-u-s-business-defaults/,metro.us,English,0.123,0.877,0,-0.1027,CPI
20200801T000000Z,Louisiana second COVID - 19 spike unique in U . S .; worse than first,https://www.shreveporttimes.com/in-depth/news/2020/07/31/new-coronavirus-spike-louisiana-worse-than-first-time/5551357002/,shreveporttimes.com,English,0.237,0.763,0,-0.4767,CPI
20200801T000000Z,Small U . S . business defaults up in states hit hard by COVID - 19,https://in.reuters.com/article/us-usa-economy-smallbusiness-defaults/small-u-s-business-defaults-up-in-states-hit-hard-by-covid-19-idINKCN24W389,in.reuters.com,English,0.123,0.877,0,-0.1027,CPI
20200801T000000Z,"Covid U . S . death toll passes 150 , 000 : Hispanics among hardest - hit",https://www.washingtonpost.com/health/2020/07/31/covid-us-death-toll-150k/,washingtonpost.com,English,0.302,0.698,0,-0.5994,CPI
20200801T000000Z,Mexico to eclipse united kingdom with third highest coronavirus death toll,https://www.metro.us/mexico-to-eclipse-uk/,metro.us,English,0.248,0.573,0.178,-0.2732,CPI
20200801T000000Z,"Wisconsin Republicans  stand ready  to kill mask requirement // WJFW TV - 12 , WJFWDT 12 . 1 and Newswatch 12 - Your Northwoods News Leader and NBC Affiliate",https://www.wjfw.com/storydetails/20200731155718/%20wisconsin_republicans_stand_ready_to_kill_mask_requirement,wjfw.com,English,0.161,0.753,0.086,-0.4939,CPI
20200801T000000Z,Mexico to eclipse united kingdom with third highest coronavirus death toll,https://www.wenatcheeworld.com/news/world/mexico-to-eclipse-uk-with-third-highest-coronavirus-death-toll/article_0feb14d8-5f2d-586b-b8db-f0d62aa776bd.html,wenatcheeworld.com,English,0.248,0.573,0.178,-0.2732,CPI
20200801T001500Z,"Just as the Deep State Wanted , Steve Stockman Is Infected with COVID - 19",http://www.conservativehq.com/article/33006-just-deep-state-wanted-steve-stockman-infected-covid-19,conservativehq.com,English,0.211,0.789,0,-0.4939,CPI
20200801T001500Z,Louisiana remains No . 1 in per capita COVID cases as hospitalizations rise,https://www.postsouth.com/story/news/2020/07/31/louisiana-remains-no-1-per-capita-covid-cases-hospitalizations-rise/5555549002/,postsouth.com,English,0.18,0.82,0,-0.296,CPI
20200801T001500Z,Supreme Court weighs New Mexico restrictions on restaurants,https://www.lmtonline.com/news/article/Supreme-Court-weighs-New-Mexico-restrictions-on-15449447.php,lmtonline.com,English,0,0.66,0.34,0.5574,CPI
20200801T001500Z,The Latest : Masks to be mandatory in 8 more Miss . counties,https://www.breitbart.com/news/the-latest-india-reports-another-record-coronavirus-surge/,breitbart.com,English,0.169,0.715,0.116,-0.1513,CPI
20200801T001500Z,"Mid - Del schools splitting schedule , Yukon to start virtually",https://oklahoman.com/article/5668100/mid-del-schools-splitting-schedule-yukon-to-start-virtually,oklahoman.com,English,0,1,0,0,CPI
20200801T001500Z,"Moldova , Government of -- Moody affirms Moldova B3 rating ; outlook stable",https://finance.yahoo.com/news/moldova-government-moodys-affirms-moldovas-203710233.html,finance.yahoo.com,English,0.182,0.657,0.161,-0.0772,CPI
20200801T001500Z,"Face masks to be required in Wisconsin | News , Sports , Jobs",https://www.ironmountaindailynews.com/news/local-news/2020/07/face-masks-to-be-required-in-wisconsin/,ironmountaindailynews.com,English,0,1,0,0,CPI
20200801T001500Z,Pamplin Media Group - Oregon City Farmer Market SNAP customers now get $20 match,https://pamplinmedia.com/pt/9-news/475556-384386-oregon-city-farmers-market-snap-customers-now-get-20-match,pamplinmedia.com,English,0,1,0,0,CPI
20200801T001500Z,"Brown says virus spike , political stalemate , led to Umatilla rollback",https://www.bendbulletin.com/coronavirus/brown-says-virus-spike-political-stalemate-led-to-umatilla-rollback/article_49676ca9-d2ca-56bf-ad85-ad37f83deee0.html,bendbulletin.com,English,0,1,0,0,CPI
20200801T001500Z,"Pandemic weight falls on Hispanics and Native Americans , as deaths pass 150 , 000",https://www.lmtonline.com/news/article/Pandemic-s-weight-falls-on-Hispanics-and-Native-15450329.php,lmtonline.com,English,0,1,0,0,CPI
20200801T001500Z,"Just as the Deep State Wanted , Steve Stockman Is Infected with COVID - 19",http://www.conservativehq.com/node/33006,conservativehq.com,English,0.211,0.789,0,-0.4939,CPI
20200801T003000Z,State in triple digit COVID add again with 123 ( no new Big Island ) ,https://www.b97hawaii.com/2020/07/31/state-in-triple-digit-covid-add-again-with-123-no-new-big-island-2/,b97hawaii.com,English,0.155,0.845,0,-0.296,CPI
20200801T003000Z,Mexico to eclipse united kingdom with third highest coronavirus death toll | World,https://www.malaymail.com/news/world/2020/08/01/mexico-to-eclipse-uk-with-third-highest-coronavirus-death-toll/1890049,malaymail.com,English,0.234,0.599,0.168,-0.2732,CPI
20200801T003000Z,State in triple digit COVID add again with 123 ( no new Big Island ) ,https://www.b97hawaii.com/2020/07/31/state-in-triple-digit-covid-add-again-with-123-no-new-big-island/,b97hawaii.com,English,0.155,0.845,0,-0.296,CPI
20200801T003000Z,Supreme Court weighs New Mexico restrictions on restaurants,https://apnews.com/8caa8ecc9bb629bca6271ae9061d3299,apnews.com,English,0,0.66,0.34,0.5574,CPI
20200801T003000Z,Interactive map : Ohio COVID - 19 advisory system,https://www.wlwt.com/article/interactive-map-ohio-s-covid-19-advisory-system-july-30-update/33473131,wlwt.com,English,0,1,0,0,CPI
20200801T003000Z,"UAE Health and Medical Insurance Industry 2020 - 2025 by Provider , Term , Product Type , and Channel of Distribution",https://uk.finance.yahoo.com/news/uae-health-medical-insurance-industry-101800843.html,uk.finance.yahoo.com,English,0,1,0,0,CPI
20200801T003000Z,"Mapping Ohio 91 , 159 coronavirus cases ; updates , trends show increasing deaths , flattening of cases",https://www.cleveland.com/datacentral/2020/07/mapping-ohios-91159-coronavirus-cases-updates-trends-show-increasing-deaths-flattening-of-cases.html,cleveland.com,English,0,1,0,0,CPI
20200801T004500Z,Saskatchewan Reports 14 New Cases Of COVID - 19,https://www.gx94radio.com/2020/07/31/saskatchewan-reports-14-new-cases-of-covid-19-2/,gx94radio.com,English,0,1,0,0,CPI
20200801T004500Z,"Mid - Del schools splitting schedule , Yukon to start virtually",http://oklahoman.com/article/5668100/mid-del-schools-splitting-schedule-yukon-to-start-virtually,oklahoman.com,English,0,1,0,0,CPI
20200801T004500Z,Edwards : Expect extension of mask mandate - News - Daily Comet,https://www.dailycomet.com/news/20200730/edwards-expect-extension-of-mask-mandate,dailycomet.com,English,0,1,0,0,CPI
20200801T004500Z,Mexico to eclipse united kingdom with third highest coronavirus death toll,https://www.reuters.com/article/us-health-coronavirus-latam-idUSKCN24W2SC,reuters.com,English,0.248,0.573,0.178,-0.2732,CPI
20200801T004500Z,"Fitch cuts U . S . credit outlook to  negative  on COVID - 19 , election uncertainty , but maintains AAA rating",https://forextv.com/market-news/fitch-cuts-u-s-credit-outlook-to-negative-on-covid-19-election-uncertainty-but-maintains-aaa-rating/,forextv.com,English,0.306,0.596,0.098,-0.431,CPI
20200801T004500Z,Gov . Murphy : Rise in NJ COVID - 19 cases  setting off alarms  ,https://www.fox5ny.com/news/gov-murphy-rise-in-nj-covid-19-cases-setting-off-alarms,fox5ny.com,English,0.174,0.826,0,-0.2732,CPI
20200801T004500Z,WA Dept of Health :  No turnaround yet  of COVID - 19 pandemic,https://www.kxly.com/wa-dept-of-health-no-turnaround-yet-of-covid-19-pandemic/,kxly.com,English,0.18,0.82,0,-0.296,CPI
20200801T004500Z,HUB Center to close this fall in downtown Billings,https://www.ktvq.com/news/local-news/hub-center-to-close-this-fall-in-downtown-billings,ktvq.com,English,0,1,0,0,CPI
20200801T004500Z,Coronavirus California : state sees record number of deaths on four separate days,https://www.theguardian.com/world/2020/jul/31/california-covid-19-deaths-coronavirus,theguardian.com,English,0,0.894,0.106,0.0772,CPI
20200801T010000Z,"Every Voice : Race , Protest , and Power in Las Vegas",https://knpr.org/desert-companion/2020-08/every-voice-race-protest-and-power-las-vegas,knpr.org,English,0.2,0.8,0,-0.25,CPI
20200801T010000Z,Wisconsin Republicans  stand ready  to kill mask requirement,https://www.gazettextra.com/news/state/wisconsin-republicans-stand-ready-to-kill-mask-requirement/article_b1237e40-9128-5642-b5b7-6c5d1838eb40.html,gazettextra.com,English,0.356,0.455,0.189,-0.4939,CPI
20200801T010000Z,"Michigan reports 8 coronavirus deaths , over 730 new cases",https://www.detroitnews.com/story/news/local/michigan/2020/07/31/michigan-reports-8-coronavirus-deaths-over-730-new-cases/5556978002/,detroitnews.com,English,0,1,0,0,CPI
20200801T010000Z,Reopening NJ :  Alarms are going off  as New Jersey COVID cases rise,https://abc7ny.com/nj-coronavirus-cases-reopen-new-jersey-plan-to-covid-19/6345198/,abc7ny.com,English,0.16,0.84,0,-0.2732,CPI
20200801T011500Z,European Union extends ban on American travelers as coronavirus surges in US,https://www.fox5dc.com/news/european-union-extends-ban-on-american-travelers-as-coronavirus-surges-in-us,fox5dc.com,English,0.238,0.662,0.099,-0.4767,CPI
20200801T011500Z,Mexico to eclipse united kingdom with third - highest coronavirus death toll,https://www.khaleejtimes.com/coronavirus-pandemic/mexico-to-eclipse-uk-with-third-highest-coronavirus-death-toll,khaleejtimes.com,English,0.248,0.573,0.178,-0.2732,CPI
20200801T011500Z,COVID cases from large events could change Minn . school plans,https://www.startribune.com/covid-outbreaks-from-large-gatherings-could-impact-minnesota-school-reopenings/571975032/,startribune.com,English,0,1,0,0,CPI
20200801T013000Z,"The Latest : Lockdown resumes in western Libya for pandemic - News - MetroWest Daily News , Framingham , MA",https://www.metrowestdailynews.com/ZZ/news/20200731/latest-venezuela-unveils-coronavirus-facility-at-arena,metrowestdailynews.com,English,0,1,0,0,CPI
20200801T013000Z,"FRI : Supreme Court Wades Into Fight On Restaurant Restrictions , + More",https://www.kunm.org/post/fri-supreme-court-wades-fight-restaurant-restrictions-more,kunm.org,English,0.183,0.563,0.254,0.25,CPI
20200801T013000Z,Trempealeau County has 7th highest rate of virus cases in Wisconsin,https://www.leadertelegram.com/covid-19/trempealeau-county-has-7th-highest-rate-of-virus-cases-in-wisconsin/article_d074f35b-3ef5-5cfb-8f29-8d52c45cb642.html,leadertelegram.com,English,0,1,0,0,CPI
20200801T013000Z,"Gov Kate Brown says COVID - 19 spike , political stalemate led to Umatilla County rollback",https://www.eastoregonian.com/coronavirus/gov-kate-brown-says-covid-19-spike-political-stalemate-led-to-umatilla-county-rollback/article_f455bd36-d357-11ea-9a7f-379faf6bce8e.html,eastoregonian.com,English,0,1,0,0,CPI
20200801T014500Z,"Lujan Grisham may be headed for Cabinet , not vice presidency",https://www.santafenewmexican.com/news/local_news/lujan-grisham-may-be-headed-for-cabinet-not-vice-presidency/article_636ec3c0-d0ec-11ea-91aa-078654f1f2ce.html,santafenewmexican.com,English,0,1,0,0,CPI
20200801T014500Z,Mexico surpasses Britain with third - highest COVID - 19 death toll,https://www.channelnewsasia.com/news/world/mexico-surpasses-britain-with-third-highest-covid-19-death-toll-12982106,channelnewsasia.com,English,0.302,0.698,0,-0.5994,CPI
20200801T014500Z,Brown orders 2 counties to shut back down,https://www.gazettetimes.com/news/local/brown-orders-2-counties-to-shut-back-down/article_89b93e00-6a45-51b7-8324-63b0db118c22.html,gazettetimes.com,English,0,1,0,0,CPI
20200801T014500Z,Mexico to eclipse united kingdom with third - highest coronavirus death toll,https://www.khaleejtimes.com/coronavirus-pandemic/mexicos-coronavirus-death-toll-becomes-third-highest-worldwide,khaleejtimes.com,English,0.248,0.573,0.178,-0.2732,CPI
20200801T014500Z,The Latest : Bali welcoming visitors after 4 - month lockdown,https://www.wiltonbulletin.com/news/article/The-Latest-India-reports-another-record-15444758.php,wiltonbulletin.com,English,0,0.707,0.293,0.4404,CPI
20200801T014500Z,"Exclusive : CDC projects U . S . coronavirus death toll could top 180 , 000 by Aug . 22",https://www.aol.com/article/news/2020/07/31/exclusive-cdc-projects-us-coronavirus-death-toll-could-top-180000-by-aug-22/24578705/,aol.com,English,0.227,0.581,0.192,-0.3818,CPI
20200801T014500Z,Augusta Historical Society And Museum Preserve Augusta Rich Heritage | Local News,https://www.fairfieldsuntimes.com/news/local/augusta-historical-society-and-museum-preserve-augusta-s-rich-heritage/article_a38e566c-d387-11ea-918e-17190a04155b.html,fairfieldsuntimes.com,English,0,0.735,0.265,0.5574,CPI
20200801T014500Z,Mexico eclipses Britain with third highest coronavirus death toll,https://isp.netscape.com/news/world/story/0002/20200801/KCN24W2SC_4,isp.netscape.com,English,0.328,0.672,0,-0.5994,CPI
20200801T020000Z,Imperial County was a warning for California . Will its shutdown be a model ? [ San Francisco Chronicle ] ,https://www.dailyrepublic.com/all-dr-news/wires/imperial-county-was-a-warning-for-california-will-its-shutdown-be-a-model-san-francisco-chronicle-2/,dailyrepublic.com,English,0.156,0.844,0,-0.34,CPI
20200801T020000Z,European Union extends ban on American travelers as coronavirus surges in US,https://www.fox10phoenix.com/news/european-union-extends-ban-on-american-travelers-as-coronavirus-surges-in-us,fox10phoenix.com,English,0.238,0.662,0.099,-0.4767,CPI
20200801T020000Z,Mexico coronavirus death toll becomes third highest worldwide,https://www.msn.com/en-ae/news/other/mexicos-coronavirus-death-toll-becomes-third-highest-worldwide/ar-BB17qQN3,msn.com,English,0.358,0.642,0,-0.5994,CPI
20200801T020000Z,Mexico eclipses Britain with third highest coronavirus death toll,https://www.msn.com/en-au/lifestyle/wellbeing/mexico-eclipses-britain-with-third-highest-coronavirus-death-toll/ar-BB17qrTM,msn.com,English,0.328,0.672,0,-0.5994,CPI
20200801T020000Z,Imperial County was a warning for California . Will its shutdown be a model ? [ San Francisco Chronicle ] ,https://www.dailyrepublic.com/all-dr-news/wires/imperial-county-was-a-warning-for-california-will-its-shutdown-be-a-model-san-francisco-chronicle/,dailyrepublic.com,English,0.156,0.844,0,-0.34,CPI
20200801T020000Z,Mexico eclipses Britain with third highest coronavirus death toll,https://www.metro.us/mexico-eclipses-britain-with/,metro.us,English,0.328,0.672,0,-0.5994,CPI
20200801T020000Z,"Large majority of COVID cases in province outside Winnipeg after recent , dramatic shift",https://www.winnipegfreepress.com/special/coronavirus/large-majority-of-covid-cases-in-province-outside-winnipeg-after-recent-dramatic-shift-571974802.html,winnipegfreepress.com,English,0,1,0,0,CPI
20200801T021500Z,Mexico to eclipse united kingdom with third highest coronavirus death toll,https://af.reuters.com/article/worldNews/idAFKCN24W2RY,af.reuters.com,English,0.248,0.573,0.178,-0.2732,CPI
20200801T021500Z,Supreme Court weighs New Mexico restrictions on restaurants,https://omaha.com/news/national/govt-and-politics/supreme-court-weighs-new-mexico-restrictions-on-restaurants/article_4da4a73e-cc4d-519f-8d12-7066ada2d034.html,omaha.com,English,0,0.66,0.34,0.5574,CPI
20200801T021500Z,Mexico eclipses Britain with third highest coronavirus death toll,https://www.reuters.com/article/us-health-coronavirus-latam/mexico-eclipses-britain-with-third-highest-coronavirus-death-toll-idUSKCN24W2SC,reuters.com,English,0.328,0.672,0,-0.5994,CPI
20200801T021500Z,Mexico eclipses Britain with third - highest COVID - 19 death toll in world,https://www.theglobeandmail.com/world/article-mexico-eclipses-britain-with-third-highest-coronavirus-death-toll-in/,theglobeandmail.com,English,0.262,0.738,0,-0.5994,CPI
20200801T021500Z,Fitch drops United States rating outlook to negative,https://www.bondbuyer.com/news/fitch-drops-united-states-rating-outlook-to-negative,bondbuyer.com,English,0.296,0.48,0.224,-0.2263,CPI
20200801T021500Z,Mexico eclipses Britain with third highest coronavirus death ... ,https://news.trust.org/item/20200801001214-yr80u/,news.trust.org,English,0.328,0.672,0,-0.5994,CPI
20200801T021500Z,"The Latest : Venezuela unveils coronavirus facility at arena - News - Monroe News - Monroe , Michigan",https://www.monroenews.com/ZZ/news/20200731/latest-venezuela-unveils-coronavirus-facility-at-arena,monroenews.com,English,0,1,0,0,CPI
20200801T023000Z,"Political frogs a shameful lot , says Patriot",https://www.thesundaily.my/local/political-frogs-a-shameful-lot-says-patriot-AM3259736,thesundaily.my,English,0.39,0.61,0,-0.4939,CPI
20200801T023000Z,European Union extends ban on American travelers as coronavirus surges in US,https://www.fox32chicago.com/news/european-union-extends-ban-on-american-travelers-as-coronavirus-surges-in-us,fox32chicago.com,English,0.238,0.662,0.099,-0.4767,CPI
20200801T023000Z,Brown orders 2 counties to shut back down,https://democratherald.com/news/local/brown-orders-2-counties-to-shut-back-down/article_408561ec-1cb6-5e63-9447-61f64e809de8.html,democratherald.com,English,0,1,0,0,CPI
20200801T023000Z,"Pandemic weight falls on Hispanics and Native Americans , as deaths pass 150 , 000",https://www.beaumontenterprise.com/news/article/Pandemic-s-weight-falls-on-Hispanics-and-Native-15450329.php,beaumontenterprise.com,English,0,1,0,0,CPI
20200801T023000Z,Mexico eclipses Britain with third highest coronavirus death toll,https://uk.reuters.com/article/us-health-coronavirus-latam/mexico-eclipses-britain-with-third-highest-coronavirus-death-toll-idUKKCN24W2SC,uk.reuters.com,English,0.328,0.672,0,-0.5994,CPI
20200801T024500Z,Port Townsend undergoing top - to - bottom review of police department,https://www.king5.com/article/news/investigations/port-townsend-police-department-evaluation/281-12d805ad-feef-43c1-9db7-db816c58a867,king5.com,English,0,0.833,0.167,0.2023,CPI
20200801T024500Z,Florida Deadliest Month In COVID Battle Comes To End,https://www.nbcmiami.com/news/local/floridas-deadliest-month-in-covid-battle-comes-to-end/2271162/,nbcmiami.com,English,0.245,0.755,0,-0.3818,CPI
20200801T024500Z,North Korea economy grew for first time in 3 years - S . Korea,https://finance.yahoo.com/news/north-koreas-economy-grew-first-030006266.html,finance.yahoo.com,English,0,1,0,0,CPI
20200801T024500Z,What 6 Of The 7 Countries With The Most COVID - 19 Cases Have In Common,https://news.wfsu.org/all-npr-news/2020-07-31/what-6-of-the-7-countries-with-the-most-covid-19-cases-have-in-common,news.wfsu.org,English,0,1,0,0,CPI
20200801T024500Z,Mexico eclipses Britain with third highest coronavirus death toll,https://in.reuters.com/article/health-coronavirus-latam/mexico-eclipses-britain-with-third-highest-coronavirus-death-toll-idINKCN24X3DH,in.reuters.com,English,0.328,0.672,0,-0.5994,CPI
20200801T024500Z,"Delay in - person classes in Jefferson Parish until after Labor Day , school board member urges",https://www.nola.com/news/education/article_963cebe0-d341-11ea-aec8-cfb1a86c76ec.html,nola.com,English,0.141,0.859,0,-0.3182,CPI
20200801T024500Z,The Latest : Venezuela unveils coronavirus facility at arena - News - The Repository,https://www.cantonrep.com/ZZ/news/20200731/latest-venezuela-unveils-coronavirus-facility-at-arena,cantonrep.com,English,0,1,0,0,CPI
20200801T024500Z,COVID cases from large events could change Minn . school plans,https://www.startribune.com/covid-cases-from-large-events-could-change-minn-school-plans/571975032/,startribune.com,English,0,1,0,0,CPI
20200801T030000Z,"Wyoming hospital virus admissions  concerning , gov says",https://www.jhnewsandguide.com/jackson_hole_daily/local/wyoming-hospital-virus-admissions-concerning-gov-says/article_33af4eb9-3e2b-5fba-9d5d-d9893d1c081c.html,jhnewsandguide.com,English,0,1,0,0,CPI
20200801T030000Z,Mexico eclipses Britain with third highest coronavirus death toll,https://www.news18.com/news/world/mexico-eclipses-britain-with-third-highest-coronavirus-death-toll-2748867.html,news18.com,English,0.328,0.672,0,-0.5994,CPI
20200801T030000Z,The Latest : China toughens travel rules for Xinjiang capital,https://www.dailyadvance.com/news/national/the-latest-paraguay-eases-quarantine-plans-after-protest/article_4f3ac097-7fa9-5673-84d7-4c1c981c83db.html,dailyadvance.com,English,0.13,0.87,0,-0.0516,CPI
20200801T031500Z,European Union extends ban on American travelers as coronavirus surges in US,https://www.fox7austin.com/news/european-union-extends-ban-on-american-travelers-as-coronavirus-surges-in-us,fox7austin.com,English,0.238,0.662,0.099,-0.4767,CPI
20200801T031500Z,"To Ride Out the Pandemic , Kerala Needs to Switch to Diversified Farming Practice",https://thewire.in/agriculture/covid-19-pandemic-kerala-agriculture-diversified-farming-practice,thewire.in,English,0,1,0,0,CPI
20200801T031500Z,"Public bike rental system makes its debut this weekend in Elgin , Aurora , Batavia and Montgomery",http://www.chicagotribune.com/suburbs/elgin-courier-news/ct-ecn-kane-county-bike-share-launch-st-0802-20200801-ba6e5mx4wvgyrpehwlbkp5oogy-story.html,chicagotribune.com,English,0,1,0,0,CPI
20200801T034500Z,"Large majority of COVID cases in province outside Winnipeg after recent , dramatic shift",https://www.winnipegfreepress.com/local/large-majority-of-covid-cases-in-province-outside-winnipeg-after-recent-dramatic-shift-571974802.html,winnipegfreepress.com,English,0,1,0,0,CPI
20200801T040000Z,"Lujan Grisham may be headed toward Cabinet , not vice presidency",https://www.santafenewmexican.com/news/local_news/lujan-grisham-may-be-headed-toward-cabinet-not-vice-presidency/article_636ec3c0-d0ec-11ea-91aa-078654f1f2ce.html,santafenewmexican.com,English,0,1,0,0,CPI
20200801T041500Z,The Latest : Mexico now at No . 3 in world for COVID - 19 deaths - News - Wilmington Star News,https://www.starnewsonline.com/ZZ/news/20200731/latest-mexico-now-at-no-3-in-world-for-covid-19-deaths,starnewsonline.com,English,0.128,0.872,0,-0.296,CPI
20200801T041500Z,European Union extends ban on American travelers as coronavirus surges in US,https://www.q13fox.com/news/european-union-extends-ban-on-american-travelers-as-coronavirus-surges-in-us,q13fox.com,English,0.238,0.662,0.099,-0.4767,CPI
20200801T043000Z,"Senate GOP and White House agree on key parts of Covid aid package , with stimulus plan set for release",https://www.fox10tv.com/news/coronavirus/senate-gop-and-white-house-agree-on-key-parts-of-covid-aid-package-with-stimulus/article_a1f1a730-4c5b-52d1-b797-61aeb49d6577.html,fox10tv.com,English,0,0.878,0.122,0.3612,CPI
20200801T043000Z,European Union extends ban on American travelers as coronavirus surges in US,https://www.fox35orlando.com/news/european-union-extends-ban-on-american-travelers-as-coronavirus-surges-in-us,fox35orlando.com,English,0.238,0.662,0.099,-0.4767,CPI
20200801T043000Z,European Union extends ban on American travelers as coronavirus surges in US,https://www.fox5atlanta.com/news/european-union-extends-ban-on-american-travelers-as-coronavirus-surges-in-us,fox5atlanta.com,English,0.238,0.662,0.099,-0.4767,CPI
20200801T044500Z,Lockdown confusion and online GPs | HeraldScotland,https://www.heraldscotland.com/news/18621934.lockdown-confusion-online-gps/,heraldscotland.com,English,0.306,0.694,0,-0.296,CPI
20200801T050000Z,Brown orders 2 counties to shut back down,https://lebanon-express.com/news/local/brown-orders-2-counties-to-shut-back-down/article_2e8a2ecb-501d-50e5-8934-c97457de656b.html,lebanon-express.com,English,0,1,0,0,CPI
20200801T050000Z,The Latest : Nepal opens up Himalayan peaks to climbers,https://www.wmdt.com/i/the-latest-nepal-opens-up-himalayan-peaks-to-climbers/,wmdt.com,English,0,1,0,0,CPI
20200801T050000Z,Mexico to eclipse united kingdom with third highest coronavirus death toll,https://www.reuters.com/article/health-coronavirus-latam/mexico-to-eclipse-uk-with-third-highest-coronavirus-death-toll-idUSL5N2F26KG,reuters.com,English,0.248,0.573,0.178,-0.2732,CPI
20201201T000000Z,Newsom considers stay - home order for California counties,https://www.politico.com/states/california/story/2020/11/30/newsom-considers-stay-home-order-for-california-counties-9424814,politico.com,English,0,1,0,0,CPI
20201201T000000Z,Walz says details coming on first vaccines for Minnesota,https://www.sfgate.com/news/article/Walz-says-details-coming-on-first-vaccines-for-15764386.php,sfgate.com,English,0,1,0,0,CPI
20201201T000000Z,Sentencing Law and Policy : Should we thank unleaded gas and the EPA for the great modern crime decline ? ,https://sentencing.typepad.com/sentencing_law_and_policy/2013/01/should-we-thank-unleaded-gas-for-the-great-modern-crime-decline.html,sentencing.typepad.com,English,0.198,0.545,0.257,0.3612,CPI
20201201T000000Z,CT has 3rd highest COVID death rate in U . S . ,https://www.milfordmirror.com/local/article/CT-has-3rd-highest-COVID-death-rate-in-U-S-15764014.php,milfordmirror.com,English,0.358,0.642,0,-0.5994,CPI
20201201T000000Z,Walz says details coming on first vaccines for Minnesota,https://www.fairfieldcitizenonline.com/news/article/Walz-says-details-coming-on-first-vaccines-for-15764386.php,fairfieldcitizenonline.com,English,0,1,0,0,CPI
20201201T000000Z,Tracking COVID - 19 in Alaska : 481 new cases and no deaths reported Monday,https://www.adn.com/alaska-news/2020/11/30/tracking-covid-19-in-alaska-481-new-cases-and-no-deaths-reported-monday/,adn.com,English,0.155,0.845,0,-0.296,CPI
20201201T000000Z,DeSantis says he been largely absent for the last month because of vaccine prep,https://www.cltampa.com:443/news-views/florida-news/article/21146803/desantis-says-hes-been-largely-absent-for-the-last-month-because-of-vaccine-prep,cltampa.com,English,0,1,0,0,CPI
20201201T000000Z,Several counties are far off from reaching COVID green status,https://www.koat.com/article/several-counties-are-far-off-from-reaching-covid-green-status/34825473,koat.com,English,0,0.833,0.167,0.2023,CPI
20201201T000000Z,Walz says details coming on first vaccines for Minnesota,https://www.nhregister.com/news/article/Walz-says-details-coming-on-first-vaccines-for-15764386.php,nhregister.com,English,0,1,0,0,CPI
20201201T000000Z,White House says Texas has  full resurgence  of COVID - 19 and must do more to slow spread,https://www.dallasnews.com/news/politics/2020/11/30/white-house-says-texas-has-full-resurgence-of-covid-19-and-must-do-more-to-slow-spread/,dallasnews.com,English,0,1,0,0,CPI
20201201T000000Z,"2 indigenous SD lawmakers ask Gov . Noem for state mask mandate , as COVID - 19 cases top 80 , 000",https://www.duluthnewstribune.com/newsmd/coronavirus/6782179-2-indigenous-SD-lawmakers-ask-Gov.-Noem-for-state-mask-mandate-as-COVID-19-cases-top-80000,duluthnewstribune.com,English,0,0.899,0.101,0.2023,CPI
20201201T000000Z,Sentencing Law and Policy : Fascinating lead - crime - rate forecast that incarceration levels will decline significantly in coming years,https://sentencing.typepad.com/sentencing_law_and_policy/2013/12/fascinating-lead-crime-rate-forecast-that-incarceration-levels-will-decline-significantly-in-coming-.html,sentencing.typepad.com,English,0.216,0.636,0.148,-0.1531,CPI
20201201T000000Z,Sentencing Law and Policy : Do lead exposure realities continue to best explain modern crime - rate realities ? ,https://sentencing.typepad.com/sentencing_law_and_policy/2013/10/do-lead-exposure-realities-continue-to-best-explain-modern-crime-rate-realities.html,sentencing.typepad.com,English,0.229,0.583,0.188,0.0258,CPI
20201201T000000Z,Two deaths and 325 new cases of COVID - 19 in Saskatchewan,https://panow.com/2020/11/30/two-deaths-and-325-new-cases-of-covid-19-in-saskatchewan/,panow.com,English,0,1,0,0,CPI
20201201T001500Z,Walz says details coming on first vaccines for Minnesota,https://www.mankatofreepress.com/region/walz-says-details-coming-on-first-vaccines-for-minnesota/article_bb361049-a3a1-53a8-8c61-2efd955771e6.html,mankatofreepress.com,English,0,1,0,0,CPI
20201201T001500Z,Walz says details coming on first vaccines for Minnesota,https://www.michigansthumb.com/news/article/Walz-says-details-coming-on-first-vaccines-for-15764386.php,michigansthumb.com,English,0,1,0,0,CPI
20201201T001500Z,Walz says details coming on first vaccines for Minnesota,https://www.titusvilleherald.com/news/state_news/article_180260db-2d14-5746-bff5-10aadd4f073b.html,titusvilleherald.com,English,0,1,0,0,CPI
20201201T001500Z,"Glycerine Market : Astonishing Growth , Technology , Trend By Leading Companies , Regional Outlook end of 2028",https://www.marketwatch.com/press-release/glycerine-market-astonishing-growth-technology-trend-by-leading-companies-regional-outlook-end-of-2028-2020-11-30,marketwatch.com,English,0,0.833,0.167,0.3818,CPI
20201201T001500Z,Digital Printing Packaging Market Inclinations & Development Status Highlighted During Forecast Period 2017 2027,https://www.marketwatch.com/press-release/digital-printing-packaging-market-inclinations-development-status-highlighted-during-forecast-period-2017-2027-2020-11-30,marketwatch.com,English,0,1,0,0,CPI
20201201T001500Z,"Virtual symposium celebrates U of T discovery of insulin , looks to future of diabetes research",https://www.utoronto.ca/news/virtual-symposium-celebrates-u-t-s-discovery-insulin-looks-future-diabetes-research,utoronto.ca,English,0,0.764,0.236,0.5719,CPI
20201201T003000Z,Walz says details coming on first vaccines for Minnesota,https://madison.com/news/national/govt-and-politics/walz-says-details-coming-on-first-vaccines-for-minnesota/article_9eef1ebd-b61e-5a2d-a373-be2a453bc82c.html,madison.com,English,0,1,0,0,CPI
20201201T003000Z,"2 indigenous SD lawmakers ask Gov . Noem for state mask mandate , as COVID - 19 cases top 80 , 000",https://www.jamestownsun.com/newsmd/coronavirus/6782179-2-indigenous-SD-lawmakers-ask-Gov.-Noem-for-state-mask-mandate-as-COVID-19-cases-top-80000,jamestownsun.com,English,0,0.899,0.101,0.2023,CPI
20201201T003000Z,Navajo artist Emma Robbins is bringing tap water and solar power to hundreds of homes that never had it before,https://www.businessinsider.in/science/health/news/navajo-artist-emma-robbins-is-bringing-tap-water-and-solar-power-to-hundreds-of-homes-that-never-had-it-before/articleshow/79501166.cms,businessinsider.in,English,0,1,0,0,CPI
20201201T003000Z,Ottawa promises $1 billion for provinces to improve long - term care,https://ipolitics.ca/2020/11/30/ottawa-promises-1-billion-for-provinces-to-improve-long-term-care/,ipolitics.ca,English,0,0.479,0.521,0.8271,CPI
20201201T003000Z,Op - Ed : Joe Biden net - zero isnt normal | National,https://www.ktbs.com/news/national/op-ed-joe-biden-s-net-zero-isn-t-normal/article_b618e0a3-7cb4-5c96-be0d-7a2671908135.html,ktbs.com,English,0,1,0,0,CPI
20201201T003000Z,Op - Ed : Joe Biden net - zero isnt normal | National,https://www.purdueexponent.org/news/national/article_457021ba-14cc-54a7-9053-c6b090f46539.html,purdueexponent.org,English,0,1,0,0,CPI
20201201T003000Z,Evening Brief : Historic deficit and a recession  like no other we have faced  ,https://ipolitics.ca/2020/11/30/evening-brief-historic-deficit-and-a-recession-like-no-other-we-have-faced/,ipolitics.ca,English,0.423,0.44,0.137,-0.6369,CPI
20201201T003000Z,Bancassurance Market Size USD 2249 Million by 2026 at CAGR 1 . 9 % ,https://www.prnewswire.com/in/news-releases/bancassurance-market-size-usd-2249-million-by-2026-at-cagr-1-9-valuates-reports-823860239.html,prnewswire.com,English,0,1,0,0,CPI
20201201T003000Z,Lebanon Economic Monitor : The Deliberate Depression ( Fall 2020 ) - Lebanon,https://reliefweb.int/report/lebanon/lebanon-economic-monitor-deliberate-depression-fall-2020,reliefweb.int,English,0.316,0.684,0,-0.5719,CPI
20201201T003000Z,Walz says details coming on first vaccines for Minnesota,https://apnews.com/c2e79676adf9ce53be07fc96acd5c274,apnews.com,English,0,1,0,0,CPI
20201201T003000Z,Results from North Dakota COVID - 19 testing events delayed as country sees cases spike,https://www.jamestownsun.com/newsmd/coronavirus/6781850-Results-from-North-Dakotas-COVID-19-testing-events-delayed-as-country-sees-cases-spike,jamestownsun.com,English,0.128,0.872,0,-0.2263,CPI
20201201T003000Z,CT has 3rd highest COVID death rate in U . S . ,https://www.middletownpress.com/local/article/CT-has-3rd-highest-COVID-death-rate-in-U-S-15764014.php,middletownpress.com,English,0.358,0.642,0,-0.5994,CPI
20201201T003000Z,Walz says details coming on first vaccines for Minnesota,https://www.washingtontimes.com/news/2020/nov/30/walz-says-details-coming-on-first-vaccines-for-min/,washingtontimes.com,English,0,1,0,0,CPI
20201201T004500Z,Govt aims to lower NRW to ensure water security,https://www.thestar.com.my/news/nation/2020/12/01/govt-aims-to-lower-nrw-to-ensure-water-security,thestar.com.my,English,0.167,0.455,0.379,0.4215,CPI
20201201T004500Z,Indonesia COVID - 19 recession is a wake - up call - Nikkei Asia,https://asia.nikkei.com/Opinion/Indonesia-s-COVID-19-recession-is-a-wake-up-call,asia.nikkei.com,English,0.237,0.763,0,-0.4215,CPI
20201201T004500Z,Jordanian documentary  Tiny Soul debuts in Tokyo,http://www.jordantimes.com/news/local/jordanian-documentary-%E2%80%98tiny-souls%E2%80%99-debuts-tokyo,jordantimes.com,English,0,1,0,0,CPI
20201201T004500Z,Walz says details coming on first vaccines for Minnesota,https://lebanon-express.com/news/national/govt-and-politics/walz-says-details-coming-on-first-vaccines-for-minnesota/article_e3188cee-5eb2-53d7-bdd7-438aba6bfcb2.html,lebanon-express.com,English,0,1,0,0,CPI
20201201T004500Z,"2 indigenous SD lawmakers ask Gov . Noem for state mask mandate , as COVID - 19 cases top 80 , 000",https://www.wctrib.com/newsmd/coronavirus/6782179-2-indigenous-SD-lawmakers-ask-Gov.-Noem-for-state-mask-mandate-as-COVID-19-cases-top-80000,wctrib.com,English,0,0.899,0.101,0.2023,CPI
20201201T004500Z,CT has 3rd highest COVID death rate in U . S . ,https://www.greenwichtime.com/local/article/CT-has-3rd-highest-COVID-death-rate-in-U-S-15764014.php,greenwichtime.com,English,0.358,0.642,0,-0.5994,CPI
20201201T004500Z,Walz says details coming on first vaccines for Minnesota,https://starherald.com/news/national/govt-and-politics/walz-says-details-coming-on-first-vaccines-for-minnesota/article_49a4ef22-5736-5e3e-81ce-ccd03fba9290.html,starherald.com,English,0,1,0,0,CPI
20201201T004500Z,Governor : Florida to get up to 2 million coronavirus vaccines by end of year,https://www.clickorlando.com/news/local/2020/11/30/governor-florida-to-get-up-to-2-million-coronavirus-vaccines-by-end-of-year/,clickorlando.com,English,0,1,0,0,CPI
20201201T004500Z,"Victoria budget : Loss of AAA credit rating would cost Victoria up to $10m per year , Treasury reveals",https://www.brisbanetimes.com.au/national/victoria/loss-of-aaa-credit-rating-would-cost-victoria-up-to-10m-per-year-treasury-reveals-20201201-p56jfh.html,brisbanetimes.com.au,English,0.111,0.676,0.213,0.2732,CPI
20201201T010000Z,The Wuhan files,https://rapidcityjournal.com/news/world/the-wuhan-files/article_395779fb-dc6d-568f-a676-da54502650c0.html,rapidcityjournal.com,English,0,1,0,0,CPI
20201201T010000Z,The Cities Where Youre Safest and Where You Arent From 2020 Many Pitfalls,https://www.thetelegraph.com/realestate/article/The-Cities-Where-You-re-Safest-and-Where-You-15764327.php,thetelegraph.com,English,0,0.816,0.184,0.4019,CPI
20201201T010000Z,Colorado cities rank low on  safest cities in U list,https://www.outtherecolorado.com/news/colorado-cities-rank-low-on-safest-cities-in-us-list/article_38232bfe-3328-11eb-a200-7b22a0285730.html,outtherecolorado.com,English,0.178,0.593,0.229,0.1531,CPI
20201201T010000Z,Walz says details coming on first vaccines for Minnesota,https://omaha.com/news/national/govt-and-politics/walz-says-details-coming-on-first-vaccines-for-minnesota/article_0ce4bfb2-9200-5dd4-8d94-535d09f7fe50.html,omaha.com,English,0,1,0,0,CPI
20201201T010000Z,Results from North Dakota COVID - 19 testing events delayed as country sees cases spike,https://www.inforum.com/newsmd/coronavirus/6781850-Results-from-North-Dakotas-COVID-19-testing-events-delayed-as-country-sees-cases-spike,inforum.com,English,0.128,0.872,0,-0.2263,CPI
20201201T010000Z,CT has 3rd highest COVID death rate in U . S . ,https://www.newstimes.com/local/article/CT-has-3rd-highest-COVID-death-rate-in-U-S-15764014.php,newstimes.com,English,0.358,0.642,0,-0.5994,CPI
20201201T011500Z,An all - out trade war with China would cost Australia 6 % of GDP,https://www.irishsun.com/news/267124880/an-all-out-trade-war-with-china-would-cost-australia-6-of-gdp,irishsun.com,English,0.262,0.738,0,-0.5994,CPI
20201201T011500Z,"Victoria budget : Loss of AAA credit rating would cost Victoria up to $10m per year , Treasury reveals",https://www.smh.com.au/national/victoria/loss-of-aaa-credit-rating-would-cost-victoria-up-to-10m-per-year-treasury-reveals-20201201-p56jfh.html,smh.com.au,English,0.111,0.676,0.213,0.2732,CPI
20201201T011500Z,Results from North Dakota COVID - 19 testing events delayed as country sees cases spike,https://www.thedickinsonpress.com/newsmd/coronavirus/6781850-Results-from-North-Dakotas-COVID-19-testing-events-delayed-as-country-sees-cases-spike,thedickinsonpress.com,English,0.128,0.872,0,-0.2263,CPI
20201201T011500Z,Bulgarian doctors exhausted as COVID deaths hit record,https://www.reuters.com/article/us-health-coronavirus-bulgaria-idUKKBN28A2J9,reuters.com,English,0.263,0.737,0,-0.3612,CPI
20201201T011500Z,The Cities Where Youre Safest - and Where You Arent - From 2020 Many Pitfalls,https://www.sfgate.com/realestate/article/The-Cities-Where-You-re-Safest-and-Where-You-15764327.php,sfgate.com,English,0,0.816,0.184,0.4019,CPI
20201201T011500Z,New Mexico governor answers COVID reopening questions,https://www.demingheadlight.com/story/news/2020/11/30/live-new-mexico-governor-answers-covid-reopening-questions/6466480002/,demingheadlight.com,English,0,1,0,0,CPI
20201201T013000Z,Trump Last Minute Healthcare Regulations,https://www.natlawreview.com/article/trump-administration-issues-flurry-last-minute-healthcare-regulations-what-will,natlawreview.com,English,0,1,0,0,CPI
20201201T013000Z,The Wuhan files,https://www.stltoday.com/news/world/the-wuhan-files/article_59b85caf-9eaa-5284-b622-ffb80f329b0a.html,stltoday.com,English,0,1,0,0,CPI
20201201T013000Z,Liberal magazine publishes one of the harshest criticisms of Andrew Cuomo,https://www.washingtonexaminer.com/opinion/liberal-magazine-publishes-one-of-the-harshest-criticisms-of-andrew-cuomo,washingtonexaminer.com,English,0.392,0.608,0,-0.7003,CPI
20201201T013000Z,"India 10 - year growth one of the biggest laggards in Asia , EM peers",https://www.business-standard.com/article/economy-policy/india-s-10-year-growth-one-of-the-biggest-laggards-in-asia-em-peers-120113001325_1.html,business-standard.com,English,0,0.822,0.178,0.3818,CPI
20201201T013000Z,The Wuhan files,https://www.lakegenevanews.net/news/world/the-wuhan-files/article_6d2fdae9-9cb3-5168-8bb1-68f9864913ab.html,lakegenevanews.net,English,0,1,0,0,CPI
20201201T013000Z,As it happened : New Mexico Gov . takes questions on  red - yellow - green  coronavirus reopening,https://www.msn.com/en-us/news/us/live-new-mexico-governor-takes-questions-on-red-yellow-green-coronavirus-reopening/ar-BB1bvfE9,msn.com,English,0,1,0,0,CPI
20201201T013000Z,State COVID toll accelerated in November,https://www.startribune.com/minnesota-covid-19-pandemic-accelerated-in-november/573236071/,startribune.com,English,0,1,0,0,CPI
20201201T014500Z,political conventions – Field of Schemes,http://www.fieldofschemes.com/category/misc/political-conventions/,fieldofschemes.com,English,0,1,0,0,CPI
20201201T014500Z,"COVID - 19 vaccines are coming . But first , a long and dark winter . ",http://www.chicagotribune.com/coronavirus/ct-nw-nyt-covid-vaccines-winter-20201201-mfaf2kr3ybc23gddd6wbvduk5m-story.html,chicagotribune.com,English,0,1,0,0,CPI
20201201T014500Z,Charlotte Hornets – Field of Schemes,http://www.fieldofschemes.com/category/nba/charlotte-bobcats/,fieldofschemes.com,English,0,1,0,0,CPI
20201201T014500Z,The Wuhan files,https://www.henryherald.com/news/world_nation/the-wuhan-files/article_83168a6c-6aad-59b1-80d4-c5656832bb8e.html,henryherald.com,English,0,1,0,0,CPI
20201201T014500Z,Even New Brunswick worst COVID case count is well behind most provinces,https://www.cbc.ca/news/canada/new-brunswick/new-brunswick-covid-statistics-1.5822254,cbc.ca,English,0.253,0.617,0.13,-0.4588,CPI
20201201T014500Z,"Lebanon is in a Deliberate Depression with Unprecedented Consequences for its Human Capital , Stability , and Prosperity",https://www.worldbank.org/en/news/press-release/2020/11/30/lebanon-is-in-a-deliberate-depression-with-unprecedented-consequences-for-its-human-capital-stability-and-prosperity,worldbank.org,English,0.209,0.791,0,-0.5719,CPI
20201201T014500Z,"COVID - 19 vaccines are coming . But first , a long and dark winter . ",http://www.mcall.com/coronavirus/ct-nw-nyt-covid-vaccines-winter-20201201-mfaf2kr3ybc23gddd6wbvduk5m-story.html,mcall.com,English,0,1,0,0,CPI
20201201T014500Z,Walz says details coming on first vaccines for Minnesota,https://www.aberdeennews.com/ap/state/walz-says-details-coming-on-first-vaccines-for-minnesota/article_26239a3a-37a3-568b-a43f-bda03dc1dee0.html,aberdeennews.com,English,0,1,0,0,CPI
20201201T014500Z,CT has 3rd highest COVID death rate in U . S . ,https://www.newmilfordspectrum.com/local/article/CT-has-3rd-highest-COVID-death-rate-in-U-S-15764014.php,newmilfordspectrum.com,English,0.358,0.642,0,-0.5994,CPI
20201201T014500Z,FC Dallas – Field of Schemes,http://www.fieldofschemes.com/category/mls/fc-dallas/,fieldofschemes.com,English,0,1,0,0,CPI
20201201T014500Z,"COVID - 19 vaccines are coming . But first , a long and dark winter . ",http://www.sun-sentinel.com/coronavirus/ct-nw-nyt-covid-vaccines-winter-20201201-mfaf2kr3ybc23gddd6wbvduk5m-story.html,sun-sentinel.com,English,0,1,0,0,CPI
20201201T014500Z,Results from North Dakota COVID - 19 testing events delayed as country sees cases spike,https://www.grandforksherald.com/newsmd/coronavirus/6781850-Results-from-North-Dakotas-COVID-19-testing-events-delayed-as-country-sees-cases-spike,grandforksherald.com,English,0.128,0.872,0,-0.2263,CPI
20201201T014500Z,Kansas City Chiefs – Field of Schemes,http://www.fieldofschemes.com/category/nfl/kansas-city-chiefs/,fieldofschemes.com,English,0,1,0,0,CPI
20201201T014500Z,Houston Texans – Field of Schemes,http://www.fieldofschemes.com/category/nfl/houston-texans/,fieldofschemes.com,English,0,1,0,0,CPI
20201201T014500Z,Doctors hope virus downtick holds as deadliest month ends,https://www.aberdeennews.com/ap/state/doctors-hope-virus-downtick-holds-as-deadliest-month-ends/article_634f6b72-a9d3-5071-b8ae-12316309aaec.html,aberdeennews.com,English,0,0.734,0.266,0.4404,CPI
20201201T020000Z,Walz says details coming on first vaccines for Minnesota,https://www.startribune.com/walz-says-details-coming-on-first-vaccines-for-minnesota/573241781/,startribune.com,English,0,1,0,0,CPI
20201201T020000Z,"Scott Atlas , Trump medical adviser who clashed with public health experts , resigns",https://www.nbcnews.com/news/us-news/live-blog/2020-11-30-covid-updates-n1249315/ncrd1249463,nbcnews.com,English,0.173,0.827,0,-0.3182,CPI
20201201T020000Z,The Wuhan files,https://www.news-daily.com/news/world_nation/the-wuhan-files/article_fca1b2e1-bb34-5a41-a008-026477863a64.html,news-daily.com,English,0,1,0,0,CPI
20201201T020000Z,Walz says details coming on first vaccines for Minnesota,https://missoulian.com/news/national/govt-and-politics/walz-says-details-coming-on-first-vaccines-for-minnesota/article_9bb5d42e-d94c-5060-aa69-ff273a952005.html,missoulian.com,English,0,1,0,0,CPI
20201201T020000Z,Florida mask mandate : Governor says it not happening,https://www.wesh.com/article/florida-mask-mandate-covid-cases-rising/34826700,wesh.com,English,0,1,0,0,CPI
20201201T020000Z,"2 indigenous SD lawmakers ask Gov . Noem for state mask mandate , as COVID - 19 cases top 80 , 000",https://www.mitchellrepublic.com/newsmd/coronavirus/6782179-2-indigenous-SD-lawmakers-ask-Gov.-Noem-for-state-mask-mandate-as-COVID-19-cases-top-80000,mitchellrepublic.com,English,0,0.899,0.101,0.2023,CPI
20201201T020000Z,"Ravens - Steelers game postponed a third time , now scheduled for Wednesday",https://www.nbcnews.com/news/us-news/live-blog/2020-11-30-covid-updates-n1249315/ncrd1249446,nbcnews.com,English,0.167,0.833,0,-0.2023,CPI
20201201T020000Z,Cooking gas prices set to rise as demand surges in Asia,https://www.businessdailyafrica.com/bd/markets/market-news/cooking-gas-prices-set-to-rise-as-demand-surges-in-asia-3214634,businessdailyafrica.com,English,0.13,0.87,0,-0.128,CPI
20201201T020000Z,Miami - Dade County Mayor tests positive for Covid - 19,https://www.nbcnews.com/news/us-news/live-blog/2020-11-30-covid-updates-n1249315/ncrd1249445,nbcnews.com,English,0,0.69,0.31,0.5574,CPI
20201201T021500Z,An all - out trade war with China would cost Australia 6 % of GDP,https://www.europesun.com/news/267124880/an-all-out-trade-war-with-china-would-cost-australia-6-of-gdp,europesun.com,English,0.262,0.738,0,-0.5994,CPI
20201201T021500Z,Village profits from natural outlook,http://usa.chinadaily.com.cn/a/202012/01/WS5fc59d69a31024ad0ba9904d.html,usa.chinadaily.com.cn,English,0,0.357,0.643,0.6597,CPI
20201201T021500Z,Alberta not likely to pursue  COVID - zero  as case numbers continue to climb sharply,https://calgary.ctvnews.ca/alberta-not-likely-to-pursue-covid-zero-as-case-numbers-continue-to-climb-sharply-1.5211167,calgary.ctvnews.ca,English,0,1,0,0,CPI
20201201T021500Z,"COVID - 19 vaccines are coming . But first , a long and dark winter . ",http://www.orlandosentinel.com/coronavirus/ct-nw-nyt-covid-vaccines-winter-20201201-mfaf2kr3ybc23gddd6wbvduk5m-story.html,orlandosentinel.com,English,0,1,0,0,CPI
20201201T021500Z,"2 indigenous SD lawmakers ask Gov . Noem for state mask mandate , as COVID - 19 cases top 80 , 000",https://www.dglobe.com/newsmd/coronavirus/6782179-2-indigenous-SD-lawmakers-ask-Gov.-Noem-for-state-mask-mandate-as-COVID-19-cases-top-80000,dglobe.com,English,0,0.899,0.101,0.2023,CPI
20201201T021500Z,Leaked documents reveal China mishandling of the early stages of Covid - 19 pandemic,http://www.msn.com/en-us/health/medical/leaked-documents-reveal-china-s-mishandling-of-the-early-stages-of-covid-19-pandemic/ar-BB1bviKm,msn.com,English,0.161,0.839,0,-0.3182,CPI
20201201T021500Z,"Lebanon is in a Deliberate Depression with Unprecedented Consequences for its Human Capital , Stability",https://www.miragenews.com/lebanon-is-in-a-deliberate-depression-with-unprecedented-consequences-for-its-human-capital-stability/,miragenews.com,English,0.236,0.764,0,-0.5719,CPI
20201201T023000Z,"Forsyth , Guilford remain ranked Tier 2 for economic health in 2021",https://journalnow.com/business/local/forsyth-guilford-remain-ranked-tier-2-for-economic-health-in-2021/article_d019dbf2-3359-11eb-a0a9-9f4f2710a71d.html,journalnow.com,English,0,1,0,0,CPI
20201201T023000Z,"Victoria budget : Loss of AAA credit rating would cost Victoria up to $10m per year , Treasury reveals",https://www.theage.com.au/national/victoria/loss-of-aaa-credit-rating-would-cost-victoria-up-to-10m-per-year-treasury-reveals-20201201-p56jfh.html,theage.com.au,English,0.111,0.676,0.213,0.2732,CPI
20201201T023000Z,As it happened : New Mexico Gov . takes questions on  red - yellow - green  coronavirus reopening,https://www.msn.com/en-us/news/us/as-it-happened-new-mexico-gov-takes-questions-on-red-yellow-green-coronavirus-reopening/ar-BB1bvfE9,msn.com,English,0,1,0,0,CPI
20201201T023000Z,"245 New Cases , Shasta Exceeds Purple Tier Limit – anewscafe . com",https://anewscafe.com/2020/11/30/redding/245-new-cases-shasta-exceeds-purple-tier-limit/,anewscafe.com,English,0,1,0,0,CPI
20201201T024500Z,No end in sight to Ottawa pandemic spending,https://www.winnipegfreepress.com/local/no-end-in-sight-to-ottawas-pandemic-spending-573242681.html,winnipegfreepress.com,English,0.239,0.761,0,-0.296,CPI
20201201T024500Z,"COVID - 19 vaccines are coming . But first , a long and dark winter . ",http://www.dailypress.com/coronavirus/ct-nw-nyt-covid-vaccines-winter-20201201-mfaf2kr3ybc23gddd6wbvduk5m-story.html,dailypress.com,English,0,1,0,0,CPI
20201201T024500Z,The Wuhan files,https://www.albanyherald.com/news/world_nation/the-wuhan-files/article_e698eaed-b31a-593c-aca5-7174742298fb.html,albanyherald.com,English,0,1,0,0,CPI
20201201T024500Z,Undefended western border leaves Manitoba vulnerable to COVID - 19,https://www.winnipegfreepress.com/special/coronavirus/undefended-western-border-leaves-manitoba-vulnerable-573240271.html,winnipegfreepress.com,English,0.192,0.808,0,-0.2263,CPI
20201201T024500Z,Pitt County sees improvement in state economic development rankings,https://www.reflector.com/news/pitt-county-sees-improvement-in-state-economic-development-rankings/article_85ca946f-ca7f-5dc8-83ed-08eabed366b8.html,reflector.com,English,0,0.727,0.273,0.4588,CPI
20201201T024500Z,Undefended western border leaves Manitoba vulnerable to COVID - 19,https://www.winnipegfreepress.com/local/undefended-western-border-leaves-manitoba-vulnerable-573240271.html,winnipegfreepress.com,English,0.192,0.808,0,-0.2263,CPI
20201201T024500Z,No end in sight to Ottawa pandemic spending,https://www.winnipegfreepress.com/special/coronavirus/no-end-in-sight-to-ottawas-pandemic-spending-573242681.html,winnipegfreepress.com,English,0.239,0.761,0,-0.296,CPI
20201201T024500Z,"Kemp to prioritize nursing homes , health care workers once COVID - 19 vaccine is available",https://www.mdjonline.com/tribune/georgia/kemp-to-prioritize-nursing-homes-health-care-workers-once-covid-19-vaccine-is-available/article_963df1b5-45f6-52cb-a507-95687c296bbd.html,mdjonline.com,English,0,0.802,0.198,0.4939,CPI
20201201T024500Z,New Mexico governor answers COVID reopening questions,https://www.ruidosonews.com/story/news/2020/11/30/live-new-mexico-governor-answers-covid-reopening-questions/6466480002/,ruidosonews.com,English,0,1,0,0,CPI
20201201T024500Z,Village profits from natural outlook,http://europe.chinadaily.com.cn/a/202012/01/WS5fc59d69a31024ad0ba9904d.html,europe.chinadaily.com.cn,English,0,0.357,0.643,0.6597,CPI
20201201T024500Z,A 360 - degree pivot,https://trinidadexpress.com/opinion/columnists/a-360-degree-pivot/article_224c2dd6-3377-11eb-a2dc-474cf6f2e9c1.html,trinidadexpress.com,English,0,1,0,0,CPI
20201201T030000Z,A Raft Of Coronavirus Restrictions Have Been Eased In Time For Christmas [ Headlines ] – Hope 103 . 2,https://hope1032.com.au/stories/life/news/2020/a-raft-of-coronavirus-restrictions-have-been-eased-in-time-for-christmas-headlines/,hope1032.com.au,English,0,0.702,0.298,0.6249,CPI
20201201T031500Z,,https://cnnphilippines.com:443/world/2020/12/1/CNN-Exclusive-Wuhan-files-China-mishandling-early-COVID-19-crisis.html,cnnphilippines.com,English,0,0,0,0,CPI
20210201T000000Z,"Israel says to send 5 , 000 vaccine doses to Palestinians",http://jordantimes.com/news/region/israel-says-send-5000-vaccine-doses-palestinians,jordantimes.com,English,0,1,0,0,CPI
20210201T000000Z,"Ultra - Orthodox funeral in Jerusalem draws thousands , flouting Covid rules",https://www.thenationalnews.com/mena/ultra-orthodox-funeral-in-jerusalem-draws-thousands-flouting-covid-rules-1.1157164,thenationalnews.com,English,0.217,0.783,0,-0.3612,CPI
20210201T000000Z,Lebanese security forces and protesters clash in Tripoli,http://jordantimes.com/news/region/lebanese-security-forces-and-protesters-clash-tripoli,jordantimes.com,English,0.184,0.583,0.233,0.128,CPI
20210201T000000Z,"Sask . COVID - 19 update : 238 new cases , 223 recoveries , four deaths",https://www.estevanmercury.ca/news/sask-covid-19-update-238-new-cases-223-recoveries-four-deaths-1.24275239,estevanmercury.ca,English,0,1,0,0,CPI
20210201T001500Z,Analysis : States with the largest ( and smallest ) tax burden,https://www.livingstonparishnews.com/breaking_news/analysis-states-with-the-largest-and-smallest-tax-burden/article_f37f2576-641d-11eb-bc75-e3606ec9327c.html,livingstonparishnews.com,English,0.266,0.734,0,-0.4404,CPI
20210201T001500Z,"Thousands join in Jerusalem funeral , flout pandemic rules",https://www.cp24.com/world/thousands-join-in-jerusalem-funeral-flout-pandemic-rules-1.5289797,cp24.com,English,0.234,0.561,0.206,-0.0772,CPI
20210201T001500Z,Opinion : What Canada can learn from Australia to boost our dismal productivity growth,https://www.theglobeandmail.com/business/commentary/article-what-canada-can-learn-from-australia-to-boost-our-dismal-productivity/,theglobeandmail.com,English,0.207,0.518,0.275,0.0772,CPI
20210201T003000Z,"Bus falls off cliff in northern Ethiopia , killing at least 24",https://www.bignewsnetwork.com/news/267699578/bus-falls-off-cliff-in-northern-ethiopia-killing-at-least-24,bignewsnetwork.com,English,0.306,0.694,0,-0.6597,CPI
20210201T003000Z,Masks no hardship,https://www.bangkokpost.com/opinion/opinion/2060271/masks-no-hardship,bangkokpost.com,English,0.818,0.182,0,-0.5423,CPI
20210201T004500Z,Lebanese security forces and protesters clash in Tripoli,http://www.jordantimes.com/news/region/lebanese-security-forces-and-protesters-clash-tripoli,jordantimes.com,English,0.184,0.583,0.233,0.128,CPI
20210201T004500Z,"Thousands join in Jerusalem funerals , flout pandemic rules",https://www.sunstar.com.ph/article/1884520/Network/Local-News/Thousands-join-in-Jerusalem-funerals-flout-pandemic-rules,sunstar.com.ph,English,0.241,0.556,0.204,-0.1027,CPI
20210201T004500Z,"Jumpstart the electric vehicle industry , Putrajaya told",https://www.freemalaysiatoday.com/category/nation/2021/02/01/jumpstart-the-electric-vehicle-industry-putrajaya-told/,freemalaysiatoday.com,English,0,1,0,0,CPI
20210201T004500Z,Where have all the vaccine doses gone ? Incomplete data leaves that an open question,https://newsadvance.com/news/local/where-have-all-the-vaccine-doses-gone-incomplete-data-leaves-that-an-open-question/article_d2ec39fa-97bd-5e1a-a841-334ded0e05da.html,newsadvance.com,English,0,1,0,0,CPI
20210201T004500Z,"238 new COVID - 19 cases , four deaths , 223 recoveries",https://panow.com/2021/01/31/238-new-covid-19-cases-four-deaths-223-recoveries/,panow.com,English,0,1,0,0,CPI
20210201T010000Z,"Thousands join in Jerusalem funerals , flout pandemic rules",https://www.westport-news.com/news/article/Thousands-join-in-Jerusalem-funeral-flout-15911918.php,westport-news.com,English,0.241,0.556,0.204,-0.1027,CPI
20210201T010000Z,Australia economic forecasters are suddenly optimistic about 2021,https://www.smartcompany.com.au/finance/economy/economic-forecasters-optimistic-australia-2021/,smartcompany.com.au,English,0,0.753,0.247,0.3182,CPI
20210201T011500Z,"Thousands join in Jerusalem funerals , flout pandemic rules",https://www.sharonherald.com/news/nation/thousands-join-in-jerusalem-funerals-flout-pandemic-rules/article_31b2e18c-a435-59fe-bfea-242f164083fa.html,sharonherald.com,English,0.241,0.556,0.204,-0.1027,CPI
20210201T011500Z,"Thousands join in Jerusalem funerals , flout pandemic rules",https://www.kob.com/health-news/thousands-join-in-jerusalem-funeral-flout-pandemic-rules/5996685/?cat=605,kob.com,English,0.241,0.556,0.204,-0.1027,CPI
20210201T011500Z,External reserves hit $36 . 39bn on improved crude oil price,https://punchng.com/external-reserves-hit-36-39bn-on-improved-crude-oil-price/,punchng.com,English,0.25,0.541,0.209,-0.1531,CPI
20210201T011500Z,Daily Report : Arkansas Dept . of Health monitoring COVID - 19,https://www.kait8.com/2021/01/31/daily-report-arkansas-dept-health-monitoring-covid-/,kait8.com,English,0,1,0,0,CPI
20210201T011500Z,Sunday COVID data : Death total climbs by 9 as hospitalizations dip slightly,https://www.silive.com/coronavirus/2021/01/sundays-covid-data-death-total-climbs-by-9-as-hospitalizations-dip-slightly.html,silive.com,English,0.281,0.719,0,-0.5994,CPI
20210201T011500Z,"Thousands join in Jerusalem funerals , flout pandemic rules",https://www.idahopress.com/news/world/thousands-join-in-jerusalem-funerals-flout-pandemic-rules/article_0e7dab17-5a06-50e9-b453-036d7861bdf5.html,idahopress.com,English,0.241,0.556,0.204,-0.1027,CPI
20210201T013000Z,"Thousands join in Jerusalem funerals , flout pandemic rules",https://www.sheltonherald.com/news/article/Thousands-join-in-Jerusalem-funeral-flout-15911918.php,sheltonherald.com,English,0.241,0.556,0.204,-0.1027,CPI
20210201T013000Z,Tricor Group Releases 2021 Asia Pacific Trade Report Focusing on Impact of RCEP on Vietnam and COVID - 19 Recovery,https://apnews.com/press-release/business-wire/business-government-business-and-finance-international-relations-asia-international-agreements-55c255748be0417c9e2429c979e8bd69,apnews.com,English,0,1,0,0,CPI
20210201T013000Z,Healthcare budget 2021 - 22 I What healthcare sector wants from pandemic budget 2021 healthcare experts weigh in,https://www.timesnownews.com/business-economy/budget/article/what-healthcare-sector-wants-from-pandemic-budget-2021-healthcare-experts-weigh-in/714172,timesnownews.com,English,0,1,0,0,CPI
20210201T013000Z,Arkansas Governor discusses reasons for slower rollout of coronavirus vaccines,https://www.4029tv.com/article/arkansas-governor-discusses-reasons-for-slower-rollout-of-coronavirus-vaccines/35375543,4029tv.com,English,0,1,0,0,CPI
20210201T013000Z,"Singapore is building a 42 , 000 - home eco  smart  city",https://www.cnn.com/style/article/singapore-tengah-eco-town/,cnn.com,English,0,0.748,0.252,0.4019,CPI
20210201T013000Z,"Thousands join in Jerusalem funerals , flout pandemic rules",https://www.newstimes.com/news/article/Thousands-join-in-Jerusalem-funeral-flout-15911918.php,newstimes.com,English,0.241,0.556,0.204,-0.1027,CPI
20210201T014500Z,Progressive Charlestown,http://www.progressive-charlestown.com/search?updated-max=2021-01-29T16:04:00-05:00&max-results=15,progressive-charlestown.com,English,0,1,0,0,CPI
20210201T020000Z,Dont give up on Sri Lanka – The Island,https://island.lk/dont-give-up-on-sri-lanka/,island.lk,English,0,1,0,0,CPI
20210201T020000Z,"Notice Regarding Business Alliance With BSMO Co ., Ltd . and SBI Africa Co ., Ltd . ",https://www.globalbankingandfinance.com/category/news/notice-regarding-business-alliance-with-bsmo-co-ltd-and-sbi-africa-co-ltd/,globalbankingandfinance.com,English,0,1,0,0,CPI
20210201T020000Z,Tricor Group Releases 2021 Asia Pacific Trade Report Focusing on Impact of RCEP on Vietnam and COVID - 19 Recovery,https://www.businesswire.com/news/home/20210131005054/en/Tricor-Group-Releases-2021-Asia-Pacific-Trade-Report-Focusing-on-Impact-of-RCEP-on-Vietnam-and-COVID-19-Recovery,businesswire.com,English,0,1,0,0,CPI
20210201T020000Z,"Thousands join in Jerusalem funerals , flout pandemic rules",https://www.registercitizen.com/news/article/Thousands-join-in-Jerusalem-funeral-flout-15911918.php,registercitizen.com,English,0.241,0.556,0.204,-0.1027,CPI
20210201T021500Z,2021 State of the State : Illinois economy weak before COVID - 19,https://www.illinoispolicy.org/2021-state-of-the-state-illinois-economy-weak-before-covid-19/,illinoispolicy.org,English,0.225,0.775,0,-0.4404,CPI
20210201T021500Z,"Thousands join in Jerusalem funerals , flout pandemic rules",https://www.indiatoday.in/world/story/thousands-join-in-jerusalem-funerals-flout-pandemic-rules-1764584-2021-02-01,indiatoday.in,English,0.241,0.556,0.204,-0.1027,CPI
20210201T021500Z,"Wisconsin tops 1 , 000 daily virus cases , lists 3 new deaths",https://www.cbs58.com/news/wisconsin-tops-1-000-daily-virus-cases-lists-3-new-deaths,cbs58.com,English,0,0.708,0.292,0.5106,CPI
20210201T021500Z,"Thousands join in Jerusalem funerals , flout pandemic rules",https://www.rockymounttelegram.com/news/world/thousands-join-in-jerusalem-funerals-flout-pandemic-rules/article_49f8b6f3-18eb-5694-bf17-4b14f61795bb.html,rockymounttelegram.com,English,0.241,0.556,0.204,-0.1027,CPI
20210201T023000Z,"Thousands join in Jerusalem funerals , flout pandemic rules",https://www.voiceofalexandria.com/everything_else/health_and_beauty/thousands-join-in-jerusalem-funerals-flout-pandemic-rules/article_853248c5-0693-54e0-ae8c-79c4664104f6.html,voiceofalexandria.com,English,0.241,0.556,0.204,-0.1027,CPI
20210201T023000Z,Why COVID - 19 wont kill cities | Architecture & Design,https://www.architectureanddesign.com.au/features/features-articles/why-covid-19-won-t-kill-cities,architectureanddesign.com.au,English,0,0.652,0.348,0.5773,CPI
20210201T024500Z,"Israel says to send 5 , 000 vaccine doses to Palestinians",http://www.jordantimes.com/news/region/israel-says-send-5000-vaccine-doses-palestinians,jordantimes.com,English,0,1,0,0,CPI
20210201T024500Z,"Minnesota Shows Nearly 1 , 000 New Virus Cases , 13 New Deaths",https://www.fox21online.com/2021/01/31/minnesota-shows-nearly-1000-new-virus-cases-13-new-deaths/,fox21online.com,English,0,1,0,0,CPI
20210201T024500Z,"Wisconsin Tops 1 , 000 Daily Virus Cases , Lists 3 New Deaths",https://www.fox21online.com/2021/01/31/wisconsin-tops-1000-daily-virus-cases-lists-3-new-deaths/,fox21online.com,English,0,0.708,0.292,0.5106,CPI
20210201T030000Z,Coronavirus Cases For Texas Still Showing an Upward Trend,https://www.wbap.com/2021/01/31/coronavirus-cases-for-texas-still-showing-an-upward-trend/,wbap.com,English,0,1,0,0,CPI
20210201T030000Z,Texas getting more vaccine doses than expected this week as virus cases decline but deaths rise,https://kvia.com/news/texas/2021/01/31/texas-getting-more-vaccine-doses-than-expected-this-week-as-virus-cases-decline-but-deaths-rise/,kvia.com,English,0,1,0,0,CPI
20210201T030000Z,COVID - 19 LIVE UPDATES : Missouri reports 6 . 4 % of population has received vaccine,https://www.kmbc.com/article/covid-19-live-updates-coronavirus-in-kansas-city-missouri-kansas-coronavirus-01312021/35375433,kmbc.com,English,0,1,0,0,CPI
20210201T031500Z,"Thousands join in Jerusalem funerals , flout pandemic rules",https://www.reflector.com/news/world/thousands-join-in-jerusalem-funerals-flout-pandemic-rules/article_67038bb5-df72-5ee7-9938-6b3d5c88f382.html,reflector.com,English,0.241,0.556,0.204,-0.1027,CPI
20210201T031500Z,"Thousands join in Jerusalem funerals , flout pandemic rules",http://www.dailyjournal.net/2021/01/31/ml-virus-outbreak-israel-2/,dailyjournal.net,English,0.241,0.556,0.204,-0.1027,CPI
20210201T033000Z,Coronavirus : What if vaccines arent enough for herd immunity ? ,https://www.asiaone.com/lifestyle/coronavirus-what-if-vaccines-arent-enough-herd-immunity,asiaone.com,English,0,1,0,0,CPI
20210201T033000Z,"Close But No Cigar : President Biden Order On Private Prisons Is Great , But More Needs To Be Done To Address Racial Disparities In The Justice System",https://www.forbes.com/sites/maiahoskin/2021/01/31/close-but-no-cigar-president-bidens-order-on-private-prisons-is-great-but-more-needs-to-be-done-to-address-racial-disparities-in-the-justice-system/,forbes.com,English,0.078,0.638,0.284,0.8573,CPI
20210201T034500Z,Protesters and Lebanese security clash in Tripoli – Ya Libnan,https://yalibnan.com/2021/02/01/protesters-and-lebanese-security-clash-in-tripoli/,yalibnan.com,English,0.168,0.619,0.212,0.128,CPI
20210201T034500Z,Coronavirus Cases For Texas Still Showing an Upward Trend,https://www.klif.com/2021/01/31/coronavirus-cases-for-texas-still-showing-an-upward-trend/,klif.com,English,0,1,0,0,CPI
20210201T040000Z,Tricor Group Releases 2021 Asia Pacific Trade Report Focusing on Impact of RCEP on Vietnam and COVID - 19 Recovery,https://finance.yahoo.com/news/tricor-group-releases-2021-asia-010000201.html,finance.yahoo.com,English,0,1,0,0,CPI
20210201T041500Z,New chart shows China could overtake the U . S . as the world largest economy earlier than expected,https://www.msn.com/en-us/money/markets/new-chart-shows-china-could-overtake-the-us-as-the-worlds-largest-economy-earlier-than-expected/ar-BB1dgTCn,msn.com,English,0,1,0,0,CPI
20210301T000000Z,Japanese companies go high - tech in the battle against food waste,https://www.reuters.com/www.reuters.com/article/us-japan-economy-foodwaste/japanese-companies-go-high-tech-in-the-battle-against-food-waste-idUSKCN2AS0RI,reuters.com,English,0.375,0.625,0,-0.6597,CPI
20210301T000000Z,"UK jabs top 20 mn as Europe lags behind , Czechs turn to Sputnik V",https://mb.com.ph/2021/03/01/uk-jabs-top-20-mn-as-europe-lags-behind-czechs-turn-to-sputnik-v/,mb.com.ph,English,0.163,0.719,0.118,-0.1779,CPI
20210301T000000Z,How RI ranks nationally in COVID stats,https://www.providencejournal.com/story/news/local/2021/02/27/how-ri-ranks-nationally-covid-stats/6842420002/,providencejournal.com,English,0,1,0,0,CPI
20210301T001500Z,"Hit hard by COVID early , Albany gets mass vaccination site",http://www.msn.com/en-us/news/us/hit-hard-by-covid-early-albany-gets-mass-vaccination-site/ar-BB1e5E2p,msn.com,English,0.135,0.865,0,-0.1027,CPI
20210301T001500Z,Daily Mirror - The Govt must get the budget deficit down,http://www.dailymirror.lk/opinion/The-Govt-must-get-the-budget-deficit-down/172-206730,dailymirror.lk,English,0.231,0.769,0,-0.4019,CPI
20210301T001500Z,Factbox : China economic and social progress in 2020 - Xinhua,http://www.xinhuanet.com/english/2021-02/28/c_139773847.htm,xinhuanet.com,English,0,0.741,0.259,0.4215,CPI
20210301T001500Z,Japanese companies go high - tech in the battle against food waste,https://katcountry989.com/2021/02/28/japanese-companies-go-high-tech-in-the-battle-against-food-waste/,katcountry989.com,English,0.375,0.625,0,-0.6597,CPI
20210301T003000Z,Africa development must be based on resilient approaches with nature and people at the center,https://www.modernghana.com/news/1064724/africas-development-must-be-based-on-resilient.html,modernghana.com,English,0,1,0,0,CPI
20210301T003000Z,"Plant - based meat and dairy brands are wooing not vegans , but  flexitarians  ",https://www.afaqs.com/news/mktg/plant-based-meat-and-dairy-brands-are-wooing-not-vegans-but-flexitarians,afaqs.com,English,0,1,0,0,CPI
20210301T003000Z,Attorney General Brnovich Secures Nearly Million in Consent Agreement with APS,https://www.yumanewsnow.com/index.php/news/arizona-news/8388-attorney-general-brnovich-secures-nearly-25-million-in-consent-agreement-with-aps.html,yumanewsnow.com,English,0,0.519,0.481,0.7506,CPI
20210301T004500Z,"Metro Transit will pay you $10 , 000 to design new bus rapid transit stations . Hereâ€™s how to win",https://www.wglr.com/2021/02/28/metro-transit-will-pay-you-10000-to-design-new-bus-rapid-transit-stations-heres-how-to-win/,wglr.com,English,0.066,0.755,0.179,0.5267,CPI
20210301T004500Z,"Feb . 28 COVID - 19 update : No new deaths , 1 , 662 more vaccinations , 141 new cases , 146 recoveries",https://www.newsoptimist.ca/news/local-news/feb-28-covid-19-update-no-new-deaths-1-662-more-vaccinations-141-new-cases-146-recoveries-1.24288199,newsoptimist.ca,English,0.128,0.872,0,-0.296,CPI
20210301T004500Z,World Bank - UNESCO report finds Cbean cutting education budgets due to COVID - 19,http://www.jamaicaobserver.com/latestnews/World_Bank-UNESCO_report_finds_Cbean_cutting_education_budgets_due_to_COVID-19?profile=1228,jamaicaobserver.com,English,0.111,0.889,0,-0.128,CPI
20210301T004500Z, # BTColumn – Can tax cuts be spent or invested ? ,https://barbadostoday.bb/2021/02/28/btcolumn-can-tax-cuts-be-spent-or-invested/,barbadostoday.bb,English,0.239,0.761,0,-0.296,CPI
20210301T010000Z,Philippine Peso Eyes Technical Support to Brave U . S . Yield Storm,https://www.msn.com/en-us/money/news/philippine-peso-eyes-technical-support-to-brave-us-yield-storm/ar-BB1e66RL,msn.com,English,0,0.534,0.466,0.7269,CPI
20210301T010000Z,"Metro Transit will pay you $10 , 000 to design new bus rapid transit stations . Hereâ€™s how to win",https://www.x1071.com/2021/02/28/metro-transit-will-pay-you-10000-to-design-new-bus-rapid-transit-stations-heres-how-to-win/,x1071.com,English,0.066,0.755,0.179,0.5267,CPI
20210301T010000Z,Daily Report : Arkansas Dept . of Health monitoring COVID - 19,https://www.kait8.com/2021/02/28/daily-report-arkansas-dept-health-monitoring-covid-/,kait8.com,English,0,1,0,0,CPI
20210301T010000Z,World Bank - UNESCO report finds Cbean cutting education budgets due to COVID - 19,http://www.jamaicaobserver.com/latestnews/World_Bank-UNESCO_report_finds_Cbean_cutting_education_budgets_due_to_COVID-19?profile=1467,jamaicaobserver.com,English,0.111,0.889,0,-0.128,CPI
20210301T011500Z,Public health experts say  we cant give up on testing  as vaccinations ramp up,https://www.msn.com/en-us/news/us/public-health-experts-say-e2-80-98we-can-e2-80-99t-give-up-on-testing-e2-80-99-as-vaccinations-ramp-up/ar-BB1e5AvQ,msn.com,English,0,1,0,0,CPI
20210301T013000Z,President Energy Directive ignored by the Power Ministry – II – The Island,https://island.lk/presidents-energy-directive-ignored-by-the-power-ministry-ii/,island.lk,English,0.172,0.672,0.157,-0.0516,CPI
20210301T013000Z,Public health experts say  we cant give up on testing  as vaccinations ramp up,http://www.msn.com/en-us/news/us/public-health-experts-say-we-cant-give-up-on-testing-as-vaccinations-ramp-up/ar-BB1e5AvQ,msn.com,English,0,1,0,0,CPI
20210301T013000Z,Japanese companies go high - tech in the battle against food waste,https://www.reuters.com/article/technologyNews/idUSKCN2AS0RI,reuters.com,English,0.375,0.625,0,-0.6597,CPI
20210301T013000Z,Japanese companies go high - tech in the battle against food waste,https://www.reuters.com/article/idUSKCN2AS0RI,reuters.com,English,0.375,0.625,0,-0.6597,CPI
20210301T014500Z,Nation builds on growth momentum -- China Economic Net,HTTP://en.ce.cn/main/latest/202103/01/t20210301_36346063.shtml,en.ce.cn,English,0,0.755,0.245,0.3818,CPI
20210301T014500Z,Japanese Companies Go High - Tech In Battle Against Food Waste,https://www.ndtv.com/world-news/japanese-companies-go-high-tech-in-battle-against-food-waste-2380756,ndtv.com,English,0.403,0.597,0,-0.6597,CPI
20210301T020000Z,"30 . 5 % of Somerset population has now had Coronavirus vaccine , say new figures",https://www.burnham-on-sea.com/news/30-5-of-somersets-population-has-now-had-coronavirus-vaccine-say-new-figures/,burnham-on-sea.com,English,0,1,0,0,CPI
20210301T020000Z,DAVIS : Minnis Government must act to avoid New COVID outbreaks and more risky lockdowns,https://bahamaspress.com/davis-minnis-government-must-act-to-avoid-new-covid-outbreaks-and-more-risky-lockdowns/,bahamaspress.com,English,0.263,0.737,0,-0.5095,CPI
20210301T020000Z,Public health experts say  we cant give up on testing  as vaccinations ramp up,http://www.msn.com/en-nz/news/us/public-health-experts-say-we-can-t-give-up-on-testing-as-vaccinations-ramp-up/ar-BB1e5AvQ,msn.com,English,0,1,0,0,CPI
20210301T021500Z,Idaho only medical school hopes to fill physician gaps ... ,https://www.idahopress.com/eyeonboise/idahos-only-medical-school-hopes-to-fill-physician-gaps/article_6b37186f-4325-5d4b-9b18-4d96a6a98217.html,idahopress.com,English,0,0.763,0.237,0.4215,CPI
20210301T021500Z,Oklahoma reaches 1 million COVID - 19 vaccine doses administered ; nearly half of state has some level of immunity,https://tulsaworld.com/news/state-and-regional/oklahoma-reaches-1-million-covid-19-vaccine-doses-administered-nearly-half-of-state-has-some/article_071020d4-7861-11eb-ad87-23138f9cd3a0.html,tulsaworld.com,English,0,0.93,0.07,0.0516,CPI
20210301T021500Z,New opportunities for world in higher - level opening - up,http://europe.chinadaily.com.cn/a/202103/01/WS603c2b65a31024ad0baaba09.html,europe.chinadaily.com.cn,English,0,0.755,0.245,0.3818,CPI
20210301T021500Z,New opportunities for world in higher - level opening - up,http://usa.chinadaily.com.cn/a/202103/01/WS603c2b65a31024ad0baaba09.html,usa.chinadaily.com.cn,English,0,0.755,0.245,0.3818,CPI
20210301T021500Z,Factbox : China economic and social progress in 2020,https://www.austinglobe.com/news/267970787/factbox-chinas-economic-and-social-progress-in-2020,austinglobe.com,English,0,0.714,0.286,0.4215,CPI
20210301T021500Z,A look at Idaho Black History and Future,https://localnews8.com/news/2021/02/28/a-look-at-idahos-black-history-and-future/,localnews8.com,English,0,1,0,0,CPI
20210301T021500Z,Biden catch - and - release strategy threatens communities by ignoring coronavirus precautions,https://www.washingtontimes.com/news/2021/feb/28/biden-catch-and-release-strategy-threatens-communi/,washingtontimes.com,English,0.371,0.629,0,-0.6486,CPI
20210301T023000Z,Japanese companies go high - tech in the battle against food waste,https://kfgo.com/2021/02/28/japanese-companies-go-high-tech-in-the-battle-against-food-waste/,kfgo.com,English,0.375,0.625,0,-0.6597,CPI
20210301T024500Z,"Against the odds , South Australia is a renewable energy powerhouse . How on Earth did they do it ? ",https://www.architectureanddesign.com.au/features/comment/against-the-odds-south-australia-is-a-renewable,architectureanddesign.com.au,English,0,0.877,0.123,0.2732,CPI
20210301T024500Z,WI Daily : 464 New COVID - 19 Cases,https://urbanmilwaukee.com/2021/02/28/wi-daily-464-new-covid-19-cases/,urbanmilwaukee.com,English,0,1,0,0,CPI
20210301T030000Z,Palm oil in opportunities in Poland – Looking into non - food,http://mpoc.org.my/palm-oil-in-opportunities-in-poland-looking-into-non-food/,mpoc.org.my,English,0,0.776,0.224,0.3818,CPI
20210301T030000Z,Byron York Daily Memo : Reassessing Trump and Covid,https://www.washingtonexaminer.com/opinion/byron-yorks-daily-memo-reassessing-trump-and-covid,washingtonexaminer.com,English,0,1,0,0,CPI
20210301T030000Z,Factbox : China economic and social progress in 2020,https://www.australiannews.net/news/267970787/factbox-chinas-economic-and-social-progress-in-2020,australiannews.net,English,0,0.714,0.286,0.4215,CPI
20210301T030000Z,"Metro Transit will pay you $10 , 000 to design new bus rapid transit stations . Here how to win",https://www.channel3000.com/metro-transit-will-pay-you-10000-to-design-new-bus-rapid-transit-stations-heres-how-to-win/,channel3000.com,English,0.066,0.755,0.179,0.5267,CPI
20210301T031500Z,"German states send 15 , 000 COVID vaccine shots to Czech Republic",https://www.swissinfo.ch/eng/reuters/german-states-send-15-000-covid-vaccine-shots-to-czech-republic/46408240,swissinfo.ch,English,0,1,0,0,CPI
20210301T031500Z,Factbox : China economic and social progress in 2020,https://www.singaporestar.com/news/267970787/factbox-chinas-economic-and-social-progress-in-2020,singaporestar.com,English,0,0.714,0.286,0.4215,CPI
20210301T031500Z,"Hit hard by COVID early , Albany gets mass vaccination site",https://www.ctinsider.com/news/article/Hit-hard-by-COVID-early-Albany-gets-mass-15986133.php,ctinsider.com,English,0.135,0.865,0,-0.1027,CPI
20210301T031500Z,Latest Articles,https://freerepublic.com/tag/*/index?more=3938479,freerepublic.com,English,0,1,0,0,CPI
20210301T033000Z,Factbox : China economic and social progress in 2020,https://www.chinanationalnews.com/news/267970787/factbox-chinas-economic-and-social-progress-in-2020,chinanationalnews.com,English,0,0.714,0.286,0.4215,CPI
20210301T034500Z,"Demonetization of 5 , 000 rupee note",https://www.thenews.com.pk/magazine/money-matters/797048-demonetization-of-5000-rupee-note,thenews.com.pk,English,0,1,0,0,CPI
20210501T000000Z,The path to Angola bright future starts with empowering girls,https://blogs.worldbank.org/nasikiliza/path-angolas-bright-future-starts-empowering-girls,blogs.worldbank.org,English,0,0.756,0.244,0.4404,CPI
20210501T000000Z,New Mexico city ends backlog of untested rape evidence kits,https://www.greenwichtime.com/news/article/New-Mexico-city-ends-backlog-of-untested-rape-16143032.php,greenwichtime.com,English,0.343,0.657,0,-0.6908,CPI
20210501T000000Z,Ugandan breeders use genomic selection to boost health and satisfy customers,https://news.cornell.edu/stories/2021/04/ugandan-breeders-use-genomic-selection-boost-health-and-satisfy-customers,news.cornell.edu,English,0,0.612,0.388,0.6908,CPI
20210501T000000Z,Memphis ordinance may ban throwing evicted tenant belongings on curb,https://www.commercialappeal.com/story/news/2021/04/30/memphis-ordinance-ban-throwing-evicted-tenants-belongings-curb/7409863002/,commercialappeal.com,English,0.286,0.714,0,-0.5574,CPI
20210501T001500Z,Michael Moore says virus prevents film festival for 2nd year,https://www.ourmidland.com/news/article/Michael-Moore-says-virus-prevents-film-festival-16142692.php,ourmidland.com,English,0,0.64,0.36,0.5423,CPI
20210501T001500Z,"April 30 COVID - 19 update : Four deaths , 5 , 758 more doses , 264 new cases , 252 recoveries",https://www.humboldtjournal.ca/april-30-covid-19-update-four-deaths-5-758-more-doses-264-new-cases-252-recoveries-1.24313696,humboldtjournal.ca,English,0,1,0,0,CPI
20210501T001500Z,New Mexico city ends backlog of untested rape evidence kits,https://www.washingtontimes.com/news/2021/apr/30/new-mexico-city-ends-backlog-of-untested-rape-evid/,washingtontimes.com,English,0.343,0.657,0,-0.6908,CPI
20210501T001500Z,Montana veterans recall time in Afghanistan as U . S . brings troops home,https://www.ktvq.com/news/montana-veterans-recall-time-in-afghanistan-as-u-s-brings-troops-home,ktvq.com,English,0,1,0,0,CPI
20210501T001500Z,New Mexico city ends backlog of untested rape evidence kits,https://www.theridgefieldpress.com/news/article/New-Mexico-city-ends-backlog-of-untested-rape-16143032.php,theridgefieldpress.com,English,0.343,0.657,0,-0.6908,CPI
20210501T001500Z,New Mexico city ends backlog of untested rape evidence kits,https://www.fairfieldcitizenonline.com/news/article/New-Mexico-city-ends-backlog-of-untested-rape-16143032.php,fairfieldcitizenonline.com,English,0.343,0.657,0,-0.6908,CPI
20210501T003000Z,Georgia Kemp lifts many COVID - 19 rules on businesses,https://www.middletownpress.com/news/article/Georgia-s-Kemp-lifts-many-COVID-19-rules-on-16143249.php,middletownpress.com,English,0,1,0,0,CPI
20210501T003000Z,"With COVID - 19 restrictions relaxed , Eddy County resumes local events",https://www.currentargus.com/story/news/2021/04/30/covid-19-restrictions-relaxed-eddy-county-nm-resumes-local-events/4880969001/,currentargus.com,English,0,0.738,0.262,0.4939,CPI
20210501T003000Z,Georgia Kemp lifts many COVID - 19 rules on businesses,https://www.sfgate.com/news/article/Georgia-s-Kemp-lifts-many-COVID-19-rules-on-16143249.php,sfgate.com,English,0,1,0,0,CPI
20210501T003000Z,Healthcare On The Brink,https://www.forbes.com/sites/servicenow/2021/04/30/healthcare-on-the-brink/,forbes.com,English,0,1,0,0,CPI
20210501T003000Z,New Mexico city ends backlog of untested rape evidence kits,https://www.middletownpress.com/news/article/New-Mexico-city-ends-backlog-of-untested-rape-16143032.php,middletownpress.com,English,0.343,0.657,0,-0.6908,CPI
20210501T003000Z,Community editorial board : The true costs of inflation are starting to appear,https://www.intelligencer.ca/opinion/columnists/community-editorial-board-the-true-costs-of-inflation-are-starting-to-appear,intelligencer.ca,English,0,0.797,0.203,0.4215,CPI
20210501T003000Z,"Coronavirus in Oregon : 990 new cases , 4 new deaths",https://www.oregonlive.com/coronavirus/2021/04/coronavirus-in-oregon-990-new-cases-4-new-deaths.html,oregonlive.com,English,0,1,0,0,CPI
20210501T004500Z,New Mexico city ends backlog of untested rape evidence kits,https://www.ncadvertiser.com/news/article/New-Mexico-city-ends-backlog-of-untested-rape-16143032.php,ncadvertiser.com,English,0.343,0.657,0,-0.6908,CPI
20210501T004500Z,New Mexico city ends backlog of untested rape evidence kits,https://www.darientimes.com/news/article/New-Mexico-city-ends-backlog-of-untested-rape-16143032.php,darientimes.com,English,0.343,0.657,0,-0.6908,CPI
20210501T004500Z,"Bank runs and central bank digital currency | VOX , CEPR Policy Portal",https://voxeu.org/article/bank-runs-and-central-bank-digital-currency,voxeu.org,English,0,1,0,0,CPI
20210501T004500Z,Georgia Kemp lifts many COVID - 19 rules on businesses,https://www.darientimes.com/news/article/Georgia-s-Kemp-lifts-many-COVID-19-rules-on-16143249.php,darientimes.com,English,0,1,0,0,CPI
20210501T004500Z,Georgia Kemp lifts many COVID - 19 rules on businesses,https://www.ctpost.com/news/article/Georgia-s-Kemp-lifts-many-COVID-19-rules-on-16143249.php,ctpost.com,English,0,1,0,0,CPI
20210501T004500Z,New Mexico city ends backlog of untested rape evidence kits,https://www.ctpost.com/news/article/New-Mexico-city-ends-backlog-of-untested-rape-16143032.php,ctpost.com,English,0.343,0.657,0,-0.6908,CPI
20210501T004500Z,Georgia Kemp lifts many COVID - 19 rules on businesses,https://www.ncadvertiser.com/news/article/Georgia-s-Kemp-lifts-many-COVID-19-rules-on-16143249.php,ncadvertiser.com,English,0,1,0,0,CPI
20210501T010000Z,Disneyland fans hail  greatest feeling ever  as theme park finally reopens | Showbiz,https://www.malaymail.com/news/showbiz/2021/05/01/disneyland-fans-hail-greatest-feeling-ever-as-theme-park-finally-reopens/1970762,malaymail.com,English,0,0.562,0.438,0.7184,CPI
20210501T010000Z,Georgia Kemp lifts many COVID - 19 rules on businesses,https://www.northwestgeorgianews.com/associated_press/georgias-kemp-lifts-many-covid-19-rules-on-businesses/article_5f4aedc5-f140-5bb9-a9fc-c6837955946c.html,northwestgeorgianews.com,English,0,1,0,0,CPI
20210501T010000Z,Georgia Kemp lifts many COVID - 19 rules on businesses,https://www.newstimes.com/news/article/Georgia-s-Kemp-lifts-many-COVID-19-rules-on-16143249.php,newstimes.com,English,0,1,0,0,CPI
20210501T010000Z,Gov . Kemp lifts many COVID - 19 rules on businesses,https://www.northwestgeorgianews.com/rome/news/local/gov-kemp-lifts-many-covid-19-rules-on-businesses/article_30fb77fa-aa15-11eb-945a-23498eb4d522.html,northwestgeorgianews.com,English,0,1,0,0,CPI
20210501T010000Z,Is Australia India travel ban a  massive over - reaction ? ,https://www.cairnspost.com.au/news/national/critics-argue-australias-india-travel-ban-a-massive-overreaction/news-story/25cd3721233f5f7bcf43de3ad77d436d?nk=e212fbb448973408c210bdd0e983b602-1619830029,cairnspost.com.au,English,0.34,0.66,0,-0.5574,CPI
20210501T010000Z,New Mexico city ends backlog of untested rape evidence kits,https://www.newstimes.com/news/article/New-Mexico-city-ends-backlog-of-untested-rape-16143032.php,newstimes.com,English,0.343,0.657,0,-0.6908,CPI
20210501T010000Z,Blockchain industry analyzes recent Facebook moves – Bankless Times,https://www.banklesstimes.com/2019/02/22/blockchain-industry-analyzes-recent-facebook-moves/,banklesstimes.com,English,0,1,0,0,CPI
20210501T010000Z,Local cases steady as pace of vaccinations slows,https://www.brainerddispatch.com/newsmd/coronavirus/7009465-Local-cases-steady-as-pace-of-vaccinations-slows,brainerddispatch.com,English,0,1,0,0,CPI
20210501T010000Z,Community editorial board : The true costs of inflation are starting to appear,https://www.kingstonthisweek.com/opinion/columnists/community-editorial-board-the-true-costs-of-inflation-are-starting-to-appear,kingstonthisweek.com,English,0,0.797,0.203,0.4215,CPI
20210501T011500Z,"Updated Red - Yellow - Green - Turquoise criteria now in effect , statewide COVID - 19 map updated",https://www.krwg.org/post/updated-red-yellow-green-turquoise-criteria-now-effect-statewide-covid-19-map-updated,krwg.org,English,0,1,0,0,CPI
20210501T011500Z,Struthers recognized as a U . S .  Tree City  ,https://www.wfmj.com/story/43798065/struthers-recognized-as-a-us-tree-city,wfmj.com,English,0,1,0,0,CPI
20210501T011500Z,Georgia Kemp lifts many COVID - 19 rules on businesses,https://www.nhregister.com/news/article/Georgia-s-Kemp-lifts-many-COVID-19-rules-on-16143249.php,nhregister.com,English,0,1,0,0,CPI
20210501T011500Z,Georgia Kemp lifts many COVID - 19 rules on businesses,https://www.wrcbtv.com/story/43798090/georgias-kemp-lifts-many-covid-19-rules-on-businesses,wrcbtv.com,English,0,1,0,0,CPI
20210501T011500Z,India Is Counting Thousands of Daily COVID Deaths . How Many Is It Missing ? ,https://www.wfdd.org/story/india-counting-thousands-daily-covid-deaths-how-many-it-missing,wfdd.org,English,0.155,0.845,0,-0.296,CPI
20210501T011500Z,Georgia Kemp lifts many COVID - 19 rules on businesses,https://www.chron.com/news/article/Georgia-s-Kemp-lifts-many-COVID-19-rules-on-16143249.php,chron.com,English,0,1,0,0,CPI
20210501T013000Z,Alberta releases emergency triage plan for health care system amid surge of COVID - 19 cases,https://www.theglobeandmail.com/canada/alberta/article-alberta-releases-emergency-triage-plan-for-health-care-system-amid/,theglobeandmail.com,English,0.138,0.691,0.17,0.1531,CPI
20210501T013000Z,Georgia Kemp lifts many COVID - 19 rules on businesses,https://www.washingtontimes.com/news/2021/apr/30/georgias-kemp-lifts-many-covid-19-rules-on-busines/,washingtontimes.com,English,0,1,0,0,CPI
20210501T013000Z,Blighted San Francisco Diagnoses Its  Perilous Trifecta  and Bungles the Cure,https://www.theepochtimes.com/blighted-san-francisco-diagnoses-its-perilous-trifecta-and-bungles-the-cure_3794616.html,theepochtimes.com,English,0,1,0,0,CPI
20210501T014500Z,Pakistani beef on bumpy road to China -- China Economic Net,HTTP://en.ce.cn/main/latest/202105/01/t20210501_36529114.shtml,en.ce.cn,English,0,1,0,0,CPI
20210501T014500Z,West Virginia city takes big three drug distributors to court over opioids,https://www.reuters.com/article/us-usa-opioids-litigation-west-virginia/west-virginia-city-takes-big-three-drug-distributors-to-court-over-opioids-idUSKBN2CH2EI,reuters.com,English,0,1,0,0,CPI
20210501T020000Z,Community editorial board : The true costs of inflation are starting to appear,https://www.countyweeklynews.ca/opinion/columnists/community-editorial-board-the-true-costs-of-inflation-are-starting-to-appear,countyweeklynews.ca,English,0,0.797,0.203,0.4215,CPI
20210501T020000Z,New Mexico city ends backlog of untested rape evidence kits,https://www.michigansthumb.com/news/article/New-Mexico-city-ends-backlog-of-untested-rape-16143032.php,michigansthumb.com,English,0.343,0.657,0,-0.6908,CPI
20210501T020000Z,Community editorial board : The true costs of inflation are starting to appear,https://www.communitypress.ca/opinion/columnists/community-editorial-board-the-true-costs-of-inflation-are-starting-to-appear,communitypress.ca,English,0,0.797,0.203,0.4215,CPI
20210501T020000Z,Disneyland fans hail  greatest feeling ever  as theme park finally reopens,https://www.bangkokpost.com/travel/2108755/disneyland-fans-hail-greatest-feeling-ever-as-theme-park-finally-reopens,bangkokpost.com,English,0,0.533,0.467,0.7184,CPI
20210501T021500Z,Is Australia India travel ban a  massive over - reaction ? ,https://www.cairnspost.com.au/news/national/critics-argue-australias-india-travel-ban-a-massive-overreaction/news-story/25cd3721233f5f7bcf43de3ad77d436d?nk=3cd92ce245dbec45c80f29a2a25a1eea-1619834506,cairnspost.com.au,English,0.34,0.66,0,-0.5574,CPI
20210501T021500Z,Disneyland fans hail  greatest feeling ever  as theme park finally reopens - World News,http://english.sina.com/world/2021-05-01/detail-ikmyaawc2873325.shtml,english.sina.com,English,0,0.588,0.412,0.7184,CPI
20210501T021500Z,Opinion : Beware of police reforms that make things worse,http://www.pilotonline.com/opinion/columns/vp-ed-column-ambrose-0501-20210430-yhapg645trextd3pxngsapbqcq-story.html,pilotonline.com,English,0.279,0.721,0,-0.4767,CPI
20210501T021500Z,Summit County Property Values Increase Amid  Explosive Growth  In Real Estate Market,https://www.msn.com/en-us/money/realestate/summit-county-property-values-increase-amid-explosive-growth-in-real-estate-market/ar-BB1gf1id,msn.com,English,0,0.542,0.458,0.765,CPI
20210501T023000Z,Tracking COVID - 19 in Alaska : 138 cases and no deaths reported Friday,https://www.adn.com/alaska-news/2021/04/30/tracking-covid-19-in-alaska-138-cases-and-no-deaths-reported-friday/,adn.com,English,0.167,0.833,0,-0.296,CPI
20210501T030000Z,Massive truck bombing kills 30 dead in Laogar capital,https://pajhwok.com/2021/05/01/massive-truck-bombing-kills-30-dead-in-laogar-capital/,pajhwok.com,English,0.527,0.473,0,-0.8316,CPI
20210501T031500Z,Donor gift allowing Urbana to plant 200 new trees over next three years,https://www.news-gazette.com/news/local/environment/donors-gift-allowing-urbana-to-plant-200-new-trees-over-next-three-years/article_ee40ee1e-d443-50fa-b0bc-b7f3847ee2c1.html,news-gazette.com,English,0,0.805,0.195,0.4404,CPI
20210501T031500Z,Montana military veterans recall time in Afghanistan as U . S . brings troops home,https://www.krtv.com/news/military-matters/montana-military-veterans-recall-time-in-afghanistan-as-u-s-brings-troops-home,krtv.com,English,0,1,0,0,CPI
20210501T034500Z,City observes Arbor Day with return of tree planting ceremony,https://www.turlockjournal.com/news/government/city-observes-arbor-day-return-tree-planting-ceremony/,turlockjournal.com,English,0,1,0,0,CPI
20210501T040000Z,"COVID - 19 surges in Oregon , sickening younger adults and forcing a return to restrictions",https://www.mdjonline.com/tribune/lifestyles/covid-19-surges-in-oregon-sickening-younger-adults-and-forcing-a-return-to-restrictions/article_e468b9c8-42c4-5272-bd6c-4e1a00e24bef.html,mdjonline.com,English,0.221,0.779,0,-0.5267,CPI
20210501T041500Z,WI Daily : 789 New COVID - 19 Cases Reported,https://urbanmilwaukee.com/2021/04/30/wi-daily-789-new-covid-19-cases-reported/,urbanmilwaukee.com,English,0,1,0,0,CPI
20210501T043000Z,Chapter 26 : The Crown Descends,https://blogs.timesofisrael.com/chapter-26-the-crown-descends/,blogs.timesofisrael.com,English,0,1,0,0,CPI
20210501T043000Z,"Treasury pulse - Forex , treasuries , Malaysian bonds , ringgit , equity",https://www.thestar.com.my/business/business-news/2021/05/01/treasury-pulse---forex-treasuries-malaysian-bonds-ringgit-equity,thestar.com.my,English,0,0.619,0.381,0.4019,CPI
20210501T044500Z,"Covid : India records over 400 , 000 new cases in 24 hours",https://www.khaleejtimes.com/coronavirus-pandemic/covid-india-records-over-400000-new-cases-in-24-hours,khaleejtimes.com,English,0,1,0,0,CPI
20210501T044500Z,Disneyland Fans Hail  Greatest Feeling Ever  As Theme Park Finally Reopens,https://www.ibtimes.com/disneyland-fans-hail-greatest-feeling-ever-theme-park-finally-reopens-3191194,ibtimes.com,English,0,0.533,0.467,0.7184,CPI
20210501T044500Z,How one small Pennsylvania pharmacy is vaccinating thousands,https://www.reuters.com/news/picture/how-one-small-pennsylvania-pharmacy-is-v-idUSRTS3LGDJ,reuters.com,English,0,1,0,0,CPI
20210501T044500Z,The Day - Weed culture . True crime . Bigfoot lore .  Sasquatch  has something for everyone . ,https://www.theday.com/movies--tv/20210501/weed-culture-true-crime-bigfoot-lore-sasquatch-has-something-for-everyone,theday.com,English,0.202,0.636,0.162,-0.1779,CPI
20210501T044500Z,Blighted San Francisco Diagnoses Its  Perilous Trifecta  ... And Bungles The Cure,https://www.zerohedge.com/political/blighted-san-francisco-diagnoses-its-perilous-trifecta-and-bungles-cure,zerohedge.com,English,0,1,0,0,CPI
20210501T050000Z,India COVID - 19 deaths skyrocket : Delhi photographer on  death porn  ,https://www.news.com.au/world/asia/photographer-at-ground-zero-in-delhi-india-carrying-out-wishes-of-the-bereaved/news-story/c7f60a2e507ea08ac506c588c1c1318c,news.com.au,English,0.302,0.698,0,-0.5994,CPI
20210501T050000Z,Record - breaking fatal overdoses reported in W . Va . in 2020 after years of decreases,https://www.williamsondailynews.com/news/record-breaking-fatal-overdoses-reported-in-w-va-in-2020-after-years-of-decreases/article_07289f46-bf74-51b0-80b8-3e9fafe63326.html,williamsondailynews.com,English,0.226,0.774,0,-0.5423,CPI
20210501T050000Z,Is Australia India travel ban a  massive over - reaction ? ,https://www.cairnspost.com.au/news/national/critics-argue-australias-india-travel-ban-a-massive-overreaction/news-story/25cd3721233f5f7bcf43de3ad77d436d?nk=12d6108d1351214fbf74b6cc081ce31e-1619844407,cairnspost.com.au,English,0.34,0.66,0,-0.5574,CPI
20210501T050000Z,MT veterans recall time in Afghanistan as U . S . brings troops home,https://www.ktvh.com/news/mt-veterans-recall-time-in-afghanistan-as-u-s-brings-troops-home,ktvh.com,English,0,1,0,0,CPI
20210501T051500Z,"India records more than 400 , 000 new daily cases , first country to do so in COVID - 19 pandemic",https://www.channelnewsasia.com/news/asia/covid-19-india-more-than-400000-cases-first-country-pandemic-14725088,channelnewsasia.com,English,0,1,0,0,CPI
20210501T053000Z,Foreign partners help to lay foundations for Vietnam rise,https://www.vir.com.vn/foreign-partners-help-to-lay-foundations-for-vietnams-rise-83946.html,vir.com.vn,English,0,0.748,0.252,0.4019,CPI
20210501T053000Z,Scientists Scour the Amazon for Pathogens That Could Spark the Next Pandemic,https://pulitzercenter.org/stories/scientists-scour-amazon-pathogens-could-spark-next-pandemic,pulitzercenter.org,English,0,0.735,0.265,0.3818,CPI
20210501T060000Z,Disneyland fans hail  greatest feeling ever  as theme park finally reopens | Bangladesh Sangbad Sangstha ( BSS ) ,http://www.bssnews.net/?p=572533,bssnews.net,English,0,0.632,0.368,0.7184,CPI
20210501T060000Z,"Editorial : Florida fell short in census , and well pay for it",https://www.gainesville.com/story/opinion/2021/05/01/editorial-florida-fell-short-census-and-well-pay/4888699001/,gainesville.com,English,0.112,0.72,0.168,0.1779,CPI
20210501T060000Z,Governors on Tech : Broadband and Telehealth Top the 2021 Agenda,https://www.tribuneledgernews.com/tribune/georgia/governors-on-tech-broadband-and-telehealth-top-the-2021-agenda/article_3c88beb4-d458-5553-91d2-5fc02d00c8e6.html,tribuneledgernews.com,English,0,0.833,0.167,0.2023,CPI
20210501T060000Z,"India records over 400 , 000 Covid - 19 cases in 24 hours ; Ahmedabad hospital fire kills 16 Covid patients , two nurses",https://www.thestar.com.my/aseanplus/aseanplus-news/2021/05/01/india-records-over-400000-covid-19-cases-in-24-hours-ahmedabad-hospital-fire-kills-16-covid-patients-two-nurses,thestar.com.my,English,0.247,0.753,0,-0.7096,CPI
20210501T060000Z, ? Only when ordinary folks grow can a nation develop,https://www.standardmedia.co.ke/barrack-muluka/article/2001411489/only-when-ordinary-folks-grow-can-a-nation-develop,standardmedia.co.ke,English,0,1,0,0,CPI
20210701T000000Z,End - of - Project Evaluation  Inclusive Relief and Empowerment for Syrian Refugees with Impairments and Disabilities in Jordan  ,https://reliefweb.int/job/3752230/end-project-evaluation-inclusive-relief-and-empowerment-syrian-refugees-impairments-and,reliefweb.int,English,0,0.838,0.162,0.4767,CPI
20210701T000000Z,How can improved medication adherence promote value - based care ? - Partner Content - MM+M,https://www.mmm-online.com/home/channel/sponsored/how-can-improved-medication-adherence-promote-value-based-care/,mmm-online.com,English,0,0.415,0.585,0.8834,CPI
20210701T000000Z,"June 30 COVID - 19 update : No deaths , 1 , 153 , 720 vaccines , 31 new cases , 60 recoveries",https://www.weyburnreview.com/june-30-covid-19-update-no-deaths-1-153-720-vaccines-31-new-cases-60-recoveries-1.24337388,weyburnreview.com,English,0.136,0.864,0,-0.296,CPI
20210701T000000Z,Gov . Tony Evers vetoes bill that would have banned accepting most private election grants,https://lacrossetribune.com/news/state-and-regional/govt-and-politics/gov-tony-evers-vetoes-bill-that-would-have-banned-accepting-most-private-election-grants/article_7e6378fa-5f88-5e40-bdf8-62e07aef3a36.html,lacrossetribune.com,English,0.16,0.586,0.254,0.1935,CPI
20210701T000000Z,Lawsuit : Officers killed innocent man in  no knock  raid,https://mynorthwest.com/3006124/lawsuit-officers-killed-innocent-man-in-no-knock-raid/,mynorthwest.com,English,0.538,0.312,0.15,-0.7351,CPI
20210701T000000Z,Almost Twice As Many Recoveries As New Cases Of COVID - 19,https://www.98cool.ca/2021/06/30/almost-twice-as-many-recoveries-as-new-cases-of-covid-19/,98cool.ca,English,0,1,0,0,CPI
20210701T000000Z,Advancing Solutions to End Hunger Among Military Families and Veterans,https://msmagazine.com/2021/06/30/hunger-military-families-veterans-independence-day-july-4/,msmagazine.com,English,0.171,0.684,0.145,-0.0772,CPI
20210701T001500Z,"Williams gives tearful testimony on opioid epidemic effects in Huntington , Cabell County",https://wvrecord.com/stories/604860665-williams-gives-tearful-testimony-on-opioid-epidemic-effects-in-huntington-cabell-county,wvrecord.com,English,0,1,0,0,CPI
20210701T003000Z,Blue Mountains City Council bushfire recovery projects awarded funding,https://www.miragenews.com/blue-mountains-city-council-bushfire-recovery-588417/,miragenews.com,English,0,0.748,0.252,0.4019,CPI
20210701T003000Z,Fauci warns about  two America divided by vaccination status,https://www.msn.com/en-us/health/medical/fauci-warns-about-two-americas-divided-by-vaccination-status/ar-AALDBKh,msn.com,English,0.149,0.851,0,-0.1027,CPI
20210701T003000Z,Police salaries are rising in departments across the United State,https://www.10tv.com/article/syndication/the-conversation/defund-police-police-salaries-rising-departments-across-united-state/507-b9b24c99-2e57-4c52-9d64-376459eff00b,10tv.com,English,0,0.763,0.237,0.4215,CPI
20210701T003000Z,Lawsuit : Officers Killed Innocent Man In  No Knock  Raid,https://www.ktts.com/2021/06/30/lawsuit-officers-killed-innocent-man-in-no-knock-raid/,ktts.com,English,0.538,0.312,0.15,-0.7351,CPI
20210701T004500Z,PrairieCare Announces Minnesota Largest Expansion of Inpatient Psychiatric Care,https://www.crowrivermedia.com/national/news/prairiecare-announces-minnesotas-largest-expansion-of-inpatient-psychiatric-care/article_a38d22a6-4a4c-5b49-8013-633e5a17f970.html,crowrivermedia.com,English,0,0.714,0.286,0.4939,CPI
20210701T004500Z,Arbor Day Foundation designates Lawrence Township a  Tree City united states  ,https://centraljersey.com/2021/06/30/arbor-day-foundation-designates-lawrence-township-a-tree-city-usa/,centraljersey.com,English,0,0.763,0.237,0.4215,CPI
20210701T010000Z,"  Why Didnt We See Them ? Race , Poverty and the Missed COVID Deaths",https://thetyee.ca/News/2021/06/30/Race-Poverty-Missed-COVID-Deaths/,thetyee.ca,English,0.355,0.645,0,-0.6705,CPI
20210701T010000Z,"Man who hurled racist threats at three Muslim women was homeless , took bad drugs , court hears",https://www.edmontonsun.com/news/local-news/man-who-hurled-racist-threats-at-three-muslim-women-was-homeless-took-bad-drugs-court-hears/wcm/cdea2166-6193-4e9d-a597-dc61298fdfd1,edmontonsun.com,English,0.442,0.558,0,-0.8834,CPI
20210701T011500Z,Gov . Tony Evers vetoes bill that would have banned accepting most private election grants,https://chippewa.com/news/state-and-regional/gov-tony-evers-vetoes-bill-that-would-have-banned-accepting-most-private-election-grants/article_1cca8ab4-12ea-5605-a6a0-14784ce4d8f1.html,chippewa.com,English,0.16,0.586,0.254,0.1935,CPI
20210701T011500Z,Where Did Most COVID Deaths Happen in California ? – NBC 7 San Diego,https://www.nbcsandiego.com/news/coronavirus/covid-19-death-rate-disparities-a-look-at-the-hardest-hit-communities/2644640/,nbcsandiego.com,English,0,1,0,0,CPI
20210701T013000Z,Celebrating the success story of CPC,http://europe.chinadaily.com.cn/a/202107/01/WS60dcf932a310efa1bd65f039.html,europe.chinadaily.com.cn,English,0,0.351,0.649,0.8126,CPI
20210701T014500Z,"100 , 000 doses in four days : Manitoba races toward vaccination target",https://www.winnipegfreepress.com/special/coronavirus/100000-doses-in-four-days-manitoba-races-toward-vaccination-target-574744142.html,winnipegfreepress.com,English,0,1,0,0,CPI
20210701T014500Z,Vlogger records rural changes,http://www.chinadaily.com.cn/a/202107/01/WS60dd0acda310efa1bd65f0e7.html,chinadaily.com.cn,English,0,1,0,0,CPI
20210701T020000Z,Coronavirus in Oregon : 196 new cases and 4 deaths as Brown celebrates reopening,https://www.msn.com/en-us/news/us/coronavirus-in-oregon-196-new-cases-and-4-deaths-as-brown-celebrates-reopening/ar-AALDJui,msn.com,English,0,0.748,0.252,0.5719,CPI
20210701T021500Z,Flaxseed Oil to Dominate with More Than 50 % Market Share – KSU,https://ksusentinel.com/2021/07/01/flaxseed-oil-to-dominate-with-more-than-50-market-share/,ksusentinel.com,English,0.118,0.709,0.173,0.1779,CPI
20210701T021500Z,Celebrating the success story of CPC,http://www.chinadaily.com.cn/a/202107/01/WS60dcf932a310efa1bd65f039.html,chinadaily.com.cn,English,0,0.351,0.649,0.8126,CPI
20210701T021500Z,Celebrating the success story of CPC,https://www.chinadaily.com.cn/a/202107/01/WS60dcf932a310efa1bd65f039.html,chinadaily.com.cn,English,0,0.351,0.649,0.8126,CPI
20210701T023000Z,Lawsuit : Officers killed innocent man in  no knock  raid,https://www.bgdailynews.com/news/national/lawsuit-officers-killed-innocent-man-in-no-knock-raid/article_2d5469fb-5ca3-5867-92c1-aa4bd7ae8bde.html,bgdailynews.com,English,0.538,0.312,0.15,-0.7351,CPI
20210701T024500Z,Texas One Of Top Ten  Best States for Teen Drivers  ,https://929nin.com/texas-one-of-top-ten-best-states-for-teen-drivers/,929nin.com,English,0,0.571,0.429,0.7184,CPI
20210701T024500Z,"100 , 000 doses in four days : Manitoba races toward vaccination target",https://www.winnipegfreepress.com/local/100000-doses-in-four-days-manitoba-races-toward-vaccination-target-574744142.html,winnipegfreepress.com,English,0,1,0,0,CPI
20210701T024500Z,"For governor , July 4 carries  greater meaning than usual  ",https://www.manchesterjournal.com/news/local/for-governor-july-4-carries-greater-meaning-than-usual/article_2bd080e4-d9c3-11eb-b928-a788981bb1df.html,manchesterjournal.com,English,0,0.737,0.263,0.3612,CPI
20210701T024500Z,Gambling on decline in Tasmania,https://www.miragenews.com/gambling-on-decline-in-tasmania-588524/,miragenews.com,English,0,1,0,0,CPI
20210701T030000Z,Celebrating the success story of CPC,http://www.ecns.cn/news/2021-07-01/detail-ihansikz8720336.shtml,ecns.cn,English,0,0.351,0.649,0.8126,CPI
20210701T030000Z,"Oregon celebrates official pandemic reopening , but more work to be done on equity , governor says",https://www.msn.com/en-us/health/medical/oregon-celebrates-official-pandemic-reopening-but-more-work-to-be-done-on-equity-governor-says/ar-AALDUIG,msn.com,English,0,0.856,0.144,0.3291,CPI
20210701T030000Z,"Potash Ore Market Overview , Growth Opportunities and Restraint to 2023",http://www.comunicati.net/comunicati/aziende/informatica/information_technology/717344.html,comunicati.net,English,0,0.606,0.394,0.6369,CPI
20210701T030000Z,Texas One Of Top Ten  Best States for Teen Drivers  ,https://newstalk1290.com/texas-one-of-top-ten-best-states-for-teen-drivers/,newstalk1290.com,English,0,0.571,0.429,0.7184,CPI
20210701T030000Z,Australia should learn from South Korea homegrown tech success | | Huewire | Opnion News | Forum,https://www.huewire.com/australia-should-learn-from-south-koreas-homegrown-tech-success/,huewire.com,English,0,0.764,0.236,0.5719,CPI
20210701T031500Z,China will never allow foreign forces to bully or oppress it : Xi Jinping,https://www.straitstimes.com/asia/east-asia/china-has-reached-middle-class-status-and-marching-towards-strong-modern-country-xi,straitstimes.com,English,0.307,0.693,0,-0.5948,CPI
20210701T031500Z,Celebrating the success story of CPC,http://africa.chinadaily.com.cn/a/202107/01/WS60dcf932a310efa1bd65f039.html,africa.chinadaily.com.cn,English,0,0.351,0.649,0.8126,CPI
20210701T031500Z,Celebrating the success story of CPC,http://usa.chinadaily.com.cn/a/202107/01/WS60dcf932a310efa1bd65f039.html,usa.chinadaily.com.cn,English,0,0.351,0.649,0.8126,CPI
20210701T033000Z,"Our economy firing , right ? Not exactly , but here how to recapture our lost wealth in a post - pandemic world",https://www.smh.com.au/national/our-economy-s-firing-right-not-exactly-but-here-s-how-to-recapture-our-lost-wealth-in-a-post-pandemic-world-20210701-p585x6.html,smh.com.au,English,0.194,0.626,0.18,0.1655,CPI
20210701T033000Z,Police salaries are rising in departments across the United State,https://www.wcnc.com/article/syndication/the-conversation/defund-police-police-salaries-rising-departments-across-united-state/507-b9b24c99-2e57-4c52-9d64-376459eff00b,wcnc.com,English,0,0.763,0.237,0.4215,CPI
20210701T033000Z,Does the govt owe contract doctors a living ? ,https://www.freemalaysiatoday.com/category/opinion/2021/07/01/does-the-govt-owe-contract-doctors-a-living/,freemalaysiatoday.com,English,0,1,0,0,CPI
20210701T033000Z,Is Australia really doing enough for Great Barrier Reef ? ,https://www.miragenews.com/is-australia-really-doing-enough-for-great-588575/,miragenews.com,English,0.119,0.556,0.325,0.5574,CPI
20210701T034500Z,Is Australia really doing enough for the Great Barrier Reef ? Why criticisms of UNESCO  in danger  recommendation dont stack up,https://theconversation.com/is-australia-really-doing-enough-for-the-great-barrier-reef-why-criticisms-of-unescos-in-danger-recommendation-dont-stack-up-163641,theconversation.com,English,0.253,0.595,0.152,-0.1779,CPI
20210701T034500Z,"Umatilla County lifts masking , distancing requirements as Oregon reopens for businesses",https://www.eastoregonian.com/coronavirus/umatilla-county-lifts-masking-distancing-requirements-as-oregon-reopens-for-businesses/article_77ad8eb2-d9f5-11eb-a7cd-0fc9c6b75ec3.html,eastoregonian.com,English,0,1,0,0,CPI
20210701T034500Z,COVID cases rising in areas with lots of unvaccinated people,https://www.localmemphis.com/article/opinion/opinion-covid-cases-are-rising-in-areas-with-high-numbers-of-unvaccinated-people-so-get-your-shots-richard-ransom/522-02f78f44-1151-42c6-9830-d68ab3a56907,localmemphis.com,English,0,1,0,0,CPI
20210701T034500Z,Lawsuit : Officers Killed Innocent Man In  No Knock  Raid | 104 . 1 FM,https://www.ksgf.com/2021/06/30/lawsuit-officers-killed-innocent-man-in-no-knock-raid/,ksgf.com,English,0.478,0.389,0.133,-0.7351,CPI
20210701T034500Z,Texas One Of Top Ten  Best States for Teen Drivers  ,https://1063thebuzz.com/texas-one-of-top-ten-best-states-for-teen-drivers/,1063thebuzz.com,English,0,0.571,0.429,0.7184,CPI
20210701T040000Z,"  Vaccines are key here , Maine CDC director says at final COVID - 19 briefing",https://www.sunjournal.com/2021/06/30/vaccines-are-key-here-maine-cdc-director-says-at-final-covid-19-briefing/,sunjournal.com,English,0,1,0,0,CPI
20210701T041500Z,Is Australia really doing enough for the Great Barrier Reef ? Why criticisms of UNESCO  in danger  recommendation dont stack up,http://theconversation.com/is-australia-really-doing-enough-for-the-great-barrier-reef-why-criticisms-of-unescos-in-danger-recommendation-dont-stack-up-163641,theconversation.com,English,0.253,0.595,0.152,-0.1779,CPI
20210701T041500Z,"Our economy firing , right ? Not exactly , but here how to recapture our lost wealth in a post - pandemic world",https://www.brisbanetimes.com.au/national/our-economy-s-firing-right-not-exactly-but-here-s-how-to-recapture-our-lost-wealth-in-a-post-pandemic-world-20210701-p585x6.html,brisbanetimes.com.au,English,0.194,0.626,0.18,0.1655,CPI
20210701T044500Z,Glendale board holds the line on taxes with $14M budget,http://www.theprogressnews.com/progress_news/glendale-board-holds-the-line-on-taxes-with-14m-budget/article_6ef655ea-74ab-5a56-be75-1de47873f78a.html,theprogressnews.com,English,0,1,0,0,CPI
20210901T000000Z,The Latest : Milley praises those who served in Afghanistan,https://www.wboc.com/story/44636518/the-latest-milley-praises-those-who-served-in-afghanistan,wboc.com,English,0,0.702,0.298,0.5267,CPI
20210901T000000Z,Theme parks silver lining amid outbreak,http://global.chinadaily.com.cn/a/202109/01/WS612eb4d3a310efa1bd66c6a7.html,global.chinadaily.com.cn,English,0,1,0,0,CPI
20210901T000000Z,The Latest : Milley praises those who served in Afghanistan,https://www.ivpressonline.com/news/world/the-latest-milley-praises-those-who-served-in-afghanistan/article_1f15766c-fac8-5c16-9a9c-61c217493e47.html,ivpressonline.com,English,0,0.702,0.298,0.5267,CPI
20210901T000000Z,2021 trending to be the worst year ever for overdose deaths - Kelowna News,https://www.castanet.net/news/Kelowna/344413/2021-trending-to-be-the-worst-year-ever-for-overdose-deaths,castanet.net,English,0.255,0.745,0,-0.6249,CPI
20210901T000000Z,Australian CEOs call for states to follow national plan out of lockdown as ASX set for a weak opening,https://www.proactiveinvestors.com.au/companies/news/959096/australian-ceos-call-for-states-to-follow-national-plan-out-of-lockdown-as-asx-set-for-a-weak-opening-959096.html,proactiveinvestors.com.au,English,0.146,0.854,0,-0.4404,CPI
20210901T000000Z,TUESDAY UPDATES : Boone County reports 40 people are in ICU due to coronavirus,https://abc17news.com/news/coronavirus/2021/08/31/tuesday-updates-boone-county-reports-40-people-are-in-icu-due-to-coronavirus/,abc17news.com,English,0,1,0,0,CPI
20210901T000000Z,The Latest : COVID cases put Hawaii hospital at 120 % capacity,https://www.wboc.com/story/44635783/the-latest-covid-cases-put-hawaii-hospital-at-120-capacity,wboc.com,English,0,1,0,0,CPI
20210901T000000Z,Georgia breaks record for COVID - 19 hospitalizations,https://www.onlineathens.com/story/news/state/2021/08/31/georgia-breaks-record-covid-19-hospitalizations-coosa-county-teen-dies/5674001001/,onlineathens.com,English,0,1,0,0,CPI
20210901T001500Z,The Latest : Georgia sets pandemic high for new case numbers,https://www.timesunion.com/news/article/The-Latest-S-Korea-sees-drop-in-transmissions-16424371.php,timesunion.com,English,0,1,0,0,CPI
20210901T001500Z,The Latest : Milley praises those who served in Afghanistan,https://muscatinejournal.com/news/world/the-latest-biden-says-us-focusing-on-other-security-threats/article_4f0340c3-7545-5916-b56e-6cd55091adf9.html,muscatinejournal.com,English,0,0.702,0.298,0.5267,CPI
20210901T001500Z,Liz Truss appoints New Trade Commissioners to boost united kingdom trade,https://www.gov.uk/government/news/liz-truss-appoints-new-trade-commissioners-to-boost-uk-trade,gov.uk,English,0,0.621,0.379,0.6705,CPI
20210901T001500Z,Covid Victoria : Two Covid deaths recorded as some restrictions tipped to ease,https://www.geelongadvertiser.com.au/news/victoria/victoria-records-two-new-covid-deaths-as-brett-sutton-issues-warning-on-complacency/news-story/738a61f8505a60be37b732581f26b9e2?nk=bbfbd48e5e90b792513c6e190b77ba7d-1630454566,geelongadvertiser.com.au,English,0,0.815,0.185,0.3612,CPI
20210901T001500Z,The Latest : Georgia sets pandemic high for new case numbers,http://www.therepublic.com/2021/08/31/virus-outbreak-the-latest-5/,therepublic.com,English,0,1,0,0,CPI
20210901T001500Z,"Despite surge , Sask . not yet Mississippi of the north on COVID - 19 rates",https://www.nipawinjournal.com/news/saskatchewan/despite-surge-sask-not-yet-mississippi-of-the-north-on-covid-19-rates/wcm/ef6e2bcb-bd01-4b1a-a75a-dfaf2a3a4185,nipawinjournal.com,English,0,1,0,0,CPI
20210901T001500Z,The Latest : Georgia sets pandemic high for new case numbers,https://www.smdailyjournal.com/news/national/the-latest-georgia-sets-pandemic-high-for-new-case-numbers/article_64d16970-a2ff-50a7-9825-e4cf5cc9b029.html,smdailyjournal.com,English,0,1,0,0,CPI
20210901T001500Z,The Latest : Georgia sets pandemic high for new case numbers,https://missoulian.com/news/national/govt-and-politics/the-latest-georgia-sets-pandemic-high-for-new-case-numbers/article_fd4b66ee-8fdf-54f1-9cea-3088254beff9.html,missoulian.com,English,0,1,0,0,CPI
20210901T001500Z,The Latest : Georgia sets pandemic high for new case numbers,https://buffalonews.com/news/national/govt-and-politics/the-latest-georgia-sets-pandemic-high-for-new-case-numbers/article_05480346-718a-5e4b-afc4-ad7df583a4b1.html,buffalonews.com,English,0,1,0,0,CPI
20210901T003000Z,"Library Automation Software Market Next Big Thing | Major Giants Quantum , Book Systems , Softlink",https://www.newyorktelegraph.com/news/270960747/library-automation-software-market-next-big-thing--major-giants-quantum-book-systems-softlink,newyorktelegraph.com,English,0,1,0,0,CPI
20210901T003000Z,Brian Pallister governed as though he was the smartest one in the room,https://www.winnipegfreepress.com/local/the-man-with-all-the-answers-575213542.html,winnipegfreepress.com,English,0,0.75,0.25,0.6124,CPI
20210901T003000Z,"Despite surge , Sask . not yet Mississippi of the north on COVID - 19 rates",https://thestarphoenix.com/news/saskatchewan/despite-surge-sask-not-yet-mississippi-of-the-north-on-covid-19-rates/wcm/ef6e2bcb-bd01-4b1a-a75a-dfaf2a3a4185,thestarphoenix.com,English,0,1,0,0,CPI
20210901T003000Z,The Latest : Georgia sets pandemic high for new case numbers,https://madison.com/news/national/govt-and-politics/the-latest-georgia-sets-pandemic-high-for-new-case-numbers/article_cffd930f-56ad-547d-bfc0-6cb484f0ade8.html,madison.com,English,0,1,0,0,CPI
20210901T003000Z,The Latest : Georgia sets pandemic high for new case numbers,https://www.wfmz.com/news/ap/ap-business/the-latest-georgia-sets-pandemic-high-for-new-case-numbers/article_5cfe14a1-b23f-51ad-b2c5-18c1ddbfe501.html,wfmz.com,English,0,1,0,0,CPI
20210901T003000Z,The Latest : Milley praises those who served in Afghanistan,https://kdhnews.com/news/world/the-latest-milley-praises-those-who-served-in-afghanistan/article_38b5e73b-134e-5391-83a6-02c382cb104b.html,kdhnews.com,English,0,0.702,0.298,0.5267,CPI
20210901T003000Z,The Latest : Georgia sets pandemic high for new case numbers,https://heraldcourier.com/news/national/govt-and-politics/the-latest-georgia-sets-pandemic-high-for-new-case-numbers/article_479143d7-cc48-57cf-9ce2-9d62c7f3bc51.html,heraldcourier.com,English,0,1,0,0,CPI
20210901T003000Z,The Latest : Georgia sets pandemic high for new case numbers,https://journalnow.com/news/national/govt-and-politics/the-latest-georgia-sets-pandemic-high-for-new-case-numbers/article_96abf40d-ab7e-5f7e-acf5-279ddad9f048.html,journalnow.com,English,0,1,0,0,CPI
20210901T003000Z,Half a dozen drug fatalities recorded in Northern Health in June,https://www.myprincegeorgenow.com/147034/half-a-dozen-drug-fatalities-recorded-in-northern-health-in-june/,myprincegeorgenow.com,English,0.302,0.698,0,-0.5994,CPI
20210901T003000Z,The Latest : Georgia sets pandemic high for new case numbers,https://www.chronicleonline.com/news/world/the-latest-georgia-sets-pandemic-high-for-new-case-numbers/article_8e00d5f2-548c-5bf6-96e1-e2ab4e4015e3.html,chronicleonline.com,English,0,1,0,0,CPI
20210901T004500Z,South Dakota National Guard deployed for COVID - 19 reponse,https://www.registercitizen.com/news/article/South-Dakota-National-Guard-deployed-for-COVID-19-16425985.php,registercitizen.com,English,0,1,0,0,CPI
20210901T004500Z,The Latest : Georgia sets pandemic high for new case numbers,https://columbustelegram.com/news/national/govt-and-politics/the-latest-georgia-sets-pandemic-high-for-new-case-numbers/article_4c33185c-a06e-58b2-aa7a-e907cf1634a7.html,columbustelegram.com,English,0,1,0,0,CPI
20210901T004500Z,The Latest : Georgia sets pandemic high for new case numbers,https://www.bakersfield.com/ap/news/the-latest-georgia-sets-pandemic-high-for-new-case-numbers/article_ddcb9d97-96d0-5d91-8849-b2e367db40ce.html,bakersfield.com,English,0,1,0,0,CPI
20210901T004500Z,Philadelphia Is Considered The 4th Worst City To Drive In,https://wpst.com/philadelphia-pa-is-considered-the-4th-worst-city-to-drive-in/,wpst.com,English,0.313,0.687,0,-0.6249,CPI
20210901T004500Z,The Latest : Georgia sets pandemic high for new case numbers,https://omaha.com/news/national/govt-and-politics/the-latest-georgia-sets-pandemic-high-for-new-case-numbers/article_13adfa3b-eb82-5c63-9f84-fba46bc7dd89.html,omaha.com,English,0,1,0,0,CPI
20210901T004500Z,"Library Automation Software Market Next Big Thing | Major Giants Quantum , Book Systems , Softlink",https://www.sandiegosun.com/news/270960747/library-automation-software-market-next-big-thing--major-giants-quantum-book-systems-softlink,sandiegosun.com,English,0,1,0,0,CPI
20210901T004500Z,The Latest : COVID cases put Hawaii hospital at 120 % capacity,https://www.ottumwacourier.com/news/national_news/the-latest-covid-cases-put-hawaii-hospital-at-120-capacity/article_92c71b2a-cd03-5981-b94b-d8a8c87b563a.html,ottumwacourier.com,English,0,1,0,0,CPI
20210901T004500Z,The Latest : Georgia sets pandemic high for new case numbers,https://siouxcityjournal.com/news/national/govt-and-politics/the-latest-georgia-sets-pandemic-high-for-new-case-numbers/article_0a555a3e-fa7f-51b9-8cc3-fd1378ccd97a.html,siouxcityjournal.com,English,0,1,0,0,CPI
20210901T004500Z,The Latest : Georgia sets pandemic high for new case numbers,https://tucson.com/news/national/govt-and-politics/the-latest-georgia-sets-pandemic-high-for-new-case-numbers/article_1a014867-c33a-53dc-bf1a-4c3535b78c28.html,tucson.com,English,0,1,0,0,CPI
20210901T010000Z,The Latest : Georgia sets pandemic high for new case numbers,https://www.stltoday.com/news/national/govt-and-politics/the-latest-georgia-sets-pandemic-high-for-new-case-numbers/article_99832063-cf98-5a11-90bb-ad8e42f885b6.html,stltoday.com,English,0,1,0,0,CPI
20210901T010000Z,The Latest : Georgia sets pandemic high for new case numbers,https://www.couriernews.com/news/business/the-latest-georgia-sets-pandemic-high-for-new-case-numbers/article_2c727bff-d62a-5f03-aa7a-9571aa40e91c.html,couriernews.com,English,0,1,0,0,CPI
20210901T010000Z,"Collins accuses media of being  wing of the Labour Party , cites talking to husband when asked about Pasifika engagement",http://www.msn.com/en-nz/news/national/collins-accuses-media-of-being-wing-of-the-labour-party-cites-talking-to-husband-when-asked-about-pasifika-engagement/ar-AANXh5H,msn.com,English,0.1,0.664,0.237,0.5106,CPI
20210901T010000Z,The Latest : Georgia sets pandemic high for new case numbers,https://www.caledonianrecord.com/news/national/the-latest-georgia-sets-pandemic-high-for-new-case-numbers/article_26ae991d-e531-56be-b6ac-ac966c5d9267.html,caledonianrecord.com,English,0,1,0,0,CPI
20210901T010000Z,"MIL - OSI New Zealand : Mayor Goff calls for Aucklanders to get vaccinated to beat COVID - 19 , with vaccinations now open for everyone over 12",https://foreignaffairs.co.nz/2021/09/01/mil-osi-new-zealand-mayor-goff-calls-for-aucklanders-to-get-vaccinated-to-beat-covid-19-with-vaccinations-now-open-for-everyone-over-12/,foreignaffairs.co.nz,English,0,1,0,0,CPI
20210901T010000Z,Covid Victoria : Two Covid deaths recorded as some restrictions tipped to ease,https://www.weeklytimesnow.com.au/news/victoria/victoria-records-two-new-covid-deaths-as-brett-sutton-issues-warning-on-complacency/news-story/738a61f8505a60be37b732581f26b9e2?nk=28cc30efd9c884b9336810113b8605de-1630457244,weeklytimesnow.com.au,English,0,0.815,0.185,0.3612,CPI
20210901T011500Z,"500 , 000 Pfizer - Biontech doses boosts September vaccine rollout",https://www.liberal.org.au/latest-news/2021/08/31/500000-pfizer-biontech-doses-boosts-september-vaccine-rollout,liberal.org.au,English,0,0.777,0.223,0.3182,CPI
20210901T011500Z,2 more NJ Senate Dems back using federal COVID funds to prevent $250M tax hike,https://njbiz.com/2-more-nj-senate-dems-back-using-federal-covid-funds-to-prevent-250m-tax-hike/,njbiz.com,English,0,0.922,0.078,0.0258,CPI
20210901T011500Z,The Latest : Biden says US focusing on other security threats,https://omaha.com/news/world/the-latest-un-chief-urges-aid-to-afghans-in-hour-of-need/article_5bb2ba85-add6-5221-bbe9-d4a03679e046.html,omaha.com,English,0.212,0.606,0.182,-0.1027,CPI
20210901T011500Z,Berlin universities cut meat from menus to reduce greenhouse gas emissions,https://www.zmescience.com/science/berlin-universities-cut-meat-from-menus-to-reduce-greenhouse-gas-emissions/,zmescience.com,English,0.174,0.826,0,-0.2732,CPI
20210901T011500Z,Theme parks silver lining amid outbreak,http://africa.chinadaily.com.cn/a/202109/01/WS612eb4d3a310efa1bd66c6a7.html,africa.chinadaily.com.cn,English,0,1,0,0,CPI
20210901T013000Z,The Latest : Georgia sets pandemic high for new case numbers,https://www.benningtonbanner.com/ap/national/the-latest-georgia-sets-pandemic-high-for-new-case-numbers/article_1a0f300f-3a4a-5d01-bfd1-3da2145b10f8.html,benningtonbanner.com,English,0,1,0,0,CPI
20210901T013000Z,The Latest : Georgia sets pandemic high for new case numbers,https://www.reflector.com/news/national/the-latest-georgia-sets-pandemic-high-for-new-case-numbers/article_34c0c020-ce28-5b48-a92a-c52ff85f7216.html,reflector.com,English,0,1,0,0,CPI
20210901T013000Z,The Latest : Georgia sets pandemic high for new case numbers,https://www.news-gazette.com/news/nation-world/the-latest-georgia-sets-pandemic-high-for-new-case-numbers/article_08e5f9ef-a472-5759-a7f5-0fd6188b5a06.html,news-gazette.com,English,0,1,0,0,CPI
20210901T013000Z,Travis County Saw A Surge In Overdoses In 2020 . Advocates Hope The County Takes Steps To Stop Deaths . ,https://www.kut.org/health/2021-08-31/travis-county-saw-a-surge-in-overdoses-in-2020-advocates-hope-the-county-takes-steps-to-stop-deaths,kut.org,English,0.109,0.746,0.144,0.1779,CPI
20210901T014500Z,Theme parks silver lining amid outbreak,http://europe.chinadaily.com.cn/a/202109/01/WS612eb4d3a310efa1bd66c6a7.html,europe.chinadaily.com.cn,English,0,1,0,0,CPI
20210901T014500Z,The Latest : Hanford nuke site requires vaccine for workers,https://www.chronicleonline.com/news/world/the-latest-hanford-nuke-site-requires-vaccine-for-workers/article_8e00d5f2-548c-5bf6-96e1-e2ab4e4015e3.html,chronicleonline.com,English,0,1,0,0,CPI
20210901T014500Z,The Latest : Hanford nuke site requires vaccine for workers,https://www.bozemandailychronicle.com/ap_news/business/the-latest-hanford-nuke-site-requires-vaccine-for-workers/article_1b1c569a-10ee-5b11-8d06-039343fe8b7c.html,bozemandailychronicle.com,English,0,1,0,0,CPI
20210901T014500Z,The Latest : Georgia sets pandemic high for new case numbers,https://magicvalley.com/news/national/govt-and-politics/the-latest-georgia-sets-pandemic-high-for-new-case-numbers/article_fecabc58-1c9e-5cf2-9433-07ad7fe75067.html,magicvalley.com,English,0,1,0,0,CPI
20210901T014500Z,Covid Victoria : Two Covid deaths recorded as some restrictions tipped to ease,https://www.heraldsun.com.au/coronavirus/victoria-records-two-new-covid-deaths-as-brett-sutton-issues-warning-on-complacency/news-story/738a61f8505a60be37b732581f26b9e2?nk=677ef6f915e098c636c2983951a74614-1630459957,heraldsun.com.au,English,0,0.815,0.185,0.3612,CPI
20210901T014500Z,Xander Bogaerts of Red Sox tests positive for COVID - 19 ; oxygen supplies grow precarious amid virus surge,https://www.msn.com/en-us/news/us/xander-bogaerts-of-red-sox-tests-positive-for-covid-19-oxygen-supplies-grow-precarious-amid-virus-surge/ar-AAMrNBT,msn.com,English,0,0.816,0.184,0.5574,CPI
20210901T014500Z,COVID risk dial stays at mid - orange as growth of cases slows in Lincoln,https://journalstar.com/lifestyles/health-med-fit/health/covid-risk-dial-stays-at-mid-orange-as-growth-of-cases-slows-in-lincoln/article_b932fba8-5a28-56c3-a850-42181f5fa48a.html,journalstar.com,English,0.126,0.719,0.156,0.128,CPI
20210901T014500Z,The Latest : Georgia sets pandemic high for new case numbers,https://www.berkshireeagle.com/ap/politics/the-latest-georgia-sets-pandemic-high-for-new-case-numbers/article_a017cf8d-5f49-5cf0-bbe4-b750347844d2.html,berkshireeagle.com,English,0,1,0,0,CPI
20210901T020000Z,The Latest : Hanford nuke site requires vaccine for workers,https://www.stltoday.com/news/national/the-latest-hanford-nuke-site-requires-vaccine-for-workers/article_99832063-cf98-5a11-90bb-ad8e42f885b6.html,stltoday.com,English,0,1,0,0,CPI
20210901T020000Z,The Latest : Hanford nuke site requires vaccine for workers,https://www.michigansthumb.com/business/article/The-Latest-S-Korea-sees-drop-in-transmissions-16424371.php,michigansthumb.com,English,0,1,0,0,CPI
20210901T020000Z,The Latest : Hanford nuke site requires vaccine for workers,https://www.myjournalcourier.com/news/article/The-Latest-S-Korea-sees-drop-in-transmissions-16424371.php,myjournalcourier.com,English,0,1,0,0,CPI
20210901T020000Z,"40 new cases , one more death",https://paherald.sk.ca/2021/08/31/40-new-cases-one-more-death/,paherald.sk.ca,English,0.456,0.544,0,-0.6361,CPI
20210901T020000Z,The Latest : Georgia sets pandemic high for new case numbers,https://www.dailyadvance.com/news/national/the-latest-georgia-sets-pandemic-high-for-new-case-numbers/article_56aca89e-c4da-5508-81ab-bd4cbe22ce30.html,dailyadvance.com,English,0,1,0,0,CPI
20210901T020000Z,The Latest : Hanford nuke site requires vaccine for workers,https://oanow.com/news/national/the-latest-hanford-nuke-site-requires-vaccine-for-workers/article_3b5434ea-3588-54a2-8501-48c2f0b914a9.html,oanow.com,English,0,1,0,0,CPI
20210901T020000Z,The Latest : Hanford nuke site requires vaccine for workers,https://independenttribune.com/news/national/the-latest-hanford-nuke-site-requires-vaccine-for-workers/article_133702eb-5f01-551b-85f6-0038abc1d858.html,independenttribune.com,English,0,1,0,0,CPI
20210901T020000Z,The Latest : Hanford nuke site requires vaccine for workers,https://qctimes.com/news/national/the-latest-hanford-nuke-site-requires-vaccine-for-workers/article_63916820-e674-59fd-b468-26107a1c5cc8.html,qctimes.com,English,0,1,0,0,CPI
20210901T020000Z,The Latest : Hanford nuke site requires vaccine for workers,https://nonpareilonline.com/news/national/the-latest-hanford-nuke-site-requires-vaccine-for-workers/article_72e45af4-31fc-580e-b77f-f904f78f759f.html,nonpareilonline.com,English,0,1,0,0,CPI
20210901T021500Z,The Latest : Hanford nuke site requires vaccine for workers,https://godanriver.com/news/national/the-latest-hanford-nuke-site-requires-vaccine-for-workers/article_9c5465b6-7015-53f4-9918-f1506363d969.html,godanriver.com,English,0,1,0,0,CPI
20210901T021500Z,The Latest : Hanford nuke site requires vaccine for workers,https://madison.com/news/national/the-latest-hanford-nuke-site-requires-vaccine-for-workers/article_cffd930f-56ad-547d-bfc0-6cb484f0ade8.html,madison.com,English,0,1,0,0,CPI
20210901T021500Z,The Latest : Hanford nuke site requires vaccine for workers,https://lancasteronline.com/business/nation/the-latest-hanford-nuke-site-requires-vaccine-for-workers/article_e9d562d1-3204-5009-b47f-b5ba12cbca32.html,lancasteronline.com,English,0,1,0,0,CPI
20210901T021500Z,The Latest : Hanford nuke site requires vaccine for workers,https://auburnpub.com/news/national/the-latest-hanford-nuke-site-requires-vaccine-for-workers/article_5d1075a8-86f8-5d68-ae72-e4f6744baf80.html,auburnpub.com,English,0,1,0,0,CPI
20210901T021500Z,The Latest : Hanford nuke site requires vaccine for workers,https://tulsaworld.com/news/national/the-latest-hanford-nuke-site-requires-vaccine-for-workers/article_e02331ec-1306-5469-959e-f4713bc69345.html,tulsaworld.com,English,0,1,0,0,CPI
20210901T021500Z,The Latest : Hanford nuke site requires vaccine for workers,https://www.startribune.com/the-latest-hanford-nuke-site-requires-vaccine-for-workers/600092443/,startribune.com,English,0,1,0,0,CPI
20210901T021500Z,The Latest : Hanford nuke site requires vaccine for workers,https://www.idahopress.com/news/national/the-latest-hanford-nuke-site-requires-vaccine-for-workers/article_b9c3a153-9ce2-5349-abba-501fe831741b.html,idahopress.com,English,0,1,0,0,CPI
20210901T023000Z,The Latest : Hanford nuke site requires vaccine for workers,https://poststar.com/news/national/the-latest-hanford-nuke-site-requires-vaccine-for-workers/article_5f15b428-2b99-50f1-9437-204f0eae8036.html,poststar.com,English,0,1,0,0,CPI
20210901T023000Z,The Latest : Milley praises those who served in Afghanistan,https://www.stltoday.com/news/world/the-latest-milley-praises-those-who-served-in-afghanistan/article_5ec555b9-dc44-570e-bc39-1120ce641258.html,stltoday.com,English,0,0.702,0.298,0.5267,CPI
20210901T023000Z,The Latest : Hanford nuke site requires vaccine for workers,https://starherald.com/news/national/the-latest-hanford-nuke-site-requires-vaccine-for-workers/article_c72698aa-4718-5632-8e6a-54f1e112bcec.html,starherald.com,English,0,1,0,0,CPI
20210901T023000Z,The Latest : Hanford nuke site requires vaccine for workers,https://www.nwitimes.com/news/national/the-latest-hanford-nuke-site-requires-vaccine-for-workers/article_3a0cdb58-227b-597f-8b5e-9616a92a348d.html,nwitimes.com,English,0,1,0,0,CPI
20210901T023000Z,1 . 2 million residents in New Jersey food insecure as gubernatorial election nears,https://www.wsws.org/en/articles/2021/09/01/njsc-s01.html,wsws.org,English,0.219,0.781,0,-0.4215,CPI
20210901T023000Z,The Latest : Hanford nuke site requires vaccine for workers,https://www.heraldbulletin.com/news/nation_world/the-latest-hanford-nuke-site-requires-vaccine-for-workers/article_400c3955-dffd-5bcc-9423-15ecd100b5f8.html,heraldbulletin.com,English,0,1,0,0,CPI
20210901T023000Z,APEC Advances Robust Structural Reform Agenda for Quality Growth,https://www.miragenews.com/apec-advances-robust-structural-reform-agenda-623615/,miragenews.com,English,0,0.583,0.417,0.6124,CPI
20210901T023000Z,Number of Arkansas COVID patients on ventilators climbing,https://missoulian.com/news/national/govt-and-politics/number-of-arkansas-covid-patients-on-ventilators-climbing/article_66dddc55-ca5f-5a7e-aefa-a6aded6de17b.html,missoulian.com,English,0,0.843,0.157,0.0772,CPI
20210901T023000Z,The Latest : Hanford nuke site requires vaccine for workers,https://dothaneagle.com/news/national/the-latest-hanford-nuke-site-requires-vaccine-for-workers/article_a8bf1a03-402f-583f-84a6-60911178123c.html,dothaneagle.com,English,0,1,0,0,CPI
20210901T024500Z,The Latest : Hanford nuke site requires vaccine for workers,https://www.smdailyjournal.com/news/national/the-latest-hanford-nuke-site-requires-vaccine-for-workers/article_64d16970-a2ff-50a7-9825-e4cf5cc9b029.html,smdailyjournal.com,English,0,1,0,0,CPI
20210901T024500Z,Xander Bogaerts of Red Sox tests positive for COVID - 19 ; oxygen supplies grow precarious amid virus surge,https://www.msn.com/en-us/news/us/oxygen-supplies-grow-precarious-amid-virus-surge-xander-bogaerts-of-red-sox-tests-positive-for-covid-19/ar-AAMrNBT,msn.com,English,0,0.816,0.184,0.5574,CPI
20210901T024500Z,"  Ours is an impulse category , how many feel the same impulse when shopping online ?: Varun Kandhari , Mars Wrigley , India , on Snickers",https://www.afaqs.com/news/mktg/ours-is-an-impulse-category-how-many-feel-the-same-impulse-when-shopping-online-varun-kandhari-mars-wrigley-india-on-snickers,afaqs.com,English,0,1,0,0,CPI
20210901T024500Z,Theme parks silver lining amid outbreak,http://usa.chinadaily.com.cn/a/202109/01/WS612eb4d3a310efa1bd66c6a7.html,usa.chinadaily.com.cn,English,0,1,0,0,CPI
20210901T024500Z,"There hope for COVID - 19  flattening  in Illinois , but are neighboring states safe ? ",https://www.dailyherald.com/news/20210831/theres-hope-for-covid-19-flattening-in-illinois-but-are-neighboring-states-safe,dailyherald.com,English,0,0.655,0.345,0.7003,CPI
20210901T024500Z,"Goertzen chosen as interim premier , PC party leader",https://www.winnipegsun.com/news/provincial/goertzen-chosen-as-interim-premier-pc-party-leader,winnipegsun.com,English,0,0.722,0.278,0.4019,CPI
20210901T024500Z,Jabs milestone boosts Singapore outlook,http://usa.chinadaily.com.cn/a/202109/01/WS612edbf1a310efa1bd66c861.html,usa.chinadaily.com.cn,English,0,0.635,0.365,0.3182,CPI
20210901T030000Z,The Latest : Hanford nuke site requires vaccine for workers,https://omaha.com/news/national/the-latest-hanford-nuke-site-requires-vaccine-for-workers/article_13adfa3b-eb82-5c63-9f84-fba46bc7dd89.html,omaha.com,English,0,1,0,0,CPI
20210901T030000Z,The Latest : Hanford nuke site requires vaccine for workers,https://statesville.com/news/national/the-latest-hanford-nuke-site-requires-vaccine-for-workers/article_e89bef58-18e6-57db-9dfa-8d3e73af431f.html,statesville.com,English,0,1,0,0,CPI
20210901T030000Z,The Latest : Hanford nuke site requires vaccine for workers,https://tucson.com/news/national/the-latest-hanford-nuke-site-requires-vaccine-for-workers/article_1a014867-c33a-53dc-bf1a-4c3535b78c28.html,tucson.com,English,0,1,0,0,CPI
20210901T030000Z,The Latest : Hanford nuke site requires vaccine for workers,https://nptelegraph.com/news/national/the-latest-hanford-nuke-site-requires-vaccine-for-workers/article_4f936a14-a4ab-59a3-9e21-7b9c0fa82c1f.html,nptelegraph.com,English,0,1,0,0,CPI
20210901T030000Z,The Latest : Hanford nuke site requires vaccine for workers,https://www.kpvi.com/news/national_news/the-latest-hanford-nuke-site-requires-vaccine-for-workers/article_599311bb-49b3-5f03-9ad4-5afb5b821acf.html,kpvi.com,English,0,1,0,0,CPI
20210901T030000Z,Australia GDP rises 0 . 7 per cent but the full impact of Delta strain lockdowns yet to be felt,https://www.9news.com.au/national/australia-gdp-figures-economy-grows-but-delta-lockdowns-yet-to-be-felt/0a4d7903-75da-484f-804b-e66db6aa84f5,9news.com.au,English,0.075,0.925,0,-0.0772,CPI
20210901T030000Z,The Latest : Hanford nuke site requires vaccine for workers,https://globegazette.com/news/national/the-latest-hanford-nuke-site-requires-vaccine-for-workers/article_ef951282-12aa-5acf-9a4c-b100765b7a09.html,globegazette.com,English,0,1,0,0,CPI
20211001T000000Z,BU dining services limited amid supply chain disruptions,https://www.bupipedream.com/news/122202/auto-draft-1268/,bupipedream.com,English,0.417,0.583,0,-0.5106,CPI
20211001T000000Z,"Expert urges investments in petrochemicals , global revenues near $651bn",https://punchng.com/expert-urges-investments-in-petrochemicals-global-revenues-near-651bn/,punchng.com,English,0,1,0,0,CPI
20211001T000000Z,Alabama Senate should vote on $1 . 3 billion prison project,https://www.gadsdentimes.com/story/news/2021/09/30/alabama-senate-should-vote-1-3-billion-prison-project/5924970001/,gadsdentimes.com,English,0.292,0.708,0,-0.5106,CPI
20211001T000000Z,"61 years on : Nigeria is broken , needs urgent rescue",https://punchng.com/61-years-on-nigeria-is-broken-needs-urgent-rescue/,punchng.com,English,0.218,0.423,0.359,0.25,CPI
20211001T000000Z,"LDG Multifamily to relocate , expand headquarters in Louisville",https://louisvilleky.gov/news/ldg-multifamily-relocate-expand-headquarters-louisville,louisvilleky.gov,English,0,0.753,0.247,0.3182,CPI
20211001T000000Z,"NEWS 9 . 30 . 21 : IA C19 Trends , NE Redistricting Passes ,  Storm Lake  Opens Film Festival , and More",https://www.kwit.org/post/news-93021-ia-c19-trends-ne-redistricting-passes-storm-lake-opens-film-festival-and-more,kwit.org,English,0,0.824,0.176,0.4939,CPI
20211001T000000Z,Oregon Hospitals Crushed By COVID Put Other Surgeries On Hold : Shots,https://www.npr.org/sections/health-shots/2021/09/16/1037621883/overwhelmed-with-covid-patients-oregon-hospitals-postpone-surgeries-and-cancer-c,npr.org,English,0.219,0.781,0,-0.4215,CPI
20211001T001500Z,Digicel builds deep blue one subsea cable connecting French ... ,https://menafn.com/1102896854/Digicel-builds-deep-blue-one-subsea-cable-connecting-French-Guiana-Suriname-Guyana-and-Trinidad-and-Tobago&source=30,menafn.com,English,0,1,0,0,CPI
20211001T001500Z,The Nashville Ledger,http://www.tnledger.com/editorial/Article.aspx?id=146182,tnledger.com,English,0,1,0,0,CPI
20211001T003000Z,Auburn Mall vaccine clinic to offer booster shots for eligible individuals,https://www.sunjournal.com/2021/09/30/auburn-mall-vaccine-clinic-to-offer-booster-shots-for-eligible-individuals/,sunjournal.com,English,0,1,0,0,CPI
20211001T003000Z,"WindAction | Chinese switch to flashlights , generators amid power cuts",https://www.windaction.org/posts/52857-chinese-switch-to-flashlights-generators-amid-power-cuts,windaction.org,English,0.216,0.784,0,-0.296,CPI
20211001T004500Z,THURSDAY UPDATES : Active cases in Boone County continue to drop,https://abc17news.com/news/coronavirus/2021/09/30/thursday-updates-active-cases-in-boone-county-continue-to-drop/,abc17news.com,English,0.164,0.625,0.211,0.1531,CPI
20211001T004500Z,North Dakota reports 3 new COVID - 19 deaths | Grand Forks Herald,https://www.grandforksherald.com/newsmd/coronavirus/7194430-North-Dakota-reports-3-new-COVID-19-deaths,grandforksherald.com,English,0,0.75,0.25,0.4588,CPI
20211001T010000Z,Matt Burns – TechCrunch,https://techcrunch.com/author/matt-burns/,techcrunch.com,English,0,1,0,0,CPI
20211001T010000Z,Trickey rolls out addiction awareness truck | Riverbend News,https://www.advantagenews.com/news/local/riverbend-news/trickey-s-rolls-out-addiction-awareness-truck/article_b5803948-2076-11ec-90d7-87e705204d9b.html,advantagenews.com,English,0,1,0,0,CPI
20211001T011500Z,"Fourth pandemic wave requires vigilance , action",https://www.winnipegfreepress.com/opinion/editorials/fourth-pandemic-wave-requires-vigilance-action-575430892.html,winnipegfreepress.com,English,0,1,0,0,CPI
20211001T011500Z,Connecticut Is Chipping Away At Its $40B Pension Debt,https://www.wshu.org/post/connecticut-chipping-away-its-40b-pension-debt,wshu.org,English,0.238,0.762,0,-0.3612,CPI
20211001T013000Z,Zero Waste Malaysia launches 30 - Day Zero Waste Challenge,https://www.thestar.com.my/lifestyle/living/2021/10/01/zero-waste-malaysia-launches-30-day-zero-waste-challenge-to-encourage-waste-free-lifestyle,thestar.com.my,English,0.434,0.465,0.101,-0.6486,CPI
20211001T013000Z,"As COVID - 19 crush eases , Kemp urges more to seek vaccines",https://www.greenwichtime.com/news/article/As-COVID-19-crush-eases-Kemp-urges-more-to-seek-16500279.php,greenwichtime.com,English,0.124,0.698,0.178,0.1779,CPI
20211001T013000Z,Dubai Opens Expo 2020 to a World Still Reeling From Pandemic,https://hamodia.com/2021/09/30/dubai-opens-expo-2020-to-a-world-still-reeling-from-pandemic/,hamodia.com,English,0,1,0,0,CPI
20211001T014500Z,Schools Try To Mitigate Spread Of COVID - 19,https://www.wmra.org/post/schools-try-mitigate-spread-covid-19,wmra.org,English,0,1,0,0,CPI
20211001T014500Z,Celebrating Nigeria at 61,https://thenationonlineng.net/celebrating-nigeria-at-61/,thenationonlineng.net,English,0,0.448,0.552,0.5719,CPI
20211001T014500Z,"As COVID - 19 crush eases , Kemp urges more to seek vaccines",https://www.nhregister.com/news/article/As-COVID-19-crush-eases-Kemp-urges-more-to-seek-16500279.php,nhregister.com,English,0.124,0.698,0.178,0.1779,CPI
20211001T021500Z,"Environment , inequalities shape global politics",https://www.tribuneindia.com/news/comment/environment-inequalities-shape-global-politics-318438,tribuneindia.com,English,0,1,0,0,CPI
20211001T021500Z,"17 , 000 Killings by Police Have Gone Uncounted Since 1980",https://www.chron.com/entertainment/article/17-000-Killings-by-Police-Have-Gone-Uncounted-16500679.php,chron.com,English,0.333,0.667,0,-0.6705,CPI
20211001T023000Z,Additional Medicaid funding extended for territories by Congress,https://www.guampdn.com/news/additional-medicaid-funding-extended-for-territories-by-congress/article_bbb7d0e4-2244-11ec-a159-4b30694433d5.html,guampdn.com,English,0,1,0,0,CPI
20211001T023000Z,"As COVID - 19 crush eases , Kemp urges more to seek vaccines",https://www.mysanantonio.com/news/article/As-COVID-19-crush-eases-Kemp-urges-more-to-seek-16500279.php,mysanantonio.com,English,0.124,0.698,0.178,0.1779,CPI
20211001T024500Z,rural america – NECN,https://www.necn.com/tag/rural-america/,necn.com,English,0,1,0,0,CPI
20211001T024500Z,"COVID - 19 in B . C .: 749 cases , 9 deaths in latest update",https://bc.ctvnews.ca/covid-19-in-b-c-749-cases-9-deaths-in-latest-update-1.5606858,bc.ctvnews.ca,English,0,1,0,0,CPI
20211001T024500Z,Does the higher per capita intelligence near prestigious schools improve quality ... ,https://www.fluther.com/228589/does-the-higher-per-capita-intelligence-near-prestigious-schools-improve-quality/,fluther.com,English,0,0.625,0.375,0.7184,CPI
20211001T024500Z,Dubai opens Expo 2020 to a world still reeling from pandemic,https://www.beaumontenterprise.com/entertainment/article/Dubai-opens-Expo-2020-to-a-world-still-reeling-16499389.php,beaumontenterprise.com,English,0,1,0,0,CPI
20211001T030000Z,Reforms Could Ensure Higher Growth Rates as Vietnams Population Ages,https://www.miragenews.com/reforms-could-ensure-higher-growth-rates-as-643480/,miragenews.com,English,0,0.606,0.394,0.6369,CPI
20211001T033000Z,Digicel builds deep blue one subsea cable connecting French ... ,https://menafn.com/1102896854/Digicel-builds-deep-blue-one-subsea-cable-connecting-French-Guiana-Suriname-Guyana-and-Trinidad-and-Tobago&source=138,menafn.com,English,0,1,0,0,CPI
20211001T033000Z,The Schiller Institute Plan To Develop Haiti,https://larouchepub.com/other/2021/4839-the_schiller_institute_plan_to.html,larouchepub.com,English,0,1,0,0,CPI
20211001T033000Z,"Dubai opens Expo 2020 to a world still reeling from pandemic | The Asahi Shimbun : Breaking News , Japan News and Analysis",https://www.asahi.com/ajw/articles/14451699,asahi.com,English,0,1,0,0,CPI
20211001T033000Z,Zbigniew Brzezinski and September 11th,https://larouchepub.com/lar/2021/4839-zbigniew_brzezinski_and_septem-lar.html,larouchepub.com,English,0,1,0,0,CPI
20211001T033000Z,NY COVID rates plunged last week . Here where they are dropping and still rising,https://www.chronicle-express.com/story/news/2021/09/27/covid-cases-new-york-counties/5888538001/,chronicle-express.com,English,0,1,0,0,CPI
20211001T034500Z,Hmedium : China Wuyuan Huangling Invites You to the Second Summit of Village Chiefs of International Tourism Village,https://www.finanznachrichten.de/nachrichten-2021-10/54088328-hmedium-china-wuyuan-huangling-invites-you-to-the-second-summit-of-village-chiefs-of-international-tourism-village-296.htm,finanznachrichten.de,English,0,1,0,0,CPI
20211001T040000Z,Malaysia posts record monthly COVID - 19 deaths as authorities cite backlog,https://www.msn.com/en-us/news/world/malaysia-posts-record-monthly-covid-19-deaths-as-authorities-cite-backlog/ar-AAP1lqs,msn.com,English,0,1,0,0,CPI
20211001T040000Z,"Adventures in the sausage factory : a cursory overview of united kingdom university struggles , November 2010 – July 2011",http://libcom.org/library/adventures-sausage-factory-cursory-overview-uk-university-struggles-novermber-2010-%E2%80%93-jul,libcom.org,English,0.121,0.628,0.251,0.4019,CPI
20211001T040000Z,Health centers receive ARPA funding,https://www.benningtonbanner.com/local-news/health-centers-receive-arpa-funding/article_74f64ae0-2218-11ec-a7e7-ebeb92e101e3.html,benningtonbanner.com,English,0,1,0,0,CPI
20211001T040000Z,Climate change : Scott Morrison doesnt deny Australia got united kingdom to drop commitments from trade deal,https://www.cnn.com/2021/09/09/business/australia-uk-trade-climate-intl/,cnn.com,English,0.103,0.587,0.31,0.5,CPI
20211001T040000Z,"As COVID - 19 crush eases , Kemp urges more to seek vaccines",https://www.sfchronicle.com/news/article/As-COVID-19-crush-eases-Kemp-urges-more-to-seek-16500279.php,sfchronicle.com,English,0.124,0.698,0.178,0.1779,CPI
20211001T041500Z,Malaysia posts record monthly COVID - 19 deaths as authorities cite backlog,https://www.reuters.com/world/asia-pacific/malaysia-posts-record-monthly-covid-19-deaths-authorities-cite-backlog-2021-10-01/,reuters.com,English,0,1,0,0,CPI
20211001T043000Z,Restrictions lifted in Cuba with 90 percent vaccinated,https://www.sbs.com.au/news/audiotrack/restrictions-lifted-cuba-90-percent-vaccinated,sbs.com.au,English,0,1,0,0,CPI
20211001T043000Z,Malaysia posts record monthly COVID - 19 deaths as authorities cite backlog,https://www.reuters.com/article/us-health-coronavirus-malaysia/malaysia-posts-record-monthly-covid-19-deaths-as-authorities-cite-backlog-idUSKBN2GR2RM,reuters.com,English,0,1,0,0,CPI
20211001T043000Z,Lao PDR : Economic Fallout from COVID - 19 Deepened,https://moderndiplomacy.eu/2021/09/02/lao-pdr-economic-fallout-from-covid-19-deepened/,moderndiplomacy.eu,English,0,1,0,0,CPI
20211001T044500Z,"Monthly Review | Notes from the Editors , October 2021",https://monthlyreview.org/2021/10/01/mr-073-05-2021-09_0/,monthlyreview.org,English,0,1,0,0,CPI
20211001T050000Z,Congratulations on the 72nd Anniversary of the Founding of the People Republic of China,https://dailytimes.com.pk/823581/congratulations-on-the-72nd-anniversary-of-the-founding-of-the-peoples-republic-of-china/,dailytimes.com.pk,English,0,0.769,0.231,0.5994,CPI
20211001T051500Z,China Wuyuan Huangling Invites You to the Second Summit of V ... ,https://menafn.com/1102897553/China-Wuyuan-Huangling-Invites-You-to-the-Second-Summit-of-Village-Chiefs-of-International-Tourism-Village,menafn.com,English,0,1,0,0,CPI
20211001T051500Z,Latin America Needs a New Social Contract,https://www.foreignaffairs.com/articles/central-america-caribbean/2021-10-01/latin-america-needs-new-social-contract,foreignaffairs.com,English,0,1,0,0,CPI
20211001T051500Z,Malaysia posts record monthly COVID - 19 deaths,https://arynews.tv/malaysia-posts-record-monthly-covid-19-deaths/,arynews.tv,English,0,1,0,0,CPI
20211001T051500Z,Revisiting Whether It Politics or Economics That Impacts a County Vaccination Percentage ? ,https://www.ncspin.com/revisiting-whether-its-politics-or-economics-that-impacts-a-countys-vaccination-percentage,ncspin.com,English,0,1,0,0,CPI
20211001T053000Z,EU Mr Austerity : No need to change debt ceiling,https://euobserver.com/climate/153092,euobserver.com,English,0.402,0.598,0,-0.5719,CPI
20211001T053000Z,"Since independence , Nigeria GDP growth highest under two military juntas , Obasanjo presidency",https://www.premiumtimesng.com/news/headlines/487481-special-report-since-independence-nigerias-gdp-growth-highest-under-two-military-juntas-obasanjo-presidency.html,premiumtimesng.com,English,0,0.809,0.191,0.3818,CPI
20211001T053000Z,Reuters Health News Summary,https://www.msn.com/en-us/news/us/reuters-health-news-summary/ar-AAP1mDu,msn.com,English,0,1,0,0,CPI
20211001T054500Z,"Bangladesh , six other LDCs  catching up  global average growth",https://www.fibre2fashion.com/news/textile-news/bangladesh-six-other-ldcs-catching-up-global-average-growth-276614-newsdetails.htm,fibre2fashion.com,English,0,0.755,0.245,0.3818,CPI
20211001T054500Z,Liaison Office chief seeks HK communitie views,http://global.chinadaily.com.cn/a/202110/01/WS61567735a310cdd39bc6cc26.html,global.chinadaily.com.cn,English,0,1,0,0,CPI
20211001T060000Z,5G subscribers in Africa and ME to reach 10 . 4 million by 2021,https://developingtelecoms.com/telecom-business/12006-5g-subscribers-in-africa-and-me-to-reach-10-4-million-by-2021.html,developingtelecoms.com,English,0,0.909,0.091,0.0258,CPI
20211001T060000Z,Congress extends higher Medicaid funding for the territories,https://www.guampdn.com/news/congress-extends-higher-medicaid-funding-for-the-territories/article_bbb7d0e4-2244-11ec-a159-4b30694433d5.html,guampdn.com,English,0,0.824,0.176,0.128,CPI
20211001T060000Z,Faulty  parent view  gets the blame for most of today issues,https://www.statesboroherald.com/life/faulty-parent-view-gets-blame-most-todays-issues/,statesboroherald.com,English,0.343,0.657,0,-0.5719,CPI
20211001T060000Z,Coronavirus live news : united kingdom cases rise after schools return ; record monthly deaths in Malaysia,https://www.msn.com/en-gb/news/world/coronavirus-live-news-uk-cases-rise-after-schools-return-record-monthly-deaths-in-malaysia/ar-AAP1kdW,msn.com,English,0,0.833,0.167,0.4215,CPI
20211001T060000Z,Forever Royal : Remembering Yordano Ventura,http://www.royalsblue.com/2017/02/forever-royal-remembering-yordano-ventura/,royalsblue.com,English,0,1,0,0,CPI
20211001T060000Z,Qatari women take careful steps at first polls,https://www.france24.com/en/live-news/20211001-qatari-women-take-careful-steps-at-first-polls,france24.com,English,0,0.814,0.186,0.1531,CPI
20211001T060000Z,keeping austin weird ? - The Brown Daily Herald,https://www.browndailyherald.com/article/2021/10/austinfriedman,browndailyherald.com,English,0.221,0.779,0,-0.1779,CPI
20211001T060000Z,Malaysia posts record monthly COVID - 19 deaths as authorities cite backlog,https://isp.netscape.com/news/world/story/0002/20211001/KBN2GR2RM_3,isp.netscape.com,English,0,1,0,0,CPI
20211001T061500Z,Europe Refrigerated Truck Rental Market 2020 - 2027 : with Focus on future Scope and Historical Analysis,http://www.comunicati.net/comunicati/aziende/ecologia/731495.html,comunicati.net,English,0,1,0,0,CPI
20211001T061500Z,"Uganda has potential to overtake Korea growth , says ambassador Ha",https://www.msn.com/en-xl/news/other/uganda-has-potential-to-overtake-koreas-growth-says-ambassador-ha/ar-AAP1xY6,msn.com,English,0,0.615,0.385,0.6124,CPI
20211001T061500Z,Coronavirus live news : united kingdom cases rise after schools return ; record monthly deaths in Malaysia,https://www.msn.com/en-gb/news/uknews/coronavirus-live-news-uk-cases-rise-after-schools-return-record-monthly-deaths-in-malaysia/ar-AAP1kdW,msn.com,English,0,0.833,0.167,0.4215,CPI
20211001T063000Z,Malaysia posts record monthly COVID - 19 deaths as authorities cite backlog,https://katcountry989.com/2021/09/30/malaysia-posts-record-monthly-covid-19-deaths-as-authorities-cite-backlog/,katcountry989.com,English,0,1,0,0,CPI
20211001T064500Z,"This Is the County in the Brunswick , GA Metro Area with the Most Deaths from COVID - 19",https://www.msn.com/en-us/money/realestate/this-is-the-county-in-the-brunswick-ga-metro-area-with-the-most-deaths-from-covid-19/ar-AAP1yLT,msn.com,English,0,1,0,0,CPI
20211001T064500Z,Vietnams Economic Growth Could Slow as Its Population Ages : Report,https://www.medcom.id/english/business/4KZ2Bn0K-vietnam-s-economic-growth-could-slow-as-its-population-ages-report,medcom.id,English,0,0.776,0.224,0.3818,CPI
20211001T070000Z,"Nigeria : Special Report - Since Independence , Nigeria GDP Growth Highest Under Two Military Juntas , Obasanjo Presidency",https://allafrica.com/stories/202110010160.html,allafrica.com,English,0,0.71,0.29,0.6486,CPI
20211001T071500Z,Malaysia posts record monthly COVID - 19 deaths as authorities cite backlog,https://www.swissinfo.ch/eng/malaysia-posts-record-monthly-covid-19-deaths-as-authorities-cite-backlog/46993842,swissinfo.ch,English,0,1,0,0,CPI
20211001T071500Z,A cautionary tale - COVID - 19 is not just like the flu,https://neoskosmos.com/en/2021/10/01/news/australia/a-cautionary-tale-covid-19-is-not-just-like-the-flu/,neoskosmos.com,English,0.371,0.629,0,-0.5733,CPI
20211001T071500Z,Capita Agrees To Sell Its Software Arm SSS To NEC Software For £62 Mln,https://www.finanznachrichten.de/nachrichten-2021-10/54089871-capita-agrees-to-sell-its-software-arm-sss-to-nec-software-for-gbp-62-mln-020.htm,finanznachrichten.de,English,0,0.878,0.122,0.2023,CPI
20211001T073000Z,Malaysia posts record monthly Covid - 19 deaths as authorities cite backlog,https://www.straitstimes.com/asia/se-asia/malaysia-posts-record-monthly-covid-19-deaths-as-authorities-cite-backlog,straitstimes.com,English,0,1,0,0,CPI
20211001T073000Z,Covid : The lives upended by Australia sealed border,https://www.bbc.co.uk/news/world-australia-58540905,bbc.co.uk,English,0,1,0,0,CPI
20211001T073000Z,"This Is the County in the Elizabethtown - Fort Knox , KY Metro Area with the Most Deaths from COVID - 19",https://www.msn.com/en-us/money/news/this-is-the-county-in-the-elizabethtown-fort-knox-ky-metro-area-with-the-most-deaths-from-covid-19/ar-AAP1EwY,msn.com,English,0,1,0,0,CPI
20211001T073000Z,"This Is the County in the Clarksville , TN - KY Metro Area with the Most Deaths from COVID - 19",https://www.msn.com/en-us/health/wellness/this-is-the-county-in-the-clarksville-tn-ky-metro-area-with-the-most-deaths-from-covid-19/ar-AAP1EwZ,msn.com,English,0,1,0,0,CPI
20211001T073000Z,"This Is the County in the Hartford - West Hartford - East Hartford , CT Metro Area with the Most Deaths from COVID - 19",https://www.msn.com/en-us/money/realestate/this-is-the-county-in-the-hartford-west-hartford-east-hartford-ct-metro-area-with-the-most-deaths-from-covid-19/ar-AAP1x60,msn.com,English,0,1,0,0,CPI
20211001T074500Z,What Is The True Risk Level For The Great Barrier Reef ? ,https://worldcrunch.com/green-or-gone-1/what-is-the-true-risk-level-for-the-great-barrier-reef,worldcrunch.com,English,0.206,0.4,0.394,0.6486,CPI
20211001T074500Z,"This Is the County in the Lafayette - West Lafayette , IN Metro Area with the Most Deaths from COVID - 19",https://www.msn.com/en-us/news/us/this-is-the-county-in-the-lafayette-west-lafayette-in-metro-area-with-the-most-deaths-from-covid-19/ar-AAP1xjr,msn.com,English,0,1,0,0,CPI
20211101T000000Z,COVID - 19 Collection,https://www.thelancet.com/coronavirus/collection?startPage=20&startPage=0&ppub=%5B20201024+to+20211024%5D,thelancet.com,English,0,1,0,0,CPI
20211101T000000Z,Another Voice : New York needs proactive approach to energy,https://buffalonews.com/opinion/another-voice-new-york-needs-proactive-approach-to-energy/article_b269f826-38a8-11ec-9e90-87355648e931.html,buffalonews.com,English,0,0.588,0.412,0.5994,CPI
20211101T004500Z,How Japan new PM is promising a  new capitalism  ,http://www.msn.com/en-us/news/world/how-japan-s-new-pm-is-promising-a-new-capitalism/ar-AAQakCB,msn.com,English,0,0.722,0.278,0.4019,CPI
20211101T004500Z,How Japan new PM is promising a  new capitalism  ,https://www.msn.com/en-us/news/world/how-japan-s-new-pm-is-promising-a-new-capitalism/ar-AAQakCB,msn.com,English,0,0.722,0.278,0.4019,CPI
20211101T004500Z,Sri Lanka post - pandemic education – The Island,https://island.lk/sri-lankas-post-pandemic-education/,island.lk,English,0,1,0,0,CPI
20211101T004500Z,Glasgow Climate Conference ... What does climate change mean to Jordan ? ,http://www.jordantimes.com/opinion/hazim-el-naser/glasgow-climate-conference-what-does-climate-change-mean-jordan,jordantimes.com,English,0,1,0,0,CPI
20211101T010000Z,ASPI decades : Cop this in the era of disasters,https://www.aspistrategist.org.au/aspis-decades-cop-this-in-the-era-of-disasters/,aspistrategist.org.au,English,0.31,0.69,0,-0.5574,CPI
20211101T011500Z,Alter food system to avoid climate risks,http://global.chinadaily.com.cn/a/202111/01/WS617f1ecaa310cdd39bc7266b.html,global.chinadaily.com.cn,English,0.462,0.538,0,-0.5106,CPI
20211101T011500Z,"  Soooo frustrating : Infighting , bad predictions hindered Missouri response to delta variant | Coronavirus updates",https://www.joplinglobe.com/coronavirus/soooo-frustrating-infighting-bad-predictions-hindered-missouri-response-to-delta-variant/article_5ac22482-38c0-11ec-84ce-8fea02092b0e.html,joplinglobe.com,English,0.368,0.632,0,-0.7506,CPI
20211101T013000Z,Roscommon Herald Ireland falling short in contributions to  avert climate crisi - Trócaire,https://roscommonherald.ie/2021/10/31/ireland-falling-short-in-contributions-to-avert-climate-crisis-trocaire/,roscommonherald.ie,English,0.248,0.752,0,-0.3182,CPI
20211101T013000Z,Will the CoP26 be the turning point ? ,https://www.msn.com/en-in/money/in-depth/will-the-cop26-be-the-turning-point/ar-AAQarYN,msn.com,English,0,1,0,0,CPI
20211101T013000Z,31 Children Died By Suicide Every Day In India In 2020,https://www.ndtv.com/india-news/31-children-died-by-suicide-every-day-in-india-in-2020-2594650,ndtv.com,English,0.474,0.526,0,-0.8442,CPI
20211101T013000Z,"La Vista , Nebraska ( NE 68046 ) profile : population , maps , real estate , averages , homes , statistics , relocation , travel , jobs , hospitals , schools , crime , moving , houses , news , sex offenders",https://www.city-data.com/city/La-Vista-Nebraska.html,city-data.com,English,0.214,0.786,0,-0.7184,CPI
20211101T014500Z,Africa walks development tightrope as calls for oil and gas restraint grow,https://african.business/2021/10/energy-resources/africa-walks-development-tightrope-as-calls-for-oil-and-gas-restraint-grow/,african.business,English,0,1,0,0,CPI
20211101T014500Z,"Covid - 19 deaths ( Nov 1 ): 36 reported deaths , total at 28 , 912",https://www.malaysiakini.com/news/597506,malaysiakini.com,English,0.203,0.797,0,-0.4215,CPI
20211101T014500Z,"Australia has been dragged kicking and screaming to a net zero plan before Glasgow , but we still trail the pack | Michael Mann and Christopher Wright",https://www.theguardian.com/commentisfree/2021/nov/01/australia-has-been-dragged-kicking-and-screaming-to-a-net-zero-plan-before-glasgow-but-we-still-trail-the-pack,theguardian.com,English,0.116,0.884,0,-0.2263,CPI
20211101T020000Z,What COP - 26 means for us,https://www.deccanherald.com/opinion/comment/what-cop-26-means-for-us-1046103.html,deccanherald.com,English,0,1,0,0,CPI
20211101T021500Z,"Central Bank Bill , 1997 : Second Stage . – Dáil Éireann ( 28th Dáil ) – Thursday , 12 Feb 1998 – Houses of the Oireachtas",https://www.oireachtas.ie/en/debates/debate/dail/1998-02-12/6/?highlight[0]=1950s&highlight[1]=central&highlight[2]=bill&highlight[3]=central&highlight[4]=bill&highlight[5]=fund&highlight[6]=central&highlight[7]=bill,oireachtas.ie,English,0,1,0,0,CPI
20211101T023000Z,Arkansas runs out of intensive care beds for COVID patients,https://apnews.com/article/health-arkansas-coronavirus-pandemic-76b5c9eb07b489dd94209551fea74024,apnews.com,English,0,0.738,0.262,0.4939,CPI
20211101T023000Z,Arkansas governor seeks to lift ban on school mask mandates,https://apnews.com/article/health-arkansas-coronavirus-pandemic-c0b15d717362d21ecdc46a5ebda52247,apnews.com,English,0.286,0.714,0,-0.5574,CPI
20211101T024500Z,Five mayoral races to watch on Tuesday,https://www.kten.com/story/45095265/five-mayoral-races-to-watch-on-tuesday,kten.com,English,0,1,0,0,CPI
20211101T030000Z,"China grows more isolated as South Korea , Japan , Thailand start living with Covid - 19",https://www.msn.com/en-us/news/world/china-grows-more-isolated-as-south-korea-japan-thailand-start-living-with-covid-19/ar-AAQat6j,msn.com,English,0.166,0.834,0,-0.3804,CPI
20211101T030000Z,How Japan new PM is promising a  new capitalism  ,https://www.bbc.com/news/business-58976987,bbc.com,English,0,0.722,0.278,0.4019,CPI
20211101T031500Z,"New Jersey is one of the safest states to live in , according to report",https://literock969.com/new-jersey-is-one-of-the-safest-states-to-live-in-according-to-report/,literock969.com,English,0,0.828,0.172,0.4019,CPI
20211101T031500Z,COP26 Glasgow 2021 : What can India hope to achieve ? ,https://www.business-standard.com/podcast/economy-policy/cop26-glasgow-2021-what-can-india-hope-to-achieve-121110100034_1.html,business-standard.com,English,0,0.734,0.266,0.4404,CPI
20211101T033000Z,Travel to Croatia during Covid - 19 : What you need to know before you go,https://www.cbs46.com/travel-to-croatia-during-covid-19-what-you-need-to-know-before-you-go/article_55240251-679c-5681-8b73-7e7e71f0ea43.html,cbs46.com,English,0,1,0,0,CPI
20211101T033000Z,The three most powerful words an adviser can say - Professional Planner,https://www.professionalplanner.com.au/2021/11/the-three-most-powerful-words-an-adviser-can-say/,professionalplanner.com.au,English,0,0.764,0.236,0.4754,CPI
20211101T033000Z,"China grows more isolated as South Korea , Japan , Thailand start living with Covid - 19",https://www.cnn.com/2021/10/31/asia/china-japan-south-korea-covid-intl-dst-hnk/,cnn.com,English,0.166,0.834,0,-0.3804,CPI
20211101T034500Z,"31 children died by suicide every day in 2020 , reveals govt data ; experts blame COVID - 19",https://zeenews.india.com/india/31-children-died-by-suicide-every-day-in-2020-reveals-govt-data-experts-blame-covid-19-2407059.html,zeenews.india.com,English,0.447,0.553,0,-0.8885,CPI
20211101T034500Z,Only photos left as Peruvians mourn their Covid dead,https://www.msn.com/en-us/news/world/only-photos-left-as-peruvians-mourn-their-covid-dead/ar-AAQayLW,msn.com,English,0.504,0.496,0,-0.7964,CPI
20211101T034500Z,"China grows more isolated as South Korea , Japan , Thailand start living with Covid - 19",http://www.msn.com/en-us/news/world/china-grows-more-isolated-as-south-korea-japan-thailand-start-living-with-covid-19/ar-AAQat6j,msn.com,English,0.166,0.834,0,-0.3804,CPI
20211101T034500Z,Woman forced to live in abuser home calls for more culturally specific refuges,https://www.sbs.com.au/news/the-feed/woman-forced-to-live-in-abuser-s-home-calls-for-more-culturally-specific-refuges,sbs.com.au,English,0.375,0.625,0,-0.765,CPI
20211101T040000Z,Redistricting To Save Commissioner Baker - Chattanoogan . com,https://www.chattanoogan.com/2021/10/31/437596/Redistricting-To-Save-Commissioner-Baker.aspx,chattanoogan.com,English,0,0.652,0.348,0.4939,CPI
20211101T041500Z,Fuel price : MP minister MS Sisodia says people should accept inflation when their income is rising,https://scroll.in/latest/1009481/people-should-accept-inflation-when-their-income-is-rising-too-says-madhya-pradesh-minister,scroll.in,English,0,0.852,0.148,0.3818,CPI
20211101T043000Z,Only photos left as Peruvians mourn their Covid dead,http://www.msn.com/en-nz/news/world/only-photos-left-as-peruvians-mourn-their-covid-dead/ar-AAQayLW,msn.com,English,0.504,0.496,0,-0.7964,CPI
20211101T043000Z,Changing Argentina Inertia : Is it Possible ? ,https://www.americasquarterly.org/article/changing-argentinas-inertia-is-it-possible/,americasquarterly.org,English,0,1,0,0,CPI
20211101T043000Z,West Virginia : From first to worst in COVID - 19 vaccine efforts,https://www.herald-dispatch.com/_zapp/west-virginia-from-first-to-worst-in-covid-19-vaccine-efforts/article_96404b41-5a00-58f9-9a04-1f12ef61232d.html,herald-dispatch.com,English,0.291,0.709,0,-0.6249,CPI
20211101T044500Z,Only photos left as Peruvians mourn their Covid dead,https://www.rfi.fr/en/only-photos-left-as-peruvians-mourn-their-covid-dead,rfi.fr,English,0.504,0.496,0,-0.7964,CPI
20211101T044500Z,Here Are The Top Three Scalable Technologies To Combat Food Insecurity,https://www.forbes.com/sites/daphneewingchow/2021/10/31/here-are-the-top-three-scalable-technologies-to-combat-food-insecurity/,forbes.com,English,0.347,0.533,0.12,-0.5267,CPI
20211101T050000Z,An allegory,https://www.thenews.com.pk/print/904832-an-allegory,thenews.com.pk,English,0,1,0,0,CPI
20211101T051500Z,China to continue sharing development opportunities with world at 4th CIIE -- China Economic Net,HTTP://en.ce.cn/main/latest/202111/01/t20211101_37047750.shtml,en.ce.cn,English,0,0.707,0.293,0.6597,CPI
20211101T053000Z,Only photos left as Peruvians mourn their Covid dead,https://www.france24.com/en/live-news/20211101-only-photos-left-as-peruvians-mourn-their-covid-dead,france24.com,English,0.504,0.496,0,-0.7964,CPI
20211101T053000Z,Monthly Review | The Planetary Rift,https://monthlyreview.org/2021/11/01/the-planetary-rift/,monthlyreview.org,English,0,1,0,0,CPI
20211101T053000Z,"Monthly Review | The Present in History , 2021",https://monthlyreview.org/2021/11/01/the-present-in-history-2021/,monthlyreview.org,English,0,1,0,0,CPI
20211101T053000Z,China grows more isolated as Asia Pacific neighbors start living with Covid - 19,https://www.kake.com/story/45096135/china-grows-more-isolated-as-asia-pacific-neighbors-start-living-with-covid-19,kake.com,English,0.178,0.822,0,-0.3804,CPI
20211101T053000Z,China Innovation Index in 2020,https://www.marketscreener.com/news/latest/China-s-Innovation-Index-in-2020--36852391/,marketscreener.com,English,0,0.606,0.394,0.3818,CPI
20211101T054500Z,Top 10 things for art lovers to do in Israel,https://www.israel21c.org/top-10-things-for-art-lovers-to-do-in-israel/,israel21c.org,English,0,0.606,0.394,0.6369,CPI
20211101T054500Z,Letters : Devolution is not enough to meet the nation needs,https://www.heraldscotland.com/news/19683985.letters-devolution-not-enough-meet-nations-needs/,heraldscotland.com,English,0,1,0,0,CPI
20211101T054500Z,"Use Anambra , Ekiti polls to boost your image , Bishop tells INEC",https://thenationonlineng.net/use-anambra-ekiti-polls-to-boost-your-image-bishop-tells-inec/,thenationonlineng.net,English,0,0.787,0.213,0.4019,CPI
20211101T054500Z,New Zealand plan to halve greenhouse gases criticised as an  accounting trick  | New Zealand,https://www.theguardian.com/world/2021/nov/01/new-zealand-plan-to-halve-greenhouse-gases-criticised-as-an-accounting-trick,theguardian.com,English,0.25,0.75,0,-0.4588,CPI
20211101T061500Z,The next 50 years,https://trinidadexpress.com/news/local/the-next-50-years/article_e538b6a6-3ab1-11ec-8e21-4b12395e4a62.html,trinidadexpress.com,English,0,1,0,0,CPI
20211101T061500Z,Msia carbon emissions per capita higher than worst emitter China,https://www.malaysiakini.com/news/597547,malaysiakini.com,English,0.313,0.687,0,-0.6249,CPI
20211101T061500Z,"World leaders in Glasgow for  last , best hope  climate summit",https://www.theaustralian.com.au/news/latest-news/world-leaders-in-glasgow-for-last-best-hope-climate-summit/news-story/008386bdd6d8a865f8512e16e557cb3b?nk=8a3bbb1d7347c5aa3b1f03febfea4ab3-1635746526,theaustralian.com.au,English,0,0.53,0.47,0.7964,CPI
20211101T061500Z,"World leaders in Glasgow for  last , best hope  climate summit",https://www.france24.com/en/live-news/20211101-world-leaders-in-glasgow-for-last-best-hope-climate-summit,france24.com,English,0,0.53,0.47,0.7964,CPI
20211101T061500Z,"World leaders in Glasgow for  last , best hope  climate summit",https://www.msn.com/en-us/news/world/world-leaders-in-glasgow-for-last-best-hope-climate-summit/ar-AAQaUzl,msn.com,English,0,0.53,0.47,0.7964,CPI
20211101T063000Z,WB expert claims Romania surpassed Hungary by GDP per capita,https://www.msn.com/en-xl/news/other/wb-expert-claims-romania-surpassed-hungary-by-gdp-per-capita/ar-AAQaCcl,msn.com,English,0,1,0,0,CPI
20211101T064500Z,NDC - Pakistan and missing links,https://tribune.com.pk/story/2327222/ndc-pakistan-and-missing-links,tribune.com.pk,English,0.355,0.645,0,-0.296,CPI
20211101T070000Z,Why Korea Is Now More Attractive To US Biopharma,https://www.lifescienceleader.com/doc/why-korea-is-now-more-attractive-to-u-s-biopharma-0001,lifescienceleader.com,English,0,0.715,0.285,0.4927,CPI
20211101T070000Z,"ESR | November 1 , 2021 | China must stop its return to socialism if it wishes to continue its rate of economic growth",http://www.enterstageright.com/archive/articles/1121/chinareturnsoc.html,enterstageright.com,English,0.094,0.726,0.179,0.25,CPI
20211101T070000Z,India : 31 children died by suicide every day in 2020 ; experts blame Covid - 19,https://www.khaleejtimes.com/coronavirus/india-31-children-died-by-suicide-every-day-in-2020-experts-blame-covid-19,khaleejtimes.com,English,0.488,0.512,0,-0.8885,CPI
20211101T070000Z,"World leaders in Glasgow for  last , best hope  climate summit",http://www.msn.com/en-us/news/world/world-leaders-in-glasgow-for-last-best-hope-climate-summit/ar-AAQaUzl,msn.com,English,0,0.53,0.47,0.7964,CPI
20211101T071500Z,We can eat our way out of climate jeopardy,https://www.stabroeknews.com/2021/11/01/opinion/letters/we-can-eat-our-way-out-of-climate-jeopardy/,stabroeknews.com,English,0.279,0.721,0,-0.4767,CPI
20211101T071500Z,"Chronic pain , opioid prescription law changes topic of legislative study streaming online Monday",https://tulsaworld.com/news/state-and-regional/govt-and-politics/chronic-pain-opioid-prescription-law-changes-topic-of-legislative-study-streaming-online-monday/article_95108826-38e4-11ec-bf29-9f9c838783a3.html,tulsaworld.com,English,0.216,0.784,0,-0.5106,CPI
20211201T000000Z,Euro 2020 : UEFA prohibits Munich arena rainbow lighting | Sports | German football and major international sports news | DW,https://www.dw.com/en/euro-2020-uefa-prohibits-munich-arena-rainbow-lighting/a-57985486,dw.com,English,0,1,0,0,CPI
20211201T000000Z,"On Giving Tuesday , your donation can support our Indigenous reporting",https://www.htrnews.com/story/news/local/2021/11/30/giving-tuesday-your-donation-can-support-our-indigenous-reporting/8769846002/,htrnews.com,English,0,0.611,0.389,0.6249,CPI
20211201T000000Z,"On Giving Tuesday , your donation can support our Indigenous reporting",https://www.sheboyganpress.com/story/news/local/2021/11/30/giving-tuesday-your-donation-can-support-our-indigenous-reporting/8769846002/,sheboyganpress.com,English,0,0.611,0.389,0.6249,CPI
20211201T000000Z,Arkansas sees its biggest COVID - 19 case jump since September,https://www.chron.com/news/article/Arkansas-sees-its-biggest-COVID-19-case-jump-16664174.php,chron.com,English,0,1,0,0,CPI
20211201T000000Z,"LSU , Brian Kelly agree to 10 - year contract worth at least $95M",https://www.gazettenet.com/LSU-Kelly-agree-to-10-year-contract-worth-at-least-$95M-43797370,gazettenet.com,English,0,0.694,0.306,0.5267,CPI
20211201T000000Z,Arkansas sees its biggest COVID - 19 case jump since September,https://www.ktlo.com/2021/11/30/arkansas-sees-its-biggest-covid-19-case-jump-since-september/,ktlo.com,English,0,1,0,0,CPI
20211201T001500Z,"LSU , Kelly agree to 10 - year contract worth at least $95M",https://1037qcountry.com/news/030030-lsu-kelly-agree-to-10-year-contract-worth-at-least-95m/,1037qcountry.com,English,0,0.672,0.328,0.5267,CPI
20211201T001500Z,West Lafayette ranked 8th best college town,https://www.purdueexponent.org/campus/article_819a76f2-520d-11ec-8965-2b9e9c89a2c9.html,purdueexponent.org,English,0,0.588,0.412,0.6369,CPI
20211201T001500Z,Missoula Ranks High on List of Best US Cities For Singles,https://963theblaze.com/missoula-best-cities-singles-2021/,963theblaze.com,English,0,0.704,0.296,0.6369,CPI
20211201T003000Z,Which Utahns pay more county taxes ? ,https://www.ksl.com/article/50294657/which-utahns-pay-more-county-taxes,ksl.com,English,0.219,0.781,0,-0.1027,CPI
20211201T003000Z,Which Utahns pay more county taxes ? ,https://www.ksl.com/article/50294657/which-utahns-pay-more-county-taxes-,ksl.com,English,0.219,0.781,0,-0.1027,CPI
20211201T003000Z,Last - Mile Delivery Market in Brazil to grow at a CAGR of 10 . 32 % |Premiumization of Goods & Merchandise Delivery to Boost Growth,https://www.prnewswire.com:443/news-releases/last-mile-delivery-market-in-brazil-to-grow-at-a-cagr-of-10-32premiumization-of-goods--merchandise-delivery-to-boost-growth17000-technavio-reports-301433076.html,prnewswire.com,English,0,0.782,0.218,0.6486,CPI
20211201T003000Z,"Covid - 19 deaths ( Dec 1 ): 55 reported fatalities , the total at 30 , 425",https://www.malaysiakini.com/news/601292,malaysiakini.com,English,0.379,0.621,0,-0.7717,CPI
20211201T004500Z,Last - Mile Delivery Market in Brazil to grow at a CAGR of 10 . 32 % |Premiumization of Goods & Merchandise Delivery to Boost Growth,https://www.prnewswire.com/news-releases/last-mile-delivery-market-in-brazil-to-grow-at-a-cagr-of-10-32premiumization-of-goods--merchandise-delivery-to-boost-growth17000-technavio-reports-301433076.html,prnewswire.com,English,0,0.782,0.218,0.6486,CPI
20211201T004500Z,Changing Lifestyle and Increasing Disposable Income to Boost Demand of Parents - in - Waiting Global Prenatal Market : States Fact . MR,https://www.newyorktelegraph.com/news/271839127/changing-lifestyle-and-increasing-disposable-income-to-boost-demand-of-parents-in-waiting-global-prenatal-market-states-factmr,newyorktelegraph.com,English,0.071,0.802,0.127,0.296,CPI
20211201T004500Z,Missoula Ranks High on List of Best US Cities For Singles,https://kyssfm.com/missoula-best-cities-singles-2021/,kyssfm.com,English,0,0.704,0.296,0.6369,CPI
20211201T010000Z,"Athol Daily News - LSU , Brian Kelly agree to 10 - year contract worth at least $95M",https://www.atholdailynews.com/LSU-Kelly-agree-to-10-year-contract-worth-at-least-$95M-43797370,atholdailynews.com,English,0,0.747,0.253,0.5267,CPI
20211201T010000Z,Your next property tax bill might be little lower,https://www.beloitdailynews.com/opinion/your-next-property-tax-bill-might-be-little-lower/article_66c8e976-e211-5e40-b630-634efebd9ad7.html,beloitdailynews.com,English,0.192,0.808,0,-0.228,CPI
20211201T011500Z,Balance between efficiency and equity will pave the way -- Beijing Review,http://www.bjreview.com.cn/./China/202111/t20211129_800264506.html,bjreview.com.cn,English,0,0.815,0.185,0.3612,CPI
20211201T011500Z,Why China stresses common prosperity -- Beijing Review,https://www.bjreview.com/China/202110/t20211008_800259815.html,bjreview.com,English,0.3,0.7,0,-0.4588,CPI
20211201T011500Z,"LSU , Kelly agree to 10 - year contract worth at least $95M",https://wvax.com/news/030030-lsu-kelly-agree-to-10-year-contract-worth-at-least-95m/,wvax.com,English,0,0.672,0.328,0.5267,CPI
20211201T011500Z,"Global vaccination plan only way to stop pandemic , says UN chief",http://www.china.org.cn/world/Off_the_Wire/2021-12/01/content_77903317.htm,china.org.cn,English,0.18,0.82,0,-0.296,CPI
20211201T011500Z,Balance between efficiency and equity will pave the way -- Beijing Review,http://www.bjreview.com/./China/202111/t20211129_800264506.html,bjreview.com,English,0,0.815,0.185,0.3612,CPI
20211201T011500Z,Arizona remains top state in country for talent acquisition,https://www.thecentersquare.com/arizona/arizona-remains-top-state-in-country-for-talent-acquisition/article_89497a7e-5217-11ec-9544-6fca0069b890.html,thecentersquare.com,English,0,0.603,0.397,0.5574,CPI
20211201T014500Z,"LSU , Kelly agree to 10 - year contract worth at least $95M",https://www.bendbulletin.com/ap/lsu-kelly-agree-to-10-year-contract-worth-at-least-95m/article_6cf61e28-0409-5475-8716-65902bb7d94b.html,bendbulletin.com,English,0,0.672,0.328,0.5267,CPI
20211201T020000Z,"Global vaccination plan only way to stop pandemic , says UN chief",https://www.chinanationalnews.com/news/271839269/global-vaccination-plan-only-way-to-stop-pandemic-says-un-chief,chinanationalnews.com,English,0.18,0.82,0,-0.296,CPI
20211201T021500Z,Arkansas sees its biggest COVID - 19 case jump since September,https://apnews.com/article/coronavirus-pandemic-health-arkansas-fed6c78da5e710d8a0110fec15c6fab4,apnews.com,English,0,1,0,0,CPI
20211201T023000Z,SE Asia tech market cap to zoom to $1 . 24 trillion in 10 years : Asia Partners,https://www.dealstreetasia.com/stories/asia-partners-internet-report-2022-271958/,dealstreetasia.com,English,0,1,0,0,CPI
20211201T023000Z,Miss . seeing slight increase in number of people hospitalized with COVID,https://www.wcbi.com/miss-seeing-slight-increase-in-number-of-people-hospitalized-with-covid/,wcbi.com,English,0.121,0.606,0.273,0.25,CPI
20211201T023000Z,"TUES : Navy medical team heading to New Mexico to help with COVID , + More",https://www.kunm.org/post/tues-navy-medical-team-heading-new-mexico-help-covid-more,kunm.org,English,0,0.816,0.184,0.4019,CPI
20211201T024500Z,Gov . Edwards Temporarily Reinstates Louisiana Statewide Mask Mandate as COVID Cases and Hospitalizations Threaten Hospital Ability to Serve Communities ... ,https://gov.louisiana.gov/index.cfm/newsroom/detail/3301,gov.louisiana.gov,English,0.114,0.786,0.1,-0.0772,CPI
20211201T030000Z,"Global vaccination plan only way to stop pandemic , says UN chief",https://www.parisguardian.com/news/271839269/global-vaccination-plan-only-way-to-stop-pandemic-says-un-chief,parisguardian.com,English,0.18,0.82,0,-0.296,CPI
20211201T030000Z,INT : In - home water conservation standard facing revision,https://inlandnewstoday.com/story.php?s=65871,inlandnewstoday.com,English,0,1,0,0,CPI
20211201T030000Z,Dealing with Unemployment Challenge,https://www.thisdaylive.com/index.php/2021/12/01/dealing-with-unemployment-challenge/,thisdaylive.com,English,0.468,0.323,0.21,-0.3818,CPI
20211201T031500Z,Global vaccination plan only way to stop pandemic : UN Chief,https://www.prokerala.com/news/articles/a1222105.html,prokerala.com,English,0.196,0.804,0,-0.296,CPI
20211201T031500Z,"Divided Cyprus , island at frontline of migrant flow",https://www.msn.com/en-za/news/world/divided-cyprus-island-at-frontline-of-migrant-flow/ar-AARjLpy,msn.com,English,0,1,0,0,CPI
20211201T033000Z,GDP in detail : Get set for a W - shaped recovery,https://www.macrobusiness.com.au/2021/12/gdp-in-detail-get-set-for-a-w-shaped-recovery/,macrobusiness.com.au,English,0,1,0,0,CPI
20211201T033000Z,Alberta Government – Mid - Year Update : Strong Economic Recovery Continues,https://ckfm.ca/2021/11/30/alberta-government-mid-year-update-strong-economic-recovery-continues/,ckfm.ca,English,0,0.708,0.292,0.5106,CPI
20211201T034500Z,City bolsters permit staffing,https://www.winnipegfreepress.com/local/city-bolsters-permit-staffing-575838622.html,winnipegfreepress.com,English,0,1,0,0,CPI
20211201T034500Z,You Wont Believe What Idahoans Consume More Than Any Other State,https://1035kissfmboise.com/you-wont-believe-what-idahoans-consume-more-than-any-other-state/,1035kissfmboise.com,English,0,1,0,0,CPI
20211201T034500Z,Centuries - old cheese finds new fans in America,https://www.yorkdispatch.com/story/life/food/2021/11/30/centuries-old-cheese-finds-new-fans-america/49461023/,yorkdispatch.com,English,0,1,0,0,CPI
20211201T034500Z,UN chief : Only global vaccination plan can stop pandemic,http://www.china.org.cn/world/2021-12/01/content_77903577.htm,china.org.cn,English,0.216,0.784,0,-0.296,CPI
20211201T034500Z,Luxembourg finance minister unexpectedly quits,https://www.macaubusiness.com/luxembourg-finance-minister-unexpectedly-quits/,macaubusiness.com,English,0,1,0,0,CPI
20211201T040000Z,"Global vaccination plan only way to stop pandemic , says UN chief",https://www.beijingbulletin.com/news/271839269/global-vaccination-plan-only-way-to-stop-pandemic-says-un-chief,beijingbulletin.com,English,0.18,0.82,0,-0.296,CPI
20211201T040000Z,"The Trump and Biden covid scorecards , another look",https://www.powerlineblog.com/archives/2021/11/the-trump-and-biden-covid-scorecards-another-look.php,powerlineblog.com,English,0,1,0,0,CPI
20211201T040000Z,GDP - 9News - Latest news and headlines from Australia and the world,https://www.9news.com.au/gdp,9news.com.au,English,0,1,0,0,CPI
20211201T041500Z,"Global vaccination plan only way to stop pandemic , says UN chief",https://www.shanghaisun.com/news/271839269/global-vaccination-plan-only-way-to-stop-pandemic-says-un-chief,shanghaisun.com,English,0.18,0.82,0,-0.296,CPI
20211201T041500Z,Incoming AG : Bringing Project Exile back will stop Richmond gun violence,https://www.wtvr.com/news/local-news/incoming-ag-bringing-project-exile-back-will-stop-gun-violence-in-richmond,wtvr.com,English,0.521,0.479,0,-0.8271,CPI
20211201T041500Z,Chowan moves to Tier 1 in Commerce rankings,https://www.dailyadvance.com/news/local/chowan-moves-to-tier-1-in-commerce-rankings/article_605221f1-12ef-509f-9ac7-7e009b4088a9.html,dailyadvance.com,English,0,1,0,0,CPI
20211201T041500Z,Global vaccination plan only way to stop Coronavirus pandemic : UN Chief,https://www.business-standard.com/article/international/global-vaccination-plan-only-way-to-stop-coronavirus-pandemic-un-chief-121120100171_1.html,business-standard.com,English,0.18,0.82,0,-0.296,CPI
20211201T041500Z,Stateside Podcast : Kent County is a COVID hotspot,https://www.michiganradio.org/podcast/stateside/2021-11-30/stateside-podcast-kent-county-is-a-covid-hotspot,michiganradio.org,English,0,1,0,0,CPI
20211201T043000Z,Sherry slams  climate colonialism  at Madrid moot,https://www.thenews.com.pk/print/913181-sherry-slams-climate-colonialism-at-madrid-moot,thenews.com.pk,English,0,1,0,0,CPI
20211201T043000Z,AfDB President Cautions FG against Tax Increment,https://www.thisdaylive.com/index.php/2021/12/01/afdb-president-cautions-fg-against-tax-increment/,thisdaylive.com,English,0,1,0,0,CPI
20211201T044500Z,"LSU , Kelly agree to 10 - year contract worth at least $95M",https://www.texarkanagazette.com/news/2021/nov/30/lsu-kelly-agree-to-10-year-contract-worth-at/,texarkanagazette.com,English,0,0.672,0.328,0.5267,CPI
20211201T044500Z,Arizona remains top state in country for talent acquisition,https://www.kpvi.com/news/national_news/arizona-remains-top-state-in-country-for-talent-acquisition/article_93484109-5e95-5b16-909d-deb5468fdd7d.html,kpvi.com,English,0,0.603,0.397,0.5574,CPI
20211201T050000Z,How India leaped up the list of best places to be during Covid,https://economictimes.indiatimes.com/news/india/how-india-leaped-up-the-list-of-best-places-to-be-during-covid/articleshow/88021737.cms,economictimes.indiatimes.com,English,0,0.741,0.259,0.6369,CPI
20211201T050000Z,Global vaccination plan only way to stop pandemic : UN Chief,https://www.indiatvnews.com/news/world/global-vaccination-plan-only-way-to-stop-pandemic-un-chief-747525,indiatvnews.com,English,0.196,0.804,0,-0.296,CPI
20211201T050000Z,Emissions rise 2 % in Australia amid increased pollution from e,https://www.electricityforum.com/news/australia-emissions-rise,electricityforum.com,English,0,0.769,0.231,0.2732,CPI
20211201T050000Z,How India leaped up the list of best places to be during Covid | India News,https://timesofindia.indiatimes.com/india/how-india-leaped-up-the-list-of-best-places-to-be-during-covid/articleshow/88021447.cms,timesofindia.indiatimes.com,English,0,0.769,0.231,0.6369,CPI
20211201T051500Z,"Divided Cyprus , island at frontline of migrant flow",https://www.france24.com/en/live-news/20211201-divided-cyprus-island-at-frontline-of-migrant-flow,france24.com,English,0,1,0,0,CPI
20211201T051500Z,The Reader Forum : Wednesday letters,https://journalnow.com/opinion/letters/the-readers-forum-wednesday-letters/article_aaf25450-51fb-11ec-92c1-87a31f878918.html,journalnow.com,English,0,1,0,0,CPI
20211201T051500Z,Arkansas sees its biggest COVID - 19 case jump since September,https://www.houstonchronicle.com/news/article/Arkansas-sees-its-biggest-COVID-19-case-jump-16664174.php,houstonchronicle.com,English,0,1,0,0,CPI
20211201T051500Z,"Global vaccination plan only way to stop pandemic , says UN chief - World News",http://english.sina.com/world/2021-12-01/detail-ikyamrmy6147165.shtml,english.sina.com,English,0.155,0.845,0,-0.296,CPI
20211201T051500Z,"COVID - 19 flares up in Williams County , straining CHWC and medical providers",https://www.bryantimes.com/news/local/covid-19-flares-up-in-williams-county-straining-chwc-and-medical-providers/article_577caa4e-87ac-5c83-a6fb-ef51f3e6296c.html,bryantimes.com,English,0.173,0.827,0,-0.3182,CPI
20211201T053000Z,"Bearman , Doll and Wenzel : From pandemic to endemic and what to expect in the coming months",https://roanoke.com/opinion/columnists/bearman-doll-and-wenzel-from-pandemic-to-endemic-and-what-to-expect-in-the-coming/article_e929d6bb-ac94-581b-9dbb-9a5e70249580.html,roanoke.com,English,0,1,0,0,CPI
20211201T053000Z,"LSU , Kelly agree to 10 - year contract worth at least $95M",https://q101online.com/news/030030-lsu-kelly-agree-to-10-year-contract-worth-at-least-95m/,q101online.com,English,0,0.672,0.328,0.5267,CPI
20211201T053000Z,"N . J . reports 2 , 352 COVID cases , 42 deaths . Hospitalizations surge above 1 , 000 patients . ",https://www.msn.com/en-us/health/medical/nj-reports-2352-covid-cases-42-deaths-hospitalizations-surge-above-1000-patients/ar-AARj4UE,msn.com,English,0,1,0,0,CPI
20211201T060000Z,Government per capita spending on health rises 68 % in 4 years,https://www.tribuneindia.com/news/nation/government-per-capita-spending-on-health-rises-68-in-4-years-344299,tribuneindia.com,English,0,1,0,0,CPI
20211201T060000Z,"Divided Cyprus , island at frontline of migrant flow",https://www.rfi.fr/en/divided-cyprus-island-at-frontline-of-migrant-flow,rfi.fr,English,0,1,0,0,CPI
20211201T061500Z,"German governors , Merkel to discuss virus amid high cases - New Delhi Times - India Only International Newspaper",https://www.newdelhitimes.com/german-governors-merkel-to-discuss-virus-amid-high-cases/,newdelhitimes.com,English,0,1,0,0,CPI
20211201T061500Z,95 percent of residents in Tibet covered by basic medical insurance,http://www.ecns.cn/news/2021-12-01/detail-ihatipfi6637355.shtml,ecns.cn,English,0,1,0,0,CPI
20211201T061500Z,"Record number of fatal overdoses underscores need for more resources , renewed urgency , experts say",https://www.loganbanner.com/news/record-number-of-fatal-overdoses-underscores-need-for-more-resources-renewed-urgency-experts-say/article_529f5981-5cdd-581f-a85b-5810d90a1984.html,loganbanner.com,English,0.208,0.714,0.077,-0.4939,CPI
20211201T061500Z,Subsidy palaver,https://thenationonlineng.net/subsidy-palaver/,thenationonlineng.net,English,0,1,0,0,CPI
20211201T061500Z,"LSU , Kelly agree to 10 - year contract worth at least $95M",https://969wsig.com/news/030030-lsu-kelly-agree-to-10-year-contract-worth-at-least-95m/,969wsig.com,English,0,0.672,0.328,0.5267,CPI
20211201T061500Z,"Global vaccination plan only way to stop pandemic , says UN chief _ Guangming Online",https://en.gmw.cn/2021-12/01/content_35351246.htm,en.gmw.cn,English,0.155,0.845,0,-0.296,CPI
20211201T063000Z,Africa : UN Chief - Global Vaccination Plan Is  Only Way Out  of the Pandemic,https://allafrica.com/stories/202112010069.html,allafrica.com,English,0,1,0,0,CPI
20220501T000000Z,Tom Campbell : Dont look now but were getting grayer | Columnists,https://journalnow.com/opinion/columnists/tom-campbell-don-t-look-now-but-we-re-getting-grayer/article_5ba28b3e-c746-11ec-bf27-37fee512f04c.html,journalnow.com,English,0,1,0,0,CPI
20220501T000000Z,"Christopher Allen Goes Undrafted , Signs With Denver Broncos",https://tide1009.com/christopher-allen-goes-undrafted-signs-with-denver-broncos/,tide1009.com,English,0,1,0,0,CPI
20220501T003000Z,New start - up policy to be issued soon : CM – vision mp,http://www.visionmp.com/regional-mp-cg/new-start-up-policy-to-be-issued-soon-cm/,visionmp.com,English,0,0.833,0.167,0.25,CPI
20220501T003000Z,Catalytic converter thefts soaring in Twin Cities suburbs,https://www.startribune.com/catalytic-converter-thefts-soaring-in-twin-cities-suburbs/600169469/,startribune.com,English,0,1,0,0,CPI
20220501T004500Z,Man Charged With Murder in Central Minnesota,https://kdhlradio.com/man-charged-with-murder-in-central-minnesota/,kdhlradio.com,English,0.565,0.435,0,-0.7579,CPI
20220501T004500Z,"Christopher Allen Goes Undrafted , Signs With Denver Broncos",https://alt1017.com/christopher-allen-goes-undrafted-signs-with-denver-broncos/,alt1017.com,English,0,1,0,0,CPI
20220501T010000Z,Sri Lankan central bank predicts GDP growth for 2022 to be 1 pct,https://www.macaubusiness.com/sri-lankan-central-bank-predicts-gdp-growth-for-2022-to-be-1-pct/,macaubusiness.com,English,0,0.809,0.191,0.3818,CPI
20220501T010000Z,"Christopher Allen Goes Undrafted , Signs With Denver Broncos",https://953thebear.com/christopher-allen-goes-undrafted-signs-with-denver-broncos/,953thebear.com,English,0,1,0,0,CPI
20220501T011500Z,City Council seeks to tackle public bathroom equity with new restrooms for every zip code,https://gothamist.com/news/city-council-seeks-to-tackle-public-bathroom-equity-with-new-restrooms-for-every-zip-code,gothamist.com,English,0,1,0,0,CPI
20220501T023000Z,Lake Powell : The U . S . 2nd largest reservoir is drying up,https://www.ctvnews.ca/climate-and-environment/lake-powell-officials-face-an-impossible-choice-in-the-u-s-west-s-megadrought-water-or-electricity-1.5883568,ctvnews.ca,English,0,1,0,0,CPI
20220501T024500Z,"HCM City confident of overcoming impediments to economic recovery - Sunday - Features - Vietnam News | Politics , Business , Economy , Society , Life , Sports",https://vietnamnews.vn/sunday/features/1176730/hcm-city-confident-of-overcoming-impediments-to-economic-recovery.html,vietnamnews.vn,English,0,0.849,0.151,0.4939,CPI
20220501T031500Z,"Christopher Allen Goes Undrafted , Signs With Denver Broncos",https://wtug.com/christopher-allen-goes-undrafted-signs-with-denver-broncos/,wtug.com,English,0,1,0,0,CPI
20220501T034500Z,Kentucky Pack Horse Librarians,https://newstalk1280.com/kentucky-book-women/,newstalk1280.com,English,0,1,0,0,CPI
20220501T040000Z,Which US State Drinks The Most Beer ? ,https://www.zerohedge.com/personal-finance/which-us-state-drinks-most-beer,zerohedge.com,English,0,1,0,0,CPI
20220501T041500Z,The pipeline from school to prison,https://trinidadexpress.com/opinion/columnists/the-pipeline-from-school-to-prison/article_65ba8f6c-c8eb-11ec-81e9-b73d9927e6b2.html,trinidadexpress.com,English,0.398,0.602,0,-0.5106,CPI
20220501T041500Z,NDIS fails to get more people into work,https://www.afr.com/politics/federal/ndis-fails-to-get-more-people-into-work-20220428-p5ah0k,afr.com,English,0.286,0.714,0,-0.4215,CPI
20220501T044500Z,"Lack of clean LPG : Nigeria , others , risk $2 . 4t loss , four million deaths yearly",https://guardian.ng/news/lack-of-clean-lpg-nigeria-others-risk-2-4t-loss-four-million-deaths-yearly/,guardian.ng,English,0.345,0.515,0.139,-0.4588,CPI
20220501T053000Z,The merry go round of economic policy,https://www.iol.co.za/business-report/economy/the-merry-go-round-of-economic-policy-651dd8df-4400-4872-9d76-be8be93914d7,iol.co.za,English,0,0.632,0.368,0.5423,CPI
20220501T053000Z,Is there a relationship between zoning and crime ? ,https://manchesterinklink.com/is-there-a-relationship-between-zoning-and-crime/,manchesterinklink.com,English,0.368,0.632,0,-0.5423,CPI
20220501T054500Z,National Sheriff Association :  We Simply Have No Border Left … ,https://patch.com/district-columbia/washingtondc/national-sheriffs-association-we-simply-have-no-border-left,patch.com,English,0.216,0.784,0,-0.296,CPI
20220501T054500Z,The Observer view on the cost of living crisis | Observer editorial,https://www.theguardian.com/commentisfree/2022/may/01/observer-view-on-tory-response-to-cost-of-living-crisis,theguardian.com,English,0.291,0.709,0,-0.6249,CPI
20220501T054500Z,Dissecting Jamaica labour shortage – Jamaica Observer,https://www.jamaicaobserver.com/columns/dissecting-jamaicas-labour-shortage/,jamaicaobserver.com,English,0.286,0.714,0,-0.25,CPI
20220501T064500Z,Where Does Louisiana Rank in the Nation for Gambling Addicts ? ,https://kpel965.com/where-does-louisiana-rank-in-the-nation-for-gambling-addicts/,kpel965.com,English,0,1,0,0,CPI
20220501T070000Z,Sustainable Development Goals ( SDGs ) ,https://thebftonline.com/2022/05/01/maydayingh-the-basic-skills-gap/,thebftonline.com,English,0,1,0,0,CPI
20220501T070000Z,SL Central Bank Predicts 1 % GDP Growth For 2022,https://menafn.com/1104140094/SL-Central-Bank-Predicts-1-GDP-Growth-For-2022&source=28,menafn.com,English,0,0.729,0.271,0.3818,CPI
20220501T070000Z,SL Central Bank Predicts 1 % GDP Growth For 2022,https://menafn.com/1104140094/SL-Central-Bank-Predicts-1-GDP-Growth-For-2022&source=24,menafn.com,English,0,0.729,0.271,0.3818,CPI
20220501T071500Z,Port worker deaths a reminder more needs to be done - Union chief,https://www.rnz.co.nz/news/business/466260/port-worker-deaths-a-reminder-more-needs-to-be-done-union-chief,rnz.co.nz,English,0,1,0,0,CPI
20220501T073000Z,Noble : The pipeline from school to prison ; the drivers of school violence and the cure,https://wired868.com/2022/05/01/noble-the-pipeline-from-school-to-prison-the-motivations-of-school-violence-and-the-cure/,wired868.com,English,0.33,0.536,0.134,-0.6597,CPI
20220501T074500Z,Killings Reignite Racial Tensions in Guyana,http://www.montraykreyol.org/article/killings-reignite-racial-tensions-in-guyana,montraykreyol.org,English,0.643,0.357,0,-0.802,CPI
20220501T074500Z,"How many Ukraine refugees are coming to Birmingham , Worcestershire , Dudley and Solihull ? ",https://www.birminghammail.co.uk/news/midlands-news/how-many-ukraine-refugees-coming-23814190,birminghammail.co.uk,English,0,1,0,0,CPI
20220501T080000Z,Universities need to help envision climate - responsive cities,https://www.universityworldnews.com/post.php?story=20220424180832661,universityworldnews.com,English,0,0.536,0.464,0.6369,CPI
20220501T080000Z,SL central bank predicts 1 % GDP growth for 2022,https://www.prokerala.com/news/articles/a1273761.html,prokerala.com,English,0,0.729,0.271,0.3818,CPI
20220501T081500Z,Columbia Brands united states To Create 175 Quality Jobs With $3 . 7 Million Investment In Robards,https://city-countyobserver.com/?p=386248,city-countyobserver.com,English,0,0.726,0.274,0.5994,CPI
20220501T090000Z,Pennsylvania saw a second peak of flu cases this spring . Here why Lehigh Valley experts say that unusual . ,https://www.msn.com/en-us/health/medical/pennsylvania-saw-a-second-peak-of-flu-cases-this-spring-here-s-why-lehigh-valley-experts-say-that-s-unusual/ar-AAWNJXW,msn.com,English,0.14,0.86,0,-0.3818,CPI
20220501T091500Z,Community digest 05 / 01 / 2022,https://www.citizensvoice.com/lifestyles/community/community-digest-05-01-2022/article_eb98c132-5e78-5344-b2bf-9a34032b04bb.html,citizensvoice.com,English,0,1,0,0,CPI
20220501T091500Z,Rajasthan And Chhattisgarh Undo Pension Reforms : Why It Can Lead To A Bigger Fiscal Mess For The Country,https://swarajyamag.com/economy/rajasthan-and-chhattisgarh-undo-pension-reforms-why-it-can-lead-to-a-bigger-fiscal-mess-for-the-country,swarajyamag.com,English,0.135,0.865,0,-0.3612,CPI
20220501T094500Z,After drop in numbers Zanesville officals questions census results,https://www.zanesvilletimesrecorder.com/story/news/local/2022/05/01/zanesville-city-questions-census-results/7332157001/,zanesvilletimesrecorder.com,English,0.208,0.792,0,-0.2732,CPI
20220501T100000Z,If we are to be our brothers keepers … ,https://www.jamaicaobserver.com/editorial/if-we-are-to-be-our-brothers-keepers/,jamaicaobserver.com,English,0,1,0,0,CPI
20220501T103000Z,Greater Manchester post - 16 education system is broken and Andy Burnham wants to take control of it,https://www.manchestereveningnews.co.uk/news/greater-manchester-news/greater-manchesters-post-16-education-23826003,manchestereveningnews.co.uk,English,0.15,0.728,0.121,-0.1531,CPI
20220501T110000Z,Pennsylvania saw a second peak of flu cases this spring . Here why Lehigh Valley experts say that unusual . – The Morning Call,http://www.mcall.com/health/mc-hea-flu-cold-season-still-around-2022-20220501-ijibdu3ilzghtjvr5cz4aax32q-story.html,mcall.com,English,0.12,0.88,0,-0.3818,CPI
20220701T000000Z,British Army launches recruitment campaign featuring robots,https://www.oxfordmail.co.uk/news/20248241.british-army-launches-recruitment-campaign-featuring-robots/,oxfordmail.co.uk,English,0,1,0,0,CPI
20220701T000000Z,British Army launches recruitment campaign featuring robots,https://www.brentwoodlive.co.uk/news/20248241.british-army-launches-recruitment-campaign-featuring-robots/,brentwoodlive.co.uk,English,0,1,0,0,CPI
20220701T000000Z,Questions raised regarding state opioid settlement distribution process,https://www.register-herald.com/news/state_region/questions-raised-regarding-states-opioid-settlement-distribution-process/article_6ec61303-35b3-5a36-835a-a0a364ae5e85.html,register-herald.com,English,0,1,0,0,CPI
20220701T000000Z,Vietnam Tops Korea in Per Capita Consumption of Instant Noodles,https://english.chosun.com/site/data/html_dir/2022/07/01/2022070100556.html,english.chosun.com,English,0,0.732,0.268,0.5106,CPI
20220701T000000Z,British Army launches recruitment campaign featuring robots,https://www.pressandjournal.co.uk/politics/4485615/british-army-launches-recruitment-campaign-featuring-robots/,pressandjournal.co.uk,English,0,1,0,0,CPI
20220701T000000Z,British Army launches recruitment campaign featuring robots,https://www.andoveradvertiser.co.uk/news/20248241.british-army-launches-recruitment-campaign-featuring-robots/,andoveradvertiser.co.uk,English,0,1,0,0,CPI
20220701T000000Z,British Army launches recruitment campaign featuring robots,https://www.sthelensstar.co.uk/news/20248241.british-army-launches-recruitment-campaign-featuring-robots/,sthelensstar.co.uk,English,0,1,0,0,CPI
20220701T001500Z,British Army launches recruitment campaign featuring robots,https://www.southwalesguardian.co.uk/news/national/20248241.british-army-launches-recruitment-campaign-featuring-robots/,southwalesguardian.co.uk,English,0,1,0,0,CPI
20220701T001500Z,British Army launches recruitment campaign featuring robots,https://www.gazetteherald.co.uk/news/national/20248241.british-army-launches-recruitment-campaign-featuring-robots/,gazetteherald.co.uk,English,0,1,0,0,CPI
20220701T001500Z,Hochul previews gun bill in response to Supreme Court ruling | Top Stories,https://www.nny360.com/top_stories/hochul-previews-gun-bill-in-response-to-supreme-court-s-ruling/article_5e0df54e-9cd9-5805-8c57-8721bd8e11ed.html,nny360.com,English,0.143,0.536,0.321,0.4588,CPI
20220701T003000Z,Letter : Column on climate measures does not consider key points,https://buffalonews.com/opinion/letters/letter-column-on-climate-measures-does-not-consider-key-points/article_ad634296-f325-11ec-9629-63da2f6956c9.html,buffalonews.com,English,0,1,0,0,CPI
20220701T003000Z,British Army launches recruitment campaign featuring robots,https://www.oxfordmail.co.uk/news/national/20248241.british-army-launches-recruitment-campaign-featuring-robots/,oxfordmail.co.uk,English,0,1,0,0,CPI
20220701T003000Z,The mountain that helps power Britain,https://www.bbc.com/travel/article/20220630-the-mountain-that-helps-power-britain,bbc.com,English,0,0.658,0.342,0.3818,CPI
20220701T003000Z,Judge says Florida 15 - week abortion law is unconstitutional,https://www.henryherald.com/news/judge-says-floridas-15-week-abortion-law-is-unconstitutional/article_bb9714fd-4012-573b-a547-2fdd4f5e68c6.html,henryherald.com,English,0,1,0,0,CPI
20220701T003000Z,British Army launches recruitment campaign featuring robots,https://www.dailyecho.co.uk/news/national/20248241.british-army-launches-recruitment-campaign-featuring-robots/,dailyecho.co.uk,English,0,1,0,0,CPI
20220701T003000Z,British Army launches recruitment campaign featuring robots,https://www.thetelegraphandargus.co.uk/news/national/20248241.british-army-launches-recruitment-campaign-featuring-robots/,thetelegraphandargus.co.uk,English,0,1,0,0,CPI
20220701T003000Z,British Army launches recruitment campaign featuring robots,https://www.bucksfreepress.co.uk/news/national/20248241.british-army-launches-recruitment-campaign-featuring-robots/,bucksfreepress.co.uk,English,0,1,0,0,CPI
20220701T004500Z,British Army launches recruitment campaign featuring robots,https://www.lancashiretelegraph.co.uk/news/national/20248241.british-army-launches-recruitment-campaign-featuring-robots/,lancashiretelegraph.co.uk,English,0,1,0,0,CPI
20220701T004500Z,British Army launches recruitment campaign featuring robots,https://www.cravenherald.co.uk/news/national/20248241.british-army-launches-recruitment-campaign-featuring-robots/,cravenherald.co.uk,English,0,1,0,0,CPI
20220701T004500Z,British Army launches recruitment campaign featuring robots,https://www.thenorthernecho.co.uk/news/national/20248241.british-army-launches-recruitment-campaign-featuring-robots/,thenorthernecho.co.uk,English,0,1,0,0,CPI
20220701T004500Z,World Bank Reinhart  sceptical  global recession can be avoided,https://borneobulletin.com.bn/world-banks-reinhart-sceptical-global-recession-can-be-avoided/,borneobulletin.com.bn,English,0.552,0.448,0,-0.7506,CPI
20220701T004500Z,"Seattle , Tacoma rank among worst - run big cities in the U . S . ",https://www.thecentersquare.com/washington/seattle-tacoma-rank-among-worst-run-big-cities-in-the-u-s/article_0ea71b30-f8c7-11ec-8d1f-7b7c9ecbc090.html,thecentersquare.com,English,0.313,0.687,0,-0.6249,CPI
20220701T004500Z,British Army launches recruitment campaign featuring robots,https://www.sthelensstar.co.uk/news/national/20248241.british-army-launches-recruitment-campaign-featuring-robots/,sthelensstar.co.uk,English,0,1,0,0,CPI
20220701T004500Z,British Army launches recruitment campaign featuring robots,https://www.heraldseries.co.uk/news/national/20248241.british-army-launches-recruitment-campaign-featuring-robots/,heraldseries.co.uk,English,0,1,0,0,CPI
20220701T004500Z,British Army launches recruitment campaign featuring robots,https://www.thewestmorlandgazette.co.uk/news/national/20248241.british-army-launches-recruitment-campaign-featuring-robots/,thewestmorlandgazette.co.uk,English,0,1,0,0,CPI
20220701T004500Z,"Climate - driven food shocks are coming , but we can mitigate the risks",https://www.watoday.com.au/national/climate-driven-food-shocks-are-coming-but-we-can-mitigate-the-risks-20220630-p5axyi.html,watoday.com.au,English,0.308,0.692,0,-0.5346,CPI
20220701T010000Z,Sununu warns hidden fentanyl has become growing threat,https://www.unionleader.com/news/crime/sununu-warns-hidden-fentanyl-has-become-growing-threat/article_c8a4d2cb-75ce-5031-a682-8af9f906f9af.html,unionleader.com,English,0.417,0.435,0.148,-0.4767,CPI
20220701T010000Z,British Army launches recruitment campaign featuring robots,https://www.maldonandburnhamstandard.co.uk/news/national/20248241.british-army-launches-recruitment-campaign-featuring-robots/,maldonandburnhamstandard.co.uk,English,0,1,0,0,CPI
20220701T010000Z,British Army launches recruitment campaign featuring robots,https://www.southwalesargus.co.uk/news/national/20248241.british-army-launches-recruitment-campaign-featuring-robots/,southwalesargus.co.uk,English,0,1,0,0,CPI
20220701T010000Z,British Army launches recruitment campaign featuring robots,https://www.watfordobserver.co.uk/news/national/20248241.british-army-launches-recruitment-campaign-featuring-robots/,watfordobserver.co.uk,English,0,1,0,0,CPI
20220701T010000Z,The Wrap : SCOTUS wraps term rejecting EPA authority,https://indiancountrytoday.com/news/the-wrap-scotus-wraps-term-rejecting-epa-authority,indiancountrytoday.com,English,0.291,0.583,0.126,-0.4019,CPI
20220701T011500Z,"Colorado water shortages are already here and getting worse , according to updated state plan",https://www.kunc.org/environment/2022-06-30/colorados-water-shortages-are-already-here-and-getting-worse-according-to-updated-state-plan,kunc.org,English,0.281,0.719,0,-0.5719,CPI
20220701T011500Z,Coronavirus cases jump at L . A . County workplaces,https://www.latimes.com/california/story/2022-06-30/coronavirus-cases-jump-at-l-a-county-workplaces,latimes.com,English,0,1,0,0,CPI
20220701T011500Z,British Army launches recruitment campaign featuring robots,https://www.tivysideadvertiser.co.uk/news/national/20248241.british-army-launches-recruitment-campaign-featuring-robots/,tivysideadvertiser.co.uk,English,0,1,0,0,CPI
20220701T011500Z,British Army launches recruitment campaign featuring robots,https://www.sloughobserver.co.uk/news/national/20248241.british-army-launches-recruitment-campaign-featuring-robots/,sloughobserver.co.uk,English,0,1,0,0,CPI
20220701T011500Z,British Army launches recruitment campaign featuring robots,https://www.westerntelegraph.co.uk/news/national/20248241.british-army-launches-recruitment-campaign-featuring-robots/,westerntelegraph.co.uk,English,0,1,0,0,CPI
20220701T011500Z,Judge says Florida 15 - week abortion law is unconstitutional,https://www.gwinnettdailypost.com/news/judge-says-floridas-15-week-abortion-law-is-unconstitutional/article_b9de7645-dd7c-534e-8d9c-22146599944b.html,gwinnettdailypost.com,English,0,1,0,0,CPI
20220701T011500Z,British Army launches recruitment campaign featuring robots,https://www.thisisoxfordshire.co.uk/news/national/20248241.british-army-launches-recruitment-campaign-featuring-robots/,thisisoxfordshire.co.uk,English,0,1,0,0,CPI
20220701T013000Z,British Army launches recruitment campaign featuring robots,https://www.dorsetecho.co.uk/news/national/20248241.british-army-launches-recruitment-campaign-featuring-robots/,dorsetecho.co.uk,English,0,1,0,0,CPI
20220701T013000Z,British Army launches recruitment campaign featuring robots,https://www.braintreeandwithamtimes.co.uk/news/national/20248241.british-army-launches-recruitment-campaign-featuring-robots/,braintreeandwithamtimes.co.uk,English,0,1,0,0,CPI
20220701T013000Z,British Army launches recruitment campaign featuring robots,https://www.wharfedaleobserver.co.uk/news/national/20248241.british-army-launches-recruitment-campaign-featuring-robots/,wharfedaleobserver.co.uk,English,0,1,0,0,CPI
20220701T013000Z,British Army launches recruitment campaign featuring robots,https://www.burytimes.co.uk/news/national/20248241.british-army-launches-recruitment-campaign-featuring-robots/,burytimes.co.uk,English,0,1,0,0,CPI
20220701T014500Z,British Army launches recruitment campaign featuring robots,https://www.yorkpress.co.uk/news/national/20248241.british-army-launches-recruitment-campaign-featuring-robots/,yorkpress.co.uk,English,0,1,0,0,CPI
20220701T014500Z,British Army launches recruitment campaign featuring robots,https://www.theboltonnews.co.uk/news/national/20248241.british-army-launches-recruitment-campaign-featuring-robots/,theboltonnews.co.uk,English,0,1,0,0,CPI
20220701T014500Z,"Wallethub Names SF Second - Worst Run City in America , City Hall Officials Are None Too Pleased",https://sfist.com/2022/06/30/after-wallethub-names-sf-second-worst-run-city-in-america-city-hall-officials-are-none-too-pleased/,sfist.com,English,0.317,0.683,0,-0.7584,CPI
20220701T014500Z,British Army launches recruitment campaign featuring robots,https://www.swindonadvertiser.co.uk/news/national/20248241.british-army-launches-recruitment-campaign-featuring-robots/,swindonadvertiser.co.uk,English,0,1,0,0,CPI
20220701T014500Z,British Army launches recruitment campaign featuring robots,https://www.bridportnews.co.uk/news/national/20248241.british-army-launches-recruitment-campaign-featuring-robots/,bridportnews.co.uk,English,0,1,0,0,CPI
20220701T020000Z,British Army launches recruitment campaign featuring robots,https://www.somersetcountygazette.co.uk/news/national/20248241.british-army-launches-recruitment-campaign-featuring-robots/,somersetcountygazette.co.uk,English,0,1,0,0,CPI
20220701T020000Z,The Wrap : SCOTUS wraps term rejecting EPA authority,https://www.msn.com/en-us/news/us/the-wrap-scotus-wraps-term-rejecting-epa-authority/ar-AAZ3jUo,msn.com,English,0.291,0.583,0.126,-0.4019,CPI
20220701T020000Z,"  Were really worried . Coronavirus cases jump at L . A . County workplaces , sparking new safety push",https://www.msn.com/en-us/news/us/were-really-worried-coronavirus-cases-jump-at-la-county-workplaces-sparking-new-safety-push/ar-AAZ3DbE,msn.com,English,0.153,0.675,0.172,0.079,CPI
20220701T020000Z,British Army launches recruitment campaign featuring robots,https://www.wiltshiretimes.co.uk/news/national/20248241.british-army-launches-recruitment-campaign-featuring-robots/,wiltshiretimes.co.uk,English,0,1,0,0,CPI
20220701T020000Z,British Army launches recruitment campaign featuring robots,https://www.barryanddistrictnews.co.uk/news/national/20248241.british-army-launches-recruitment-campaign-featuring-robots/,barryanddistrictnews.co.uk,English,0,1,0,0,CPI
20220701T021500Z,British Army launches recruitment campaign featuring robots,https://www.freepressseries.co.uk/news/national/20248241.british-army-launches-recruitment-campaign-featuring-robots/,freepressseries.co.uk,English,0,1,0,0,CPI
20220701T021500Z,British Army launches recruitment campaign featuring robots,https://www.asianimage.co.uk/news/national/20248241.british-army-launches-recruitment-campaign-featuring-robots/,asianimage.co.uk,English,0,1,0,0,CPI
20220701T021500Z,British Army launches recruitment campaign featuring robots,https://www.echo-news.co.uk/news/national/20248241.british-army-launches-recruitment-campaign-featuring-robots/,echo-news.co.uk,English,0,1,0,0,CPI
20220701T023000Z,Education workers on collision course with Ontario Doug Ford - led Tory government,https://www.wsws.org/en/articles/2022/07/01/wbbf-j01.html,wsws.org,English,0.185,0.815,0,-0.3612,CPI
20220701T023000Z,British Army launches recruitment campaign featuring robots,https://www.penarthtimes.co.uk/news/national/20248241.british-army-launches-recruitment-campaign-featuring-robots/,penarthtimes.co.uk,English,0,1,0,0,CPI
20220701T023000Z,British Army launches recruitment campaign featuring robots,https://www.bicesteradvertiser.net/news/national/20248241.british-army-launches-recruitment-campaign-featuring-robots/,bicesteradvertiser.net,English,0,1,0,0,CPI
20220701T024500Z,British Army launches recruitment campaign featuring robots,https://www.clactonandfrintongazette.co.uk/news/national/20248241.british-army-launches-recruitment-campaign-featuring-robots/,clactonandfrintongazette.co.uk,English,0,1,0,0,CPI
20220701T024500Z,British Army launches recruitment campaign featuring robots,https://www.nwemail.co.uk/news/national/20248241.british-army-launches-recruitment-campaign-featuring-robots/,nwemail.co.uk,English,0,1,0,0,CPI
20220701T024500Z,British Army launches recruitment campaign featuring robots,https://www.keighleynews.co.uk/news/national/20248241.british-army-launches-recruitment-campaign-featuring-robots/,keighleynews.co.uk,English,0,1,0,0,CPI
20220701T030000Z,"  Were really worried . Coronavirus cases jump at LA County workplaces , sparking new safety push | Region",https://www.starbeacon.com/region/we-re-really-worried-coronavirus-cases-jump-at-la-county-workplaces-sparking-new-safety-push/article_085befb8-7ede-5e66-a7aa-5ecc1df79e0b.html,starbeacon.com,English,0.136,0.711,0.153,0.079,CPI
20220701T030000Z,British Army launches recruitment campaign featuring robots,https://www.milfordmercury.co.uk/news/national/20248241.british-army-launches-recruitment-campaign-featuring-robots/,milfordmercury.co.uk,English,0,1,0,0,CPI
20220701T030000Z,Uganda Can Rein in Debt by Managing its Public Investments Better,https://indiaeducationdiary.in/uganda-can-rein-in-debt-by-managing-its-public-investments-better/,indiaeducationdiary.in,English,0.174,0.625,0.201,0.1027,CPI
20220701T030000Z,Radical action,https://www.thenews.com.pk/print/970433-radical-action,thenews.com.pk,English,0,1,0,0,CPI
20220701T031500Z,British Army launches recruitment campaign featuring robots,https://www.denbighshirefreepress.co.uk/news/national/20248241.british-army-launches-recruitment-campaign-featuring-robots/,denbighshirefreepress.co.uk,English,0,1,0,0,CPI
20220701T031500Z,Lebanon : How a Mallow man is trying to focus attention on a forgotten crisis,https://www.irishexaminer.com/news/spotlight/arid-40891733.html,irishexaminer.com,English,0.375,0.625,0,-0.7184,CPI
20220701T031500Z,"  Were really worried . Coronavirus cases jump at LA County workplaces , sparking new safety push | Tribune",https://www.mdjonline.com/tribune/lifestyles/we-re-really-worried-coronavirus-cases-jump-at-la-county-workplaces-sparking-new-safety-push/article_1f985828-9f3e-59f5-a178-6565338342f5.html,mdjonline.com,English,0.136,0.711,0.153,0.079,CPI
20220701T031500Z,British Army launches recruitment campaign featuring robots,https://www.wiltsglosstandard.co.uk/news/national/20248241.british-army-launches-recruitment-campaign-featuring-robots/,wiltsglosstandard.co.uk,English,0,1,0,0,CPI
20220701T031500Z,British Army launches recruitment campaign featuring robots,https://www.kidderminstershuttle.co.uk/news/national/20248241.british-army-launches-recruitment-campaign-featuring-robots/,kidderminstershuttle.co.uk,English,0,1,0,0,CPI
20220701T031500Z,British Army launches recruitment campaign featuring robots,https://www.rhyljournal.co.uk/news/national/20248241.british-army-launches-recruitment-campaign-featuring-robots/,rhyljournal.co.uk,English,0,1,0,0,CPI
20220701T031500Z,British Army launches recruitment campaign featuring robots,https://www.glasgowtimes.co.uk/news/national/20248241.british-army-launches-recruitment-campaign-featuring-robots/,glasgowtimes.co.uk,English,0,1,0,0,CPI
20220701T033000Z,British Army launches recruitment campaign featuring robots,https://www.witneygazette.co.uk/news/national/20248241.british-army-launches-recruitment-campaign-featuring-robots/,witneygazette.co.uk,English,0,1,0,0,CPI
20220701T033000Z,British Army launches recruitment campaign featuring robots,https://www.stourbridgenews.co.uk/news/national/20248241.british-army-launches-recruitment-campaign-featuring-robots/,stourbridgenews.co.uk,English,0,1,0,0,CPI
20220701T033000Z,British Army launches recruitment campaign featuring robots,https://www.chelmsfordweeklynews.co.uk/news/national/20248241.british-army-launches-recruitment-campaign-featuring-robots/,chelmsfordweeklynews.co.uk,English,0,1,0,0,CPI
20220701T033000Z,Religious freedom : What is Bellwether International Foundation ? ,https://www.deseret.com/faith/2022/6/30/23180430/religious-freedom-is-life-or-death-in-the-trenches-international-human-rights,deseret.com,English,0,0.588,0.412,0.6369,CPI
20220701T033000Z,British Army launches recruitment campaign featuring robots,https://www.impartialreporter.com/news/national/20248241.british-army-launches-recruitment-campaign-featuring-robots/,impartialreporter.com,English,0,1,0,0,CPI
20220701T033000Z,British Army launches recruitment campaign featuring robots,https://www.gazette-news.co.uk/news/national/20248241.british-army-launches-recruitment-campaign-featuring-robots/,gazette-news.co.uk,English,0,1,0,0,CPI
20220701T033000Z,British Army launches recruitment campaign featuring robots,https://www.chesterstandard.co.uk/news/national/20248241.british-army-launches-recruitment-campaign-featuring-robots/,chesterstandard.co.uk,English,0,1,0,0,CPI
20220701T033000Z,British Army launches recruitment campaign featuring robots,https://www.newsandstar.co.uk/news/national/20248241.british-army-launches-recruitment-campaign-featuring-robots/,newsandstar.co.uk,English,0,1,0,0,CPI
20220701T033000Z,British Army launches recruitment campaign featuring robots,https://www.leighjournal.co.uk/news/national/20248241.british-army-launches-recruitment-campaign-featuring-robots/,leighjournal.co.uk,English,0,1,0,0,CPI
20220701T033000Z,British Army launches recruitment campaign featuring robots,https://www.wimbledonguardian.co.uk/news/national/20248241.british-army-launches-recruitment-campaign-featuring-robots/,wimbledonguardian.co.uk,English,0,1,0,0,CPI
20220701T033000Z,British Army launches recruitment campaign featuring robots,https://www.warringtonguardian.co.uk/news/national/20248241.british-army-launches-recruitment-campaign-featuring-robots/,warringtonguardian.co.uk,English,0,1,0,0,CPI
20220701T033000Z,British Army launches recruitment campaign featuring robots,https://www.peeblesshirenews.com/news/national/20248241.british-army-launches-recruitment-campaign-featuring-robots/,peeblesshirenews.com,English,0,1,0,0,CPI
20220701T033000Z,British Army launches recruitment campaign featuring robots,https://www.salisburyjournal.co.uk/news/national/20248241.british-army-launches-recruitment-campaign-featuring-robots/,salisburyjournal.co.uk,English,0,1,0,0,CPI
20220701T033000Z,British Army launches recruitment campaign featuring robots,https://www.times-series.co.uk/news/national/20248241.british-army-launches-recruitment-campaign-featuring-robots/,times-series.co.uk,English,0,1,0,0,CPI
20220701T034500Z,British Army launches recruitment campaign featuring robots,https://www.countypress.co.uk/news/national/20248241.british-army-launches-recruitment-campaign-featuring-robots/,countypress.co.uk,English,0,1,0,0,CPI
20220701T034500Z,Predatory lenders are making money off rising gas and food prices . Here what experts are seeing,https://www.wgal.com/article/predatory-lenders-making-money-off-rising-gas-and-food-prices/40394843,wgal.com,English,0,1,0,0,CPI
20220701T034500Z,British Army launches recruitment campaign featuring robots,https://www.timesandstar.co.uk/news/national/20248241.british-army-launches-recruitment-campaign-featuring-robots/,timesandstar.co.uk,English,0,1,0,0,CPI
20220701T034500Z,Predatory lenders are making money off rising gas and food prices . Here what experts are seeing,https://www.wvtm13.com/article/predatory-lenders-making-money-off-rising-gas-and-food-prices/40394843,wvtm13.com,English,0,1,0,0,CPI
20220701T034500Z,British Army launches recruitment campaign featuring robots,https://www.yourlocalguardian.co.uk/news/national/20248241.british-army-launches-recruitment-campaign-featuring-robots/,yourlocalguardian.co.uk,English,0,1,0,0,CPI
20220701T034500Z,British Army launches recruitment campaign featuring robots,https://www.darlingtonandstocktontimes.co.uk/news/national/20248241.british-army-launches-recruitment-campaign-featuring-robots/,darlingtonandstocktontimes.co.uk,English,0,1,0,0,CPI
20220701T034500Z,Religious freedom is  life or death  in the trenches,https://www.msn.com/en-us/news/world/religious-freedom-is-life-or-death-in-the-trenches/ar-AAZ3yml,msn.com,English,0.258,0.464,0.278,0.0772,CPI
20220701T034500Z,British Army launches recruitment campaign featuring robots,https://www.thurrockgazette.co.uk/news/national/20248241.british-army-launches-recruitment-campaign-featuring-robots/,thurrockgazette.co.uk,English,0,1,0,0,CPI
20220701T034500Z,Predatory lenders are making money off rising gas and food prices . Here what experts are seeing,https://www.kcci.com/article/predatory-lenders-making-money-off-rising-gas-and-food-prices/40394843,kcci.com,English,0,1,0,0,CPI
20220701T034500Z,British Army launches recruitment campaign featuring robots,https://www.harwichandmanningtreestandard.co.uk/news/national/20248241.british-army-launches-recruitment-campaign-featuring-robots/,harwichandmanningtreestandard.co.uk,English,0,1,0,0,CPI
20220701T040000Z,Religious freedom is  life or death  in the trenches,https://www.msn.com/en-us/news/world/religious-freedom-is-e2-80-98life-or-death-e2-80-99-in-the-trenches/ar-AAZ3yml,msn.com,English,0.258,0.464,0.278,0.0772,CPI
20220701T040000Z,British Army launches recruitment campaign featuring robots,https://www.wirralglobe.co.uk/news/national/20248241.british-army-launches-recruitment-campaign-featuring-robots/,wirralglobe.co.uk,English,0,1,0,0,CPI
20220701T040000Z,British Army launches recruitment campaign featuring robots,https://www.malverngazette.co.uk/news/national/20248241.british-army-launches-recruitment-campaign-featuring-robots/,malverngazette.co.uk,English,0,1,0,0,CPI
20220701T040000Z,British Army launches recruitment campaign featuring robots,https://www.falmouthpacket.co.uk/news/national/20248241.british-army-launches-recruitment-campaign-featuring-robots/,falmouthpacket.co.uk,English,0,1,0,0,CPI
20220701T040000Z,British Army launches recruitment campaign featuring robots,https://www.winsfordguardian.co.uk/news/national/20248241.british-army-launches-recruitment-campaign-featuring-robots/,winsfordguardian.co.uk,English,0,1,0,0,CPI
20220701T040000Z,British Army launches recruitment campaign featuring robots,https://www.gazetteandherald.co.uk/news/national/20248241.british-army-launches-recruitment-campaign-featuring-robots/,gazetteandherald.co.uk,English,0,1,0,0,CPI
20220701T041500Z,British Army launches recruitment campaign featuring robots,https://www.borehamwoodtimes.co.uk/news/national/20248241.british-army-launches-recruitment-campaign-featuring-robots/,borehamwoodtimes.co.uk,English,0,1,0,0,CPI
20220701T041500Z,British Army launches recruitment campaign featuring robots,https://www.harrowtimes.co.uk/news/national/20248241.british-army-launches-recruitment-campaign-featuring-robots/,harrowtimes.co.uk,English,0,1,0,0,CPI
20220701T041500Z,British Army launches recruitment campaign featuring robots,https://www.northwalespioneer.co.uk/news/national/20248241.british-army-launches-recruitment-campaign-featuring-robots/,northwalespioneer.co.uk,English,0,1,0,0,CPI
20220701T041500Z,British Army launches recruitment campaign featuring robots,https://www.cotswoldjournal.co.uk/news/national/20248241.british-army-launches-recruitment-campaign-featuring-robots/,cotswoldjournal.co.uk,English,0,1,0,0,CPI
20220701T041500Z,British Army launches recruitment campaign featuring robots,https://www.runcornandwidnesworld.co.uk/news/national/20248241.british-army-launches-recruitment-campaign-featuring-robots/,runcornandwidnesworld.co.uk,English,0,1,0,0,CPI
20220701T041500Z,British Army launches recruitment campaign featuring robots,https://www.hampshirechronicle.co.uk/news/national/20248241.british-army-launches-recruitment-campaign-featuring-robots/,hampshirechronicle.co.uk,English,0,1,0,0,CPI
20220701T041500Z,British Army launches recruitment campaign featuring robots,https://www.andoveradvertiser.co.uk/news/national/20248241.british-army-launches-recruitment-campaign-featuring-robots/,andoveradvertiser.co.uk,English,0,1,0,0,CPI
20220901T000000Z,Jacksonville Sunrise Rotary Receives Rotary Citation,https://wlds.com/jacksonville-sunrise-rotary-receives-rotary-citation/,wlds.com,English,0,1,0,0,CPI
20220901T000000Z,A new dawn of suicide awareness - The Native struggle,https://county10.com/a-new-dawn-of-suicide-awareness-the-native-struggle/,county10.com,English,0.531,0.469,0,-0.7783,CPI
20220901T003000Z,"No work , no pay : Implications on national development",https://www.vanguardngr.com/2022/09/no-work-no-pay-implications-on-national-development/,vanguardngr.com,English,0.537,0.463,0,-0.5859,CPI
20220901T004500Z,Study reveals forgotten orphans left behind in pandemic,https://www.miragenews.com/study-reveals-forgotten-orphans-left-behind-in-847061/,miragenews.com,English,0.213,0.787,0,-0.2263,CPI
20220901T004500Z,New insurer in Maine ACA marketplace to offer hybrid health insurance,https://www.pressherald.com/2022/08/31/new-insurer-in-maines-aca-marketplace-to-offer-hybrid-health-insurance/,pressherald.com,English,0,1,0,0,CPI
20220901T004500Z,ALICIA WALLACE : Why do our systems fail to live up to the needs of the people ? ,http://www.tribune242.com/news/2022/aug/31/alicia-wallace-why-do-our-systems-fail-live-needs-/,tribune242.com,English,0.189,0.811,0,-0.5423,CPI
20220901T010000Z,Healthcare subsidies to benefit more lower - income patients,https://www.thestar.com.my/aseanplus/aseanplus-news/2022/09/01/healthcare-subsidies-to-benefit-more-lower-income-patients,thestar.com.my,English,0.217,0.522,0.261,0.1298,CPI
20220901T010000Z,Highs and lows of Punjab economic journey : The Tribune India,https://www.tribuneindia.com/news/comment/highs-and-lows-of-punjabs-economic-journey-427271,tribuneindia.com,English,0.167,0.833,0,-0.2023,CPI
20220901T011500Z,Parkinson awareness cyclist group makes stop in Cornwall,https://www.trentonian.ca:443/news/local-news/parkinsons-awareness-cyclist-group-makes-stop-in-cornwall,trentonian.ca,English,0.239,0.761,0,-0.296,CPI
20220901T011500Z,"Medicare Shared Savings Program saved more than $1 . 6B in 2021 , CMS says",https://medcitynews.com/2022/08/medicare-shared-savings-program-saved-more-than-1-6b-in-2021-cms-says/,medcitynews.com,English,0,0.679,0.321,0.6369,CPI
20220901T011500Z,Ending stigma key to stopping drug overdose epidemic,https://www.tbnewswatch.com/local-news/ending-stigma-key-to-stopping-drug-overdose-epidemic-5763153,tbnewswatch.com,English,0.186,0.814,0,-0.1531,CPI
20220901T013000Z,Parkinson awareness cyclist group makes stop in Cornwall,https://www.intelligencer.ca:443/news/local-news/parkinsons-awareness-cyclist-group-makes-stop-in-cornwall,intelligencer.ca,English,0.239,0.761,0,-0.296,CPI
20220901T020000Z,India Will Not Miss Estimated 11 . 1 % FY23 Nominal GDP Growth,https://menafn.com/1104791008/India-Will-Not-Miss-Estimated-111-FY23-Nominal-GDP-Growth,menafn.com,English,0,0.664,0.336,0.4667,CPI
20220901T021500Z,Waverly Public Library seeks to expand,https://www.communitynewspapergroup.com/waverly_newspapers/waverly-public-library-seeks-to-expand/article_0128a08e-a9d0-5642-ab59-0e27d10a8db6.html,communitynewspapergroup.com,English,0,0.685,0.315,0.3182,CPI
20220901T021500Z,New insurer in Maine ACA marketplace to offer hybrid health insurance,https://www.centralmaine.com/2022/08/31/new-insurer-in-maines-aca-marketplace-to-offer-hybrid-health-insurance/,centralmaine.com,English,0,1,0,0,CPI
20220901T030000Z,Nationwide campaign to boost cybersecurity awareness,http://www.ecns.cn/news/2022-09-01/detail-ihccsiks1356024.shtml,ecns.cn,English,0,0.649,0.351,0.4019,CPI
20220901T030000Z,Tower Ambulance asking for increased subsidy payment for 2023 to help pay for new ambulance,"http://www.timberjay.com/stories/tower-ambulance-asking-for-increased-subsidy-payment-for-2023-to-help-pay-for-new-ambulance,19359",timberjay.com,English,0.077,0.659,0.264,0.5267,CPI
20220901T030000Z,Parkinson awareness cyclist group makes stop in Cornwall,https://www.kingstonthisweek.com:443/news/local-news/parkinsons-awareness-cyclist-group-makes-stop-in-cornwall,kingstonthisweek.com,English,0.239,0.761,0,-0.296,CPI
20220901T030000Z,Board backs extra contribution for new ambulance,"http://www.timberjay.com/stories/board-backs-extra-contribution-for-new-ambulance,19357",timberjay.com,English,0.167,0.833,0,-0.0516,CPI
20220901T033000Z,Ten Mistakes People Make With Wine Best Bottle of Wine Under $20,https://999ktdy.com/ten-mistakes-people-make-with-wine-best-bottle-of-wine-under-20/,999ktdy.com,English,0.15,0.599,0.251,0.4019,CPI
20220901T033000Z,Proposing An Approach For All Reform Dimensions,https://menafn.com/1104791342/Proposing-An-Approach-For-All-Reform-Dimensions,menafn.com,English,0,1,0,0,CPI
20220901T033000Z,Latin America Triple Policy Challenge,https://menafn.com/1104791344/Latin-Americas-Triple-Policy-Challenge,menafn.com,English,0,0.755,0.245,0.0772,CPI
20220901T040000Z,"Instant Noodles Market : 76 % of Growth to Originate from APAC , Fried Segment to be Significant for Revenue Generation",https://www.prnewswire.com:443/news-releases/instant-noodles-market-76-of-growth-to-originate-from-apac-fried-segment-to-be-significant-for-revenue-generation---technavio-301614402.html,prnewswire.com,English,0,0.784,0.216,0.5267,CPI
20220901T041500Z,Using Pro - Growth Public Policy to Create a Real Strategy for American Innovation,https://www.heritage.org/report/using-pro-growth-public-policy-create-real-strategy-american-innovation,heritage.org,English,0,0.552,0.448,0.743,CPI
20220901T043000Z,California Billboards Dont Tell the Whole Story,https://www.dailysignal.com/2022/08/31/california-billboards-dont-tell-the-whole-story/,dailysignal.com,English,0,1,0,0,CPI
20220901T044500Z,"Instant Noodles Market : 76 % of Growth to Originate from APAC , Fried Segment to be Significant for Revenue Generation",https://finance.yahoo.com/news/instant-noodles-market-76-growth-033500259.html,finance.yahoo.com,English,0,0.784,0.216,0.5267,CPI
20220901T050000Z,New insurer in Maine ACA marketplace to offer hybrid health insurance,https://www.sunjournal.com/2022/08/31/new-insurer-in-maines-aca-marketplace-to-offer-hybrid-health-insurance/,sunjournal.com,English,0,1,0,0,CPI
20220901T050000Z,Nigeria : Before sailing off into the abyss,https://tribuneonlineng.com/nigeria-before-sailing-off-into-the-abyss/,tribuneonlineng.com,English,0,1,0,0,CPI
20220901T051500Z,Nationwide campaign to boost cybersecurity awareness - China . org . cn,http://www.china.org.cn/china/2022-09/01/content_78399553.htm,china.org.cn,English,0,0.748,0.252,0.4019,CPI
20220901T060000Z,LG Chem to Build Fourth Carbon Nanotube Plant | Plastics Technology,https://www.ptonline.com/news/lg-chem-to-build-fourth-carbon-nanotube-plant,ptonline.com,English,0,1,0,0,CPI
20220901T061500Z,Why it will be imperative to reduce size of rental properties,https://www.miragenews.com/why-it-will-be-imperative-to-reduce-size-of-847281/,miragenews.com,English,0,1,0,0,CPI
20220901T061500Z,Yellow light on Yoon  audacious initiative : Korea Herald columnist,https://www.straitstimes.com/asia/yellow-light-on-yoons-audacious-initiative-korea-herald-columnist,straitstimes.com,English,0,0.808,0.192,0.2263,CPI
20220901T063000Z,"china : After long drought , China plots ambitious water infrastructure push",https://economictimes.indiatimes.com/news/international/world-news/after-long-drought-china-plots-ambitious-water-infrastructure-push/articleshow/93920305.cms,economictimes.indiatimes.com,English,0,0.744,0.256,0.4767,CPI
20220901T064500Z,2 Major Traps on China Path to Global Leadership – The Diplomat,https://thediplomat.com/2022/09/2-major-traps-on-chinas-path-to-global-leadership/,thediplomat.com,English,0,1,0,0,CPI
20220901T064500Z,Nationwide campaign to boost cybersecurity awareness,https://global.chinadaily.com.cn/a/202209/01/WS630fe862a310fd2b29e75484.html,global.chinadaily.com.cn,English,0,0.649,0.351,0.4019,CPI
20220901T070000Z,"After long drought , China plots ambitious water infrastructure push","https://www.thestandard.com.hk/breaking-news/section/3/194189/After-long-drought,-China-plots-ambitious-water-infrastructure-push&nbsp",thestandard.com.hk,English,0,0.721,0.279,0.4767,CPI
20221001T000000Z,Covid - 19 Relief Funds Available to Immigrants Living in WA,https://kpq.com/ixp/133/p/covid-19-relief-funds-undocumented-immigrants-washington/,kpq.com,English,0,0.744,0.256,0.4767,CPI
20221001T000000Z,50 years of personal growth is greater than education policy change,https://www.columbiamissourian.com/opinion/local_columnists/50-years-of-personal-growth-is-greater-than-education-policy-change/article_9b5e5788-40c9-11ed-915e-fb5bc2728d32.html,columbiamissourian.com,English,0,0.638,0.362,0.6249,CPI
20221001T001500Z,"The EU , not Meloni , is the threat to democracy",https://www.arabnews.com/node/2172871,arabnews.com,English,0.298,0.702,0,-0.5267,CPI
20221001T003000Z,Lujan Grisham rescinds six pandemic - related executive orders,https://www.abqjournal.com/2536837/lujan-grisham-rescinds-six-pandemic-related-executive-orders.html,abqjournal.com,English,0,1,0,0,CPI
20221001T003000Z,What you need to know about Brazil presidential election,https://www.hawaiipublicradio.org/npr-news/npr-news/2022-09-30/what-you-need-to-know-about-brazils-presidential-election,hawaiipublicradio.org,English,0,1,0,0,CPI
20221001T010000Z,Opioids At Work : Hidden Scourge Sapping The Economy,https://www.zerohedge.com/economics/opioids-work-hidden-scourge-sapping-economy,zerohedge.com,English,0,1,0,0,CPI
20221001T011500Z,Portland retiree dealing with homeless thieves :  At some point your compassion just runs out  ,https://hotair.com/john-s-2/2022/09/30/portland-retiree-dealing-with-homeless-thieves-at-some-point-your-compassion-just-runs-out-n500104,hotair.com,English,0.18,0.656,0.164,-0.0772,CPI
20221001T013000Z, # BTColumn - Stop food waste - Barbados Today,https://barbadostoday.bb/2022/09/30/stop-food-waste/,barbadostoday.bb,English,0.556,0.444,0,-0.6124,CPI
20221001T013000Z,"Average Household Debt in NY nearly $54 , 000",https://www.whec.com/top-news/average-household-debt-in-ny-nearly-54000/,whec.com,English,0.263,0.737,0,-0.3612,CPI
20221001T014500Z,Bad Dreams : This Is the Most Common Nightmare for People in Texas,https://myb106.com/most-common-nightmare-in-texas/,myb106.com,English,0.216,0.617,0.167,-0.2023,CPI
20221001T014500Z,Bad Dreams : This Is the Most Common Nightmare for People in Texas,https://us105fm.com/most-common-nightmare-in-texas/,us105fm.com,English,0.216,0.617,0.167,-0.2023,CPI
20221001T021500Z,"James Gill : In Murderville , united states , the mayor feels  nothing but love  ",https://www.nola.com/opinions/james_gill/article_53f9e770-4017-11ed-a5b0-ef7f3db0eedc.html,nola.com,English,0.277,0.608,0.115,-0.565,CPI
20221001T024500Z,Endorsement,https://www.sandiegouniontribune.com/opinion/editorials/story/2022-09-30/opinion-endorsement-nathan-fletcher-san-diego-county-supervisor-district-four,sandiegouniontribune.com,English,0,0,1,0.3182,CPI
20221001T030000Z,"Bus , bike routes lacking : Greens",https://dandenong.starcommunity.com.au/news/2022-10-01/bus-bike-routes-lacking-greens/,dandenong.starcommunity.com.au,English,0,1,0,0,CPI
20221001T031500Z,Rural King expansion among retail highlights in 2022,https://www.tribstar.com/news/local_news/rural-king-expansion-among-retail-highlights-in-2022/article_76dc370c-bd6b-5990-a726-99634c8b606c.html,tribstar.com,English,0,1,0,0,CPI
20221001T033000Z,EVFTA advantages threatened by tough competition,https://vietnamnet.vn/en/evfta-advantages-threatened-by-tough-competition-2065388.html,vietnamnet.vn,English,0.45,0.3,0.25,-0.25,CPI
20221001T033000Z,China future could reflect Russia own,https://www.bangkokpost.com/opinion/opinion/2404670/chinas-future-could-reflect-russias-own,bangkokpost.com,English,0,1,0,0,CPI
20221001T033000Z,China notable economic growth over the past decade -- Beijing Review,http://www.bjreview.com/./Business/202209/t20220929_800307932.html,bjreview.com,English,0,0.794,0.206,0.3818,CPI
20221001T033000Z,Inside multi - million naira ponmo business in Ogun community The Nation Newspaper,https://thenationonlineng.net/inside-multi-million-naira-ponmo-business-in-ogun-community/,thenationonlineng.net,English,0,1,0,0,CPI
20221001T033000Z,Chinese economy reshaped by decade of phenomenal development -- Beijing Review,https://www.bjreview.com/Business/202209/t20220923_800307497.html,bjreview.com,English,0,1,0,0,CPI
20221001T034500Z,"Nigeria @ 62 : So far , not so good",https://punchng.com/nigeria-62-so-far-not-so-good/,punchng.com,English,0.335,0.665,0,-0.464,CPI
20221001T041500Z,Bad Dreams : This Is the Most Common Nightmare for People in Texas,https://myjuan1017.com/most-common-nightmare-in-texas/,myjuan1017.com,English,0.216,0.617,0.167,-0.2023,CPI
20221001T043000Z,Our industrial strength - Newspaper,https://www.dawn.com/news/1712814/our-industrial-strength,dawn.com,English,0,0.484,0.516,0.4939,CPI
20221001T043000Z,"Food insecurity may worsen in parts of country , warns FAO report - Newspaper",https://www.dawn.com/news/1712833/food-insecurity-may-worsen-in-parts-of-country-warns-fao-report,dawn.com,English,0.455,0.545,0,-0.7579,CPI
20221001T043000Z,These Maldives resorts are leading the charge on sustainability,https://kvia.com/news/us-world/cnn-other/2022/09/30/these-maldives-resorts-are-leading-the-charge-on-sustainability-2/,kvia.com,English,0,1,0,0,CPI
20221001T044500Z,China notable economic growth over the past decade -- Beijing Review,http://www.bjreview.com.cn/./Business/202209/t20220929_800307932.html,bjreview.com.cn,English,0,0.794,0.206,0.3818,CPI
20221001T044500Z,Meghna Group sets foot in global plastic raw materials market,https://www.tbsnews.net/economy/meghna-group-sets-foot-global-plastic-raw-materials-market-506382,tbsnews.net,English,0,1,0,0,CPI
20221001T051500Z,RRMC Health Talk : Health careers,https://www.rutlandherald.com/features/weekend_magazine/rrmc-health-talk-health-careers/article_e2b3e6d1-1f3d-558e-99ae-7723ebd23e74.html,rutlandherald.com,English,0,1,0,0,CPI
20221001T054500Z,"Kristi Noem , Jamie Smith clash styles in only planned gubernatorial debate",https://www.jamestownsun.com/news/south-dakota/kristi-noem-jamie-smith-clash-styles-in-only-planned-gubernatorial-debate,jamestownsun.com,English,0,1,0,0,CPI
20221001T060000Z,Bad Dreams : This Is the Most Common Nightmare for People in Texas,https://mykiss1031.com/most-common-nightmare-in-texas/,mykiss1031.com,English,0.216,0.617,0.167,-0.2023,CPI
20221001T060000Z,RRMC Health Talk : Health careers,https://www.timesargus.com/features/weekend_magazine/rrmc-health-talk-health-careers/article_d44837f0-4db7-566f-b0bf-d64eb3b38c7a.html,timesargus.com,English,0,1,0,0,CPI
20221001T063000Z,Women Health Worsened in 2021 But Taiwan Leads With Highest Global Health Score,https://www.tatlerasia.com/power-purpose/front-female/womens-health-worsened-in-2021but-taiwan-leads-with-the-highest-global-health-score,tatlerasia.com,English,0.14,0.86,0,-0.2382,CPI
20221101T000000Z,Intense methane cloud over Alberta oil and gas hub goes undetected by regulators,https://calgaryherald.com:443/commodities/energy/oil-gas/methane-climate-emissions/wcm/62bb8f14-2a04-4f31-a595-4e44a494072c,calgaryherald.com,English,0,0.902,0.098,0.0772,CPI
20221101T000000Z,Navajo Nation President Jonathan Nez makes case for second term,https://www.kunm.org/local-news/2022-10-31/navajo-nation-pres-jonathan-nez-makes-case-for-second-term,kunm.org,English,0,1,0,0,CPI
20221101T001500Z,What quantum technology means for Canada future,https://www.nigeriasun.com/news/273016363/what-quantum-technology-means-for-canadas-future,nigeriasun.com,English,0,1,0,0,CPI
20221101T001500Z,Economic Freedom and the African Growth and Opportunity Act,https://www.heritage.org/africa/report/economic-freedom-and-the-african-growth-and-opportunity-act,heritage.org,English,0,0.385,0.615,0.8625,CPI
20221101T001500Z,Mississippi Gov . Tate Reeves calls special session to consider incentives for economic development project,https://www.foxnews.com/politics/mississippi-gov-tate-reeves-calls-special-session-consider-incentives-economic-development-project,foxnews.com,English,0,0.706,0.294,0.6124,CPI
20221101T003000Z,Catch a Movie at This Haunted Oklahoma Theater,https://klaw.com/oklahoma-haunted-constantine-theater/,klaw.com,English,0.341,0.659,0,-0.4767,CPI
20221101T011500Z,How Bangladesh is trying to ensure food security for all ? ,https://www.pressenza.com/2022/11/how-bangladesh-is-trying-to-ensure-food-security-for-all/,pressenza.com,English,0,0.615,0.385,0.6124,CPI
20221101T013000Z,The Makeup of a Monster - Creative Nonfiction,https://creativenonfiction.org/writing/the-makeup-of-a-monster/,creativenonfiction.org,English,0,0.633,0.367,0.4404,CPI
20221101T014500Z,"UFO reporting increases in New Mexico , data shows",https://www.alamogordonews.com/story/news/2022/10/31/new-mexico-ufo-reporting-data-aliens-space-nasa/69578598007/,alamogordonews.com,English,0,1,0,0,CPI
20221101T020000Z,Hong Kong set to open new development chapter,http://usa.chinadaily.com.cn/a/202211/01/WS63606f8fa310fd2b29e7f939.html,usa.chinadaily.com.cn,English,0,1,0,0,CPI
20221101T023000Z,Military Mom Honors Son Currently Serving In The Army,https://995qyk.com/2022/10/31/military-mom-honors-son-currently-serving-in-the-army/,995qyk.com,English,0,0.708,0.292,0.5106,CPI
20221101T023000Z,Hong Kong set to open new development chapter,http://global.chinadaily.com.cn/a/202211/01/WS63606f8fa310fd2b29e7f939.html,global.chinadaily.com.cn,English,0,1,0,0,CPI
20221101T030000Z,China Growing Political Autocracy Limits Its Economic Prospects,https://www.dailysignal.com/2022/10/31/chinas-growing-political-autocracy-limits-its-economic-prospects/,dailysignal.com,English,0,0.606,0.394,0.4404,CPI
20221101T030000Z,Hong Kong set to open new development chapter,http://africa.chinadaily.com.cn/a/202211/01/WS63606f8fa310fd2b29e7f939.html,africa.chinadaily.com.cn,English,0,1,0,0,CPI
20221101T033000Z,Hong Kong set to open new development chapter,http://europe.chinadaily.com.cn/a/202211/01/WS63606f8fa310fd2b29e7f939.html,europe.chinadaily.com.cn,English,0,1,0,0,CPI
20221101T033000Z,"I , Interest Rate - Foundation for Economic Education",https://fee.org/articles/i-interest-rate/,fee.org,English,0,0.625,0.375,0.4588,CPI
20221101T040000Z,Here comes November,https://www.thenews.com.pk/print/1005403-here-comes-november,thenews.com.pk,English,0,1,0,0,CPI
20221101T044500Z,New Initiative Launches to Address Neglected Global Health Crisis of Alcohol Harms,https://www.prnewswire.com:443/news-releases/new-initiative-launches-to-address-neglected-global-health-crisis-of-alcohol-harms-301664022.html,prnewswire.com,English,0.543,0.457,0,-0.8934,CPI
20221101T044500Z,New Initiative Launches to Address Neglected Global Health Crisis of Alcohol Harms,https://www.prnewswire.com:443/news-releases/new-initiative-launches-to-address-neglected-global-health-crisis-of-alcohol-harms-301664043.html,prnewswire.com,English,0.543,0.457,0,-0.8934,CPI
20221101T050000Z,Book Review :  Slouching Towards Utopia  by J . Bradford DeLong,https://www.foreignaffairs.com/reviews/boom-and-bust,foreignaffairs.com,English,0,1,0,0,CPI
20221101T051500Z,"Global Battery as a Service Market Report 2022 - 2030 – Featuring Octillion , Epiroc , NIO , Harding Energy Among Others",https://energy.einnews.com/pr_news/598603734/global-battery-as-a-service-market-report-2022-2030-featuring-octillion-epiroc-nio-harding-energy-among-others,energy.einnews.com,English,0,0.877,0.123,0.2732,CPI
20221101T051500Z,The Paradoxes Of The Bangladesh Miracle,https://menafn.com/1105109490/The-Paradoxes-Of-The-Bangladesh-Miracle,menafn.com,English,0,0.568,0.432,0.5859,CPI
20221101T053000Z,Hudson Valley Residents Can Earn Money Just by Drinking Beer,https://hudsonvalleycountry.com/breweries-in-new-york/,hudsonvalleycountry.com,English,0,1,0,0,CPI
20221101T053000Z,"UFO reporting increases in New Mexico , data shows",https://www.ruidosonews.com/story/news/2022/10/31/new-mexico-ufo-reporting-data-aliens-space-nasa/69578598007/,ruidosonews.com,English,0,1,0,0,CPI
20221101T053000Z,Vital Strategies : New Initiative Launches to Address Neglected Global Health Crisis of Alcohol Harms,https://www.finanznachrichten.de/nachrichten-2022-11/57451706-vital-strategies-new-initiative-launches-to-address-neglected-global-health-crisis-of-alcohol-harms-008.htm,finanznachrichten.de,English,0.467,0.437,0.096,-0.8591,CPI
20221101T053000Z,The Scariest States in the US,https://www.timeout.com/usa/news/vermont-is-officially-the-scariest-state-in-the-united-states-103122,timeout.com,English,0,1,0,0,CPI
20221101T054500Z,Danes Vote to Settle Fate of Leader Tarnished by Mink Cull,https://www.bnnbloomberg.ca/danes-vote-to-settle-fate-of-leader-tarnished-by-mink-cull-1.1839881,bnnbloomberg.ca,English,0,1,0,0,CPI
20221101T054500Z,How Saudi Arabia Sees the World,https://www.foreignaffairs.com/saudi-arabia/how-saudi-arabia-sees-world,foreignaffairs.com,English,0,1,0,0,CPI
20221101T060000Z,Africa Past Is Not Its Future : How the Continent Can Chart Its Own Course,https://www.foreignaffairs.com/africa/africa-past-not-its-future-mo-ibrahim,foreignaffairs.com,English,0,1,0,0,CPI
20221101T063000Z,Hudson Valley Residents Can Earn Money Just by Drinking Beer,https://wrrv.com/breweries-in-new-york/,wrrv.com,English,0,1,0,0,CPI
20221101T070000Z,Welcome To IANS Live - LatestNews - India has conditions in place for an economic boom : Report,https://ianslive.in/news/india_has_conditions_in_place_for_an_economic_boom_report-917499/LatestNews/0,ianslive.in,English,0,0.824,0.176,0.4588,CPI
20221101T070000Z,Welcome To IANS Live - BUSINESS - India has conditions in place for an economic boom : Report,https://ianslive.in/news/india_has_conditions_in_place_for_an_economic_boom_report-917499/BUSINESS/5,ianslive.in,English,0,0.824,0.176,0.4588,CPI
20221101T070000Z,India has conditions in place for an economic boom : Report,https://www.prokerala.com/news/articles/a1359132.html,prokerala.com,English,0,1,0,0,CPI
20221101T070000Z,New Initiative Launches to Address Neglected Global Health Crisis of Alcohol Harms,https://www.prnewswire.com/news-releases/new-initiative-launches-to-address-neglected-global-health-crisis-of-alcohol-harms-301664022.html,prnewswire.com,English,0.543,0.457,0,-0.8934,CPI
20221101T071500Z,"Instead of fleeing for California , Rishi Sunak should seek to emulate its success",https://www.telegraph.co.uk/business/2022/11/01/instead-fleeing-california-rishi-sunak-should-seek-emulate-success/,telegraph.co.uk,English,0,0.764,0.236,0.5719,CPI
20221101T071500Z,Philippines resource - rich but income - poor : Inquirer contributor,https://www.thestar.com.my/aseanplus/aseanplus-news/2022/11/01/philippines-resource-rich-but-income-poor-inquirer-contributor,thestar.com.my,English,0.333,0.482,0.185,-0.431,CPI
20221101T073000Z,India has conditions in place for an economic boom : Morgan Stanley,https://www.business-standard.com/article/economy-policy/india-has-conditions-in-place-for-an-economic-boom-morgan-stanley-122110100425_1.html,business-standard.com,English,0,1,0,0,CPI
20221101T074500Z,LIXIL introduces revia – a circular material born from waste plastic and wood,https://vir.com.vn/lixil-introduces-revia-a-circular-material-born-from-waste-plastic-and-wood-97527.html,vir.com.vn,English,0.219,0.781,0,-0.4215,CPI
20221101T080000Z,Africa : Nivi Mobile - Based  Conversational Marketplace  in Health Looks to Create an Ecosystem of Partners Who Are Interested in User Acquisition,https://allafrica.com/stories/202211010023.html,allafrica.com,English,0,0.798,0.202,0.5859,CPI
20221101T081500Z,Central Africa : Cameroon Says Hundreds of Its Citizens Deported From Equatorial Guinea,https://allafrica.com/stories/202211010062.html,allafrica.com,English,0,1,0,0,CPI
20221101T081500Z,Philippines resource - rich but income - poor : Inquirer contributor,https://www.straitstimes.com/asia/se-asia/philippines-resource-rich-but-income-poor-inquirer-contributor,straitstimes.com,English,0.333,0.482,0.185,-0.431,CPI
20221101T083000Z,Willing to pay Rs 650 for a Twitter Blue Tick in India ? Musk drops a hint about the pricing,https://www.businesstoday.in/technology/news/story/willing-to-pay-rs-650-for-a-twitter-blue-tick-in-india-musk-drops-a-hint-about-the-pricing-351409-2022-11-01,businesstoday.in,English,0.08,0.92,0,-0.1027,CPI
20221101T084500Z,The End Of Affordable Medicine,https://menafn.com/1105110766/The-End-Of-Affordable-Medicine,menafn.com,English,0,1,0,0,CPI
20221101T090000Z,Is there a possible scenario that chilled meat consumption in Vietnam resembles that in China ? ,https://tuoitrenews.vn/news/business/20221101/is-there-a-possible-scenario-that-chilled-meat-consumption-in-vietnam-resembles-that-in-china/69829.html,tuoitrenews.vn,English,0,1,0,0,CPI
20221101T094500Z,"NJ is one of the safest states thanks to cops , study says",https://nj1015.com/nj-is-one-of-the-safest-states-thanks-to-cops-study-says/,nj1015.com,English,0,0.641,0.359,0.6808,CPI
20221201T000000Z,Urinary Catheters Market Expansion to be Persistent by 2028,https://www.texasguardian.com/news/273137244/urinary-catheters-market-expansion-to-be-persistent-by-2028,texasguardian.com,English,0,1,0,0,CPI
20221201T000000Z,Ninth Circuit Ruling Holds Following SCOTUS Denying Review,https://www.natlawreview.com/article/scotus-denies-review-and-leaves-seattle-s-play-or-play-ordinance-intact,natlawreview.com,English,0.255,0.745,0,-0.34,CPI
20221201T000000Z,Animal Healthcare Market is Anticipated to Progress at CAGR of 7 . 2 % from 2021 to 2028,https://www.texasguardian.com/news/273137326/animal-healthcare-market-is-anticipated-to-progress-at-cagr-of-72-from-2021-to-2028,texasguardian.com,English,0,0.823,0.177,0.4215,CPI
20221201T000000Z,Economy and identity : Quebec premier delivers inaugural speech of 43rd legislature,https://www.thereminder.ca/the-mix/economy-and-identity-quebec-premier-delivers-inaugural-speech-of-43rd-legislature-6180200,thereminder.ca,English,0,1,0,0,CPI
20221201T001500Z,Health official : Youth marijuana use on the rise in Missoula,https://missoulian.com/news/local/health-official-youth-marijuana-use-on-the-rise-in-missoula/article_379651e4-570d-5a87-a680-23be47edbae7.html,missoulian.com,English,0,1,0,0,CPI
20221201T001500Z,SCOTUS Denies Review and Leaves Seattle  Play - or Play  Ordinance Intact | Proskauer - Labor Relations,https://www.jdsupra.com/legalnews/scotus-denies-review-and-leaves-seattle-9683838/,jdsupra.com,English,0.144,0.515,0.34,0.4215,CPI
20221201T003000Z,Economy and identity : Quebec premier delivers inaugural speech of 43rd legislature,https://www.kelownadailycourier.ca/news/national_news/article_cffe0bef-4ff9-5f26-bb3e-d862a06f490f.html,kelownadailycourier.ca,English,0,1,0,0,CPI
20221201T003000Z,Interview : Hyundai role in a new energy future,https://www.drive.com.au/caradvice/interview-hyundais-role-in-a-new-energy-future/,drive.com.au,English,0,0.741,0.259,0.2732,CPI
20221201T003000Z,"Madison rated No . 2 city for singles , but is the local dating scene really great ? ",https://madison.com/news/local/madison-rated-no-2-city-for-singles-but-is-the-local-dating-scene-really-great/article_0af5ec19-27f8-59c7-be6b-2aec0d03c5a6.html,madison.com,English,0.081,0.609,0.309,0.7572,CPI
20221201T003000Z,Economy and identity : Quebec premier delivers inaugural speech of 43rd legislature,https://www.thompsoncitizen.net/national-news/economy-and-identity-quebec-premier-delivers-inaugural-speech-of-43rd-legislature-6180370,thompsoncitizen.net,English,0,1,0,0,CPI
20221201T003000Z,Economy and identity : Quebec premier delivers inaugural speech of 43rd legislature,https://www.thompsoncitizen.net/the-mix/economy-and-identity-quebec-premier-delivers-inaugural-speech-of-43rd-legislature-6180200,thompsoncitizen.net,English,0,1,0,0,CPI
20221201T010000Z,"Nepalese politicians , scholars discuss 20th CPC National Congress , hoping to synchronize development with China Opportunity for all",https://pakobserver.net/nepalese-politicians-scholars-discuss-20th-cpc-national-congress-hoping-to-synchronize-development-with-china-opportunity-for-all/,pakobserver.net,English,0,0.728,0.272,0.6808,CPI
20221201T010000Z,Balloon Juice - Guest Post : The Coronavirus - Sparked Protests in China,https://balloon-juice.com/2022/11/30/guest-post-the-coronavirus-sparked-protests-in-china/,balloon-juice.com,English,0.174,0.826,0,-0.2263,CPI
20221201T011500Z,Thousands of COVID fines have been scrapped by the court . What happening with the rest ? ,https://www.sbs.com.au/nitv/nitv-news/article/push-for-all-covid-fines-to-be-scrapped-by-courts/9f44beq6p,sbs.com.au,English,0,1,0,0,CPI
20221201T011500Z,China village museums boost rural vitalization - People Daily Online,http://en.people.cn/n3/2022/1130/c90000-10178401.html,en.people.cn,English,0,0.569,0.431,0.6486,CPI
20221201T011500Z,Economy and identity : Quebec premier delivers inaugural speech of 43rd legislature | iNFOnews,https://infotel.ca/newsitem/que-legault-speech/cp2021304335,infotel.ca,English,0,1,0,0,CPI
20221201T011500Z,Economy and identity : Quebec premier delivers inaugural speech of 43rd legislature,https://www.cbc.ca/news/canada/montreal/francois-legault-inaugural-speech-1.6669903,cbc.ca,English,0,1,0,0,CPI
20221201T013000Z,Push to lift shipping rules faces pushback,https://www.eagletribune.com/news/boston/push-to-lift-shipping-rules-faces-pushback/article_60a0c9b4-70b7-11ed-9994-27e3fcf3a6e5.html,eagletribune.com,English,0,1,0,0,CPI
20221201T013000Z,"Crypto Coin Cracks After Luring Indians With 3 , 100 % Returns",https://www.bnnbloomberg.ca/crypto-coin-cracks-after-luring-indians-with-3-100-returns-1.1853303,bnnbloomberg.ca,English,0,1,0,0,CPI
20221201T014500Z,Jackson Hole wealth skyrockets as state struggles to claim a piece,http://www.buffalobulletin.com/news/article_021b898e-70ed-11ed-bf0e-83280a65eba9.html,buffalobulletin.com,English,0.182,0.584,0.234,0.1779,CPI
20221201T020000Z,Animal Healthcare Market is Anticipated to Progress at CAGR of 7 . 2 % from 2021 to 2028,https://www.sandiegosun.com/news/273137326/animal-healthcare-market-is-anticipated-to-progress-at-cagr-of-72-from-2021-to-2028,sandiegosun.com,English,0,0.823,0.177,0.4215,CPI
20221201T020000Z,Energy - rich Qatar faces fast - rising climate risks at home,https://japantoday.com/category/features/environment/energy-rich-qatar-faces-fast-rising-climate-risks-at-home,japantoday.com,English,0.142,0.473,0.385,0.5574,CPI
20221201T021500Z,"Animal cruelty worst in Geelong , Casey in Victoria as RSPCA releases interactive map",https://www.dailymail.co.uk/news/article-11487979/Animal-cruelty-worst-Geelong-Casey-Victoria-RSPCA-releases-interactive-map.html,dailymail.co.uk,English,0.421,0.579,0,-0.8402,CPI
20221201T021500Z,Push to lift shipping rules faces pushback,https://www.gloucestertimes.com/news/push-to-lift-shipping-rules-faces-pushback/article_23eb5eff-fca3-5215-b9d8-cfd25dd82b3a.html,gloucestertimes.com,English,0,1,0,0,CPI
20221201T023000Z,Retail industry must digitalize for wider reach | Investment & Finance | Báo Sài Gòn Đầu Tư Tài Chính,https://www.saigondautu.com.vn/investment-finance/retail-industry-must-digitalize-for-wider-reach-111732.html,saigondautu.com.vn,English,0,0.932,0.068,0.0258,CPI
20221201T030000Z,Chinese tea aroma suffuses streets of Morocco,http://www.china.org.cn/arts/2022-12/01/content_78546233.htm,china.org.cn,English,0,1,0,0,CPI
20221201T031500Z,Exports ban leads to mass layoffs -- Beijing Review,http://www.bjreview.com/./Opinion/Fact_Check/202211/t20221128_800314603.html,bjreview.com,English,0.31,0.69,0,-0.5574,CPI
20221201T031500Z,Across China : Deep mountain township grows its way out of poverty,https://www.bignewsnetwork.com/news/273137482/across-china-deep-mountain-township-grows-its-way-out-of-poverty,bignewsnetwork.com,English,0.248,0.752,0,-0.5106,CPI
20221201T031500Z,Forsyth County ranked in the middle for economic health in NC,https://journalnow.com/business/employment/forsyth-county-ranked-in-the-middle-for-economic-health-in-nc/article_e294d102-70f5-11ed-910d-63d81f067b47.html,journalnow.com,English,0,1,0,0,CPI
20221201T031500Z,  It makes me angry : Saskatoon clinic shuts down amid family doctor shortage,https://saskatoon.ctvnews.ca/it-makes-me-angry-saskatoon-clinic-shuts-down-amid-family-doctor-shortage-1.6176078,saskatoon.ctvnews.ca,English,0.346,0.654,0,-0.6486,CPI
20221201T033000Z,Across China : Deep mountain township grows its way out of poverty - Xinhua,https://english.news.cn/20221201/7cbe0f690b744324a2b495f9e09c770c/c.html,english.news.cn,English,0.231,0.769,0,-0.5106,CPI
20221201T033000Z,Fitch Affirms Thailand at  BBB+ ; Outlook Stable,https://www.thaipr.net/en/finance_en/3275464,thaipr.net,English,0,0.732,0.268,0.296,CPI
20221201T034500Z,"Crypto coin that surged 3 , 100 % in India cracks amid wider mkt meltdown",https://www.business-standard.com/article/international/crypto-coin-that-surged-3-100-in-india-cracks-amid-wider-mkt-meltdown-122120100168_1.html,business-standard.com,English,0,1,0,0,CPI
20221201T040000Z,What rhymes with  Holocaust ? | Duly Noted - Yellow Scene Magazine,https://yellowscene.com/2022/11/28/what-rhymes-with-holocaust-duly-noted/,yellowscene.com,English,0,1,0,0,CPI
20221201T040000Z,Memorial Honoring Local NH Veterans Unveiled in Manchester,https://www.unionleader.com/news/veterans/memorial-honoring-local-nh-veterans-unveiled-in-manchester/article_eaa42ae4-8633-521d-878c-b08e021e3e7b.html,unionleader.com,English,0,0.453,0.547,0.8038,CPI
20221201T041500Z,Kampong Chhnang signs co - op deal with France Bussy Saint - Georges,https://www.phnompenhpost.com/national/kampong-chhnang-signs-co-op-deal-frances-bussy-saint-georges,phnompenhpost.com,English,0,1,0,0,CPI
20221201T041500Z,Tax return filing fails to keep pace with growing economy,https://www.thedailystar.net/business/tax-and-customs/news/tax-return-filing-fails-keep-pace-growing-economy-3184316,thedailystar.net,English,0.224,0.64,0.136,-0.2732,CPI
20221201T043000Z,Plibersek  determination  alone wont save the Great Barrier Reef – here what needs to happen ? | Graham Readfearn,https://www.theguardian.com/environment/2022/dec/01/pliberseks-determination-alone-wont-save-the-great-barrier-reef-heres-what-needs-to-happen,theguardian.com,English,0.407,0.476,0.117,-0.6929,CPI
20221201T043000Z,Economy and identity : Quebec premier delivers inaugural speech of 43rd legislature,https://www.thereminder.ca/national-news/economy-and-identity-quebec-premier-delivers-inaugural-speech-of-43rd-legislature-6180370,thereminder.ca,English,0,1,0,0,CPI
20221201T043000Z,Across China : Deep mountain township grows its way out of poverty,http://www.china.org.cn/china/Off_the_Wire/2022-12/01/content_78546456.htm,china.org.cn,English,0.248,0.752,0,-0.5106,CPI
20221201T044500Z,Protests raise questions about why China is still relying on COVID restrictions,https://www.mynspr.org/2022-11-30/protests-raise-questions-about-why-china-is-still-relying-on-covid-restrictions,mynspr.org,English,0.147,0.853,0,-0.2263,CPI
20221201T050000Z,Exports ban leads to mass layoffs -- Beijing Review,http://www.bjreview.com/Opinion/./Fact_Check/202211/t20221128_800314603.html,bjreview.com,English,0.31,0.69,0,-0.5574,CPI
20221201T051500Z,"tbac price : Crypto coin cracks after luring Indians with 3 , 100 % returns",https://economictimes.indiatimes.com/markets/cryptocurrency/crypto-coin-cracks-after-luring-indians-with-3100-returns/articleshow/95902196.cms,economictimes.indiatimes.com,English,0,1,0,0,CPI
20221201T051500Z,Across China : Deep mountain township grows its way out of poverty,https://www.chinanationalnews.com/news/273137482/across-china-deep-mountain-township-grows-its-way-out-of-poverty,chinanationalnews.com,English,0.248,0.752,0,-0.5106,CPI
20221201T053000Z,The end of Chinese growth,https://www.macrobusiness.com.au/2022/12/the-end-of-chinese-growth-2/,macrobusiness.com.au,English,0,0.606,0.394,0.3818,CPI
20221201T060000Z,Exports ban leads to mass layoffs -- Beijing Review,http://www.bjreview.com.cn/./Opinion/Fact_Check/202211/t20221128_800314603.html,bjreview.com.cn,English,0.31,0.69,0,-0.5574,CPI
20221201T061500Z,These countries increased solar capacity the most since 2007,https://ktvz.com/stacker-science/2022/11/30/these-countries-increased-solar-capacity-the-most-since-2007/,ktvz.com,English,0,0.792,0.208,0.2732,CPI
20221201T061500Z,North Africa Charting a Revolution in Africa Industrialization,https://allafrica.com/stories/202212010026.html,allafrica.com,English,0,1,0,0,CPI
20221201T063000Z,There Is No Real Evidence that Stop - and - Frisk Helps Reduce Crime,https://www.governing.com/now/there-is-no-real-evidence-that-stop-and-frisk-helps-reduce-crime,governing.com,English,0.427,0.432,0.141,-0.6486,CPI
20221201T063000Z,"Crypto Allures Indians With 3 , 100 % Returns , Theyre Ignoring Risks",https://www.ndtv.com/business/crypto-allures-indians-with-3-100-returns-theyre-ignoring-risks-3568239,ndtv.com,English,0.407,0.593,0,-0.5859,CPI
20221201T063000Z,Protests raise questions about why China is still relying on COVID restrictions,https://www.redriverradio.org/2022-11-30/protests-raise-questions-about-why-china-is-still-relying-on-covid-restrictions,redriverradio.org,English,0.147,0.853,0,-0.2263,CPI
20221201T064500Z,Across China : Deep mountain township grows its way out of poverty,https://www.shanghaisun.com/news/273137482/across-china-deep-mountain-township-grows-its-way-out-of-poverty,shanghaisun.com,English,0.248,0.752,0,-0.5106,CPI
20221201T071500Z,"  SMART Citie worldwide being converted into  open concentration camps , says ex - Silicon Valley engineer turned whistleblower -- Society Child -- Sott . net",https://www.sott.net/article/474767-SMART-Cities-worldwide-being-converted-into-open-concentration-camps-says-ex-Silicon-Valley-engineer-turned-whistleblower,sott.net,English,0,0.859,0.141,0.5319,CPI
20221201T071500Z,"India May Be Set to Become Third Largest Economy by 2030 , Overtaking Japan and Germany",https://www.nbcnewyork.com/news/business/money-report/india-may-be-set-to-become-third-largest-economy-by-2030-overtaking-japan-and-germany/3979024/,nbcnewyork.com,English,0,1,0,0,CPI
20221201T071500Z,"India May Be Set to Become Third Largest Economy by 2030 , Overtaking Japan and Germany",https://www.nbcmiami.com/news/business/money-report/india-may-be-set-to-become-third-largest-economy-by-2030-overtaking-japan-and-germany/2920588/,nbcmiami.com,English,0,1,0,0,CPI
20221201T071500Z,A very predictable tragedy - Arthur Muscat,https://timesofmalta.com/articles/view/predictable-tragedy-arthur-muscat.998434,timesofmalta.com,English,0.539,0.461,0,-0.6887,CPI
20221201T073000Z,Flood - Risk Database Seen Helping Australia Face Climate Change,https://www.bnnbloomberg.ca/flood-risk-database-seen-helping-australia-face-climate-change-1.1853405,bnnbloomberg.ca,English,0.186,0.619,0.195,0.0258,CPI
20221201T073000Z,"India May Be Set to Become Third Largest Economy by 2030 , Overtaking Japan and Germany",https://www.nbcdfw.com/news/business/money-report/india-may-be-set-to-become-third-largest-economy-by-2030-overtaking-japan-and-germany/3138210/,nbcdfw.com,English,0,1,0,0,CPI
20221201T073000Z,The American Scholar : The Corals and the Capitalist - <a href=  https :// theamericanscholar . org / author / juli - berwald / >Juli Berwald< / a>,https://theamericanscholar.org/the-corals-and-the-capitalist/,theamericanscholar.org,English,0,1,0,0,CPI
20221201T074500Z,CITIZEN : Q and A with Shiva Rajbhandari,https://www.idahopress.com/boiseweekly/news/citizen/citizen-q-and-a-with-shiva-rajbhandari/article_3f56b9bc-6b62-11ed-9ff3-43a4c57e6d8f.html,idahopress.com,English,0,1,0,0,CPI
20221201T074500Z,Finland Sees Spike in Alcohol - Related Mortality Since Sales Reform,https://sputniknews.com/20221201/finland-sees-spike-in-alcohol-related-mortality-since-sales-reform-1104918479.html,sputniknews.com,English,0,1,0,0,CPI
20221201T074500Z,"India May Be Set to Become Third Largest Economy by 2030 , Overtaking Japan and Germany",https://www.nbclosangeles.com/news/business/money-report/india-may-be-set-to-become-third-largest-economy-by-2030-overtaking-japan-and-germany/3045529/,nbclosangeles.com,English,0,1,0,0,CPI
20221201T080000Z,"India May Be Set to Become Third Largest Economy by 2030 , Overtaking Japan and Germany",https://www.nbcsandiego.com/news/business/money-report/india-may-be-set-to-become-third-largest-economy-by-2030-overtaking-japan-and-germany/3111279/,nbcsandiego.com,English,0,1,0,0,CPI
20221201T080000Z,Improving health outcomes by putting patients at the centre of partnerships,https://www.hsj.co.uk/service-design/improving-health-outcomes-by-putting-patients-at-the-centre-of-partnerships/7033772.article,hsj.co.uk,English,0,0.781,0.219,0.4215,CPI
20221201T080000Z,Tracking the progress of the Buhari administration,https://www.thenews-chronicle.com/tracking-the-progress-of-the-buhari-administration/,thenews-chronicle.com,English,0,0.682,0.318,0.4215,CPI
20221201T080000Z,"India May Be Set to Become Third Largest Economy by 2030 , Overtaking Japan and Germany",https://www.nbcchicago.com/news/business/money-report/india-may-be-set-to-become-third-largest-economy-by-2030-overtaking-japan-and-germany/3010072/,nbcchicago.com,English,0,1,0,0,CPI
20230101T001500Z,Chicago Ranks Among Top 10 U . S . Cities to Celebrate News Year Eve In,https://www.nbcchicago.com/news/local/chicago-ranks-among-top-10-u-s-cities-to-celebrate-news-years-eve-in/3034125/,nbcchicago.com,English,0,0.645,0.355,0.6705,CPI
20230101T003000Z,Normal New Year service after a pre - Christmas World Cup,https://island.lk/normal-new-year-service-after-a-pre-christmas-world-cup/,island.lk,English,0,1,0,0,CPI
20230101T003000Z,The Best Humanitarian Aid for the Afghan People : Oust theTaliban,https://www.heritage.org/defense/report/the-best-humanitarian-aid-the-afghan-people-oust-thetaliban,heritage.org,English,0,0.682,0.318,0.6369,CPI
20230101T003000Z,Trudeau 2022 year - end interview : Full transcript,https://www.ctvnews.ca/politics/full-transcript-pm-trudeau-s-2022-year-end-interview-with-ctv-news-1.6204307,ctvnews.ca,English,0,1,0,0,CPI
20230101T004500Z,Weld seeks to attract veterans to West Virginia,https://www.wvnews.com/theet/news/wvnews/weld-seeks-to-attract-veterans-to-west-virginia/article_9063a76c-87bd-11ed-8e6d-7b9e929fc242.html,wvnews.com,English,0,0.737,0.263,0.3612,CPI
20230101T010000Z,Weld seeks to attract veterans to West Virginia,https://www.wvnews.com/statejournal/news/wvnews/weld-seeks-to-attract-veterans-to-west-virginia/article_9063a76c-87bd-11ed-8e6d-7b9e929fc242.html,wvnews.com,English,0,0.737,0.263,0.3612,CPI
20230101T010000Z,Trudeau 2022 year - end interview : Full transcript,https://www.ctvnews.ca/politics/trudeau-on-tough-economic-headwinds-unapologetic-for-tinfoil-hat-rhetoric-1.6204307,ctvnews.ca,English,0,1,0,0,CPI
20230101T011500Z,Weld seeks to attract veterans to West Virginia,https://www.wvnews.com/jacksonnewsnews/wvnews/weld-seeks-to-attract-veterans-to-west-virginia/article_9063a76c-87bd-11ed-8e6d-7b9e929fc242.html,wvnews.com,English,0,0.737,0.263,0.3612,CPI
20230101T013000Z,PETER OBI : We Must End the Sharing Mentality – THISDAYLIVE,https://www.thisdaylive.com/index.php/2023/01/01/peter-obi-we-must-end-the-sharing-mentality/,thisdaylive.com,English,0,0.741,0.259,0.4215,CPI
20230101T013000Z,Fossil Fuel Industry Plans To Hijack Offshore Wind In Gulf Of Mexico,https://cleantechnica.com/2022/12/31/fossil-fuel-industry-plans-to-hijack-offshore-wind-in-gulf-of-mexico/,cleantechnica.com,English,0,1,0,0,CPI
20230101T014500Z,"Farmers come to our rescue , yet again",https://www.thedailystar.net/news/bangladesh/agriculture/news/farmers-come-our-rescue-yet-again-3209671,thedailystar.net,English,0,0.645,0.355,0.5106,CPI
20230101T020000Z,Progressive Charlestown,http://www.progressive-charlestown.com/search?updated-max=2022-12-29T16:09:00-05:00&max-results=15,progressive-charlestown.com,English,0,1,0,0,CPI
20230101T021500Z,"Hug the Monkey : Paul Zak : Oxytocin , Trust and Greed",https://www.hugthemonkey.com/2007/03/paul_zak_oxytoc.html,hugthemonkey.com,English,0.179,0.397,0.424,0.5719,CPI
20230101T023000Z,Colorado Politics recalls stories that defined an unusual midterm | 2022 IN REVIEW,https://gazette.com/colorado_politics/colorado-politics-recalls-stories-that-defined-an-unusual-midterm-2022-in-review/article_dcd16f87-5e69-5bee-85f0-adf28c11e2e1.html,gazette.com,English,0,1,0,0,CPI
20230101T031500Z,Bleeding Heartland,https://www.bleedingheartland.com:443/2022/03/17/midwifery-licensure-would-improve-maternal-health-infant-outcomes/,bleedingheartland.com,English,0,1,0,0,CPI
20230101T031500Z,Bleeding Heartland,https://www.bleedingheartland.com:443/2022/01/03/rural-iowas-launching-pad-for-growth-medicare-for-all/,bleedingheartland.com,English,0,1,0,0,CPI
20230101T033000Z,Discover the Snowiest Place in North Carolina,https://a-z-animals.com/blog/discover-the-snowiest-place-in-north-carolina/,a-z-animals.com,English,0,1,0,0,CPI
20230101T033000Z,"COVID - 19 three years later : What happened , what next",https://www.hermistonherald.com/news/local/covid-19-three-years-later-whats-happened-whats-next/article_f7c8a7cc-6040-59a3-89d1-29d2e83e4f11.html,hermistonherald.com,English,0,1,0,0,CPI
20230101T034500Z,Let not forget cost of ineptness : The Tribune India,https://www.tribuneindia.com/news/comment/lets-not-forget-cost-of-ineptness-466302,tribuneindia.com,English,0,0.828,0.172,0.1695,CPI
20230101T041500Z,  Lying flat : Chinese youth reject the rat race,https://mercatornet.com/lying-flat-chinese-youth-reject-the-rat-race/82247/,mercatornet.com,English,0.504,0.496,0,-0.7269,CPI
20230101T041500Z,No escaping public funding in R & D,https://www.tribuneindia.com/news/features/no-escaping-public-funding-in-rd-466380,tribuneindia.com,English,0.344,0.469,0.187,-0.25,CPI
20230101T043000Z,Investment Climate Panama,https://insurancenewsnet.com/oarticle/investment-climate-panama-2,insurancenewsnet.com,English,0,1,0,0,CPI
20230101T043000Z,5 Important Elections to Watch in 2023,https://www.lifehacker.com.au/2023/01/5-important-elections-to-watch-in-2023/,lifehacker.com.au,English,0,0.735,0.265,0.2023,CPI
20230101T050000Z,IMF Executive Board Completes First Review under the Stand - By Arrangement with Georgia,https://finchannel.com/imf-executive-board-completes-first-review-under-the-stand-by-arrangement-with-georgia/113693/georgian-local-news/2022/12/,finchannel.com,English,0,1,0,0,CPI
20230101T053000Z,How Economic Freedom Is Central to Development in Sub - Saharan Africa,https://www.heritage.org/trade/report/how-economic-freedom-central-development-sub-saharan-africa,heritage.org,English,0,0.704,0.296,0.6369,CPI
20230101T053000Z,A Closer Look at American Generosity,https://www.heritage.org/international-economies/commentary/closer-look-american-generosity,heritage.org,English,0,0.548,0.452,0.5106,CPI
20230101T054500Z,  Battle for the nation soul : Norway faces debate about gas and oil wealth | Norway,https://www.theguardian.com/world/2023/jan/01/battle-for-the-nations-soul-norway-faces-debate-about-gas-and-oil-wealth,theguardian.com,English,0.146,0.674,0.18,0.1531,CPI
20230101T064500Z,Hanoi enters New Year with fresh optimism | Society | Vietnam+ ( VietnamPlus ) ,https://en.vietnamplus.vn/hanoi-enters-new-year-with-fresh-optimism/246423.vnp,en.vietnamplus.vn,English,0,0.58,0.42,0.7003,CPI
20230101T070000Z,All change in 2023 ? - Stabroek News,https://www.stabroeknews.com/2023/01/01/opinion/editorial/all-change-in-2023/,stabroeknews.com,English,0,1,0,0,CPI
20230101T070000Z,Guyana grasps at the prospect for progress in the New Year,https://www.stabroeknews.com/2023/01/01/sunday/conversation-tree/guyana-grasps-at-the-prospect-for-progress-in-the-new-year/,stabroeknews.com,English,0,0.643,0.357,0.6124,CPI
20230101T074500Z,"GoLocalProv | The New Politics of the New Year –  The Sunday Political Brunch  January 1 , 2023",https://www.golocalprov.com/politics/the-new-politics-of-the-new-year-the-sunday-political-brunch-january-1-2023,golocalprov.com,English,0,1,0,0,CPI
20230101T074500Z,The Beauty Boom In 2023,https://menafn.com/1105371678/The-Beauty-Boom-In-2023,menafn.com,English,0,0.513,0.487,0.5859,CPI
20230101T074500Z,Poetry Died 100 Years Ago This Month | Asharq AL - awsat,https://english.aawsat.com/home/article/4074226/matthew-walther/poetry-died-100-years-ago-month,english.aawsat.com,English,0.286,0.714,0,-0.5574,CPI
20230101T080000Z,"New Year , old woes - Trinidad and Tobago Newsday",https://newsday.co.tt/2023/01/01/new-year-old-woes/,newsday.co.tt,English,0.293,0.707,0,-0.4404,CPI
20230101T081500Z,The beauty boom in 2023,https://www.prokerala.com/news/articles/a1377363.html,prokerala.com,English,0,0.513,0.487,0.5859,CPI
20230101T083000Z,"New Year brings new hopes , rejuvenates lives : Governor",https://www.navhindtimes.in/2023/01/01/goanews/new-year-brings-new-hopes-rejuvenates-lives-governor/,navhindtimes.in,English,0,0.714,0.286,0.4215,CPI
20230101T084500Z,Wishes for 2023,http://www.koreatimes.co.kr/www/opinion/2023/01/202_342746.html,koreatimes.co.kr,English,0,0.556,0.444,0.1531,CPI
20230101T090000Z,"Japan should lead in building a peaceful world / Enhance powers of defense , diplomacy , morality",https://japannews.yomiuri.co.jp/editorial/yomiuri-editorial/20230101-81283/,japannews.yomiuri.co.jp,English,0,0.701,0.299,0.5719,CPI
20230101T093000Z,Arkansa top corporate income tax rate drops today,https://www.arkansasonline.com/news/2023/jan/01/arkansas-top-corporate-income-tax-rate-drops-today/,arkansasonline.com,English,0,0.795,0.205,0.2023,CPI
20230101T093000Z,Our View : The time for a serious road safety intervention is now,https://www.centralmaine.com/2023/01/01/our-view-the-time-for-a-serious-road-safety-intervention-is-now/,centralmaine.com,English,0.099,0.687,0.214,0.3612,CPI
20230101T093000Z,Bengal economy : Current fiscal to end with per capita debt of Rs 59K,https://www.prokerala.com/news/articles/a1377399.html,prokerala.com,English,0.172,0.828,0,-0.3612,CPI
20230101T093000Z,VIETNAM BUSINESS NEWS JANUARY 1,https://vietnamnet.vn/en/vietnam-business-news-january-1-2096368.html,vietnamnet.vn,English,0,1,0,0,CPI
20230101T101500Z,Our View : The time for a serious road safety intervention is now,https://www.pressherald.com/2023/01/01/our-view-the-time-for-a-serious-road-safety-intervention-is-now/,pressherald.com,English,0.099,0.687,0.214,0.3612,CPI
20230101T101500Z,A look back at what made the news in 2022,https://www.jhnewsandguide.com/news/a-look-back-at-what-made-the-news-in-2022/article_4a31952b-f992-50b1-aa18-e5e09970576d.html,jhnewsandguide.com,English,0,1,0,0,CPI
20230101T103000Z,Did Tax Increases or Spending Cuts Preface the 1990s Boom ? ,https://www.heritage.org/taxes/report/did-tax-increases-or-spending-cuts-preface-the-1990s-boom,heritage.org,English,0.196,0.804,0,-0.296,CPI
20230201T234500Z,Best & Worst States for Finding a Significant Other ( Poor Idaho ) ,https://mix106radio.com/ixp/657/p/best-worst-states-for-finding-a-significant-other-poor-idaho/,mix106radio.com,English,0.396,0.275,0.33,-0.296,CPI
20230201T234500Z,"It  Amrit Kaal  for PM Modi , not for common people : AAP - Jammu Kashmir Latest News | Tourism",https://www.dailyexcelsior.com/its-amrit-kaal-for-pm-modi-not-for-common-people-aap/,dailyexcelsior.com,English,0,1,0,0,CPI
20230201T234500Z,A Budget for a prosperous and inclusive India : Nitin Gadkari,https://www.bignewsnetwork.com/news/273470760/a-budget-for-a-prosperous-and-inclusive-india-nitin-gadkari,bignewsnetwork.com,English,0,0.693,0.307,0.4767,CPI
20230201T234500Z,"Small cities and towns are getting safer , while violent crime in large cities is on the rise",https://localnews8.com/news/crime-tracker/2023/01/31/small-cities-and-towns-are-getting-safer-while-violent-crime-in-large-cities-is-on-the-rise/,localnews8.com,English,0.306,0.579,0.116,-0.6808,CPI
20230201T234500Z,FACT CHECK -- Gov . Newsom :  Permitless Carry Does Not Make You Safer  ,https://www.breitbart.com/2nd-amendment/2023/02/01/fact-check-gavin-newsom-says-permitless-carry-does-not-make-you-safer/,breitbart.com,English,0.175,0.825,0,-0.3252,CPI
20230201T233000Z,Upcoming  watershed  moment in public defense could spark nationwide solutions,https://ravallirepublic.com/news/national/upcoming-watershed-moment-in-public-defense-could-spark-nationwide-solutions/article_b9005457-b3b8-5b44-9fba-98bcd165264f.html,ravallirepublic.com,English,0,0.579,0.421,0.4767,CPI
20230201T233000Z,Xi Story : A ladle of water at villager home,https://www.chinanationalnews.com/news/273468998/xi-story-a-ladle-of-water-at-villagers-home,chinanationalnews.com,English,0,1,0,0,CPI
20230201T233000Z,Upcoming  watershed  moment in public defense could spark nationwide solutions,https://fremonttribune.com/news/national/upcoming-watershed-moment-in-public-defense-could-spark-nationwide-solutions/article_49fe0430-1d79-5339-b6b5-55f8dbb158a9.html,fremonttribune.com,English,0,0.579,0.421,0.4767,CPI
20230201T233000Z,Upcoming  watershed  moment in public defense could spark nationwide solutions,https://napavalleyregister.com/news/national/upcoming-watershed-moment-in-public-defense-could-spark-nationwide-solutions/article_632b2984-29b5-585b-9d5d-6faed593f84b.html,napavalleyregister.com,English,0,0.579,0.421,0.4767,CPI
20230201T233000Z,Upcoming  watershed  moment in public defense could spark nationwide solutions,https://theindependent.com/news/national/upcoming-watershed-moment-in-public-defense-could-spark-nationwide-solutions/article_733dd797-889b-5e0a-a183-1697037da697.html,theindependent.com,English,0,0.579,0.421,0.4767,CPI
20230201T233000Z,"Bangladesh enters the 52nd year of victory , the victory of December is the victory of our national identity","https://thedailynewnation.com/news/342553/Bangladesh-enters-the-52nd-year-of-victory,-the-victory-of-December-is-the-victory-of-our-national-identity",thedailynewnation.com,English,0,1,0,0,CPI
20230201T233000Z,Chandrajit Banerjee | Budget : Growth - oriented  game - changer  roadmap,http://www.deccanchronicle.com/opinion/columnists/010223/chandrajit-banerjee-budget-growth-oriented-game-changer-roadm.html,deccanchronicle.com,English,0,0.729,0.271,0.3818,CPI
20230201T231500Z,The New Budget : Still Not India Turn | American Enterprise Institute,https://www.aei.org/foreign-and-defense-policy/the-new-budget-still-not-indias-turn/,aei.org,English,0,1,0,0,CPI
20230201T231500Z,Pennsylvania towns plug budgets with fines,https://www.wfmz.com/news/state/pennsylvania-towns-plug-budgets-with-fines/article_806ea176-8fde-52f8-b435-349de44cd362.html,wfmz.com,English,0,1,0,0,CPI
20230201T231500Z,Upcoming  watershed  moment in public defense could spark nationwide solutions,https://beatricedailysun.com/news/national/upcoming-watershed-moment-in-public-defense-could-spark-nationwide-solutions/article_4918ed9b-e75b-5e9c-8ef6-e84a77f108a4.html,beatricedailysun.com,English,0,0.579,0.421,0.4767,CPI
20230201T230000Z,Study : Illinois second worst state for fines and fees,https://www.thecentersquare.com/illinois/study-illinois-second-worst-state-for-fines-and-fees/article_1f33713c-a273-11ed-a918-6b8016923b5d.html,thecentersquare.com,English,0.339,0.661,0,-0.6249,CPI
20230201T230000Z,Best & Worst States for Finding a Significant Other ( Poor Idaho ) ,https://liteonline.com/ixp/657/p/best-worst-states-for-finding-a-significant-other-poor-idaho/,liteonline.com,English,0.396,0.275,0.33,-0.296,CPI
20230201T230000Z,Upcoming  watershed  moment in public defense could spark nationwide solutions,https://tdn.com/news/national/upcoming-watershed-moment-in-public-defense-could-spark-nationwide-solutions/article_15f6f962-a7c2-57fe-a82f-1775fda52db3.html,tdn.com,English,0,0.579,0.421,0.4767,CPI
20230201T230000Z,Rounds Secures Key Committee Memberships for 118th Congress – South Dakota War College,http://dakotawarcollege.com/rounds-secures-key-committee-memberships-for-118th-congress/,dakotawarcollege.com,English,0.241,0.617,0.142,-0.3818,CPI
20230201T230000Z,2 : 00PM Water Cooler 2 / 1 / 2023 | naked capitalism,https://www.nakedcapitalism.com/2023/02/200pm-water-cooler-2-1-2023.html,nakedcapitalism.com,English,0,1,0,0,CPI
20230201T224500Z,Best & Worst States for Finding a Significant Other ( Poor Idaho ) ,https://1035kissfmboise.com/ixp/657/p/best-worst-states-for-finding-a-significant-other-poor-idaho/,1035kissfmboise.com,English,0.396,0.275,0.33,-0.296,CPI
20230201T224500Z,This is how alcohol consumption in South Dakota compares to other states,https://www.newscenter1.tv/this-is-how-alcohol-consumption-in-south-dakota-compares-to-other-states/,newscenter1.tv,English,0,1,0,0,CPI
20230201T224500Z,Safest cities in America 2023 : Violent crime rate increases drive per capita cost of crime,https://localnews8.com/news/crime-tracker/2023/01/31/safest-cities-in-america-2023-violent-crime-rate-increases-drive-per-capita-cost-of-crime/,localnews8.com,English,0.443,0.447,0.11,-0.8481,CPI
20230201T224500Z,Jagan richest CM in country facing graft charges : Pawan Kalyan,https://news.webindia123.com/news/Articles/India/20230202/4034003.html,news.webindia123.com,English,0.156,0.593,0.252,0.3182,CPI
20230201T223000Z,Mixed reactions on Budget from Bihar industrialists,https://news.webindia123.com/news/Articles/Business/20230202/4033988.html,news.webindia123.com,English,0,1,0,0,CPI
20230201T223000Z,BED and union balk at REV proposal to remove McNeil plant as renewable energy source,https://vermontbiz.com/news/2023/february/01/bed-and-union-balk-rev-proposal-remove-mcneil-plant-renewable-energy-source,vermontbiz.com,English,0,0.87,0.13,0.2732,CPI
20230201T223000Z,Global Pharmaceuticals & Medicine Manufacturing Industry,https://www.globenewswire.com/news-release/2023/02/01/2599916/0/en/Global-Pharmaceuticals-Medicine-Manufacturing-Industry-Research-Report-2022.html,globenewswire.com,English,0,1,0,0,CPI
20230201T223000Z,Upcoming  watershed  moment in public defense could spark nationwide solutions,https://magicvalley.com/news/national/upcoming-watershed-moment-in-public-defense-could-spark-nationwide-solutions/article_d9d29c24-5bb0-578e-8338-3c3f6ccc9260.html,magicvalley.com,English,0,0.579,0.421,0.4767,CPI
20230201T221500Z,Washington ranked ninth worst state in the nation for fines and fees collected per resident,https://www.thecentersquare.com/washington/washington-ranked-ninth-worst-state-in-the-nation-for-fines-and-fees-collected-per-resident/article_830751ee-a1c7-11ed-b8be-6b44771d2095.html,thecentersquare.com,English,0.227,0.773,0,-0.6249,CPI
20230201T221500Z,"Myopic Rejoiners cant admit the EU is still a failing , unreformable basket case",https://www.telegraph.co.uk/news/2023/02/01/myopic-rejoiners-cant-admit-eu-still-failing-unreformable-basket/,telegraph.co.uk,English,0.328,0.672,0,-0.5983,CPI
20230201T221500Z,"Union Budget has nothing for the people of Nagaland , Cong alleges",http://morungexpress.com/union-budget-has-nothing-for-thepeople-of-nagaland-cong-alleges,morungexpress.com,English,0,1,0,0,CPI
20230201T221500Z,Changzhou is aiming at a new track : the future new energy capital,https://www.argentinastar.com/newsr/17586,argentinastar.com,English,0,0.826,0.174,0.2732,CPI
20230201T221500Z,Brewing in New Zealand report reflects on a  post - Covid economy  ,http://www.voxy.co.nz/business/5/412477,voxy.co.nz,English,0,1,0,0,CPI
20230201T221500Z,Upcoming  watershed  moment in public defense could spark nationwide solutions,https://azdailysun.com/news/national/upcoming-watershed-moment-in-public-defense-could-spark-nationwide-solutions/article_f2f400ec-eecd-5b20-90d0-1173220d320f.html,azdailysun.com,English,0,0.579,0.421,0.4767,CPI
20230201T221500Z,Budget 2023 : Assam CM Sarma thanks PM for nearly doubling allocation for PM - DevINE,https://news.webindia123.com/news/Articles/India/20230202/4033968.html,news.webindia123.com,English,0,0.818,0.182,0.4404,CPI
20230201T221500Z,Xi Story : A ladle of water at villager home,https://www.centralasiatimes.com/news/273468998/xi-story-a-ladle-of-water-at-villagers-home,centralasiatimes.com,English,0,1,0,0,CPI
20230201T220000Z,Upcoming  watershed  moment in public defense could spark nationwide solutions,https://tucson.com/news/national/upcoming-watershed-moment-in-public-defense-could-spark-nationwide-solutions/article_4acc66b9-c1dc-58e8-bf65-b8a71de5c96a.html,tucson.com,English,0,0.579,0.421,0.4767,CPI
20230201T220000Z,Tyre Nichol death underscores the troubled history of specialized police units,http://theconversation.com/tyre-nichols-death-underscores-the-troubled-history-of-specialized-police-units-198851,theconversation.com,English,0.434,0.566,0,-0.7845,CPI
20230201T220000Z,Changzhou is aiming at a new track : the future new energy capital,https://www.japanherald.com/newsr/17582,japanherald.com,English,0,0.826,0.174,0.2732,CPI
20230201T220000Z,Upcoming  watershed  moment in public defense could spark nationwide solutions,https://nptelegraph.com/news/national/upcoming-watershed-moment-in-public-defense-could-spark-nationwide-solutions/article_59ccc829-8b0c-5dcf-b421-e5353afb7582.html,nptelegraph.com,English,0,0.579,0.421,0.4767,CPI
20230201T220000Z,Changzhou is aiming at a new track : the future new energy capital,https://www.azerbaijannews.net/newsr/17552,azerbaijannews.net,English,0,0.826,0.174,0.2732,CPI
20230201T220000Z,"California communities rely on fines and fees more than most states , study shows",https://www.thecentersquare.com/california/california-communities-rely-on-fines-and-fees-more-than-most-states-study-shows/article_5fda6d32-a271-11ed-92aa-cf72b43277bc.html,thecentersquare.com,English,0,1,0,0,CPI
20230201T220000Z,Report : Louisiana state and local governments racking up the fines and fees,https://www.thecentersquare.com/louisiana/report-louisiana-state-and-local-governments-racking-up-the-fines-and-fees/article_b27f9716-a25c-11ed-8838-1331b0cd3d9e.html,thecentersquare.com,English,0,1,0,0,CPI
20230201T220000Z,Researchers Find Link Between Academic Medical Centers & Better Health Outcomes,https://www.miragenews.com/researchers-find-link-between-academic-medical-939441/,miragenews.com,English,0,0.756,0.244,0.4404,CPI
20230201T220000Z,New DOL Rule Allows Retirement Money to Finance ESG Agenda,https://www.theepochtimes.com/new-dol-rule-allows-retirement-money-to-finance-esg-agenda_5027106.html,theepochtimes.com,English,0,1,0,0,CPI
20230201T214500Z,Upcoming  watershed  moment in public defense could spark nationwide solutions,https://columbustelegram.com/news/national/upcoming-watershed-moment-in-public-defense-could-spark-nationwide-solutions/article_8591d7a7-aed1-51f8-b796-c650dc7d33d7.html,columbustelegram.com,English,0,0.579,0.421,0.4767,CPI
20230201T214500Z,Upcoming  watershed  moment in public defense could spark nationwide solutions,https://democratherald.com/news/national/upcoming-watershed-moment-in-public-defense-could-spark-nationwide-solutions/article_f2b526b1-e94f-5002-ab07-40dddc8d074b.html,democratherald.com,English,0,0.579,0.421,0.4767,CPI
20230201T214500Z,Upcoming  watershed  moment in public defense could spark nationwide solutions,https://bismarcktribune.com/news/national/upcoming-watershed-moment-in-public-defense-could-spark-nationwide-solutions/article_a741902c-9a73-5693-a441-93e5272fc73a.html,bismarcktribune.com,English,0,0.579,0.421,0.4767,CPI
20230201T214500Z,"Union Budget 2023 - 24 presents vision for Amrit Kaal , proposes changes income tax slabs , steep hike in capital investment",https://www.indiagazette.com/news/273469073/union-budget-2023-24-presents-vision-for-amrit-kaal-proposes-changes-income-tax-slabs-steep-hike-in-capital-investment,indiagazette.com,English,0,0.9,0.1,0.25,CPI
20230201T214500Z,Budget 2023 to strengthen economic fundamentals of resurgent New India : Assam CM,https://www.indiagazette.com/news/273470038/budget-2023-to-strengthen-economic-fundamentals-of-resurgent-new-india-assam-cm,indiagazette.com,English,0,0.827,0.173,0.3182,CPI
20230201T214500Z,Budget 2023 : Assam CM Sarma thanks PM for nearly doubling allocation for PM - DevINE,https://www.indiagazette.com/news/273470354/budget-2023-assam-cm-sarma-thanks-pm-for-nearly-doubling-allocation-for-pm-devine,indiagazette.com,English,0,0.818,0.182,0.4404,CPI
20230201T213000Z,Changzhou is aiming at a new track : the future new energy capital,https://www.malaysiasun.com/newsr/17584,malaysiasun.com,English,0,0.826,0.174,0.2732,CPI
20230201T213000Z,Pennsylvania towns plug budgets with fines,https://www.thecentersquare.com/pennsylvania/pennsylvania-towns-plug-budgets-with-fines/article_64d4eae6-a26d-11ed-9479-f74154c9406f.html,thecentersquare.com,English,0,1,0,0,CPI
20230201T213000Z,Upcoming  watershed  moment in public defense could spark nationwide solutions,https://elkodaily.com/news/national/upcoming-watershed-moment-in-public-defense-could-spark-nationwide-solutions/article_b3cb459e-e3db-525e-8380-4de87d3dae14.html,elkodaily.com,English,0,0.579,0.421,0.4767,CPI
20230201T213000Z,Changzhou is aiming at a new track : the future new energy capital,https://www.arabherald.com/newsr/17546,arabherald.com,English,0,0.826,0.174,0.2732,CPI
20230201T213000Z,Upcoming  watershed  moment in public defense could spark nationwide solutions,https://mtstandard.com/news/national/upcoming-watershed-moment-in-public-defense-could-spark-nationwide-solutions/article_8f469922-7c4e-5130-a692-59f9529d2fe7.html,mtstandard.com,English,0,0.579,0.421,0.4767,CPI
20230201T211500Z,Budget 2023 - 24 will create new job opportunities : Assam CM,https://news.webindia123.com/news/Articles/Business/20230202/4033921.html,news.webindia123.com,English,0,0.63,0.37,0.5719,CPI
20230201T211500Z,Delaware Drinks The 2nd Most Alcohol In The Country,https://wjbr.com/2023/02/01/delaware-drinks-the-2nd-most-alcohol-in-the-country/,wjbr.com,English,0,1,0,0,CPI
20230201T211500Z,Texas ranked 5th worst state for dental health : WalletHub survey,https://www.fox26houston.com/news/texas-ranked-one-of-the-worst-states-for-dental-health-survey,fox26houston.com,English,0.313,0.687,0,-0.6249,CPI
20230201T211500Z,Changzhou is aiming at a new track : the future new energy capital,https://www.haitisun.com/newsr/17579,haitisun.com,English,0,0.826,0.174,0.2732,CPI
20230201T211500Z,Changzhou is aiming at a new track : the future new energy capital,https://www.irishsun.com/newsr/17540,irishsun.com,English,0,0.826,0.174,0.2732,CPI
20230201T211500Z,Upcoming  watershed  moment in public defense could spark nationwide solutions,https://yorknewstimes.com/news/national/upcoming-watershed-moment-in-public-defense-could-spark-nationwide-solutions/article_0bc29c04-e0ba-5506-9bd0-16f8e873bd5f.html,yorknewstimes.com,English,0,0.579,0.421,0.4767,CPI
20230201T211500Z,"Steve Ballmer USAFacts releases new stats on American crime , jobs , population and more – GeekWire",https://www.geekwire.com/2023/steve-ballmers-usafacts-releases-new-stats-on-american-crime-jobs-population-and-more/,geekwire.com,English,0.212,0.788,0,-0.5423,CPI
20230201T210000Z,"Worldwide Pharmaceuticals & Medicine Manufacturing Market : Featuring Johnson & Johnson , Pfizer and Novartis",https://www.prnewswire.com/news-releases/worldwide-pharmaceuticals--medicine-manufacturing-market-featuring-johnson--johnson-pfizer-and-novartis-301736519.html,prnewswire.com,English,0,1,0,0,CPI
20230201T210000Z,UPDATES : Iran Protests - Authorities Torture Young Men Sentenced to Death,https://eaworldview.com/2023/02/iran-protests-torture-death-row/,eaworldview.com,English,0.643,0.357,0,-0.8689,CPI
20230201T210000Z,Upcoming  watershed  moment in public defense could spark nationwide solutions,https://billingsgazette.com/news/national/upcoming-watershed-moment-in-public-defense-could-spark-nationwide-solutions/article_e626f1e9-708e-5a67-bde5-b2cc84643b85.html,billingsgazette.com,English,0,0.579,0.421,0.4767,CPI
20230201T210000Z,Changzhou is aiming at a new track : the future new energy capital,https://www.europesun.com/newsr/17535,europesun.com,English,0,0.826,0.174,0.2732,CPI
20230201T210000Z,Upcoming  watershed  moment in public defense could spark nationwide solutions,https://starherald.com/news/national/upcoming-watershed-moment-in-public-defense-could-spark-nationwide-solutions/article_e57bc8e2-85a9-5c64-9492-e0248799cc17.html,starherald.com,English,0,0.579,0.421,0.4767,CPI
20230201T210000Z,Changzhou is aiming at a new track : the future new energy capital,https://www.iranherald.com/newsr/17558,iranherald.com,English,0,0.826,0.174,0.2732,CPI
20230201T204500Z,"Union Budget 2023 - 24 presents vision for Amrit Kaal , proposes changes income tax slabs , steep hike in capital investment",https://www.mexicostar.com/news/273469073/union-budget-2023-24-presents-vision-for-amrit-kaal-proposes-changes-income-tax-slabs-steep-hike-in-capital-investment,mexicostar.com,English,0,0.9,0.1,0.25,CPI
20230201T204500Z,A suitable buoy for the ordinary,https://www.gulftoday.ae/opinion/2023/02/01/a-suitable-buoy-for-the-ordinary,gulftoday.ae,English,0,1,0,0,CPI
20230201T204500Z,Changzhou is aiming at a new track : the future new energy capital,https://www.mexicostar.com/newsr/17577,mexicostar.com,English,0,0.826,0.174,0.2732,CPI
20230201T204500Z,Gallup Poll : Americans Say Government Is the Number One Problem Today,https://www.theepochtimes.com/gallup-poll-americans-say-government-is-the-number-one-problem-today_5026101.html,theepochtimes.com,English,0.208,0.692,0.1,-0.34,CPI
20230201T204500Z,Florida Governor Ron DeSantis Announces Tax Relief & Promotes Freedom Budget - Windermere Sun - For Healthier / Happier / More Sustainable Living,https://www.windermeresun.com/2023/02/01/florida-governor-ron-desantis-announces-tax-relief-promotes-freedom-budget/,windermeresun.com,English,0,0.517,0.483,0.9201,CPI
20230201T204500Z,Changzhou is aiming at a new track : the future new energy capital,https://www.iraqsun.com/newsr/17548,iraqsun.com,English,0,0.826,0.174,0.2732,CPI
20230201T204500Z,"Aurora , Uvalde , Parkland , Boulder , Buffalo ... and Half Moon Bay",https://www.hmbreview.com/opinion/editorials/aurora-uvalde-parkland-boulder-buffalo-and-half-moon-bay/article_c264aea8-a23b-11ed-bdcc-1737b7f1354f.html,hmbreview.com,English,0,1,0,0,CPI
20230201T204500Z,Will Florida have two back - to - school tax holidays next year ? ,https://floridapolitics.com/archives/585240-will-florida-have-two-back-to-school-tax-holidays-next-year/,floridapolitics.com,English,0,0.794,0.206,0.3818,CPI
20230201T204500Z,Changzhou is aiming at a new track : the future new energy capital,https://www.asiabulletin.com/newsr/17560,asiabulletin.com,English,0,0.826,0.174,0.2732,CPI
20230201T203000Z,Changzhou is aiming at a new track : the future new energy capital,https://www.trinidadtimes.com/newsr/17585,trinidadtimes.com,English,0,0.826,0.174,0.2732,CPI
20230201T203000Z,Report : Louisiana state and local governments racking up the fines and fees,https://www.ktbs.com/news/louisiana/report-louisiana-state-and-local-governments-racking-up-the-fines-and-fees/article_971768a6-ecd2-56f1-b7db-9afaf58bd203.html,ktbs.com,English,0,1,0,0,CPI
20230201T203000Z,Changzhou is aiming at a new track : the future new energy capital,https://www.israelherald.com/newsr/17553,israelherald.com,English,0,0.826,0.174,0.2732,CPI
20230201T203000Z,Upcoming  watershed  moment in public defense could spark nationwide solutions,https://missoulian.com/news/national/upcoming-watershed-moment-in-public-defense-could-spark-nationwide-solutions/article_1dc055cb-11ee-5766-9f60-780443ffb5c8.html,missoulian.com,English,0,0.579,0.421,0.4767,CPI
20230201T203000Z,Upcoming  watershed  moment in public defense could spark nationwide solutions,https://rapidcityjournal.com/news/national/upcoming-watershed-moment-in-public-defense-could-spark-nationwide-solutions/article_73edd2bc-7440-5ff5-b249-df4d2dc9985a.html,rapidcityjournal.com,English,0,0.579,0.421,0.4767,CPI
20230201T203000Z,Geography and Race / Ethnicity Impact Access to Pediatric Cancer Care,https://www.oncologynurseadvisor.com/home/cancer-types/general-oncology/pediatric-cancer-care-geography-race-ethnicity-access/,oncologynurseadvisor.com,English,0.282,0.513,0.205,-0.296,CPI
20230201T203000Z,Upcoming  watershed  moment in public defense could spark nationwide solutions,https://trib.com/news/national/upcoming-watershed-moment-in-public-defense-could-spark-nationwide-solutions/article_46db8f31-1561-50ba-9229-1aaa7a9811a6.html,trib.com,English,0,0.579,0.421,0.4767,CPI
20230201T201500Z,Idaho House Bill Would Make Medical Care for Teens With Gender Dysphoria a Felony,https://www.bigcountrynewsconnection.com/idaho/idaho-house-bill-would-make-medical-care-for-teens-with-gender-dysphoria-a-felony/article_20c0fa04-db47-5128-8b26-fe760a09db66.html,bigcountrynewsconnection.com,English,0.198,0.621,0.181,-0.0772,CPI
20230201T201500Z,Europe Compounding Pharmacies Markets to 2028 with Italy Dominating,https://www.prnewswire.com/news-releases/europe-compounding-pharmacies-markets-to-2028-with-italy-dominating-301736505.html,prnewswire.com,English,0.216,0.784,0,-0.296,CPI
20230201T201500Z,Urgent Care Clinics Due Soon Amid Health Reform Calls,https://www.theepochtimes.com/urgent-care-clinics-due-soon-amid-health-reform-calls_5025333.html,theepochtimes.com,English,0,0.583,0.417,0.6124,CPI
20230201T201500Z,State 4th quarter business filings surge,https://www.montrosepress.com/free_access/states-4th-quarter-business-filings-surge/article_fa6a5fee-a102-11ed-a5b4-7f8f9c01e51f.html,montrosepress.com,English,0,1,0,0,CPI
20230201T201500Z,Tyre Nichol death underscores the troubled history of specialized police units,https://www.caledonianrecord.com/opinion/conversation/tyre-nichols-death-underscores-the-troubled-history-of-specialized-police-units/article_7d82e4f2-056e-5e3a-82e8-b2cdca92c433.html,caledonianrecord.com,English,0.434,0.566,0,-0.7845,CPI
20230201T201500Z,Changzhou is aiming at a new track : the future new energy capital,https://www.indiagazette.com/newsr/17589,indiagazette.com,English,0,0.826,0.174,0.2732,CPI
20230201T201500Z,"Union Budget 2023 - 24 presents vision for Amrit Kaal , proposes changes income tax slabs , steep hike in capital investment",https://www.nigeriasun.com/news/273469073/union-budget-2023-24-presents-vision-for-amrit-kaal-proposes-changes-income-tax-slabs-steep-hike-in-capital-investment,nigeriasun.com,English,0,0.9,0.1,0.25,CPI
20230201T200000Z,Chandrajit Banerjee | Budget : Growth - oriented  game - changer  roadmap,https://www.asianage.com:443/opinion/columnists/010223/chandrajit-banerjee-budget-growth-oriented-game-changer-roadmap.html,asianage.com,English,0,0.729,0.271,0.3818,CPI
20230201T200000Z,Sitharaman balancing act,https://punemirror.com/pune/cover-story/sitharaman-s-balancing-act/cid1675280293.htm,punemirror.com,English,0,1,0,0,CPI
20230201T200000Z,Changzhou is aiming at a new track : the future new energy capital,https://www.brazilsun.com/newsr/17588,brazilsun.com,English,0,0.826,0.174,0.2732,CPI
20230201T200000Z,Upcoming  watershed  moment in public defense could spark nationwide solutions,https://www.gazettetimes.com/news/national/upcoming-watershed-moment-in-public-defense-could-spark-nationwide-solutions/article_df103857-bb68-5e65-9283-32d44dba77d3.html,gazettetimes.com,English,0,0.579,0.421,0.4767,CPI
20230201T194500Z,Ohio communities collect more law enforcement fines than most in U . S . ,https://www.thecentersquare.com/ohio/ohio-communities-collect-more-law-enforcement-fines-than-most-in-u-s/article_1119b546-a23e-11ed-b0c7-e7ec9c9a3081.html,thecentersquare.com,English,0,1,0,0,CPI
20230201T194500Z,Xi Story : A ladle of water at villager home,https://www.shanghaisun.com/news/273468998/xi-story-a-ladle-of-water-at-villagers-home,shanghaisun.com,English,0,1,0,0,CPI
20230201T194500Z,Upcoming  watershed  moment in public defense could spark nationwide solutions,https://kearneyhub.com/news/national/upcoming-watershed-moment-in-public-defense-could-spark-nationwide-solutions/article_e7f2a6b0-79ff-51bf-93b0-e6550ba3d2d5.html,kearneyhub.com,English,0,0.579,0.421,0.4767,CPI
20230201T194500Z,Upcoming  watershed  moment in public defense could spark nationwide solutions,https://omaha.com/news/national/article_a9f2b171-08ac-59f5-9bd0-ed5bf7e9b9ce.html,omaha.com,English,0,0.579,0.421,0.4767,CPI
20230201T193000Z,  We are doing well  | The Daily Star,https://www.thedailystar.net/opinion/views/news/we-are-doing-well-3236516,thedailystar.net,English,0,0.741,0.259,0.2732,CPI
20230201T193000Z,"Union Budget 2023 - 24 presents vision for Amrit Kaal , proposes changes income tax slabs , steep hike in capital investment",https://www.srilankasource.com/news/273469073/union-budget-2023-24-presents-vision-for-amrit-kaal-proposes-changes-income-tax-slabs-steep-hike-in-capital-investment,srilankasource.com,English,0,0.9,0.1,0.25,CPI
20230201T193000Z,Upcoming  watershed  moment in public defense could spark nationwide solutions,https://omaha.com/news/national/upcoming-watershed-moment-in-public-defense-could-spark-nationwide-solutions/article_a9f2b171-08ac-59f5-9bd0-ed5bf7e9b9ce.html,omaha.com,English,0,0.579,0.421,0.4767,CPI
20230201T193000Z,View : The intent of Budget 2023 is to build capabilities & competitiveness,https://economictimes.indiatimes.com/news/economy/policy/view-the-intent-of-budget-2023-is-to-building-capabilities-competitiveness/articleshow/97534747.cms,economictimes.indiatimes.com,English,0,1,0,0,CPI
20230201T191500Z,Budget 2023 to strengthen economic fundamentals of resurgent New India : Assam CM,https://news.webindia123.com/news/Articles/India/20230202/4033889.html,news.webindia123.com,English,0,0.827,0.173,0.3182,CPI
20230201T191500Z,One Year Later : The Pandemic Uneven Toll on Latin American Education,https://americasquarterly.org/article/one-year-later-the-pandemics-uneven-toll-on-latin-american-education/,americasquarterly.org,English,0,1,0,0,CPI
20230201T191500Z,A raft of concessions amid consolidation : The Hindu Editorial on Union Budget 2023 - 24,https://www.thehindu.com/opinion/editorial/a-raft-of-concessions-amid-consolidation-the-hindu-editorial-on-union-budget-2023-24/article66460314.ece,thehindu.com,English,0,1,0,0,CPI
20230201T191500Z,Changzhou is aiming at a new track : the future new energy capital,https://www.nepalnational.com/newsr/17583,nepalnational.com,English,0,0.826,0.174,0.2732,CPI
20230201T190000Z,Mastering the Future : The Megalomaniacal Ambitions of the WEF,https://www.blacklistednews.com/article/84045/mastering-the-future-the-megalomaniacal-ambitions-of-the.html,blacklistednews.com,English,0,1,0,0,CPI
20230201T190000Z,Changzhou is aiming at a new track : the future new energy capital,https://www.afghanistansun.com/newsr/17591,afghanistansun.com,English,0,0.826,0.174,0.2732,CPI
20230201T190000Z,"Green Deal Industrial Plan for the Net - Zero Age - guide EUbusiness . com | EU news , business and politics",https://www.eubusiness.com/topics/environ/green-deal-industrial-plan-for-the-net-zero-age-guide,eubusiness.com,English,0,1,0,0,CPI
20230201T190000Z,Changzhou is aiming at a new track : the future new energy capital,https://www.theusnews.com/newsr/17581,theusnews.com,English,0,0.826,0.174,0.2732,CPI
20230201T190000Z,Changzhou is aiming at a new track : the future new energy capital,https://www.britainnews.net/newsr/17539,britainnews.net,English,0,0.826,0.174,0.2732,CPI
20230201T190000Z,Israel Web3 Powerhouses Unite to Launch Inaugural ETHTLV,https://www.coinspeaker.com/israels-web3-powerhouses-unite-to-launch-inaugural-ethtlv/,coinspeaker.com,English,0,1,0,0,CPI
20230201T190000Z,Xi Focus - Closeup : A ladle of water at villager home,https://www.chinanationalnews.com/news/273467957/xi-focus-closeup-a-ladle-of-water-at-villagers-home,chinanationalnews.com,English,0,1,0,0,CPI
20230201T184500Z,Safest cities in America 2023 : Violent crime rate increases drive per capita cost of crime,https://abc17news.com/stacker-news/2023/02/01/safest-cities-in-america-2023-violent-crime-rate-increases-drive-per-capita-cost-of-crime/,abc17news.com,English,0.443,0.447,0.11,-0.8481,CPI
20230201T184500Z,Idaho Has More Hate Groups Per Capita Than Most Of The U . S . ,https://mix106radio.com/ixp/737/p/idaho-has-more-hate-groups-per-capita-than-most-of-the-u-s/,mix106radio.com,English,0.285,0.715,0,-0.6115,CPI
20230201T184500Z,Jagan Richest CM In Country Facing Graft Charges : Pawan Kal ... ,https://menafn.com/1105509861/Jagan-Richest-CM-In-Country-Facing-Graft-Charges-Pawan-Kalyan,menafn.com,English,0.145,0.621,0.234,0.3182,CPI
20230201T184500Z,"The Human Development Index , Longevity And You",https://www.forbes.com/sites/qai/2023/02/01/the-human-development-index-longevity-and-you/,forbes.com,English,0,1,0,0,CPI
20230201T183000Z,Changzhou is aiming at a new track : the future new energy capital,https://www.caribbeanherald.com/newsr/17578,caribbeanherald.com,English,0,0.826,0.174,0.2732,CPI
20230201T183000Z,Changzhou is aiming at a new track : the future new energy capital,https://www.cambodiantimes.com/newsr/17561,cambodiantimes.com,English,0,0.826,0.174,0.2732,CPI
20230201T183000Z,The devastating impact of power cuts on South Africa economy - Biznews Institute of Race Relations,https://irr.org.za/media/the-devastating-impact-of-power-cuts-on-south-africa2019s-economy-biznews,irr.org.za,English,0.333,0.667,0,-0.7579,CPI
20230201T183000Z,Pollticks : Jobs get highest mention in last Budget before elections,https://www.thehindu.com/business/budget/pollticks-jobs-get-highest-mention-in-last-budget-before-elections/article66460286.ece,thehindu.com,English,0,1,0,0,CPI
20230201T181500Z,"Food and agriculture number crunching , part 3",https://www.resilience.org/stories/2023-02-01/food-and-agriculture-number-crunching-part-3/,resilience.org,English,0,0.794,0.206,0.0772,CPI
20230201T181500Z,Xi Story : A ladle of water at villager home,https://www.beijingbulletin.com/news/273468998/xi-story-a-ladle-of-water-at-villagers-home,beijingbulletin.com,English,0,1,0,0,CPI
20230402T000000Z,Study : The  tooth  behind dental health in North Dakota,https://www.kxnet.com/news/top-stories/study-the-tooth-behind-dental-health-in-north-dakota/,kxnet.com,English,0,1,0,0,CPI
20230402T000000Z,Fentanyl - a killer drug trail of destruction,https://www.msn.com/en-us/health/other/fentanyl-a-killer-drug-s-trail-of-destruction/ar-AA19mt3q,msn.com,English,0.667,0.333,0,-0.8402,CPI
20230401T231500Z,America the Delusional ? Overcoming Our European Temptation,https://www.heritage.org/political-process/report/america-the-delusional-overcoming-our-european-temptation,heritage.org,English,0,1,0,0,CPI
20230401T230000Z,State line pot shops latest flashpoint in Idaho - Oregon border debate,https://www.wrvo.org/2023-04-01/state-line-pot-shops-latest-flashpoint-in-idaho-oregon-border-debate,wrvo.org,English,0,1,0,0,CPI
20230401T223000Z,Fentanyl - a killer drug trail of destruction,http://www.msn.com/en-us/health/other/fentanyl-a-killer-drug-s-trail-of-destruction/ar-AA19mt3q,msn.com,English,0.667,0.333,0,-0.8402,CPI
20230401T223000Z,Pavan Varma | Liberty key element in alchemy of democracy,https://www.asianage.com:443/opinion/columnists/010423/pavan-varma-liberty-key-element-in-alchemy-of-democracy.html,asianage.com,English,0,0.702,0.298,0.5267,CPI
20230401T223000Z,Pakistan not running out of water : report - Business Recorder,https://www.brecorder.com/news/40234921/pakistan-not-running-out-of-water-report,brecorder.com,English,0,1,0,0,CPI
20230401T223000Z,Fentanyl - a killer drug trail of destruction,https://news.yahoo.com/fentanyl-killer-drug-trail-destruction-215111128.html,news.yahoo.com,English,0.667,0.333,0,-0.8402,CPI
20230401T220000Z,  It going to take the community : The Yukon faces Canada worst toxic drug death rate,https://www.yukon-news.com/news/its-going-to-take-the-community-the-yukon-faces-canadas-worst-toxic-drug-death-rate/,yukon-news.com,English,0.381,0.619,0,-0.8402,CPI
20230401T220000Z,State line pot shops latest flashpoint in Idaho - Oregon border debate,https://www.kunr.org/u-s-headlines/2023-04-01/state-line-pot-shops-latest-flashpoint-in-idaho-oregon-border-debate,kunr.org,English,0,1,0,0,CPI
20230401T214500Z,State line pot shops latest flashpoint in Idaho - Oregon border debate,https://www.northcountrypublicradio.org/news/npr/1167461331/state-line-pot-shops-latest-flashpoint-in-idaho-oregon-border-debate,northcountrypublicradio.org,English,0,1,0,0,CPI
20230401T213000Z,Tax the rich to save the planet,http://www.jordantimes.com/opinion/owen-gaffney/tax-rich-save-planet,jordantimes.com,English,0,0.424,0.576,0.7783,CPI
20230401T213000Z,State line pot shops latest flashpoint in Idaho - Oregon border debate,https://www.wutc.org/2023-04-01/state-line-pot-shops-latest-flashpoint-in-idaho-oregon-border-debate,wutc.org,English,0,1,0,0,CPI
20230401T213000Z,State line pot shops latest flashpoint in Idaho - Oregon border debate,https://www.wuwf.org/2023-04-01/state-line-pot-shops-latest-flashpoint-in-idaho-oregon-border-debate,wuwf.org,English,0,1,0,0,CPI
20230401T213000Z,State line pot shops latest flashpoint in Idaho - Oregon border debate,https://radio.wpsu.org/2023-04-01/state-line-pot-shops-latest-flashpoint-in-idaho-oregon-border-debate,radio.wpsu.org,English,0,1,0,0,CPI
20230401T200000Z,"More jobs , less stress : Utah stats on economy and health",https://www.stgeorgeutah.com/news/archive/2023/04/01/hws-more-jobs-less-stress-utah-stats-on-economy-and-health/,stgeorgeutah.com,English,0.235,0.765,0,-0.4158,CPI
20230401T200000Z,Every human can make a difference in fight to cut waste,https://www.arabnews.com/node/2279581,arabnews.com,English,0.517,0.483,0,-0.7579,CPI
20230401T193000Z,State line pot shops latest flashpoint in Idaho - Oregon border debate,https://www.southcarolinapublicradio.org/2023-04-01/state-line-pot-shops-latest-flashpoint-in-idaho-oregon-border-debate,southcarolinapublicradio.org,English,0,1,0,0,CPI
20230401T193000Z,State line pot shops latest flashpoint in Idaho - Oregon border debate,https://www.ksut.org/2023-04-01/state-line-pot-shops-latest-flashpoint-in-idaho-oregon-border-debate,ksut.org,English,0,1,0,0,CPI
20230401T193000Z,State line pot shops latest flashpoint in Idaho - Oregon border debate,https://www.kios.org/2023-04-01/state-line-pot-shops-latest-flashpoint-in-idaho-oregon-border-debate,kios.org,English,0,1,0,0,CPI
20230401T183000Z,State line pot shops latest flashpoint in Idaho - Oregon border debate,https://www.ketr.org/2023-04-01/state-line-pot-shops-latest-flashpoint-in-idaho-oregon-border-debate,ketr.org,English,0,1,0,0,CPI
20230401T181500Z,State line pot shops latest flashpoint in Idaho - Oregon border debate,https://www.wprl.org/npr-news/2023-04-01/state-line-pot-shops-latest-flashpoint-in-idaho-oregon-border-debate,wprl.org,English,0,1,0,0,CPI
20230401T181500Z,State line pot shops latest flashpoint in Idaho - Oregon border debate,https://www.wsiu.org/2023-04-01/state-line-pot-shops-latest-flashpoint-in-idaho-oregon-border-debate,wsiu.org,English,0,1,0,0,CPI
20230401T181500Z,State line pot shops latest flashpoint in Idaho - Oregon border debate,https://www.npr.org/2023/04/01/1167461331/state-line-pot-shops-latest-flashpoint-in-idaho-oregon-border-debate,npr.org,English,0,1,0,0,CPI
20230401T181500Z,State line pot shops latest flashpoint in Idaho - Oregon border debate,https://www.wglt.org/2023-04-01/state-line-pot-shops-latest-flashpoint-in-idaho-oregon-border-debate,wglt.org,English,0,1,0,0,CPI
20230401T164500Z,"Credit Suisse takeover by UBS hits heart of Swiss banking , identity",https://www.washingtontimes.com/news/2023/apr/1/credit-suisse-takeover-by-ubs-hits-heart-of-swiss-/,washingtontimes.com,English,0,0.794,0.206,0.3818,CPI
20230401T164500Z,Donald Trump is for media what war is for economy,https://www.washingtontimes.com/news/2023/mar/31/donald-trump-is-for-media-what-war-is-for-economy/,washingtontimes.com,English,0.302,0.698,0,-0.5994,CPI
20230401T161500Z,Is the U . S . Withdrawal China Gain in Latin America ? ,https://www.chinafile.com/viewpoint/uss-withdrawal-chinas-gain-latin-america,chinafile.com,English,0,0.571,0.429,0.5423,CPI
20230401T161500Z,Credit Suisse takeover hits heart of Swiss banking and self - image,https://english.elpais.com/economy-and-business/2023-04-01/credit-suisse-takeover-hits-heart-of-swiss-banking-and-self-image.html,english.elpais.com,English,0,0.794,0.206,0.3818,CPI
20230401T154500Z,Kazakhstan vs san marino – Talk Vietnam,https://www.talkvietnam.com/tag/kazakhstan-vs-san-marino/,talkvietnam.com,English,0,1,0,0,CPI
20230401T154500Z,China philippines economic ties – Talk Vietnam,https://www.talkvietnam.com/tag/china-philippines-economic-ties/,talkvietnam.com,English,0,1,0,0,CPI
20230401T154500Z,Cyprus vs san marino – Talk Vietnam,https://www.talkvietnam.com/tag/cyprus-vs-san-marino/,talkvietnam.com,English,0,1,0,0,CPI
20230401T154500Z,When us china trade talks – Talk Vietnam,https://www.talkvietnam.com/tag/when-us-china-trade-talks/,talkvietnam.com,English,0,1,0,0,CPI
20230401T154500Z,Us china talks on trade – Talk Vietnam,https://www.talkvietnam.com/tag/us-china-talks-on-trade/,talkvietnam.com,English,0,1,0,0,CPI
20230401T154500Z,Markets – Talk Vietnam,https://www.talkvietnam.com/category/markets/,talkvietnam.com,English,0,1,0,0,CPI
20230401T154500Z,China trade talks – Talk Vietnam,https://www.talkvietnam.com/tag/china-trade-talks/,talkvietnam.com,English,0,1,0,0,CPI
20230401T154500Z,"Credit Suisse takeover hits heart of Swiss banking , identity",http://www.baltimoresun.com/business/ct-biz-credit-suisse-takeover-impact-20230401-xzjreh6pfzf63cxkeqoy6kqrxm-story.html,baltimoresun.com,English,0,0.755,0.245,0.3818,CPI
20230401T154500Z,Greece u21 vs san marino u21 – Talk Vietnam,https://www.talkvietnam.com/tag/greece-u21-vs-san-marino-u21/,talkvietnam.com,English,0,1,0,0,CPI
20230401T154500Z,Trade talks with china – Talk Vietnam,https://www.talkvietnam.com/tag/trade-talks-with-china/,talkvietnam.com,English,0,1,0,0,CPI
20230401T154500Z,Trade tariff vietnam – Talk Vietnam,https://www.talkvietnam.com/tag/trade-tariff-vietnam/,talkvietnam.com,English,0,1,0,0,CPI
20230401T154500Z,China weighs skipping trade talks after u s tariff threat – Talk Vietnam,https://www.talkvietnam.com/tag/china-weighs-skipping-trade-talks-after-u-s-tariff-threat/,talkvietnam.com,English,0.274,0.726,0,-0.5267,CPI
20230401T151500Z,US Congress introduces resolution commending Bangladesh,https://www.jagonews24.com/en/national/news/67670,jagonews24.com,English,0,1,0,0,CPI
20230401T150000Z,German debt reaches all - time high,https://www.russiaherald.com/news/273695601/german-debt-reaches-all-time-high,russiaherald.com,English,0.325,0.519,0.156,-0.3182,CPI
20230401T141500Z,NewsNow : Department for Education news | Breaking News 24 / 7,https://www.newsnow.co.uk/h/UK/Education/Department+for+Education,newsnow.co.uk,English,0,1,0,0,CPI
20230401T133000Z,US Congress introduces resolution commending Bangladesh socioeconomic progress,https://www.bssnews.net/news-flash/118649,bssnews.net,English,0,0.714,0.286,0.4215,CPI
20230401T133000Z,Turning Back the Pages,https://weeklyregistercall.com/turning-back-the-pages-20/history/postmaster/517/,weeklyregistercall.com,English,0,1,0,0,CPI
20230401T131500Z,How Competitive Private Plans Can Improve Care for Dual - Eligible Beneficiaries of Medicare and Medicaid,https://www.heritage.org/health-care-reform/report/how-competitive-private-plans-can-improve-care-dual-eligible,heritage.org,English,0,0.509,0.491,0.8625,CPI
20230401T123000Z,Honolulu sees big show of support for Transgender Visibility Day,https://www.kitv.com/news/honolulu-sees-big-show-of-support-for-transgender-visibility-day/article_9c3e507a-d063-11ed-97c8-ef34b26f6be1.html,kitv.com,English,0,0.769,0.231,0.4019,CPI
20230401T120000Z,Great Central City Beer Fest,https://weeklyregistercall.com/great-central-city-beer-fest/community/postmaster/1346/,weeklyregistercall.com,English,0,0.494,0.506,0.6249,CPI
20230401T120000Z,Prison : A Sacred Space in American Islam - The Islamic Monthly,https://www.theislamicmonthly.com/american-prisons-sacred-space-american-islam/,theislamicmonthly.com,English,0.292,0.708,0,-0.5106,CPI
20230401T114500Z,The Time Is Now : Richer Nations Must Step Up Support For The ... ,https://menafn.com/1105926314/The-Time-Is-Now-Richer-Nations-Must-Step-Up-Support-For-The-Poorest,menafn.com,English,0,0.643,0.357,0.7269,CPI
20230401T114500Z,"Credit Suisse takeover hits heart of Swiss banking , identity",https://www.mysanantonio.com/news/politics/article/credit-suisse-takeover-hits-heart-of-swiss-17872739.php,mysanantonio.com,English,0,0.755,0.245,0.3818,CPI
20230401T111500Z,"Credit Suisse takeover hits heart of Swiss banking , identity",https://www.bdtonline.com/news/nation_world/credit-suisse-takeover-hits-heart-of-swiss-banking-identity/article_afe313ee-94c6-526a-830b-6ddf6a370efe.html,bdtonline.com,English,0,0.755,0.245,0.3818,CPI
20230401T111500Z,"Credit Suisse takeover hits heart of Swiss banking , identity",https://santamariatimes.com/news/world/credit-suisse-takeover-hits-heart-of-swiss-banking-identity/article_2ee0029b-e1a2-5909-bd88-3bd597162b23.html,santamariatimes.com,English,0,0.755,0.245,0.3818,CPI
20230401T111500Z,"Credit Suisse takeover hits heart of Swiss banking , identity",https://www.leadertelegram.com/news/world/credit-suisse-takeover-hits-heart-of-swiss-banking-identity/article_19d445a7-66a3-5263-86b4-e045f2ae7a75.html,leadertelegram.com,English,0,0.755,0.245,0.3818,CPI
20230401T111500Z,"Credit Suisse takeover hits heart of Swiss banking , identity",https://www.yakimaherald.com/news/nation_and_world/business/credit-suisse-takeover-hits-heart-of-swiss-banking-identity/article_9d32d07a-ab44-55ed-9c26-7715a7a0cb54.html,yakimaherald.com,English,0,0.755,0.245,0.3818,CPI
20230401T111500Z,"Credit Suisse takeover hits heart of Swiss banking , identity",https://www.wvnews.com/jacksonnewsnewsfeed/world/credit-suisse-takeover-hits-heart-of-swiss-banking-identity/article_683b622e-ce61-5079-ae03-5744ca595d90.html,wvnews.com,English,0,0.755,0.245,0.3818,CPI
20230401T110000Z,"Norfolk district attorney talks mental health , prison , recidivism",https://www.patriotledger.com/story/opinion/2023/04/01/norfolk-distriy-attorney-michael-morrisey-talks-mental-health-prison-recidivism/70059471007/,patriotledger.com,English,0.32,0.68,0,-0.5106,CPI
20230401T110000Z,"Credit Suisse takeover hits heart of Swiss banking , identity",https://www.the-messenger.com/news/world/article_127c21f1-5edc-5fe8-bd1b-c81f8b4817d2.html,the-messenger.com,English,0,0.755,0.245,0.3818,CPI
20230401T104500Z,Some Florida Cities Dont Want Spring Breakers . Many Dont Need Them . ,https://www.businessinsider.com/florida-cities-spring-break-economy-doesnt-need-them-2023-3,businessinsider.com,English,0.109,0.891,0,-0.0572,CPI
20230401T104500Z,"Credit Suisse takeover hits heart of Swiss banking , identity",https://lasvegassun.com/news/2023/mar/31/credit-suisse-takeover-hits-heart-of-swiss-banking/,lasvegassun.com,English,0,0.755,0.245,0.3818,CPI
20230401T104500Z,"Credit Suisse takeover hits heart of Swiss banking , identity",https://www.sheltonherald.com/news/politics/article/credit-suisse-takeover-hits-heart-of-swiss-17872739.php,sheltonherald.com,English,0,0.755,0.245,0.3818,CPI
20230401T104500Z,"Credit Suisse takeover hits heart of Swiss banking , identity",https://www.wvnews.com/mineralnews/newsfeed/world/credit-suisse-takeover-hits-heart-of-swiss-banking-identity/article_683b622e-ce61-5079-ae03-5744ca595d90.html,wvnews.com,English,0,0.755,0.245,0.3818,CPI
20230401T104500Z,"Low - carbon transition signaled to have daunting implications , report reveals",https://www.capitalethiopia.com/2022/11/20/low-carbon-transition-signaled-to-have-daunting-implications-report-reveals/,capitalethiopia.com,English,0.189,0.811,0,-0.2732,CPI
20230401T104500Z,"Credit Suisse takeover hits heart of Swiss banking , identity",https://www.seattlepi.com/news/politics/article/credit-suisse-takeover-hits-heart-of-swiss-17872739.php,seattlepi.com,English,0,0.755,0.245,0.3818,CPI
20230401T104500Z,"ED grilling of Kavitha , TSPSC paper leak fresh ammo for BJP , Cong",https://www.sakshipost.com/news/ed-grilling-kavitha-tspsc-paper-leak-fresh-ammo-bjp-cong-176051,sakshipost.com,English,0.163,0.68,0.156,-0.0258,CPI
20230401T103000Z,The Park Massacre . How A Community Fights To Save 12 Hectares Of Green Space Lost By The Municipality .  Dont We Have Enough Concrete ? ,https://www.libertatea.ro/stiri/the-park-massacre-how-a-community-fights-to-save-12-hectares-of-green-space-lost-by-the-municipality-dont-we-have-enough-concrete-4497032,libertatea.ro,English,0.184,0.699,0.118,-0.2023,CPI
20230401T101500Z,"Credit Suisse takeover hits heart of Swiss banking , identity",https://www.whec.com/national-world/credit-suisse-takeover-hits-heart-of-swiss-banking-identity/,whec.com,English,0,0.755,0.245,0.3818,CPI
20230401T101500Z,"Credit Suisse takeover hits heart of Swiss banking , identity",https://www.registercitizen.com/news/politics/article/credit-suisse-takeover-hits-heart-of-swiss-17872739.php,registercitizen.com,English,0,0.755,0.245,0.3818,CPI
20230601T234500Z,"Op - Ed : Yes , price gouging and profiteering are bad , not just when Big Oil is doing it",https://www.publicceo.com/2023/06/mirisch-housing-profiteering-op-ed/,publicceo.com,English,0.234,0.642,0.124,-0.34,CPI
20230601T234500Z,Royal wedding showpiece highlights Jordan role as West stable ally,https://www.straitstimes.com/world/middle-east/royal-wedding-showpiece-highlights-jordans-role-as-wests-stable-ally,straitstimes.com,English,0,0.804,0.196,0.296,CPI
20230601T234500Z,Conservative Leader Poilievre elaborates on controversial Kelowna tent city tweet,https://www.cloverdalereporter.com/news/conservative-leader-poilievre-elaborates-on-controversial-kelowna-tent-city-tweet/,cloverdalereporter.com,English,0.167,0.833,0,-0.2023,CPI
20230601T233000Z,"Arizona State University to create a medical school in response to doctors , nurses shortage",https://missoulian.com/lifestyles/health-med-fit/arizona-state-university-to-create-a-medical-school-in-response-to-doctors-nurses-shortage/article_d683e60d-b13a-5f13-a23e-6dab689b39c5.html,missoulian.com,English,0.132,0.728,0.139,0.0258,CPI
20230601T233000Z,Conservative Leader Poilievre elaborates on controversial Kelowna tent city tweet,https://www.comoxvalleyrecord.com/news/conservative-leader-poilievre-elaborates-on-controversial-kelowna-tent-city-tweet/,comoxvalleyrecord.com,English,0.167,0.833,0,-0.2023,CPI
20230601T233000Z,Biden Is Said to Pick Mandy Cohen to Lead C . D . C . - The New York Times,https://www.nytimes.com/2023/06/01/us/politics/biden-mandy-cohen-cdc.html,nytimes.com,English,0,1,0,0,CPI
20230601T231500Z,"KTR Dismisses Oppn Criticism , Says TS Under BRS Best State In India",https://www.deccanchronicle.com/nation/politics/010623/ktr-dismisses-oppn-criticism-says-ts-under-brs-best-state-in-india.html,deccanchronicle.com,English,0.17,0.585,0.246,0.3182,CPI
20230601T231500Z,Conservative Leader Poilievre elaborates on controversial Kelowna tent city tweet,https://www.terracestandard.com/news/conservative-leader-poilievre-elaborates-on-controversial-kelowna-tent-city-tweet/,terracestandard.com,English,0.167,0.833,0,-0.2023,CPI
20230601T231500Z,"Arizona State University to create a medical school in response to doctors , nurses shortage",https://www.stltoday.com/lifestyles/health-med-fit/arizona-state-university-to-create-a-medical-school-in-response-to-doctors-nurses-shortage/article_8fb4e68c-4820-59ff-9fc9-b00b537b0009.html,stltoday.com,English,0.132,0.728,0.139,0.0258,CPI
20230601T231500Z,"Pirls disgrace : Cadre deployment , Sadtu dominance mus ... ",https://www.dailymaverick.co.za/article/2023-06-01-pirls-disgrace-cadre-deployment-and-sadtus-control-over-education-must-end/,dailymaverick.co.za,English,0.291,0.545,0.164,-0.34,CPI
20230601T231500Z,Petition calls for Queensland State Government to act on regional doctor shortage | North Queensland Register,https://www.northqueenslandregister.com.au/story/8218166/petition-calls-for-action-on-regional-qlds-doctor-shortage/?cs=4735,northqueenslandregister.com.au,English,0.125,0.875,0,-0.25,CPI
20230601T230000Z,Conservative Leader Poilievre elaborates on controversial Kelowna tent city tweet,https://www.saobserver.net/news/conservative-leader-poilievre-elaborates-on-controversial-kelowna-tent-city-tweet/,saobserver.net,English,0.167,0.833,0,-0.2023,CPI
20230601T230000Z,"Arizona State University to create a medical school in response to doctors , nurses shortage",https://www.newsday.com/news/nation/arizona-state-university-to-create-a-medical-school-in-response-to-doctors-nurses-shortage-a5cc9r5j,newsday.com,English,0.132,0.728,0.139,0.0258,CPI
20230601T223000Z,Conservative Leader Poilievre elaborates on controversial Kelowna tent city tweet,https://www.cowichanvalleycitizen.com/news/conservative-leader-poilievre-elaborates-on-controversial-kelowna-tent-city-tweet/,cowichanvalleycitizen.com,English,0.167,0.833,0,-0.2023,CPI
20230601T223000Z,Conservative Leader Poilievre elaborates on controversial Kelowna tent city tweet,https://www.caledoniacourier.com/news/conservative-leader-poilievre-elaborates-on-controversial-kelowna-tent-city-tweet/,caledoniacourier.com,English,0.167,0.833,0,-0.2023,CPI
20230601T223000Z,Conservative Leader Poilievre Elaborates On Controversial Kelowna Tent City Tweet,https://www.abbynews.com/news/conservative-leader-poilievre-elaborates-on-controversial-kelowna-tent-city-tweet/,abbynews.com,English,0.167,0.833,0,-0.2023,CPI
20230601T223000Z,Conservative Leader Poilievre elaborates on controversial Kelowna tent city tweet,https://www.pqbnews.com/news/conservative-leader-poilievre-elaborates-on-controversial-kelowna-tent-city-tweet/,pqbnews.com,English,0.167,0.833,0,-0.2023,CPI
20230601T223000Z,Conservative Leader Poilievre elaborates on controversial Kelowna tent city tweet,https://www.missioncityrecord.com/news/conservative-leader-poilievre-elaborates-on-controversial-kelowna-tent-city-tweet/,missioncityrecord.com,English,0.167,0.833,0,-0.2023,CPI
20230601T223000Z,Conservative Leader Poilievre elaborates on controversial Kelowna tent city tweet,https://www.aldergrovestar.com/news/conservative-leader-poilievre-elaborates-on-controversial-kelowna-tent-city-tweet/,aldergrovestar.com,English,0.167,0.833,0,-0.2023,CPI
20230601T221500Z,Conservative Leader Poilievre elaborates on controversial Kelowna tent city tweet,https://www.hopestandard.com/news/conservative-leader-poilievre-elaborates-on-controversial-kelowna-tent-city-tweet/,hopestandard.com,English,0.167,0.833,0,-0.2023,CPI
20230601T220000Z,Report : Former NCDHHS Secretary Dr . Mandy Cohen to become CDC director,https://www.wsoctv.com/news/local/report-former-ncdhhs-secretary-dr-mandy-cohen-become-cdc-director/FGJSM4L45FDSPOP7VY2VDV4AKM/,wsoctv.com,English,0,1,0,0,CPI
20230601T214500Z,Flags Flying to Honor Our Veterans,https://starherald.com/news/community/hemingford/flags-flying-to-honor-our-veterans/article_0bc97100-fff7-11ed-a2f2-0ba855f4cad1.html,starherald.com,English,0,0.61,0.39,0.4939,CPI
20230601T214500Z,Lebanese crowned No . 1  puff - daddie as world biggest spenders on cigars,https://www.arabnews.com/node/2314451/offbeat,arabnews.com,English,0.18,0.82,0,-0.296,CPI
20230601T214500Z,Report : Former NCDHHS Secretary Dr . Mandy Cohen to become CDC director,https://news.yahoo.com/report-former-ncdhhs-secretary-dr-212332053.html,news.yahoo.com,English,0,1,0,0,CPI
20230601T214500Z,Pirls disgrace Cadre deployment and Sadtu control over education must end,https://www.msn.com/en-za/news/other/pirls-disgrace-cadre-deployment-and-sadtu-s-control-over-education-must-end/ar-AA1c07JT,msn.com,English,0.242,0.758,0,-0.4939,CPI
20230601T214500Z,"Arizona State University to create a medical school in response to doctors , nurses shortage",https://mynorthwest.com/3895713/arizona-state-university-to-create-a-medical-school-in-response-to-doctors-nurses-shortage/,mynorthwest.com,English,0.132,0.728,0.139,0.0258,CPI
20230601T214500Z,"Finland feels safer now it is part of NATO , Minister for Foreign Affairs Pekka Haavisto tells Arab News",https://www.arabnews.com/node/2314246/world,arabnews.com,English,0,0.859,0.141,0.4215,CPI
20230601T214500Z,Good governance and fighting poverty - BusinessWorld Online,https://www.bworldonline.com/opinion/2023/06/02/526274/good-governance-and-fighting-poverty/,bworldonline.com,English,0.457,0.315,0.228,-0.4404,CPI
20230601T204500Z,New LNG Deal Signed With Qatar To Import 1 . 8 MMT Per Year,https://www.energybangla.com/new-lng-deal-signed-with-qatar-to-import-1-8-mmt-per-year/,energybangla.com,English,0,1,0,0,CPI
20230601T204500Z,Hidden gems in America : 10 cities with affordable homes and great jobs,https://www.courant.com/2023/06/01/hidden-gems-in-america-10-cities-with-affordable-homes-and-great-jobs/,courant.com,English,0,0.728,0.272,0.6249,CPI
20230601T204500Z,Orange County Citie Financial Rankings for 2022 Are Here,https://www.theepochtimes.com/orange-county-cities-financial-rankings-for-2022-are-here_5306603.html,theepochtimes.com,English,0,1,0,0,CPI
20230601T203000Z,Texas Cities Struggle to Make The Best  Staycation  List,https://lonestar923.com/staycation-cities-texas/,lonestar923.com,English,0.17,0.519,0.311,0.4404,CPI
20230601T203000Z,"Arizona State University to create a medical school in response to doctors , nurses shortage",https://journalstar.com/lifestyles/health-med-fit/arizona-state-university-to-create-a-medical-school-in-response-to-doctors-nurses-shortage/article_f53b3409-5bf7-556b-b7ee-807389e23458.html,journalstar.com,English,0.132,0.728,0.139,0.0258,CPI
20230601T200000Z,"Arizona State University to create a medical school in response to doctors , nurses shortage",https://www.seattletimes.com/nation-world/nation/arizona-state-university-to-create-a-medical-school-in-response-to-doctors-nurses-shortage/,seattletimes.com,English,0.132,0.728,0.139,0.0258,CPI
20230601T200000Z,FTSE 100 ends first day of June higher as attention shifts to economic outlook,https://www.proactiveinvestors.co.uk/companies/news/1016640/ftse-100-ends-first-day-of-june-higher-as-attention-shifts-to-economic-outlook-1016640.html,proactiveinvestors.co.uk,English,0,1,0,0,CPI
20230601T200000Z,"Zoning Reform , Texas - Style , Aims to Hold Housing Costs Down",https://www.bloomberg.com/news/articles/2023-06-01/zoning-reform-texas-style-aims-to-hold-housing-costs-down,bloomberg.com,English,0,1,0,0,CPI
20230601T200000Z,AAA : Days between Memorial and Labor Day are deadliest for Oregon teen drivers,https://www.msn.com/en-us/news/us/aaa-days-between-memorial-and-labor-day-are-deadliest-for-oregon-teen-drivers/ar-AA1c02eY,msn.com,English,0,1,0,0,CPI
20230601T200000Z,CVU school district connects homeless families to resources,https://www.vtcng.com/shelburnenews/shelburnenews/community/school_news/cvu-school-district-connects-homeless-families-to-resources/article_a2835eb0-008f-11ee-ad90-bb6bd19015a1.html,vtcng.com,English,0,1,0,0,CPI
20230601T200000Z,"Arizona State University to create a medical school in response to doctors , nurses shortage",https://www.ourmidland.com/news/article/arizona-state-university-to-create-a-medical-18130646.php,ourmidland.com,English,0.132,0.728,0.139,0.0258,CPI
20230601T200000Z,"Arizona State University to create a medical school in response to doctors , nurses shortage – Winnipeg Free Press",https://www.winnipegfreepress.com/world/2023/06/01/arizona-state-university-to-create-a-medical-school-in-response-to-doctors-nurses-shortage,winnipegfreepress.com,English,0.098,0.637,0.265,0.5267,CPI
20230601T200000Z,"Arizona State University to create a medical school in response to doctors , nurses shortage",https://www.kob.com/news/us-and-world-news/arizona-state-university-to-create-a-medical-school-in-response-to-doctors-nurses-shortage/,kob.com,English,0.132,0.728,0.139,0.0258,CPI
20230601T193000Z,Iran impoverished population has skyrocketed,https://iranfocus.com/economy/49632-irans-impoverished-population-has-skyrocketed/,iranfocus.com,English,0,1,0,0,CPI
20230601T193000Z,Shreveport Reaches 32 Homicides For 2023,https://mykisscountry937.com/ixp/180/p/shreveport-homicides-through-may-2023/,mykisscountry937.com,English,0,0.806,0.194,0.0516,CPI
20230601T191500Z,Climate Lockdowns Begin for the workers : France bans short flights for passengers but not private jets « JoNova,https://joannenova.com.au/2023/06/climate-lockdowns-begin-for-the-workers-france-bans-short-flights-for-passengers-but-not-private-jets/,joannenova.com.au,English,0,1,0,0,CPI
20230601T181500Z,Immersive Analytics Market worth $6 . 7 billion by 2028 - Exclusive Report by MarketsandMarkets™,https://www.tmcnet.com/usubmit/2023/06/01/9825090.htm,tmcnet.com,English,0,0.746,0.254,0.34,CPI
20230601T174500Z,Can we have a welfare index that is easy to understand but also distribution sensitive ? ,https://blogs.worldbank.org/impactevaluations/can-we-have-welfare-index-easy-understand-also-distribution-sensitive,blogs.worldbank.org,English,0,0.87,0.13,0.2382,CPI
20230601T171500Z,First song to hit a billion on spotify – Talk Vietnam,https://www.talkvietnam.com/tag/first-song-to-hit-a-billion-on-spotify/,talkvietnam.com,English,0,1,0,0,CPI
20230601T170000Z,Xi Focus - Closeup : The growth story of a  dot  ,https://www.chinanationalnews.com/news/273850350/xi-focus-closeup-the-growth-story-of-a-dot,chinanationalnews.com,English,0,0.729,0.271,0.3818,CPI
20230601T163000Z,Asset servicing people moves news | George Collier joins Delta Capita,https://www.assetservicingtimes.com/assetservicesnews/peoplemovesarticle.php?article_id=14414&navigationaction=home&page=1&newssection=People%20Moves,assetservicingtimes.com,English,0,0.783,0.217,0.3612,CPI
20230601T160000Z,New National Watermelon Promotion Board Promotion Spotlights Mood Boosting Benefits,https://www.perishablenews.com/produce/new-national-watermelon-promotion-board-promotion-spotlights-mood-boosting-benefits/,perishablenews.com,English,0,0.615,0.385,0.6124,CPI
20230601T160000Z,Fil - Ams continue to have low vaccination rates among Asian groups in LA County Los Angeles County,https://asianjournal.com/fil-ams-continue-to-have-low-vaccination-rates-among-asian-groups-in-la-county/,asianjournal.com,English,0.116,0.884,0,-0.2732,CPI
20230601T160000Z,Shreveport Reaches 32 Homicides For 2023,https://965kvki.com/ixp/180/p/shreveport-homicides-through-may-2023/,965kvki.com,English,0,0.806,0.194,0.0516,CPI
20230601T153000Z,Royal wedding showpiece highlights Jordan role as West stable ally,https://www.reuters.com/world/middle-east/royal-wedding-showpiece-highlights-jordans-role-wests-stable-ally-2023-06-01/,reuters.com,English,0,0.804,0.196,0.296,CPI
20230601T153000Z,"UK , shortage of students from less affluent families is growing : devastating effects of lockdowns",https://www.thenewsteller.com/uk-shortage-of-students-from-less-affluent-families-is-growing-devastating-effects-of-lockdowns/,thenewsteller.com,English,0.332,0.579,0.089,-0.6808,CPI
20230601T151500Z,"A knowledge - based , developed  Smart Bangladesh  is not a distant dream : Kamal",https://www.bssnews.net/national-budget-2023-2024/128615,bssnews.net,English,0.14,0.643,0.217,0.2406,CPI
20230601T143000Z,"Telangana : PM Modi will not be Prime Minister after 2024 elections , says KTR",https://www.bignewsnetwork.com/news/273850537/telangana-pm-modi-will-not-be-prime-minister-after-2024-elections-says-ktr,bignewsnetwork.com,English,0,1,0,0,CPI
20230601T141500Z,Wonderlic motivation potential assessment – Talk Vietnam,https://www.talkvietnam.com/tag/wonderlic-motivation-potential-assessment/,talkvietnam.com,English,0,0.676,0.324,0.34,CPI
20230601T140000Z,Zelenskiy joins European leaders at summit in Moldova,https://www.msn.com/en-au/news/world/zelenskiy-joins-european-leaders-at-summit-in-moldova/ar-AA1bYmuk,msn.com,English,0,1,0,0,CPI
20230601T140000Z,"50 , 100 & 150 Years Ago : June 2023 - Scientific American",https://www.scientificamerican.com/article/50-100-150-years-ago-june-2023/,scientificamerican.com,English,0,1,0,0,CPI
20230601T140000Z,Editorial Roundup : West Virginia,https://www.wvnews.com/mineralnews/newsfeed/us/editorial-roundup-west-virginia/article_cb3a7ced-b6fe-5136-93e4-02b19fcad530.html,wvnews.com,English,0,1,0,0,CPI
20230601T140000Z,Worst country in Europe in consumption freedoms : Turkey enters the Nanny State Index at number one,https://bianet.org/english/society/279719-worst-country-in-europe-in-consumption-freedoms-turkey-enters-the-nanny-state-index-at-number-one,bianet.org,English,0.199,0.631,0.17,-0.3818,CPI
20230601T140000Z,FTSE reshuffle : British Land booted off as Ocado dodges demotion,https://www.cityam.com/ftse-reshuffle-british-land-booted-off-premier-index-while-ocado-dodges-demotion/,cityam.com,English,0,1,0,0,CPI
20230601T133000Z,Weaponization of the refugee crisis must be addressed,https://www.arabnews.com/node/2314061,arabnews.com,English,0.369,0.631,0,-0.6249,CPI
20230601T131500Z,Editorial Roundup : West Virginia,https://www.wvnews.com/statejournal/newsfeed/us/editorial-roundup-west-virginia/article_cb3a7ced-b6fe-5136-93e4-02b19fcad530.html,wvnews.com,English,0,1,0,0,CPI
20230601T130000Z,Editorial Roundup : West Virginia,https://www.wvnews.com/theet/newsfeed/us/editorial-roundup-west-virginia/article_cb3a7ced-b6fe-5136-93e4-02b19fcad530.html,wvnews.com,English,0,1,0,0,CPI
20230601T130000Z,10 Places Abandoned After Disasters,https://listverse.com/2013/03/30/10-places-abandoned-after-disasters/,listverse.com,English,0.688,0.312,0,-0.765,CPI
20230601T130000Z,Kids Athletics Championships set for this weekend - The Nassau Guardian,http://thenassauguardian.com/kids-athletics-championships-set-for-this-weekend/,thenassauguardian.com,English,0,0.738,0.262,0.4939,CPI
20230601T130000Z,Three million Tunisians are at risk of food insecurity – Famagusta Gazette,https://famagusta-gazette.com/2023/06/01/three-million-tunisians-are-at-risk-of-food-insecurity/,famagusta-gazette.com,English,0.353,0.647,0,-0.5994,CPI
20230601T124500Z,Some relief for African consumers expected in 2024,https://it-online.co.za/2023/06/01/some-relief-for-african-consumers-expected-in-2024/,it-online.co.za,English,0,0.693,0.307,0.4767,CPI
20230601T124500Z,10 States that Banned Plastic Bags - Insider Monkey,https://www.insidermonkey.com/blog/10-states-that-banned-plastic-bags-1156364/,insidermonkey.com,English,0.3,0.7,0,-0.4588,CPI
20230601T124500Z,Royal wedding showpiece highlights Jordan role as West stable ally | WKZO | Everything Kalamazoo,https://wkzo.com/2023/06/01/royal-wedding-showpiece-highlights-jordans-role-as-wests-stable-ally/,wkzo.com,English,0,0.845,0.155,0.296,CPI
20230601T124500Z,Oatly : PORTIONS OF INFORMATION CONTAINED IN THIS AGREEMENT HAS BEEN EXCLUDED FROM THIS AGREEMENT BECAUSE IT IS BOTH NOT MATERIAL AND IS THE TYPE THAT THE REGISTRANT TREATS AS PRIVATE OR CONFIDENTIAL - Form 6 - K,https://www.marketscreener.com/quote/stock/OATLY-GROUP-AB-122992133/news/Oatly-PORTIONS-OF-INFORMATION-CONTAINED-IN-THIS-AGREEMENT-HAS-BEEN-EXCLUDED-FROM-THIS-AGREEMENT-BE-44015383/,marketscreener.com,English,0.076,0.732,0.192,0.694,CPI
20230601T124500Z,Royal wedding showpiece highlights Jordan role as West stable ally,https://www.thestar.com.my/news/world/2023/06/01/royal-wedding-showpiece-highlights-jordan039s-role-as-west039s-stable-ally,thestar.com.my,English,0,0.804,0.196,0.296,CPI
20230601T124500Z,"Activists , researchers sound alarm as Israel opioid use reaches critical level , surpassing U . S . – eJewish Philanthropy",https://ejewishphilanthropy.com/activists-researchers-sound-alarm-as-opioid-consumption-reaches-epidemic-levels-in-israel/,ejewishphilanthropy.com,English,0.278,0.651,0.071,-0.5423,CPI
20230601T124500Z,"SCORECARD : Increased revenue , huge debt burden , higher child mortality reflect Wike performance as Rivers governor",https://www.premiumtimesng.com/health/health-features/601902-scorecard-increased-revenue-huge-debt-burden-higher-child-mortality-reflect-wikes-performance-as-rivers-governor.html,premiumtimesng.com,English,0.26,0.529,0.212,-0.25,CPI
20230601T123000Z,"Budget 2024 :  Smart Bangladesh  plan to give Tk 1bn for youth , women",https://bdnews24.com/economy/srj8w6kwcb,bdnews24.com,English,0,0.803,0.197,0.4019,CPI
20230601T123000Z,Peru Dengue Outbreak : Almost All Regions Battle Outbreak of Mosquito - Borne Disease,https://www.latinpost.com/articles/160008/20230601/peru-dengue-outbreak-regions-battle-mosquito-borne-disease.htm,latinpost.com,English,0.175,0.825,0,-0.3262,CPI
20230601T123000Z,"Per capita income in  Smart Bangladesh  will be $12 , 500 : Kamal",https://www.bssnews.net/national-budget-2023-2024/128554,bssnews.net,English,0,0.787,0.213,0.4019,CPI
20230601T123000Z,Xi Focus - Closeup : The growth story of a  dot  ,http://www.china.org.cn/china/Off_the_Wire/2023-06/01/content_86062220.htm,china.org.cn,English,0,0.729,0.271,0.3818,CPI
20230601T121500Z,UAE is MENA top M & A destination in Q1 2023 with deals worth $2bln,https://www.zawya.com/en/wealth/alternative-investments/uae-is-menas-top-m-and-a-destination-in-q1-2023-with-deals-worth-2bln-c7efp5cy,zawya.com,English,0,0.73,0.27,0.4019,CPI
20230601T120000Z,Lake Monsters and UVM Cancer Center collaborate to fight skin cancer,https://www.wcax.com/2023/06/01/lake-monsters-uvm-cancer-center-collaborate-fight-skin-cancer/,wcax.com,English,0.588,0.412,0,-0.9081,CPI
20230601T120000Z,Capita Plc - Total Voting Rights,https://www.finanznachrichten.de/nachrichten-2023-06/59235689-capita-plc-total-voting-rights-008.htm,finanznachrichten.de,English,0,1,0,0,CPI
20230802T000000Z,"Even without a rate hike , nation in for more pain | Muswellbrook Chronicle",https://www.muswellbrookchronicle.com.au/story/8291927/tense-times-ahead-despite-rate-pause/?cs=2829,muswellbrookchronicle.com.au,English,0.264,0.736,0,-0.5563,CPI
20230802T000000Z,"Even without a rate hike , nation in for more pain | Narromine News",https://www.narrominenewsonline.com.au/story/8291927/tense-times-ahead-despite-rate-pause/?cs=2871,narrominenewsonline.com.au,English,0.264,0.736,0,-0.5563,CPI
20230802T000000Z,"Even without a rate hike , nation in for more pain | Oberon Review",https://www.oberonreview.com.au/story/8291927/tense-times-ahead-despite-rate-pause/?cs=3076,oberonreview.com.au,English,0.264,0.736,0,-0.5563,CPI
20230802T000000Z,Oak Harbor may increase business license fees | Whidbey News - Times,https://www.whidbeynewstimes.com/news/oak-harbor-may-increase-business-license-fees/,whidbeynewstimes.com,English,0,0.796,0.204,0.3182,CPI
20230802T000000Z,"Even without a rate hike , nation in for more pain | The Scone Advocate",https://www.sconeadvocate.com.au/story/8291927/tense-times-ahead-despite-rate-pause/?cs=2941,sconeadvocate.com.au,English,0.246,0.754,0,-0.5563,CPI
20230802T000000Z,"Even without a rate hike , nation in for more pain | Eastern Riverina Chronicle",https://www.easternriverinachronicle.com.au/story/8291927/tense-times-ahead-despite-rate-pause/?cs=635,easternriverinachronicle.com.au,English,0.246,0.754,0,-0.5563,CPI
20230802T000000Z,"Even without a rate hike , nation in for more pain | Namoi Valley Independent",https://www.nvi.com.au/story/8291927/tense-times-ahead-despite-rate-pause/?cs=3123,nvi.com.au,English,0.246,0.754,0,-0.5563,CPI
20230801T233000Z,"Even without a rate hike , nation in for more pain | Forbes Advocate",https://www.forbesadvocate.com.au/story/8291927/tense-times-ahead-despite-rate-pause/?cs=2769,forbesadvocate.com.au,English,0.264,0.736,0,-0.5563,CPI
20230801T233000Z,"Even without a rate hike , nation in for more pain | The Inverell Times",https://www.inverelltimes.com.au/story/8291927/tense-times-ahead-despite-rate-pause/?cs=2687,inverelltimes.com.au,English,0.246,0.754,0,-0.5563,CPI
20230801T233000Z,Syria willing to receive 180K refugees from Lebanon : Lebanese minister,https://www.prokerala.com/news/articles/a1444510.html,prokerala.com,English,0,1,0,0,CPI
20230801T233000Z,"Even without a rate hike , nation in for more pain | The Rural",https://www.therural.com.au/story/8291927/tense-times-ahead-despite-rate-pause/?cs=1784,therural.com.au,English,0.264,0.736,0,-0.5563,CPI
20230801T233000Z,"Even without a rate hike , nation in for more pain | The Advocate",https://www.theadvocate.com.au/story/8291927/tense-times-ahead-despite-rate-pause/?cs=2605,theadvocate.com.au,English,0.264,0.736,0,-0.5563,CPI
20230801T233000Z,"Even without a rate hike , nation in for more pain | Mudgee Guardian",https://www.mudgeeguardian.com.au/story/8291927/tense-times-ahead-despite-rate-pause/?cs=2666,mudgeeguardian.com.au,English,0.264,0.736,0,-0.5563,CPI
20230801T233000Z,"Even without a rate hike , nation in for more pain | Nyngan Observer",https://www.nynganobserver.com.au/story/8291927/tense-times-ahead-despite-rate-pause/?cs=3051,nynganobserver.com.au,English,0.264,0.736,0,-0.5563,CPI
20230801T233000Z,"How rates of mass shootings vary by state , mapped",https://www.wvtm13.com/article/mass-shootings-by-state-gun-violence/44705332,wvtm13.com,English,0,1,0,0,CPI
20230801T233000Z,"Syria willing to receive 180 , 000 refugees from Lebanon : Lebanese minister",https://www.middleeaststar.com/news/273917615/syria-willing-to-receive-180000-refugees-from-lebanon-lebanese-minister,middleeaststar.com,English,0,1,0,0,CPI
20230801T231500Z,Significance candle lighting ceremony – Talk Vietnam,https://www.talkvietnam.com/tag/significance-candle-lighting-ceremony/,talkvietnam.com,English,0,0.704,0.296,0.2732,CPI
20230801T231500Z,Myntra dresses new arrivals – Talk Vietnam,https://www.talkvietnam.com/tag/myntra-dresses-new-arrivals/,talkvietnam.com,English,0,1,0,0,CPI
20230801T231500Z,Miladys dresses new arrivals 2022 – Talk Vietnam,https://www.talkvietnam.com/tag/miladys-dresses-new-arrivals-2022/,talkvietnam.com,English,0,1,0,0,CPI
20230801T231500Z,Rosewe dresses new arrivals – Talk Vietnam,https://www.talkvietnam.com/tag/rosewe-dresses-new-arrivals/,talkvietnam.com,English,0,1,0,0,CPI
20230801T231500Z,"Warwick among 50  best - run  cities in America , according to WalletHub",https://whatsupnewp.com/2023/08/warwick-among-50-best-run-cities-in-america-according-to-wallethub/,whatsupnewp.com,English,0,0.704,0.296,0.6369,CPI
20230801T231500Z,California In Bottom Half Of 2023 Health Care Study - Riverbank News,https://www.theriverbanknews.com/news/california-bottom-half-2023-health-care-study/,theriverbanknews.com,English,0,0.758,0.242,0.4939,CPI
20230801T231500Z,Dressing room clothes – Talk Vietnam,https://www.talkvietnam.com/tag/dressing-room-clothes/,talkvietnam.com,English,0,1,0,0,CPI
20230801T231500Z,Emperors new clothes traduction – Talk Vietnam,https://www.talkvietnam.com/tag/emperors-new-clothes-traduction/,talkvietnam.com,English,0,1,0,0,CPI
20230801T231500Z,It new clothes – Talk Vietnam,https://www.talkvietnam.com/tag/it-new-clothes/,talkvietnam.com,English,0,1,0,0,CPI
20230801T231500Z,Kanye new clothing – Talk Vietnam,https://www.talkvietnam.com/tag/kanye-new-clothing/,talkvietnam.com,English,0,1,0,0,CPI
20230801T231500Z,Whistles dresses new in – Talk Vietnam,https://www.talkvietnam.com/tag/whistles-dresses-new-in/,talkvietnam.com,English,0,1,0,0,CPI
20230801T230000Z,"Even without a rate hike , nation in for more pain | The Maitland Mercury",https://www.maitlandmercury.com.au/story/8291927/tense-times-ahead-despite-rate-pause/?cs=2641,maitlandmercury.com.au,English,0.246,0.754,0,-0.5563,CPI
20230801T224500Z,"Even without a rate hike , nation in for more pain | The Stawell Times - News",https://www.stawelltimes.com.au/story/8291927/tense-times-ahead-despite-rate-pause/?cs=2841,stawelltimes.com.au,English,0.23,0.77,0,-0.5563,CPI
20230801T224500Z,"Even without a rate hike , nation in for more pain | The Grenfell Record",https://www.grenfellrecord.com.au/story/8291927/tense-times-ahead-despite-rate-pause/?cs=2947,grenfellrecord.com.au,English,0.246,0.754,0,-0.5563,CPI
20230801T224500Z,"As West Virginia opioid crisis continues , programs proven to help injection drug users face pushback",https://www.al.com/reckon/2023/08/as-west-virginias-opioid-crisis-continues-programs-proven-to-help-injection-drug-users-face-pushback.html,al.com,English,0.207,0.657,0.136,-0.34,CPI
20230801T224500Z,UAE vows to allow  peaceful  assembly of climate activists at COP28,http://www.jordantimes.com/news/region/uae%C2%A0vows-allow-%E2%80%98peaceful%E2%80%99-assembly-climate-activists-cop28,jordantimes.com,English,0,0.638,0.362,0.6249,CPI
20230801T224500Z,"Even without a rate hike , nation in for more pain | Yass Tribune",https://www.yasstribune.com.au/story/8291927/tense-times-ahead-despite-rate-pause/?cs=2732,yasstribune.com.au,English,0.264,0.736,0,-0.5563,CPI
20230801T224500Z,UAE vows to allow  peaceful  assembly of climate activists at COP28,http://jordantimes.com/news/region/uae%C2%A0vows-allow-%E2%80%98peaceful%E2%80%99-assembly-climate-activists-cop28,jordantimes.com,English,0,0.638,0.362,0.6249,CPI
20230801T224500Z,"AUKUS , Australia and the drive to war - Pearls and Irritations",https://johnmenadue.com/aukus-australia-and-the-drive-to-war/,johnmenadue.com,English,0.444,0.556,0,-0.7506,CPI
20230801T223000Z,2023 State of Poverty in Ohio report released,https://www.delphosherald.com/news/local/2023-state-of-poverty-in-ohio-report-released/article_9e913390-30aa-11ee-8b91-b7dd7bf7d6e8.html,delphosherald.com,English,0.32,0.68,0,-0.5106,CPI
20230801T223000Z,Well allow climate activists to assemble  peacefully  at COP28 – UAE,https://www.environewsnigeria.com/well-allow-climate-activists-to-assemble-peacefully-at-cop28-uae/,environewsnigeria.com,English,0,0.486,0.514,0.7506,CPI
20230801T223000Z,"Even without a rate hike , nation in for more pain | Crookwell Gazette",https://www.crookwellgazette.com.au/story/8291927/tense-times-ahead-despite-rate-pause/?cs=2959,crookwellgazette.com.au,English,0.264,0.736,0,-0.5563,CPI
20230801T223000Z,Anthea Jeffery replies to Ebrahim Harvey : There no mistaking NDR enormous damage - News24 Institute of Race Relations,https://irr.org.za/media/anthea-jeffery-replies-to-ebrahim-harvey-there2019s-no-mistaking-ndr2019s-enormous-damage-news24,irr.org.za,English,0.349,0.651,0,-0.7579,CPI
20230801T223000Z,The Micheál show : Tánaiste beats our youthful Taoiseach to the podcastical punch,https://www.irishtimes.com/politics/2023/08/01/the-micheal-show-tanaiste-beats-our-youthful-taoiseach-to-the-podcastical-punch/,irishtimes.com,English,0,0.827,0.173,0.3182,CPI
20230801T223000Z,AG Bob Ferguson sues Idaho over abortion travel ban,https://www.krem.com/article/news/politics/ag-bob-ferguson-idaho-abortion-travel-ban-illegal/281-949132c0-e324-401f-8d91-829cd5294929,krem.com,English,0.31,0.69,0,-0.5574,CPI
20230801T223000Z,"Even without a rate hike , nation in for more pain | The Singleton Argus",https://www.singletonargus.com.au/story/8291927/tense-times-ahead-despite-rate-pause/?cs=2705,singletonargus.com.au,English,0.246,0.754,0,-0.5563,CPI
20230801T223000Z,"Even without a rate hike , nation in for more pain | The Young Witness",https://www.youngwitness.com.au/story/8291927/tense-times-ahead-despite-rate-pause/?cs=2750,youngwitness.com.au,English,0.246,0.754,0,-0.5563,CPI
20230801T223000Z,Can NIL Deals Be Trusted ? ,https://tide1009.com/can-nil-details-be-trusted/,tide1009.com,English,0,0.563,0.437,0.4767,CPI
20230801T220000Z,"Even without a rate hike , nation in for more pain | The North West Star",https://www.northweststar.com.au/story/8291927/tense-times-ahead-despite-rate-pause/,northweststar.com.au,English,0.23,0.77,0,-0.5563,CPI
20230801T220000Z,"Even without a rate hike , nation in for more pain | The North West Star",https://www.northweststar.com.au/story/8291927/tense-times-ahead-despite-rate-pause/?cs=2647,northweststar.com.au,English,0.23,0.77,0,-0.5563,CPI
20230801T220000Z,Murder Skyrockets in Trinidad as Politicians Flail,https://foreignpolicy.com/2023/08/01/trinidad-gang-violence-corruption-oil/,foreignpolicy.com,English,0.439,0.561,0,-0.6908,CPI
20230801T220000Z,Watauga Arts Council accepting subgrant applications,https://www.wataugademocrat.com/community/watauga-arts-council-accepting-subgrant-applications/article_f130464a-2fce-11ee-9bc3-53ab24dc40c5.html,wataugademocrat.com,English,0,0.658,0.342,0.3818,CPI
20230801T220000Z,"The Niger military coup , a new version of the Great Game ? ",https://en.mercopress.com/2023/08/01/the-niger-military-coup-a-new-version-of-the-great-game,en.mercopress.com,English,0,0.687,0.313,0.6249,CPI
20230801T214500Z,"Even without a rate hike , nation in for more pain | Milton Ulladulla Times",https://www.ulladullatimes.com.au/story/8291927/tense-times-ahead-despite-rate-pause/?cs=2778,ulladullatimes.com.au,English,0.246,0.754,0,-0.5563,CPI
20230801T214500Z,Three have so far announced bids to replace term - limited OPI superintendent,https://www.bozemandailychronicle.com/news/state_government/three-have-so-far-announced-bids-to-replace-term-limited-opi-superintendent/article_5293bd4c-30ae-11ee-bdd4-c7103cfe60f8.html,bozemandailychronicle.com,English,0.147,0.853,0,-0.2263,CPI
20230801T214500Z,"Even without a rate hike , nation in for more pain | Lithgow Mercury",https://www.lithgowmercury.com.au/story/8291927/tense-times-ahead-despite-rate-pause/?cs=2684,lithgowmercury.com.au,English,0.264,0.736,0,-0.5563,CPI
20230801T214500Z,Uzbekistan plans to raise budget deficit limit for 2023,https://www.thestar.com.my/news/world/2023/08/02/uzbekistan-plans-to-raise-budget-deficit-limit-for-2023,thestar.com.my,English,0.252,0.748,0,-0.4019,CPI
20230801T214500Z,WA State Joins Lawsuit Challenging Idaho Abortion Laws,https://newstalkkit.com/ixp/136/p/wa-state-joins-lawsuit-challenging-idaho-abortion-laws/,newstalkkit.com,English,0.2,0.632,0.168,-0.0772,CPI
20230801T214500Z,"Even without a rate hike , nation in for more pain | Lithgow Mercury",https://www.lithgowmercury.com.au/story/8291927/tense-times-ahead-despite-rate-pause/?cs=9676,lithgowmercury.com.au,English,0.264,0.736,0,-0.5563,CPI
20230801T214500Z,"Even without a rate hike , nation in for more pain | The Advocate - Hepburn",https://www.hepburnadvocate.com.au/story/8291927/tense-times-ahead-despite-rate-pause/?cs=2929,hepburnadvocate.com.au,English,0.246,0.754,0,-0.5563,CPI
20230801T214500Z,"Even without a rate hike , nation in for more pain | Camden Haven Courier",https://www.camdencourier.com.au/story/8291927/tense-times-ahead-despite-rate-pause/?cs=2999,camdencourier.com.au,English,0.246,0.754,0,-0.5563,CPI
20230801T213000Z,"Even without a rate hike , nation in for more pain | Katherine Times",https://www.katherinetimes.com.au/story/8291927/tense-times-ahead-despite-rate-pause/?cs=2714,katherinetimes.com.au,English,0.264,0.736,0,-0.5563,CPI
20230801T213000Z,"Even without a rate hike , nation in for more pain | Bendigo Advertiser",https://www.bendigoadvertiser.com.au/story/8291927/tense-times-ahead-despite-rate-pause/?cs=9676,bendigoadvertiser.com.au,English,0.264,0.736,0,-0.5563,CPI
20230801T213000Z,"Even without a rate hike , nation in for more pain | Blayney Chronicle",https://www.blayneychronicle.com.au/story/8291927/tense-times-ahead-despite-rate-pause/?cs=2938,blayneychronicle.com.au,English,0.264,0.736,0,-0.5563,CPI
20230801T213000Z,"Even without a rate hike , nation in for more pain | The Queanbeyan Age",https://www.queanbeyanage.com.au/story/8291927/tense-times-ahead-despite-rate-pause/?cs=2775,queanbeyanage.com.au,English,0.246,0.754,0,-0.5563,CPI
20230801T213000Z,"Even without a rate hike , nation in for more pain | Cowra Guardian",https://www.cowraguardian.com.au/story/8291927/tense-times-ahead-despite-rate-pause/?cs=2753,cowraguardian.com.au,English,0.264,0.736,0,-0.5563,CPI
20230801T213000Z,"Even without a rate hike , nation in for more pain | The Queanbeyan Age",https://www.queanbeyanage.com.au/story/8291927/tense-times-ahead-despite-rate-pause/?cs=14264,queanbeyanage.com.au,English,0.246,0.754,0,-0.5563,CPI
20230801T211500Z,"As West Virginia opioid crisis continues , programs proven to help injection drug users face pushback",https://www.nj.com/reckon/2023/08/as-west-virginias-opioid-crisis-continues-programs-proven-to-help-injection-drug-users-face-pushback.html,nj.com,English,0.207,0.657,0.136,-0.34,CPI
20230801T211500Z,Iran Regime Holds Some of the Worst Economic Records in The World,https://www.ncr-iran.org/en/news/economy/irans-regime-holds-some-of-the-worst-economic-records-in-the-world/,ncr-iran.org,English,0.272,0.728,0,-0.6249,CPI
20230801T211500Z,"Even without a rate hike , nation in for more pain | The Irrigator",https://www.irrigator.com.au/story/8291927/tense-times-ahead-despite-rate-pause/?cs=1776,irrigator.com.au,English,0.264,0.736,0,-0.5563,CPI
20230801T210000Z,"As West Virginia opioid crisis continues , programs proven to help injection drug users face pushback",https://www.oregonlive.com/reckon/2023/08/as-west-virginias-opioid-crisis-continues-programs-proven-to-help-injection-drug-users-face-pushback.html,oregonlive.com,English,0.207,0.657,0.136,-0.34,CPI
20230801T210000Z,"Even without a rate hike , nation in for more pain | Narooma News",https://www.naroomanewsonline.com.au/story/8291927/tense-times-ahead-despite-rate-pause/?cs=2708,naroomanewsonline.com.au,English,0.264,0.736,0,-0.5563,CPI
20230801T210000Z,"Even without a rate hike , nation in for more pain | Daily Liberal",https://www.dailyliberal.com.au/story/8291927/tense-times-ahead-despite-rate-pause/?cs=2623,dailyliberal.com.au,English,0.264,0.736,0,-0.5563,CPI
20230801T210000Z,"Even without a rate hike , nation in for more pain | Canowindra News",https://www.canowindranews.com.au/story/8291927/tense-times-ahead-despite-rate-pause/?cs=3054,canowindranews.com.au,English,0.264,0.736,0,-0.5563,CPI
20230801T210000Z,"Improving education , health , welfare of Nigerians keeps me up at night – Tinubu Bola Tinubu",https://www.ghanamma.com/ng/2023/08/01/improving-education-health-welfare-of-nigerians-keeps-me-up-at-night-tinububola-tinubu/,ghanamma.com,English,0,0.823,0.177,0.4215,CPI
20230801T210000Z,"Even without a rate hike , nation in for more pain | Daily Liberal",https://www.dailyliberal.com.au/story/8291927/tense-times-ahead-despite-rate-pause/,dailyliberal.com.au,English,0.264,0.736,0,-0.5563,CPI
20230801T210000Z,"Even without a rate hike , nation in for more pain | The Daily Advertiser",https://www.dailyadvertiser.com.au/story/8291927/tense-times-ahead-despite-rate-pause/?cs=9485,dailyadvertiser.com.au,English,0.246,0.754,0,-0.5563,CPI
20230801T204500Z,The Liberian women who took on their traffickers and won,https://theworld.org/stories/2023-08-01/liberian-women-who-took-their-traffickers-and-won,theworld.org,English,0,0.709,0.291,0.5719,CPI
20230801T204500Z,"Even without a rate hike , nation in for more pain | The Armidale Express",https://www.armidaleexpress.com.au/story/8291927/tense-times-ahead-despite-rate-pause/?cs=2675,armidaleexpress.com.au,English,0.246,0.754,0,-0.5563,CPI
20230801T203000Z,"Even without a rate hike , nation in for more pain | Port Stephens Examiner",https://www.portstephensexaminer.com.au/story/8291927/tense-times-ahead-despite-rate-pause/?cs=2763,portstephensexaminer.com.au,English,0.246,0.754,0,-0.5563,CPI
20230801T203000Z,"Even without a rate hike , nation in for more pain | The Standard",https://www.standard.net.au/story/8291927/tense-times-ahead-despite-rate-pause/?cs=2611,standard.net.au,English,0.264,0.736,0,-0.5563,CPI
20230801T203000Z,"Even without a rate hike , nation in for more pain | The Standard",https://www.standard.net.au/story/8291927/tense-times-ahead-despite-rate-pause/,standard.net.au,English,0.264,0.736,0,-0.5563,CPI
20230801T203000Z,"Even without a rate hike , nation in for more pain | The Examiner",https://www.examiner.com.au/story/8291927/tense-times-ahead-despite-rate-pause/,examiner.com.au,English,0.264,0.736,0,-0.5563,CPI
20230801T203000Z,"Even without a rate hike , nation in for more pain | Magnet",https://www.edenmagnet.com.au/story/8291927/tense-times-ahead-despite-rate-pause/?cs=14264,edenmagnet.com.au,English,0.285,0.715,0,-0.5563,CPI
20230801T203000Z,"Even without a rate hike , nation in for more pain | The Examiner",https://www.examiner.com.au/story/8291927/tense-times-ahead-despite-rate-pause/?cs=2596,examiner.com.au,English,0.264,0.736,0,-0.5563,CPI
20230801T203000Z,"Even without a rate hike , nation in for more pain | Western Advocate",https://www.westernadvocate.com.au/story/8291927/tense-times-ahead-despite-rate-pause/,westernadvocate.com.au,English,0.264,0.736,0,-0.5563,CPI
20230801T203000Z,"Even without a rate hike , nation in for more pain | Magnet",https://www.edenmagnet.com.au/story/8291927/tense-times-ahead-despite-rate-pause/?cs=2895,edenmagnet.com.au,English,0.285,0.715,0,-0.5563,CPI
20230801T203000Z,"Even without a rate hike , nation in for more pain | Bay Post - Moruya Examiner",https://www.batemansbaypost.com.au/story/8291927/tense-times-ahead-despite-rate-pause/?cs=14264,batemansbaypost.com.au,English,0.23,0.77,0,-0.5563,CPI
20230801T203000Z,Is the RCMP on the way out ? Agency future unclear as provinces consider replacing it and Ottawa reviews its role,https://edmontonjournal.com:443/feature/is-rcmp-on-way-out-of-bc/wcm/f110f5dd-1e25-4dc6-80a5-12498cab953a,edmontonjournal.com,English,0.095,0.905,0,-0.25,CPI
20230801T203000Z,"Even without a rate hike , nation in for more pain | Western Advocate",https://www.westernadvocate.com.au/story/8291927/tense-times-ahead-despite-rate-pause/?cs=2629,westernadvocate.com.au,English,0.264,0.736,0,-0.5563,CPI
20230801T203000Z,"Even without a rate hike , nation in for more pain | Gloucester Advocate",https://www.gloucesteradvocate.com.au/story/8291927/tense-times-ahead-despite-rate-pause/?cs=2835,gloucesteradvocate.com.au,English,0.264,0.736,0,-0.5563,CPI
20230801T203000Z,"Even without a rate hike , nation in for more pain | The Northern Daily Leader",https://www.northerndailyleader.com.au/story/8291927/tense-times-ahead-despite-rate-pause/?cs=2620,northerndailyleader.com.au,English,0.23,0.77,0,-0.5563,CPI
20230801T203000Z,"Even without a rate hike , nation in for more pain | Bay Post - Moruya Examiner",https://www.batemansbaypost.com.au/story/8291927/tense-times-ahead-despite-rate-pause/?cs=2690,batemansbaypost.com.au,English,0.23,0.77,0,-0.5563,CPI
20230801T203000Z,"Even without a rate hike , nation in for more pain | The Advertiser - Cessnock",https://www.cessnockadvertiser.com.au/story/8291927/tense-times-ahead-despite-rate-pause/?cs=2832,cessnockadvertiser.com.au,English,0.246,0.754,0,-0.5563,CPI
20230801T203000Z,"Even without a rate hike , nation in for more pain | The Courier",https://www.thecourier.com.au/story/8291927/tense-times-ahead-despite-rate-pause/,thecourier.com.au,English,0.264,0.736,0,-0.5563,CPI
20230801T201500Z,"Even without a rate hike , nation in for more pain | Moree Champion",https://www.moreechampion.com.au/story/8291927/tense-times-ahead-despite-rate-pause/?cs=2772,moreechampion.com.au,English,0.214,0.537,0.248,0.1458,CPI
20230801T201500Z,"Even without a rate hike , nation in for more pain | Illawarra Mercury",https://www.illawarramercury.com.au/story/8291927/tense-times-ahead-despite-rate-pause/,illawarramercury.com.au,English,0.264,0.736,0,-0.5563,CPI
20230801T201500Z,"Even without a rate hike , nation in for more pain | Southern Highland News",https://www.southernhighlandnews.com.au/story/8291927/tense-times-ahead-despite-rate-pause/?cs=2658,southernhighlandnews.com.au,English,0.246,0.754,0,-0.5563,CPI
20230801T201500Z,The EU neo - colonial Policy in Africa – Sri Lanka Guardian,http://slguardian.org/the-eus-neo-colonial-policy-in-africa/,slguardian.org,English,0,1,0,0,CPI
20230801T200000Z,"Even without a rate hike , nation in for more pain | Newcastle Herald",https://www.newcastleherald.com.au/story/8291927/tense-times-ahead-despite-rate-pause/,newcastleherald.com.au,English,0.264,0.736,0,-0.5563,CPI
20230801T200000Z,"Even without a rate hike , nation in for more pain | The Macleay Argus",https://www.macleayargus.com.au/story/8291927/tense-times-ahead-despite-rate-pause/?cs=2699,macleayargus.com.au,English,0.246,0.754,0,-0.5563,CPI
20230801T194500Z,What is the most dangerous city in B . C . in 2022 ? - Prince George Citizen,https://www.princegeorgecitizen.com/local-news/prince-george-was-bcs-2022-crime-capital-7352839,princegeorgecitizen.com,English,0.236,0.764,0,-0.5256,CPI
20230801T190000Z,It getting hot in here – The Carillon,https://carillonregina.com/its-getting-hot-in-here/,carillonregina.com,English,0,1,0,0,CPI
20230801T190000Z,Improvements to Generator Interconnection Procedures and Agreements | Vinson & Elkins LLP,https://www.jdsupra.com/legalnews/improvements-to-generator-7920829/,jdsupra.com,English,0,0.645,0.355,0.5267,CPI
20230801T190000Z,UAE vows to allow  peaceful  assembly of climate activists at COP28,https://www.iraqinews.com/arab-world-news/uae-vows-to-allow-peaceful-assembly-of-climate-activists-at-cop28/,iraqinews.com,English,0,0.638,0.362,0.6249,CPI
20230801T190000Z,More hotel rooms key to beyond COVID recovery,http://www.tribune242.com/news/2023/aug/01/more-hotel-rooms-key-beyond-covid-recovery/,tribune242.com,English,0,1,0,0,CPI
20230801T184500Z,High spirits q significa – Talk Vietnam,https://www.talkvietnam.com/tag/high-spirits-q-significa/,talkvietnam.com,English,0,1,0,0,CPI
20230801T184500Z,New clothes styles – Talk Vietnam,https://www.talkvietnam.com/tag/new-clothes-styles/,talkvietnam.com,English,0,1,0,0,CPI
20230801T184500Z,Star baby i try – Talk Vietnam,https://www.talkvietnam.com/tag/star-baby-i-try/,talkvietnam.com,English,0,1,0,0,CPI
20230801T184500Z,Of highly spirited – Talk Vietnam,https://www.talkvietnam.com/tag/of-highly-spirited/,talkvietnam.com,English,0,0.607,0.393,0.3804,CPI
20230801T184500Z,Guests Get Stuck on the Tallest Ride at Six Flags Over Texas,https://929nin.com/six-flags-over-texas-ride-break-down/,929nin.com,English,0.154,0.846,0,-0.25,CPI
20230801T184500Z,Express news 5 august 2017 – Talk Vietnam,https://www.talkvietnam.com/tag/express-news-5-august-2017/,talkvietnam.com,English,0,1,0,0,CPI
20230801T184500Z,Wscript echo years right100months 2 right100days 2 – Talk Vietnam,https://www.talkvietnam.com/tag/wscript-echo-years-right100months-2-right100days-2/,talkvietnam.com,English,0,1,0,0,CPI
20230801T184500Z,15 anniversary of hanois administrative boundary adjustment hanoi rural area – Talk Vietnam,https://www.talkvietnam.com/tag/15-anniversary-of-hanois-administrative-boundary-adjustment-hanoi-rural-area/,talkvietnam.com,English,0,1,0,0,CPI
20230801T184500Z,Express news 6 august 2017 – Talk Vietnam,https://www.talkvietnam.com/tag/express-news-6-august-2017/,talkvietnam.com,English,0,1,0,0,CPI
20230801T184500Z,Express news 4 august 2017 – Talk Vietnam,https://www.talkvietnam.com/tag/express-news-4-august-2017/,talkvietnam.com,English,0,1,0,0,CPI
20230801T184500Z,Buy new clothes – Talk Vietnam,https://www.talkvietnam.com/tag/buy-new-clothes/,talkvietnam.com,English,0,1,0,0,CPI
20230801T184500Z,Rohingya daily news 9 august 2017 – Talk Vietnam,https://www.talkvietnam.com/tag/rohingya-daily-news-9-august-2017/,talkvietnam.com,English,0,1,0,0,CPI
20230801T184500Z,Express news 1 august 2017 – Talk Vietnam,https://www.talkvietnam.com/tag/express-news-1-august-2017/,talkvietnam.com,English,0,1,0,0,CPI
20230801T184500Z,New clothes – Talk Vietnam,https://www.talkvietnam.com/tag/new-clothes/,talkvietnam.com,English,0,1,0,0,CPI
20230801T184500Z,Zimbabwe news 8 august 2018 – Talk Vietnam,https://www.talkvietnam.com/tag/zimbabwe-news-8-august-2018/,talkvietnam.com,English,0,1,0,0,CPI
20230801T184500Z,Express news 2 august 2017 – Talk Vietnam,https://www.talkvietnam.com/tag/express-news-2-august-2017/,talkvietnam.com,English,0,1,0,0,CPI
20230801T183000Z,View : Social media accentuates the flaws in our conception of modernity to distort reality,https://economictimes.indiatimes.com/opinion/et-commentary/view-social-media-accentuates-the-flaws-in-our-conception-of-modernity-to-distort-reality/articleshow/102327500.cms,economictimes.indiatimes.com,English,0.15,0.85,0,-0.3182,CPI
20230801T174500Z,Texas ranks high for entertainment and nightlife in nationwide study,https://www.dallasnews.com/arts-entertainment/2023/08/01/texas-ranks-high-for-entertainment-and-nightlife-in-nationwide-study/,dallasnews.com,English,0,0.763,0.237,0.4215,CPI
20230801T173000Z,UAE to allow climate activists to assemble at COP28 amid ban on unauthorized protests,https://www.timesofisrael.com/uae-to-allow-climate-activists-to-assemble-at-cop28-amid-ban-on-unauthorized-protests/,timesofisrael.com,English,0.299,0.598,0.103,-0.5574,CPI
20230801T171500Z,Guests Get Stuck on the Tallest Ride at Six Flags Over Texas,https://1023thebullfm.com/six-flags-over-texas-ride-break-down/,1023thebullfm.com,English,0.154,0.846,0,-0.25,CPI
20230801T164500Z,Guests Get Stuck on the Tallest Ride at Six Flags Over Texas,https://newstalk1290.com/six-flags-over-texas-ride-break-down/,newstalk1290.com,English,0.154,0.846,0,-0.25,CPI
20230801T164500Z,Iowa Is In The Top 5 Best States For Health Care,https://kcrr.com/iowa-top-5-best-states-health-care/,kcrr.com,English,0,0.432,0.568,0.8481,CPI
20230801T164500Z,"Syria willing to receive 180 , 000 refugees from Lebanon : Lebanese minister - Region - World","https://english.ahram.org.eg/NewsContent/2/8/505829/World/Region/Syria-willing-to-receive-,-refugees-from-Lebanon-L.aspx",english.ahram.org.eg,English,0,1,0,0,CPI
20230801T164500Z,UAE vows to allow  peaceful  assembly of climate activists at COP28,https://www.france24.com/en/live-news/20230801-uae-vows-to-allow-peaceful-assembly-of-climate-activists-at-cop28,france24.com,English,0,0.638,0.362,0.6249,CPI
20230801T164500Z,UAE says it will allow climate activists to assemble  peacefully  at COP28,https://www.france24.com/en/live-news/20230801-uae-vows-to-allow-peaceful-assembly-of-climate-activists-at-cop28-3,france24.com,English,0,0.654,0.346,0.6486,CPI
20230801T164500Z,Iowa Is In The Top 5 Best States For Health Care,https://koel.com/iowa-top-5-best-states-health-care/,koel.com,English,0,0.432,0.568,0.8481,CPI
20230801T163000Z,Cut Flower Demand Fueled by Quality and Exposure,https://www.lancasterfarming.com/country-life/gardening/cut-flower-demand-fueled-by-quality-and-exposure/article_f09d7ee6-2cae-11ee-99e9-8385a650d982.html,lancasterfarming.com,English,0.375,0.625,0,-0.3818,CPI
20230801T161500Z,Danville Police Chief earns national recognition for efforts to curb crime,https://www.wsls.com/news/local/2023/08/01/danville-police-chief-earns-national-recognition-for-efforts-to-curb-crime/,wsls.com,English,0.259,0.741,0,-0.5423,CPI
20230801T154500Z,India striving to achieve balance between energy needs & reducing emissions : Power Minister,https://www.thehindubusinessline.com/companies/india-striving-to-achieve-balance-between-energy-needs-reducing-emissions-power-minister/article67146822.ece,thehindubusinessline.com,English,0,0.84,0.16,0.2732,CPI
20230801T154500Z,The world most powerful democracies were built on the suffering of others – Winnipeg Free Press,https://www.winnipegfreepress.com/uncategorized/2023/08/01/the-worlds-most-powerful-democracies-were-built-on-the-suffering-of-others,winnipegfreepress.com,English,0.144,0.558,0.297,0.5095,CPI
20230801T153000Z,Violent crime spikes in nation capital,https://www.salemnews.com/news/violent-crime-spikes-in-nations-capital/article_fbf80de5-2cf7-52e7-9539-c38f5ff97207.html,salemnews.com,English,0.649,0.351,0,-0.8126,CPI
20230801T153000Z,"Ghana , Morocco Reaffirm Bilateral Cooperation",https://allafrica.com/stories/202308010515.html,allafrica.com,English,0,1,0,0,CPI
20230801T144500Z,Farmers urged to take part in climate survey  to give it balance  ,https://www.agriland.ie/farming-news/farmers-urged-to-take-part-in-climate-survey-to-give-it-balance/,agriland.ie,English,0,1,0,0,CPI
20230801T144500Z,"Syria willing to receive 180 , 000 refugees from Lebanon : Lebanese minister",http://www.china.org.cn/world/Off_the_Wire/2023-08/01/content_97430351.htm,china.org.cn,English,0,1,0,0,CPI
20231002T000000Z,"Woman stabs , kills Tobago woman during quarrel - Trinidad and Tobago Newsday",https://newsday.co.tt/2023/10/01/woman-stabs-kills-tobago-woman-during-quarrel/,newsday.co.tt,English,0.416,0.584,0,-0.7506,CPI
20231001T233000Z,Raiders 60th anniversary – Talk Vietnam,https://www.talkvietnam.com/tag/raiders-60th-anniversary/,talkvietnam.com,English,0,1,0,0,CPI
20231001T233000Z,Emcor 60th anniversary – Talk Vietnam,https://www.talkvietnam.com/tag/emcor-60th-anniversary/,talkvietnam.com,English,0,1,0,0,CPI
20231001T233000Z,Bonanza 60th anniversary – Talk Vietnam,https://www.talkvietnam.com/tag/bonanza-60th-anniversary/,talkvietnam.com,English,0,1,0,0,CPI
20231001T233000Z,Chiefs 60th anniversary logo – Talk Vietnam,https://www.talkvietnam.com/tag/chiefs-60th-anniversary-logo/,talkvietnam.com,English,0,1,0,0,CPI
20231001T233000Z,Queen 60th anniversary card – Talk Vietnam,https://www.talkvietnam.com/tag/queen-60th-anniversary-card/,talkvietnam.com,English,0,1,0,0,CPI
20231001T233000Z,Benazir income support information – Talk Vietnam,https://www.talkvietnam.com/tag/benazir-income-support-information/,talkvietnam.com,English,0,0.649,0.351,0.4019,CPI
20231001T233000Z,Dodgers 60th anniversary shirt – Talk Vietnam,https://www.talkvietnam.com/tag/dodgers-60th-anniversary-shirt/,talkvietnam.com,English,0,1,0,0,CPI
20231001T233000Z,Risk 60th anniversary edition hasbro – Talk Vietnam,https://www.talkvietnam.com/tag/risk-60th-anniversary-edition-hasbro/,talkvietnam.com,English,0.259,0.741,0,-0.2732,CPI
20231001T233000Z,Gibson 60th anniversary 1959 les paul – Talk Vietnam,https://www.talkvietnam.com/tag/gibson-60th-anniversary-1959-les-paul/,talkvietnam.com,English,0,1,0,0,CPI
20231001T233000Z,Billboard 60th anniversary hot 100 – Talk Vietnam,https://www.talkvietnam.com/tag/billboard-60th-anniversary-hot-100/,talkvietnam.com,English,0,1,0,0,CPI
20231001T233000Z,Chosen hill school 60th anniversary – Talk Vietnam,https://www.talkvietnam.com/tag/chosen-hill-school-60th-anniversary/,talkvietnam.com,English,0,1,0,0,CPI
20231001T233000Z,Sofia university computer science – Talk Vietnam,https://www.talkvietnam.com/tag/sofia-university-computer-science/,talkvietnam.com,English,0,1,0,0,CPI
20231001T233000Z,The Nutritional Power of Potato : Carbohydrates,https://www.potatopro.com/news/2023/nutritional-power-potato-carbohydrates,potatopro.com,English,0,1,0,0,CPI
20231001T233000Z,Ceremony for 60th birthday – Talk Vietnam,https://www.talkvietnam.com/tag/ceremony-for-60th-birthday/,talkvietnam.com,English,0,1,0,0,CPI
20231001T233000Z,Terrible herbst 60th anniversary – Talk Vietnam,https://www.talkvietnam.com/tag/terrible-herbst-60th-anniversary/,talkvietnam.com,English,0.383,0.617,0,-0.4767,CPI
20231001T233000Z,Chiefs 60th anniversary – Talk Vietnam,https://www.talkvietnam.com/tag/chiefs-60th-anniversary/,talkvietnam.com,English,0,1,0,0,CPI
20231001T233000Z,Emcor 60th anniversary sale – Talk Vietnam,https://www.talkvietnam.com/tag/emcor-60th-anniversary-sale/,talkvietnam.com,English,0,1,0,0,CPI
20231001T233000Z,Which mtn plan supports share and sell – Talk Vietnam,https://www.talkvietnam.com/tag/which-mtn-plan-supports-share-and-sell/,talkvietnam.com,English,0,0.598,0.402,0.5719,CPI
20231001T233000Z,Raiders 60th anniversary logo – Talk Vietnam,https://www.talkvietnam.com/tag/raiders-60th-anniversary-logo/,talkvietnam.com,English,0,1,0,0,CPI
20231001T233000Z,Astounding stories the 60th anniversary collection – Talk Vietnam,https://www.talkvietnam.com/tag/astounding-stories-the-60th-anniversary-collection/,talkvietnam.com,English,0,0.714,0.286,0.4215,CPI
20231001T233000Z,Pba 60th anniversary bowling ball – Talk Vietnam,https://www.talkvietnam.com/tag/pba-60th-anniversary-bowling-ball/,talkvietnam.com,English,0,1,0,0,CPI
20231001T233000Z,Unlv 60th anniversary – Talk Vietnam,https://www.talkvietnam.com/tag/unlv-60th-anniversary/,talkvietnam.com,English,0,1,0,0,CPI
20231001T224500Z,Where Are the Best Smash Burgers in New Hampshire ? ,https://92moose.fm/where-are-the-best-smash-burgers-in-new-hampshire-whats-a-smash-burger/,92moose.fm,English,0,0.656,0.344,0.6369,CPI
20231001T224500Z,"The  recession  has been called off , but some households are still struggling",https://www.interest.co.nz/economy/124557/economist-brian-easton-says-while-economy-not-doing-too-badly-output-terms-external,interest.co.nz,English,0.359,0.641,0,-0.6808,CPI
20231001T214500Z,Usaid 60th anniversary – Talk Vietnam,https://www.talkvietnam.com/tag/usaid-60th-anniversary/,talkvietnam.com,English,0,1,0,0,CPI
20231001T214500Z,Fiat 500c 60th anniversary – Talk Vietnam,https://www.talkvietnam.com/tag/fiat-500c-60th-anniversary/,talkvietnam.com,English,0,1,0,0,CPI
20231001T214500Z,Opec 60th anniversary – Talk Vietnam,https://www.talkvietnam.com/tag/opec-60th-anniversary/,talkvietnam.com,English,0,1,0,0,CPI
20231001T214500Z,Corningware 60th anniversary set – Talk Vietnam,https://www.talkvietnam.com/tag/corningware-60th-anniversary-set/,talkvietnam.com,English,0,1,0,0,CPI
20231001T214500Z,Downes s 2010 new technology supporting informal learning – Talk Vietnam,https://www.talkvietnam.com/tag/downes-s-2010-new-technology-supporting-informal-learning/,talkvietnam.com,English,0,0.734,0.266,0.4404,CPI
20231001T214500Z,Pollyanna 60th anniversary – Talk Vietnam,https://www.talkvietnam.com/tag/pollyanna-60th-anniversary/,talkvietnam.com,English,0,1,0,0,CPI
20231001T214500Z,A privacy notice does not authorize the release or sharing of protected information – Talk Vietnam,https://www.talkvietnam.com/tag/a-privacy-notice-does-not-authorize-the-release-or-sharing-of-protected-information/,talkvietnam.com,English,0,0.678,0.322,0.6908,CPI
20231001T214500Z,Corningware 60th anniversary canada – Talk Vietnam,https://www.talkvietnam.com/tag/corningware-60th-anniversary-canada/,talkvietnam.com,English,0,1,0,0,CPI
20231001T214500Z,Mainetti 60th anniversary – Talk Vietnam,https://www.talkvietnam.com/tag/mainetti-60th-anniversary/,talkvietnam.com,English,0,1,0,0,CPI
20231001T211500Z,"Luminous Power aims to double growth in 4 years ; to invest  2 , 000 crore",https://www.dailypioneer.com/2023/business/luminous-power-aims-to-double-growth-in-4-years--to-invest--2-000-crore.html,dailypioneer.com,English,0,0.809,0.191,0.3818,CPI
20231001T211500Z,Who is reaping the rewards from Africa sub - soil resources ? ,https://www.environewsnigeria.com/who-is-reaping-the-rewards-from-africas-sub-soil-resources/,environewsnigeria.com,English,0,0.744,0.256,0.4767,CPI
20231001T204500Z,Victoria Airbnb levies : What it means for property investors,https://www.afr.com/wealth/personal-finance/what-airbnb-levies-mean-for-property-investors-20230928-p5e8ad,afr.com,English,0,1,0,0,CPI
20231001T203000Z,Are firearm deaths frequent in North Dakota ? ,https://www.kxnet.com/news/top-stories/are-firearm-deaths-frequent-in-north-dakota/,kxnet.com,English,0,1,0,0,CPI
20231001T203000Z,Behind the opening of the world first coffee biorefinery,https://www.cosmeticsdesign-europe.com/Article/2023/10/01/Behind-the-opening-of-the-world-s-first-coffee-biorefinery,cosmeticsdesign-europe.com,English,0,1,0,0,CPI
20231001T203000Z,Resetting world order | The Arunachal Times,https://arunachaltimes.in/index.php/2023/10/02/resetting-world-order/,arunachaltimes.in,English,0,1,0,0,CPI
20231001T201500Z,IMF and the stiff revenue targets,https://www.ft.lk/columns/IMF-and-the-stiff-revenue-targets/4-753542,ft.lk,English,0,1,0,0,CPI
20231001T201500Z,Ukraine Endgame Accelerates as Congress Denies Any Funding in Stopgap Bill and Fico Wins in Slovakia Vote,https://www.nakedcapitalism.com/2023/10/ukraine-endgame-accelerates-as-congress-denies-any-funding-in-stopgap-bill-and-fico-on-top-in-slovakia-vote.html,nakedcapitalism.com,English,0.13,0.698,0.172,0.2263,CPI
20231001T200000Z,Sanjaya Baru | India influence has always far exceeded its hard power,https://www.asianage.com:443/opinion/columnists/011023/sanjaya-baru-indias-influence-has-always-far-exceeded-its-hard-power.html,asianage.com,English,0.123,0.877,0,-0.1027,CPI
20231001T200000Z,9 easy tips for going sober in October ( and beyond ) ,https://www.telegraph.co.uk/health-fitness/body/go-sober-for-october-2023-guide-alcohol-free-stoptober/,telegraph.co.uk,English,0,0.734,0.266,0.4404,CPI
20231001T193000Z,D . C . has a lot of federal workers . A government shutdown would have big impacts,https://www.kzyx.org/national-news/2023-09-30/d-c-has-a-lot-of-federal-workers-a-government-shutdown-would-have-big-impacts,kzyx.org,English,0,1,0,0,CPI
20231001T193000Z,Cost of living hit a 5 - year high as income sunk,https://www.the-star.co.ke/business/kenya/2023-10-01-cost-of-living-hit-a-5-year-high-as-income-sunk/,the-star.co.ke,English,0,1,0,0,CPI
20231001T190000Z,RBA interest rates : Challenger Jonathan Kearns says the Reserve Bank is flying blind on inflation,https://www.afr.com/markets/debt-markets/the-rba-is-flying-blind-on-inflation-says-former-staffer-20230919-p5e607,afr.com,English,0.141,0.625,0.234,0.2023,CPI
20231001T184500Z,The Poorest Countries on Earth – 24 / 7 Wall St . ,https://247wallst.com/special-report/2023/10/01/the-poorest-countries-on-earth/,247wallst.com,English,0.333,0.667,0,-0.5423,CPI
20231001T184500Z,Most Canadians want carbon tax reduced or killed : poll,https://montrealgazette.com:443/news/politics/canadians-carbon-tax-reduced-or-killed,montrealgazette.com,English,0.344,0.535,0.121,-0.6022,CPI
20231001T181500Z,States With the Most US Military Servicemembers – 24 / 7 Wall St . ,https://247wallst.com/special-report/2023/10/01/states-with-the-most-us-military-servicemembers/,247wallst.com,English,0,1,0,0,CPI
20231001T180000Z,Tasmanian Visitor Data shows return to pre - COVID - 19 levels | The Examiner,https://www.examiner.com.au/story/8369657/visitors-spend-big-as-tourism-figures-return-to-pre-covid-19-levels/,examiner.com.au,English,0,1,0,0,CPI
20231001T180000Z,Tasmanian Visitor Data shows return to pre - COVID - 19 levels | The Examiner,https://www.examiner.com.au/story/8369657/visitors-spend-big-as-tourism-figures-return-to-pre-covid-19-levels/?cs=2596,examiner.com.au,English,0,1,0,0,CPI
20231001T180000Z,South Africa greylisting limited short - term impact makes it more dangerous,https://www.iol.co.za/personal-finance/opinion/south-africas-greylisting-limited-short-term-impact-makes-it-more-dangerous-3a3d12b2-fcd7-4fda-bffb-fdd2b1f4410a,iol.co.za,English,0.37,0.63,0,-0.6478,CPI
20231001T174500Z,Housing hunger games showers Australians with fake wealth,https://www.macrobusiness.com.au/2023/10/housing-hunger-games-showers-australians-fake-wealth/,macrobusiness.com.au,English,0.383,0.376,0.241,-0.2263,CPI
20231001T171500Z,Comelec pushes internet voting | The Manila Times,https://www.manilatimes.net/2023/10/02/news/comelec-pushes-internet-voting/1912811,manilatimes.net,English,0,1,0,0,CPI
20231001T170000Z,Unite to save the planet,https://cpa.org.au/guardian/issue-2072/unite-to-save-the-planet/,cpa.org.au,English,0,0.556,0.444,0.4939,CPI
20231001T153000Z,  Trump - like  billionaire presidential candidate in Taiwan promises  50 years of peace  with China,https://news.yahoo.com/trump-billionaire-presidential-candidate-taiwan-123022090.html,news.yahoo.com,English,0,0.561,0.439,0.8225,CPI
20231001T141500Z,Chinese modernization : Harmony between humanity and nature,https://saudigazette.com.sa/article/636346/World/Asia/Chinese-modernization-Harmony-between-humanity-and-nature,saudigazette.com.sa,English,0,0.69,0.31,0.4019,CPI
20231001T130000Z,Is Auburn really the worst small city in New York to start a business ? ,https://auburnpub.com/news/local/business/is-auburn-really-the-worst-small-city-in-new-york-to-start-a-business/article_fa22b8f0-5d69-11ee-a12b-17dab61d747d.html,auburnpub.com,English,0.267,0.733,0,-0.6573,CPI
20231001T121500Z,Weve Installed Solar on Our Roof Three Times . Here What to Know . ,https://cleantechnica.com/2023/10/01/weve-installed-solar-on-our-roof-three-times-heres-what-to-know/,cleantechnica.com,English,0,1,0,0,CPI
20231001T121500Z,Latin America Growth Conundrum,https://www.diplomaticourier.com/posts/latin-americas-growth-conundrum,diplomaticourier.com,English,0,0.536,0.464,0.3818,CPI
20231001T120000Z,How Universal Scares Up Monster Revenues With Halloween Horror Nights,https://www.forbes.com/sites/suzannerowankelleher/2023/10/01/universal-scares-halloween-horror-nights/,forbes.com,English,0.433,0.567,0,-0.7269,CPI
20231001T120000Z,"Report : Louisiana has more judges than most states , but pay is midpack",https://www.livingstonparishnews.com/breaking_news/report-louisiana-has-more-judges-than-most-states-but-pay-is-midpack/article_9d9a9748-5f8e-11ee-8013-4b3ddb10e532.html,livingstonparishnews.com,English,0.154,0.846,0,-0.249,CPI
20231001T094500Z,High Point University closer to welcoming students to the only private dental school in NC,https://www.wfae.org/health/2023-10-01/high-point-university-closer-to-welcoming-students-to-the-only-private-dental-school-in-nc,wfae.org,English,0,0.828,0.172,0.4404,CPI
20231001T083000Z,It National Protect Your Hearing Month - learn about noice - induced hearing loss ; take precautions - NKyTribune,https://nkytribune.com/2023/10/its-national-protect-your-hearing-month-learn-about-noice-induced-hearing-loss-take-precautions/,nkytribune.com,English,0.128,0.726,0.145,0.0772,CPI
20231202T000000Z,Hell Mandatory ? Or Optional ? - The New Hampshire Gazette,https://www.nhgazette.com/2023/12/01/hell-mandatory-or-optional/,nhgazette.com,English,0.405,0.489,0.106,-0.6868,CPI
20231201T233000Z,Teton County signatures sought in property tax initiative race to 2024 ballot,https://www.gillettenewsrecord.com/news/wyoming/article_d80a7aee-aba1-55ab-b230-3a66eda65623.html,gillettenewsrecord.com,English,0,1,0,0,CPI
20231201T230000Z,Govt allows onion imports to stop  absurd increase  in prices,https://newsinfo.inquirer.net/1869175/govt-allows-onion-imports-to-stop-absurd-increase-in-prices,newsinfo.inquirer.net,English,0.176,0.64,0.184,0.0258,CPI
20231201T224500Z,Four Illinois Cities Among the Top Small Towns For Famous People,https://967theeagle.net/ixp/721/p/four-illinois-cities-among-the-top-small-towns-for-famous-people/,967theeagle.net,English,0,0.847,0.153,0.2023,CPI
20231201T224500Z,NJ spends more on lottery tickets than any other state,https://catcountry1073.com/ixp/385/p/nj-spends-more-on-lottery-tickets-than-any-other-state/,catcountry1073.com,English,0,1,0,0,CPI
20231201T221500Z,Fact check : DeSantis - Newsom debate,https://www.bostonherald.com/2023/12/01/some-of-what-was-true-and-not-from-debate-between-govs-newsom-and-desantis/,bostonherald.com,English,0,1,0,0,CPI
20231201T221500Z,Preliminary Owen Sound budget calls for 3 . 5 per cent hike,https://www.clintonnewsrecord.com:443/news/local-news/preliminary-owen-sound-budget-calls-for-3-5-per-cent-hike,clintonnewsrecord.com,English,0,1,0,0,CPI
20231201T221500Z,Venezuela will vote on Guyana border row despite UN court ruling,https://www.bryantimes.com/news/venezuela-will-vote-on-guyana-border-row-despite-un-court-ruling/article_7eee7541-f826-5467-a584-f4393bb64f1a.html,bryantimes.com,English,0,1,0,0,CPI
20231201T221500Z,Cusp of new era in Asia,https://www.mckinsey.com/mgi/overview/in-the-news/cusp-of-new-era-in-asia,mckinsey.com,English,0,1,0,0,CPI
20231201T220000Z,Throwback to loser - dominance,https://opinion.inquirer.net/168679/throwback-to-loser-dominance,opinion.inquirer.net,English,0.472,0.278,0.25,-0.3818,CPI
20231201T220000Z,Four Illinois Cities Among the Top Small Towns For Famous People,https://q985online.com/ixp/721/p/four-illinois-cities-among-the-top-small-towns-for-famous-people/,q985online.com,English,0,0.847,0.153,0.2023,CPI
20231201T214500Z,Venezuela will vote on Guyana border row despite UN court ruling,https://www.ktbs.com/news/national/venezuela-will-vote-on-guyana-border-row-despite-un-court-ruling/article_c9bbdbfe-c27d-5bd9-9c13-d110804e4946.html,ktbs.com,English,0,1,0,0,CPI
20231201T214500Z,Venezuela will vote on Guyana border row despite UN court ruling,https://starlocalmedia.com/news/national/venezuela-will-vote-on-guyana-border-row-despite-un-court-ruling/article_3d99f4d2-907c-5ab9-9684-1f9e4c50a99c.html,starlocalmedia.com,English,0,1,0,0,CPI
20231201T214500Z,Venezuela will vote on Guyana border row despite UN court ruling,https://www.digitaljournal.com/world/venezuela-will-vote-on-guyana-border-row-despite-un-court-ruling/article,digitaljournal.com,English,0,1,0,0,CPI
20231201T214500Z,Fact check : DeSantis - Newsom debate,https://www.courant.com/2023/12/01/some-of-what-was-true-and-not-from-debate-between-govs-newsom-and-desantis/,courant.com,English,0,1,0,0,CPI
20231201T213000Z,Union minister says need to expand nuclear energy to have green energy round - the - clock,https://indianexpress.com/article/cities/gandhinagar/nuclear-energy-expansion-rajkumar-singh-green-energy-renewable-energy-storage-cost-9050779/,indianexpress.com,English,0,0.649,0.351,0.6705,CPI
20231201T210000Z,"India meeting climate pledge , high emitters need to comply too : R K Singh",https://www.financialexpress.com/business/sustainability-india-meeting-climate-pledge-high-emitters-need-to-comply-too-r-k-singh-3323170/,financialexpress.com,English,0,1,0,0,CPI
20231201T210000Z,Four Illinois Cities Among the Top Small Towns For Famous People,https://97zokonline.com/four-illinois-cities-among-the-top-small-towns-for-famous-people/,97zokonline.com,English,0,0.847,0.153,0.2023,CPI
20231201T210000Z,Preliminary Owen Sound budget calls for 3 . 5 per cent hike,https://www.shorelinebeacon.com:443/news/local-news/preliminary-owen-sound-budget-calls-for-3-5-per-cent-hike,shorelinebeacon.com,English,0,1,0,0,CPI
20231201T203000Z,Who Really Won in the DeSantis - Newsom Debate,https://time.com/6341890/desantis-newsom-debate-who-won-numbers-essay/,time.com,English,0,0.637,0.363,0.6115,CPI
20231201T203000Z,Venezuela will vote on territory that belongs to recently oil - rich Guyana,https://www.cbc.ca/news/world/venezuela-guyana-esequiba-referendum-1.7046250,cbc.ca,English,0,0.753,0.247,0.5574,CPI
20231201T190000Z,Secretary Byrd Designates Quincy Main Street as the Florida Main Street Program of the Month,https://capitalsoup.com/2023/12/01/secretary-byrd-designates-quincy-main-street-as-the-florida-main-street-program-of-the-month/,capitalsoup.com,English,0,1,0,0,CPI
20231201T190000Z,Brazil army  intensifie border operations as Venezuela - Guyana territory dispute heats up,https://www.france24.com/en/americas/20231201-brazil-army-intensifies-border-operations-as-venezuela-guyana-territory-dispute-heats-up,france24.com,English,0.197,0.803,0,-0.4019,CPI
20231201T183000Z,How Robotics Can Help Manufacturers Optimize The Future,https://chiefexecutive.net/how-robotics-can-help-manufacturers-optimize-the-future/,chiefexecutive.net,English,0,0.504,0.496,0.7096,CPI
20231201T181500Z,The invisible killer haunting Laos 50 years after the Vietnam War,https://www.telegraph.co.uk/global-health/terror-and-security/laos-unexploded-ordnance-landmines-vietnam-war-henry-kissinger/,telegraph.co.uk,English,0.563,0.437,0,-0.8834,CPI
20231201T181500Z,Iconic Florida City Ranked Among The  Most Sinful  Cities In America,https://wiod.iheart.com/content/2023-11-30-iconic-florida-city-ranked-among-the-most-sinful-cities-in-america/,wiod.iheart.com,English,0.28,0.72,0,-0.5984,CPI
20231201T181500Z,DeSantis presents poop map of San Francisco as evidence of Democratic failures,https://sacobserver.com/2023/12/five-key-moments-from-the-newsom-desantis-debate/,sacobserver.com,English,0.214,0.786,0,-0.4588,CPI
20231201T171500Z,New Hampshire Democratic Contender Got Big Donations From Pain Clinic At Heart Of State Opioid Crisis,https://news.yahoo.com/hampshire-democratic-contender-got-big-163004246.html,news.yahoo.com,English,0.338,0.594,0.068,-0.7845,CPI
20231201T170000Z,China is a rich country ; it can no longer cry poor on climate,https://www.taipeitimes.com/News/editorials/archives/2023/12/02/2003810004,taipeitimes.com,English,0.42,0.4,0.18,-0.5859,CPI
20231201T170000Z,Iconic Colorado City Ranked Among The  Most Sinful  Cities In America,https://hits957.iheart.com/content/2023-11-30-iconic-colorado-city-ranked-among-the-most-sinful-cities-in-america/,hits957.iheart.com,English,0.28,0.72,0,-0.5984,CPI
20231201T164500Z,People Moves : Week ending Friday 1 December 2023,https://www.professionalpensions.com/news/4152294/people-moves-friday-1-december-2023,professionalpensions.com,English,0,1,0,0,CPI
20231201T164500Z,DA starts issuing onion import permits | The Manila Times,https://www.manilatimes.net/2023/12/02/business/top-business/da-starts-issuing-onion-import-permits/1922429,manilatimes.net,English,0,1,0,0,CPI
20231201T164500Z,How saving Great Salt Lake could improve our cities at the same time,https://www.sltrib.com/news/environment/2023/12/01/how-saving-great-salt-lake-could/,sltrib.com,English,0,0.611,0.389,0.7906,CPI
20231201T163000Z,"Fact - checking Newsom - DeSantis debate : Immigration , abortion , book bans",https://www.wlrn.org/government-politics/2023-12-01/newsom-desantis-debate-immigration-abortion-book-bans,wlrn.org,English,0,1,0,0,CPI
20231201T160000Z,Newsom humiliates DeSantis on Fox News,https://www.salon.com/2023/12/01/newsom-humiliates-desantis-on-fox-news/,salon.com,English,0.286,0.714,0,-0.25,CPI
20231201T160000Z,Editorial :  Guns dont kill ? Then why are US deaths such an outlier when maniacs attack ? ,https://www.dailycamera.com/2023/12/01/editorial-guns-dont-kill-then-why-are-us-deaths-such-an-outlier-when-maniacs-attack/,dailycamera.com,English,0.265,0.561,0.175,-0.2316,CPI
20231201T160000Z,21k tons of onions to offset holiday shortage bureau,https://manilastandard.net/news/314395319/21k-tons-of-onions-to-offset-holiday-shortage-bureau.html,manilastandard.net,English,0.171,0.598,0.231,0.1779,CPI
20231201T160000Z,China Economic Evolution From Deng Vision To Xi Divergence – Analysis – Eurasia Review,https://www.eurasiareview.com/01122023-chinas-economic-evolution-from-dengs-vision-to-xis-divergence-analysis/,eurasiareview.com,English,0,0.846,0.154,0.25,CPI
20231201T160000Z,"As Earth Average Global Temp Exceeds 2 Degrees Celsius , Here Why COP28 Matters | A Visual Story",https://www.news18.com/photogallery/photogallery/as-earths-average-global-temp-exceeds-2-degrees-celsius-heres-why-cop28-matters-a-visual-story-8685330.html,news18.com,English,0,0.922,0.078,0.0258,CPI
20231201T160000Z,Business . Scoop » When You Are Up Against  Big Kombucha  – What Does  Authentic Kombucha  Mean To You ? ,https://business.scoop.co.nz/2023/12/02/when-you-are-up-against-big-kombucha-what-does-authentic-kombucha-mean-to-you/,business.scoop.co.nz,English,0,0.904,0.096,0.1531,CPI
20231201T153000Z,Report : U . S . states carrying out death penalties in 2023 hit new 20 - year low,https://www.wftv.com/news/national/report-us-states/BHCL5IXBMBXR7LXIMSOX7KNDMI/,wftv.com,English,0.353,0.647,0,-0.7184,CPI
20231201T153000Z,The GOP Showed Again How Anti - Worker It Really Is,https://newrepublic.com/article/177246/gop-showed-anti-worker-labor-unions,newrepublic.com,English,0.204,0.796,0,-0.3182,CPI
20231201T144500Z,A Rochester man has run every day for more than 52 years mostly shirtless,https://www.startribune.com/a-rochester-man-has-run-every-day-for-more-than-52-years-mostly-shirtless/600323683/,startribune.com,English,0,1,0,0,CPI
20231201T143000Z,"movie producers , Schema - Root news",https://schema-root.org/people/career/filmmakers/,schema-root.org,English,0,1,0,0,CPI
20231201T143000Z,"Shuangliu District , Chengdu Awarded  China Happiest Urban Area  for Four Consecutive Years",https://www.lelezard.com/en/news-21172491.html,lelezard.com,English,0,0.592,0.408,0.7845,CPI
20231201T141500Z,"De Rugy : America , France and the free market | News , Sports , Jobs",https://www.heraldextra.com/news/opinion/editorial/2023/dec/01/de-rugy-america-france-and-the-free-market/,heraldextra.com,English,0,0.752,0.248,0.5106,CPI
20231201T130000Z,Pakistan Political Economy Perpetuates Its Water Crisis • Stimson Center,https://www.stimson.org/2023/pakistans-political-economy-perpetuates-its-water-crisis/,stimson.org,English,0.339,0.661,0,-0.6249,CPI
20231201T121500Z,Report : U . S . states carrying out death penalties in 2023 hit new 20 - year low,https://www.theboneonline.com/news/national/report-us-states/BHCL5IXBMBXR7LXIMSOX7KNDMI/,theboneonline.com,English,0.353,0.647,0,-0.7184,CPI
20231201T121500Z,Black Basta ransom haul tops $100M in less than 2 years,https://www.scmagazine.com/news/black-bastas-ransom-haul-tops-100m-in-less-than-2-years,scmagazine.com,English,0,0.732,0.268,0.5106,CPI
20231201T120000Z,"Indian stocks firm on Q2 GDP numbers , Nifty hits record high",https://organiser.org/2023/12/01/208836/bharat/indian-stocks-firm-on-q2-gdp-numbers-nifty-hits-record-high/,organiser.org,English,0,0.787,0.213,0.4019,CPI
20231201T120000Z,"Government allows importation of 21 , 000 MT of onions",https://businessmirror.com.ph/2023/12/01/government-allows-importation-of-21000-mt-of-onions/,businessmirror.com.ph,English,0,1,0,0,CPI
20231201T120000Z,  Secret of prosperity  in the mountains,http://english.anhuinews.com/newscenter/b/202312/t20231201_7250900.html,english.anhuinews.com,English,0,1,0,0,CPI
20231201T114500Z,Updates on SDG 15 in Rwanda - The Borgen Project,https://borgenproject.org/updates-on-sdg-15-in-rwanda/,borgenproject.org,English,0,1,0,0,CPI
20231201T111500Z,"Metal Biocides Global Market Report 2023 , Featuring Profiles of BASF , Clariant , Dow , Lonza Group , DuPont , AkzoNobel , Solvay and More",https://www.prnewswire.com/news-releases/metal-biocides-global-market-report-2023-featuring-profiles-of-basf-clariant-dow-lonza-group-dupont-akzonobel-solvay-and-more-302003053.html,prnewswire.com,English,0,1,0,0,CPI
20231201T111500Z,"Shuangliu District , Chengdu Awarded  China Happiest Urban Area  for Four Consecutive Years",https://www.prnewswire.com/news-releases/shuangliu-district-chengdu-awarded-chinas-happiest-urban-area-for-four-consecutive-years-302003181.html,prnewswire.com,English,0,0.592,0.408,0.7845,CPI
20231201T100000Z,Durian - inspired museum soon to open in Davao City,https://www.rappler.com/business/durian-inspired-museum-opening-davao-city-2024/,rappler.com,English,0,0.714,0.286,0.4939,CPI
20231201T100000Z,Deliver prosperity for once - impoverished  sea nomads  in Fujian,http://en.people.cn/n3/2023/1201/c90000-20105006.html,en.people.cn,English,0,1,0,0,CPI
20231201T100000Z,  We owe it to them : Families of Israelis killed in war find new hope through sperm extraction,https://localnews8.com/news/national-world/cnn-world/2023/11/30/we-owe-it-to-them-families-of-israelis-killed-in-war-find-new-hope-through-sperm-extraction/,localnews8.com,English,0.332,0.553,0.115,-0.7579,CPI
20231201T100000Z,"Indian stocks firm on Q2 GDP numbers , Nifty hits record high",https://www.indiagazette.com/news/274051144/indian-stocks-firm-on-q2-gdp-numbers-nifty-hits-record-high,indiagazette.com,English,0,0.787,0.213,0.4019,CPI
20231201T100000Z,"The stars are perfectly aligned for Javier Milei , Argentina chainsaw Thatcherite",https://www.telegraph.co.uk/business/2023/12/01/stars-perfectly-aligned-javier-milei-argentina-thatcherite/,telegraph.co.uk,English,0,0.704,0.296,0.6369,CPI
20240902T000000Z,China grip tightens : African nations struggle under massive foreign debt,https://www.nzherald.co.nz/world/chinas-grip-tightens-african-nations-struggle-under-massive-foreign-debt/U4RFCEMVGJC3NNXIAONPU3A4K4/,nzherald.co.nz,English,0.375,0.625,0,-0.5859,CPI
20240902T000000Z,Prospects for strong U . S . economy continue | Tatiana Bailey,https://gazette.com/business/prospects-for-strong-u-s-economy-continue-tatiana-bailey/article_3f3e844c-6583-11ef-9de2-bb98e4b5c6dc.html,gazette.com,English,0,0.476,0.524,0.6705,CPI
20240901T234500Z,Mnangagwa China visit misses the mark : corruption fight key to prosperity,https://www.thezimbabwean.co/2024/09/mnangagwas-china-visit-misses-the-mark-corruption-fight-key-to-prosperity/,thezimbabwean.co,English,0.333,0.667,0,-0.5423,CPI
20240901T233000Z,Bulgarians Rank Third in Europe for Gold Purchases Amid Record Prices - Novinite . com,https://www.novinite.com/view_news.php?id=228061,novinite.com,English,0,1,0,0,CPI
20240901T233000Z,Bigger Bank of Canada rate cut now on the table : What economists say about GDP,https://vancouversun.com:443/news/economy/bank-of-canada-bigger-cut-possible-after-gdp-data/wcm/8c7effce-a8f0-493c-a445-5fe5df0532e1,vancouversun.com,English,0.13,0.87,0,-0.2732,CPI
20240901T233000Z,Maine Ranks 7th Best State in the US to Have a Baby,https://b985.fm/ixp/698/p/maine-best-states-have-baby/,b985.fm,English,0,0.704,0.296,0.6369,CPI
20240901T224500Z,Shrinking rural Iowa loses maternity units,https://www.kmaland.com/news/shrinking-rural-iowa-loses-maternity-units/article_a30a2c14-664c-11ef-a86a-9bb6a7f2457f.html,kmaland.com,English,0.315,0.685,0,-0.3182,CPI
20240901T224500Z,Baystreet . ca - TSX Opens Muted Friday Ahead of Long Weekend,http://baystreet.ca/articles/marketupdates/102273/TSX-Opens-Muted-Friday-Ahead-of-Long-Weekend,baystreet.ca,English,0,1,0,0,CPI
20240901T224500Z,United Kingdom - COVENTRY : Severn Trent Water AMI Meters for AMP8,https://www.ukconstructionmedia.co.uk/opportunities/united-kingdom-coventry-severn-trent-water-ami-meters-for-amp8/,ukconstructionmedia.co.uk,English,0,0.763,0.237,0.4215,CPI
20240901T223000Z,Maine Named One of the Best States for Healthcare,https://i95rocks.com/ixp/697/p/maine-one-of-best-for-heathcare/,i95rocks.com,English,0,0.656,0.344,0.6369,CPI
20240901T214500Z,Shopify Is Now Cathie Wood Biggest Holding . Is It a Buy ? ,https://www.fool.com/investing/2024/09/01/shopify-is-now-cathie-woods-biggest-holding-is-it/?source=iedfolrf0000001,fool.com,English,0,1,0,0,CPI
20240901T214500Z,"On Labor Day , consider the injustice of forced union dues in California",https://www.sbsun.com/2024/09/01/on-labor-day-consider-the-injustice-of-forced-union-dues-in-california/,sbsun.com,English,0.401,0.599,0,-0.7717,CPI
20240901T211500Z,"On Labor Day , consider the injustice of forced union dues in California",https://www.dailynews.com/2024/09/01/on-labor-day-consider-the-injustice-of-forced-union-dues-in-california/,dailynews.com,English,0.401,0.599,0,-0.7717,CPI
20240901T211500Z,Poorest Town in Illinois Only Has 32 People That Call It Home ? ,https://103wjod.com/ixp/463/p/poorest-town-in-illinois/,103wjod.com,English,0.241,0.759,0,-0.5423,CPI
20240901T211500Z,"A year since coup , Gabon ousted ruling family in limbo",https://www.voiceofalexandria.com/news/national/a-year-since-coup-gabons-ousted-ruling-family-in-limbo/article_a54953f9-670f-5e85-8c79-f6bb083d83bf.html,voiceofalexandria.com,English,0,1,0,0,CPI
20240901T210000Z,Maine Named One of the Best States for Healthcare,https://q1065.fm/ixp/697/p/maine-one-of-best-for-heathcare/,q1065.fm,English,0,0.656,0.344,0.6369,CPI
20240901T210000Z,Florida ranked the most fun state in the country,https://www.wtsp.com/article/news/regional/florida/florida-most-fun-state-us/67-450159db-f474-4515-bc3e-b63a43b21261,wtsp.com,English,0,0.69,0.31,0.5563,CPI
20240901T204500Z,"On Labor Day , consider the injustice of forced union dues in California",https://www.whittierdailynews.com/2024/09/01/on-labor-day-consider-the-injustice-of-forced-union-dues-in-california/,whittierdailynews.com,English,0.401,0.599,0,-0.7717,CPI
20240901T201500Z,Poorest Town in Illinois Only Has 32 People That Call It Home ? ,https://wdbqam.com/ixp/463/p/poorest-town-in-illinois/,wdbqam.com,English,0.241,0.759,0,-0.5423,CPI
20240901T201500Z,Breakfast briefing : World major economies set for a positive run to the end of 2024,https://www.interest.co.nz/economy/129496/china-pmis-stay-lackluster-south-korea-japan-release-good-data-us-pce-inflation,interest.co.nz,English,0,0.783,0.217,0.5574,CPI
20240901T194500Z,Trudeau tightens temporary foreign worker program,https://troymedia.com/viewpoint/trudeau-tightens-temporary-foreign-worker-program-tfwp/,troymedia.com,English,0,1,0,0,CPI
20240901T194500Z,Canada is failing Gen - Z,https://troymedia.com/viewpoint/canada-is-failing-gen-z-feeling-betrayed-theyre-looking-elsewhere-for-opportunity/,troymedia.com,English,0.524,0.476,0,-0.5106,CPI
20240901T194500Z,"On Labor Day , consider the injustice of forced union dues in California",https://www.ocregister.com/2024/09/01/on-labor-day-consider-the-injustice-of-forced-union-dues-in-california/,ocregister.com,English,0.401,0.599,0,-0.7717,CPI
20240901T194500Z,"On Labor Day , consider the injustice of forced union dues in California",https://www.redlandsdailyfacts.com/2024/09/01/on-labor-day-consider-the-injustice-of-forced-union-dues-in-california/,redlandsdailyfacts.com,English,0.401,0.599,0,-0.7717,CPI
20240901T194500Z,Texa 11th Largest City Now 8th Most Dangerous in U . S . ,https://ksfa860.com/ixp/156/p/texas-most-dangerous-city/,ksfa860.com,English,0.298,0.702,0,-0.5256,CPI
20240901T190000Z,Situation in China worsens as kindergarten schools faces decline in number,https://www.sierraleonetimes.com/news/274531941/situation-in-china-worsens-as-kindergarten-schools-faces-decline-in-number,sierraleonetimes.com,English,0.231,0.672,0.097,-0.4215,CPI
20240901T190000Z,"Seas apart , tastes alike : The Norway - Jamaican salt fish connection",https://repeatingislands.com/2024/09/01/seas-apart-tastes-alike-the-norway-jamaican-salt-fish-connection/,repeatingislands.com,English,0,1,0,0,CPI
20240901T190000Z,"Carnegie Library In Lusk , Wyoming , Is Worth The … ",https://cowboystatedaily.com/2024/09/01/lusks-stunning-carnegie-library-one-of-wyomings-last-thats-still-a-library/,cowboystatedaily.com,English,0,0.787,0.213,0.2263,CPI
20240901T184500Z,Poorest Town in Illinois Only Has 32 People That Call It Home ? ,https://y105music.com/ixp/463/p/poorest-town-in-illinois/,y105music.com,English,0.241,0.759,0,-0.5423,CPI
20240901T181500Z,"How drought and GDP are related , shows new study",https://www.newkerala.com/news/2024/53718.htm,newkerala.com,English,0,1,0,0,CPI
20240901T181500Z,Far - right AfD wins election in East German state of Thuringia : Exit polls,https://www.euractiv.com/section/politics/news/far-right-afd-wins-election-in-east-german-state-of-thuringia-exit-polls/,euractiv.com,English,0,0.764,0.236,0.5719,CPI
20240901T181500Z,Why the IEA is Wrong About Peak Oil Demand  | Peak Oil News and Message Boards,https://peakoil.com/generalideas/why-the-iea-is-wrong-about-peak-oil-demand/comment-page-30,peakoil.com,English,0.261,0.739,0,-0.5574,CPI
20240901T180000Z,"Hamas Kills 6 Hostages , Blame Netanyahu",https://outsidethebeltway.com/hamas-kills-6-hostages-blame-netanyahu/,outsidethebeltway.com,English,0.663,0.337,0,-0.7096,CPI
20240901T180000Z,IRD looks at how much tax we pay - and whether we need to pay more,https://www.nzherald.co.nz/nz/politics/ird-looks-at-how-much-tax-we-pay-and-whether-we-need-to-pay-more/EHRKBAPUXRCO3G7I3ZHIHGEP2I/,nzherald.co.nz,English,0.177,0.823,0,-0.2023,CPI
20240901T174500Z,China achieves steady progress in agricultural green development : report,https://www.shanghaisun.com/news/274545409/china-achieves-steady-progress-in-agricultural-green-development-report,shanghaisun.com,English,0,0.741,0.259,0.4215,CPI
20240901T174500Z,The curse of Balochistan : Unveiling the reality behind CPEC ( IANS Analysis ) ,https://morungexpress.com/the-curse-of-balochistan-unveiling-the-reality-behind-cpec-ians-analysis,morungexpress.com,English,0.259,0.741,0,-0.5423,CPI
20240901T174500Z,Baystreet . ca - TSX Dips Below Breakeven by Noon Hour,http://baystreet.ca/articles/marketupdates/102276/TSX-Dips-Below-Breakeven-by-Noon-Hour,baystreet.ca,English,0,1,0,0,CPI
20240901T174500Z,Maine Ranks 7th Best State in the US to Have a Baby,https://949whom.com/ixp/698/p/maine-best-states-have-baby/,949whom.com,English,0,0.704,0.296,0.6369,CPI
20240901T173000Z,Australian households suffer  lost decade  ,https://www.macrobusiness.com.au/2024/09/australian-households-suffer-lost-decade/,macrobusiness.com.au,English,0.659,0.341,0,-0.7003,CPI
20240901T173000Z,Grim choices as soaring costs & veterinarian shortages bite,https://www.nzherald.co.nz/the-listener/new-zealand/grim-choices-as-soaring-costs-veterinarian-shortages-bite/OE5PCTDN3JAIHG6M32PERYGRG4/,nzherald.co.nz,English,0.469,0.531,0,-0.6486,CPI
20240901T173000Z,Poorest Town in Illinois Only Has 32 People That Call It Home ? ,https://myq1075.com/ixp/463/p/poorest-town-in-illinois/,myq1075.com,English,0.241,0.759,0,-0.5423,CPI
20240901T163000Z,"Summer travel season concludes with record trips , booming tourism",https://www.globaltimes.cn/page/202409/1319053.shtml,globaltimes.cn,English,0,1,0,0,CPI
20240901T161500Z,Texa 11th Largest City Now 8th Most Dangerous in U . S . ,https://kicks105.com/ixp/156/p/texas-most-dangerous-city/,kicks105.com,English,0.298,0.702,0,-0.5256,CPI
20240901T160000Z,Poland and the Portuguese Real Estate Market ! ,https://www.theportugalnews.com/news/2024-09-01/poland-and-the-portuguese-real-estate-market/91690,theportugalnews.com,English,0,1,0,0,CPI
20240901T154500Z,"Steve Auslander : The saga of the county attorney , the superintendent and the SUV , with bad music",https://tucson.com/opinion/column/steve-auslander-the-saga-of-the-county-attorney-the-superintendent-and-the-suv-with-bad/article_dd36b01a-6705-11ef-87d6-0f26bf3db8e0.html,tucson.com,English,0.189,0.811,0,-0.5423,CPI
20240901T154500Z,Cinde Warmington fights back against opioid claims,https://www.wmur.com/article/cinde-warmington-fights-back-against-opioid-claims-closeup/62027515,wmur.com,English,0.31,0.69,0,-0.4019,CPI
20240901T144500Z,"Illinois , Wisconsin Residents Warned as Puppy Scam Surge Peaks",https://kxkx.com/ixp/723/p/illinois-wisconsin-avoiding-puppy-buying-scams/,kxkx.com,English,0.453,0.547,0,-0.7003,CPI
20240901T141500Z,"How drought and GDP are related , shows new study",https://www.prokerala.com/news/articles/a1560939.html,prokerala.com,English,0,1,0,0,CPI
20240901T140000Z,"Meet Nebraska Populist Independent , Dan Osborn – Blue America",https://blueamerica.crooksandliars.com/2024/09/01/meet-nebraskas-populist-independent-dan-osborn/,blueamerica.crooksandliars.com,English,0,1,0,0,CPI
20240901T140000Z,"Illinois , Wisconsin Residents Warned as Puppy Scam Surge Peaks",https://ksisradio.com/ixp/723/p/illinois-wisconsin-avoiding-puppy-buying-scams/,ksisradio.com,English,0.453,0.547,0,-0.7003,CPI
20240901T133000Z,"Guest column : On Labor Day , consider the injustice of forced union dues in Pennsylvania",https://www.pottsmerc.com/2024/09/01/guest-column-on-labor-day-consider-the-injustice-of-forced-union-dues-in-pennsylvania/,pottsmerc.com,English,0.358,0.642,0,-0.7717,CPI
20240901T124500Z,"Guest column : On Labor Day , consider the injustice of forced union dues in Pennsylvania",https://www.timesherald.com/2024/09/01/guest-column-on-labor-day-consider-the-injustice-of-forced-union-dues-in-pennsylvania/,timesherald.com,English,0.358,0.642,0,-0.7717,CPI
20240901T114500Z,Louisiana lawmakers spent $113M on pet projects this year | News,https://www.nola.com/news/louisiana-lawmakers-spent-113-million-on-pet-projects-this-year/article_bf1330c4-6717-11ef-8c73-1b0f24ad82aa.html,nola.com,English,0,1,0,0,CPI
20240901T114500Z,20 Countries with the Highest Resource Consumption in the World,https://www.insidermonkey.com/blog/20-countries-with-the-highest-resource-consumption-in-the-world-1337958/,insidermonkey.com,English,0,1,0,0,CPI
20240901T114500Z,T & T needs  stronger focus on local farming  | Local News,https://trinidadexpress.com/news/local/t-t-needs-stronger-focus-on-local-farming/article_7216b8d4-6809-11ef-8b7e-bb98e3b170fa.html,trinidadexpress.com,English,0,0.729,0.271,0.3818,CPI
20240901T111500Z,Bulgarians Rank Third in Europe for Gold Purchases Amid Record Prices - Novinite . com,https://www.novinite.com/articles/228061/Bulgarians+Rank+Third+in+Europe+for+Gold+Purchases+Amid+Record+Prices,novinite.com,English,0,1,0,0,CPI
20240901T111500Z,There Will Be No  Day After  in Gaza - American Thinker,https://www.americanthinker.com/articles/2024/09/there_will_be_no_day_after_in_gaza.html,americanthinker.com,English,0.196,0.804,0,-0.296,CPI
20240901T110000Z,The Inflation Reduction Act may transform Nevada . Will voters care ? ,https://thenevadaindependent.com/article/the-inflation-reduction-act-may-transform-nevada-will-voters-care,thenevadaindependent.com,English,0,0.738,0.262,0.4939,CPI
20240901T104500Z,There Is No Real Evidence that Stop - and - Frisk Helps Reduce Crime,https://www.governing.com/now/there-is-no-real-evidence-that-stop-and-frisk-helps-reduce-crime,governing.com,English,0.427,0.432,0.141,-0.6486,CPI
20241001T231500Z,What do we know about the future of urbanization in relation to food system transformation ? ,https://www.cgiar.org/news-events/news/what-do-we-know-about-the-future-of-urbanization-food-system-transformation/,cgiar.org,English,0,1,0,0,CPI
20241001T231500Z,Europe Style Of Education and Economic Growth Balancing Social Needs,https://www.forbes.com/sites/bryanpenprase/2024/10/01/educating-for-europes-unique-style-of-economic-growth/,forbes.com,English,0,0.776,0.224,0.3818,CPI
20241001T231500Z,Indonesia  gold  vision - Editorial - The Jakarta Post,https://www.thejakartapost.com/opinion/2024/10/02/indonesias-gold-vision.html,thejakartapost.com,English,0,0.75,0.25,0.25,CPI
20241001T230000Z,Dr Bannor proposes creation of Mining Development Bank,https://www.modernghana.com/news/1345220/dr-bannor-proposes-creation-of-mining-development.html,modernghana.com,English,0,0.769,0.231,0.2732,CPI
20241001T223000Z,Montana Road Safety Crisis : The Heart of the Problem,https://mooseradio.com/ixp/1100/p/montanas-road-safety-crisis-the-heart-of-the-problem/,mooseradio.com,English,0.436,0.385,0.179,-0.6124,CPI
20241001T221500Z,"  Brutal : Mississippi Cops Shocked Black Man with Taser 18 Times Until He Was Covered In His Own Vomit , DOJ Says",https://atlantablackstar.com/2024/10/01/mississippi-cops-shocked-black-man-with-tazer-18-times-until-he-was-covered-in-his-own-vomit-doj-says/,atlantablackstar.com,English,0.262,0.738,0,-0.7506,CPI
20241001T220000Z,Take a nature squawk Oregon Coast TODAY,https://www.oregoncoasttoday.com/home/take-a-nature-squawk,oregoncoasttoday.com,English,0,1,0,0,CPI
20241001T220000Z,"As the yield spread on Treasuries inverts , have we avoided a recession ? ",https://www.theglobeandmail.com/investing/investment-ideas/article-as-the-yield-spread-on-treasuries-inverts-have-we-avoided-a-recession/,theglobeandmail.com,English,0.344,0.53,0.126,-0.5106,CPI
20241001T220000Z,The  After Exxon  Begins New Oil and Gas Chapter for Equatorial Guinea ( By Antonio Oburu Ondo ) ,http://www.businessghana.com/site/news/business/314999/The-%E2%80%9CAfter-Exxon%E2%80%9D-Begins-New-Oil-and-Gas-Chapter-for-Equatorial-Guinea-(By-Antonio-Oburu-Ondo),businessghana.com,English,0,1,0,0,CPI
20241001T220000Z,Open mike 02 / 10 / 2024,https://thestandard.org.nz/open-mike-02-10-2024/,thestandard.org.nz,English,0,1,0,0,CPI
20241001T220000Z,UK living standards flatline as net migration wipes out real GDP economic growth,https://www.express.co.uk/news/uk/1956013/uk-living-standards-gdp-migration,express.co.uk,English,0,0.822,0.178,0.3818,CPI
20241001T220000Z,Montana Road Safety Crisis : The Heart of the Problem,https://kmmsam.com/ixp/1100/p/montanas-road-safety-crisis-the-heart-of-the-problem/,kmmsam.com,English,0.436,0.385,0.179,-0.6124,CPI
20241001T214500Z,Indiana City Ranked Among the Best Foodie Cities for Your Wallet,https://103gbfrocks.com/ixp/71/p/indiana-ranked-best-foodie/,103gbfrocks.com,English,0,0.704,0.296,0.6369,CPI
20241001T211500Z,Wallethub : Carmel Is Best Small City in America,https://wibc.com/459044/wallethub-carmel-is-best-small-city-in-america/,wibc.com,English,0,0.625,0.375,0.6369,CPI
20241001T211500Z,Missoula Earns # 1 Ranking for Specific Kind of Healthcare,https://kyssfm.com/ixp/1116/p/missoula-disability-healthcare/,kyssfm.com,English,0,1,0,0,CPI
20241001T211500Z,Reasons Why Montana Ranks High For Helping the Homeless,https://kyssfm.com/ixp/1116/p/montana-homeless-support-rankings/,kyssfm.com,English,0,0.784,0.216,0.296,CPI
20241001T211500Z,"Washoe County Violent Crime , Property Crime Statistics Outpacing Rest of Nation",https://www.kkoh.com/2024/10/01/washoe-countys-violent-crime-property-crime-statistics-outpacing-rest-of-nation/,kkoh.com,English,0.577,0.423,0,-0.8979,CPI
20241001T204500Z,Why Does Texas Have More Rural Road Fatalities Than Other States ? ,https://mix931fm.com/why-does-texas-have-more-rural-road-fatalities-than-other-states/,mix931fm.com,English,0.294,0.706,0,-0.6326,CPI
20241001T203000Z,It Christmas in Venezuela in October – by order of the president,https://www.breakingnews.ie/world/its-christmas-in-venezuela-in-october-by-order-of-the-president-1678682.html,breakingnews.ie,English,0,1,0,0,CPI
20241001T203000Z,It Christmas in Venezuela in October – by order of the president,https://www.lbc.co.uk/world-news/3e550bc665b54038a085c62ac5c8a7b4/,lbc.co.uk,English,0,1,0,0,CPI
20241001T203000Z,Why Does Texas Have More Rural Road Fatalities Than Other States ? ,https://1025kiss.com/ixp/157/p/why-does-texas-have-more-rural-road-fatalities-than-other-states/,1025kiss.com,English,0.294,0.706,0,-0.6326,CPI
20241001T203000Z,It Christmas in Venezuela in October – by order of the president,https://jerseyeveningpost.com/morenews/worldnews/2024/10/01/its-christmas-in-venezuela-in-october-by-order-of-the-president/,jerseyeveningpost.com,English,0,1,0,0,CPI
20241001T200000Z,Balloon Juice - Jon Tester vs . the Racist Carpetbagger Who Wont Apologize for Racist Remarks ( and more ) ,https://balloon-juice.com/2024/10/01/jon-tester-vs-the-racist-carpetbagger-who-wont-apologize-for-racist-remarks-and-more/,balloon-juice.com,English,0.417,0.583,0,-0.8517,CPI
20241001T200000Z,NJ has some of the worst parallel parkers in the country,https://wpst.com/ixp/385/p/nj-has-some-of-the-worst-parallel-parkers-in-the-country/,wpst.com,English,0.291,0.709,0,-0.6249,CPI
20241001T200000Z,Montana Road Safety Crisis : The Heart of the Problem,https://xlcountry.com/ixp/1100/p/montanas-road-safety-crisis-the-heart-of-the-problem/,xlcountry.com,English,0.436,0.385,0.179,-0.6124,CPI
20241001T194500Z,"Reports : Prison health - care provider NaphCare , Arizona still noncompliant after 2022 case",https://www.kjzz.org/kjzz-news/2024-10-01/reports-prison-health-care-provider-naphcare-arizona-still-noncompliant-after-2022-case,kjzz.org,English,0.2,0.606,0.194,-0.0258,CPI
20241001T194500Z,Alpine County declares local emergency amid escalating fentanyl crisis,https://www.southtahoenow.com/story/10/01/2024/alpine-county-declares-local-emergency-amid-escalating-fentanyl-crisis,southtahoenow.com,English,0.489,0.511,0,-0.7717,CPI
20241001T194500Z,"These NY , NJ , CT small cities are some of the best in the US",https://www.fox5ny.com/news/ny-nj-ct-small-cities-best-us,fox5ny.com,English,0,0.756,0.244,0.6369,CPI
20241001T194500Z,Police stopped Government Harit Kalash Yatra on LG orders : Gopal Rai,https://www.dailypioneer.com/2024/state-editions/police-stopped-government---s-harit-kalash-yatra-on-lg---s-orders--gopal-rai.html,dailypioneer.com,English,0.16,0.84,0,-0.2263,CPI
20241001T194500Z,Alpine County declares local emergency amid escalating fentanyl crisis,http://southtahoenow.com/story/10/01/2024/alpine-county-declares-local-emergency-amid-escalating-fentanyl-crisis,southtahoenow.com,English,0.489,0.511,0,-0.7717,CPI
20241001T194500Z, 《 TAIPEI TIMES 》 Losses from scams hit NT$239 . 5bn - 焦點,https://news.ltn.com.tw/news/focus/breakingnews/4817639,news.ltn.com.tw,English,0.481,0.519,0,-0.7579,CPI
20241001T194500Z,China has lifted more than a billion people out of poverty,https://www.iol.co.za/capetimes/opinion/china-has-lifted-more-than-a-billion-people-out-of-poverty-ce8041f8-bd08-4d7d-86ee-fec71a1c93df,iol.co.za,English,0.268,0.732,0,-0.5106,CPI
20241001T194500Z,Vermont lawmakers ask Gov . Scott to use  executive power to address homeless crisis,https://www.yahoo.com/news/vermont-lawmakers-ask-gov-scott-170039576.html,yahoo.com,English,0.255,0.745,0,-0.6249,CPI
20241001T194500Z,"Navigating manufacturing landscape : Bridging growth , disparities , and industrial ambitions",https://www.dailypioneer.com/2024/columnists/navigating-manufacturing-landscape--bridging-growth--disparities--and-industrial-ambitions.html,dailypioneer.com,English,0,0.755,0.245,0.3818,CPI
20241001T193000Z,"As Democrats shift right , Republicans win on immigration narrative",https://www.emorywheel.com/article/2024/10/as-democrats-shift-right-republicans-win-on-immigration-narrative,emorywheel.com,English,0,0.678,0.322,0.5859,CPI
20241001T193000Z,Montana Road Safety Crisis : The Heart of the Problem,https://my1035.com/ixp/1100/p/montanas-road-safety-crisis-the-heart-of-the-problem/,my1035.com,English,0.436,0.385,0.179,-0.6124,CPI
20241001T193000Z,It Christmas in Venezuela in October – by order of the president,https://guernseypress.com/news/world-news/2024/10/01/its-christmas-in-venezuela-in-october--by-order-of-the-president/,guernseypress.com,English,0,1,0,0,CPI
20241001T190000Z,New diagnoses of diabetes rates rising rapidly in U . S .; where Louisiana ranks,https://www.yahoo.com/news/diagnoses-diabetes-rates-rising-rapidly-163100178.html,yahoo.com,English,0,1,0,0,CPI
20241001T174500Z,Were not being told the full truth on migration,https://www.aol.co.uk/news/not-being-told-full-truth-171200979.html,aol.co.uk,English,0,0.777,0.223,0.3182,CPI
20241001T173000Z,Post - Brexit Britain is pursuing the same flawed economic strategies as Europe,https://www.aol.co.uk/news/post-brexit-britain-pursuing-same-170000631.html,aol.co.uk,English,0,1,0,0,CPI
20241001T160000Z,Some of the Worst Cities for People with Disabilities Are in NY,https://961theeagle.com/ixp/41/p/least-accessible-cities-in-ny/,961theeagle.com,English,0.272,0.728,0,-0.6249,CPI
20241001T160000Z,Liberia Establishes New Diplomatic Relations With Five Countries,https://allafrica.com/stories/202410010476.html,allafrica.com,English,0,1,0,0,CPI
20241001T153000Z,"Dayton Music Fest returns for 20th year , features 32 acts on five stages",https://www.daytondailynews.com/what-to-know/dayton-music-fest-returns-for-20th-year-features-32-acts-on-five-stages/5PPZWMHMSJB33CAQYIIFUAP7GQ/,daytondailynews.com,English,0,1,0,0,CPI
20241001T153000Z,Targeted Support of the Wine Sector Reflected in Improved Quality,https://hungarytoday.hu/targeted-support-of-the-wine-sector-reflected-in-improved-quality/,hungarytoday.hu,English,0,0.58,0.42,0.7003,CPI
20241001T151500Z,"Coffee Shop Market is expected to reach USD 270 . 95 Bn by 2030 , as",https://www.openpr.com/news/3674742/coffee-shop-market-is-expected-to-reach-usd-270-95-bn-by-2030-as,openpr.com,English,0,0.922,0.078,0.0258,CPI
20241001T151500Z,Buffalo Bayou is doing what rivers do . Why are we encroaching on it ? ,http://www.houstonchronicle.com/opinion/letters/article/buffalo-bayou-erosion-floodplain-hurricane-beryl-19804544.php,houstonchronicle.com,English,0,1,0,0,CPI
20241001T151500Z,"Unbowed : Farmer Fights County $120 , 000 Fine For Housing Worker On - Site",https://www.agweb.com/news/crops/crop-production/unbowed-farmer-fights-countys-120-000-fine-housing-worker-site,agweb.com,English,0.186,0.69,0.124,-0.2263,CPI
20241001T150000Z,Some of the Worst Cities for People with Disabilities Are in NY,https://wibx950.com/least-accessible-cities-in-ny/,wibx950.com,English,0.272,0.728,0,-0.6249,CPI
20241001T144500Z,Public spending on health overtakes out - of - pocket expenditure in India : Report,https://www.ibtimes.co.in/public-spending-health-overtakes-out-pocket-expenditure-india-report-872905,ibtimes.co.in,English,0,1,0,0,CPI
20241001T144500Z,ACDF architecture fronts LINK tower in montréal with dormer archetypes,https://www.designboom.com/architecture/acdf-architecture-link-tower-montreal-matrix-dormer-archetypes-10-01-2024/,designboom.com,English,0,1,0,0,CPI
20241001T144500Z,"Op - Ed : Third in Population , First in Our Hearts | Hey Rhody Media Co . ","https://providenceonline.com/stories/op-ed-third-in-population-first-in-our-hearts,104545",providenceonline.com,English,0,1,0,0,CPI
20241001T131500Z,Short Interest in Capita plc ( OTCMKTS : CTAGF ) Expands By 11 . 5 % ,https://theenterpriseleader.com/2024/10/01/short-interest-in-capita-plc-otcmktsctagf-expands-by-11-5.html,theenterpriseleader.com,English,0,0.645,0.355,0.5267,CPI
20241001T131500Z,Archibald : Birmingham future is in doubt,https://www.al.com/news/2024/10/archibald-birminghams-future-is-in-doubt.html,al.com,English,0.333,0.667,0,-0.3612,CPI
20241001T124500Z,"Research shows fiber broadband to rural communities boosts income , business investment",https://vermontbiz.com/news/2024/october/01/research-shows-fiber-broadband-rural-communities-boosts-income-business,vermontbiz.com,English,0,0.813,0.187,0.3182,CPI
20241001T114500Z,A landmark fund for climate reparations is beginning to languish,https://grist.org/international/loss-and-damage-fund-board-reparations/,grist.org,English,0,0.86,0.14,0.0772,CPI
20241001T110000Z,BHP expects copper demand to grow by 1 mln metric tons a year until 2035 | Hellenic Shipping News Worldwide,https://www.hellenicshippingnews.com/bhp-expects-copper-demand-to-grow-by-1-mln-metric-tons-a-year-until-2035/,hellenicshippingnews.com,English,0.086,0.914,0,-0.128,CPI
20241001T104500Z,From the slave revolt to Springfield : why the US cant forgive Haiti,https://morningstaronline.co.uk/article/slave-revolt-springfield-why-us-cant-forgive-haiti,morningstaronline.co.uk,English,0.142,0.858,0,-0.2057,CPI
20241001T104500Z,Government spending on public health has tripled over last 10 years,https://aninews.in/news/business/government-spending-on-public-health-has-tripled-over-last-10-years20241001144458/,aninews.in,English,0,1,0,0,CPI
20241001T104500Z,Column : Trump glorification of the 1890s in America displays his dangerous ignorance of economics and history,https://www.yahoo.com/news/column-trumps-glorification-1890s-america-100002667.html,yahoo.com,English,0.259,0.602,0.139,-0.3818,CPI
20241001T094500Z,Poêles à Granulés Italia expands sustainable heating,https://www.globenewswire.com/news-release/2024/10/01/2955842/0/en/Po%C3%AAles-%C3%A0-Granul%C3%A9s-Italia-expands-sustainable-heating-solutions-in-France-and-Belgium.html,globenewswire.com,English,0,0.781,0.219,0.1027,CPI
20241001T090000Z,"Global Times : 75 years on , China path with strong CPC leadership , clear road map inspires world",https://www.tmcnet.com/usubmit/2024/10/01/10081214.htm,tmcnet.com,English,0,0.596,0.404,0.8316,CPI
20241001T083000Z,This Arizona City Was Rated The Most Pet - Friendly in U . S . in 2024,https://azmarijuana.com/arizona-medical-marijuana-news/this-arizona-city-was-rated-as-the-most-pet-friendly-in-u-s-in-2024/,azmarijuana.com,English,0,0.76,0.24,0.539,CPI
20241001T083000Z,"Coldplay concert for $11 , 000 ? Uproar in India after tickets sold out in minutes on BookMyShow and resold",https://edition.cnn.com/2024/10/01/asia/coldplay-concert-ticket-india-scalping-intl-hnk/,edition.cnn.com,English,0,1,0,0,CPI
20241001T083000Z,"Chinese celebrate 75th birthday of people republic with pride , hope",https://www.chinadailyhk.com/hk/article/594322,chinadailyhk.com,English,0,0.438,0.562,0.8402,CPI
20241001T080000Z,What to know about safety in Eugene,http://dailyemerald.com/151491/community-news/what-to-know-about-safety-in-eugene/,dailyemerald.com,English,0,0.682,0.318,0.4215,CPI
20241001T073000Z,Daily review 01 / 10 / 2024,https://thestandard.org.nz/daily-review-01-10-2024/,thestandard.org.nz,English,0,1,0,0,CPI
20241001T073000Z,The most dangerous cities to drive in America,https://1033wvyb.com/the-most-dangerous-cities-to-drive-in-america/,1033wvyb.com,English,0.326,0.674,0,-0.5256,CPI
20241001T070000Z,"Three County Commissioners Travel to Sacramento , Raising Questions About Meeting Rules",https://www.wweek.com/news/county/2024/09/30/three-county-commissioners-travel-to-sacramento-raising-questions-about-meeting-rules/,wweek.com,English,0,1,0,0,CPI
20241101T231500Z,Maryland is the first state to sign into new federal health care program,https://www.wvnews.com/mineralnews/newsfeed/us/maryland-is-the-first-state-to-sign-into-new-federal-health-care-program/article_d77fbc6f-d1bd-57d7-bc42-6cfd18b99e91.html,wvnews.com,English,0,0.789,0.211,0.4939,CPI
20241101T231500Z,"Standing next to a garbage truck , Vance tells supporters in Portage :  You are not garbage  ",https://www.yahoo.com/news/standing-next-garbage-truck-vance-221552417.html,yahoo.com,English,0,0.818,0.182,0.4404,CPI
20241101T224500Z,  Rule Breaker Investing  Mailbag : Nonpartisan Pre - Election Special,https://www.fool.com/investing/2024/11/01/rule-breaker-investing-mailbag-nonpartisan-pre-ele/?source=iedfolrf0000001,fool.com,English,0,0.722,0.278,0.4019,CPI
20241101T224500Z,Maryland is the first state to sign into new federal health care program,https://www.thewesterlysun.com/news/state/maryland-is-the-first-state-to-sign-into-new-federal-health-care-program/article_7266de05-50e9-5fb5-9069-8a0f8a8208a4.html,thewesterlysun.com,English,0,0.789,0.211,0.4939,CPI
20241101T220000Z,Maryland is the first state to sign into new federal health care program,https://mynorthwest.com/4004445/maryland-is-the-first-state-to-sign-into-new-federal-health-care-program/,mynorthwest.com,English,0,0.789,0.211,0.4939,CPI
20241101T211500Z,Maryland first state to sign into new federal health care program,https://www.times-news.com/news/maryland-first-state-to-sign-into-new-federal-health-care-program/article_70015c51-8c1c-52b1-8c64-0b1cb258f72b.html,times-news.com,English,0,0.758,0.242,0.4939,CPI
20241101T211500Z,Maryland is the first state to sign into new federal health care program,https://www.mymotherlode.com/news/national/3450158/maryland-is-the-first-state-to-sign-into-new-federal-health-care-program.html,mymotherlode.com,English,0,0.789,0.211,0.4939,CPI
20241101T210000Z,"Doing Business in Minnesota , a Microbiologics Perspective",https://businessfacilities.com/doing-business-in-minnesota-a-microbiologics-perspective-2/,businessfacilities.com,English,0,1,0,0,CPI
20241101T204500Z,Maryland is the first state to sign into new federal health care program,https://www.kob.com/news/health/maryland-is-the-first-state-to-sign-into-new-federal-health-care-program/,kob.com,English,0,0.789,0.211,0.4939,CPI
20241101T203000Z,Maryland is the first state to sign into new federal health care program,https://www.livemint.com/news/maryland-is-the-first-state-to-sign-into-new-federal-health-care-program-11730489005370.html,livemint.com,English,0,0.789,0.211,0.4939,CPI
20241101T201500Z,"51 years after home rule , D . C . fights to be the 51st state",https://georgetownvoice.com/2024/11/01/51-years-after-home-rule-d-c-fights-to-be-the-51st-state/,georgetownvoice.com,English,0.213,0.787,0,-0.4019,CPI
20241101T200000Z,Louisiana Named Second - Worst State in America for Jobs,https://talkradio960.com/ixp/36/p/louisiana-named-second-worst-state-america-jobs/,talkradio960.com,English,0.339,0.661,0,-0.6249,CPI
20241101T194500Z,Editorial : Banking on Baku summit,https://telanganatoday.com/editorial-banking-on-baku-summit,telanganatoday.com,English,0,1,0,0,CPI
20241101T194500Z,Where Americans are safest during an alien invasion revealed in new poll,https://www.dailymail.co.uk/sciencetech/article-14030619/Where-Americans-safest-alien-invasion-poll.html,dailymail.co.uk,English,0,0.803,0.197,0.4019,CPI
20241101T194500Z,Home Health Ownership Shifts May Boost Medicare Costs,https://www.miragenews.com/home-health-ownership-shifts-may-boost-medicare-1349403/,miragenews.com,English,0,0.722,0.278,0.4019,CPI
20241101T194500Z,How China Is Like the 19th Century U . S . ,https://www.construction-physics.com/p/how-china-is-like-the-19th-century,construction-physics.com,English,0,0.706,0.294,0.3612,CPI
20241101T194500Z,Maryland is the first state to sign into new federal health care program,https://www.yahoo.com/news/maryland-first-state-sign-federal-192201034.html,yahoo.com,English,0,0.789,0.211,0.4939,CPI
20241101T191500Z,Stunning European country has made public transport completely free for tourists,https://www.mirror.co.uk/travel/uk-ireland/stunning-european-country-made-public-33998101,mirror.co.uk,English,0,0.592,0.408,0.7346,CPI
20241101T184500Z,Maryland enters into AHEAD Model agreement,https://www.wbaltv.com/article/maryland-ahead-model-agreement-health-care-all-payer-program/62786856,wbaltv.com,English,0,0.61,0.39,0.4939,CPI
20241101T184500Z,The Monetary System Is the Disease,https://larouchepub.com/lar/2024/5143-the_monetary_system_is_the_dis-lar.html,larouchepub.com,English,0,1,0,0,CPI
20241101T184500Z,Botswana voters oust ruling party of sixty years,https://bdnews24.com/world/7998b42421ab,bdnews24.com,English,0,0.722,0.278,0.4019,CPI
20241101T184500Z,How China opens broad prospects for modernization by deepening reforms,https://www.shanghaisun.com/news/274741339/how-china-opens-broad-prospects-for-modernization-by-deepening-reforms,shanghaisun.com,English,0,0.804,0.196,0.296,CPI
20241101T183000Z,Louisiana Named Second - Worst State in America for Jobs,https://999ktdy.com/ixp/36/p/louisiana-named-second-worst-state-america-jobs/,999ktdy.com,English,0.339,0.661,0,-0.6249,CPI
20241101T181500Z,Combining Forces in Law Enforcement,https://talk1073.com/2024/11/01/combining-forces-in-law-enforcement/,talk1073.com,English,0,1,0,0,CPI
20241101T174500Z,Medical marijuana would face business challenges in Nebraska,https://kearneyhub.com/news/state-regional/business/medical-marijuana-would-face-business-challenges-in-nebraska-if-initiatives-pass/article_3e3925aa-3f89-5067-82b4-6d7da7bb7d6f.html,kearneyhub.com,English,0,0.843,0.157,0.0772,CPI
20241101T174500Z,Troy Reimink : A cover band is the ideal afterlife for an aging musician,https://www.record-eagle.com/news/arts_and_entertainment/troy-reimink-a-cover-band-is-the-ideal-afterlife-for-an-aging-musician/article_19e68d90-9637-11ef-82db-7fda26928a15.html,record-eagle.com,English,0,0.764,0.236,0.5267,CPI
20241101T173000Z,"Petrol , Jet Fuel , LPG Sales Surge As Economy Picks Up Pace",https://menafn.com/1108842097/Petrol-Jet-Fuel-LPG-Sales-Surge-As-Economy-Picks-Up-Pace,menafn.com,English,0,1,0,0,CPI
20241101T173000Z,Botswana voters kick out ruling party of nearly six decades,https://dunyanews.tv/en/World/847910-botswana-voters-kick-out-ruling-party-of-nearly-six-decades,dunyanews.tv,English,0,0.769,0.231,0.4019,CPI
20241101T171500Z,10 Bad Driving Habits in Idaho Could Lead to Big Traffic Tickets,https://mix106radio.com/ixp/660/p/bad-driving-habits-2024/,mix106radio.com,English,0.241,0.759,0,-0.5423,CPI
20241101T164500Z,"IMF Completes 2024 Review , Credit Line Talks With Mexico",https://www.miragenews.com/imf-completes-2024-review-credit-line-talks-1349296/,miragenews.com,English,0,0.755,0.245,0.3818,CPI
20241101T164500Z,"De Rugy : Which nations are the freest , and why should we care ? | News , Sports , Jobs",https://www.heraldextra.com/news/opinion/editorial/2024/nov/01/de-rugy-which-nations-are-the-freest-and-why-should-we-care/,heraldextra.com,English,0,0.691,0.309,0.7003,CPI
20241101T161500Z,Botswana voters kick out ruling party of nearly six decades,https://www.monitor.co.ug/uganda/news/botswana-voters-kick-out-ruling-party-of-nearly-six-decades-4808314,monitor.co.ug,English,0,0.769,0.231,0.4019,CPI
20241101T161500Z,China maintains it a developing country amid calls to contribute to UN climate fund,https://www.straitstimes.com/asia/east-asia/china-maintains-its-a-developing-country-amid-calls-to-contribute-to-un-climate-fund,straitstimes.com,English,0,1,0,0,CPI
20241101T154500Z,"Soda is making a comeback with higher sales for Coke , Pepsi",https://www.abc12.com/news/business/soda-is-making-a-comeback-with-higher-sales-for-coke-pepsi/article_76246ebe-916c-5fb3-8970-16cc4b03c28f.html,abc12.com,English,0,1,0,0,CPI
20241101T153000Z,Are we living in two different Americas ? - The Vicksburg Post,https://www.vicksburgpost.com/2024/11/01/are-we-living-in-two-different-americas/,vicksburgpost.com,English,0,1,0,0,CPI
20241101T153000Z,Michigan City Crowned One of The Dirties Cities In The Entire united states ,https://wkfr.com/ixp/690/p/dirtiest-city-usa-detroit/,wkfr.com,English,0,0.811,0.189,0.4215,CPI
20241101T150000Z,Medical marijuana would face business challenges in Nebraska,https://theindependent.com/news/state-regional/business/medical-marijuana-would-face-business-challenges-in-nebraska-if-initiatives-pass/article_d25b45dc-1f0b-5c5d-809c-df916957fc4f.html,theindependent.com,English,0,0.843,0.157,0.0772,CPI
20241101T150000Z,Mastercard Incorporated ( MA ): Among The 10 Best S & P 500 Stocks to Buy According to Hedge Funds,https://www.insidermonkey.com/blog/mastercard-incorporated-ma-among-the-10-best-sp-500-stocks-to-buy-according-to-hedge-funds-1382921/,insidermonkey.com,English,0.133,0.667,0.2,0.34,CPI
20241101T144500Z,Medical marijuana would face business challenges in Nebraska,https://yorknewstimes.com/news/state-regional/business/medical-marijuana-would-face-business-challenges-in-nebraska-if-initiatives-pass/article_b5c0ad7d-f1ea-5c09-8f7d-7ee33df07f3a.html,yorknewstimes.com,English,0,0.843,0.157,0.0772,CPI
20241101T144500Z,Soda is making a comeback | CNN Business,https://edition.cnn.com/2024/11/01/business/coke-dr-pepper-soda/,edition.cnn.com,English,0,1,0,0,CPI
20241101T140000Z,Canada isnt broken but it is badly mismanaged,https://financialpost.com/opinion/canada-isnt-broken-badly-mismanaged,financialpost.com,English,0.348,0.503,0.149,-0.5224,CPI
20241101T140000Z,Soda is making a comeback | CNN Business,https://www.cnn.com/2024/11/01/business/coke-dr-pepper-soda/,cnn.com,English,0,1,0,0,CPI
20241101T140000Z,"Haydarpaşa , Sirkeci stations set for cultural transformation by 2026",https://www.dailysabah.com/turkiye/istanbul/haydarpasa-sirkeci-stations-set-for-cultural-transformation-by-2026,dailysabah.com,English,0,1,0,0,CPI
20241101T134500Z,US Election  Nostradamu Suggests Harris Has the Edge in Four Swing States,https://www.newsweek.com/us-election-nostradamus-harris-has-edge-four-swing-states-1978477,newsweek.com,English,0,1,0,0,CPI
20241101T134500Z,  Last Night in Sweden : Trump 2017 comments were spot - on,https://www.zerohedge.com/the-market-ear/last-night-sweden-trumps-2017-comments-were-spot,zerohedge.com,English,0,1,0,0,CPI
20241101T134500Z,Soda is making a comeback,https://kvia.com/news/business-technology/cnn-business-consumer/2024/11/01/soda-is-making-a-comeback/,kvia.com,English,0,1,0,0,CPI
20241101T134500Z,Soda is making a comeback,https://www.wsiltv.com/news/consumer/soda-is-making-a-comeback/article_55b9b68b-622d-58fe-967b-865c2d329c77.html,wsiltv.com,English,0,1,0,0,CPI
20241101T130000Z,Is China a hero or villain in the climate fight ? ,https://www.voanews.com/a/is-china-a-hero-or-villain-in-the-climate-fight-/7847472.html,voanews.com,English,0.392,0.38,0.228,-0.3818,CPI
20241101T124500Z,Legal News,http://law.by/news/legal-news/2024/november/79382/,law.by,English,0,0.4,0.6,0.128,CPI
20241101T124500Z,Canada isnt broken but it is badly mismanaged,https://leaderpost.com:443/opinion/canada-isnt-broken-badly-mismanaged,leaderpost.com,English,0.348,0.503,0.149,-0.5224,CPI
20241101T124500Z,Election results could mean major changes in Medicaid,https://www.yahoo.com/news/election-results-could-mean-major-110046936.html,yahoo.com,English,0,1,0,0,CPI
20241101T121500Z,"Eswatini Overview : Development news , research , data",https://www.worldbank.org/en/country/eswatini/overview,worldbank.org,English,0,1,0,0,CPI
20241101T121500Z,"TransTrack expands to Australia ; Tomoro Coffee targets 3 , 000 new SE Asia outlets",https://www.dealstreetasia.com/stories/transtrack-australia-tomoro-coffee-new-outlets-418126,dealstreetasia.com,English,0,0.887,0.113,0.1027,CPI
20250201T230000Z,"Union Budget 2025 : Will FM Nirmala Sitharaman middle path lure Delhi , Bihar voters ? ",https://timesofindia.indiatimes.com/business/india-business/union-budget-2025-will-fm-nirmala-sitharamans-middle-path-lure-delhi-bihar-voters/articleshow/117844362.cms,timesofindia.indiatimes.com,English,0,1,0,0,CPI
20250201T224500Z,OPG Power Ventures ( LON : OPG ) Trading Down 8 . 8 % – Here What Happened,https://www.dailypolitical.com/2025/02/01/opg-power-ventures-lonopg-trading-down-8-8-heres-what-happened-2.html,dailypolitical.com,English,0,1,0,0,CPI
20250201T223000Z,CHANAKYA VIEW | When will govt deliver on second wave of reforms ? ,https://www.deccanchronicle.com/opinion/columnists/chanakyas-view-when-will-govt-deliver-on-second-wave-of-reforms-pavan-k-varma-1858339,deccanchronicle.com,English,0,1,0,0,CPI
20250201T220000Z,Politics vs data : Is the economy doing well as the State claims ? ,https://www.standardmedia.co.ke/business/business/article/2001510813/politics-vs-data-is-the-economy-doing-well-as-the-state-claims,standardmedia.co.ke,English,0,0.84,0.16,0.2732,CPI
20250201T200000Z,Budget 2025 Offers Rs 500 Crore For AI Centres To Boost India Tech Future,https://techstory.in/budget-2025-offers-rs-500-crore-for-ai-centres-to-boost-indias-tech-future/,techstory.in,English,0,0.828,0.172,0.4019,CPI
20250201T190000Z,This Person is the Highest Paid State Employee in Massachusetts,https://wbsm.com/ixp/920/p/this-person-is-the-highest-paid-state-employee-in-massachusetts/,wbsm.com,English,0,1,0,0,CPI
20250201T190000Z,OPG Power Ventures ( LON : OPG ) Shares Down 8 . 8 % – Time to Sell ? ,https://www.wkrb13.com/2025/02/01/opg-power-ventures-lonopg-shares-down-8-8-time-to-sell.html,wkrb13.com,English,0,0.804,0.196,0.296,CPI
20250201T184500Z,Britain is inexorably lurching towards total bankruptcy . I know who is really to blame,https://www.yahoo.com/news/britain-inexorably-lurching-towards-total-180000953.html,yahoo.com,English,0.182,0.818,0,-0.3976,CPI
20250201T183000Z,Omaha unsheltered homelessness rising at fastest rate of any US city,https://nebraskapublicmedia.org/en/news/news-articles/omahas-unsheltered-homelessness-rising-at-fastest-rate-of-any-us-city/,nebraskapublicmedia.org,English,0,1,0,0,CPI
20250201T180000Z,"The  Outdoor Capital Of Texa Is An Underrated , Fast - Growing , Affordable , And Artsy City Full Of Parkland",https://www.islands.com/1771857/outdoor-capital-texas-buda-underrated-fast-growing-affordable-artsy-city-full-parkland/,islands.com,English,0,0.904,0.096,0.1779,CPI
20250201T171500Z,"Great Services , High Prices : How CT Ranks For Retirement In New Study",https://dailyvoice.com/connecticut/norwalk/great-services-high-prices-how-ct-ranks-for-retirement-in-new-study/,dailyvoice.com,English,0,0.728,0.272,0.6249,CPI
20250201T171500Z,"Mend , dont end , FEMA - Washington Examiner",https://www.washingtonexaminer.com/opinion/3305932/mend-dont-end-fema/,washingtonexaminer.com,English,0,1,0,0,CPI
20250201T161500Z,Urban v / s Rural Consumption – Do Budget 2025 proposals give fill - up to both ? ,https://economictimes.indiatimes.com/opinion/et-commentary/urban-v/s-rural-consumption-do-budget-2025-proposals-give-fill-up-to-both/articleshow/117837078.cms,economictimes.indiatimes.com,English,0,1,0,0,CPI
20250201T160000Z,McDaniel : Racists dont want Wyoming children to learn the truth,https://www.wyomingnews.com/opinion/guest_column/mcdaniel-racists-dont-want-wyomings-children-to-learn-the-truth/article_bf847668-df61-11ef-a484-ff55ddafb3ca.html,wyomingnews.com,English,0.337,0.499,0.164,-0.3447,CPI
20250201T153000Z,Tax relief benefits only a small section - The Hindu BusinessLine,https://www.thehindubusinessline.com/opinion/tax-relief-benefits-only-a-small-section/article69168580.ece,thehindubusinessline.com,English,0,0.551,0.449,0.6908,CPI
20250201T151500Z,"Great Services , High Prices : How CT Ranks For Retirement In New Study",https://dailyvoice.com/ct/hartford/wallethubs-2025-study-on-best-worst-states-for-retirement/,dailyvoice.com,English,0,0.728,0.272,0.6249,CPI
20250201T144500Z,"Will ensure comprehensive development of Rayalaseema region , says Andhra Pradesh Chief Minister Chandrababu Naidu",https://www.thehindu.com/news/national/andhra-pradesh/will-ensure-comprehensive-development-of-rayalaseema-region-says-andhra-pradesh-chief-minister-chandrababu-naidu/article69168518.ece,thehindu.com,English,0,0.723,0.277,0.5574,CPI
20250201T144500Z,Budget 2025 - 26 : Addressing India Non - Paid Employment Crisis and Women Workforce Participation,https://www.downtoearth.org.in/economy/budget-2025-26-india-has-a-non-paid-employment-crisis,downtoearth.org.in,English,0.255,0.745,0,-0.6249,CPI
20250201T134500Z,Budget and Its Two Pillars : Private investment and middle class,https://www.moneycontrol.com/news/opinion/budget-and-its-two-pillars-private-investment-and-middle-class-12927491.html,moneycontrol.com,English,0,1,0,0,CPI
20250201T134500Z,Consumer discretionary stocks set to benefit from rising middle class income : Pankaj Tibrewal,https://www.moneycontrol.com/budget/consumer-discretionary-stocks-set-to-benefit-from-rising-middle-class-income-pankaj-tibrewal-article-12927504.html,moneycontrol.com,English,0,0.8,0.2,0.4588,CPI
20250201T134500Z,Exxon Mobil Corporation ( NYSE : XOM ) Q4 2024 Earnings Call Transcript,https://www.insidermonkey.com/blog/exxon-mobil-corporation-nysexom-q4-2024-earnings-call-transcript-1440191/,insidermonkey.com,English,0,1,0,0,CPI
20250201T134500Z,The RFK Jr . Op - Ed the Los Angeles Times Didnt Want You to Read,https://newrepublic.com/article/191030/rfk-jr-op-ed-los-angeles-times,newrepublic.com,English,0.086,0.914,0,-0.0572,CPI
20250201T131500Z,The RFK Jr . Op - Ed the Los Angeles Times Didnt Want You to Read,https://www.yahoo.com/news/rfk-jr-op-ed-los-110000096.html,yahoo.com,English,0.086,0.914,0,-0.0572,CPI
20250201T131500Z,Modi turns to India vast middle class to revive growth in rough global year,https://dunyanews.tv/en/Business/865862-modi-turns-to-indias-vast-middle-class-to-revive-growth-in-rough-glob,dunyanews.tv,English,0,0.706,0.294,0.6124,CPI
20250201T114500Z,"India budget gives tax relief to middle class to boost spending , growth | Business and Economy News",https://www.aljazeera.com/news/2025/2/1/indias-budget-gives-tax-relief-to-middle-class-to-boost-spending-growth,aljazeera.com,English,0,0.607,0.393,0.8126,CPI
20250201T111500Z,"Share Market Highlights 1 February 2025 : Sensex , Nifty see muted reaction as Budget 2025 prioritises consumption over capex",https://www.thehindubusinessline.com/markets/stock-market-highlights-1-february-2025/article69164334.ece,thehindubusinessline.com,English,0,0.754,0.246,0.5994,CPI
20250201T111500Z,Across China : Ensuring a decent life for disabled couple in mountainous Shaanxi,https://www.shanghaisun.com/news/275008660/across-china-ensuring-a-decent-life-for-disabled-couple-in-mountainous-shaanxi,shanghaisun.com,English,0,0.826,0.174,0.2732,CPI
20250201T100000Z,A Jackpot for the Middle Class - Open The Magazine,https://openthemagazine.com/feature/a-jackpot-for-the-middle-class/,openthemagazine.com,English,0,1,0,0,CPI
20250201T091500Z,"Budget 2025 stocks : Ion Exchange , Shakti Pump & other water treatment counters fall up to 4 % ",https://economictimes.indiatimes.com/markets/stocks/news/budget-2025-stocks-ion-exchange-shakti-pump-other-water-treatment-counters-fall-up-to-4/articleshow/117825313.cms,economictimes.indiatimes.com,English,0,1,0,0,CPI
20250201T091500Z,Union Budget 2025 : How Nirmala Sitharaman Budget focuses on  GYAN  – Firstpost,https://www.firstpost.com/explainers/union-budget-2025-nirmala-sitharaman-gyan-garib-yuva-annadata-nari-13858501.html,firstpost.com,English,0,1,0,0,CPI
20250201T084500Z,Centre allows 100 % foreign investment in insurance to boost capital flow,https://economictimes.indiatimes.com/industry/banking/finance/insure/centre-allows-100-foreign-investment-in-insurance-to-boost-capital-flow/articleshow/117824325.cms,economictimes.indiatimes.com,English,0,0.787,0.213,0.4019,CPI
20250201T083000Z,"Swaminathan Aiyar : Budget 2025 : Tax sops for middle class too high & shrinks tax base ; no mention of capex , Trump threat : Swaminathan Aiyar",https://economictimes.indiatimes.com/markets/expert-view/budget-2025-tax-sops-for-middle-class-too-high-shrinks-tax-base-no-mention-of-capex-trump-threat-swaminathan-aiyar/articleshow/117823748.cms,economictimes.indiatimes.com,English,0.219,0.781,0,-0.6808,CPI
20250201T073000Z,Japan ready to collaborate with Việt Nam on nuclear power plan : diplomat,https://vietnamnews.vn/opinion/1691497/japan-ready-to-collaborate-with-viet-nam-on-nuclear-power-plan-diplomat.html,vietnamnews.vn,English,0,0.815,0.185,0.3612,CPI
20250201T060000Z,Across China : Ensuring a decent life for disabled couple in mountainous Shaanxi - Xinhua,https://english.news.cn/20250201/c1d583fc81494a09ba35459a307b8d4d/c.html,english.news.cn,English,0,0.84,0.16,0.2732,CPI
20250201T033000Z,  It been a sweet ride : Ivins mayor teases retirement in annual address,https://www.stgeorgeutah.com/news/its-been-a-sweet-ride-ivins-mayor-teases-retirement-in-annual-address/article_711d3fa6-decf-11ef-8d3e-a735ca450dd8.html,stgeorgeutah.com,English,0.155,0.634,0.211,0.2023,CPI
20250201T023000Z,Reinhart : Trump health care disruption could pay off if he pushes real reform,https://itemlive.com/2025/01/31/reinhart-trumps-health-care-disruption-could-pay-off-if-he-pushes-real-reform/,itemlive.com,English,0.228,0.585,0.187,0.0772,CPI
20250201T014500Z,Lambton Library issues reading challenge | Chatham This Week,https://www.chathamthisweek.com:443/news/local-news/lambton-library-issues-reading-challenge,chathamthisweek.com,English,0,0.843,0.157,0.0772,CPI
20250201T014500Z,Lambton Library issues reading challenge,https://www.thelondoner.ca:443/news/local-news/lambton-library-issues-reading-challenge,thelondoner.ca,English,0,0.755,0.245,0.0772,CPI
20250201T013000Z,Erase the trust deficit,https://www.financialexpress.com/policy/economy-erase-the-trust-deficit-3732936/,financialexpress.com,English,0.338,0.25,0.412,0.1531,CPI
20250201T013000Z,Is the DfI running out of road on active travel targets ? ,https://www.yahoo.com/news/dfi-running-road-active-travel-000527862.html,yahoo.com,English,0,0.787,0.213,0.4019,CPI
20250201T004500Z,Lambton Library issues reading challenge | The West Elgin Chronicle,https://www.thechronicle-online.com:443/news/local-news/lambton-library-issues-reading-challenge,thechronicle-online.com,English,0,0.86,0.14,0.0772,CPI
20250201T000000Z,OPG Power Ventures ( LON : OPG ) Shares Down 8 . 8 % – Should You Sell ? ,https://theenterpriseleader.com/2025/01/31/opg-power-ventures-lonopg-shares-down-8-8-should-you-sell.html,theenterpriseleader.com,English,0,0.804,0.196,0.296,CPI
20250131T234500Z,Trump threats are inspiring Canada to tackle trade war from within,https://www.theglobeandmail.com/business/article-trump-threats-are-inspiring-canada-to-tackle-trade-war-from-within/,theglobeandmail.com,English,0.383,0.457,0.16,-0.5994,CPI
20250131T234500Z,Abolishing FEMA would hurt all Americans particularly Trump voters,https://www.atlanticcouncil.org/blogs/new-atlanticist/abolishing-fema-would-hurt-all-americans-particularly-trump-voters/,atlanticcouncil.org,English,0.298,0.702,0,-0.5267,CPI
20250131T234500Z,Lambton Library issues reading challenge | Strathroy Age Dispatch,https://www.strathroyagedispatch.com:443/news/local-news/lambton-library-issues-reading-challenge,strathroyagedispatch.com,English,0,0.843,0.157,0.0772,CPI
20250131T233000Z,Lambton Library issues reading challenge,https://www.simcoereformer.ca:443/news/local-news/lambton-library-issues-reading-challenge,simcoereformer.ca,English,0,0.755,0.245,0.0772,CPI
20250131T231500Z,OPG Power Ventures ( LON : OPG ) Trading Down 8 . 8 % – Should You Sell ? ,https://theenterpriseleader.com/2025/01/31/opg-power-ventures-lonopg-trading-down-8-8-should-you-sell.html,theenterpriseleader.com,English,0,1,0,0,CPI
20250131T230000Z,Lambton Library issues reading challenge | Brantford Expositor,https://www.brantfordexpositor.ca:443/news/local-news/lambton-library-issues-reading-challenge,brantfordexpositor.ca,English,0,0.822,0.178,0.0772,CPI
20250131T224500Z,OPG Power Ventures ( LON : OPG ) Stock Price Down 8 . 8 % – Here What Happened,https://www.dailypolitical.com/2025/01/31/opg-power-ventures-lonopg-stock-price-down-8-8-heres-what-happened.html,dailypolitical.com,English,0,1,0,0,CPI
20250131T224500Z,Lambton Library issues reading challenge | The Sarnia Observer,https://www.theobserver.ca:443/news/local-news/lambton-library-issues-reading-challenge/wcm/39f831ba-47fd-42ef-9ddd-9566e705e34e,theobserver.ca,English,0,0.843,0.157,0.0772,CPI
20250131T224500Z,Lambton Library issues reading challenge | The Sarnia Observer,https://www.theobserver.ca:443/news/local-news/lambton-library-issues-reading-challenge,theobserver.ca,English,0,0.843,0.157,0.0772,CPI
20250131T224500Z,Montana Medicaid : How Trump and GOP - led Congress could alter health care for thousands,https://insurancenewsnet.com/oarticle/montana-medicaid-how-trump-and-gop-led-congress-could-alter-health-care-for-thousands,insurancenewsnet.com,English,0,0.802,0.198,0.4939,CPI
20250131T224500Z,Medicaid policy changes may shift costs to states,https://www.nhbr.com/medicaid-policy-changes-may-shift-costs-to-states/,nhbr.com,English,0,1,0,0,CPI
20250131T221500Z,Lambton Library issues reading challenge | Sarnia & Lambton County This Week,https://www.sarniathisweek.com:443/news/local-news/lambton-library-issues-reading-challenge,sarniathisweek.com,English,0,0.874,0.126,0.0772,CPI
20250131T221500Z,Lambton Library issues reading challenge | Sarnia & Lambton County This Week,https://www.sarniathisweek.com:443/news/local-news/lambton-library-issues-reading-challenge/wcm/39f831ba-47fd-42ef-9ddd-9566e705e34e,sarniathisweek.com,English,0,0.874,0.126,0.0772,CPI
20250131T221500Z,Lambton Library issues reading challenge | Chatham Daily News,https://www.chathamdailynews.ca:443/news/local-news/lambton-library-issues-reading-challenge,chathamdailynews.ca,English,0,0.843,0.157,0.0772,CPI
20250302T000000Z,"Illinois , Iowa Among Best States For Wildlife Protection",https://y105music.com/ixp/711/p/illinois-iowa-among-best-states-for-wildlife-protection/,y105music.com,English,0,0.625,0.375,0.6369,CPI
20250301T233000Z,"Las Vegas , Miami , Orlando ranked as best US cities for affordable fun - Las Vegas Sun News",https://lasvegassun.com/news/2025/mar/01/las-vegas-miami-orlando-ranked-as-best-us-cities-f/,lasvegassun.com,English,0,0.651,0.349,0.8176,CPI
20250301T230000Z,Experts Say the Best Run City in Michigan Is Grand Rapids,https://wgrd.com/ixp/45/p/best-run-city-michigan/,wgrd.com,English,0,0.556,0.444,0.802,CPI
20250301T224500Z,Texas Leads Nation In Fatal Police Encounters For 2024,https://b93.net/ixp/157/p/texas-leads-nation-in-fatal-police-encounters-but-is-theres-more-to-the-story/,b93.net,English,0.304,0.696,0,-0.5423,CPI
20250301T224500Z,"Viksit Bharat goal realisable , per capita income needs to grow , says Panagariya",https://timesofindia.indiatimes.com/india/viksit-bharat-goal-realisable-per-capita-income-needs-to-grow-says-panagariya/articleshow/118654865.cms,timesofindia.indiatimes.com,English,0,1,0,0,CPI
20250301T224500Z,Opinion | What Hong Kong tourism can learn from Disneyland magical turnaround,https://www.scmp.com/opinion/hong-kong-opinion/article/3300416/what-hong-kong-tourism-can-learn-disneylands-magical-turnaround,scmp.com,English,0,1,0,0,CPI
20250301T221500Z,Lombardo Warns of Medicaid Cuts in Nevada,https://thisisreno.com/2025/03/nevada-concerns-medicaid-cuts/,thisisreno.com,English,0.419,0.581,0,-0.3818,CPI
20250301T211500Z,"Illinois , Iowa Among Best States For Wildlife Protection",https://myq1075.com/ixp/711/p/illinois-iowa-among-best-states-for-wildlife-protection/,myq1075.com,English,0,0.625,0.375,0.6369,CPI
20250301T194500Z,Are Australian tourists waking up from the American Dream ? ,https://www.canberratimes.com.au/story/8903121/are-australian-tourists-waking-up-from-the-american-dream/?cs=14329,canberratimes.com.au,English,0,0.8,0.2,0.25,CPI
20250301T194500Z,100th Legislative Session 2025 – Week 7 by Rep . Mike Weisgram ( R - Fort Pierre ) ,https://drgnews.com/2025/03/01/100th-legislative-session-2025-week-1-by-rep-mike-weisgram-r-fort-pierre/,drgnews.com,English,0,1,0,0,CPI
20250301T194500Z,"More Money , Better Stories : Why Hollywood Needs More Latinos – Mother Jones",https://www.motherjones.com/media/2025/01/study-latino-hollywood-movie-actors-oscars/,motherjones.com,English,0,0.759,0.241,0.4902,CPI
20250301T193000Z,"Illinois , Iowa Among Best States For Wildlife Protection",https://krna.com/ixp/711/p/illinois-iowa-among-best-states-for-wildlife-protection/,krna.com,English,0,0.625,0.375,0.6369,CPI
20250301T193000Z,Corruption still unbridled for businesses,https://www.thedailystar.net/business/economy/news/corruption-still-unbridled-businesses-3837181,thedailystar.net,English,0,1,0,0,CPI
20250301T191500Z,Mississippi is second worst in US for wildlife protection : report,https://www.yahoo.com/news/mississippi-second-worst-us-wildlife-165940762.html,yahoo.com,English,0.313,0.687,0,-0.6249,CPI
20250301T190000Z,Free estate planning presentation at Belle Reve,https://www.pikecountycourier.com/news/local-news/free-estate-planning-presentation-at-belle-reve-AD4270277,pikecountycourier.com,English,0,0.645,0.355,0.5106,CPI
20250301T190000Z,Abinader says Dominican Republic growth doubled that of the region in 2024,https://dominicantoday.com/dr/local/2025/03/01/abinader-says-dominican-republic-growth-doubled-that-of-the-region-in-2024/,dominicantoday.com,English,0,0.809,0.191,0.3818,CPI
20250301T183000Z,India should wait for higher per capita income before full capital account convertibility : Panagariya,https://www.thehindubusinessline.com/economy/india-should-wait-for-higher-per-capita-income-before-adopting-full-capital-account-convertibility-panagariya/article69278975.ece,thehindubusinessline.com,English,0,1,0,0,CPI
20250301T180000Z,Ayuda | Philstar . com,https://www.philstar.com/opinion/2025/03/02/2425137/ayuda,philstar.com,English,0,1,0,0,CPI
20250301T164500Z,"Flu , whooping cough in full force as dual outbreaks spread in Spokane County",https://www.yahoo.com/news/flu-whooping-cough-full-force-045900350.html,yahoo.com,English,0.178,0.822,0,-0.3818,CPI
20250301T164500Z,Former Infosys CFO Mohan Das Pai meets Dy CM Shivakumar over development of Bengaluru,https://www.prokerala.com/news/articles/a1612300.html,prokerala.com,English,0,1,0,0,CPI
20250301T144500Z,India GDP Growth Estimated At 7 . 6 Per Cent In Q4 FY25 Amid Resilient Economy : SBI Research | Economy News,https://zeenews.india.com/economy/india-s-gdp-growth-estimated-at-7-6-per-cent-in-q4-fy25-amid-resilient-economy-sbi-research-2865915.html,zeenews.india.com,English,0,0.86,0.14,0.3818,CPI
20250301T144500Z,Town Talk | Life | idahopress . com,https://www.idahopress.com/community/life/town-talk/article_ec94cf6e-f577-11ef-89b9-2fd80dd2e409.html,idahopress.com,English,0,1,0,0,CPI
20250301T141500Z,County bets on value addition to drive up agribusiness,https://www.standardmedia.co.ke/counties/article/2001512938/county-bets-on-value-addition-to-drive-up-agribusiness,standardmedia.co.ke,English,0,0.769,0.231,0.34,CPI
20250301T134500Z,Rachel Reeves has just weeks to save the economy from her Budget,https://www.yahoo.com/news/rachel-reeves-just-weeks-save-123000812.html,yahoo.com,English,0,0.775,0.225,0.4939,CPI
20250301T133000Z,"Viksit Bharat  2047 a realisable ambition , per capita income needs to grow at 7 . 3 %: Panagariya",https://economictimes.indiatimes.com/news/economy/policy/viksit-bharat2047-a-realisable-ambition-per-capita-income-needs-to-grow-at-7-3-panagariya/articleshow/118649385.cms,economictimes.indiatimes.com,English,0,1,0,0,CPI
20250301T133000Z,"Illinois , Iowa Among Best States For Wildlife Protection",https://103wjod.com/ixp/711/p/illinois-iowa-among-best-states-for-wildlife-protection/,103wjod.com,English,0,0.625,0.375,0.6369,CPI
20250301T131500Z,$10 - trillion economy : Finance Commission chief Arvind Panagariya says India on track to achieve goal,https://www.businesstoday.in/latest/economy/story/10-trillion-economy-finance-commission-chief-arvind-panagariya-says-india-on-track-to-achieve-goal-466382-2025-03-01,businesstoday.in,English,0,1,0,0,CPI
20250301T124500Z,"Dont worry about Nishant , instead focus on RJD : Bihar Minister to Tejashwi",https://www.prokerala.com/news/articles/a1612206.html,prokerala.com,English,0,0.821,0.179,0.3412,CPI
20250301T123000Z,Time for the West to admit Trump right : The Paris Accord was a huge mistake,https://nypost.com/2025/03/01/opinion/time-for-the-west-to-admit-trumps-right-the-paris-accord-was-a-huge-mistake/,nypost.com,English,0.137,0.629,0.234,0.1779,CPI
20250301T121500Z,Opinion : The incredible egg is facing an eggsistential crisis,https://www.theglobeandmail.com/opinion/article-the-incredible-egg-is-facing-an-eggsistential-crisis/,theglobeandmail.com,English,0.339,0.661,0,-0.6249,CPI
20250301T121500Z,  HALLOWED GROUND : Greenfield council OKs perpetual funding for downtown veterans park - The Daily Reporter,https://www.greenfieldreporter.com/2025/03/01/hallowed-ground-greenfield-council-oks-perpetual-funding-for-downtown-veterans-park/,greenfieldreporter.com,English,0,1,0,0,CPI
20250301T121500Z,India Real Estate Market Trends : Luxury Buying Likely To Rise,https://www.freepressjournal.in/business/indias-real-estate-market-trends-luxury-buying-likely-to-rise,freepressjournal.in,English,0,1,0,0,CPI
20250301T121500Z,Cutting Zelensky Down To Size,https://www.zerohedge.com/news/2025-02-28/cutting-zelensky-down-size,zerohedge.com,English,0.273,0.727,0,-0.128,CPI
20250301T121500Z,"Illinois , Iowa Among Best States For Wildlife Protection",https://wdbqam.com/ixp/711/p/illinois-iowa-among-best-states-for-wildlife-protection/,wdbqam.com,English,0,0.625,0.375,0.6369,CPI
20250301T120000Z,Monster International Markets Drive Strong Results,https://www.fool.com/investing/2025/03/01/monsters-international-markets-drive-strong-result/?source=iedfolrf0000001,fool.com,English,0,0.602,0.398,0.5106,CPI
20250301T120000Z,Australia Freezes Draught Beer Tax Hikes Amid Election Pressure,https://www.econotimes.com/Australia-Freezes-Draught-Beer-Tax-Hikes-Amid-Election-Pressure-1703396,econotimes.com,English,0.32,0.68,0,-0.3182,CPI
20250301T114500Z,India $9 . 5 trillion future within reach : Finance Commission Chairman Arvind Panagariya,https://www.moneycontrol.com/news/business/economy/india-s-9-5-trillion-future-within-reach-finance-commission-chairman-arvind-panagariya-12953805.html,moneycontrol.com,English,0,0.901,0.099,0.0258,CPI
20250301T114500Z,Here where NJ ranks as the most sinful state in the country,https://wobm.com/ixp/385/p/dirty-little-secrets-the-vice-filled-reality-of-new-jersey-exposed/,wobm.com,English,0.261,0.739,0,-0.5984,CPI
20250301T113000Z,Kamloops RCMP report a downturn in crime in 2024 | iNFOnews | Thompson - Okanagan News Source,https://infotel.ca/newsitem/kamloops-rcmp-report-a-downturn-in-crime-in-2024/it108322,infotel.ca,English,0.226,0.774,0,-0.5423,CPI
20250301T113000Z,Every Texas county in a race to raise money for Alamo project,http://www.expressnews.com/news/texas/article/alamo-statewide-stampede-counties-sakai-20194065.php,expressnews.com,English,0,1,0,0,CPI
20250301T113000Z,India GDP growth estimated at 7 . 6 pc in Q4 FY25 amid resilient economy : SBI Research,https://www.prokerala.com/news/articles/a1612186.html,prokerala.com,English,0,0.833,0.167,0.3818,CPI
20250301T103000Z,U . S . Arrest Of Tajik Suspect Highlights Mounting Islamic State Concerns,https://www.globalsecurity.org/security/library/news/2025/02/sec-250228-rferl01.htm,globalsecurity.org,English,0.397,0.603,0,-0.5574,CPI
20250301T100000Z,"Dumb things Socialists promise | News , Sports , Jobs",https://www.dailypress.net/opinion/local-columns/2025/03/dumb-things-socialists-promise/,dailypress.net,English,0.311,0.472,0.217,-0.25,CPI
20250301T094500Z,Mohan Yadav Doubles Paddy Farmer Support to Rs 4000 per Hectare,https://www.newkerala.com/news/o/mp-paddy-farmers-get-rs-4000-per-hectare-economy-774,newkerala.com,English,0,0.787,0.213,0.4019,CPI
20250301T093000Z,Australia Freezes Draught Beer Tax Hikes Amid Election Pressure,http://www.econotimes.com/Australia-Freezes-Draught-Beer-Tax-Hikes-Amid-Election-Pressure-1703396,econotimes.com,English,0.32,0.68,0,-0.3182,CPI
20250301T093000Z,Tree Advisory Board Invasive Species,https://www.shorelinemedia.net/ludington_daily_news/news/tree-advisory-board-invasive-species/article_147b9a08-f546-11ef-8bf8-6b5c22d25af9.html,shorelinemedia.net,English,0,1,0,0,CPI
20250301T093000Z,Utilities in Nevada,https://nevadabusiness.com/2025/03/utilities-in-nevada-cre-growth-and-environmental-concerns/,nevadabusiness.com,English,0,1,0,0,CPI
20250602T000000Z,What is blocking Punjab economic growth trajectory,https://www.tribuneindia.com/news/comment/what-is-blocking-punjabs-economic-growth-trajectory/,tribuneindia.com,English,0.255,0.49,0.255,0,CPI
20250601T230000Z,California city named best place in US to raise a family . Here which one,https://www.yahoo.com/news/california-city-named-best-place-160000380.html,yahoo.com,English,0,0.741,0.259,0.6369,CPI
20250601T230000Z,Clay County ranks best in Indiana for value on property taxes,https://www.suncommercial.com/brazil_times/brazil_times/news/article_f05dd7ae-7bb5-525d-a306-fd5b4b5561af.html,suncommercial.com,English,0,0.577,0.423,0.765,CPI
20250601T224500Z,The great retail recession,https://www.macrobusiness.com.au/2025/06/the-great-retail-recession/,macrobusiness.com.au,English,0.315,0.225,0.461,0.3182,CPI
20250601T224500Z,Anji New Roots - Capital Newspaper,https://capitalethiopia.com/2025/06/01/anjis-new-roots/,capitalethiopia.com,English,0,1,0,0,CPI
20250601T224500Z,East Texas officials express opposition to new high - capacity wells,https://www.yahoo.com/news/east-texas-officials-express-opposition-202938459.html,yahoo.com,English,0,0.818,0.182,0.25,CPI
20250601T224500Z,California city named best place in US to raise a family . Here which one,https://www.yahoo.com/news/california-city-named-best-place-160000073.html,yahoo.com,English,0,0.741,0.259,0.6369,CPI
20250601T213000Z,World Milk Day 2025 : J & K eyes 7 . 5 percent growth in  Milk Sector  amid dairy boom – Rising Kashmir,https://risingkashmir.com/world-milk-day-2025-jk-eyes-7-5-percent-growth-in-milk-sector-amid-dairy-boom/,risingkashmir.com,English,0,0.843,0.157,0.3818,CPI
20250601T210000Z,Democrats could learn something from effective GOP pandering,https://www.alternet.org/gop-pandering/,alternet.org,English,0,0.693,0.307,0.4767,CPI
20250601T204500Z,Danyl McLauchlan : Betting the house - can the government lure foreign investment ? ,https://www.nzherald.co.nz/the-listener/politics/danyl-mclauchlan-betting-the-house-can-the-government-lure-foreign-investment/Y5SD63AIHREVDJC7PUB4UONWDQ/,nzherald.co.nz,English,0,1,0,0,CPI
20250601T204500Z,"First - Time Homebuyer ? Killeen , Texas Could Be Your Best Bet",https://us105fm.com/ixp/513/p/first-time-homebuyers-in-killeen/,us105fm.com,English,0,0.682,0.318,0.6369,CPI
20250601T204500Z,Acid test : Why we used Lotto lady as guinea pig in psychedelic therapy trial,https://www.nzherald.co.nz/the-listener/entertainment/acid-test-why-we-used-lotto-lady-as-guinea-pig-in-psychedelic-therapy-trial/TPJO2CEUBVDSXE2WBY3ISHXMVU/,nzherald.co.nz,English,0,1,0,0,CPI
20250601T203000Z,Travel Trouble : Is Illinois the Worst State to Visit ? ,https://ksisradio.com/ixp/462/p/is-illinois-the-worst-state-for-travelers-in-the-u-s/,ksisradio.com,English,0.493,0.507,0,-0.7783,CPI
20250601T200000Z,Transfer of Waterloo Region Library would  erode  services,https://www.therecord.com/news/waterloo-region/transferring-region-of-waterloo-libraries-to-the-townships-would-erode-services-report/article_206e149c-2860-5b88-8ca5-dfa3c8329dc8.html,therecord.com,English,0,1,0,0,CPI
20250601T193000Z,"India GDP Show : From yawn to yay , but hold the confetti",https://economictimes.indiatimes.com/articleshow/121553605.cms,economictimes.indiatimes.com,English,0,0.82,0.18,0.296,CPI
20250601T184500Z,"Budget for the people , not politics : Advisor Salehuddin",https://bdnews24.com/bangladesh/5fd71747d58e,bdnews24.com,English,0,1,0,0,CPI
20250601T183000Z,Stopping the boats is only half the battle . We must also restore British values,https://www.yahoo.com/news/stopping-boats-only-half-battle-170000802.html,yahoo.com,English,0.22,0.524,0.257,0.1779,CPI
20250601T183000Z,"Palestinians in Gaza City face unprecedented water crisis , authorities warn – Middle East Monitor",https://www.middleeastmonitor.com/20250601-palestinians-in-gaza-city-face-unprecedented-water-crisis-authorities-warn/,middleeastmonitor.com,English,0.333,0.667,0,-0.6705,CPI
20250601T183000Z,LA County DA Instagram post on crime irks San Bernardino County civic leaders – Press Telegram,https://www.presstelegram.com/2025/06/01/l-a-county-das-instagram-post-on-crime-irks-san-bernardino-county-civic-leaders/,presstelegram.com,English,0.2,0.8,0,-0.5423,CPI
20250601T181500Z,A Legacy of Progress and Innovation - Malaya Business Insight,https://malaya.com.ph/branded-content/a-legacy-of-progress-and-innovation/,malaya.com.ph,English,0,0.526,0.474,0.6597,CPI
20250601T181500Z,"India GDP Show : From yawn to yay , but hold the confetti",https://economictimes.indiatimes.com/opinion/et-commentary/indias-gdp-show-from-yawn-to-yay-but-hold-the-confetti/articleshow/121553605.cms,economictimes.indiatimes.com,English,0,0.82,0.18,0.296,CPI
20250601T181500Z,Xinhua Headlines : Chinese well - drilling technology turns Egypt deserts into farmland,http://www.bignewsnetwork.com/news/278252267/xinhua-headlines-chinese-well-drilling-technology-turns-egypt-deserts-into-farmland,bignewsnetwork.com,English,0,0.826,0.174,0.2732,CPI
20250601T180000Z,Most of South Asian Economies facing problems due to political turmoil,https://thenorthlines.com/most-of-south-asian-economies-facing-problems-due-to-political-turmoil/,thenorthlines.com,English,0.366,0.634,0,-0.6369,CPI
20250601T180000Z,Stopping the boats is only half the battle . We must also restore British values,https://www.aol.co.uk/stopping-boats-only-half-battle-170000238.html,aol.co.uk,English,0.22,0.524,0.257,0.1779,CPI
20250601T164500Z,Xinhua Headlines : Chinese well - drilling technology turns Egypt deserts into farmland,http://www.shanghainews.net/news/278252267/xinhua-headlines-chinese-well-drilling-technology-turns-egypt-deserts-into-farmland,shanghainews.net,English,0,0.826,0.174,0.2732,CPI
20250601T163000Z,LA County DA Instagram post on crime irks San Bernardino County civic leaders – San Bernardino Sun,https://www.sbsun.com/2025/06/01/l-a-county-das-instagram-post-on-crime-irks-san-bernardino-county-civic-leaders/,sbsun.com,English,0.189,0.811,0,-0.5423,CPI
20250601T163000Z,What It Means To Be Wealthy In The Philippines,https://www.forbes.com/sites/alexledsom/2025/06/01/what-it-means-to-be-wealthy-in-the-philippines/,forbes.com,English,0,0.762,0.238,0.3612,CPI
20250601T163000Z,More lessons from Vietnam,https://www.philstar.com/business/2025/06/02/2447447/more-lessons-vietnam,philstar.com,English,0,1,0,0,CPI
20250601T161500Z,Abu Dhabi health drive raises Dh509 million in two weeks to support patients with chronic diseases,https://www.thenationalnews.com/news/uae/2025/06/01/abu-dhabi-health-drive-raises-dh509-million-in-two-weeks-to-support-patients-with-chronic-diseases/,thenationalnews.com,English,0,0.847,0.153,0.4019,CPI
20250601T161500Z,Grand plans for ecotourism on the reservation,https://www.wyomingnews.com/laramieboomerang/laramieboomerang/news/grand-plans-for-ecotourism-on-the-reservation/article_824b225b-d864-4589-9e2a-e3bf6eac4e4e.html,wyomingnews.com,English,0,0.667,0.333,0.4588,CPI
20250601T161500Z,LA County DA Instagram post on crime irks San Bernardino County civic leaders – Whittier Daily News,https://www.whittierdailynews.com/2025/06/01/l-a-county-das-instagram-post-on-crime-irks-san-bernardino-county-civic-leaders/,whittierdailynews.com,English,0.189,0.811,0,-0.5423,CPI
20250601T160000Z,Massachusetts Has 2 High Ranking Best Cities For Jobs In 2025,https://949whom.com/ixp/920/p/massachusetts-best-cities-for-jobs/,949whom.com,English,0,0.682,0.318,0.6369,CPI
20250601T154500Z,L . A County DA Instagram post on crime irks San Bernardino County civic leaders – Orange County Register,https://www.ocregister.com/2025/06/01/l-a-county-das-instagram-post-on-crime-irks-san-bernardino-county-civic-leaders/,ocregister.com,English,0.2,0.8,0,-0.5423,CPI
20250601T153000Z,Is A Bond Crisis Imminent ? ,https://www.forbes.com/sites/bill_stone/2025/06/01/is-a-bond-crisis-imminent/,forbes.com,English,0.577,0.423,0,-0.6249,CPI
20250601T153000Z,Wise Debit Card / Top Beer Countries / Home - based VPN – Cool Tools,https://kk.org/cooltools/wise-debit-card-top-beer-countries-home-based-vpn/,kk.org,English,0,0.526,0.474,0.7351,CPI
20250601T153000Z,Gabon to halt manganese exports by 2029,https://www.africanews.com/2025/06/01/gabon-to-halt-manganese-exports-by-2029/,africanews.com,English,0,1,0,0,CPI
20250601T153000Z,Growth in per capita income | Media for Freedom,http://www.mediaforfreedom.com/content/growth-capita-income?page=108,mediaforfreedom.com,English,0,0.469,0.531,0.7783,CPI
20250601T151500Z,Time may be ripe for doubling deposit insurance cover to ₹10 lakh,https://www.thehindubusinessline.com/money-and-banking/time-may-be-ripe-for-doubling-deposit-insurance-cover-to-10-lakh/article69645283.ece,thehindubusinessline.com,English,0,1,0,0,CPI
20250601T150000Z,KMF launches new varieties of cakes and muffins,https://www.thehindu.com/news/national/karnataka/kmf-launches-new-varieties-of-cakes-and-muffins/article69645551.ece,thehindu.com,English,0,1,0,0,CPI
20250601T143000Z,Kuwait ramps up campaign for responsible energy use,https://www.arabtimesonline.com/news/kuwait-ramps-up-campaign-for-responsible-energy-use/,arabtimesonline.com,English,0,0.577,0.423,0.5267,CPI
20250601T143000Z,Opinion : We do not need any more nonprofits,https://www.oregonlive.com/opinion/2025/06/opinion-we-do-not-need-any-more-nonprofits.html,oregonlive.com,English,0,1,0,0,CPI
20250601T141500Z,Korean envoy stresses on quality economic growth in Bangladesh,https://www.bssnews.net/business/278959,bssnews.net,English,0.238,0.556,0.206,-0.1027,CPI
20250601T134500Z,Majhi announces ₹1 lakh accidental death compensation for OMFED milk farmers,https://www.hindustantimes.com/india-news/majhi-announces-rs-1-lakh-accidental-death-compensation-for-omfed-milk-farmers-101748781828631.html,hindustantimes.com,English,0.366,0.634,0,-0.6369,CPI
20250601T133000Z,Odisha CM announces Rs 1 lakh accidental death compensation for OMFED milk farmers,https://www.orissapost.com/odisha-cm-announces-rs-1-lakh-accidental-death-compensation-for-omfed-milk-farmers/,orissapost.com,English,0.342,0.658,0,-0.6369,CPI
20250601T131500Z,Water Matters : How Santa Fe Water Summit Ties in to Water Conservation | Real Estate,https://www.santafenewmexican.com/news/real_estate/water-matters-how-santa-fe-s-water-summit-ties-in-to-water-conservation/article_372c715e-9247-42dd-95b9-d5be3f52f048.html,santafenewmexican.com,English,0,0.922,0.078,0.0258,CPI
20250601T130000Z,"Small tea growers seek regulation of leaf agents , weather - based crop insurance",https://www.thehindu.com/business/agri-business/small-tea-growers-seek-regulation-of-leaf-agents-weather-based-crop-insurance/article69645144.ece,thehindu.com,English,0,1,0,0,CPI
20250601T123000Z,"Lessons for Biden , Mayorkas :  Massive Immigration and Poor Integration Simply Do Not Work  ",https://www.heritage.org/border-security/commentary/lessons-biden-mayorkas-massive-immigration-and-poor-integration-simply,heritage.org,English,0.205,0.795,0,-0.4767,CPI
20250601T121500Z,House and Senate agreement sets stage for budget talks,https://www.wusf.org/politics-issues/2025-06-01/house-and-senate-agreement-sets-stage-for-budget-talks,wusf.org,English,0,0.714,0.286,0.4939,CPI
20250601T121500Z,Weather - based Irrigation Advisory Services,https://icarda.org/media/blog/myth-science-weather-based-irrigation-advisory-services,icarda.org,English,0,1,0,0,CPI
20250601T113000Z,Mater East students invest in future by earning diploma and degree together - Las Vegas Sun News,https://lasvegassun.com/news/2025/jun/01/students-invest-in-their-future-by-earning-diploma/,lasvegassun.com,English,0,1,0,0,CPI
20250601T111500Z,Kaushik Basu : Redefine prosperity ; GDP tunnel - vision could prove costly,https://www.livemint.com/opinion/online-views/amartya-sen-simon-kuznets-diane-coyle-joseph-stiglitz-ant-nio-guterres-louis-brandeis-freefall-our-common-agenda-gdp-11748532234576.html,livemint.com,English,0.123,0.702,0.175,0.1531,CPI
20250601T111500Z,Illinoi Small Cheval Named Best Burger Spot In 2025,https://myq1075.com/ixp/671/p/best-burgers-illinois/,myq1075.com,English,0,0.656,0.344,0.6369,CPI
20250614T173000Z,"Malta receives fewest asylum requests since 2010 , EU report finds",https://timesofmalta.com/article/malta-receives-fewest-asylum-requests-since-2010-eu-report-finds.1111459,timesofmalta.com,English,0,1,0,0,CPI
20250614T171500Z,Across the isle by P Chidambaram : Eleven years - A critique - Opinion News,https://www.financialexpress.com/opinion/across-the-isle-by-p-chidambaram-eleven-years-a-critique/3880062/,financialexpress.com,English,0,1,0,0,CPI
20250614T161500Z,The New York Times Trump obsession means he responsible for leftist antisemitism,https://www.americanthinker.com/blog/2025/06/the_new_york_times_s_trump_obsession_means_he_s_responsible_for_leftist_antisemitism.html,americanthinker.com,English,0.163,0.68,0.156,-0.0258,CPI
20250614T113000Z,Iran Book Publishing Crisis : A Threat to Its Cultural Soul,https://irannewsupdate.com/news/society/irans-book-publishing-crisis-a-threat-to-its-cultural-soul/,irannewsupdate.com,English,0.517,0.483,0,-0.8176,CPI
20250614T104500Z,Map Shows US States With Best And Worst Economies,https://www.newsweek.com/map-us-states-best-worst-economies-2083853,newsweek.com,English,0.268,0.458,0.275,0.0258,CPI
20250614T104500Z,Banana Fiber in Uganda : A Sustainable Solution - The Borgen Project,https://borgenproject.org/banana-fiber-in-uganda/,borgenproject.org,English,0,0.777,0.223,0.3182,CPI
20250614T091500Z,"Letters to the editor , June 14 :  American tourists … without exception they expressed sorrow and embarrassment at their President behaviour toward Canadians  ",https://www.theglobeandmail.com/opinion/letters/article-american-tourists-embarrassed-at-trump-behaviour-toward-canadians/,theglobeandmail.com,English,0.249,0.751,0,-0.743,CPI
20250614T083000Z,"  For every ₹1 we give , Karnataka gets only ₹0 . 15 back : Siddaramaiah seeks ₹1 . 15 lakh crore for Bengaluru | Bengaluru",https://www.hindustantimes.com/cities/bengaluru-news/for-every-1-we-give-karnataka-gets-only-rs-0-15-back-siddaramaiah-seeks-1-15-lakh-crore-for-bengaluru-101749888082853.html,hindustantimes.com,English,0,1,0,0,CPI
20250614T080000Z,"Lancaster County government calendar : June 16 , 2025",https://lancasteronline.com/news/community/lancaster-county-government-calendar-june-16-2025/article_2764b756-ffbf-47c3-ab79-8a81d473e852.html,lancasteronline.com,English,0,1,0,0,CPI
20250614T080000Z,Deadly school shooting fuels debate on Austria gun laws,https://www.manilatimes.net/2025/06/14/world/americas-emea/deadly-school-shooting-fuels-debate-on-austrias-gun-laws/2133377,manilatimes.net,English,0.231,0.769,0,-0.34,CPI
20250614T071500Z,Deadly school shooting fuels debate on Austria gun laws,https://www.thelocal.at/20250614/deadly-school-shooting-fuels-debate-on-austrias-gun-laws,thelocal.at,English,0.231,0.769,0,-0.34,CPI
20250614T071500Z,Jharkhand Sabar tribe takes  sweet step  towards self - reliance,https://www.hindustantimes.com/india-news/jharkhands-sabar-tribe-takes-sweet-step-towards-selfreliance-101749883883804.html,hindustantimes.com,English,0,0.727,0.273,0.4588,CPI
20250614T063000Z,The map that shows how Britain gave up on fighting crime,https://www.yahoo.com/news/map-shows-britain-gave-fighting-050000550.html,yahoo.com,English,0.4,0.6,0,-0.7184,CPI
20250614T033000Z,Karnataka CM Siddaramaiah Urges Fair Tax Devolution at 16th Finance Commission Meet,https://www.newkerala.com/news/o/karnataka-cm-meets-16th-finance-commission-chairman-seeks-balanced-740,newkerala.com,English,0,0.827,0.173,0.3182,CPI
20250614T033000Z,Opinion | Hong Kong must end its  tale of two citie to thrive,https://www.scmp.com/opinion/hong-kong-opinion/article/3313952/hong-kong-must-end-its-tale-two-cities-thrive,scmp.com,English,0,1,0,0,CPI
20250614T030000Z,GDP dirty little secret : Why we should be tracking GVA instead,https://www.livemint.com/opinion/online-views/india-gdp-growth-rate-gross-value-added-india-gdp-vs-gva-economic-indicators-india-gst-council-impact-subsidy-cuts-11749631915230.html,livemint.com,English,0.225,0.775,0,-0.4404,CPI
20250614T030000Z,"India must stay nimble as  old multilateral architecture  breaks down , says Sanjeev Sanyal",https://www.livemint.com/economy/sanjeev-sanyal-interview-india-economic-growth-pms-economic-advisory-council-us-reshoring-india-india-population-11749813753237.html,livemint.com,English,0,1,0,0,CPI
20250614T030000Z,"A <span class=  webrupee  >₹< / span>10 , 000 crore bet on India hotels : Investors pile in and mergers and acquisitions follow as sector scales up",https://www.livemint.com/companies/news/rs-10-000-crore-bet-india-hotels-mergers-and-acquisitions-sector-scales-up-11749788703196.html,livemint.com,English,0,1,0,0,CPI
20250614T020000Z,Kiwibank Latest 2025 Outlook : Tariff Turmoil Stalls Growth - Are Rate Cuts The Remedy ? ,https://www.scoop.co.nz/stories/BU2506/S00232/kiwibanks-latest-2025-outlook-tariff-turmoil-stalls-growth-are-rate-cuts-the-remedy.htm,scoop.co.nz,English,0.272,0.578,0.15,-0.2732,CPI
20250614T020000Z,Karnataka CM seeks higher share in central tax pool,https://www.hindustantimes.com/india-news/karnataka-cm-seeks-higher-share-in-central-tax-pool-101749839927782.html,hindustantimes.com,English,0,0.784,0.216,0.296,CPI
20250614T014500Z,2 South Carolina Cities Among The Best Places For  Staycation In The U . S . ,https://967stevefm.iheart.com/content/2025-06-11-2-south-carolina-cities-among-the-best-places-for-staycations-in-the-us/,967stevefm.iheart.com,English,0,0.704,0.296,0.6369,CPI
20250614T014500Z,2 South Carolina Cities Among The Best Places For  Staycation In The U . S . ,https://q1045.iheart.com/content/2025-06-11-2-south-carolina-cities-among-the-best-places-for-staycations-in-the-us/,q1045.iheart.com,English,0,0.704,0.296,0.6369,CPI
20250614T014500Z,2 South Carolina Cities Among The Best Places For  Staycation In The U . S . ,https://wvoc.iheart.com/content/2025-06-11-2-south-carolina-cities-among-the-best-places-for-staycations-in-the-us/,wvoc.iheart.com,English,0,0.704,0.296,0.6369,CPI
20250614T014500Z,Can Christchurch gridlock get solved ? ,https://www.interest.co.nz/public-policy/133720/brendon-harre-sees-increasing-traffic-congestion-getting-worse-christchurch,interest.co.nz,English,0,0.656,0.344,0.2732,CPI
20250614T013000Z,2 South Carolina Cities Among The Best Places For  Staycation In The U . S . ,https://thebeatcolumbia.iheart.com/content/2025-06-11-2-south-carolina-cities-among-the-best-places-for-staycations-in-the-us/,thebeatcolumbia.iheart.com,English,0,0.704,0.296,0.6369,CPI
20250614T013000Z,"Recovery taking longer than expected , Kiwibank economists say",https://www.rnz.co.nz/news/national/564129/recovery-taking-longer-than-expected-kiwibank-economists-say,rnz.co.nz,English,0,1,0,0,CPI
20250614T013000Z,2 South Carolina Cities Among The Best Places For  Staycation In The U . S . ,https://wezl.iheart.com/content/2025-06-11-2-south-carolina-cities-among-the-best-places-for-staycations-in-the-us/,wezl.iheart.com,English,0,0.704,0.296,0.6369,CPI
20250614T011500Z,2 South Carolina Cities Among The Best Places For  Staycation In The U . S . ,https://wnok.iheart.com/content/2025-06-11-2-south-carolina-cities-among-the-best-places-for-staycations-in-the-us/,wnok.iheart.com,English,0,0.704,0.296,0.6369,CPI
20250614T001500Z,2 South Carolina Cities Among The Best Places For  Staycation In The U . S . ,https://975wcos.iheart.com/content/2025-06-11-2-south-carolina-cities-among-the-best-places-for-staycations-in-the-us/,975wcos.iheart.com,English,0,0.704,0.296,0.6369,CPI
20250614T001500Z,Map : States with the best and worst tippers in 2025,https://www.fox4news.com/news/map-states-best-worst-tippers-2025,fox4news.com,English,0.252,0.491,0.258,0.0258,CPI
20250613T234500Z,"Kiwibank economists : More Official Cash Rate cuts needed amid slow recovery , global risks",https://www.nzherald.co.nz/nz/kiwibank-economists-more-official-cash-rate-cuts-needed-amid-slow-recovery-global-risks/ELWPSJKLWRD5ZCISTRVHTX67XE/,nzherald.co.nz,English,0.281,0.719,0,-0.5106,CPI
20250613T230000Z,2 South Carolina Cities Among The Best Places For  Staycation In The U . S . ,https://943wsc.iheart.com/content/2025-06-11-2-south-carolina-cities-among-the-best-places-for-staycations-in-the-us/,943wsc.iheart.com,English,0,0.704,0.296,0.6369,CPI
20250613T224500Z,Map : States with the best and worst tippers in 2025,https://www.fox32chicago.com/news/map-states-best-worst-tippers-2025,fox32chicago.com,English,0.252,0.491,0.258,0.0258,CPI
20250802T000000Z,Idaho OBGYNs Are Jumping Ship,https://www.jezebel.com/idahos-obgyns-are-jumping-ship,jezebel.com,English,0,1,0,0,CPI
20250801T234500Z,Florida back - to - school sales tax holiday now in effect,https://www.wftv.com/news/back-to-school/floridas-back-to-school-sales-tax-holiday-now-effect/AFT26U7I45GIPPVEAG3OBXSVUA/,wftv.com,English,0,0.769,0.231,0.4019,CPI
20250801T233000Z,These are the most expensive provinces in Canada to live in,https://dailyhive.com/canada/canada-provinces-most-expensive,dailyhive.com,English,0,1,0,0,CPI
20250801T231500Z,"Inside millionaire neighborhood tearing itself apart after American Idol exec was murdered : Illegal parties , naked women and gunfire",https://www.dailymail.co.uk/news/article-14948769/Inside-millionaire-neighborhood-tearing-apart-American-Idol-exec-murdered-Illegal-parties-naked-women-gunfire.html,dailymail.co.uk,English,0.311,0.584,0.105,-0.743,CPI
20250801T223000Z,Nutter Bank Report : July 2025 | Nutter McClennen & Fish LLP,https://www.jdsupra.com/legalnews/nutter-bank-report-july-2025-3108367/,jdsupra.com,English,0,1,0,0,CPI
20250801T223000Z,Mandan Coach Resigns After Accused Of Sexual Activity At Waterpark,https://hot975fm.com/mandan-coach-resigns-incident/,hot975fm.com,English,0.36,0.64,0,-0.5423,CPI
20250801T214500Z,Where do people earn the most in Portugal ? ,https://theportugalnews.com/news/2025-08-01/where-do-people-earn-the-most-in-portugal/99736,theportugalnews.com,English,0,1,0,0,CPI
20250801T213000Z,"26 years after shutting down lotteries , cash - strapped Himachal makes U - turn | India News",https://timesofindia.indiatimes.com/india/26-years-after-shutting-down-lotteries-cash-strapped-himachal-makes-u-turn/articleshow/123051692.cms,timesofindia.indiatimes.com,English,0,1,0,0,CPI
20250801T211500Z,Mandan Coach Resigns After Accused Of Sexual Activity At Waterpark,https://cool987fm.com/ixp/504/p/mandan-coach-resigns-incident/,cool987fm.com,English,0.36,0.64,0,-0.5423,CPI
20250801T201500Z,Ranking The Safest Suburbs In The U . S . For 2025,https://967theeagle.net/ixp/671/p/best-safest-towns-us/,967theeagle.net,English,0,0.722,0.278,0.4019,CPI
20250801T200000Z,Consumer sentiment lifts but remains in pessimistic territory,https://www.brokernews.com.au/news/breaking-news/consumer-sentiment-lifts-but-remains-in-pessimistic-territory-287712.aspx,brokernews.com.au,English,0.317,0.683,0,-0.5023,CPI
20250801T200000Z,Livingston : Montana Most Beautiful City,https://kyssfm.com/ixp/1116/p/most-beautiful-city-montana/,kyssfm.com,English,0,0.488,0.512,0.6361,CPI
20250801T193000Z,"India grants licence to Elon Musk Starlink , opening doors for satellite internet rollout | Indiablooms",https://www.indiablooms.com/finance/india-grants-licence-to-elon-musks-starlink-opening-doors-for-satellite-internet-rollout/details,indiablooms.com,English,0,0.872,0.128,0.2263,CPI
20250801T193000Z,15 longevity foods : Healthy aging guide,https://www.klkl.fm/syndicated-article/?id=1630703,klkl.fm,English,0,0.649,0.351,0.4019,CPI
20250801T191500Z,"Obstruction - laden mining policies chasing away investors , giving Manitoba economy the shaft – Winnipeg Free Press",https://www.winnipegfreepress.com/local/2025/08/01/obstruction-laden-mining-policies-chasing-away-investors-giving-manitobas-economy-the-shaft,winnipegfreepress.com,English,0,0.695,0.305,0.6908,CPI
20250801T190000Z,Rep . Dexter Hears From Tariff - Affected Small Business Owners,https://oregonbusiness.com/rep-dexter-hears-from-tariff-affected-small-business-owners/,oregonbusiness.com,English,0.167,0.833,0,-0.1531,CPI
20250801T181500Z,Will The Door Kick Challenge Threaten Sioux Falls Neighborhoods ? ,https://kxrb.com/ixp/485/p/door-kick-challenge-local-concerns/,kxrb.com,English,0.239,0.642,0.119,-0.3182,CPI
20250801T181500Z,Authoritarian Leisure : North Korea Wonsan - Kalma Tourism Project in Comparative Perspective - 38 North : Informed Analysis of North Korea,https://www.38north.org/2025/08/authoritarian-leisure-north-koreas-wonsan-kalma-tourism-project-in-comparative-perspective/,38north.org,English,0,1,0,0,CPI
20250801T181500Z,15 longevity foods : Healthy aging guide,https://www.the-messenger.com/features/lifestyles/article_54e797bb-b7af-5c54-8bfe-7144b7d645cf.html,the-messenger.com,English,0,0.649,0.351,0.4019,CPI
20250801T180000Z,"Stocks to watch next week : BP , Diageo , Disney , Uber and WPP",https://www.aol.co.uk/stocks-watch-next-week-bp-153557060.html,aol.co.uk,English,0,1,0,0,CPI
20250801T174500Z,Who are the winners and losers of Trump tariffs ? ,https://www.aol.com/winners-losers-trumps-tariffs-142038030.html,aol.com,English,0.252,0.519,0.23,-0.0772,CPI
20250801T174500Z,What will it take for China to arrest its declining birth rate ? ,https://theconversation.com/what-will-it-take-for-china-to-arrest-its-declining-birth-rate-261717,theconversation.com,English,0.179,0.821,0,-0.34,CPI
20250801T174500Z,  Holding on by our fingertips  ,https://www.paloaltoonline.com/housing/2025/08/01/holding-on-by-our-fingertips/,paloaltoonline.com,English,0,1,0,0,CPI
20250801T174500Z,India - UK FTA a lesson for US to shed its transactional lens and adopt more empathetic posture,https://www.prokerala.com/news/articles/a1659578.html,prokerala.com,English,0,0.749,0.251,0.5709,CPI
20250801T174500Z,15 longevity foods : Healthy aging guide,https://www.koka.am/syndicated-article/?id=1630703,koka.am,English,0,0.649,0.351,0.4019,CPI
20250801T174500Z,Some rural Texans see THC as a lifeline for their health and economy,https://www.krgv.com/news/some-rural-texans-see-thc-as-a-lifeline-for-their-health-and-economy,krgv.com,English,0,1,0,0,CPI
20250801T174500Z,15 longevity foods : Healthy aging guide,https://www.wsoctv.com/news/15-longevity-foods-healthy-aging-guide/45VVWFF6HBLBHP3TFMHUL5JWLE/,wsoctv.com,English,0,0.649,0.351,0.4019,CPI
20250801T174500Z,Gujarat Police Honor Citizens for Sarkhej Roza Theft Case Breakthrough,https://www.newkerala.com/news/o/gujarat-police-felicitates-citizens-cracking-sarkhej-roza-theft-case-894,newkerala.com,English,0,0.738,0.262,0.4939,CPI
20250801T173000Z,15 longevity foods : Healthy aging guide,https://www.mix965tulsa.com/news/15-longevity-foods-healthy-aging-guide/45VVWFF6HBLBHP3TFMHUL5JWLE/,mix965tulsa.com,English,0,0.649,0.351,0.4019,CPI
20250801T173000Z,Study finds money poured into rural Oregon under Biden - era programs recently cut by Republicans,https://bendbulletin.com/2025/08/01/study-finds-money-poured-into-rural-oregon-under-biden-era-programs-recently-cut-by-republicans/,bendbulletin.com,English,0.13,0.87,0,-0.2732,CPI
20250801T173000Z,15 longevity foods : Healthy aging guide,https://www.whio.com/news/15-longevity-foods-healthy-aging-guide/45VVWFF6HBLBHP3TFMHUL5JWLE/,whio.com,English,0,0.649,0.351,0.4019,CPI
20250801T173000Z,India - UK FTA a lesson for US to shed its transactional lens and adopt more empathetic posture,https://ianslive.in/india-uk-fta-a-lesson-for-us-to-shed-its-transactional-lens-and-adopt-a-more-empathetic-posture--20250801223004,ianslive.in,English,0,0.749,0.251,0.5709,CPI
20250801T171500Z,15 longevity foods : Healthy aging guide - The Morning Sun,"http://www.morningsun.net/premium/stacker/stories/15-longevity-foods-healthy-aging-guide,229341",morningsun.net,English,0,0.748,0.252,0.4019,CPI
20250801T171500Z,"Turkmenistan oil use per capita adjusts over time , Eni says",https://www.trend.az/business/4076318.html,trend.az,English,0,1,0,0,CPI
20250801T171500Z,Will The Door Kick Challenge Threaten Sioux Falls Neighborhoods ? ,https://973kkrc.com/door-kick-challenge-local-concerns/,973kkrc.com,English,0.239,0.642,0.119,-0.3182,CPI
20250801T171500Z,15 longevity foods : Healthy aging guide,https://www.wsbtv.com/news/15-longevity-foods-healthy-aging-guide/45VVWFF6HBLBHP3TFMHUL5JWLE/,wsbtv.com,English,0,0.649,0.351,0.4019,CPI
20250801T164500Z,15 longevity foods : Healthy aging guide,https://www.wpxi.com/news/15-longevity-foods-healthy-aging-guide/45VVWFF6HBLBHP3TFMHUL5JWLE/,wpxi.com,English,0,0.649,0.351,0.4019,CPI
20250801T163000Z,Study finds money poured into rural Oregon under Biden - era programs recently cut by Republicans,https://portlandtribune.com/2025/08/01/study-finds-money-poured-into-rural-oregon-under-biden-era-programs-recently-cut-by-republicans/,portlandtribune.com,English,0.13,0.87,0,-0.2732,CPI
20250801T163000Z,15 longevity foods : Healthy aging guide,https://www.1033theeagle.com/news/15-longevity-foods-healthy-aging-guide/45VVWFF6HBLBHP3TFMHUL5JWLE/,1033theeagle.com,English,0,0.649,0.351,0.4019,CPI
20250801T163000Z,15 longevity foods : Healthy aging guide,https://www.kiro7.com/news/15-longevity-foods-healthy-aging-guide/45VVWFF6HBLBHP3TFMHUL5JWLE/,kiro7.com,English,0,0.649,0.351,0.4019,CPI
20250801T163000Z,15 longevity foods : Healthy aging guide,https://www.centralmoinfo.com/syndicated-article/?id=1630703,centralmoinfo.com,English,0,0.649,0.351,0.4019,CPI
20250801T163000Z,Total Voting Rights | Company Announcement,https://www.investegate.co.uk/announcement/mfn/capita--cpi/total-voting-rights/9020949,investegate.co.uk,English,0,1,0,0,CPI
20250801T161500Z,USD / CHF retreats as weak NFP data fuels Fed rate cut expectations,https://www.fxstreet.com/news/swiss-franc-strengthens-as-usd-stumbles-on-nfp-shock-202508011417,fxstreet.com,English,0.333,0.667,0,-0.6124,CPI
20250801T161500Z,"Starlink gets licence for satellite internet in India , confirms Jyotiraditya Scindia",https://www.livemint.com/technology/tech-news/starlink-gets-licence-for-satellite-internet-in-india-confirms-jyotiraditya-scindia-11754058924337.html,livemint.com,English,0,1,0,0,CPI
20250801T161500Z,Governor challenges  false narrative about Mississippi in stump speech at Neshoba,https://www.supertalk.fm/governor-challenges-false-narratives-about-mississippi-in-stump-speech-at-neshoba/,supertalk.fm,English,0,0.885,0.115,0.0772,CPI
20250801T161500Z,Watch The Sturgis Rally Action Live On These Webcams,https://kingfm.com/ixp/485/p/experience-the-sturgis-motorcycle-rally-from-your-living-room-with-these-live-cams/,kingfm.com,English,0,1,0,0,CPI
20250801T160000Z,"Analysis - Trump 50 % Brazil coffee tariff expected to rejig trade , send more beans to China",https://finance.yahoo.com/news/analysis-trumps-50-brazil-coffee-153418745.html,finance.yahoo.com,English,0,1,0,0,CPI
20250801T153000Z,Jefferson County sees dramatic reversal in its most troubling trend,https://dothaneagle.com/news/state-regional/alabama/article_5851d686-103f-57e4-add0-d30370410864.html,dothaneagle.com,English,0.296,0.704,0,-0.5849,CPI
20250801T153000Z,Trump Fixed NATO . He Can Fix Prescription Drug Prices Too | Opinion,https://www.newsweek.com/trump-fixed-nato-he-can-fix-prescription-drug-prices-too-opinion-2107259,newsweek.com,English,0,1,0,0,CPI
20250801T151500Z,German Statista projects Azerbaijan GDP per capita growth through 2031,https://www.trend.az/azerbaijan/business/4076095.html,trend.az,English,0,0.776,0.224,0.3818,CPI
20250801T151500Z,Unleashing Tay Ninh growth potential along the Vam rivers,https://news.tuoitre.vn/unleashing-tay-ninhs-growth-potential-along-the-vam-rivers-103250801173605078.htm,news.tuoitre.vn,English,0,0.755,0.245,0.3818,CPI
20250801T150000Z,Jefferson County sees dramatic reversal in its most troubling trend,https://www.al.com/news/birmingham/2025/08/jefferson-county-sees-dramatic-reversal-in-its-most-troubling-trend.html,al.com,English,0.296,0.704,0,-0.5849,CPI
20250801T150000Z,Opinion : Cook County domestic violence court system is broken,https://www.chicagotribune.com/2025/08/01/opinion-cook-county-domestic-violence/,chicagotribune.com,English,0.507,0.493,0,-0.802,CPI
20250801T144500Z,"Revenue up at Universal parks , driven by Epic Universe",https://blooloop.com/theme-park/news/universal-theme-parks-revenue-increase-epic-universe-boost/,blooloop.com,English,0,1,0,0,CPI
20250801T140000Z,Niagara Falls tries to balance demand with tax affordability,https://www.stcatharinesstandard.ca/news/council/champagne-taste-and-beer-budget-niagara-falls-trying-to-balance-service-demand-and-affordability/article_d2e670b3-c0e5-500f-bf01-2956083bb0f5.html,stcatharinesstandard.ca,English,0.158,0.842,0,-0.128,CPI
20250801T140000Z,"Amid funding cuts , the NADC charts its own path",https://billingsgazette.com/news/local/business/article_34f5e180-da2b-4fa4-aa16-75cd0d0e06ad.html,billingsgazette.com,English,0.216,0.784,0,-0.296,CPI
20250801T140000Z,Knowing : Still Only Half the Battle,https://www.cjr.org/laurels-and-darts/knowing-half-battle-proving-receipts-charlie-savage-trump-gabbard.php,cjr.org,English,0.342,0.658,0,-0.3818,CPI
20250801T093000Z,"This is Uttar Pradesh richest district , has per capita income higher than Japan , its not Agra , Lucknow , Ghaziabad ,  it is ... ",https://www.dnaindia.com/business/report-this-is-uttar-pradesh-s-richest-district-has-per-capita-income-higher-than-japan-its-not-agra-lucknow-ghaziabad-it-is-3173344,dnaindia.com,English,0,0.855,0.145,0.5267,CPI
20250801T083000Z,"Zimbabwe rebasing pushes GDP to US$45 , 7bn",https://bulawayo24.com/news/national/255820,bulawayo24.com,English,0,1,0,0,CPI
20250801T080000Z,Việt Nam - EU trade reaches $300 billion after five years,https://vietnamnews.vn/economy/1722501/viet-nam-eu-trade-reaches-300-billion-after-five-years.html,vietnamnews.vn,English,0,0.882,0.118,0.0516,CPI
20250801T074500Z,"Exchange rate distortions cause GDP rise to US$45 , 7bn - Newsday Zimbabwe",https://www.newsday.co.zw/business/article/200044483/exchange-rate-distortions-cause-gdp-rise-to-us457bn,newsday.co.zw,English,0,1,0,0,CPI
20250801T064500Z,Czech fatigue with Ukrainian refugees grows amid economic concerns,https://www.euractiv.com/section/politics/news/czech-fatigue-with-ukrainian-refugees-grows-amid-economic-concerns/,euractiv.com,English,0.2,0.8,0,-0.25,CPI
20250801T064500Z,GCC Meat Market Size to Surpass 6 . 80 Million ? Tons by 2033 : Future Trends & Scope,https://www.briefingwire.com/pr/gcc-meat-market-size-to-surpass-680-milliontons-by-2033-future-trends-scope,briefingwire.com,English,0,1,0,0,CPI
20250801T064500Z,North America Cheese Market Size to Hit 7 . 85 Million Metric Tons by 2033 : Key Trends & Forecast,https://www.briefingwire.com/pr/north-america-cheese-market-size-to-hit-785-million-metric-tons-by-2033-key-trends-forecast,briefingwire.com,English,0,1,0,0,CPI
20250901T230000Z,"Guyana votes amid oil boom , Venezuela tensions",https://www.elpasoinc.com/news/national/guyana-votes-amid-oil-boom-venezuela-tensions/article_a627d412-1305-5a8d-b3cd-6b6fe3177986.html,elpasoinc.com,English,0.31,0.69,0,-0.4019,CPI
20250901T223000Z,"Guyana votes amid oil boom , Venezuela tensions",https://www.mtdemocrat.com/news/national/guyana-votes-amid-oil-boom-venezuela-tensions/article_b5365e67-5be7-54c3-995e-5e10aa539cd5.html,mtdemocrat.com,English,0.31,0.69,0,-0.4019,CPI
20250901T213000Z,"Income growth , demographics and awareness push Indians to opt for finances over physical assets : Goldman Sachs",http://www.milwaukeesun.com/news/278545480/income-growth-demographics-and-awareness-push-indians-to-opt-for-finances-over-physical-assets-goldman-sachs,milwaukeesun.com,English,0,0.765,0.235,0.5106,CPI
20250901T213000Z,"Trump administration has backup plan if Supreme Court rules tariffs are illegal , Bessent says",https://www.theglobeandmail.com/world/article-trump-supreme-court-tariffs-scott-bessent-plan/,theglobeandmail.com,English,0.188,0.625,0.188,0,CPI
20250901T213000Z,"Income growth , demographics and awareness push Indians to opt for finances over physical assets : Goldman Sachs",http://www.orlandoecho.com/news/278545480/income-growth-demographics-and-awareness-push-indians-to-opt-for-finances-over-physical-assets-goldman-sachs,orlandoecho.com,English,0,0.765,0.235,0.5106,CPI
20250901T204500Z,"With 7 % CAGR in income over past decade , demand for premium product increasing in India : Report",http://www.nepalnational.com/news/278545556/with-7-cagr-in-income-over-past-decade-demand-for-premium-product-increasing-in-india-report,nepalnational.com,English,0.097,0.903,0,-0.128,CPI
20250901T201500Z,"Income growth , demographics and awareness push Indians to opt for finances over physical assets : Goldman Sachs",http://www.mexicostar.com/news/278545480/income-growth-demographics-and-awareness-push-indians-to-opt-for-finances-over-physical-assets-goldman-sachs,mexicostar.com,English,0,0.765,0.235,0.5106,CPI
20250901T201500Z,"Income growth , demographics and awareness push Indians to opt for finances over physical assets : Goldman Sachs",http://www.pakistantelegraph.com/news/278545480/income-growth-demographics-and-awareness-push-indians-to-opt-for-finances-over-physical-assets-goldman-sachs,pakistantelegraph.com,English,0,0.765,0.235,0.5106,CPI
20250901T193000Z,"Guyana votes amid oil boom , Venezuela tensions",https://www.suncommercial.com/brazil_times/news/national/article_93777457-1174-52a7-aa82-eaa8048e325d.html,suncommercial.com,English,0.31,0.69,0,-0.4019,CPI
20250901T191500Z,"EU Retail Spending Declined In 2024 , Study Finds",https://www.esmmagazine.com/retail/eu-retail-spending-declined-in-2024-study-finds-295020,esmmagazine.com,English,0,1,0,0,CPI
20250901T191500Z,"Income growth , demographics and awareness push Indians to opt for finances over physical assets : Goldman Sachs",http://www.heraldglobe.com/news/278545480/income-growth-demographics-and-awareness-push-indians-to-opt-for-finances-over-physical-assets-goldman-sachs,heraldglobe.com,English,0,0.765,0.235,0.5106,CPI
20250901T191500Z,"Guyana votes amid oil boom , Venezuela tensions",https://www.lebanondemocrat.com/maconcounty/news/national/guyana-votes-amid-oil-boom-venezuela-tensions/article_033cb93a-c2b0-539e-8bdd-a71836913b72.html,lebanondemocrat.com,English,0.31,0.69,0,-0.4019,CPI
20250901T191500Z,U . S . drug prices : A comparison with global models | AFRO American Newspapers,https://afro.com/us-drug-prices-competition/,afro.com,English,0,1,0,0,CPI
20250901T184500Z,Gila River community proposes  banishing  people convicted of crimes,https://www.12news.com/article/news/local/arizona/gila-river-indian-community-may-banish-members-convicted-violent-crimes/75-0b7268f7-2b11-4ca6-bebb-c2e6b70689de,12news.com,English,0,1,0,0,CPI
20250901T184500Z,"Guyana votes amid oil boom , Venezuela tensions",https://www.bransontrilakesnews.com/news/national/article_8c11fd43-d8c8-5b8f-ad7d-6d5696586864.html,bransontrilakesnews.com,English,0.31,0.69,0,-0.4019,CPI
20250901T183000Z,"850 , 000 Syrian refugees have returned home since Assad fall , UN says",https://www.wboc.com/news/international/850-000-syrian-refugees-have-returned-home-since-assads-fall-un-says/article_103378fd-04f0-5004-85ba-f9b77d9f5241.html,wboc.com,English,0,1,0,0,CPI
20250901T181500Z,Grays Harbor County holds inaugural housing summit,https://www.thedailyworld.com/news/grays-harbor-county-holds-inaugural-housing-summit/,thedailyworld.com,English,0,1,0,0,CPI
20250901T181500Z,"850 , 000 Syrian refugees have returned home since Assad fall , UN says",https://www.yoursourceone.com/news/national_news/850-000-syrian-refugees-have-returned-home-since-assads-fall-un-says/article_5339e17c-12e8-553a-889e-383d9aa530e4.html,yoursourceone.com,English,0,1,0,0,CPI
20250901T171500Z,"With 7 % CAGR in income over past decade , demand for premium product increasing in India : Report",http://www.myanmarnews.net/news/278545556/with-7-cagr-in-income-over-past-decade-demand-for-premium-product-increasing-in-india-report,myanmarnews.net,English,0.097,0.903,0,-0.128,CPI
20250901T171500Z,Have mass deportations become a vote - winning ticket in the united kingdom ? ,https://thefrontierpost.com/have-mass-deportations-become-a-vote-winning-ticket-in-the-uk/,thefrontierpost.com,English,0,0.592,0.408,0.7351,CPI
20250901T170000Z,"Hong Kong Tourism Board Staged a 5 - City Travel Mission in India , Reinforces City Year - Round Tourism Appeal",http://www.srilankasource.com/news/278545283/hong-kong-tourism-board-staged-a-5-city-travel-mission-in-india-reinforces-city-year-round-tourism-appeal,srilankasource.com,English,0,1,0,0,CPI
20250901T170000Z,The Coming Ecological Cold War,https://foreignpolicy.com/2025/09/01/ecological-cold-war-climate-china-europe-usa-russia/?tpcc=recirc_trending062921,foreignpolicy.com,English,0.494,0.506,0,-0.5994,CPI
20250901T170000Z,"850 , 000 Syrian refugees have returned home since Assad fall , UN says",https://isp.netscape.com/news/world/story/0001/20250901/50f619ba2699b8e7968755c2f2fa6e20,isp.netscape.com,English,0,1,0,0,CPI
20250901T161500Z,"850 , 000 Syrian refugees have returned home since Assad fall , UN says",https://www.sloughobserver.co.uk/news/national/25432079.850-000-syrian-refugees-returned-home-since-assads-fall-un-says/,sloughobserver.co.uk,English,0,1,0,0,CPI
20250901T161500Z,"850 , 000 Syrian refugees have returned home since Assad fall , UN says",https://www.rhyljournal.co.uk/news/national/25432079.850-000-syrian-refugees-returned-home-since-assads-fall-un-says/,rhyljournal.co.uk,English,0,1,0,0,CPI
20250901T160000Z,"850 , 000 Syrian refugees have returned home since Assad fall , UN says",https://www.whtimes.co.uk/news/national/25432079.850-000-syrian-refugees-returned-home-since-assads-fall-un-says/,whtimes.co.uk,English,0,1,0,0,CPI
20250901T160000Z,"850 , 000 Syrian refugees have returned home since Assad fall , UN says",https://www.bridportnews.co.uk/news/national/25432079.850-000-syrian-refugees-returned-home-since-assads-fall-un-says/,bridportnews.co.uk,English,0,1,0,0,CPI
20250901T160000Z,Total Voting Rights | Company Announcement,https://www.investegate.co.uk/announcement/mfn/capita--cpi/total-voting-rights/9083335,investegate.co.uk,English,0,1,0,0,CPI
20250901T160000Z,"850 , 000 Syrian refugees have returned home since Assad fall , UN says",https://www.irvinetimes.com/news/national/25432079.850-000-syrian-refugees-returned-home-since-assads-fall-un-says/,irvinetimes.com,English,0,1,0,0,CPI
20250901T160000Z,"850 , 000 Syrian refugees have returned home since Assad fall , UN says",https://www.wandsworthguardian.co.uk/news/national/25432079.850-000-syrian-refugees-returned-home-since-assads-fall-un-says/,wandsworthguardian.co.uk,English,0,1,0,0,CPI
20250901T160000Z,No Panchayat in Tripura falls under Grade - D : CM,https://neindia.com/no-panchayat-in-tripura-falls-under-grade-d-cm/,neindia.com,English,0.239,0.761,0,-0.296,CPI
20250901T160000Z,"850 , 000 Syrian refugees have returned home since Assad fall , UN says | East London and West Essex Guardian Series",https://www.guardian-series.co.uk/news/national/25432079.850-000-syrian-refugees-returned-home-since-assads-fall-un-says/,guardian-series.co.uk,English,0,1,0,0,CPI
20250901T160000Z,"850 , 000 Syrian refugees have returned home since Assad fall , UN says",https://www.winknews.com/news/international/850-000-syrian-refugees-have-returned-home-since-assads-fall-un-says/article_2713469c-fec8-5cf2-ac0a-87aeb4225d32.html,winknews.com,English,0,1,0,0,CPI
20250901T160000Z,"850 , 000 Syrian refugees have returned home since Assad fall , UN says | Darlington and Stockton Times",https://www.darlingtonandstocktontimes.co.uk/news/national/25432079.850-000-syrian-refugees-returned-home-since-assads-fall-un-says/,darlingtonandstocktontimes.co.uk,English,0,1,0,0,CPI
20250901T154500Z,"850 , 000 Syrian refugees have returned home since Assad fall , UN says",https://www.readingchronicle.co.uk/news/national/25432079.850-000-syrian-refugees-returned-home-since-assads-fall-un-says/,readingchronicle.co.uk,English,0,1,0,0,CPI
20250901T154500Z,Foreign Central Bank Gold Tops US Treasuries For First Time Since 1996,https://www.investing.com/analysis/foreign-central-banks-gold-tops-us-treasuries-for-first-time-since-1996-200666205,investing.com,English,0,0.658,0.342,0.6369,CPI
20250901T154500Z,"850 , 000 Syrian refugees have returned home since Assad fall , UN says",https://www.ealingtimes.co.uk/news/national/25432079.850-000-syrian-refugees-returned-home-since-assads-fall-un-says/,ealingtimes.co.uk,English,0,1,0,0,CPI
20250901T154500Z,"850 , 000 Syrian refugees have returned home since Assad fall , UN says",https://www.echo-news.co.uk/news/national/25432079.850-000-syrian-refugees-returned-home-since-assads-fall-un-says/,echo-news.co.uk,English,0,1,0,0,CPI
20250901T153000Z,"850 , 000 Syrian refugees have returned home since Assad fall , UN says",https://www.thepeterboroughexaminer.com/news/world/middle-east/850-000-syrian-refugees-have-returned-home-since-assads-fall-un-says/article_aa669f3d-5c2a-5669-b6d0-3cef885a4123.html,thepeterboroughexaminer.com,English,0,1,0,0,CPI
20250901T153000Z,"850 , 000 Syrian refugees have returned home since Assad fall , UN says",https://www.salisburyjournal.co.uk/news/national/25432079.850-000-syrian-refugees-returned-home-since-assads-fall-un-says/,salisburyjournal.co.uk,English,0,1,0,0,CPI
20250901T150000Z,"850 , 000 Syrian refugees have returned home since Assad fall , UN says",https://www.northwichguardian.co.uk/news/national/25432079.850-000-syrian-refugees-returned-home-since-assads-fall-un-says/,northwichguardian.co.uk,English,0,1,0,0,CPI
20250901T150000Z,How and Why U . S . Capitalism Is Unlike Any Other,https://www.hindustantimes.com/world-news/us-news/howand-why-u-s-capitalism-is-unlike-any-other-101756721495851.html,hindustantimes.com,English,0,1,0,0,CPI
20250901T150000Z,"850 , 000 Syrian refugees have returned home since Assad fall , UN says",https://www.braintreeandwithamtimes.co.uk/news/national/25432079.850-000-syrian-refugees-returned-home-since-assads-fall-un-says/,braintreeandwithamtimes.co.uk,English,0,1,0,0,CPI
20250901T150000Z,"850 , 000 Syrian refugees have returned home since Assad fall , UN says",https://www.westerntelegraph.co.uk/news/national/25432079.850-000-syrian-refugees-returned-home-since-assads-fall-un-says/,westerntelegraph.co.uk,English,0,1,0,0,CPI
20250901T150000Z,"850 , 000 Syrian refugees have returned home since Assad fall , UN says",https://www.falmouthpacket.co.uk/news/national/25432079.850-000-syrian-refugees-returned-home-since-assads-fall-un-says/,falmouthpacket.co.uk,English,0,1,0,0,CPI
20250901T150000Z,"850 , 000 Syrian refugees have returned home since Assad fall , UN says",https://www.leaderlive.co.uk/news/national/25432079.850-000-syrian-refugees-returned-home-since-assads-fall-un-says/,leaderlive.co.uk,English,0,1,0,0,CPI
20250901T144500Z,"850 , 000 Syrian refugees have returned home since Assad fall , UN says",https://www.dailyecho.co.uk/news/national/25432079.850-000-syrian-refugees-returned-home-since-assads-fall-un-says/,dailyecho.co.uk,English,0,1,0,0,CPI
20250901T144500Z,"850 , 000 Syrian refugees have returned home since Assad fall , UN says",https://www.oxfordmail.co.uk/news/national/25432079.850-000-syrian-refugees-returned-home-since-assads-fall-un-says/,oxfordmail.co.uk,English,0,1,0,0,CPI
20250901T144500Z,"850 , 000 Syrian refugees have returned home since Assad fall , UN says",https://www.clactonandfrintongazette.co.uk/news/national/25432079.850-000-syrian-refugees-returned-home-since-assads-fall-un-says/,clactonandfrintongazette.co.uk,English,0,1,0,0,CPI
20250901T144500Z,Can Albania really become a cashless economy ? – DW – 09 / 01 / 2025,https://www.dw.com/en/can-albania-really-become-a-cashless-economy/a-73835325,dw.com,English,0,1,0,0,CPI
20250901T144500Z,"850 , 000 Syrian refugees have returned home since Assad fall , UN says",https://www.cotswoldjournal.co.uk/news/national/25432079.850-000-syrian-refugees-returned-home-since-assads-fall-un-says/,cotswoldjournal.co.uk,English,0,1,0,0,CPI
20250901T144500Z,"Immigration pressure had been building in Australia for years . This weekend , it exploded",https://www.yahoo.com/news/articles/immigration-pressure-had-building-australia-130220518.html,yahoo.com,English,0.155,0.845,0,-0.296,CPI
20250901T144500Z,"850 , 000 Syrian refugees have returned home since Assad fall , UN says",https://www.glasgowtimes.co.uk/news/national/25432079.850-000-syrian-refugees-returned-home-since-assads-fall-un-says/,glasgowtimes.co.uk,English,0,1,0,0,CPI
20250901T143000Z,"850 , 000 Syrian refugees have returned home since Assad fall , UN says",https://www.yourlocalguardian.co.uk/news/national/25432079.850-000-syrian-refugees-returned-home-since-assads-fall-un-says/,yourlocalguardian.co.uk,English,0,1,0,0,CPI
20250901T141500Z,"850 , 000 Syrian refugees have returned home since Assad fall , UN says",https://www.asianimage.co.uk/news/national/25432079.850-000-syrian-refugees-returned-home-since-assads-fall-un-says/,asianimage.co.uk,English,0,1,0,0,CPI
20250901T141500Z,"850 , 000 Syrian refugees have returned home since Assad fall , UN says – Winnipeg Free Press",https://www.winnipegfreepress.com/world/2025/09/01/850000-syrian-refugees-have-returned-home-since-assads-fall-un-says,winnipegfreepress.com,English,0,0.809,0.191,0.5106,CPI
20250901T121500Z,Denmark Cards and Payments Statistical Yearbook 2025 : Key,https://www.globenewswire.com/news-release/2025/09/01/3142124/28124/en/Denmark-Cards-and-Payments-Statistical-Yearbook-2025-Key-Initiatives-and-API-Roll-Outs.html,globenewswire.com,English,0,1,0,0,CPI
20250901T110000Z,Sustainability in cattle farming : Why you cant be complacent,https://www.dairyreporter.com/Article/2025/09/01/sustainability-in-cattle-farming-why-you-cant-be-complacent/,dairyreporter.com,English,0,0.867,0.133,0.0572,CPI
20250901T100000Z,"With 7 % CAGR in income over past decade , demand for premium product increasing in India : Report",https://aninews.in/news/business/with-7-cagr-in-income-over-past-decade-demand-for-premium-product-increasing-in-india-report20250901151117/,aninews.in,English,0.097,0.903,0,-0.128,CPI
20250901T091500Z,"Income growth , demographics and awareness push Indians to opt for finances over physical assets : Goldman Sachs",https://economictimes.indiatimes.com/news/economy/finance/income-growth-demographics-and-awareness-push-indians-to-opt-for-finances-over-physical-assets-goldman-sachs/articleshow/123630723.cms,economictimes.indiatimes.com,English,0,0.765,0.235,0.5106,CPI
20250901T083000Z,"Income growth , demographics and awareness push Indians to opt for finances over physical assets : Goldman Sachs",https://aninews.in/news/business/income-growth-demographics-and-awareness-push-indians-to-opt-for-finances-over-physical-assets-goldman-sachs20250901134344/,aninews.in,English,0,0.765,0.235,0.5106,CPI
20250901T083000Z,Why Lactalis bought Fonterra Mainland Group,https://www.foodnavigator-asia.com/Article/2025/08/27/why-lactalis-bought-fonterras-mainland-group/,foodnavigator-asia.com,English,0,1,0,0,CPI
20251102T000000Z,Climate change crisis : Earth vital signs are failing | The Macleay Argus,https://www.macleayargus.com.au/story/9102425/climate-change-crisis-earths-vital-signs-are-failing/,macleayargus.com.au,English,0.42,0.455,0.125,-0.7351,CPI
20251102T000000Z,Climate change crisis : Earth vital signs are failing | Bega District News,https://www.begadistrictnews.com.au/story/9102425/climate-change-crisis-earths-vital-signs-are-failing/,begadistrictnews.com.au,English,0.42,0.455,0.125,-0.7351,CPI
20251102T000000Z,Climate change crisis : Earth vital signs are failing | The Examiner,https://www.examiner.com.au/story/9102425/climate-change-crisis-earths-vital-signs-are-failing/,examiner.com.au,English,0.446,0.422,0.133,-0.7351,CPI
20251102T000000Z,Climate change crisis : Earth vital signs are failing | Eastern Riverina Chronicle,https://www.easternriverinachronicle.com.au/story/9102425/climate-change-crisis-earths-vital-signs-are-failing/,easternriverinachronicle.com.au,English,0.42,0.455,0.125,-0.7351,CPI
20251101T233000Z,Architecture and Design Film Festival 2025 Top Ten - Spacing Vancouver,https://spacing.ca/vancouver/2025/11/01/adff-2025-top-ten/,spacing.ca,English,0,0.615,0.385,0.6124,CPI
20251101T224500Z,Political frustration - Opinion - Waterford News & Star,https://www.waterford-news.ie/opinion/political-frustration_arid-76051.html,waterford-news.ie,English,0.383,0.617,0,-0.4767,CPI
20251101T204500Z,Uttarakhand to hold silver jubilee celebrations marking 25 years of statehood,http://www.calcuttanews.net/news/278669022/uttarakhand-to-hold-silver-jubilee-celebrations-marking-25-years-of-statehood,calcuttanews.net,English,0,1,0,0,CPI
20251101T201500Z,Global Utility Location Services Market Outlook 2026 - 2033 : Key,https://www.openpr.com/news/4249503/global-utility-location-services-market-outlook-2026-2033-key,openpr.com,English,0,1,0,0,CPI
20251101T194500Z,Uttarakhand to hold silver jubilee celebrations marking 25 years of statehood,http://www.bignewsnetwork.com/news/278669022/uttarakhand-to-hold-silver-jubilee-celebrations-marking-25-years-of-statehood,bignewsnetwork.com,English,0,1,0,0,CPI
20251101T193000Z,"MP News : State Setting New Dimensions Of Development , Says Urban Development And Housing Minister Kailash Vijayvargiya",https://www.freepressjournal.in/indore/mp-news-state-setting-new-dimensions-of-development-says-urban-development-and-housing-minister-kailash-vijayvargiya,freepressjournal.in,English,0,1,0,0,CPI
20251101T193000Z,Meet the candidate : David Bartley seeks to retain his Ward 3 seat on Holyoke City Council,https://www.yahoo.com/news/articles/meet-candidate-david-bartley-seeks-180115947.html,yahoo.com,English,0,1,0,0,CPI
20251101T193000Z,Meet the candidate : David Bartley seeks to retain his Ward 3 seat on Holyoke City Council,https://www.masslive.com/westernmass/2025/11/meet-the-candidate-david-bartley-seeks-to-retain-his-ward-3-seat-on-holyoke-city-council.html,masslive.com,English,0,1,0,0,CPI
20251101T190000Z,Report : California is still facing huge debt problems,https://www.dailynews.com/2025/11/01/report-california-is-still-facing-huge-debt-problems/,dailynews.com,English,0.416,0.4,0.184,-0.4404,CPI
20251101T181500Z,"As Health Workers Leave , African Countries Struggle to Contain a Deepening Crisis",https://www.ecofinagency.com/news/0111-50045-as-health-workers-leave-african-countries-struggle-to-contain-a-deepening-crisis,ecofinagency.com,English,0.487,0.513,0,-0.765,CPI
20251101T181500Z,Saint Lucians are Definitely Not The Dumbest Caribbean Voters ! - The Voice St . Lucia News,https://thevoiceslu.com/2025/11/saint-lucians-are-definitely-not-the-dumbest-caribbean-voters/,thevoiceslu.com,English,0,0.678,0.322,0.6902,CPI
20251101T181500Z,Report : California is still facing huge debt problems,https://www.dailybreeze.com/2025/11/01/report-california-is-still-facing-huge-debt-problems/,dailybreeze.com,English,0.416,0.4,0.184,-0.4404,CPI
20251101T180000Z,Report : California is still facing huge debt problems,https://www.redlandsdailyfacts.com/2025/11/01/report-california-is-still-facing-huge-debt-problems/,redlandsdailyfacts.com,English,0.416,0.4,0.184,-0.4404,CPI
20251101T180000Z,Zelensky offers free train rides to Ukrainians ahead of winter,https://www.yahoo.com/news/articles/zelensky-offers-free-train-rides-173036648.html,yahoo.com,English,0,0.732,0.268,0.5106,CPI
20251101T174500Z,These Are The States Where Most Americans Need Housing Assistance,https://www.zerohedge.com/political/these-are-states-where-most-americans-need-housing-assistance,zerohedge.com,English,0,1,0,0,CPI
20251101T170000Z,Report : California is still facing huge debt problems,https://www.pasadenastarnews.com/2025/11/01/report-california-is-still-facing-huge-debt-problems/,pasadenastarnews.com,English,0.416,0.4,0.184,-0.4404,CPI
20251101T164500Z,When does daylight saving time end and how do I adapt ? ,https://www.theguardian.com/wellness/2025/nov/01/daylight-saving-time-end,theguardian.com,English,0,1,0,0,CPI
20251101T163000Z,When does daylight saving time end and how do I adapt ? ,https://www.aol.co.uk/articles/does-daylight-saving-time-end-160038125.html,aol.co.uk,English,0,1,0,0,CPI
20251101T163000Z,When does daylight saving time end and how do I adapt ? ,https://www.yahoo.com/news/articles/does-daylight-saving-time-end-160038196.html,yahoo.com,English,0,1,0,0,CPI
20251101T163000Z,Türkiye tourism income rise 3 . 9 % – Shafaqna English | International Shia News & Fatwas,https://en.shafaqna.com/427687/turkiyes-tourism-income-rise-3-9/,en.shafaqna.com,English,0,1,0,0,CPI
20251101T163000Z,Report : California is still facing huge debt problems,https://www.sgvtribune.com/2025/11/01/report-california-is-still-facing-huge-debt-problems/,sgvtribune.com,English,0.416,0.4,0.184,-0.4404,CPI
20251101T163000Z,Warwick Named America Safest City 2025,https://wbsm.com/ixp/519/p/warwick-safest-city-2025/,wbsm.com,English,0,0.649,0.351,0.4019,CPI
20251101T161500Z,An undocumented mother says ICE raids and  Cornhusker Clink  are the end of the Nebraska she called home for decades,https://kesq.com/news/national-world/cnn-national/2025/11/01/an-undocumented-mother-says-ice-raids-and-cornhusker-clink-are-the-end-of-the-nebraska-shes-called-home-for-decades/,kesq.com,English,0,1,0,0,CPI
20251101T161500Z,Report : California is still facing huge debt problems,https://www.sbsun.com/2025/11/01/report-california-is-still-facing-huge-debt-problems/,sbsun.com,English,0.416,0.4,0.184,-0.4404,CPI
20251101T161500Z,A food emergency simmers in Florida | Steve Bousquet,https://www.sun-sentinel.com/2025/11/01/a-food-emergency-simmers-in-florida-steve-bousquet/,sun-sentinel.com,English,0.302,0.698,0,-0.3818,CPI
20251101T161500Z,An undocumented mother says ICE raids and  Cornhusker Clink  are the end of the Nebraska she called home for decades,https://kyma.com/news/2025/11/01/an-undocumented-mother-says-ice-raids-and-cornhusker-clink-are-the-end-of-the-nebraska-shes-called-home-for-decades/,kyma.com,English,0,1,0,0,CPI
20251101T160000Z,Washington Ranks Last Again in Police Staffing Crisis,https://kpq.com/ixp/137/p/washington-law-enforcement-shortage/,kpq.com,English,0.369,0.631,0,-0.6249,CPI
20251101T160000Z,"  People dont want celebrations , but answer : Hooda , Congress slam BJP govt on Haryana Day | Chandigarh News",https://indianexpress.com/article/cities/chandigarh/people-dont-want-celebrations-but-answers-hooda-congress-slam-bjp-govt-on-haryana-day-10340511/,indianexpress.com,English,0.244,0.756,0,-0.544,CPI
20251101T160000Z,Report : California is still facing huge debt problems,https://www.dailybulletin.com/2025/11/01/report-california-is-still-facing-huge-debt-problems/,dailybulletin.com,English,0.416,0.4,0.184,-0.4404,CPI
20251101T154500Z,Report : California is still facing huge debt problems,https://www.whittierdailynews.com/2025/11/01/report-california-is-still-facing-huge-debt-problems/,whittierdailynews.com,English,0.416,0.4,0.184,-0.4404,CPI
20251101T153000Z,Report : California is still facing huge debt problems,https://www.ocregister.com/2025/11/01/report-california-is-still-facing-huge-debt-problems/,ocregister.com,English,0.416,0.4,0.184,-0.4404,CPI
20251101T144500Z,Too old to hire ? Over - 50s facing job - hunt agony,https://www.thetimes.com/business-money/companies/article/over-50s-facing-job-hunt-agony-g7xtlnw26,thetimes.com,English,0.237,0.763,0,-0.4215,CPI
20251101T144500Z,"The Middle East and fossil capitalism : Oil , militarism and the global order",https://links.org.au/middle-east-and-fossil-capitalism-oil-militarism-and-global-order,links.org.au,English,0,1,0,0,CPI
20251101T143000Z,"Tinubu and significance of yesterday ( 2 ), by Abiodun Komolafe",https://theeagleonline.com.ng/tinubu-and-significance-of-yesterday-2-by-abiodun-komolafe/,theeagleonline.com.ng,English,0,0.792,0.208,0.2732,CPI
20251101T143000Z,Oswego County TodayLetter to the Editor Submission,https://oswegocountytoday.com/opinion/letters-to-the-editor/letter-to-the-editor-submission/,oswegocountytoday.com,English,0,1,0,0,CPI
20251101T143000Z,"CM Siddaramaiah hails Banu Mushtaq , Deepa Bhasthi for bringing global recognition to Kannada through Booker Prize",https://www.prokerala.com/news/articles/a1692391.html,prokerala.com,English,0,0.82,0.18,0.5106,CPI
20251101T141500Z,"Karnataka CM Siddaramaiah accuses Centre of  neglecting  Kannada , imposing Hindi",https://www.moneycontrol.com/news/india/karnataka-cm-siddaramaiah-accuses-centre-of-neglecting-kannada-imposing-hindi-13646881.html,moneycontrol.com,English,0.481,0.519,0,-0.6705,CPI
20251101T140000Z,Colorado sues to block Space Command HQ from moving to Alabama,https://justthenews.com/nation/states/center-square/colorado-sues-over-space-command-hq-moving-alabama,justthenews.com,English,0.225,0.775,0,-0.4404,CPI
20251101T134500Z,An undocumented mother says ICE raids and  Cornhusker Clink  are the end of the Nebraska she called home for decades,https://krdo.com/news/2025/11/01/an-undocumented-mother-says-ice-raids-and-cornhusker-clink-are-the-end-of-the-nebraska-shes-called-home-for-decades/,krdo.com,English,0,1,0,0,CPI
20251101T133000Z,"Humanity is on path toward  climate chaos , scientists warn",https://phys.org/news/2025-10-humanity-path-climate-chaos-scientists.html,phys.org,English,0.421,0.579,0,-0.6249,CPI
20251101T133000Z,NHS dentists crisis sees surge in GoFundMe appeals from desperate people in pain,https://www.mirror.co.uk/news/health/nhs-dentists-crisis-sees-surge-36068715,mirror.co.uk,English,0.492,0.508,0,-0.8658,CPI
20251101T130000Z,An undocumented mother says ICE raids and  Cornhusker Clink  are the end of the Nebraska she called home for decades - LocalNews8 . com,https://localnews8.com/news/national-world/cnn-national/2025/11/01/an-undocumented-mother-says-ice-raids-and-cornhusker-clink-are-the-end-of-the-nebraska-shes-called-home-for-decades/,localnews8.com,English,0,1,0,0,CPI
20251101T124500Z,An undocumented mother says ICE raids and  Cornhusker Clink  are the end of the Nebraska she called home for decades,https://ktvz.com/news/national-world/cnn-national/2025/11/01/an-undocumented-mother-says-ice-raids-and-cornhusker-clink-are-the-end-of-the-nebraska-shes-called-home-for-decades/,ktvz.com,English,0,1,0,0,CPI
20251101T121500Z,Berlin seeks partners in Central Asia . How Germany can tap into Turkmenistan potential,https://www.trend.az/business/4111899.html,trend.az,English,0,1,0,0,CPI
20251101T104500Z,Guide Against Road Ragers,https://leadership.ng/guide-against-road-ragers/,leadership.ng,English,0,1,0,0,CPI
20251101T104500Z,An undocumented mother says ICE raids and  Cornhusker Clink  are the end of the Nebraska she called home for decades | National,https://www.kten.com/news/national/an-undocumented-mother-says-ice-raids-and-cornhusker-clink-are-the-end-of-the-nebraska/article_d565f65d-337b-5092-92ea-c95c8970529e.html,kten.com,English,0,1,0,0,CPI
20251101T100000Z,High stakes at Cop30 :  Climate denialism is back at a point we thought wed moved on from  – The Irish Times,https://www.irishtimes.com/life-style/people/2025/11/01/high-stakes-at-cop30-climate-denialism-is-back-at-a-point-we-thought-wed-moved-on-from/,irishtimes.com,English,0,1,0,0,CPI
20251101T094500Z,Karnataka preparing Kannada for AI era : Chief Minister Siddaramaiah,https://www.thehindu.com/news/national/karnataka/karnataka-preparing-kannada-for-ai-era-chief-minister-siddaramaiah/article70228946.ece,thehindu.com,English,0,1,0,0,CPI
20251101T091500Z,Uganda Wins Prestigious Tourism Award at the Swiss International Holiday Expo 2025,https://chimpreports.com/uganda-wins-prestigious-tourism-award-at-the-swiss-international-holiday-expo-2025/,chimpreports.com,English,0,0.476,0.524,0.872,CPI
20251101T090000Z,Three more Everett council members question a mayoral candidate criticism of mayor and council actions . ,https://www.heraldnet.com/opinion/three-more-everett-council-members-question-a-mayoral-candidates-criticism-of-mayor-and-council-actions/,heraldnet.com,English,0.182,0.818,0,-0.4404,CPI
20251201T234500Z,"America Best Destinations to Visit This Winter , Ranked by Crucial Factors",https://www.mentalfloss.com/geography/cities/america-best-destinations-this-winter-crucial-factors,mentalfloss.com,English,0,0.704,0.296,0.6369,CPI
20251201T231500Z,Online Students Critical for Sustaining University of North Dakota,https://www.govtech.com/education/higher-ed/online-students-critical-for-sustaining-university-of-north-dakota,govtech.com,English,0.223,0.777,0,-0.3182,CPI
20251201T230000Z,This Missouri City Was Just Named One of the Most Fun in America,https://kickam1530.com/ixp/462/p/missouri-top-fun-city-2025/,kickam1530.com,English,0,0.77,0.23,0.5563,CPI
20251201T224500Z,Pope Leo XIV urges Lebanese not to give up on peace :  Your resilience is an essential characteristic of authentic peacemakers  ,http://thedialog.org/international-news/pope-leo-xiv-urges-lebanese-not-to-give-up-on-peace-your-resilience-is-an-essential-characteristic-of-authentic-peacemakers/,thedialog.org,English,0,0.723,0.277,0.7845,CPI
20251201T224500Z,Bulgaria Wealthiest Regions Revealed : Where Income and Investment Soar - Novinite . com,https://www.novinite.com/view_news.php?id=235704,novinite.com,English,0,0.758,0.242,0.4939,CPI
20251201T220000Z,This Missouri City Was Just Named One of the Most Fun in America,https://979kickfm.com/missouri-top-fun-city-2025/,979kickfm.com,English,0,0.77,0.23,0.5563,CPI
20251201T214500Z,Prince George - North Cariboo MLA says province unclear over closure of key road near Quesnel : My Cariboo Now,https://www.mycariboonow.com/114765/news/traffic-closures/prince-george-north-cariboo-mla-says-province-unclear-over-closure-of-key-road-near-quesnel/,mycariboonow.com,English,0.105,0.895,0,-0.25,CPI
20251201T213000Z,"From The Hindu , December 2 , 1975 : Biggest aid to India from Britain as grant",https://www.thehindu.com/archives/from-the-hindu-december-2-1975-biggest-aid-to-india-from-britain-as-grant/article70344956.ece,thehindu.com,English,0,0.828,0.172,0.3612,CPI
20251201T203000Z,UNDP Flags Severe Human Development Crisis in Pakistan,https://neindia.com/undp-flags-severe-human-development-crisis-in-pakistan/,neindia.com,English,0.528,0.472,0,-0.7717,CPI
20251201T201500Z,"Conrad Black : As Alberta Moves to Improve Health Care , Ottawa Must Lead Nationwide Reform",https://www.theepochtimes.com/opinion/conrad-black-as-alberta-moves-to-improve-health-care-ottawa-must-lead-nationwide-reform-5951720,theepochtimes.com,English,0,0.663,0.337,0.7269,CPI
20251201T200000Z,New study finds the most fun cities in America,https://www.magic1021.com/entertainment/new-study-finds-most-fun-cities-america/LXERVR6XKZD4PNPT5GCPJM4G3I/,magic1021.com,English,0,0.69,0.31,0.5563,CPI
20251201T194500Z,Powering broadband access for a more equitable digital future,http://www.businessghana.com/site/news/business/339270/Powering-broadband-access-for-a-more-equitable-digital-future,businessghana.com,English,0,1,0,0,CPI
20251201T193000Z,"Revive PH coffee industry , cut import by 81 % Lacson bill - Malaya Business Insight",https://malaya.com.ph/business/business-news/revive-ph-coffee-industry-cut-import-by-81-lacsons-bill/,malaya.com.ph,English,0.135,0.71,0.155,0.0772,CPI
20251201T191500Z,New study finds the most fun cities in America,https://www.b985.com/entertainment/new-study-finds-most-fun-cities-america/LXERVR6XKZD4PNPT5GCPJM4G3I/,b985.com,English,0,0.69,0.31,0.5563,CPI
20251201T191500Z,New study finds the most fun cities in America,https://www.wgauradio.com/entertainment/new-study-finds-most-fun-cities-america/LXERVR6XKZD4PNPT5GCPJM4G3I/,wgauradio.com,English,0,0.69,0.31,0.5563,CPI
20251201T191500Z,"Odisha per capita debt burden stands at Rs 26 , 978 : CM",https://www.orissapost.com/odishas-per-capita-debt-burden-stands-at-rs-26978-cm/,orissapost.com,English,0.375,0.625,0,-0.6597,CPI
20251201T190000Z,Trump Administration Unveils Details Most - Favored Nation Drug Prices,https://www.forbes.com/sites/joshuacohen/2025/12/01/trump-administration-unveils-details-on-most-favored-nation-prices-for-drugs/,forbes.com,English,0,0.721,0.279,0.4754,CPI
20251201T190000Z,New study finds the most fun cities in America,https://www.kkyx.com/entertainment/new-study-finds-most-fun-cities-america/LXERVR6XKZD4PNPT5GCPJM4G3I/,kkyx.com,English,0,0.69,0.31,0.5563,CPI
20251201T190000Z,New study finds the most fun cities in America,https://www.mymagic949.com/entertainment/new-study-finds-most-fun-cities-america/LXERVR6XKZD4PNPT5GCPJM4G3I/,mymagic949.com,English,0,0.69,0.31,0.5563,CPI
20251201T190000Z,"Ministry of Municipality inaugurates Nabaq Park in Al Thumama , Athl Park in Al Miraadh",http://thepeninsulaqatar.com/article/01/12/2025/ministry-of-municipality-inaugurates-nabaq-park-in-al-thumama-athl-park-in-al-miraadh,thepeninsulaqatar.com,English,0,1,0,0,CPI
20251201T190000Z,Is Chile egg industry being impacted by imports ? ,https://www.wattagnet.com/blogs/latin-america-poultry-at-a-glance/blog/15772878/is-chiles-egg-industry-being-impacted-by-imports,wattagnet.com,English,0,1,0,0,CPI
20251201T190000Z,"Get ready , America : Here come China food and drink chains | Honolulu Star - Advertiser",https://www.staradvertiser.com/2025/12/01/breaking-news/get-ready-america-here-come-chinas-food-and-drink-chains/,staradvertiser.com,English,0,0.828,0.172,0.3612,CPI
20251201T184500Z,Global Times - The fading  bucket toilet highlights Shanghai people - centered governance acumen,http://www.singaporestar.com/news/278732483/global-times-the-fading-bucket-toilets-highlights-shanghai-people-centered-governance-acumen,singaporestar.com,English,0,1,0,0,CPI
20251201T183000Z,Africa Demand For Refined Products To Surge Into 2050 – OpEd – Eurasia Review,https://www.eurasiareview.com/01122025-africas-demand-for-refined-products-to-surge-into-2050-oped/,eurasiareview.com,English,0.12,0.88,0,-0.128,CPI
20251201T181500Z,Listener special report : The global rise of radical conservatism,https://www.nzherald.co.nz/the-listener/politics/listener-special-report-the-global-rise-of-radical-conservatism/premium/X75X3YXS55FODGYMFXLWZSIZNM/,nzherald.co.nz,English,0,0.748,0.252,0.4019,CPI
20251201T181500Z,New study finds the most fun cities in America,https://www.eaglesanantonio.com/entertainment/new-study-finds-most-fun-cities-america/LXERVR6XKZD4PNPT5GCPJM4G3I/,eaglesanantonio.com,English,0,0.69,0.31,0.5563,CPI
20251201T180000Z,Canada per - capita GDP on better path after revisions,https://windsorstar.com:443/news/economy/canada-per-capita-gdp-better-path,windsorstar.com,English,0,0.734,0.266,0.4404,CPI
20251201T180000Z,A Turning Point for Southern Italy : Smart Taxation and a Shared Fiscal Cloud to Relaunch Growth - Italia News,https://www.italia-news.it/a-turning-point-for-southern-italy-smart-taxation-and-a-shared-fiscal-cloud-to-relaunch-growth-71174.html,italia-news.it,English,0,0.628,0.372,0.7717,CPI
20251201T180000Z,Notizie su Economy - Italia News - Ultime notizie,https://www.italia-news.it/argomenti/economy,italia-news.it,English,0,1,0,0,CPI
20251201T174500Z,  Ticking time bombs have exploded : Sherry Rehman warns of deepening scarcity crisis in Pakistan,https://www.pakistantoday.com.pk/2025/12/01/ticking-time-bombs-have-exploded-sherry-rehman-warns-of-deepening-scarcity-crisis-in-pakistan/,pakistantoday.com.pk,English,0.314,0.686,0,-0.6705,CPI
20251201T173000Z,Global Times - The fading  bucket toilet highlights Shanghai people - centered governance acumen,http://www.shanghainews.net/news/278732483/global-times-the-fading-bucket-toilets-highlights-shanghai-people-centered-governance-acumen,shanghainews.net,English,0,1,0,0,CPI
20251201T171500Z,New study finds the most fun cities in America,https://www.hits1053sanantonio.com/entertainment/new-study-finds-most-fun-cities-america/LXERVR6XKZD4PNPT5GCPJM4G3I/,hits1053sanantonio.com,English,0,0.69,0.31,0.5563,CPI
20251201T170000Z,India vs Pakistan :  North and South Korea at night  ,https://timesofindia.indiatimes.com/business/india-business/india-vs-pakistan-north-and-south-korea-at-night/articleshow/125698757.cms,timesofindia.indiatimes.com,English,0,1,0,0,CPI
20251201T170000Z,HCA Healthcare Is Caring For Patients And Investors Alike,https://www.forbes.com/sites/greatspeculations/2025/12/01/hca-healthcare-is-caring-for-patients-and-investors-alike/,forbes.com,English,0,0.714,0.286,0.4939,CPI
20251201T163000Z,Washington County towns weigh debt prepayment plans,https://www.bangordailynews.com/2025/12/01/down-east/downeast-government/maine-washington-county-budget-crisis-prepayment-taxes/,bangordailynews.com,English,0.294,0.706,0,-0.3612,CPI
20251201T161500Z,Celebrating Local Businesses On Small Business Saturday,https://river967.com/small-business-saturday-st-cloud/,river967.com,English,0,0.619,0.381,0.5719,CPI
20251201T161500Z,The Osage orange | The Highland County Press,https://highlandcountypress.com/osage-orange,highlandcountypress.com,English,0,1,0,0,CPI
20251201T160000Z,GFNC : Protect children from alcohol,https://nowgrenada.com/2025/12/gfnc-protect-children-from-alcohol/,nowgrenada.com,English,0,0.606,0.394,0.3818,CPI
20251201T154500Z,"Trapped in illusion of growth , Pakistan lies low in human development bracket",https://ianslive.in/trapped-in-illusion-of-growth-pakistan-lies-low-in-human-development-bracket--20251201163330,ianslive.in,English,0.439,0.423,0.138,-0.6908,CPI
20251201T150000Z,fDi Intelligence – Your source for foreign direct investment information,https://www.fdiintelligence.com/content/b5530d52-b900-45f0-98e2-0201e2d259d0,fdiintelligence.com,English,0,0.721,0.279,0.4767,CPI
20251201T150000Z,Employee stock ownership could solve cannabis market problems,https://www.minnpost.com/community-voices/2025/12/employee-stock-ownership-would-help-solve-cannabis-market-problems/,minnpost.com,English,0.257,0.571,0.171,-0.2263,CPI
20251201T143000Z,Global Times - The fading  bucket toilet highlights Shanghai people - centered governance acumen,https://www.manilatimes.net/2025/12/01/tmt-newswire/globenewswire/global-times-the-fading-bucket-toilets-highlights-shanghais-people-centered-governance-acumen/2234435,manilatimes.net,English,0,1,0,0,CPI
20251201T141500Z,Arab GDP projected to hit $4 trillion in 2026 : Dhaman,http://www.iraqsun.com/news/278732284/arab-gdp-projected-to-hit-4-trillion-in-2026-dhaman,iraqsun.com,English,0,1,0,0,CPI
20260101T234500Z,"With federal backing , Wyoming catastrophic  BearCare  health insurance plan could become reality",https://insurancenewsnet.com/oarticle/with-federal-backing-wyomings-catastrophic-bearcare-health-insurance-plan-could-become-reality,insurancenewsnet.com,English,0.224,0.699,0.077,-0.4767,CPI
20260101T233000Z,The positive climate news you may have missed last year,https://www.newsday.com/opinion/commentary/climate-change-evs-grid-irpjawev,newsday.com,English,0.159,0.58,0.261,0.34,CPI
20260101T233000Z,Reports - Market reports from Global Cement,https://www.globalcement.com/magazine/reports,globalcement.com,English,0,1,0,0,CPI
20260101T231500Z,India Stunning Growth Story - Daily Excelsior,https://www.dailyexcelsior.com/indias-stunning-growth-story/,dailyexcelsior.com,English,0,0.303,0.697,0.7096,CPI
20260101T230000Z,Quin Hillyer : Louisianans dominate national politics | Opinion,https://www.theadvocate.com/baton_rouge/opinion/louisiana-politics-james-carville/article_1a0c8bd5-32ae-56d6-afd8-fc099bc39343.html,theadvocate.com,English,0.2,0.8,0,-0.128,CPI
20260101T210000Z,Ever Wonder Why Texans Cant Fly To Delaware ? ,https://lonestar995fm.com/ixp/156/p/delaware-flights-from-texas/,lonestar995fm.com,English,0,1,0,0,CPI
20260101T200000Z,The World Biggest Wine Drinkers Have Been Revealed and It Not France or Italy,https://www.mentalfloss.com/geography/world-top-10-wine-drinkers,mentalfloss.com,English,0,1,0,0,CPI
20260101T191500Z,"Insurance costs under lens : RBI flags high - cost distribution driving premium growth , warns of medium - term pressure",https://timesofindia.indiatimes.com/business/india-business/insurance-costs-under-lens-rbi-flags-high-cost-distribution-driving-premium-growth-warns-of-medium-term-pressure/articleshow/126292155.cms,timesofindia.indiatimes.com,English,0.178,0.693,0.129,0,CPI
20260101T190000Z,Gov . hails funding from new federal rural health program | Local News,https://www.benningtonbanner.com/local-news/gov-scott-hails-funding-from-new-federal-rural-health-program/article_f4356a96-927b-43a2-afb8-30408a230dd4.html,benningtonbanner.com,English,0,1,0,0,CPI
20260101T190000Z,"Unprecedented Tax Increase to Cripple Legal Industry , MSMEs : TII",https://www.deccanchronicle.com/business/in-other-news/tobacco-institute-of-india-on-increase-in-duty-1927733,deccanchronicle.com,English,0,0.648,0.352,0.4215,CPI
20260101T174500Z,Is a new normal OK for road toll ? ,https://www.odt.co.nz/opinion/editorial/new-normal-ok-road-toll,odt.co.nz,English,0,0.672,0.328,0.4466,CPI
20260101T170000Z,"Letters : Auckland crime , lack of police and mental health support slammed",https://www.nzherald.co.nz/nz/letters-auckland-crime-lack-of-police-and-mental-health-support-slammed/premium/PSTYEX5W5NECPN5Z2PPC25MIVI/,nzherald.co.nz,English,0.352,0.485,0.164,-0.4767,CPI
20260101T154500Z,The Real Existential Threat Facing Europe,https://www.zerohedge.com/markets/real-existential-threat-facing-europe,zerohedge.com,English,0.405,0.595,0,-0.5267,CPI
20260101T154500Z,"Counties Are On A Hiring Spree , But Recruitment Challenges Linger",https://www.civilbeat.org/2026/01/counties-hiring-spree-recruitment-challenges-linger/,civilbeat.org,English,0,0.847,0.153,0.1154,CPI
20260101T134500Z,RBI expresses concern over high - cost distribution strategies of insurers,https://economictimes.indiatimes.com/industry/banking/finance/insure/rbi-expresses-concern-over-high-cost-distribution-strategies-of-insurers/articleshow/126288413.cms,economictimes.indiatimes.com,English,0,1,0,0,CPI
20260101T134500Z,Maharashtra new policy targets ₹70 . 5 lakh crore investment,https://www.thehindubusinessline.com/news/national/maharashtras-new-policy-targets-705-lakh-crore-investment/article70460402.ece,thehindubusinessline.com,English,0,1,0,0,CPI
20260101T134500Z,"Greece Economy in 2026 : Growth , Risks and Open Questions",https://www.in.gr/2026/01/01/english-edition/greeces-economy-2026-growth-risks-open-questions/,in.gr,English,0.179,0.598,0.222,0.128,CPI
20260101T124500Z,What ahead for the job market and household spending in 2026 ? Eight charts give us a glimpse,https://www.theglobeandmail.com/business/economy/article-2026-in-charts-households-and-jobs/,theglobeandmail.com,English,0,1,0,0,CPI
20260101T124500Z,Can Canada economy ignite in 2026 ? These 14 charts illustrate our investment dilemmas,https://www.theglobeandmail.com/business/economy/article-2026-in-charts-for-businesses-and-investors/,theglobeandmail.com,English,0,1,0,0,CPI
20260101T123000Z,"Mayawati extends new year greetings , calls for inclusive development , constitutional governance and relief for bahujan samaj",https://www.centralchronicle.com/mayawati-extends-new-year-greetings-calls-for-inclusive-development-constitutional-governance-and-relief-for-bahujan-samaj/,centralchronicle.com,English,0,0.637,0.363,0.7506,CPI
20260101T121500Z,Adani Group Commits $75 Billion To Green Energy As India Power Demand Surges,https://www.freepressjournal.in/business/adani-group-commits-75-billion-to-green-energy-as-indias-power-demand-surges,freepressjournal.in,English,0.102,0.68,0.218,0.1779,CPI
20260101T121500Z,"Bulgaria Switches to Euro : What Will Cost More , Less , and Stay the Same from January 1 , 2026 ( UPDATED ) - Novinite . com","https://www.novinite.com/articles/236139/Bulgaria+Switches+to+Euro:+What+Will+Cost+More,+Less,+and+Stay+the+Same+from+January+1,+2026+(UPDATED)",novinite.com,English,0,1,0,0,CPI
20260101T113000Z,Economic uncertainty is coming in 2026 . Here what to expect . ,https://www.statesman.com/business/columnists/tomlinson/article/texas-2026-economy-unemployment-inflation-21262865.php,statesman.com,English,0.211,0.789,0,-0.34,CPI
20260101T104500Z,Fickling : The positive climate news you may have missed in 2025,https://www.pressdemocrat.com/2026/01/01/fickling-the-positive-climate-news-you-may-have-missed-in-2025/,pressdemocrat.com,English,0.149,0.608,0.243,0.34,CPI
20260101T103000Z,UPSC Issue at a Glance | Reports and Indices of 2025 that will matter for India in 2026,https://indianexpress.com/article/upsc-current-affairs/upsc-essentials/upsc-issue-at-a-glance-international-national-reports-indices-upsc-exam-10448201/,indianexpress.com,English,0,0.932,0.068,0.0258,CPI
20260101T101500Z,ASPIRE in Haiti and Community - Driven Development in Myanmar,https://borgenproject.org/aspire-in-haiti/,borgenproject.org,English,0,1,0,0,CPI
20260101T100000Z,COLUMNIST : The positive climate news you may have missed this year | The Arkansas Democrat - Gazette,https://www.arkansasonline.com/news/2026/jan/01/columnist-the-positive-climate-news-you-may-have/,arkansasonline.com,English,0.117,0.691,0.191,0.34,CPI
20260101T100000Z,Adani Group doubles down on green power as India energy consumption rises,https://ianslive.in/adani-group-doubles-down-on-green-power--20260101143132,ianslive.in,English,0,0.84,0.16,0.2732,CPI
20260101T091500Z,Welcome to 2026 – for better and for worse - Trinidad and Tobago Newsday,https://newsday.co.tt/2026/01/01/welcome-to-2026-for-better-and-for-worse/,newsday.co.tt,English,0.172,0.5,0.328,0.4215,CPI
20260101T091500Z,A  topsy - turvy  year in Trinidad and Tobago energy sector - Trinidad and Tobago Newsday,https://newsday.co.tt/2026/01/01/a-topsy-turvy-year-in-trinidad-and-tobagos-energy-sector/,newsday.co.tt,English,0,0.851,0.149,0.2732,CPI
20260101T090000Z,Ho Chi Minh City sets floor area standards for apartments,https://news.tuoitre.vn/ho-chi-minh-city-sets-floor-area-standards-for-apartments-103260101123403091.htm,news.tuoitre.vn,English,0,1,0,0,CPI
20260101T090000Z,  Reform Express  and 24x7 Justice Delivery,https://www.dnaindia.com/analysis/report-reform-express-and-24x7-justice-delivery-3195633,dnaindia.com,English,0,0.595,0.405,0.5267,CPI
20260101T090000Z,Morristown to charge Elmore more for EMS service,https://www.vtcng.com/news_and_citizen/news/local_news/morristown-to-charge-elmore-more-for-ems-service/article_902ab50c-ac9c-4fb5-9462-b989de79d9c7.html,vtcng.com,English,0,1,0,0,CPI
20260101T083000Z,Who Is Helping Low IQ Migrants Defraud American Taxpayers ? ,https://www.lewrockwell.com/2026/01/brandon-smith/who-is-helping-low-iq-migrants-defraud-american-taxpayers/,lewrockwell.com,English,0.186,0.619,0.195,0.0258,CPI
20260101T083000Z,December | 2025 | RUTHFULLY YOURS,https://www.ruthfullyyours.com/2025/12/,ruthfullyyours.com,English,0,1,0,0,CPI
20260201T233000Z,What are the most bicycle - friendly cities in Utah ? ,https://www.ksl.com:443/article/51440550/what-are-the-most-bicycle-friendly-cities-in-utah,ksl.com,English,0,0.697,0.303,0.539,CPI
20260201T233000Z,Taiwan economic growth hits 15 - year high of 8 . 63 % in 2025,http://www.africaleader.com/news/278842144/taiwan-economic-growth-hits-15-year-high-of-863-in-2025,africaleader.com,English,0,0.794,0.206,0.3818,CPI
20260201T230000Z,West Virginia places 34th nationwide for total public utilities license tax revenue in 2024,https://businessdailynetwork.com/stories/677277450-west-virginia-places-34th-nationwide-for-total-public-utilities-license-tax-revenue-in-2024,businessdailynetwork.com,English,0,1,0,0,CPI
20260201T223000Z,"Liberals Reveal Plan to Boost Economy , Slash Red Tape",https://www.miragenews.com/liberals-reveal-plan-to-boost-economy-slash-red-1611729/,miragenews.com,English,0.178,0.593,0.229,0.1531,CPI
20260201T223000Z,Why visitors continue to choose Thailand,https://www.ttrweekly.com/site/2026/02/why-visitors-continue-to-choose-thailand/,ttrweekly.com,English,0,1,0,0,CPI
20260201T221500Z,13th Budget of a  tired  govt : CM Siddaramaiah on Union Budget 2026 - 27,https://www.hindustantimes.com/india-news/13th-budget-of-a-tired-govt-siddaramaiah-101769974278188.html,hindustantimes.com,English,0.209,0.791,0,-0.4404,CPI
20260201T221500Z,New Report Ranks Maine Among America Best States to Retire,https://wcyy.com/ixp/697/p/maine-retirement-location/,wcyy.com,English,0,0.682,0.318,0.6369,CPI
20260201T213000Z,New Report Ranks Maine Among America Best States to Retire,https://wokq.com/ixp/697/p/maine-retirement-location/,wokq.com,English,0,0.682,0.318,0.6369,CPI
20260201T213000Z,New Report Ranks Maine Among America Best States to Retire,https://92moose.fm/ixp/697/p/maine-retirement-location/,92moose.fm,English,0,0.682,0.318,0.6369,CPI
20260201T213000Z,St . Cloud Bold And Bright Festival : Highlights And Activities,https://krforadio.com/ixp/67/p/st-cloud-bold-bright-festival/,krforadio.com,English,0,0.408,0.592,0.8271,CPI
20260201T200000Z,New Report Ranks Maine Among America Best States to Retire,https://949whom.com/ixp/697/p/maine-retirement-location/,949whom.com,English,0,0.682,0.318,0.6369,CPI
20260201T200000Z,Budget ignores private sector lack of confidence in economy and the need to expand the welfare net,https://www.hindustantimes.com/opinion/budget-ignores-private-sector-s-lack-of-confidence-in-economy-and-the-need-to-expand-the-welfare-net-101769970550635.html,hindustantimes.com,English,0.191,0.565,0.243,0.296,CPI
20260201T193000Z,Union Budget 2026 draws mixed reactions across Odisha,https://www.orissapost.com/union-budget-2026-draws-mixed-reactions-across-odisha/,orissapost.com,English,0,1,0,0,CPI
20260201T193000Z,NABARD sanctions Rs . 1134 . 74 crore to Odisha | OdishaChannel . com,https://odishachannel.com/index.php/5354/nabard-sanctions-rs-1134-74-crore-to-odisha/,odishachannel.com,English,0,1,0,0,CPI
20260201T191500Z,High - level panel to review bank ownership and consolidation for Viksit Bharat,https://economictimes.indiatimes.com/industry/banking/finance/banking/high-level-panel-to-review-bank-ownership-and-consolidation-for-viksit-bharat/articleshow/127847152.cms,economictimes.indiatimes.com,English,0,1,0,0,CPI
20260201T181500Z,New Report Ranks Maine Among America Best States to Retire,https://b985.fm/ixp/697/p/maine-retirement-location/,b985.fm,English,0,0.682,0.318,0.6369,CPI
20260201T170000Z,St . Cloud Bold And Bright Festival : Highlights And Activities,https://wjon.com/st-cloud-bold-bright-festival/,wjon.com,English,0,0.408,0.592,0.8271,CPI
20260201T163000Z,"Budget 2026 : STT hike , capex push and banking committee mark a step in the right direction for Indian economy",https://www.moneycontrol.com/news/opinion/budget-2026-stt-hike-capex-push-and-banking-committee-mark-a-step-in-the-right-direction-for-indian-economy-13803963.html,moneycontrol.com,English,0,1,0,0,CPI
20260201T163000Z,Finance Commission retained devolution share for States at 41 % ,https://www.thehindubusinessline.com/economy/budget/finance-commission-retained-devolution-share-for-states-at-41/article70578457.ece,thehindubusinessline.com,English,0,0.68,0.32,0.3182,CPI
20260201T161500Z,Taiwan 2025 GDP Growth Hits 15 - Year High at 8 . 63 % ,https://www.newkerala.com/news/a/taiwans-economic-growth-hits-15-year-high-863-2025-382.htm,newkerala.com,English,0,0.776,0.224,0.3818,CPI
20260201T160000Z,NA Chairman meets with former leaders in Cần Thơ City,https://vietnamnews.vn/politics-laws/1764998/na-chairman-meets-with-former-leaders-in-can-tho-city.html,vietnamnews.vn,English,0,1,0,0,CPI
20260201T154500Z,"Letter : Instead of rain , Utahns should pray for new leadership",https://www.sltrib.com/opinion/letters/2026/02/01/letter-instead-rain-utahns-should/,sltrib.com,English,0,0.796,0.204,0.3182,CPI
20260201T154500Z,New York Dental Ranking Is Raising Eyebrows Across The State,https://wpdh.com/ixp/854/p/new-yorks-dental-ranking-is-much-worse-than-you-might-think/,wpdh.com,English,0,1,0,0,CPI
20260201T154500Z,St . Cloud Bold And Bright Festival : Highlights And Activities,https://kdhlradio.com/ixp/67/p/st-cloud-bold-bright-festival/,kdhlradio.com,English,0,0.408,0.592,0.8271,CPI
20260201T151500Z,"Capitalism Versus Socialism , by the Numbers",https://www.dailysignal.com/2026/02/01/capitalism-improves-human-lives-socialism-does-the-opposite/,dailysignal.com,English,0,1,0,0,CPI
20260201T150000Z,"Karnataka is biggest gainer , Madhya Pradesh biggest loser under 16th Finance Commission formula",https://www.moneycontrol.com/news/business/economy/karnataka-is-biggest-gainer-madhya-pradesh-biggest-loser-under-16th-finance-commission-formula-13803907.html,moneycontrol.com,English,0.221,0.779,0,-0.5267,CPI
20260201T143000Z,Budget 2026 Hits And Misses,https://www.rediff.com/money/special/budget-2026-hits-and-misses/20260201.htm,rediff.com,English,0.322,0.678,0,-0.2263,CPI
20260201T141500Z,Opinion Column : Trump slurs vs . allied soldiers who died in Afghanistan shake NATO | Opinion,https://www.yakimaherald.com/opinion/opinion-column-trump-s-slurs-vs-allied-soldiers-who-died-in-afghanistan-shake-nato/article_9ee79d34-4dfa-48b2-b673-ac1d245b240c.html,yakimaherald.com,English,0.306,0.694,0,-0.6486,CPI
20260201T141500Z,LETTERS : Expect more regulation ; acceleration lanes,https://gazette.com/2026/02/01/letters-expect-more-regulation-acceleration-lanes/,gazette.com,English,0,1,0,0,CPI
20260201T124500Z,"Opposition slams Budget 2026 , says it ignores common people",https://www.orissapost.com/opposition-slams-budget-2026-says-it-ignores-common-people/,orissapost.com,English,0.208,0.792,0,-0.2732,CPI
20260201T120000Z,Nepal Journey From Poverty To Prosperity : Initiatives Required | New Spotlight Magazine,https://www.spotlightnepal.com/2026/02/01/nepals-journey-from-poverty-to-prosperity-initiatives-required/,spotlightnepal.com,English,0.248,0.752,0,-0.5106,CPI
20260201T114500Z,Opposition slams Nirmala Sitharaman Union Budget 2026 –  meant for top 5 % of population  ,https://www.livemint.com/politics/opposition-slams-nirmala-sitharamans-union-budget-2026-meant-for-top-5-of-population-bjp-congress-akhilesh-11769943864568.html,livemint.com,English,0,0.859,0.141,0.2023,CPI
20260201T101500Z,"Budget 2026 : CCUS push with Rs 20 , 000 crore outlay to help decarbonize hard - to - abate sectors",https://economictimes.indiatimes.com/news/economy/policy/budget-2026-ccus-push-with-rs-20000-crore-outlay-to-help-decarbonize-hard-to-abate-sectors/articleshow/127838477.cms,economictimes.indiatimes.com,English,0.073,0.785,0.141,0.3182,CPI
20260201T101500Z,"6 , 900 companies shut or moved out of Bengal since TMC came to power",https://www.sentinelassam.com/more-news/national-news/6900-companies-shut-or-moved-out-of-bengal-since-tmc-came-to-power-amit-shah,sentinelassam.com,English,0,1,0,0,CPI
20260201T101500Z,The great water illusion,https://cyprus-mail.com/2026/02/01/the-great-water-illusion,cyprus-mail.com,English,0,0.423,0.577,0.6249,CPI
20260201T094500Z,"India airline fleets to triple in decade , Airbus forecasts",http://www.europesun.com/news/278838931/india-s-airline-fleets-to-triple-in-decade-airbus-forecasts,europesun.com,English,0,1,0,0,CPI
20260201T094500Z,"No direct boost , Budget turns to structural levers to support consumption",https://www.moneycontrol.com/news/business/no-direct-boost-budget-turns-to-structural-levers-to-support-consumption-13803203.html,moneycontrol.com,English,0.141,0.513,0.346,0.4939,CPI
20260201T091500Z,"India airline fleets to triple in decade , Airbus forecasts",http://www.torontotelegraph.com/news/278838931/india-s-airline-fleets-to-triple-in-decade-airbus-forecasts,torontotelegraph.com,English,0,1,0,0,CPI
20260201T090000Z,"India airline fleets to triple in decade , Airbus forecasts",http://www.birminghamstar.com/news/278838931/india-s-airline-fleets-to-triple-in-decade-airbus-forecasts,birminghamstar.com,English,0,1,0,0,CPI
20260201T090000Z,"Mired in economic trouble , Bangladesh pins hopes on election boost",https://www.voiceofalexandria.com/news/national/mired-in-economic-trouble-bangladesh-pins-hopes-on-election-boost/article_294b5bf5-74c6-50a0-884c-9b1a5965f02d.html,voiceofalexandria.com,English,0.178,0.461,0.362,0.4215,CPI
20260201T084500Z,"India airline fleets to triple in decade , Airbus forecasts",http://www.mexicostar.com/news/278838931/india-s-airline-fleets-to-triple-in-decade-airbus-forecasts,mexicostar.com,English,0,1,0,0,CPI
20260201T083000Z,"India airline fleets to triple in decade , Airbus forecasts",http://www.singaporestar.com/news/278838931/india-s-airline-fleets-to-triple-in-decade-airbus-forecasts,singaporestar.com,English,0,1,0,0,CPI
20260201T083000Z,"India airline fleets to triple in decade , Airbus forecasts",http://www.tucsonpost.com/news/278838931/india-s-airline-fleets-to-triple-in-decade-airbus-forecasts,tucsonpost.com,English,0,1,0,0,CPI
20260201T081500Z,"India airline fleets to triple in decade , Airbus forecasts",http://www.pittsburghstar.com/news/278838931/india-s-airline-fleets-to-triple-in-decade-airbus-forecasts,pittsburghstar.com,English,0,1,0,0,CPI
20260201T081500Z,"India airline fleets to triple in decade , Airbus forecasts",http://www.nashvilleherald.com/news/278838931/india-s-airline-fleets-to-triple-in-decade-airbus-forecasts,nashvilleherald.com,English,0,1,0,0,CPI
20260201T080000Z,"India airline fleets to triple in decade , Airbus forecasts",http://www.oklahomastar.com/news/278838931/india-s-airline-fleets-to-triple-in-decade-airbus-forecasts,oklahomastar.com,English,0,1,0,0,CPI
20260201T080000Z,What I discovered on a trip to Denmark to talk about Donald Trump,https://www.thenational.scot/news/25814110.discovered-trip-denmark-talk-donald-trump/,thenational.scot,English,0,1,0,0,CPI
20260201T080000Z,How is Denmark protesting against Donald Trump ? ,https://www.thenational.scot/news/25814150.denmark-protesting-donald-trump/,thenational.scot,English,0.318,0.682,0,-0.4215,CPI
20260201T080000Z,Taiwan economic growth hits 15 - year high of 8 . 63 % in 2025,http://www.oklahomastar.com/news/278842144/taiwan-economic-growth-hits-15-year-high-of-863-in-2025,oklahomastar.com,English,0,0.794,0.206,0.3818,CPI
20260201T080000Z,"India airline fleets to triple in decade , Airbus forecasts",http://www.taiwansun.com/news/278838931/india-s-airline-fleets-to-triple-in-decade-airbus-forecasts,taiwansun.com,English,0,1,0,0,CPI
20260201T080000Z,Taiwan economic growth hits 15 - year high of 8 . 63 % in 2025,http://www.taiwansun.com/news/278842144/taiwan-economic-growth-hits-15-year-high-of-863-in-2025,taiwansun.com,English,0,0.794,0.206,0.3818,CPI
20260201T080000Z,"India airline fleets to triple in decade , Airbus forecasts",http://www.oklahomacitysun.com/news/278838931/india-s-airline-fleets-to-triple-in-decade-airbus-forecasts,oklahomacitysun.com,English,0,1,0,0,CPI
20260201T080000Z,"India airline fleets to triple in decade , Airbus forecasts",http://www.newyorktelegraph.com/news/278838931/india-s-airline-fleets-to-triple-in-decade-airbus-forecasts,newyorktelegraph.com,English,0,1,0,0,CPI
20260201T080000Z,"India airline fleets to triple in decade , Airbus forecasts",http://www.newjerseytelegraph.com/news/278838931/india-s-airline-fleets-to-triple-in-decade-airbus-forecasts,newjerseytelegraph.com,English,0,1,0,0,CPI
20260201T080000Z,"India airline fleets to triple in decade , Airbus forecasts",http://www.zimbabwestar.com/news/278838931/india-s-airline-fleets-to-triple-in-decade-airbus-forecasts,zimbabwestar.com,English,0,1,0,0,CPI
20260201T074500Z,"India airline fleets to triple in decade , Airbus forecasts",http://www.nigeriasun.com/news/278838931/india-s-airline-fleets-to-triple-in-decade-airbus-forecasts,nigeriasun.com,English,0,1,0,0,CPI
20260201T073000Z,"India airline fleets to triple in decade , Airbus forecasts",http://www.coloradostar.com/news/278838931/india-s-airline-fleets-to-triple-in-decade-airbus-forecasts,coloradostar.com,English,0,1,0,0,CPI
20260201T073000Z,"India airline fleets to triple in decade , Airbus forecasts",http://www.californiatelegraph.com/news/278838931/india-s-airline-fleets-to-triple-in-decade-airbus-forecasts,californiatelegraph.com,English,0,1,0,0,CPI
20260201T073000Z,"India airline fleets to triple in decade , Airbus forecasts",http://www.newzealandstar.com/news/278838931/india-s-airline-fleets-to-triple-in-decade-airbus-forecasts,newzealandstar.com,English,0,1,0,0,CPI
20260201T073000Z,"India airline fleets to triple in decade , Airbus forecasts",http://www.sanantoniopost.com/news/278838931/india-s-airline-fleets-to-triple-in-decade-airbus-forecasts,sanantoniopost.com,English,0,1,0,0,CPI
20260201T073000Z,"India airline fleets to triple in decade , Airbus forecasts",http://www.milwaukeesun.com/news/278838931/india-s-airline-fleets-to-triple-in-decade-airbus-forecasts,milwaukeesun.com,English,0,1,0,0,CPI
20260201T073000Z,"India airline fleets to triple in decade , Airbus forecasts",http://www.theusnews.com/news/278838931/india-s-airline-fleets-to-triple-in-decade-airbus-forecasts,theusnews.com,English,0,1,0,0,CPI
20260201T073000Z,Taiwan economic growth hits 15 - year high of 8 . 63 % in 2025,http://www.milwaukeesun.com/news/278842144/taiwan-economic-growth-hits-15-year-high-of-863-in-2025,milwaukeesun.com,English,0,0.794,0.206,0.3818,CPI
20260201T073000Z,Taiwan economic growth hits 15 - year high of 8 . 63 % in 2025,http://www.sanantoniopost.com/news/278842144/taiwan-economic-growth-hits-15-year-high-of-863-in-2025,sanantoniopost.com,English,0,0.794,0.206,0.3818,CPI
20260201T071500Z,Airbus bets on India boom as airlines plan massive fleet growth,http://www.thailandnews.net/news/278838931/airbus-bets-on-india-boom-as-airlines-plan-massive-fleet-growth,thailandnews.net,English,0,0.794,0.206,0.3818,CPI
20260201T071500Z,"India airline fleets to triple in decade , Airbus forecasts",http://www.malaysiasun.com/news/278838931/india-s-airline-fleets-to-triple-in-decade-airbus-forecasts,malaysiasun.com,English,0,1,0,0,CPI
20260201T071500Z,"India airline fleets to triple in decade , Airbus forecasts",http://www.israelherald.com/news/278838931/india-s-airline-fleets-to-triple-in-decade-airbus-forecasts,israelherald.com,English,0,1,0,0,CPI
20260201T071500Z,"India airline fleets to triple in decade , Airbus forecasts",http://www.ohiostandard.com/news/278838931/india-s-airline-fleets-to-triple-in-decade-airbus-forecasts,ohiostandard.com,English,0,1,0,0,CPI
20260201T071500Z,Taiwan economic growth hits 15 - year high of 8 . 63 % in 2025,http://www.ohiostandard.com/news/278842144/taiwan-economic-growth-hits-15-year-high-of-863-in-2025,ohiostandard.com,English,0,0.794,0.206,0.3818,CPI
20260201T071500Z,"India airline fleets to triple in decade , Airbus forecasts",http://www.parisguardian.com/news/278838931/india-s-airline-fleets-to-triple-in-decade-airbus-forecasts,parisguardian.com,English,0,1,0,0,CPI
20260201T071500Z,"India airline fleets to triple in decade , Airbus forecasts",http://www.memphissun.com/news/278838931/india-s-airline-fleets-to-triple-in-decade-airbus-forecasts,memphissun.com,English,0,1,0,0,CPI
20260201T071500Z,"India airline fleets to triple in decade , Airbus forecasts",http://www.jamaicantimes.com/news/278838931/india-s-airline-fleets-to-triple-in-decade-airbus-forecasts,jamaicantimes.com,English,0,1,0,0,CPI
20260201T070000Z,Taiwan economic growth hits 15 - year high of 8 . 63 % in 2025,http://www.utahindependent.com/news/278842144/taiwan-economic-growth-hits-15-year-high-of-863-in-2025,utahindependent.com,English,0,0.794,0.206,0.3818,CPI
20260201T070000Z,"India airline fleets to triple in decade , Airbus forecasts",http://www.utahindependent.com/news/278838931/india-s-airline-fleets-to-triple-in-decade-airbus-forecasts,utahindependent.com,English,0,1,0,0,CPI
20260201T070000Z,4 homes in Piscataquis County that sold last month,https://www.bangordailynews.com/2026/02/01/business/business-housing/4-homes-piscataquis-county-sold-january-2026-joam40zk0w/,bangordailynews.com,English,0,1,0,0,CPI
20260201T070000Z,"India airline fleets to triple in decade , Airbus forecasts",http://www.asiabulletin.com/news/278838931/india-s-airline-fleets-to-triple-in-decade-airbus-forecasts,asiabulletin.com,English,0,1,0,0,CPI
20260201T070000Z,Taiwan economic growth hits 15 - year high of 8 . 63 % in 2025,http://www.massachusettssun.com/news/278842144/taiwan-economic-growth-hits-15-year-high-of-863-in-2025,massachusettssun.com,English,0,0.794,0.206,0.3818,CPI
20260201T070000Z,"India airline fleets to triple in decade , Airbus forecasts",http://www.bostonstar.com/news/278838931/india-s-airline-fleets-to-triple-in-decade-airbus-forecasts,bostonstar.com,English,0,1,0,0,CPI
20260201T070000Z,Airbus bets on India boom as airlines plan massive fleet growth,http://www.bruneinews.net/news/278838931/airbus-bets-on-india-boom-as-airlines-plan-massive-fleet-growth,bruneinews.net,English,0,0.794,0.206,0.3818,CPI
20260201T070000Z,"India airline fleets to triple in decade , Airbus forecasts",http://www.massachusettssun.com/news/278838931/india-s-airline-fleets-to-triple-in-decade-airbus-forecasts,massachusettssun.com,English,0,1,0,0,CPI
20260201T070000Z,"India airline fleets to triple in decade , Airbus forecasts",http://www.sierraleonetimes.com/news/278838931/india-s-airline-fleets-to-triple-in-decade-airbus-forecasts,sierraleonetimes.com,English,0,1,0,0,CPI
20260201T064500Z,"India airline fleets to triple in decade , Airbus forecasts",http://www.baltimorestar.com/news/278838931/india-s-airline-fleets-to-triple-in-decade-airbus-forecasts,baltimorestar.com,English,0,1,0,0,CPI
20260201T064500Z,Taiwan economic growth hits 15 - year high of 8 . 63 % in 2025,http://www.hongkongherald.com/news/278842144/taiwan-economic-growth-hits-15-year-high-of-863-in-2025,hongkongherald.com,English,0,0.794,0.206,0.3818,CPI
20260201T064500Z,States with the fastest - growing electric - vehicle accident rates,https://abc17news.com/stacker-money/2026/01/31/states-with-the-fastest-growing-electric-vehicle-accident-rates/,abc17news.com,English,0.263,0.593,0.144,-0.34,CPI
20260201T064500Z,"India airline fleets to triple in decade , Airbus forecasts",http://www.brazilsun.com/news/278838931/india-s-airline-fleets-to-triple-in-decade-airbus-forecasts,brazilsun.com,English,0,1,0,0,CPI
20260201T064500Z,"India airline fleets to triple in decade , Airbus forecasts",http://www.phoenixherald.com/news/278838931/india-s-airline-fleets-to-triple-in-decade-airbus-forecasts,phoenixherald.com,English,0,1,0,0,CPI
20260201T064500Z,Airbus bets on India boom as airlines plan massive fleet growth,http://www.myanmarnews.net/news/278838931/airbus-bets-on-india-boom-as-airlines-plan-massive-fleet-growth,myanmarnews.net,English,0,0.794,0.206,0.3818,CPI
20260201T064500Z,Danish veterans protest against Trump belittling of war allies | World News,https://thebrunswicknews.com/news/world_news/danish-veterans-protest-against-trump-s-belittling-of-war-allies/article_3cc23226-f1ed-570a-aad8-32505f1d001c.html,thebrunswicknews.com,English,0.396,0.604,0,-0.7096,CPI
20260201T064500Z,Higher medicine prices squeeze patients,https://www.maltatoday.com.mt/news/national/139495/higher_medicine_prices_squeeze_patients,maltatoday.com.mt,English,0,1,0,0,CPI
20260201T064500Z,Airbus bets on India boom as airlines plan massive fleet growth,http://www.afghanistannews.net/news/278838931/airbus-bets-on-india-boom-as-airlines-plan-massive-fleet-growth,afghanistannews.net,English,0,0.794,0.206,0.3818,CPI
20260201T064500Z,"India airline fleets to triple in decade , Airbus forecasts",http://www.neworleanssun.com/news/278838931/india-s-airline-fleets-to-triple-in-decade-airbus-forecasts,neworleanssun.com,English,0,1,0,0,CPI
20260201T064500Z,"India airline fleets to triple in decade , Airbus forecasts",http://www.hongkongherald.com/news/278838931/india-s-airline-fleets-to-triple-in-decade-airbus-forecasts,hongkongherald.com,English,0,1,0,0,CPI
20260201T063000Z,"India airline fleets to triple in decade , Airbus forecasts",http://www.cincinnatisun.com/news/278838931/india-s-airline-fleets-to-triple-in-decade-airbus-forecasts,cincinnatisun.com,English,0,1,0,0,CPI
20260402T000000Z,Xcel Energy Announces $130 Million in Customer Refunds,https://power96radio.com/ixp/67/p/nuclear-power-refunds-minnesota/,power96radio.com,English,0,0.769,0.231,0.2732,CPI
20260401T231500Z,Kanzhun ( BZ ) Q4 2025 Earnings Call Transcript,https://www.fool.com/earnings/call-transcripts/2026/04/01/kanzhun-bz-q4-2025-earnings-call-transcript/?source=iedfolrf0000001,fool.com,English,0,0.738,0.262,0.2808,CPI
20260401T231500Z,"Burundi says at least 13 killed , dozens injured in military base blast",https://www.aljazeera.com/news/2026/4/1/burundi-says-at-least-13-killed-dozens-injured-in-military-base-blast,aljazeera.com,English,0.419,0.581,0,-0.802,CPI
20260401T231500Z,  Dozen killed in Burundi after fire at military arsenal,https://www.freemalaysiatoday.com/category/highlight/2026/04/02/dozens-killed-in-burundi-after-fire-at-military-arsenal,freemalaysiatoday.com,English,0.496,0.504,0,-0.7845,CPI
20260401T230000Z,"Modi government has waived off loans of Rs 26 lakh crore for capitalists , alleges RJD RS MP",https://www.newindianexpress.com/nation/2026/Apr/01/modi-government-has-waived-off-loans-of-rs-26-lakh-crore-for-capitalists-alleges-rjd-rs-mp,newindianexpress.com,English,0,1,0,0,CPI
20260401T221500Z,"Burundi says at least 13 killed , dozens injured in military base blast - Dominican Republic Post – Caribbean News , Business , Travel & Culture",https://dominicanrepublicpost.com/burundi-says-at-least-13-killed-dozens-injured-in-military-base-blast/,dominicanrepublicpost.com,English,0.286,0.714,0,-0.802,CPI
20260401T220000Z,Xcel Energy Announces $130 Million in Customer Refunds,https://krforadio.com/ixp/67/p/nuclear-power-refunds-minnesota/,krforadio.com,English,0,0.769,0.231,0.2732,CPI
20260401T220000Z,Menin budget plan is better than Mamdani – but could go much further,https://nypost.com/2026/04/01/opinion/menins-budget-plan-is-better-than-mamdanis-but-could-go-much-further/,nypost.com,English,0,0.849,0.151,0.2382,CPI
20260401T214500Z,Murrumbidgee Council seeks community support for four - day working week,https://www.abc.net.au/news/2026-04-02/murrumbidgee-council-four-day-work-week/106519800,abc.net.au,English,0,0.769,0.231,0.4019,CPI
20260401T214500Z,There Is No Housing Shortage : What Legendary Investor Michael Burry Really Thinks Is Wrong with the U . S . Housing Market,https://finance.yahoo.com/economy/policy/articles/no-housing-shortage-legendary-investor-133712457.html,finance.yahoo.com,English,0.335,0.665,0,-0.7624,CPI
20260401T210000Z,Kansas places 36th in U . S . for total license tax revenue in 2024,https://businessdailynetwork.com/stories/677277638-kansas-places-36th-in-u-s-for-total-license-tax-revenue-in-2024,businessdailynetwork.com,English,0,1,0,0,CPI
20260401T210000Z,Massachusetts places 28th nationwide for alcoholic beverage license tax payments in 2024,https://businessdailynetwork.com/stories/677277692-massachusetts-places-28th-nationwide-for-alcoholic-beverage-license-tax-payments-in-2024,businessdailynetwork.com,English,0,1,0,0,CPI
20260401T203000Z,A foodie city needs affordable housing for those doing the feeding,https://www.pressherald.com/2026/04/01/a-foodie-city-needs-affordable-housing-for-those-doing-the-feeding-column/,pressherald.com,English,0,1,0,0,CPI
20260401T203000Z,This common antidepressant helps people cut back on methamphetamine – new study,https://theconversation.com/this-common-antidepressant-helps-people-cut-back-on-methamphetamine-new-study-272994,theconversation.com,English,0.153,0.657,0.19,0.128,CPI
20260401T200000Z,State Senate Democratic Committee : Hold press conference on referendums throughout Green Bay and the Fox Valley,https://www.wispolitics.com/2026/state-senate-democratic-committee-hold-press-conference-on-referendums-throughout-green-bay-and-the-fox-valley/,wispolitics.com,English,0,1,0,0,CPI
20260401T200000Z,This Common Antidepressant Helps People Cut Back On Methamphetamine - New Study,https://www.miragenews.com/this-common-antidepressant-helps-people-cut-1649055/,miragenews.com,English,0.153,0.657,0.19,0.128,CPI
20260401T200000Z,  Dozen killed in Burundi after arsenal fire : security sources,https://www.spacewar.com/afp/260401174905.30l7m7kt.html,spacewar.com,English,0.451,0.392,0.157,-0.6705,CPI
20260401T183000Z,Licensing System for Counselling Psychologists in Nagaland,https://morungexpress.com/licensing-system-for-counselling-psychologists-in-nagaland,morungexpress.com,English,0,1,0,0,CPI
20260401T180000Z,Why Did Lubbock Rank Low In Easter Celebrations ? ,https://awesome98.com/ixp/157/p/lubbock-easter-celebrations/,awesome98.com,English,0.231,0.769,0,-0.2732,CPI
20260401T180000Z,IMF warns low ‑ income countries face rising risks amid global uncertainty and shrinking finance – Channel Africa,https://www.channelafrica.co.za/channelafrica/news/imf-warns-low-income-countries-face-rising-risks-amid-global-uncertainty-and-shrinking-finance/,channelafrica.co.za,English,0.4,0.6,0,-0.7184,CPI
20260401T180000Z,The Authoritarian Playbook : The sexual politics of meat under Trump,https://www.kalw.org/show/your-call/2026-04-01/the-authoritarian-playbook-the-sexual-politics-of-meat-under-trump,kalw.org,English,0,1,0,0,CPI
20260401T180000Z,Three Athlone locations to support Cystic Fibrosis Ireland on 65 Roses Day,https://www.westmeathindependent.ie/2026/04/01/three-athlone-locations-to-support-cystic-fibrosis-ireland-on-65-roses-day/,westmeathindependent.ie,English,0,0.803,0.197,0.4019,CPI
20260401T180000Z,Miami - Dade Police Arrest Passenger on Charges He Molested 13 Year - Old Girl on Carnival Conquest,https://www.cruiselawnews.com/2024/04/articles/sexual-assault-exploitation/miami-dade-police-arrest-passenger-on-charges-he-molested-13-year-old-girl-on-carnival-conquest/,cruiselawnews.com,English,0.363,0.637,0,-0.7506,CPI
20260401T174500Z,The 5 happiest countries in the world : what do they have in common ? ,https://qcostarica.com/the-5-happiest-countries-in-the-world-what-do-they-have-in-common/,qcostarica.com,English,0,0.724,0.276,0.6369,CPI
20260401T174500Z,Tejashwi Yadav should apologise for  poor state  remarks : Umesh Kushwaha,https://www.prokerala.com/news/articles/a1746094.html,prokerala.com,English,0.226,0.584,0.19,-0.128,CPI
20260401T171500Z,Tsahkna : NATO is beneficial for both Europe and the US,https://www.baltictimes.com/tsahkna__nato_is_beneficial_for_both_europe_and_the_us/,baltictimes.com,English,0,0.756,0.244,0.4404,CPI
20260401T171500Z,Xcel Energy Announces $130 Million in Customer Refunds,https://wjon.com/nuclear-power-refunds-minnesota/,wjon.com,English,0,0.769,0.231,0.2732,CPI
20260401T171500Z,"Higher education must sharpen human judgment , problem framing : Panellists at ST Education Forum",https://www.straitstimes.com/singapore/parenting-education/higher-education-must-sharpen-human-judgment-problem-framing-panellists-at-st-education-forum,straitstimes.com,English,0.184,0.816,0,-0.4019,CPI
20260401T170000Z,"Study : Ending Birthright Citizenship Would Backfire , With Asian Immigrants Hit Hardest",https://studyfinds.com/birthright-citizenship-ban-would-backfire/,studyfinds.com,English,0,1,0,0,CPI
20260401T170000Z,Xcel Energy Announces $130 Million in Customer Refunds,https://1520theticket.com/ixp/67/p/nuclear-power-refunds-minnesota/,1520theticket.com,English,0,0.769,0.231,0.2732,CPI
20260401T170000Z,"The worst of Madison : Rising cost of living , underfunded schools , toxic lakes and more",https://www.channel3000.com/madison-magazine/the-worst-of-madison-rising-cost-of-living-underfunded-schools-toxic-lakes-and-more/article_6af096d8-a698-4052-a90b-19609381945f.html,channel3000.com,English,0.24,0.76,0,-0.6249,CPI
20260401T170000Z,Flower power : Cystic Fibrosis Ireland calls on Kildare people to support 65 Roses Day 2026,https://www.leinsterleader.ie/news/local-news/2052144/flower-power-cystic-fibrosis-ireland-calls-on-kildare-people-to-support-65-roses-day-2026.html,leinsterleader.ie,English,0,0.838,0.162,0.4019,CPI
20260401T164500Z,India introduces voluntary  Tea Mark  quality certification scheme,https://www.thehindubusinessline.com/economy/agri-business/india-introduces-voluntary-tea-mark-quality-certification-scheme/article70811673.ece,thehindubusinessline.com,English,0,1,0,0,CPI
20260401T164500Z,Local Police Confirm Missing South Dakota Hiker Has Passed Away,https://b1027.com/ixp/481/p/missing-south-dakota-hiker-brock-reid/,b1027.com,English,0.196,0.804,0,-0.296,CPI
20260401T164500Z,Brookings Gets A Little  Tipsy  During 2026 Downtown Pub Crawl,https://973kkrc.com/pub-crawl-arrests-brookings/,973kkrc.com,English,0,1,0,0,CPI
20260401T164500Z,Atlantic Canadian health spending could double in 20 years without changes : report,https://globalnews.ca/news/11755021/atlantic-canadian-health-spending/,globalnews.ca,English,0,1,0,0,CPI
20260401T164500Z,Atlantic Canadian health spending could double in 20 years without changes : report,https://www.stcatharinesstandard.ca/news/canada/atlantic-canadian-health-spending-could-double-in-20-years-without-changes-report/article_66cd2796-2719-50a1-a0da-96c5de7060bf.html,stcatharinesstandard.ca,English,0,1,0,0,CPI
20260401T164500Z,Brookings Gets A Little  Tipsy  During 2026 Downtown Pub Crawl,https://b1027.com/ixp/485/p/pub-crawl-arrests-brookings/,b1027.com,English,0,1,0,0,CPI
20260401T163000Z,"  I am a mum to a fabulous , energetic and fun loving little girl who has CF  Leitrim called to help",https://www.leitrimobserver.ie/news/local-news/2052282/i-am-a-mum-to-a-fabulous-energetic-and-fun-loving-little-girl-who-has-cf-leitrim-called-to-help.html,leitrimobserver.ie,English,0,0.426,0.574,0.9451,CPI
20260401T161500Z,  Dozen killed in Burundi after arsenal fire : security sources,https://www.spacewar.com/afp/260401134809.923pkh40.html,spacewar.com,English,0.451,0.392,0.157,-0.6705,CPI
20260401T153000Z,Atlantic Canadian health spending could double in 20 years without changes : report – Winnipeg Free Press,https://www.winnipegfreepress.com/arts-and-life/life/health/2026/04/01/atlantic-canadian-health-spending-could-double-in-20-years-without-changes-report,winnipegfreepress.com,English,0,0.809,0.191,0.5106,CPI
20260401T153000Z,65 Roses Day set to bloom on 10 April | Cork Independent,https://www.corkindependent.com/2026/04/01/65-roses-day-set-to-bloom-on-10-april/,corkindependent.com,English,0,1,0,0,CPI
20260401T153000Z,Xcel Energy Announces $130 Million in Customer Refunds,https://kdhlradio.com/ixp/67/p/nuclear-power-refunds-minnesota/,kdhlradio.com,English,0,0.769,0.231,0.2732,CPI
20260401T150000Z,Romania is the most successful country in terms of EU convergence ( minister ) ,https://www.stiripesurse.ro/romania-is-the-most-successful-country-in-terms-of-eu-convergence-minister_3874037,stiripesurse.ro,English,0,0.729,0.271,0.624,CPI
20260401T150000Z,Why Did Lubbock Rank Low In Easter Celebrations ? ,https://koolfmabilene.com/ixp/157/p/lubbock-easter-celebrations/,koolfmabilene.com,English,0.231,0.769,0,-0.2732,CPI
20260401T143000Z,Leading in wind energy . Repurposing turbines . Resolving warrants . Avoiding measles . ,https://www.dmcityview.com/civic-skinny/2026/04/01/leading-in-wind-energy-repurposing-turbines-resolving-warrants-avoiding-measles/,dmcityview.com,English,0.17,0.496,0.333,0.3182,CPI
20260401T143000Z,Boosting efficiency in public investment in times of fiscal constraint,https://www.ecb.europa.eu/press/economic-bulletin/articles/2026/html/ecb.ebart202602_01~7989f7715e.en.html,ecb.europa.eu,English,0,0.62,0.38,0.5994,CPI
20260401T143000Z,Ontario budget is designed to make ER wait - times worse,https://www.stcatharinesstandard.ca/opinion/contributors/doug-fords-2026-budget-is-designed-to-make-er-wait-times-worse/article_7b6ff5c2-ef28-56db-a399-0656343b4221.html,stcatharinesstandard.ca,English,0.256,0.744,0,-0.4767,CPI
20260401T143000Z,Why Minnesota Ranks Among The Best States For Artists,https://mix949.com/arts-charities-minnesota-ranking/,mix949.com,English,0,0.656,0.344,0.6369,CPI
20260401T143000Z,  Dozen killed in Burundi after arsenal fire : security sources,https://www.citizen.co.za/news/news-world/news-africa/dozens-killed-in-burundi-after-arsenal-fire-security-sources/,citizen.co.za,English,0.451,0.392,0.157,-0.6705,CPI
20260401T143000Z,Why Did Lubbock Rank Low In Easter Celebrations ? ,https://kfmx.com/lubbock-easter-celebrations/,kfmx.com,English,0.231,0.769,0,-0.2732,CPI
20260401T143000Z,City finalizes 8 . 1 % property tax increase for Calgary homeowners this year,https://www.cbc.ca/news/canada/calgary/calgary-2026-property-taxes-9.7149520,cbc.ca,English,0,0.796,0.204,0.3182,CPI
20260401T143000Z,Xcel Energy Announces $130 Million in Customer Refunds,https://mix949.com/ixp/67/p/nuclear-power-refunds-minnesota/,mix949.com,English,0,0.769,0.231,0.2732,CPI
20260401T141500Z,Brookings Gets A Little  Tipsy  During 2026 Downtown Pub Crawl,https://kikn.com/ixp/485/p/pub-crawl-arrests-brookings/,kikn.com,English,0,1,0,0,CPI
20260401T141500Z,New York Is 2026 Best State for the Arts,https://www.longisland.com/news/03-31-26/new-york-is-2026s-best-state-for-the-arts.html,longisland.com,English,0,0.656,0.344,0.6369,CPI
20260401T141500Z,Local Police Confirm Missing South Dakota Hiker Has Passed Away,https://kikn.com/ixp/481/p/missing-south-dakota-hiker-brock-reid/,kikn.com,English,0.196,0.804,0,-0.296,CPI
20260401T133000Z,Why Did Lubbock Rank Low In Easter Celebrations ? ,https://1025kiss.com/ixp/157/p/lubbock-easter-celebrations/,1025kiss.com,English,0.231,0.769,0,-0.2732,CPI
20260401T133000Z,Veteran issues take center stage at Alaska Governor Candidate Forum | Local News,https://www.frontiersman.com/news/veteran-issues-take-center-stage-at-alaska-governor-s-candidate-forum/article_7727e1c4-7004-408e-aeeb-5c471b410323.html,frontiersman.com,English,0,1,0,0,CPI
20260401T131500Z,Xi Story : Petals and prosperity : blossoming of a Tibetan village - Xinhua,https://english.news.cn/20260401/02f32843dee84ca189b8607042a3d2b7/c.html,english.news.cn,English,0,1,0,0,CPI
20260401T124500Z,Sugar Tax Debate Intensifies as Health Evidence Builds,https://www.medscape.com/viewarticle/sugar-tax-debate-intensifies-health-evidence-builds-2026a10009wj,medscape.com,English,0,1,0,0,CPI
20260401T124500Z,Xi Story : Petals and prosperity : blossoming of a Tibetan village,http://www.bignewsnetwork.com/news/278957769/xi-story-petals-and-prosperity-blossoming-of-a-tibetan-village,bignewsnetwork.com,English,0,1,0,0,CPI
20260502T000000Z,"Texas is the 9th worst state for working moms , study says",https://austin.culturemap.com/news/city-life/texas-9th-worst-working-moms/,austin.culturemap.com,English,0.291,0.709,0,-0.6249,CPI
20260501T234500Z,St . Lawrence College to lay off faculty as restructuring continues,https://www.thewhig.com:443/news/st-lawrence-college-faculty-layoffs,thewhig.com,English,0,1,0,0,CPI
20260501T233000Z,"Montana Ranks 13th in Drug Use , New Report Finds",https://bozemanskissfm.com/ixp/117/p/montana-drug-use-ranking-wallethub/,bozemanskissfm.com,English,0,1,0,0,CPI
20260501T231500Z,AIPAC at the frontier : A stronger alliance in the post - aid era,https://www.jns.org/opinion/gregg-roman/aipac-at-the-frontier-a-stronger-alliance-in-the-post-aid-era,jns.org,English,0,0.794,0.206,0.3818,CPI
20260501T231500Z,St . Lawrence College issues layoff notices to faculty as restructuring continues,https://www.standard-freeholder.com:443/news/st-lawrence-college-faculty-layoffs/wcm/0eafa77e-4ba0-4585-923a-e40ae3983463,standard-freeholder.com,English,0,1,0,0,CPI
20260501T231500Z,Labor Day rally staged in Taipei calling for labor rights protection - Xinhua,https://english.news.cn/20260502/a0bac3d06b164e33a03b91328fb26ef7/c.html,english.news.cn,English,0,1,0,0,CPI
20260501T231500Z,Why Has the UAE Left OPEC ?  | Peak Oil News and Message Boards,https://peakoil.com/publicpolicy/why-has-the-uae-left-opec,peakoil.com,English,0,1,0,0,CPI
20260501T230000Z,Canada Draws a Line in the Sand,https://techstory.in/canada-draws-a-line-in-the-sand-sweeping-crypto-atm-ban-and-new-financial-crimes-agency-announced/,techstory.in,English,0,1,0,0,CPI
20260501T224500Z,Ladakhis stand firm during every external threat : Shah,https://www.tribuneindia.com/news/j-k/ladakhis-stand-firm-during-every-external-threat-shah/,tribuneindia.com,English,0.327,0.673,0,-0.5267,CPI
20260501T214500Z,"Michigan House Republicans seek to cut property taxes , Democrats question feasibility",https://upnorthlive.com/news/michigan-politics/michigan-house-republicans-cut-property-taxes-democrats-question-feasibility-funding-government-money-economy-housing,upnorthlive.com,English,0.174,0.826,0,-0.2732,CPI
20260501T213000Z,"From Rosalía to Bad Bunny , how did Spanish pop conquer the world ? ",https://www.thetimes.com/culture/music/article/from-rosalia-to-bad-bunny-how-did-spanish-pop-conquer-the-world-bjg6j9sgj,thetimes.com,English,0.241,0.759,0,-0.5423,CPI
20260501T213000Z,Bitcoin ATM Is Getting Banned In Canada And Here Is Why The Government Did It,https://artvoice.com/2026/05/01/bitcoin-atm-is-getting-banned-in-canada-and-here-is-why-the-government-did-it/,artvoice.com,English,0.176,0.824,0,-0.4588,CPI
20260501T210000Z,St . Lawrence College to lay off faculty as restructuring continues,https://www.trentonian.ca:443/news/st-lawrence-college-faculty-layoffs,trentonian.ca,English,0,1,0,0,CPI
20260501T204500Z,Williston - Richmond Rotary Club Bulletin April 2026 with May speakers,https://vermontbiz.com/news/2026/may/02/williston-richmond-rotary-club-bulletin-april-2026-may-speakers,vermontbiz.com,English,0,1,0,0,CPI
20260501T201500Z,"Crypto Brief - Lowenstein Crypto Newsletter - April 30 , 2026 | Lowenstein Sandler LLP",https://www.jdsupra.com/legalnews/crypto-brief-lowenstein-crypto-5015292/,jdsupra.com,English,0,1,0,0,CPI
20260501T200000Z,Nag : The missing policy on the ballot,https://dailyemerald.com/187404/opinion/nag-the-missing-policy-on-the-ballot/,dailyemerald.com,English,0.485,0.515,0,-0.5719,CPI
20260501T200000Z,Oregon to appeal hazard mitigation grant denial,https://www.polkio.com/news/oregon-to-appeal-hazard-mitigation-grant-denial/article_25b2333b-4fbc-554f-9cfb-6bb7e090288e.html,polkio.com,English,0,0.706,0.294,0.3612,CPI
20260501T200000Z,A history of the War Powers Resolution and what it means for the Iran war,https://www.marinecorpstimes.com/veterans/military-history/2026/05/01/a-history-of-the-war-powers-resolution-and-what-it-means-for-the-iran-war/,marinecorpstimes.com,English,0.394,0.606,0,-0.8316,CPI
20260501T194500Z,Türkiye tourism income reaches $9 . 9 billion in Q1 2026,https://ftnnews.com/travel-news/news-from-turkey/turkiye-earns-nearly-10-billion-from-tourism-in-just-three-months/,ftnnews.com,English,0,0.87,0.13,0.0516,CPI
20260501T193000Z,Cinemark ( CNK ) Q1 2026 Earnings Transcript,https://www.fool.com/earnings/call-transcripts/2026/05/01/cinemark-cnk-q1-2026-earnings-transcript/?source=iedfolrf0000001,fool.com,English,0,1,0,0,CPI
20260501T184500Z,St . Tammany will ask voters to approve new sales tax | One Tammany,https://www.nola.com/news/northshore/st-tammany-criminal-justice-sales-tax/article_06254e8c-c446-4bd7-919e-366fa38cc788.html,nola.com,English,0,1,0,0,CPI
20260501T183000Z,"Motherhood : Lawmakers not living up to their platitudes | News , Sports , Jobs",https://www.newsandsentinel.com/opinion/editorials/2026/05/motherhood-lawmakers-not-living-up-to-their-platitudes/,newsandsentinel.com,English,0,1,0,0,CPI
20260501T181500Z,DC police captain email on avoiding arrests rescinded by MPD brass,https://www.foxnews.com/politics/dc-police-captain-cites-bodycam-footage-officers-making-arrests-sparking-backlash,foxnews.com,English,0.371,0.629,0,-0.6486,CPI
20260501T174500Z,FCM calls for dedicated rural funding streams from feds - Prince Albert Daily Herald,https://paherald.sk.ca/fcm-calls-for-dedicated-rural-funding-streams-from-feds/,paherald.sk.ca,English,0,0.8,0.2,0.4588,CPI
20260501T174500Z,A history of the War Powers Resolution and what it means for the Iran war,https://www.navytimes.com/veterans/military-history/2026/05/01/a-history-of-the-war-powers-resolution-and-what-it-means-for-the-iran-war/,navytimes.com,English,0.394,0.606,0,-0.8316,CPI
20260501T174500Z,Star Parker : How to Think About Affordability,https://newsbusters.org/blogs/nb/star-parker/2026/05/01/how-think-about-affordability,newsbusters.org,English,0,1,0,0,CPI
20260501T171500Z,New Meow Wolf CEO says  physical experience will be central to the future of entertainment - Las Vegas Sun News,https://lasvegassun.com/news/2026/may/01/new-meow-wolf-ceo-says-physical-experiences-will-b/,lasvegassun.com,English,0,0.865,0.135,0.4215,CPI
20260501T171500Z,"DC police captain cites bodycam footage of officers not making arrests , sparking backlash",https://www.wfmd.com/2026/05/01/dc-police-captain-cites-bodycam-footage-of-officers-not-making-arrests-sparking-backlash/,wfmd.com,English,0,0.833,0.167,0.3412,CPI
20260501T164500Z,"DA , Chester celebrate no gun violence victims in March",https://www.delcotimes.com/2026/05/01/da-chester-celebrate-no-city-gun-violence-victims-in-march/,delcotimes.com,English,0.588,0.214,0.198,-0.743,CPI
20260501T164500Z,"Montana ranks among worst states for foster care system , study finds",https://nbcmontana.com/news/local/montana-ranks-among-worst-states-for-foster-care-system-study-finds,nbcmontana.com,English,0.252,0.552,0.196,-0.2263,CPI
20260501T164500Z,Bristol & Edinburgh Lead united kingdom Innovation Jobs Growth,https://bmmagazine.co.uk/news/bristol-edinburgh-lead-uk-innovation-jobs-growth/,bmmagazine.co.uk,English,0,0.385,0.615,0.7906,CPI
20260501T153000Z,Florida workers have pay raises on the line in upcoming budget Special Session,https://www.miamitimesonline.com/business/florida-workers-have-pay-raises-on-the-line-in-upcoming-budget-special-session/article_221c0454-e97b-436b-927d-21c62fbd35d9.html,miamitimesonline.com,English,0.093,0.728,0.179,0.3182,CPI
20260501T144500Z,Gun Control Wouldnt Have Stopped Latest Attempt To Kill Trump,https://thefederalist.com/2026/05/01/no-gun-control-wouldnt-have-prevented-the-latest-trump-assassination-attempt/,thefederalist.com,English,0.45,0.444,0.106,-0.7531,CPI
20260501T144500Z,Albanian Daily News,https://albaniandailynews.com/news/economy-expected-to-grow-3-4-in-2026-wb,albaniandailynews.com,English,0,1,0,0,CPI
20260501T143000Z,Opinion : Pennsylvania hospitals are underpaid for the care they provide,https://www.mcall.com/2026/05/01/opinion-underfunding-hospitals-puts-patients-care-at-risk/,mcall.com,English,0,0.738,0.262,0.4939,CPI
20260501T141500Z,Integrating bursary funds to enable free secondary education,https://www.standardmedia.co.ke/national/article/2001546764/integrating-bursary-funds-to-enable-free-secondary-education,standardmedia.co.ke,English,0,0.68,0.32,0.5106,CPI
20260501T131500Z,"Amit Shah announces Ladakh dairy push with 50 , 000 litres per day Leh plant , says sector up 70 % in a decade",https://www.moneycontrol.com/news/india/amit-shah-announces-ladakh-dairy-push-with-50-000-litres-per-day-leh-plant-says-sector-up-70-in-a-decade-13905467.html,moneycontrol.com,English,0,1,0,0,CPI
20260501T131500Z,The 10 Most Dangerous States for Hazardous Material Spills,https://www.moneytalksnews.com/the-most-dangerous-states-for-hazardous-material-spills/,moneytalksnews.com,English,0.298,0.702,0,-0.5256,CPI
20260501T120000Z,Primary Election 2026 : WV US Senate candidate priorities | Election 2026,https://www.herald-dispatch.com/elections/us-senate-candidates-identify-their-top-priorities-if-chosen-to-represent-wv-on-capitol-hill/article_f2df9e9e-b2cb-4b75-859c-8ef4e661fc9a.html,herald-dispatch.com,English,0,1,0,0,CPI
20260501T091500Z,Europe solar and storage development : Selectivity amid rising global supply and returning energy shocks – pv magazine International,https://www.pv-magazine.com/2026/05/01/europes-solar-and-storage-development-selectivity-amid-rising-global-supply-and-returning-energy-shocks/,pv-magazine.com,English,0.132,0.761,0.107,-0.128,CPI
20260501T090000Z,"Gujarat Per Capita Income Crosses Rs 3 Lakh , 60 % Above National Average",https://www.newkerala.com/news/a/gujarats-per-capita-income-crosses-rs-lakh-60-195.htm,newkerala.com,English,0,1,0,0,CPI
20260501T083000Z,Military Appreciation Month,https://1370wfea.com/2026/05/01/military-appreciation-month/,1370wfea.com,English,0,0.377,0.623,0.5106,CPI
20260501T070000Z,Friday briefing : How rising antisemitism is striking fear into the everyday lives of British Jews,https://www.theguardian.com/world/2026/may/01/friday-briefing-how-rising-antisemitism-is-striking-fear-into-the-everyday-lives-of-british-jews,theguardian.com,English,0.186,0.814,0,-0.4939,CPI
20260501T063000Z,Nigeria GDP now growing faster than population - Report  - Blueprint Newspapers Limited,https://blueprint.ng/nigerias-gdp-now-growing-faster-than-population-report/,blueprint.ng,English,0.151,0.714,0.135,-0.0516,CPI
20260501T063000Z,India Used - Car Market Poised For 20 % Growth Amid Trust Gap,https://www.businessworld.in/article/india-s-used-car-market-poised-for-20-growth-amid-trust-gap-604889,businessworld.in,English,0,0.503,0.497,0.7845,CPI
20260501T063000Z,Jarrow civil servant pension delay puts husband retirement on hold,https://www.bbc.com/news/articles/cj6pe22l1lno,bbc.com,English,0.204,0.796,0,-0.3182,CPI
20260501T063000Z,"Help West Virginia Working Mothers | News , Sports , Jobs",https://www.theintelligencer.net/opinion/editorials/2026/05/help-west-virginia-working-mothers/,theintelligencer.net,English,0,0.722,0.278,0.4019,CPI
20260501T063000Z,Star Parker : How to think about affordability,https://www.winchesterstar.com/winchester_star/star-parker-how-to-think-about-affordability/article_f9a0ab7d-ffbc-54da-8de9-1c2c3f9f4491.html,winchesterstar.com,English,0,1,0,0,CPI
20260501T051500Z,"92 pedestrians killed by vehicles in Anchorage over last decade , according to state analysis",https://www.adn.com/alaska-news/anchorage/2026/04/30/92-pedestrians-killed-by-vehicles-in-anchorage-over-last-decade-according-to-state-analysis/,adn.com,English,0.257,0.743,0,-0.6705,CPI
20260501T030000Z,"CSU , NoCo Foundation release regional well - being report for Northeast Colorado",https://www.fortmorgantimes.com/2026/04/30/csu-noco-foundation-release-regional-well-being-report-for-northeast-colorado/,fortmorgantimes.com,English,0,0.826,0.174,0.2732,CPI
20260501T023000Z,Jon Coupal : Why California ranks so low in taxpayer return on investment,https://www.dailybreeze.com/2026/04/30/jon-coupal-why-california-ranks-so-low-in-taxpayer-return-on-investment/,dailybreeze.com,English,0.199,0.801,0,-0.4101,CPI
20260501T023000Z,Last - minute revenue surge makes path to new CT budget easier,https://ctmirror.org/2026/04/30/ct-tax-revenue-surges/,ctmirror.org,English,0,0.781,0.219,0.4215,CPI
20260501T020000Z,Jon Coupal : Why California ranks so low in taxpayer return on investment,https://www.dailynews.com/2026/04/30/jon-coupal-why-california-ranks-so-low-in-taxpayer-return-on-investment/,dailynews.com,English,0.199,0.801,0,-0.4101,CPI
20260501T013000Z,"Murders are Plummeting in Oakland , and Officials Arent Pointing to Gun Control As the Reason",https://bearingarms.com/camedwards/2026/04/30/murders-are-plummeting-in-oakland-and-officials-arent-pointing-to-gun-control-as-the-reason-n1232387,bearingarms.com,English,0.21,0.683,0.107,-0.4523,CPI
20260501T013000Z,Jon Coupal : Why California ranks so low in taxpayer return on investment,https://www.sgvtribune.com/2026/04/30/jon-coupal-why-california-ranks-so-low-in-taxpayer-return-on-investment/,sgvtribune.com,English,0.199,0.801,0,-0.4101,CPI
20260501T001500Z,These Are Now The Most Dangerous Places To Live In New York,https://hudsonvalleycountry.com/ixp/854/p/new-yorks-most-dangerous-cities-ranked-where-does-the-hudson-valley-land/,hudsonvalleycountry.com,English,0.236,0.764,0,-0.5256,CPI
20260501T000000Z,Jon Coupal : Why California ranks so low in taxpayer return on investment,https://www.ocregister.com/2026/04/30/jon-coupal-why-california-ranks-so-low-in-taxpayer-return-on-investment/,ocregister.com,English,0.199,0.801,0,-0.4101,CPI
20260501T000000Z,Jon Coupal : Why California ranks so low in taxpayer return on investment,https://www.presstelegram.com/2026/04/30/jon-coupal-why-california-ranks-so-low-in-taxpayer-return-on-investment/,presstelegram.com,English,0.199,0.801,0,-0.4101,CPI
20260501T000000Z,"CSU , NoCo Foundation release regional well - being report for Northeast Colorado",https://www.akronnewsreporter.com/2026/04/30/csu-noco-foundation-release-regional-well-being-report-for-northeast-colorado/,akronnewsreporter.com,English,0,0.826,0.174,0.2732,CPI
20260430T234500Z,Cuba Teeters on Edge of Blackouts as Russian Oil Supply Dwindles,https://www.cubaheadlines.com/articles/327725,cubaheadlines.com,English,0,1,0,0,CPI
20260430T233000Z,Australia : Five new meat sites approved for Indonesia access | North Queensland Register,https://www.northqueenslandregister.com.au/story/9236645/australia-five-new-meat-sites-approved-for-indonesia-access/,northqueenslandregister.com.au,English,0,0.797,0.203,0.4215,CPI
20260430T233000Z,Home Consents Surge 11 % by March 2026,https://www.miragenews.com/home-consents-surge-11-by-march-2026-1665667/,miragenews.com,English,0,0.75,0.25,0.25,CPI
20260430T231500Z,Jon Coupal : Why California ranks so low in taxpayer return on investment,https://www.redlandsdailyfacts.com/2026/04/30/jon-coupal-why-california-ranks-so-low-in-taxpayer-return-on-investment/,redlandsdailyfacts.com,English,0.199,0.801,0,-0.4101,CPI
20260430T231500Z,Canada needs more than a post - Trudeau reset,https://www.theglobeandmail.com/investing/markets/inside-the-market/article-canada-needs-more-than-a-post-trudeau-reset/,theglobeandmail.com,English,0,1,0,0,CPI
20260430T230000Z,Jon Coupal : Why California ranks so low in taxpayer return on investment,https://www.pasadenastarnews.com/2026/04/30/jon-coupal-why-california-ranks-so-low-in-taxpayer-return-on-investment/,pasadenastarnews.com,English,0.199,0.801,0,-0.4101,CPI
20260430T224500Z,Arkansas jumps from 23rd to sixth in new economic outlook,https://www.kuaf.com/show/ozarks-at-large/2026-04-30/arkansas-jumps-from-23rd-to-sixth-in-new-economic-outlook,kuaf.com,English,0,1,0,0,CPI
20260430T221500Z,Australia : Five new meat sites approved for Indonesia access | Queensland Country Life,https://www.queenslandcountrylife.com.au/story/9236645/australia-five-new-meat-sites-approved-for-indonesia-access/,queenslandcountrylife.com.au,English,0,0.797,0.203,0.4215,CPI
20260630T190000Z,The state with the most backyard fireworks accidents on July 4 has been revealed,https://www.independent.co.uk/news/world/americas/ohio-backyard-firework-accidents-july-fourth-b3006017.html,independent.co.uk,English,0.176,0.824,0,-0.3744,CPI
20260630T190000Z,World Bank Urges Burkina Faso Economic Resilience,https://www.miragenews.com/world-bank-urges-burkina-faso-economic-1702128/,miragenews.com,English,0,1,0,0,CPI
20260630T181500Z,Target New Store In Brookings : Location And Details,https://b1027.com/new-target-brookings-sd/,b1027.com,English,0,1,0,0,CPI
20260630T174500Z,Florida ranks 3rd in divorce restart costs,https://www.wftv.com/news/local/florida-ranks-3rd-most-expensive-state-start-over-after-divorce/ECYM5M32CZA4LCOCGL6PRHW5EQ/,wftv.com,English,0,1,0,0,CPI
20260630T173000Z,,https://en.acnnewswire.com/press-release/english/108134/the-rise-of-chinese-caviar-kaluga-queen-enters-a-new-chapter-following-hkex-listing,en.acnnewswire.com,English,0,0,0,0,CPI
20260630T173000Z,Manchester and Nashua : Best bang for the buck in NH,https://www.nhbr.com/manchester-and-nashua-best-bang-for-the-buck-in-nh/,nhbr.com,English,0,0.496,0.504,0.8455,CPI
20260630T170000Z,How many words do you use that are on loan from other languages ? ,https://www.rte.ie/brainstorm/2026/0630/1580867-english-language-loan-words-dialect-history/,rte.ie,English,0,1,0,0,CPI
20260630T170000Z,Argentine beef exports to U . S . surge on higher tariff quota,https://www.upi.com/Top_News/World-News/2026/06/30/latam-Argentina-beef-exports-United-States-risen-sharply/8271782835255/,upi.com,English,0,1,0,0,CPI
20260630T163000Z,"US drives rise in global emissions as utilities turn back to coal , report shows",https://www.ajot.com/news/us-drives-rise-in-global-emissions-as-utilities-turn-back-to-coal-report-shows,ajot.com,English,0,1,0,0,CPI
20260630T160000Z,Yunnan village makes succulent profit - 南海网,https://www.hinews.cn/page?n=2834028&m=1&s=1044,hinews.cn,English,0,0.633,0.367,0.4404,CPI
20260630T160000Z,Florida ranks 3rd most expensive state to start over after divorce,https://finance.yahoo.com/real-estate/articles/florida-ranks-3rd-most-expensive-153205042.html,finance.yahoo.com,English,0,1,0,0,CPI
20260630T151500Z,"Europeans resist air conditioning , even amid rising deaths in high heat",https://www.ktsa.com/europeans-resist-air-conditioning-even-amid-rising-deaths-in-high-heat/,ktsa.com,English,0,1,0,0,CPI
20260630T133000Z,Many California fishermen are nearing retirement . Can the industry save its graying fleet ? ,https://www.paloaltoonline.com/calmatters/2026/06/30/many-california-fishermen-are-nearing-retirement-can-the-industry-save-its-graying-fleet/,paloaltoonline.com,English,0,0.789,0.211,0.4939,CPI
20260630T133000Z,"Should you go to work during a heat wave ? Your productivity suffers , and GDP tanks when it hot",https://fortune.com/2026/06/30/too-hot-work-productivity-decline-gdp-tank/,fortune.com,English,0.162,0.838,0,-0.4767,CPI
20260630T133000Z,From the desk of … Voters in deep blue California are souring on ballot measures that add new taxes,https://www.ukiahdailyjournal.com/2026/06/30/from-the-desk-of-voters-in-deep-blue-california-are-souring-on-ballot-measures-that-add-new-taxes/,ukiahdailyjournal.com,English,0,1,0,0,CPI
20260630T133000Z,Illinois second in local fines and forfeitures,https://www.cities929.com/2026/06/29/illinois-second-in-local-fines-and-forfeitures/,cities929.com,English,0,1,0,0,CPI
20260630T131500Z,ChineseToday | Agricultural expert spends over six decades to rural development,http://www.shanghainews.net/news/279157140/chinesetoday-agricultural-expert-spends-over-six-decades-to-rural-development,shanghainews.net,English,0,1,0,0,CPI
20260630T131500Z,ChineseToday | Agricultural expert committed to rural development for over six decades,http://www.shanghainews.net/news/279157278/chinesetoday-agricultural-expert-committed-to-rural-development-for-over-six-decades,shanghainews.net,English,0,0.826,0.174,0.2732,CPI
20260630T123000Z,Opinion : Carney high - stakes tightrope between Trump and NATO,https://www.bnnbloomberg.ca/business/politics/2026/06/30/eric-ham-how-natos-defence-showdown-puts-canadas-trade-deal-with-the-us-and-mexico-at-risk/,bnnbloomberg.ca,English,0,1,0,0,CPI
20260630T113000Z,From 110 trillion to 140 trillion : What China growth reveals | Hellenic Shipping News Worldwide,https://www.hellenicshippingnews.com/from-110-trillion-to-140-trillion-what-chinas-growth-reveals/,hellenicshippingnews.com,English,0,0.833,0.167,0.3818,CPI
20260630T111500Z,"America at 250 : An Age of Innovation | News , Sports , Jobs",https://www.reviewonline.com/news/local-news/2026/06/america-at-250-an-age-of-innovation/,reviewonline.com,English,0,0.776,0.224,0.3818,CPI
20260630T110000Z,Why hoarding the benefits of AI will inevitably spark resistance,http://english.hani.co.kr/arti/english_edition/e_national/1266065.html,english.hani.co.kr,English,0,0.64,0.36,0.5423,CPI
20260630T110000Z,Fujian - Ningxia cooperation across three decades transforms desert settlement into thriving community,https://en.people.cn/n3/2026/0630/c90000-20472657.html,en.people.cn,English,0,1,0,0,CPI
20260630T110000Z,Massive geopolitical shift looms as rumors of major deployment to Kyiv and second front via Belarus spark European exodus,https://www.bankingnews.gr/diethni/articles/885183/massive-geopolitical-shift-looms-as-rumors-of-major-deployment-to-kyiv-and-second-front-via-belarus-spark-european-exodus,bankingnews.gr,English,0.078,0.829,0.093,0.0772,CPI
20260630T110000Z,Why hoarding the benefits of AI will inevitably spark resistance,https://english.hani.co.kr/arti/english_edition/e_national/1266065.html,english.hani.co.kr,English,0,0.64,0.36,0.5423,CPI
20260630T110000Z,ChineseToday | Agricultural expert spends over six decades to rural development,http://www.bignewsnetwork.com/news/279157140/chinesetoday-agricultural-expert-spends-over-six-decades-to-rural-development,bignewsnetwork.com,English,0,1,0,0,CPI
20260630T110000Z,Antisemitism royal commission : Better education means more social cohesion,https://www.theage.com.au/national/victoria/better-education-means-more-social-cohesion-20260630-p60b7d.html,theage.com.au,English,0,0.734,0.266,0.4404,CPI
20260630T104500Z,"In August 1965 , a tiny island called Singapore was forcibly expelled from Malaysia with no natural resources and a population poorer than most African nations and within sixty years had transformed into one of the wealthiest countries on Earth",https://spacedaily.com/d-in-august-1965-a-tiny-island-called-singapore-was-forcibly-expelled-from-malaysia-with-no-natural-resources-and-a-population-poorer-than-most-african-nations-and-within-sixty-years-had-tran/,spacedaily.com,English,0.151,0.721,0.128,0,CPI
20260630T104500Z,"Except for One District , San Diego 42 School Districts Fared Well in Latest Fiscal Ranking",https://www.theepochtimes.com/opinion/except-for-one-district-san-diegos-42-school-districts-fared-well-in-latest-fiscal-ranking-6051591,theepochtimes.com,English,0,0.87,0.13,0.2732,CPI
20260630T104500Z,"In April 2025 , the state of California officially surpassed Japan to become the fourth - largest economy in the world a single American state with 40 million people generating more annual economic output than the entire country of 124 million Japane...",https://spacedaily.com/d-in-april-2025-the-state-of-california-officially-surpassed-japan-to-become-the-fourth-largest-economy-in-the-world-a-single-american-state-with-40-million-people-generating-more-annual-econ/,spacedaily.com,English,0,1,0,0,CPI
20260630T104500Z,Dominion Dynamics lands $139 million in Canada largest defence - tech Series A,https://betakit.com/dominion-dynamics-lands-139-million-in-canadas-largest-defence-tech-series-a/,betakit.com,English,0,0.72,0.28,0.3612,CPI
20260630T093000Z,Opinion | What Americans can learn from Singapore,https://www.bostonglobe.com/2026/06/30/opinion/singapore-united-states-public-order/,bostonglobe.com,English,0,1,0,0,CPI
20260630T093000Z,Manila Bulletin - Philippines beats ASEAN peers on tax effort but trails APAC average,https://mb.com.ph/2026/06/30/philippines-beats-asean-peers-on-tax-effort-but-trails-apac-average,mb.com.ph,English,0,1,0,0,CPI
20260630T091500Z,"China Qinghai - Xizang Railway marks 20 - year operation , handling 100 million passenger trips",https://www.globaltimes.cn/page/202606/1364780.shtml,globaltimes.cn,English,0,1,0,0,CPI
20260630T084500Z,International Alcohol Control Online Symposium Held : Focusing on Global and Low - and Middle - Income Country Response Strategies,http://www.vietnamtribune.com/news/279156746/international-alcohol-control-online-symposium-held-focusing-on-global-and-low-and-middle-income-country-response-strategies,vietnamtribune.com,English,0.116,0.884,0,-0.2732,CPI
20260630T084500Z,Why hoarding the benefits of AI will inevitably spark resistance,https://www.hani.co.kr/arti/english_edition/e_national/1266065.html,hani.co.kr,English,0,0.64,0.36,0.5423,CPI
20260630T084500Z,"UK economy grows 0 . 6 % in Q1 , led by services , household spending",https://aa.com.tr/en/economy/uk-economy-grows-06-in-q1-led-by-services-household-spending/3981915,aa.com.tr,English,0,1,0,0,CPI
20260630T084500Z,S . Korea real wage turns downward in April - Xinhua,https://english.news.cn/20260630/d6d981f0be5f4f1c85501aafaece4ff2/c.html,english.news.cn,English,0,1,0,0,CPI
20260630T080000Z,"America at 250 : An Age of Innovation | News , Sports , Jobs",https://www.salemnews.net/news/local-news/2026/06/america-at-250-an-age-of-innovation/,salemnews.net,English,0,0.776,0.224,0.3818,CPI
20260630T074500Z,International Alcohol Control Online Symposium Held : Focusing on Global and Low - and Middle - Income Country Response Strategies,http://www.singaporestar.com/news/279156746/international-alcohol-control-online-symposium-held-focusing-on-global-and-low-and-middle-income-country-response-strategies,singaporestar.com,English,0.116,0.884,0,-0.2732,CPI
20260630T054500Z,International Alcohol Control Online Symposium Held : Focusing on Global and Low - and Middle - Income Country Response Strategies,https://www.manilatimes.net/2026/06/30/tmt-newswire/pr-newswire/international-alcohol-control-online-symposium-held-focusing-on-global-and-low-and-middle-income-country-response-strategies/2375376,manilatimes.net,English,0.116,0.884,0,-0.2732,CPI
20260630T054500Z,10 Simple Lifestyle Changes to Significantly Lower Your Carbon Footprint,https://emagazine.com/10-simple-lifestyle-changes-to-significantly-lower-your-carbon-footprint/,emagazine.com,English,0.196,0.804,0,-0.296,CPI
20260630T053000Z,"Gov . Ron DeSantis Signs $117 . 6 Billion Florida Budget , Marking Fourth Straight Year of Spending Cuts",https://spacecoastdaily.com/2026/06/gov-ron-desantis-signs-117-6-billion-florida-budget-marking-fourth-straight-year-of-spending-cuts/,spacecoastdaily.com,English,0.129,0.76,0.111,-0.0772,CPI
20260802T000000Z,Former Jennings Police Chief Todd DAlbor dies,https://www.kplctv.com/2026/08/01/former-jennings-police-chief-todd-dalbor-dies/,kplctv.com,English,0,1,0,0,CPI
20260801T203000Z,Study reveals odds of coming face to face with serial killer,https://nypost.com/2026/08/01/us-news/study-reveals-odds-of-coming-face-to-face-with-serial-killer/,nypost.com,English,0.301,0.699,0,-0.6486,CPI
20260801T203000Z,"In Monaco , more than two in every five residents are millionaires the highest share of any city on Earth , packed into a country smaller than New York Central Park . Most residents pay no personal income tax , and you could walk from one end of the ...",https://spacedaily.com/m-in-monaco-more-than-two-in-every-five-residents-are-millionaires-the-highest-share-of-any-city-on-earth-packed-into-a-country-smaller-than-new-yorks-central-park-most-residents-pay-no-p/,spacedaily.com,English,0.086,0.869,0.046,-0.2363,CPI
20260801T181500Z,Telangana per capita income rose to Rs 4 . 19 lakh : Revanth,https://www.siasat.com/telangana-per-capita-income-rose-to-rs-4-19-lakh-revanth-3517278/,siasat.com,English,0,1,0,0,CPI
20260801T180000Z,South32 breaks decade - long US permit curse at Arizona project,https://www.mining.com/south32-breaks-decade-long-us-permit-curse-at-arizona-project/,mining.com,English,0.28,0.72,0,-0.5423,CPI
20260801T153000Z,Locals take medals in Big Sky State Games,http://www.lewistownnews.com/news/locals-take-medals-in-big-sky-state-games/article_01102711-bfee-40fb-93b5-ebebd1b23c0b.html,lewistownnews.com,English,0,1,0,0,CPI
20260801T151500Z,"Forget Florida , Retire To This Midwest Gem With Gorgeous Mountain Views And Affordable , Healthy Living",https://www.islands.com/2226150/forget-florida-retire-north-dakota-midwest-gem-gorgeous-mountain-views-affordable-healthy-living/,islands.com,English,0.092,0.583,0.325,0.7003,CPI
20260801T150000Z,What about people ? - Park Record,https://www.parkrecord.com/2026/08/01/what-about-people/,parkrecord.com,English,0,1,0,0,CPI
20260801T144500Z,Article : The Wars Are Still Based on Lies,https://www.opednews.com/populum/page.php?f=The-Wars-Are-Still-Based-o-China_Iran_Iraq_Korea-260801-848.html,opednews.com,English,0.516,0.484,0,-0.7506,CPI
20260801T144500Z,How To Compare Crime Stats By City : The Essential Guide To Finding Safe Neighborhoods In 2024,https://www.unitaid.eu/guide-finding-safe-neighborhoods-2024-b40g.html,unitaid.eu,English,0.172,0.686,0.142,-0.1531,CPI
20260801T140000Z,Telangana per capita income rises to Rs 4 . 18 lakh ; CM Revanth Reddy credits Congress policy - driven governance,https://news.webindia123.com/news/Articles/India/20260801/4482000.html,news.webindia123.com,English,0,0.865,0.135,0.3612,CPI
20260801T134500Z,Retno Marsudi warns climate change exacerbates water crisis,https://en.antaranews.com/news/425052/retno-marsudi-warns-climate-change-exacerbates-water-crisis,en.antaranews.com,English,0.478,0.522,0,-0.6705,CPI
20260801T130000Z,Britain Problems Didnt Begin With Brexit,https://www.zerohedge.com/personal-finance/britains-problems-didnt-begin-brexit,zerohedge.com,English,0.351,0.649,0,-0.4019,CPI
20260801T121500Z,School Level Improvement Plan Bangladesh | SLIP Reform : Primary Education Financing in Bangladesh | Rethinking school - level financing in Bangladesh : From reimbursement to real autonomy,https://www.thedailystar.net/slow-reads/big-picture/news/why-bangladeshs-schools-need-financial-autonomy-4237141,thedailystar.net,English,0,0.88,0.12,0.4588,CPI
20260801T111500Z,Tree City Status Celebrated - The Intermountain,https://www.theintermountain.com/life/2026/08/tree-city-status-celebrated/,theintermountain.com,English,0,0.575,0.425,0.5719,CPI
20260801T111500Z,"Fitch affirms Romania remains at  BBB -, but with a negative outlook",https://www.stiripesurse.ro/fitch-affirms-romania-remains-at-bbb-but-with-a-negative-outlook_3908518,stiripesurse.ro,English,0.336,0.664,0,-0.7227,CPI
20260801T110000Z,Reality check : Foodborne illness have been reduced drastically by US farmers,https://www.mantecabulletin.com/opinion/local-columns/reality-check-foodborne-illness-have-been-reduced-drastically-by-us-farmers/,mantecabulletin.com,English,0.213,0.787,0,-0.4019,CPI
20260801T110000Z,Reality check : Foodborne illness have been reduced drastically by US farmers,https://www.mantecabulletin.com/opinion/local-columns/55eality-check-foodborne-illness-have-been-reduced-drastically-by-us-farmers/,mantecabulletin.com,English,0.213,0.787,0,-0.4019,CPI
20260801T100000Z,Insurance Essentials for Starting a Bond Cleaning Business,https://prescottenews.com/2025/08/01/insurance-essentials-for-starting-a-bond-cleaning-business/,prescottenews.com,English,0,1,0,0,CPI
20260801T090000Z,Indonesia Tax Reform : World Bank Urges Indonesia to Cut VAT Threshold to Rp 500M,https://www.indonesia-investments.com/news/todays-headlines/world-bank-urges-indonesia-to-cut-vat-threshold-to-idr-500-million-to-plug-tax-leakages/item10006,indonesia-investments.com,English,0.139,0.861,0,-0.2732,CPI
20260801T090000Z,How Sri Lanka missed the opportunity to become a 200 billion dollar economy - Breaking News,https://www.dailymirror.lk/breaking-news/How-Sri-Lanka-missed-the-opportunity-to-become-a-200-billion-dollar-economy/108-347084,dailymirror.lk,English,0.129,0.706,0.165,0.1531,CPI
20260801T090000Z,County new economic development goal doesnt change much,https://www.post-journal.com/opinion/in-our-opinion/2026/08/countys-new-economic-development-goal-doesnt-change-much/,post-journal.com,English,0,1,0,0,CPI
20260801T080000Z,Korean Cities Can Now Write Their Own Visa Rules,https://koreabridge.net/post/korean-cities-can-now-write-their-own-visa-rules,koreabridge.net,English,0,1,0,0,CPI
20260801T080000Z,"Afghanistan Shifts Trade Routes Toward Iran , Central Asia Amid Pakistan Disruptions : World Bank",https://www.khaama.com/afghanistan-shifts-trade-routes-toward-iran-central-asia-amid-pakistan-disruptions-world-bank/,khaama.com,English,0.167,0.833,0,-0.34,CPI
