Date,Close,High,Low,Open,Volume,SMA_10,STOCH_K_14,MACD_signal_9,RSI_14,CCI_20
2016-06-01,9631.6376953125,9751.2783203125,9567.609375,9741.400390625,147755,,,,,
2016-06-02,9686.5185546875,9704.8125,9595.05078125,9631.6376953125,164955,,,,,
2016-06-03,9622.4912109375,9741.400390625,9558.462890625,9741.400390625,102400,,,,,
2016-06-06,9695.666015625,9741.400390625,9604.0146484375,9631.6376953125,83027,,,,,
2016-06-07,9750.546875,9823.7216796875,9695.666015625,9704.8125,103451,,,,,
2016-06-08,9723.1064453125,9723.1064453125,9631.6376953125,9704.8125,99261,,,,,
2016-06-09,9640.78515625,9723.1064453125,9622.4912109375,9677.3720703125,101606,,,,,
2016-06-10,9393.8193359375,9640.78515625,9393.8193359375,9640.78515625,112111,,,,,
2016-06-13,9192.5888671875,9329.7919921875,9174.294921875,9329.7919921875,194407,,,,,
2016-06-14,9032.5185546875,9165.1484375,9032.5185546875,9133.1337890625,226921,9536.96787109375,,,,
2016-06-15,9078.2529296875,9146.8544921875,9050.8125,9087.400390625,159261,9481.62939453125,,,,
2016-06-16,8927.330078125,9046.2392578125,8863.3017578125,8991.3583984375,156877,9405.710546875,,,,
2016-06-17,9146.8544921875,9165.1484375,8982.2109375,8995.931640625,270260,9358.146875,,,,
2016-06-20,9567.609375,9567.609375,9348.0849609375,9357.232421875,237844,9345.3412109375,73.33329943973888,,,
2016-06-21,9759.693359375,9796.28125,9439.5537109375,9531.0224609375,240134,9346.255859375,93.33329943973888,,53.21100423190714,
2016-06-22,9805.427734375,9878.6025390625,9750.546875,9823.7216796875,153458,9354.48798828125,92.79279539237525,,52.99539533274981,
2016-06-23,9970.0712890625,10034.099609375,9805.427734375,9887.75,120724,9387.4166015625,94.53122328273405,,58.33332552888411,
2016-06-24,9050.8125,9192.5888671875,8524.8681640625,8524.8681640625,455676,9353.11591796875,34.84848778966426,,39.00155367024615,
2016-06-27,7761.10595703125,8620.91015625,7674.2109375,8287.0498046875,528537,9209.967626953125,3.6821660515963828,,26.12513566812001,
2016-06-28,8273.330078125,8355.6513671875,7925.74951171875,8104.11328125,633943,9134.048779296874,25.38760187144686,,34.41494758129875,-186.60149838468092
2016-06-29,8598.04296875,8598.04296875,8346.5048828125,8346.5048828125,300162,9086.027783203124,39.147271744644996,,39.34578696962072,-115.27275041418001
2016-06-30,8799.2744140625,8799.2744140625,8428.826171875,8575.17578125,312495,9073.222216796876,47.674430153037875,,43.86793108470461,-81.37632380937583
2016-07-01,8689.51171875,8840.4345703125,8652.9248046875,8817.5673828125,245666,9027.487939453125,43.023249077394574,,44.71153786927797,-66.37791294656085
2016-07-04,8538.5888671875,8730.6728515625,8538.5888671875,8730.6728515625,136743,8924.585888671874,36.627911307389205,,44.797692974359364,-76.94446144304572
2016-07-05,8387.666015625,8593.4697265625,8369.3720703125,8552.30859375,294466,8787.383154296875,30.232573537383832,,42.88407772883299,-90.26456331018109
2016-07-06,8241.3154296875,8364.798828125,8195.58203125,8364.798828125,291495,8630.971923828125,24.030984975953082,,42.924524120993155,-104.74303489730389
2016-07-07,8305.34375,8355.6513671875,8149.84716796875,8232.1689453125,175495,8464.499169921875,26.744177385221594,,41.03313996346271,-94.67753316117461
2016-07-08,8456.2666015625,8534.015625,8364.798828125,8415.1064453125,166279,8405.044580078125,33.13951515522697,,37.43537251531694,-61.491259252976896
2016-07-11,8762.6865234375,8771.833984375,8428.826171875,8552.30859375,176046,8505.20263671875,46.12402266725042,,39.01210488952642,-28.21591110951843
2016-07-12,8808.4208984375,8904.462890625,8744.392578125,8744.392578125,198586,8558.71171875,48.062011333625215,,39.01210488952642,-1.7036879692006763
2016-07-13,8776.4072265625,8986.7841796875,8771.833984375,8817.5673828125,177855,8576.54814453125,72.59037868716551,,36.44860776693475,4.342064508907234
2016-07-14,8877.0224609375,8904.462890625,8753.5400390625,8854.1552734375,180108,8584.32294921875,91.63766902888604,,47.57653429465234,5.213850113626613
2016-07-15,8913.609375,8968.4912109375,8771.833984375,8890.7421875,212453,8606.73271484375,93.10344827586206,,74.70586819151931,13.740112472190056
2016-07-18,8927.330078125,9027.9453125,8909.0361328125,8918.18359375,123765,8645.6068359375,88.54168693993644,-210.3964328328799,67.83041172335939,32.29673116294709
2016-07-19,8909.0361328125,8986.7841796875,8845.0078125,8918.18359375,95622,8697.74384765625,86.45832696173426,-189.05529163120565,60.17963325356879,35.62334386098702
2016-07-20,8982.2109375,9005.078125,8886.1689453125,8950.197265625,144408,8771.8333984375,94.79165566117736,-167.4140706369903,56.535922855825,61.3332979538322
2016-07-21,8991.3583984375,9023.3720703125,8899.8896484375,8950.197265625,117704,8840.43486328125,95.83339125696126,-146.1917210791707,61.619726516830106,89.77767122578466
2016-07-22,8959.34375,9009.6513671875,8936.4765625,8959.34375,96750,8890.742578125,92.18748349176605,-126.52199716880855,67.8294082837788,87.63891642398782
2016-07-25,9055.3857421875,9069.1064453125,8941.05078125,8968.4912109375,140923,8920.0125,98.50741749763498,-107.03588524820782,79.67470641898431,96.93853786012541
2016-07-26,9046.2392578125,9101.1201171875,9005.078125,9082.826171875,140680,8943.7943359375,94.23079785669593,-88.58832233441072,90.74072975671481,99.49477979198988
2016-07-27,8918.18359375,9128.560546875,8748.9658203125,8963.9169921875,277993,8957.97197265625,72.45515872812918,-73.59989617273052,79.13045173581003,56.06218877049171
2016-07-28,8552.30859375,8959.34375,8552.30859375,8954.7705078125,314340,8925.5005859375,17.647042404483845,-67.23488086547334,53.79061010063635,-25.298864632735498
2016-07-29,8780.98046875,8785.5537109375,8566.029296875,8630.0576171875,293461,8912.2376953125,39.68262038157409,-62.806948934097115,50.769239613643215,-17.304174233026213
2016-08-01,8662.0712890625,8803.84765625,8611.763671875,8803.84765625,162087,8885.71181640625,19.04769167675001,-61.5792396162078,44.20290864190654,-25.55498891486806
2016-08-02,8625.4833984375,8684.9384765625,8570.6025390625,8620.91015625,206327,8857.35654296875,12.698404628509259,-62.86511326761573,44.04330404564747,-53.85127036985163
2016-08-03,8598.04296875,8643.77734375,8529.44140625,8634.630859375,195221,8818.93974609375,11.450404076296907,-65.95355812613292,38.31418251432732,-81.41400423640191
2016-08-04,8735.24609375,8826.71484375,8593.4697265625,8598.04296875,218907,8793.328515625,34.351212228890724,-67.67060108626387,43.1095728964361,-46.38792360739918
2016-08-05,8739.8193359375,8822.1416015625,8712.37890625,8721.525390625,136383,8771.37607421875,35.11453990070057,-68.21086727935679,42.704632824687934,-39.629604632908126
2016-08-08,8918.18359375,8941.05078125,8758.11328125,8785.5537109375,206558,8757.655859375,64.8856230990158,-64.98406702152408,50.316476010733226,18.573959534786276
2016-08-09,8968.4912109375,8982.2109375,8883.2421875,8950.197265625,108278,8749.8810546875,73.28255348835692,-58.61455621005416,49.51770541890523,56.32016199078891
2016-08-10,9064.533203125,9064.533203125,8913.609375,8950.197265625,117661,8764.516015625,89.31308659522932,-48.94326726728177,52.424237522283086,86.79145416120645
2016-08-11,9128.560546875,9128.560546875,8960.5693359375,9114.8408203125,109892,8822.1412109375,100.0,-36.576402224357516,55.48960991892214,106.50475417886842
2016-08-12,9174.294921875,9256.6171875,9101.1201171875,9101.1201171875,114626,8861.47265625,88.67917940233244,-22.355263543190844,53.98772925767053,140.9921851494073
2016-08-15,9274.91015625,9348.0849609375,9144.2109375,9201.7353515625,152230,8922.75654296875,91.06145717895099,-6.0611881896182105,57.22541247913304,157.6349023584816
2016-08-16,9238.3232421875,9302.3505859375,9183.4423828125,9210.8828125,150907,8984.04052734375,86.5922454135855,10.108093184539186,60.736179039916266,132.663581712454
2016-08-17,9238.3232421875,9293.2041015625,9220.029296875,9293.2041015625,123158,9048.0685546875,86.5922454135855,25.328497272931543,80.4878196976733,121.79466710775465
2016-08-18,9293.2041015625,9393.8193359375,9244.287109375,9293.2041015625,123553,9103.86435546875,88.35980987953087,39.97414801826667,76.92307692307692,127.29367115504313
2016-08-19,9293.2041015625,9384.6728515625,9238.3232421875,9293.2041015625,84958,9159.20283203125,88.35980987953087,53.4006961208631,87.91210080484313,109.99514512391217
2016-08-22,9485.2880859375,9485.2880859375,9265.763671875,9274.91015625,141715,9215.91328125,100.0,68.30216926366754,93.51857710010597,126.09208260341016
2016-08-23,9686.5185546875,9713.9599609375,9512.728515625,9531.0224609375,168981,9287.716015625,97.55094641540481,86.40177714324452,96.85043407937091,162.58720998126108
2016-08-24,9704.8125,9750.546875,9567.609375,9613.34375,119600,9351.7439453125,95.59470371108962,105.65204465000423,96.4912724323494,146.0422137014435
2016-08-25,9531.0224609375,9695.666015625,9503.58203125,9659.078125,147855,9391.99013671875,77.88019113369519,121.60087153393162,82.6415501787205,110.63231246898854
2016-08-26,9613.34375,9622.4912109375,9485.2880859375,9558.462890625,79371,9435.89501953125,84.18051614646669,135.6805906396122,81.14756680691977,99.84813404984988
2016-08-30,9549.31640625,9622.4912109375,9531.0224609375,9531.0224609375,132282,9463.33564453125,75.95633261145545,146.51994467329723,75.70856152393138,91.3345340063661
2016-08-31,9466.994140625,9576.7568359375,9448.701171875,9521.8759765625,172501,9486.202734375,64.10622829713563,153.11273154659065,68.03279262375995,69.6245059539447
2016-09-01,9439.5537109375,9503.58203125,9366.37890625,9476.1416015625,199492,9506.32578125,52.112665466690125,155.91147669554783,64.40680726472566,48.82800592758765
2016-09-02,9567.609375,9622.4912109375,9357.232421875,9494.4345703125,219211,9533.76630859375,69.82901908234658,157.87317468581182,66.92915173077053,65.26473140674767
2016-09-05,9677.3720703125,9756.03515625,9558.462890625,9604.197265625,166391,9572.18310546875,86.26194922697775,160.59876708082794,67.18753518865289,101.80895125019133
2016-09-06,9549.31640625,9741.400390625,9541.6328125,9704.8125,104285,9578.5859375,61.433490626195635,161.25118322673467,62.31885739838569,78.11436860930122
2016-09-07,9595.05078125,9604.197265625,9502.1181640625,9585.9033203125,78728,9569.43916015625,68.90464163037102,160.93211310919364,63.636383998399275,57.67174105496027
2016-09-08,9549.31640625,9622.4912109375,9439.5537109375,9604.197265625,149277,9553.88955078125,60.0706987061835,158.92439832417938,59.859175579406404,40.32273962186382
2016-09-09,9348.0849609375,9540.1689453125,9284.0576171875,9476.1416015625,122648,9535.59580078125,16.790960046849044,152.390770470193,51.829259559686115,-33.97506299667758
2016-09-12,9183.4423828125,9238.3232421875,9142.28125,9238.3232421875,104343,9492.6056640625,6.706455534269766,140.3887859878972,39.75156268029013,-134.13430486131188
2016-09-13,9082.826171875,9247.4697265625,9078.2529296875,9201.7353515625,123835,9445.956640625,0.6747362217941385,123.6632580474982,28.00000284706222,-149.44222033993395
2016-09-14,9009.6513671875,9123.9873046875,9009.6513671875,9114.8408203125,133882,9400.22236328125,0.0,103.40456953910127,25.641016866793734,-173.39213190997305
2016-09-15,9027.9453125,9046.2392578125,8963.9169921875,9014.2255859375,97451,9359.0615234375,8.08317789155609,82.04954764527307,30.215826232960836,-168.6856973002572
2016-09-16,8886.1689453125,9037.0927734375,8884.33984375,9032.5185546875,252932,9290.91748046875,0.20983267160794788,58.6778641095226,22.68043430884299,-169.1235150081723
2016-09-19,8945.6240234375,8945.6240234375,8753.5400390625,8872.44921875,212205,9217.74267578125,19.160590518773958,36.08219072205511,27.241414094558166,-157.9398409058068
2016-09-20,8927.330078125,8973.064453125,8798.9169921875,8918.18359375,148481,9155.54404296875,17.335749180511517,14.783300173972307,28.623230452388356,-126.20512821661262
2016-09-21,8950.197265625,9043.50390625,8945.6240234375,8973.064453125,118722,9091.05869140625,19.6167765000414,-4.255130486332188,30.545493792506903,-91.14961585050334
2016-09-22,9055.3857421875,9069.1064453125,8968.4912109375,9014.2255859375,93048,9041.665625,30.109443721963267,-19.190803674842307,29.259298215922485,-69.35468670189658
2016-09-23,9055.3857421875,9069.1064453125,9027.9453125,9069.1064453125,140801,9012.395703125,30.555503381380806,-30.72825557160541,22.357746865196958,-57.82507855458176
2016-09-26,8877.0224609375,9046.2392578125,8863.3017578125,9046.2392578125,155878,8981.7537109375,14.210513302899733,-42.306601973946314,21.40080310340558,-81.06868345580727
2016-09-27,8703.232421875,8931.9033203125,8663.7177734375,8931.9033203125,275681,8943.7943359375,4.121374966387719,-55.97991747769705,15.789497343992338,-112.71961646066008
2016-09-28,8712.37890625,8780.98046875,8671.2177734375,8721.525390625,159738,8914.06708984375,5.552064321894715,-69.97602486338243,16.967509581851985,-114.2146021801816
2016-09-29,6384.50439453125,7125.39990234375,5978.951171875,7088.81201171875,2119448,8649.722998046875,12.407860499204801,-120.42114160480375,6.334234695323772,-474.8878502085291
2016-09-30,6128.392578125,6403.52978515625,5963.7490234375,6320.4765625,949207,8373.945361328126,5.0139329611929115,-194.87902520893402,6.167980583933556,-340.8041093996087
2016-10-03,6110.0986328125,7762.935546875,6018.63037109375,6128.392578125,577272,8090.392822265625,4.630967552140179,-280.33214107820055,6.317206962789868,-202.64077828589137
2016-10-04,6096.37841796875,6196.994140625,6081.92626953125,6146.68603515625,568724,7807.29765625,4.270986444168124,-367.77722633948383,6.429551340818946,-184.26704383430095
2016-10-05,5995.76318359375,6178.7001953125,5995.76318359375,6142.11279296875,496458,7511.854248046875,1.0309331843971765,-452.65384216733275,5.740984463218652,-148.7830141900034
2016-10-06,5785.3857421875,6036.923828125,5771.6650390625,6018.63037109375,540489,7184.854248046875,0.41610149915002753,-533.7959781990368,5.628269324720591,-131.61492507540459
2016-10-07,5520.12646484375,5806.0576171875,5520.12646484375,5794.5322265625,725847,6831.3283203125,0.0,-611.3592376279787,3.708264537739126,-122.19097868917171
2016-10-10,5474.392578125,5552.140625,5414.93798828125,5510.97998046875,488477,6491.06533203125,1.627034728772537,-681.9495783943066,3.6809650392816167,-110.86233594475831
2016-10-11,5341.76318359375,5520.12646484375,5336.732421875,5469.81884765625,413056,6154.918408203125,0.1347871806833735,-745.030690017569,2.9797201436579286,-100.6385070595828
2016-10-12,5410.3642578125,5501.8330078125,5306.126953125,5332.6162109375,637832,5824.716943359375,2.7700736850655714,-797.305780464246,2.0457102742765443,-89.70925416269414
2016-10-13,5286.8818359375,5419.51123046875,5233.46435546875,5387.4970703125,419972,5714.9546875,1.401013220998537,-840.220388332749,1.9813348099572465,-85.18612883858732
2016-10-14,5401.2177734375,5474.392578125,5296.02880859375,5305.17578125,292786,5642.23720703125,4.535789817362503,-871.2791770769078,4.976292885892391,-75.3197381433907
2016-10-17,5337.189453125,5484.27099609375,5309.7490234375,5369.20361328125,304598,5564.9462890625,2.9238795355410017,-892.3145280200413,5.1219397872254575,-70.87575662659279
2016-10-18,5515.55322265625,5515.55322265625,5355.4833984375,5378.3505859375,489832,5506.86376953125,11.152088552970383,-901.0852194037154,9.218203542624394,-63.17659016357694
2016-10-19,5652.755859375,5701.41748046875,5457.26025390625,5556.7138671875,621189,5472.563037109375,16.576251405067257,-897.466142224174,28.835972185778743,-52.849786504384625
2016-10-20,5611.59521484375,5671.0498046875,5561.28759765625,5579.5810546875,473248,5455.183984375,14.94900834054487,-884.8823033118458,32.930508332981205,-48.86009673933823
2016-10-21,5616.16845703125,5625.3154296875,5561.28759765625,5584.15478515625,353678,5464.78818359375,39.71896950756319,-865.2494018806408,33.53657722828579,-46.8487714435565
2016-10-24,5629.888671875,5728.2451171875,5605.35693359375,5648.1826171875,264519,5480.33779296875,41.939196515419894,-840.0364973370476,34.451207305843326,-38.078871980107756
2016-10-25,5547.5673828125,5693.9169921875,5542.99365234375,5661.90283203125,194117,5500.918212890625,39.093823401611075,-812.0466320520218,34.8765365991093,-38.43520071908357
2016-10-26,5506.40625,5615.802734375,5360.056640625,5552.140625,684627,5510.522412109375,47.667674906261006,-782.5893798616901,39.37280285698343,-49.03480083014609
2016-10-27,5428.658203125,5570.4345703125,5410.3642578125,5506.40625,344534,5524.700048828125,39.45057341724308,-753.2133410039665,45.93496799438572,-52.05118182426498
2016-10-28,5405.791015625,5501.7138671875,5350.90966796875,5396.64404296875,258528,5525.157373046875,34.82889261046214,-724.0762526458236,46.88795798158505,-63.74452919078712
2016-10-31,5360.056640625,5426.64599609375,5332.6162109375,5373.77685546875,308321,5527.444091796875,25.58553099690026,-695.6956971468853,50.900888986142206,-78.42057569472144
2016-11-01,5341.76318359375,5442.37841796875,5286.8818359375,5360.056640625,255493,5510.065087890625,21.88824556330682,-667.9833076076708,46.44551321784846,-81.95155257710668
2016-11-02,5259.44140625,5387.4970703125,5258.517578125,5305.17578125,429063,5470.733642578125,0.1966731877896304,-641.9333676003639,48.51485828812563,-111.26362343957567
2016-11-03,5259.44140625,5419.51123046875,5135.958984375,5254.86767578125,444362,5435.51826171875,20.84844048072468,-616.8279036587946,41.24292456244481,-126.7815257562659
2016-11-04,5209.1337890625,5264.0146484375,5135.958984375,5236.57421875,265835,5394.814794921875,12.354637502658694,-593.027242008707,41.95403215711877,-154.37337693253585
2016-11-07,5378.3505859375,5378.3505859375,5227.42724609375,5277.73486328125,369611,5369.660986328125,40.92474703256878,-567.2406909636925,41.27906940655426,-66.45494049526138
2016-11-08,5355.4833984375,5419.51123046875,5329.96337890625,5405.791015625,308419,5350.452587890625,37.06391250797608,-540.6331728804255,27.89115201589709,-39.18160581470582
2016-11-09,5282.30859375,5378.3505859375,5145.10546875,5259.44140625,367222,5328.042822265625,24.709275005317387,-514.8411475386462,26.623364468487352,-93.10045433771154
2016-11-10,5145.10546875,5405.791015625,5103.94482421875,5305.17578125,631826,5299.687548828125,6.5930842888953025,-491.9278864458273,21.857918715181086,-116.42328489158804
2016-11-11,5035.34326171875,5256.12109375,5003.32958984375,5126.81201171875,449880,5262.6427734375,4.635716169503006,-472.6501187692408,18.137256697794214,-159.40639812508533
2016-11-14,5245.72119140625,5276.326171875,5085.65087890625,5117.6650390625,426265,5251.209228515625,39.57587426106853,-452.2278581455173,35.77586940825154,-94.65670373988414
2016-11-15,5314.322265625,5323.9267578125,5241.1474609375,5273.16162109375,243774,5248.46513671875,54.83864301882764,-430.0336113251127,41.17646794945985,-45.989480764858975
2016-11-16,5227.42724609375,5347.70849609375,5177.11962890625,5346.33642578125,359992,5245.263720703125,44.96483264768671,-408.29840267718816,40.8333262898194,-62.232462432362276
2016-11-17,5250.29443359375,5431.21923828125,5218.2802734375,5350.90966796875,226745,5244.3490234375,56.249972196643135,-386.69487854472146,42.91666425704347,-30.961507021291574
2016-11-18,5286.8818359375,5309.7490234375,5182.1044921875,5259.44140625,275553,5252.123828125,64.58330552997647,-364.84129766432693,46.63865659308864,-49.18459044218846
2016-11-21,5241.1474609375,5298.333984375,5167.97265625,5296.02880859375,338766,5238.403515625,55.57925319347543,-343.8747050047976,45.49178982907565,-60.19353347362861
2016-11-22,5291.455078125,5392.07080078125,5286.8818359375,5314.322265625,250840,5232.00068359375,67.33640071298319,-322.9767741494616,51.47677842287164,20.06852045723855
2016-11-23,5264.0146484375,5364.63037109375,5254.86767578125,5318.89599609375,278771,5230.1712890625,60.92343190485646,-302.9190498798555,50.205752999740774,2.8546375358363445
2016-11-24,5232.0009765625,5273.16162109375,5199.98681640625,5259.44140625,188455,5238.86083984375,53.44167299998402,-284.25975551913086,51.04602772134279,-53.882781418324825
2016-11-25,5213.70703125,5295.845703125,5172.54638671875,5245.72119140625,196037,5256.697216796875,49.166284385348696,-267.0991047069131,41.26212636189967,-56.86582427253693
2016-11-28,5167.97265625,5247.24853515625,5138.24560546875,5222.85400390625,175861,5248.92236328125,38.47792696258664,-251.89825666350103,40.28434867879772,-103.02626079787021
2016-11-29,5099.37158203125,5204.56005859375,5085.65087890625,5186.2666015625,209179,5227.427294921875,22.445504942269814,-239.24299159282467,40.476191686676614,-155.8311363442504
2016-11-30,4797.525390625,4962.16845703125,4693.6806640625,4953.021484375,1122193,5184.437109375,14.079904454149975,-233.1171550403906,34.55285470251653,-375.24784017819167
2016-12-01,4893.56689453125,4902.7138671875,4738.07080078125,4774.658203125,499657,5148.76435546875,27.1018001574335,-229.34135700838618,43.6213877860905,-252.61372241322218
2016-12-02,4957.59521484375,4975.02001953125,4824.9658203125,4866.12646484375,425008,5115.835693359375,35.78315223184169,-225.69220136648633,35.07107206178806,-157.59251127258094
2016-12-05,4934.72802734375,4980.46240234375,4893.56689453125,4966.7421875,349491,5085.19375,32.682678805862245,-222.16415193125516,29.353233038056644,-122.30991663306978
2016-12-06,5058.21044921875,5067.357421875,4884.42041015625,4953.021484375,406999,5061.869287109375,49.42518234281973,-216.42050873827588,41.14832047046035,-75.4148041747318
2016-12-07,5158.82568359375,5163.3994140625,4907.28759765625,5030.77001953125,461528,5051.350390625,66.60246115683181,-207.49074215086802,45.57520786092215,-33.49681860595076
2016-12-08,4438.96826171875,5299.87060546875,4400.5517578125,4953.021484375,1230806,4972.047119140625,3.8745099429684666,-208.04407962959516,25.306323388423152,-176.21238905347153
2016-12-09,4390.490234375,4407.869140625,3945.038330078125,4353.90283203125,1363496,4889.725439453125,30.78382229255894,-214.811500226164,25.265946874229797,-270.10790551790495
2016-12-12,4159.07470703125,4399.63720703125,4139.8662109375,4399.63720703125,647226,4788.83564453125,15.077315930849824,-228.32152908453438,20.211731551520614,-211.99441966644304
2016-12-13,4138.037109375,4207.05908203125,4107.66943359375,4175.5390625,544803,4692.702197265625,14.2452156479096,-245.164727772562,20.28004779933353,-188.71311779604213
2016-12-14,4362.134765625,4365.79345703125,3988.028564453125,4039.2509765625,1284518,4649.163134765625,30.78583549588216,-259.0800171997544,29.153861275842857,-142.35961843783838
2016-12-15,4458.1767578125,4491.10546875,4349.3291015625,4370.3671875,438074,4605.62412109375,37.87468287072117,-268.3078977014371,32.54436654928243,-88.74643753933938
2016-12-16,4482.87353515625,4529.5224609375,4423.4189453125,4485.6171875,428016,4558.151953125,39.69754890309625,-273.10850972411924,34.01621705490646,-70.59371404111539
2016-12-19,4582.57421875,4632.8818359375,4474.64111328125,4492.02001953125,656175,4522.936572265625,47.05644383088384,-272.6694039049159,38.11526519979114,-47.42534281273244
2016-12-20,4560.62158203125,4610.0146484375,4502.08203125,4587.1474609375,214554,4473.177685546875,45.43612247321464,-268.6979358759108,43.74697291156996,-42.23281633872823
2016-12-21,4527.69287109375,4560.62158203125,4463.6650390625,4560.62158203125,376383,4410.064404296875,43.00565845669968,-262.6335839669245,40.00999387248693,-44.44639558783159
2016-12-22,4591.720703125,4614.587890625,4514.88720703125,4514.88720703125,242227,4425.3396484375,47.73154469326645,-253.9552346077416,40.00997787641886,-26.987191820597644
2016-12-23,4760.93798828125,4779.2314453125,4595.06884765625,4605.44140625,175954,4462.384423828125,60.22145124701026,-240.81483739842912,45.60592510361673,11.280453354492117
2016-12-28,4724.35009765625,4788.37841796875,4655.7490234375,4779.2314453125,305890,4518.911962890625,57.52090363756901,-225.60142907573794,41.17077670760437,21.678096740338574
2016-12-29,4779.2314453125,4810.20263671875,4674.04248046875,4706.056640625,199265,4583.031396484375,61.57168901175318,-208.4964184113334,39.71245493130821,38.40643267461242
2016-12-30,4856.9794921875,4856.9794921875,4664.89599609375,4756.3642578125,174498,4632.515869140625,100.0,-189.38683077775232,67.37641569905158,50.4312550430923
2017-01-03,4815.81884765625,4892.46044921875,4770.08447265625,4847.8330078125,342716,4668.280078125,91.52599517404664,-170.24761244329335,67.78881322412883,60.83078975466109
2017-01-04,4792.95166015625,4866.12646484375,4756.3642578125,4797.525390625,304322,4699.287890625,88.997646949578,-152.0699354854904,82.11304202415714,57.74385302304792
2017-01-05,4756.3642578125,4854.052734375,4715.20361328125,4797.525390625,382253,4716.66689453125,84.95230058795218,-135.68497038986558,80.83937943960193,52.995473645717
2017-01-06,4715.20361328125,4771.365234375,4662.03271484375,4765.51123046875,348609,4732.12509765625,67.36390990827387,-121.63000985407487,71.54017052566732,41.63403457573857
2017-01-09,4578.00048828125,4774.56640625,4573.42724609375,4756.3642578125,419872,4737.155859375,32.95690076067279,-111.68401162352295,56.96066668368548,26.650234506665107
2017-01-10,4742.64404296875,4747.21728515625,4573.42724609375,4582.57421875,407803,4752.248193359375,65.06109843960131,-101.95347481475413,62.9798679201275,45.02819450286887
2017-01-11,4738.07080078125,4756.3642578125,4623.73486328125,4756.3642578125,370201,4749.961474609375,63.99456599098355,-92.70866668539219,58.58585259457171,46.4700347128262
2017-01-12,4747.21728515625,4820.39208984375,4683.189453125,4751.791015625,348286,4752.248193359375,66.12763088821906,-83.89570337996588,60.450807791642376,59.867332562059495
2017-01-13,4715.20361328125,4802.0986328125,4706.056640625,4742.64404296875,227974,4745.84541015625,53.053655256249435,-76.13494630212298,60.51283258616196,51.06535695402596
2017-01-16,4710.6298828125,4728.923828125,4642.02880859375,4719.77685546875,243756,4731.21044921875,43.00575469099146,-69.3399676683938,57.142857142857146,15.148532596081278
2017-01-17,4733.4970703125,4756.3642578125,4642.02880859375,4687.7626953125,321280,4722.978271484375,50.17340598120543,-62.98365182791522,47.999974376439994,20.607466851274356
2017-01-18,4610.0146484375,4754.87353515625,4560.62158203125,4728.923828125,483175,4704.6845703125,14.884653755264079,-59.062027346460965,42.60356038882646,-51.74561702041234
2017-01-19,4587.1474609375,4701.4833984375,4563.36572265625,4692.33642578125,418632,4687.762890625,7.993602175378086,-57.10221659026878,37.03702239164018,-82.4002825449975
2017-01-20,4696.90966796875,4706.056640625,4564.2802734375,4596.29443359375,478611,4685.93349609375,41.07056147238253,-54.593429779445174,39.64497190945577,-52.63129114072665
2017-01-23,4774.658203125,4893.56689453125,4715.20361328125,4779.2314453125,380859,4705.599267578125,64.2858190393505,-50.507208223897045,47.45763938694055,100.82566779186988
2017-01-24,4610.0146484375,4788.37841796875,4591.720703125,4751.791015625,497603,4692.336328125,14.835189009080883,-48.15816322804561,40.384620320119986,-79.5368688588522
2017-01-25,4610.0146484375,4659.68212890625,4569.7685546875,4610.0146484375,631722,4679.530712890625,14.835189009080883,-46.91132547001324,42.00000427059334,-130.362918872767
2017-01-26,4605.44140625,4678.6162109375,4589.5166015625,4614.587890625,252402,4665.353125,13.46161742966422,-46.38673415910906,43.75000347541768,-102.3977540587681
2017-01-27,4660.322265625,4674.04248046875,4591.720703125,4632.8818359375,182429,4659.864990234375,29.94506300302696,-45.361016063764936,55.17242225643335,-73.86197833503459
2017-01-30,4628.30859375,4674.04248046875,4571.59765625,4637.455078125,382005,4651.632861328125,20.329768636928925,-44.48234375197224,41.37931542282989,-86.23292524551049
2017-01-31,4578.00048828125,4649.703125,4558.79248046875,4628.30859375,319249,4636.083203125,5.737597320957151,-44.44315052434382,38.709646311995975,-112.57302730552493
2017-02-01,4564.2802734375,4619.16162109375,4536.83984375,4564.2802734375,366589,4631.509765625,7.692276105051213,-45.04978418164433,37.17949156660313,-129.6244382308654
2017-02-02,4453.603515625,4587.1474609375,4417.9306640625,4557.87744140625,526197,4618.15537109375,7.500028231100818,-47.69251433978461,33.487295786056094,-216.2467155194813
2017-02-03,4445.37109375,4487.78515625,4427.9921875,4465.49462890625,446524,4593.001513671875,5.769205104593662,-51.49553665263469,33.33333333333333,-217.01647708511132
2017-02-06,4456.34765625,4518.5458984375,4328.29150390625,4390.490234375,340356,4561.170458984375,22.65376389411964,-55.53395350724425,32.32207838803836,-192.46414484782608
2017-02-07,4553.30419921875,4596.29443359375,4460.00634765625,4470.06787109375,326694,4555.4994140625,39.805853756292734,-57.83475248616001,46.25604339705481,-84.6407324675443
2017-02-08,4706.056640625,4719.77685546875,4548.73046875,4550.56005859375,398402,4565.10361328125,66.82851278932766,-56.3569414715469,56.70103319725405,31.26159092328929
2017-02-09,4692.33642578125,4738.07080078125,4632.8818359375,4706.056640625,379793,4573.793115234375,64.40133922555724,-52.678689357333525,49.710994430949704,65.10053248286513
2017-02-10,4811.24560546875,4815.1875,4687.7626953125,4687.7626953125,427661,4588.88544921875,99.19040317380409,-45.79687154298792,52.19780123084612,144.31047949638494
2017-02-13,4696.90966796875,4815.81884765625,4669.46923828125,4811.24560546875,360778,4595.745556640625,75.60974144078457,-38.9876598440853,55.555548618269526,97.39791686791975
2017-02-14,4820.39208984375,4835.45703125,4696.90966796875,4706.056640625,570163,4619.984716796875,97.02958095650709,-30.5219556958438,61.61615017823798,140.83751994191095
2017-02-15,4642.02880859375,4856.796875,4623.73486328125,4806.671875,337060,4627.7595703125,59.363125116063785,-24.237896641381063,51.69491487085296,65.19256708898149
2017-02-16,4719.77685546875,4770.08447265625,4614.587890625,4646.60205078125,325386,4654.376904296875,74.07405354316741,-18.355003477004782,52.697097457711585,54.66684010720882
2017-02-17,4774.658203125,4775.087890625,4684.3603515625,4724.35009765625,283835,4687.305615234375,84.45830896571348,-12.1145096869502,56.50406010077557,83.20675425255148
2017-02-20,4701.4833984375,4811.24560546875,4692.33642578125,4797.525390625,151173,4711.819189453125,70.61269666170537,-7.116865602275345,55.37850266337894,80.40759392542563
2017-02-21,4884.42041015625,4916.43408203125,4473.7265625,4564.2802734375,852067,4744.930810546875,94.55681784218723,-0.22532644134610447,62.15278717427916,90.78460081979608
2017-02-22,5108.51806640625,5109.076171875,4811.24560546875,4875.2734375,569696,4785.176953125,99.92851992468013,11.067864378751125,72.89002025050831,231.4040552650953
2017-02-23,5090.224609375,5122.23828125,4980.1240234375,5117.6650390625,433032,4824.965771484375,95.96778111725502,24.210830136310438,72.38097239432648,218.29552808398012
2017-02-24,5094.7978515625,5154.25244140625,5035.34326171875,5076.50439453125,365867,4853.32099609375,91.43609299656214,37.84200503473434,72.25766300547374,195.2452834290694
2017-02-27,5017.0498046875,5122.23828125,4975.888671875,5085.65087890625,362165,4885.335009765625,79.83873340140072,49.73793698823363,66.38657260033368,142.90832414476446
2017-02-28,5154.25244140625,5163.3994140625,5017.0498046875,5035.34326171875,533700,4918.721044921875,98.67372296364474,61.9982729879056,66.0130860340622,148.92819328524982
2017-03-01,5167.97265625,5273.16162109375,5108.51806640625,5158.82568359375,459608,4971.3154296875,86.84208758260075,73.921894721192,66.99347442822307,148.09354238987632
2017-03-02,4696.90966796875,5373.77685546875,4591.720703125,5373.77685546875,1226059,4969.0287109375,24.796737161497596,77.32539671473691,46.73628223855134,31.47012446875937
2017-03-03,4683.189453125,4719.82275390625,4573.42724609375,4710.6298828125,587627,4959.8818359375,23.272354029695606,74.81509728400513,49.58448909119355,-61.65673775734854
2017-03-06,4701.4833984375,4733.4970703125,4629.22314453125,4692.33642578125,369920,4959.8818359375,25.30490103905869,68.85108620685571,46.15385587300404,-58.16750586795886
2017-03-07,4738.07080078125,4760.93798828125,4632.8818359375,4692.33642578125,367404,4945.246875,29.369940807344207,61.46180397804574,53.420198951408395,-54.46119933709153
2017-03-08,4797.525390625,4811.24560546875,4655.7490234375,4724.35009765625,416040,4914.147607421875,35.975637212113256,54.3750271611656,52.80529215707762,-38.21534475718336
2017-03-09,5021.623046875,5021.623046875,4742.64404296875,4829.5390625,474585,4907.287451171875,60.87398544894681,51.300770963448414,57.9411762858738,33.74826293067049
2017-03-10,4980.46240234375,5081.07763671875,4930.15478515625,5030.77001953125,417331,4895.85390625,56.30083605354084,50.12902366632419,59.159166669071276,57.68026197288924
2017-03-13,5195.4130859375,5234.28759765625,4980.46240234375,5021.623046875,411522,4913.690234375,77.71426793466722,53.52631545065141,60.0,104.70849045744457
2017-03-14,5181.69287109375,5268.58837890625,5158.82568359375,5222.85400390625,319195,4916.43427734375,75.99999023864083,59.268405450369315,52.721090658718126,115.89514417374743
2017-03-15,5273.16162109375,5291.455078125,5094.7978515625,5186.2666015625,340347,4926.953173828125,87.4285895568099,67.50340549860813,56.45161568066952,110.19044029693247
2017-03-16,5309.7490234375,5351.3671875,5210.5146484375,5323.46923828125,384965,4988.237109375,92.00001708237855,77.29909767936316,57.41325771098702,123.46731981979909
2017-03-17,5218.2802734375,5346.33642578125,5204.56005859375,5282.30859375,2296832,5041.74619140625,80.57141776420949,85.92398431847768,56.87499165899294,101.7531372357992
2017-03-20,5209.1337890625,5257.1455078125,5122.23828125,5204.56005859375,351409,5092.51123046875,79.42860663918844,93.02113695965646,52.054804037029875,73.60761252924387
2017-03-21,5181.69287109375,5294.19921875,5103.4873046875,5222.85400390625,319696,5136.8734375,75.99999023864083,98.13887325229888,50.5084722452943,66.89896830407255
2017-03-22,5126.81201171875,5170.11328125,5090.224609375,5158.82568359375,258794,5169.802099609375,71.13463857179889,100.64839913022766,73.03924134105111,37.495007030082306
2017-03-23,5113.091796875,5181.69287109375,5012.01904296875,5140.5322265625,241270,5178.948974609375,67.00445112786022,100.94329968103368,73.03924134105111,25.574583442236325
2017-03-24,5264.0146484375,5286.8818359375,5108.51806640625,5126.81201171875,271273,5207.30419921875,87.84212665261258,102.01247255919965,76.39486355163484,68.50867602175246
2017-03-27,5213.70703125,5286.8818359375,5182.16845703125,5241.1474609375,237569,5209.13359375,80.21038504140736,102.47576081276048,72.03391325708687,65.55959747290906
2017-03-28,5058.21044921875,5204.56005859375,5030.77001953125,5190.83984375,272778,5196.7853515625,51.84071101699334,99.82058584893134,61.08949270861851,16.65350155793143
2017-03-29,5049.0634765625,5122.23828125,5012.47607421875,5085.65087890625,325920,5174.375537109375,28.23010213958729,94.97656130092724,51.42856561823504,5.182877290487136
2017-03-30,5058.21044921875,5099.37158203125,5021.623046875,5053.63720703125,202867,5149.2216796875,20.96172656339478,88.94400382129629,54.18718253221091,1.3144192114796498
2017-03-31,5163.3994140625,5195.4130859375,5007.90283203125,5067.357421875,350952,5143.73359375,45.27298962916628,83.95824067994253,48.04471239700772,20.861027802247527
2017-04-03,5108.51806640625,5204.56005859375,5108.51806640625,5190.83984375,241506,5133.672021484375,29.294228869159742,78.822992230335,45.74468447594384,22.99040083739914
2017-04-04,5026.1962890625,5149.67919921875,5021.623046875,5094.7978515625,283187,5118.12236328125,5.3261588109437525,72.37019807345597,35.48385985797985,-40.51838086792723
2017-04-05,4994.1826171875,5062.7841796875,4980.46240234375,5044.490234375,325788,5104.859423828125,3.74998331798588,64.75415216708433,31.35135447085031,-106.63651238406996
2017-04-06,4989.60888671875,5021.623046875,4921.0078125,4994.1826171875,297978,5092.5111328125,18.382275976846667,56.58768930182428,34.93975826125099,-144.49058671615873
2017-04-07,4989.60888671875,5017.0498046875,4957.59521484375,4980.46240234375,209819,5065.070556640625,18.382275976846667,48.37536043748703,35.36583539864604,-133.47879405204432
2017-04-10,4966.7421875,4998.609375,4907.28759765625,4985.03564453125,351688,5040.374072265625,15.662669199867766,40.08970544019199,35.582841374214894,-137.7111993260295
2017-04-11,5053.63720703125,5090.224609375,4934.72802734375,4957.59521484375,379163,5039.916748046875,38.55422306662259,33.487425507632985,45.29411838591608,-73.68666539681396
2017-04-12,5090.224609375,5099.37158203125,5004.90283203125,5076.50439453125,393183,5044.032861328125,48.19277883327823,28.793760896213342,48.57142508522887,-37.62867463375273
2017-04-13,5140.5322265625,5145.10546875,4998.755859375,5090.224609375,268350,5052.2650390625,61.44577693337741,26.279430891727657,41.17647879775807,-4.6957697113305255
2017-04-18,5094.7978515625,5167.97265625,5003.32958984375,5103.94482421875,271887,5045.4048828125,63.07690033409219,24.473309550759495,41.44736564842065,-2.811081371198152
2017-04-19,5181.69287109375,5298.9375,5081.07763671875,5081.07763671875,578536,5052.72236328125,70.0639197904498,24.536339208030768,59.854004928327285,106.02345707502224
2017-04-20,5222.85400390625,5227.42724609375,5149.67919921875,5195.4130859375,206699,5072.388134765625,80.57359503003994,26.36839093453982,63.194462465125355,118.99546698572559
2017-04-21,5167.97265625,5250.29443359375,5113.091796875,5232.0009765625,217650,5089.767138671875,66.56073626821627,28.277493498205367,57.792201039500895,87.89541527425156
2017-04-24,5145.10546875,5268.58837890625,5099.37158203125,5245.72119140625,202839,5105.316796875,60.72205550686387,29.705528974134204,48.52939329328606,73.6125683865499
2017-04-25,5113.091796875,5172.54638671875,5081.07763671875,5154.25244140625,237311,5117.665087890625,52.54800217928211,30.178716593258237,50.381704896922976,32.40898949287884
2017-04-26,5181.69287109375,5213.70703125,5094.7978515625,5094.7978515625,149607,5139.16015625,70.0639197904498,31.054325470676993,63.281271504176765,84.55759164335397
2017-04-27,5172.54638671875,5190.83984375,5117.6650390625,5177.11962890625,136683,5151.05107421875,67.72854722422045,31.91955742673909,65.85369029297877,73.62883418171607
2017-04-28,5085.65087890625,5195.4130859375,5085.65087890625,5163.3994140625,224526,5150.593701171875,45.541510461925526,31.27381023641549,57.44681817699965,29.40160229422915
2017-05-02,5232.0009765625,5232.0009765625,5071.9306640625,5094.7978515625,457478,5159.740576171875,82.90909226915879,31.97851271783815,65.31795260750081,81.66028088826893
2017-05-03,5222.85400390625,5236.57421875,5186.2666015625,5222.85400390625,396814,5172.54619140625,79.10996231403364,33.27388911685829,66.47057530530024,108.12686087536669
2017-05-04,5218.2802734375,5259.4873046875,5186.2666015625,5241.1474609375,589188,5176.204931640625,73.1305264390701,34.72277359055369,61.84207106738752,104.54340939508297
2017-05-05,5259.44140625,5300.60205078125,5199.98681640625,5273.16162109375,213407,5179.863671875,86.36370254019454,36.7694826425684,62.09148548069931,120.46967483982252
2017-05-08,5314.322265625,5314.322265625,5213.70703125,5232.0009765625,366039,5194.4986328125,100.0,39.8753916577145,62.337634426493175,131.66562890817173
2017-05-09,5254.86767578125,5355.4833984375,5209.1337890625,5314.322265625,260896,5205.474853515625,64.51604570909016,42.44292246647634,61.14647645769566,117.52748332104252
2017-05-10,5277.73486328125,5296.02880859375,5222.85400390625,5259.44140625,255210,5221.93916015625,72.58057294787814,44.80651065341769,57.34264898902042,106.60546666477155
2017-05-11,5122.23828125,5277.73486328125,5085.65087890625,5268.58837890625,378206,5215.993701171875,17.741891044848085,44.33538810720254,43.45236544304514,-11.797839032629108
2017-05-12,5039.9169921875,5113.091796875,5025.6474609375,5113.091796875,364862,5202.73076171875,4.32625121390843,40.69778340805331,41.95404203098635,-145.06344065524382
2017-05-15,5062.7841796875,5131.38525390625,5021.623046875,5021.623046875,259611,5200.444091796875,12.328847261994952,35.5382524299652,44.82761159687068,-130.58659650014482
2017-05-16,5172.54638671875,5181.69287109375,5058.21044921875,5062.7841796875,217820,5194.4986328125,45.205529538746845,31.36547172555596,53.40314223923254,-51.09461741710118
2017-05-17,5254.86767578125,5273.16162109375,5131.38525390625,5149.67919921875,190984,5197.7,69.86293155645518,29.271810868838937,54.12370850343243,52.63272135586715
2017-05-18,5305.17578125,5314.322265625,5227.42724609375,5264.0146484375,564151,5206.38955078125,84.93153890479797,29.326975277608515,57.142849629505356,120.12044169534201
2017-05-19,5323.46923828125,5365.17919921875,5259.44140625,5328.04248046875,280083,5212.792333984375,87.85934681915796,30.951109237485504,63.82978965062923,138.56366476042783
2017-05-22,5369.20361328125,5401.2177734375,5309.7490234375,5355.4833984375,328045,5218.28046875,91.56622631558638,34.132624533521614,59.036132180015805,157.585406185702
2017-05-23,5296.02880859375,5401.2177734375,5296.02880859375,5364.63037109375,280729,5222.39658203125,72.289139578858,36.8782395635496,54.444443126359765,113.7621954415125
2017-05-24,5282.30859375,5341.580078125,5250.29443359375,5282.30859375,297773,5222.853955078125,68.67470189475308,38.903760092579944,53.84617640847549,70.25683373291024
2017-05-25,4994.1826171875,5166.1982421875,4971.3154296875,5149.67919921875,403513,5210.048388671875,5.319158602516923,35.68620698976506,37.71185597232075,-147.24793616612783
2017-05-26,5209.1337890625,5222.85400390625,5003.32958984375,5007.90283203125,374414,5226.970068359375,55.31915860251692,32.699150681804966,45.75647050295317,-57.4003551706078
2017-05-30,5186.2666015625,5199.98681640625,5103.94482421875,5199.98681640625,258537,5239.318310546875,50.0,29.5737911270901,47.14830209344402,-44.80686942060846
2017-05-31,5328.04248046875,5410.9130859375,5167.97265625,5204.56005859375,544715,5254.867919921875,81.14853337124678,28.720128981190108,51.903112141571,72.4130644106611
2017-06-01,5392.07080078125,5446.99755859375,5309.7490234375,5332.6162109375,263325,5268.588232421875,88.45305415639753,30.291148613036246,60.96655957103536,124.44727849800267
2017-06-02,5401.2177734375,5463.58984375,5382.923828125,5446.95166015625,255254,5278.192431640625,87.32981675854859,33.37645131571641,65.61264872173369,131.84541892727898
2017-06-05,5369.20361328125,5424.08447265625,5350.361328125,5387.4970703125,252607,5282.765869140625,80.8265008758374,36.662301733287144,63.13724472215396,95.96109678806758
2017-06-06,5058.21044921875,5369.20361328125,5045.77099609375,5369.20361328125,485774,5251.666552734375,17.65174403726326,34.85632676469261,45.81938963374311,-54.56303496617531
2017-06-07,4943.875,5145.10546875,4910.21435546875,5058.21044921875,514622,5216.451171875,6.08278560291817,28.04996654660814,38.888906334118715,-138.19433268237756
2017-06-08,4957.59521484375,5003.32958984375,4888.99365234375,4953.021484375,385420,5183.979833984375,11.939091056643889,18.621228844229307,37.24831890156891,-144.1876284571283
2017-06-09,4879.8466796875,4902.7138671875,4715.20361328125,4861.55322265625,1585211,5172.546240234375,21.99974554624371,6.76023173224546,34.40514668145124,-176.18324104442758
2017-06-12,5035.34326171875,5062.7841796875,4866.12646484375,4884.42041015625,317588,5155.1671875,42.77733012765097,-3.538036175360558,39.104475899517425,-95.74159283227624
2017-06-13,5799.10546875,5858.56005859375,5442.37841796875,5488.11279296875,1150120,5216.45107421875,94.79999521693343,-0.12351963060668636,61.316862845203524,204.75239033191113
2017-06-14,5968.32275390625,5993.2021484375,5678.45849609375,5817.3994140625,587005,5280.4791015625,98.05325328262538,14.40695442889144,64.42307277725433,228.85467174237624
2017-06-15,5908.8681640625,5962.55078125,5678.45849609375,5931.73486328125,461733,5332.158837890625,93.40108912059988,34.161584225941866,71.27658897823815,183.84026534843287
2017-06-16,5904.29443359375,6032.3505859375,5904.29443359375,5972.89599609375,897070,5382.46650390625,90.27776284635092,56.004210934644846,67.92451024803424,177.25546643093196
2017-06-19,6132.9658203125,6208.1533203125,5996.94287109375,6009.4833984375,406948,5458.842724609375,94.9638290127327,81.53120056642679,72.06821382278503,180.3606581004044
2017-06-20,6137.53955078125,6174.17236328125,6091.80517578125,6137.53955078125,33234,5566.775634765625,95.27018430703427,107.9164556227797,70.15944671052696,151.18794325559057
2017-06-21,6370.7841796875,6389.078125,6210.71435546875,6251.875,76108,5709.466552734375,98.90708979768647,136.9318145473533,72.47897731898827,153.35467867646784
2017-06-22,6398.224609375,6475.97314453125,6355.7744140625,6361.63720703125,53839,5853.5294921875,95.58440024225914,166.20033928790565,72.70831590991187,139.84237856269158
2017-06-23,6325.0498046875,6453.10595703125,6320.4765625,6384.50439453125,25635,5998.0498046875,91.42855795916647,192.5469735629561,71.37013305864139,115.72172210586045
2017-06-26,6476.82373046875,6590.30859375,6361.63720703125,6361.63720703125,265389,6142.1978515625,93.94781281777192,217.66370023815838,84.14745373852865,116.01011176545965
2017-06-27,6365.72607421875,6480.59228515625,6320.4765625,6443.958984375,19620,6198.859912109375,88.02293621581083,238.4242865202529,84.27882241787952,93.94027134240483
2017-06-28,6407.37158203125,6407.37158203125,6301.19482421875,6357.06396484375,182664,6242.764794921875,90.2439056146596,255.48723673528053,84.48769235057983,82.9176637867059
2017-06-29,6379.93115234375,6425.66552734375,6329.62353515625,6416.5185546875,558118,6289.87109375,87.79842118305072,268.31800913164864,86.55948233164962,76.68018099880715
2017-06-30,6325.0498046875,6337.85546875,6337.85546875,6337.85546875,88569,6331.946630859375,76.89242824530054,276.336373304716,83.0532675234367,65.45353368113632
2017-07-03,6224.4345703125,6416.5185546875,6224.4345703125,6306.75634765625,371069,6341.093505859375,59.875639167236514,278.68299354315565,66.51372703061776,54.745307727580354
2017-07-04,6288.46240234375,6302.1826171875,6187.84716796875,6219.861328125,198357,6356.185791015625,66.89738892586705,277.73801260363257,63.53524118124059,46.43944823561696
2017-07-05,6293.0361328125,6352.490234375,6242.72802734375,6293.0361328125,194121,6348.410986328125,56.666716490255574,274.2194073640454,67.03273294076897,47.50672153874248
2017-07-06,6196.994140625,6320.4765625,6083.11572265625,6274.7421875,309978,6328.287939453125,33.71466565943584,267.114859982729,62.003734991051,25.185326650500258
2017-07-07,6064.3642578125,6229.0078125,6033.51220703125,6187.84716796875,317067,6302.219384765625,5.5409933536142075,255.41030453559955,46.94604983666879,-8.804003044733387
2017-07-10,5972.89599609375,6114.67236328125,5944.31201171875,6082.658203125,336508,6251.826611328125,4.424788794566293,239.39467084486563,43.1968602942304,-67.45382609114411
2017-07-11,5972.89599609375,6014.056640625,5904.29443359375,5959.17578125,247867,6212.543603515625,10.000021352966675,220.97087393373454,29.633308323031784,-98.2248456058094
2017-07-12,6059.791015625,6073.51123046875,5904.29443359375,5977.46923828125,317856,6177.785546875,22.666672360791114,202.88621481435695,33.67051914174996,-84.83960852283288
2017-07-13,6123.8193359375,6142.11279296875,6004.91015625,6059.791015625,219388,6152.174365234375,32.00005409418224,186.5212641390843,40.204132082109204,-62.07729589625941
2017-07-14,6041.49755859375,6146.68603515625,6018.63037109375,6142.11279296875,192870,6123.819140625,23.80767594881797,170.35355558828985,27.271526771501797,-78.52434335770526
2017-07-17,5986.6162109375,6064.3642578125,5954.6025390625,6041.49755859375,180385,6100.0373046875,15.789478613331735,153.89314251719378,28.972234966316776,-103.92890086532444
2017-07-18,6164.97998046875,6247.3017578125,5963.7490234375,5995.76318359375,268479,6087.6890625,50.0,140.60708614525188,38.3260040354252,-45.84041201326396
2017-07-19,6078.0849609375,6210.71435546875,6032.3505859375,6206.140625,135989,6066.1939453125,33.9286105801999,128.30030080683258,36.25001278952709,-49.02876220278187
2017-07-20,6219.861328125,6224.4345703125,6000.33642578125,6119.24560546875,137664,6068.4806640625,61.60719137111727,119.22198240062531,45.55986370385515,-25.298260115443714
2017-07-21,6164.97998046875,6265.59521484375,6155.8330078125,6192.42041015625,169622,6078.542236328125,58.1633175546489,111.49577411112853,47.38955961051885,2.1678659105981177
2017-07-24,6004.91015625,6219.861328125,5954.6025390625,6219.861328125,213693,6081.74365234375,22.449055185449474,102.21412087373747,38.51854048657037,-62.64524740351944
2017-07-25,5995.76318359375,6068.93798828125,5945.45556640625,5986.6162109375,115712,6084.03037109375,21.978058077694257,92.06520321314777,38.007383708172156,-88.47758200075694
2017-07-26,6032.3505859375,6094.37548828125,5982.04296875,6014.056640625,138297,6081.286328125,35.44308758500643,82.27861946254549,43.023254851588725,-63.890741756617004
2017-07-27,6132.9658203125,6146.68603515625,6000.33642578125,6018.63037109375,244235,6082.2009765625,63.29114095120712,74.64989616247965,52.98805340111834,-20.217631839057603
2017-07-28,6082.658203125,6146.68603515625,5991.18994140625,6119.24560546875,112981,6086.317041015625,49.367114268106775,67.80081740560263,54.95867276372997,-29.34536920987792
2017-07-31,6023.20361328125,6100.95166015625,6004.91015625,6073.51123046875,181562,6089.97578125,32.91140951207118,60.69634973584416,52.15685798357748,-50.748218387400776
2017-08-01,6137.53955078125,6155.8330078125,6041.49755859375,6087.23193359375,138709,6087.23173828125,60.00006100853204,55.490061024777894,53.25671360088881,26.727341226654737
2017-08-02,6178.7001953125,6187.84716796875,6096.37841796875,6160.40673828125,102552,6097.29326171875,72.85715157264744,52.2766573386435,52.34373761882798,92.84243290097184
2017-08-03,6082.658203125,6238.15478515625,6023.20361328125,6178.7001953125,152954,6083.57294921875,42.85712106838141,48.82936433965722,51.7374426654432,52.654089405981374
2017-08-04,6119.24560546875,6201.5673828125,6009.4833984375,6068.93798828125,236872,6078.99951171875,54.28569685470513,45.88862548314146,55.686273853042195,46.27188432720528
2017-08-07,6146.68603515625,6174.126953125,6073.51123046875,6155.8330078125,130349,6093.177099609375,62.85709056411539,43.752749909152485,49.099087400978,68.73863799709653
2017-08-08,6174.126953125,6183.2734375,6114.67236328125,6169.55322265625,146908,6111.0134765625,71.42863679485576,42.571395626944096,55.0239224672988,99.65357416448505
2017-08-09,6169.55322265625,6186.017578125,6091.80517578125,6169.55322265625,88913,6124.733740234375,69.99996949573398,41.880245321538595,46.92735164319333,80.25880744973868
2017-08-10,6009.4833984375,6187.84716796875,5986.6162109375,6187.84716796875,129235,6112.385498046875,21.8749582949647,38.883302505118344,41.584157369230276,-55.24091396243594
2017-08-11,5899.72119140625,6007.65380859375,5863.1337890625,5991.18994140625,178395,6094.091796875,9.756094385340404,32.75842348932441,43.979051738449705,-214.48091838969438
2017-08-14,6009.4833984375,6032.3505859375,5899.72119140625,5936.30859375,131261,6092.719775390625,39.024377541361616,26.670619774419087,50.70422182223004,-136.30233316358638
2017-08-15,6100.95166015625,6112.3857421875,5972.89599609375,6018.63037109375,91436,6089.060986328125,63.41454840419091,22.323721826907644,53.33331751631724,-29.90845264262802
2017-08-16,5899.72119140625,6123.8193359375,5844.83984375,6123.8193359375,222386,6061.1630859375,13.953537452716233,16.034466581958327,39.67611773528795,-139.64202621669702
2017-08-17,5986.6162109375,6000.33642578125,5844.83984375,5895.1474609375,115505,6051.55888671875,36.04652461983665,10.207286058320186,45.88235097089046,-135.52977655663247
2017-08-18,5963.7490234375,6023.20361328125,5940.8818359375,5977.46923828125,146270,6036.009228515625,30.232561026630368,4.587098359402006,47.36841877765026,-91.06943857462267
2017-08-21,6027.77734375,6036.923828125,5868.62158203125,5995.76318359375,138759,6024.118359375,46.51170874565027,0.40234880909063087,44.91525538744111,-78.78856453676941
2017-08-22,5913.44140625,6055.2177734375,5886.0009765625,6032.3505859375,110854,5998.0498046875,17.44189077961885,-4.488404572069904,38.49206550953935,-99.10737704742317
2017-08-23,5913.44140625,5950.02880859375,5872.28076171875,5908.8681640625,91767,5972.438623046875,19.230800817982473,-9.555056121081776,41.991344192224744,-120.25238125219718
2017-08-24,5835.693359375,5940.8818359375,5821.97265625,5899.72119140625,109459,5955.059619140625,3.750111769345439,-15.685001761343234,37.08334464002675,-137.5156355052981
2017-08-25,5780.81201171875,5890.57421875,5768.95751953125,5831.11962890625,311104,5943.168701171875,2.8299797408979748,-22.99990821573587,33.73984974806109,-153.3501620549159
2017-08-29,5821.97265625,5863.1337890625,5776.23876953125,5863.1337890625,119714,5924.417626953125,12.656110485542369,-29.96495018124085,34.538132635402704,-128.8288948500737
2017-08-30,5826.54638671875,5881.42724609375,5776.23876953125,5881.42724609375,135454,5896.977099609375,13.747980500905715,-36.20431747298344,34.93976575189046,-112.69669995519257
2017-08-31,5931.73486328125,5936.30859375,5840.2666015625,5844.83984375,571129,5900.178466796875,45.87062800908694,-39.901030322776826,46.41348823401421,-57.809819851918625
2017-09-01,5968.32275390625,5972.89599609375,5908.8681640625,5927.16162109375,119995,5898.34912109375,56.18108941503144,-41.13558788646415,53.393672372063364,-18.715870278114878
2017-09-04,5950.02880859375,5954.6025390625,5881.42724609375,5945.45556640625,67885,5896.977099609375,51.02585871205919,-40.96030955649233,46.76616862570334,-30.757576207294964
2017-09-05,5945.45556640625,6050.64404296875,5945.45556640625,5945.45556640625,126100,5888.744921875,49.737119835103066,-39.89016835834753,40.6593722465539,22.722520593617585
2017-09-06,5890.57421875,5936.30859375,5844.83984375,5927.16162109375,138598,5886.458203125,42.48466126861585,-39.09992510674447,49.33332574117821,-58.286735906003884
2017-09-07,5748.7978515625,5794.5322265625,5419.51123046875,5657.32958984375,607017,5869.99384765625,51.79852633826628,-40.69938481876893,33.95063518383293,-265.69549188173676
2017-09-08,5757.94482421875,5757.94482421875,5639.03564453125,5735.07763671875,173786,5862.218994140625,53.237393494412515,-43.474120993946556,35.84908447635297,-169.57250616534208
2017-09-11,5789.958984375,5913.44140625,5757.39599609375,5776.23876953125,160524,5863.13369140625,58.273390136313324,-46.23018788878304,32.89475532629248,-66.8649866880992
2017-09-12,5753.37158203125,5826.54638671875,5739.6513671875,5799.10546875,189558,5856.273583984375,52.898588846939404,-49.308438345653606,37.037066327761266,-94.70709929804734
2017-09-13,5789.958984375,5808.25244140625,5693.9169921875,5748.7978515625,159923,5852.61484375,58.6956891749706,-51.731145701212434,40.55946196563521,-91.24723580966551
2017-09-14,5744.224609375,5821.97265625,5648.1826171875,5762.51806640625,194635,5833.863818359375,51.4492944234697,-54.22772851491409,42.64705651460555,-100.18370400465818
2017-09-15,5762.51806640625,5767.091796875,5698.490234375,5739.6513671875,409607,5813.283349609375,54.34780590456149,-56.22428265292452,48.437481754077496,-86.37964674466141
2017-09-18,5831.11962890625,5840.2666015625,5753.37158203125,5780.81201171875,146284,5801.392431640625,65.21739803181283,-56.58012146069629,50.74627698098235,-28.837385403928728
2017-09-19,5840.2666015625,5922.58837890625,5821.97265625,5826.54638671875,214505,5790.87353515625,66.66669245528254,-55.61404587884097,51.111104081337295,23.56045666053332
2017-09-20,5890.57421875,5972.89599609375,5824.259765625,5840.2666015625,222975,5790.87353515625,74.63769573559448,-52.9406789352625,46.34148881966066,60.59550279597835
2017-09-21,5209.1337890625,5762.51806640625,5044.490234375,5748.7978515625,973212,5736.90712890625,16.363656657784155,-60.088678701896285,18.560616324095875,-343.6185963930112
2017-09-22,5149.67919921875,5266.30126953125,5094.7978515625,5158.82568359375,359454,5676.08056640625,10.454561116333423,-73.82941989503746,17.948730984715823,-316.4144731921611
2017-09-25,5053.63720703125,5190.8583984375,5034.79443359375,5158.82568359375,266841,5602.448388671875,2.0086069771896367,-92.34607304319812,16.723559312769865,-252.02791661268392
2017-09-26,5090.224609375,5106.048828125,5014.580078125,5035.34326171875,228943,5536.13369140625,7.8934858361046984,-112.09129570879061,19.723194640036297,-193.64928192709283
2017-09-27,5117.6650390625,5126.81201171875,5035.34326171875,5099.37158203125,199805,5468.904296875,10.756887056201599,-130.87820998113807,23.86364187834954,-148.76449167797315
2017-09-28,5145.10546875,5181.69287109375,5117.6650390625,5154.25244140625,221824,5408.9923828125,13.6202882762985,-147.34354008436875,24.99999004059056,-112.09104751230582
2017-09-29,5167.97265625,5219.130859375,5090.224609375,5140.5322265625,214836,5349.537841796875,16.00647294371688,-160.78994804180863,24.436072722135165,-93.94241039884763
2017-10-02,5181.69287109375,5222.85400390625,5149.67919921875,5172.54638671875,673228,5284.595166015625,17.438173553765328,-171.05390032959238,26.053618061509667,-77.41987280358248
2017-10-03,5167.97265625,5198.04736328125,5135.958984375,5177.11962890625,189637,5217.365771484375,16.00647294371688,-178.61412929384826,23.43747914748235,-72.1494145102412
2017-10-04,5158.82568359375,5209.1337890625,5145.10546875,5177.11962890625,198964,5144.19091796875,15.05198888634695,-183.82223403964673,24.193526861917263,-64.20234010200906
2017-10-05,5195.4130859375,5199.98681640625,5113.091796875,5181.69287109375,156147,5142.81884765625,18.86987416381378,-186.28035674629996,25.39682001688749,-58.68492946777966
2017-10-06,5209.1337890625,5236.57421875,5190.83984375,5199.98681640625,185216,5148.764306640625,20.301625725875112,-186.24250871417425,21.6666792708495,-45.204552919437425
2017-10-09,5140.5322265625,5241.1474609375,5140.5322265625,5213.70703125,161449,5157.45380859375,13.143071723619977,-185.31223214725767,19.76284701737862,-49.299756869555885
2017-10-10,5209.1337890625,5364.63037109375,5199.98681640625,5213.70703125,445752,5169.3447265625,26.012010886702175,-182.35450337367294,21.01169012446202,-25.98989965222796
2017-10-11,4980.46240234375,5252.5810546875,4975.888671875,5218.2802734375,358465,5155.624462890625,1.1765474292934812,-181.51375148582335,34.17722545407122,-70.48288473749663
2017-10-12,5081.07763671875,5085.65087890625,4911.86083984375,4966.7421875,260964,5149.2216796875,37.37371558722791,-180.02498944386969,45.50897399669861,-80.38236349918108
2017-10-13,5227.42724609375,5241.1474609375,5058.21044921875,5081.07763671875,284946,5155.167138671875,69.696917409347,-175.46287464867936,60.674141802861776,-31.174279585112185
2017-10-16,4994.1826171875,5213.70703125,4985.03564453125,5209.1337890625,283256,5136.41611328125,18.18182798574744,-172.53496192948765,45.248868341087075,-73.76663546350888
2017-10-17,4971.3154296875,5062.7841796875,4957.59521484375,5003.32958984375,623163,5116.750390625,13.131314220638604,-170.75641197727376,42.72727802139566,-125.66450760327423
2017-10-18,4980.46240234375,5021.623046875,4934.8193359375,4966.7421875,169826,5098.9140625,15.151541295326506,-169.25637185810575,41.66668726172547,-150.56905111228332
2017-10-19,4879.8466796875,4934.72802734375,4810.87939453125,4898.140625,254857,5067.357421875,12.45456677735825,-169.22902647070774,36.48069436502002,-211.91016060778773
2017-10-20,4847.8330078125,4925.5810546875,4798.53125,4898.140625,226613,5031.22734375,8.709032742754477,-170.25122335522113,34.599179307632596,-188.8378297054534
2017-10-23,4797.525390625,4870.7001953125,4779.2314453125,4824.9658203125,175094,4996.92666015625,3.125039098437981,-172.29225942694615,33.46941123357348,-179.17017564010743
2017-10-24,4797.525390625,4822.49609375,4724.35009765625,4792.95166015625,310664,4955.7658203125,11.428634615883242,-174.47220076911358,33.744883088147745,-165.91963147666726
2017-10-25,4765.51123046875,4806.671875,4708.06884765625,4792.95166015625,215291,4934.270703125,8.748971842235605,-176.7380389063271,30.578537190100874,-146.90042696018799
2017-10-26,4783.8046875,4788.37841796875,4697.916015625,4756.3642578125,180247,4904.543408203125,12.882379263397418,-178.24425334748736,30.86418017337205,-127.29694924507814
2017-10-27,4802.0986328125,4806.671875,4730.93603515625,4788.37841796875,333937,4862.010546875,15.62627478063703,-178.4972682009637,34.05172572480441,-102.48811608846212
2017-10-30,4843.25927734375,4884.42041015625,4783.8046875,4802.0986328125,202790,4846.918212890625,26.203789942198362,-176.88801295036544,32.30086342551803,-69.60997867380296
2017-10-31,4792.95166015625,4826.0634765625,4728.923828125,4806.671875,151507,4829.0818359375,17.494503558530134,-174.59534778410995,39.03741453098809,-83.75979808876949
2017-11-01,4756.3642578125,4852.40625,4733.4970703125,4811.24560546875,160994,4806.672021484375,10.759362826258519,-172.18031234011147,29.47975879776571,-76.10887662284037
2017-11-02,4783.8046875,4820.39208984375,4724.35009765625,4779.2314453125,106365,4797.067822265625,16.651835583240246,-168.98494793583964,17.006777029132294,-71.21785510332491
2017-11-03,4792.95166015625,4838.3203125,4751.791015625,4797.525390625,151336,4791.5796875,26.04657075945132,-164.93690925394597,27.55099928641853,-58.13238346961871
2017-11-06,4756.3642578125,4806.671875,4756.3642578125,4797.525390625,138427,4787.46357421875,18.055907516682957,-160.77444178684402,26.73265652153691,-63.99360955632162
2017-11-07,4719.77685546875,4778.77392578125,4710.53857421875,4756.3642578125,149730,4779.688720703125,9.231305323191565,-156.97574915833002,23.36445147784579,-82.28077410705266
2017-11-08,4660.322265625,4756.3642578125,4619.16162109375,4733.4970703125,184039,4769.16982421875,13.432778740078433,-154.19498106728716,25.510184071536898,-113.48653798490295
2017-11-09,4605.44140625,4719.77685546875,4600.86767578125,4692.33642578125,579477,4751.33349609375,1.6130087684858003,-152.72215132030425,24.271821513864936,-131.999119345467
2017-11-10,4628.30859375,4637.455078125,4477.08349609375,4619.16162109375,485966,4733.9544921875,37.125311366464246,-151.4334028610176,30.92782030030665,-182.58992513827087
2017-11-13,4515.80224609375,4651.17529296875,4471.89697265625,4628.30859375,198115,4701.2087890625,10.643097930041854,-151.77741702147523,24.671035013797777,-207.8236653679459
2017-11-14,4442.62744140625,4511.13720703125,4415.1865234375,4491.10546875,203165,4666.1763671875,5.848025631873764,-153.94831120593335,22.97089388251605,-228.21172530698456
2017-11-15,4309.99755859375,4455.4326171875,4295.36279296875,4455.4326171875,352473,4621.539697265625,2.484437039431693,-158.91560951310186,16.709516683374403,-231.15702623404331
2017-11-16,4386.83154296875,4416.10107421875,4325.54736328125,4328.29150390625,205655,4581.8423828125,15.527980172249439,-163.78720359814474,23.04040007633303,-173.42651984803564
2017-11-17,4362.134765625,4425.248046875,4335.60888671875,4391.40478515625,173145,4538.760693359375,11.986851620537768,-168.36415360972333,18.082562560694896,-145.12143388304443
2017-11-20,4422.50390625,4444.45654296875,4380.4287109375,4393.234375,123508,4505.374658203125,22.82427190848728,-171.1696047986153,25.748519838101203,-107.45846237581685
2017-11-21,4298.10693359375,4436.224609375,4284.38671875,4423.4189453125,226321,4463.207666015625,2.4768699711579822,-174.31219934981337,23.09347192493668,-121.80895392198559
2017-11-22,4363.96435546875,4427.9921875,4249.62841796875,4298.10693359375,190697,4433.571875,19.42203359043032,-176.0533593653575,26.41319274328893,-103.63659837958103
2017-11-23,4403.2958984375,4414.27197265625,4331.03564453125,4379.513671875,125992,4413.35732421875,27.586264326255122,-175.79607986452797,28.82706815592536,-80.14056153263466
2017-11-24,4274.3251953125,4419.76025390625,4267.92236328125,4408.78369140625,145021,4377.958984375,4.667294152386753,-175.9566816252979,26.196956384619327,-93.80322501568615
2017-11-27,4262.43408203125,4332.865234375,4187.43017578125,4285.30126953125,154101,4352.62216796875,13.183233105356525,-176.15945915310053,26.8518738199037,-105.86397877766073
2017-11-28,4375.85498046875,4421.58935546875,4244.140625,4244.140625,385848,4345.944921875,35.3951310071305,-174.16697446911718,36.34768002257151,-66.21053006616155
2017-11-29,4525.86376953125,4567.93896484375,4379.513671875,4392.3193359375,227283,4367.53154296875,72.97836272703343,-168.11272691694907,46.500406916943845,-3.7358134323382144
2017-11-30,4267.0078125,4532.2666015625,4239.56689453125,4527.69287109375,673815,4355.549169921875,17.159778889181364,-163.57675144968314,36.842118365880815,-62.04367036426726
2017-12-01,4195.662109375,4306.3388671875,4144.43994140625,4260.60498046875,298842,4338.901904296875,12.094990810836986,-160.99563736024177,37.980775752678376,-118.8850849201409
2017-12-04,4264.263671875,4271.5810546875,4192.91796875,4213.9560546875,186310,4323.077880859375,28.293744220742834,-158.31365928925882,43.28050161011608,-102.23432302484743
2017-12-05,4299.9365234375,4308.16845703125,4217.61474609375,4280.72802734375,211845,4323.26083984375,36.71710521764596,-154.77908698575612,49.59109907725916,-81.86293248366533
2017-12-06,4333.77978515625,4399.63720703125,4269.75146484375,4278.8984375,154076,4320.2423828125,44.70844872631513,-150.00269093301253,47.76579530284423,-38.24146032003776
2017-12-07,4334.6943359375,4366.70849609375,4288.04541015625,4354.8173828125,619609,4313.3822265625,44.92439982198159,-144.34185278743723,48.82076105166678,-35.8384118197622
2017-12-08,4446.2861328125,4527.69287109375,4315.48583984375,4330.12109375,324378,4330.5783203125,71.27435358792427,-136.31404773794648,50.978931644820626,78.5813863358432
2017-12-11,4318.22998046875,4447.20068359375,4301.765625,4447.20068359375,260700,4336.15791015625,41.03670361548022,-128.95587832658651,50.82582359933408,8.148446429943455
2017-12-12,4252.37255859375,4346.5849609375,4230.42041015625,4331.03564453125,391397,4323.80966796875,25.485918789474777,-123.15995113003132,45.420418193928676,-90.93375235757121
2017-12-13,4261.51953125,4341.09716796875,4249.62841796875,4261.51953125,284137,4297.375244140625,27.645775636842433,-118.22039812121008,44.03387375954841,-71.56851629044128
2017-12-14,3723.684326171875,4229.50537109375,3639.533447265625,4207.55322265625,1226298,4243.042895507812,9.064021843145577,-122.38794176938134,32.76060405244374,-391.1723132242209
2017-12-15,3698.98779296875,3802.347412109375,3663.315185546875,3711.79345703125,678539,4193.375463867187,6.403919901103123,-132.16023953132483,32.50001213235919,-338.9169537977526
2017-12-18,3711.79345703125,3816.067626953125,3666.973876953125,3728.2578125,320237,4138.128442382813,7.783237862924953,-144.4276817828267,28.000024588243974,-236.22234444552478
2017-12-19,3681.60888671875,3731.91650390625,3634.9599609375,3689.841064453125,389280,4076.2956787109374,5.198771932497643,-157.7683499562629,19.618184169575343,-190.9216835663409
2017-12-20,3712.708251953125,3763.9306640625,3647.765625,3655.997802734375,296909,4014.188525390625,8.709020372287737,-170.22659728399202,26.141747011690526,-143.53372047604725
2017-12-21,3593.799072265625,3726.428466796875,3574.5908203125,3699.902587890625,477038,3940.0989990234375,2.0153405333017753,-182.98782407478961,25.113482988403874,-135.42410530530458
2017-12-22,3658.74169921875,3661.48583984375,3572.76123046875,3574.5908203125,117848,3861.3445556640627,9.003834944009817,-193.81679997876964,24.88619789799752,-114.18177496553116
2017-12-27,3677.035400390625,3730.087158203125,3622.154296875,3677.035400390625,183646,3797.22509765625,10.919542874674029,-202.1333926397907,23.78752820400706,-89.92600727435008
2017-12-28,3710.87890625,3723.684326171875,3655.0830078125,3677.035400390625,158619,3743.075732421875,14.463619164493531,-207.43864636822462,23.78754386375863,-75.88237086941392
2017-12-29,3666.973876953125,3738.3193359375,3666.973876953125,3700.8173828125,134635,3683.6211669921877,9.865904791123382,-210.80602549037818,22.882636311952155,-69.46612969777775
2018-01-02,3750.210205078125,3756.613037109375,3683.438232421875,3689.841064453125,226553,3686.2737548828127,20.292882940633845,-210.97380219907984,21.064647689466355,-55.16537912288737
2018-01-03,3646.850830078125,3752.954345703125,3617.580810546875,3750.210205078125,272137,3681.06005859375,9.574480168047396,-210.29552146003562,21.506224872092602,-62.498708054220074
2018-01-04,3792.285888671875,3800.51806640625,3544.406005859375,3683.438232421875,474262,3689.1093017578123,31.113672976639524,-206.32286744977,31.709104377337056,-49.26220589576085
2018-01-05,3872.7783203125,3902.962890625,3792.285888671875,3796.859375,500812,3708.2262451171873,47.930611399820464,-198.7391558981166,35.37509676248433,-11.460059046512818
2018-01-08,3734.66064453125,3920.341796875,3718.1962890625,3878.266357421875,272762,3710.421484375,50.60828024857241,-191.0402742413395,50.590555783674176,-23.85167607722232
2018-01-09,3739.234130859375,3757.52783203125,3678.864990234375,3757.52783203125,268239,3724.964990234375,51.82484074571723,-183.16440756042257,52.21328786342918,-39.280923859315365
2018-01-10,3690.755859375,3776.736083984375,3657.8271484375,3737.40478515625,216708,3728.16640625,38.92948131388274,-175.94644981364328,48.886747162284024,-41.20887090049364
2018-01-11,3664.22998046875,3699.902587890625,3638.61865234375,3699.902587890625,215417,3726.8858642578125,31.873521349393084,-169.5414212693571,49.07678037271179,-58.17231071945654
2018-01-12,3847.1669921875,3847.1669921875,3659.656494140625,3688.01171875,413923,3740.5146728515624,80.53529181411231,-160.676610808042,56.15062413853872,28.88750200626889
2018-01-15,3850.82568359375,3895.645263671875,3786.797607421875,3852.655029296875,251331,3758.899853515625,81.50851423498523,-150.31017792570245,63.143120024269265,152.0639541015416
2018-01-16,3613.007568359375,3854.484619140625,3558.12646484375,3851.740478515625,835438,3745.17958984375,18.24821263085023,-142.9976445743646,48.01272521234679,-61.84966956799311
2018-01-17,3553.552978515625,3597.4580078125,3497.757080078125,3591.9697265625,442239,3735.8498046875,13.203482336139377,-138.60521406619065,44.81965308399147,-207.79809203944646
2018-01-18,3466.65771484375,3658.74169921875,3456.59619140625,3557.211669921875,445769,3703.2869873046875,2.169621300740931,-137.34375977498536,40.19103136304785,-197.07410983098939
2018-01-19,3322.137451171875,3505.07470703125,3308.417236328125,3477.634033203125,562791,3648.222900390625,2.2421415527901494,-140.10357042803585,37.18558899748838,-275.6159067275345
2018-01-22,3354.151611328125,3418.179443359375,3279.147216796875,3293.7822265625,756594,3610.1719970703125,11.69760270308449,-144.40906660388603,34.69965888075765,-227.55349055603958
2018-01-23,3320.30810546875,3373.35986328125,3293.7822265625,3354.151611328125,356492,3568.27939453125,6.419406830740809,-149.66848319258435,36.66916169902733,-188.69515889289144
2018-01-24,3243.474609375,3340.43115234375,3242.559814453125,3320.30810546875,385699,3523.55126953125,0.13496890528222982,-156.13480011508742,26.265831271487315,-172.02783235688304
2018-01-25,3342.260498046875,3384.336181640625,3237.986572265625,3240.73046875,487160,3491.3543212890627,15.281472467796117,-161.0866698165319,27.414322576541295,-124.4734596599288
2018-01-26,3307.502685546875,3356.8955078125,3280.976806640625,3356.8955078125,260127,3437.387890625,10.570241705862045,-165.0171196405042,30.05978057586016,-108.90458405781398
2018-01-29,3287.37939453125,3340.43115234375,3258.109619140625,3334.943115234375,241658,3381.04326171875,7.510403635054217,-168.04627055897842,29.208747078963526,-101.68741886435245
2018-01-30,3181.27587890625,3297.44091796875,3126.394775390625,3280.06201171875,1561096,3337.8700927734376,7.13436056937017,-171.66151986760448,27.737801412265924,-118.93969898926116
2018-01-31,1669.3009033203125,2286.713623046875,1656.9527587890625,2286.713623046875,7787930,3149.4448852539062,0.5515784103586115,-199.18603329572304,12.069561847739308,-379.07744763272416
2018-02-01,1450.6910400390625,1709.547119140625,1386.6630859375,1629.5120849609375,3539995,2947.8482177734377,2.5519493390495147,-243.28733722797094,5.044611372901457,-333.2072703713257
2018-02-02,1484.534423828125,1600.699462890625,1414.56103515625,1466.6981201171875,3892352,2764.0879150390624,3.965900150145471,-294.3723366005435,6.107908025006225,-238.62709893920209
2018-02-05,1592.46728515625,1608.931640625,1453.43505859375,1491.3946533203125,1878640,2587.919482421875,9.057970002258653,-344.7636810320852,10.623886319998775,-173.06132984920964
2018-02-06,1806.04638671875,1859.5555419921875,1534.384765625,1544.9036865234375,2000947,2436.493310546875,18.458133373105102,-387.8853424489748,17.874560203196097,-123.80323529975497
2018-02-07,1813.8211669921875,1865.958251953125,1706.802978515625,1807.8758544921875,2603931,2293.527966308594,20.16407372397924,-423.1818874077887,18.704538786365333,-99.29106787015199
2018-02-08,1723.2674560546875,1833.029541015625,1723.2674560546875,1813.8211669921875,1250764,2131.628662109375,16.56911936187214,-452.203712205078,19.094768668688474,-88.25426262399807
2018-02-09,1785.4659423828125,1826.6268310546875,1684.3931884765625,1723.2674560546875,1758652,1979.4249877929688,19.963369247106222,-473.7482877003528,20.02795533956082,-77.01500346516914
2018-02-12,1748.421142578125,1829.370849609375,1676.618408203125,1799.1861572265625,865635,1825.5291625976563,18.108971754124582,-488.98812591126796,20.003484906580738,-69.47456790175582
2018-02-13,1677.9903564453125,1765.8001708984375,1656.9527587890625,1765.8001708984375,669492,1675.2006103515625,14.583330532630187,-499.4865586406296,20.052486652173855,-66.19769625153836
2018-02-14,1733.328857421875,1757.1107177734375,1662.8980712890625,1683.9359130859375,766953,1681.6034057617187,17.595171393762037,-504.44150071317284,18.7010659102953,-58.85728209923993
2018-02-15,1655.58056640625,1765.8001708984375,1655.58056640625,1736.5302734375,950974,1702.0923583984375,13.764043188780095,-505.7528483426452,18.393416118128187,-55.88825918964405
2018-02-16,1742.4757080078125,1755.28125,1657.8673095703125,1661.9833984375,799863,1727.8864868164062,18.621349698832667,-502.17264427553425,21.177473290454003,-49.392618194053725
2018-02-19,1698.113525390625,1758.482666015625,1687.5946044921875,1753.4520263671875,576366,1738.4511108398438,34.60366130699584,-495.27741026204814,21.676855328400762,-46.059713381805686
2018-02-20,1650.092529296875,1703.144287109375,1646.89111328125,1699.0281982421875,715485,1722.8557250976562,54.96184022661043,-486.30314880571575,49.16798809681804,-47.83597285678099
2018-02-21,1566.3988037109375,1657.8673095703125,1544.9036865234375,1646.433837890625,982851,1698.1134887695312,33.63728505730093,-476.72314010609864,55.67519436450119,-54.81131454964865
2018-02-22,1644.6043701171875,1655.123291015625,1553.1358642578125,1557.251953125,635357,1690.2471801757813,46.341469910250076,-464.93138805203824,57.52364714486021,-50.491579294885085
2018-02-23,1661.9833984375,1706.345703125,1587.8939208984375,1640.48828125,705573,1677.89892578125,38.482761159687065,-451.03455631359554,53.57143036326647,-44.13880265558381
2018-02-26,1611.2183837890625,1674.7889404296875,1593.83935546875,1654.6658935546875,690427,1664.1786499023438,20.655273092557294,-436.3287234651916,37.979679425180755,-54.09300302619936
2018-02-27,1626.7679443359375,1661.9833984375,1599.3275146484375,1620.365234375,888180,1659.0564086914062,28.412673328737924,-420.64416287429344,38.569025231783954,-43.2558810473282
2018-02-28,1611.2183837890625,1649.1778564453125,1592.9246826171875,1626.3106689453125,834218,1646.845361328125,23.311898830864827,-404.4577163013065,42.46152850523903,-46.28413495333452
2018-03-01,1531.183349609375,1592.46728515625,1475.8448486328125,1574.173583984375,964751,1634.4056396484375,15.653304374698948,-389.1602888714781,33.293264430218755,-130.45586890570698
2018-03-02,1544.9036865234375,1578.2896728515625,1504.657470703125,1522.951171875,859801,1614.6484375,23.817061660058418,-374.1161228615579,36.20582980470404,-127.29090941026023
2018-03-05,1421.8785400390625,1571.8868408203125,1386.6630859375,1548.1051025390625,976128,1587.0249389648438,9.28831694351154,-361.1294442846451,33.79630030089403,-191.87033228100555
2018-03-06,1390.32177734375,1422.3358154296875,1365.16796875,1414.103759765625,1052609,1561.0478637695312,6.2785288997888165,-349.79352478677174,27.625294224441888,-208.18259313715595
2018-03-07,1455.721923828125,1465.3260498046875,1380.7176513671875,1393.06591796875,997298,1549.98017578125,23.02328280831301,-338.24584539148424,36.749554553012075,-153.4617097097492
2018-03-08,1549.47705078125,1574.6309814453125,1403.12744140625,1461.2099609375,779454,1540.4674438476563,46.86046143523004,-324.9040484354888,37.31970798142716,-83.84300912280219
2018-03-09,1536.2142333984375,1564.5694580078125,1512.432373046875,1561.825439453125,610273,1527.89052734375,50.13406427643216,-310.60821085051873,38.90977415316845,-53.37863928056996
2018-03-12,1561.825439453125,1571.8868408203125,1533.927490234375,1545.818359375,647201,1522.9512329101562,57.64076927920863,-295.3472597345013,43.76212276441645,-32.795776203471156
2018-03-13,1463.039306640625,1564.112060546875,1439.71484375,1564.112060546875,723663,1506.578369140625,28.686320363172147,-281.18431733548294,42.848097769577464,-78.96926039446059
2018-03-14,1512.432373046875,1527.0672607421875,1448.4044189453125,1463.039306640625,540411,1496.6997680664062,43.163544821190385,-267.02311690836876,40.47462496386481,-65.85380466731858
2018-03-15,1493.6812744140625,1549.9344482421875,1480.875732421875,1515.1763916015625,489632,1492.949560546875,41.50665407671852,-253.29592497269294,37.89473795115824,-50.00337206726073
2018-03-16,1512.432373046875,1544.9036865234375,1418.6771240234375,1495.0533447265625,1621139,1489.7024291992188,49.61480757652029,-239.68388775898575,42.55172709586248,-59.05570088528818
2018-03-19,1451.6058349609375,1522.951171875,1419.1343994140625,1518.3778076171875,759838,1492.6751586914063,30.43480877104834,-227.28175660408016,37.63719950856479,-80.37836908155276
2018-03-20,1398.553955078125,1454.349853515625,1376.6015625,1451.1484375,902015,1493.4983764648437,14.688115589601919,-216.6165019968871,35.74494540578392,-126.19571891281534
2018-03-21,1393.06591796875,1434.68408203125,1385.7484130859375,1401.298095703125,555267,1487.2327758789063,13.090149281771563,-207.1928238326687,39.7139059698833,-117.93059553204701
2018-03-22,1368.82666015625,1431.482666015625,1359.679931640625,1390.32177734375,717745,1469.1677368164062,4.25526115082297,-198.9558353560853,37.08920213006866,-125.11286506776632
2018-03-23,1377.9736328125,1395.81005859375,1323.092529296875,1357.8504638671875,866225,1453.3436767578125,21.81817652405631,-191.29504233274687,46.13526845168111,-134.79606832510473
2018-03-26,1323.5498046875,1392.1512451171875,1315.7750244140625,1382.0897216796875,393521,1429.51611328125,3.0035160722605667,-184.8292891811382,44.349854603239145,-139.1301446972484
2018-03-27,1361.0518798828125,1367.4547119140625,1303.4267578125,1327.6658935546875,435165,1419.3173706054688,21.24787044184534,-178.43192228973314,41.59219619571263,-125.77054318540497
2018-03-28,1381.175048828125,1400.3834228515625,1345.5023193359375,1400.3834228515625,545493,1406.1916381835938,28.96083847719083,-171.685043273317,32.803766899636656,-83.18421459279088
2018-03-29,1317.6043701171875,1384.833740234375,1257.6925048828125,1383.461669921875,1342476,1388.5839477539062,19.068410337700282,-165.69570748357384,29.745782341115103,-126.76682778789915
2018-04-03,1220.1903076171875,1329.4952392578125,1211.04345703125,1307.5428466796875,860633,1359.3597412109375,2.590672321146422,-161.67168643004854,22.06434431424924,-171.40925942335002
2018-04-04,1202.811279296875,1231.6239013671875,1167.1385498046875,1221.5623779296875,886409,1334.4802856445312,9.318994701300822,-158.99922218222838,25.45300164108167,-187.67811466536185
2018-04-05,1250.832275390625,1297.4813232421875,1208.2994384765625,1214.7021484375,906104,1319.7081176757813,21.863798940260164,-156.1854442123121,25.25953482529974,-125.23722102513315
2018-04-06,1262.265869140625,1295.65185546875,1243.97216796875,1246.2589111328125,591381,1306.6281127929688,25.181603618112796,-152.89220189885006,27.807040525881902,-99.78313978789227
2018-04-09,1208.2994384765625,1272.327392578125,1180.4014892578125,1268.668701171875,680405,1290.575390625,11.568136181448098,-149.98360845486758,22.678738307252218,-121.42194571698035
2018-04-10,1326.2939453125,1355.1064453125,1199.60986328125,1214.7021484375,992254,1285.407421875,55.414043058693025,-145.2442023203142,39.791367211250396,-60.80897427386506
2018-04-11,1280.5595703125,1326.2939453125,1264.0953369140625,1320.348388671875,770544,1281.1083984375,42.393165590881736,-140.00435008631337,40.27150532656244,-56.9222572920126
2018-04-12,1291.0784912109375,1305.71337890625,1267.2967529296875,1278.730224609375,430887,1274.1110595703126,46.885833202109254,-134.23858817176227,41.66044304966216,-53.10274865908689
2018-04-13,1341.38623046875,1373.8575439453125,1293.822509765625,1293.822509765625,629010,1270.132177734375,74.70589959293301,-127.3368595310731,47.84793223732255,-4.376300843138579
2018-04-16,1324.007080078125,1388.03515625,1306.6280517578125,1345.044921875,553947,1270.7724487304688,67.25486748080066,-120.07197670748063,45.82152519330316,7.842101036296588
2018-04-17,1328.1231689453125,1336.812744140625,1295.65185546875,1327.6658935546875,503086,1281.5657348632812,69.01957459458158,-112.62097492289993,50.38401890933095,-4.564165880463627
2018-04-18,1362.4239501953125,1367.4547119140625,1324.4644775390625,1328.58056640625,525634,1297.527001953125,83.72548465465249,-104.63997629068551,50.11583353772525,46.24742049626878
2018-04-19,1382.5469970703125,1415.4757080078125,1349.1610107421875,1367.4547119140625,669005,1310.6984741210938,86.74032062871305,-96.18561590582375,50.11582325612263,93.31683111422778
2018-04-20,1461.6673583984375,1466.24072265625,1381.175048828125,1393.523193359375,934463,1330.638623046875,98.47096922960765,-86.39620745639469,61.85100655289675,163.39352604852377
2018-04-23,1653.7513427734375,1671.1302490234375,1566.8560791015625,1612.133056640625,2449628,1375.1838134765626,96.55174752343352,-73.02169149357411,80.85935898050778,333.4179872069445
2018-04-24,1621.7373046875,1664.7275390625,1518.835205078125,1656.9527587890625,1696049,1404.7281494140625,89.9347769306352,-58.44554789786507,79.20916461007204,237.90745688284542
2018-04-25,1686.679931640625,1763.970947265625,1599.7847900390625,1618.535888671875,1903653,1445.340185546875,86.75547279515693,-42.711022004918995,79.68845310831801,226.4944794442421
2018-04-26,1688.966552734375,1744.762451171875,1662.4407958984375,1693.0826416015625,1045690,1485.1289916992187,87.14730637424039,-26.941445614278095,79.43215283596888,183.16117816537553
2018-04-27,1709.547119140625,1715.03515625,1673.874267578125,1692.6253662109375,980166,1521.9450805664062,90.35655900637776,-11.58681158183807,86.24335831630859,146.79149170620747
2018-04-30,1752.0799560546875,1752.0799560546875,1687.5946044921875,1719.608642578125,1098057,1564.7523681640625,97.62120996409996,3.407824590155027,84.55824495220455,133.30253312930805
2018-05-01,1747.5064697265625,1769.458984375,1711.3763427734375,1754.823974609375,738458,1606.6906982421874,95.62840188413728,17.31004304712637,90.61253628101471,118.06431424703973
2018-05-02,1805.1317138671875,1829.370849609375,1720.0660400390625,1743.390380859375,1022996,1650.961474609375,95.47395931630383,30.67870200505712,91.32349841442549,115.47316871533823
2018-05-03,1820.2239990234375,1831.2001953125,1790.4967041015625,1813.3638916015625,854539,1694.7291748046875,97.9504751536967,43.182994640070774,90.8027724722473,110.21348083326002
2018-05-04,1829.370849609375,1838.5177001953125,1801.9302978515625,1819.7667236328125,907545,1731.4995239257812,98.31508084828127,54.53753340626158,93.67587389938367,101.19874154447456
2018-05-08,1815.650634765625,1833.9443359375,1715.03515625,1833.9443359375,1022141,1747.689453125,95.5516151982226,64.23300495225595,91.44634144772166,81.7501976598038
2018-05-09,1831.2001953125,1867.7877197265625,1759.8548583984375,1829.370849609375,6383050,1768.6357421875,92.94530656052949,72.48203681224231,91.16465217709157,85.63746210710455
2018-05-10,1928.2498779296875,2005.4998779296875,1800.7498779296875,1859.9998779296875,1226661,1792.7927368164062,87.62663338070872,80.77521019946781,92.21626021788073,110.92096664099266
2018-05-11,1847.9998779296875,1916.9998779296875,1814.9998779296875,1910.2498779296875,1298969,1808.6960693359374,67.63685371343175,87.19686386449413,79.83502309812376,86.98029988771337
2018-05-14,1887.7498779296875,1903.4998779296875,1799.9998779296875,1842.7498779296875,844083,1826.5163452148438,75.80469539527992,92.54430027193673,73.63077278108784,83.87970549493056
2018-05-15,1951.4998779296875,1971.7498779296875,1868.9998779296875,1882.4998779296875,1063595,1846.4583374023437,86.69016716120805,97.7442834976616,81.29568079370614,109.02637209447904
2018-05-16,1908.7498779296875,1942.4998779296875,1871.2498779296875,1937.9998779296875,765627,1862.5826782226563,71.79786075706143,101.67442393669315,72.00205217368588,94.57623226357083
2018-05-17,1976.9998779296875,1989.7498779296875,1856.9998779296875,1898.2498779296875,828762,1879.7694946289062,91.40597133925012,105.45977937202079,75.23859643493189,107.82845771647204
2018-05-18,2106.0,2111.25,1997.9998779296875,2013.7498779296875,1367415,1908.3470947265625,98.76078528547781,110.77370922122661,79.19214740760688,176.670819592769
2018-05-21,2054.25,2107.5,2030.9998779296875,2107.5,500852,1930.835009765625,85.74549761658727,115.68903819992201,71.95181799881345,162.3391939478941
2018-05-22,1958.9998779296875,2052.75,1884.7498779296875,2042.9998779296875,1322334,1945.1699340820312,61.57384699943804,118.31352342114167,63.575821952199554,86.90868926863031
2018-05-23,1993.4998779296875,2009.2498779296875,1964.9998779296875,1964.9998779296875,612963,1961.39990234375,70.28124414626691,119.64533920232711,62.46136288828096,93.53438811711338
2018-05-24,2045.9998779296875,2070.75,1967.2498779296875,1995.7498779296875,703795,1973.17490234375,83.5316311088326,120.66202974549772,64.23166713603969,108.0567508900944
2018-05-25,2203.5,2203.5,2014.4998779296875,2057.25,749618,2008.7249145507812,100.0,123.66571858336849,69.86730780699412,162.5132293722879
2018-05-29,2091.0,2175.0,2045.2498779296875,2175.0,1244770,2029.0499267578125,74.64189518815103,125.68063014303559,63.23350163988593,125.39554909511489
2018-05-30,2084.25,2157.0,2064.0,2091.75,744335,2042.3249389648438,70.44610559517503,126.5760263807166,62.26551270948864,111.366971744908
2018-05-31,2030.2498779296875,2103.0,2015.9998779296875,2087.25,1231068,2054.4749389648437,57.06317976277525,125.572761175923,55.15932977318767,69.0434415913259
2018-06-01,2036.2498779296875,2070.0,2013.7498779296875,2059.5,721184,2060.399938964844,58.550168160502295,123.24156535427201,60.295318537587086,55.794099588913326
2018-06-04,2064.75,2101.5,2024.2498779296875,2052.0,759173,2056.274938964844,59.956724063766835,120.37406383096884,59.80066458656111,65.39935665031024
2018-06-05,2095.5,2098.5,2036.2498779296875,2056.5,708017,2060.399938964844,68.83117981179689,117.53697690196913,58.2758632785397,68.48391189449319
2018-06-06,2093.25,2118.75,2052.75,2106.75,430204,2073.824951171875,68.18182939120932,114.56389005478931,61.121156498734635,71.15497195672418
2018-06-07,2250.75,2250.75,2161.5,2175.0,971958,2099.5499633789063,100.0,113.91312145246609,64.89795592982307,167.13657426634902
2018-06-08,2346.0,2393.25,2253.75,2253.75,816830,2129.5499755859373,90.70796683241178,116.01207837432861,63.55931455281462,226.4122706850339
2018-06-11,2290.5,2408.25,2287.5,2362.5,737117,2138.2499755859376,77.5071685686857,118.57459411459327,63.29113193832853,200.60543264035044
2018-06-12,2284.5,2330.25,2278.5,2304.75,436008,2157.5999755859375,72.08122596289559,120.92734625125655,70.35647110538244,153.28929943539038
2018-06-13,2244.75,2299.5,2234.25,2282.25,424843,2173.6499755859377,62.92518033046445,122.11548155285459,65.61043850488015,108.58662121471964
2018-06-14,2276.25,2298.0,2216.25,2236.5,419065,2198.2499877929686,66.53993430793581,122.73561178748386,64.68899613938703,95.47787575376444
2018-06-15,2263.5,2321.25,2252.25,2275.5,1576692,2220.975,63.307996144497785,122.48406110906387,54.694833887011455,92.44125105817518
2018-06-18,2283.75,2302.5,2250.0,2266.5,461424,2242.875,68.44107440407582,121.7432553956719,67.62687827446351,81.05752976922058
2018-06-19,2459.25,2471.25,2311.5,2311.5,1097290,2279.25,97.37704988018434,123.25715085924867,76.20544179201545,140.20839964437158
2018-06-20,2430.0,2504.25,2391.0,2474.25,772289,2312.925,84.8623890883851,125.35729379210152,78.93594291899534,138.03162615573487
2018-06-21,2422.5,2474.25,2394.0,2460.0,820945,2330.1,82.96875433126975,127.30941956895035,77.89816207725282,119.85865602376427
2018-06-22,2458.5,2504.25,2415.0,2418.0,588299,2341.35,90.22436152417787,129.3506324561408,78.13504823151126,123.83252714766256
2018-06-25,2400.0,2463.75,2373.75,2463.75,573135,2352.3,76.91029900332227,130.11253007605472,70.9278350515464,89.56869596893392
2018-06-26,2355.75,2454.75,2355.75,2370.0,700970,2359.425,56.67396061269147,129.03010205759807,67.05653021442495,71.41956436054001
2018-06-27,2364.0,2370.0,2283.0,2347.5,426114,2371.35,51.302083333333336,126.6859673538194,59.12938331318017,39.09346133972095
2018-06-28,2343.0,2382.0,2312.25,2351.25,403711,2378.025,44.010416666666664,123.05011707709374,49.72527472527472,37.729692921947596
2018-06-29,2396.25,2419.5,2336.25,2385.0,515805,2391.3,62.5,119.36435832567228,59.724137931034484,57.24034062973063
2018-07-02,2387.25,2410.5,2343.75,2392.5,738821,2401.65,59.375,115.42488621223532,59.396433470507546,49.36735135998234
2018-07-03,2430.0,2436.0,2374.5,2392.5,342854,2398.725,74.21875,111.9518797349067,66.84856753069576,72.78345928851846
2018-07-04,2353.5,2443.5,2345.25,2443.5,466443,2391.075,40.70796460176991,107.47763181979671,56.494325346784365,32.47936849659121
2018-07-05,2328.75,2377.5,2322.75,2348.25,360325,2381.7,30.97345132743363,101.97053757953084,55.377008652657594,-19.966321866730816
2018-07-06,2329.5,2381.25,2319.75,2341.5,350994,2368.8,21.016949152542374,95.88432058263533,53.89527458492976,-20.371723074425777
2018-07-09,2432.25,2451.0,2323.5,2340.75,1010821,2372.025,67.45762711864407,91.17494669063512,47.376093294460645,50.887010166097184
2018-07-10,2391.0,2447.25,2391.0,2434.5,233075,2375.55,48.813559322033896,86.7094987397667,46.29629629629629,55.527536816622856
2018-07-11,2417.25,2433.75,2305.5,2377.5,397347,2380.875,60.67796610169491,82.85219993520352,49.51856946354883,16.61492635467768
2018-07-12,2536.5,2607.75,2437.5,2437.5,745052,2400.225,78.06004618937645,81.29201039059187,56.205250596658715,221.24280325590658
2018-07-13,2530.5,2607.75,2523.0,2536.5,402563,2413.65,76.21247113163972,80.97238471064605,61.328125,226.59960882928195
2018-07-16,2496.89990234375,2584.5,2475.75,2514.75,448957,2424.614990234375,65.86602073710547,80.7264533557543,62.48340655895433,156.28478936574996
2018-07-17,2521.5,2547.75,2496.75,2509.5,276842,2433.764990234375,71.46401985111663,80.7480925781625,63.53790159167714,132.02588080222
2018-07-18,2459.25,2537.25,2427.75,2520.0,573530,2444.339990234375,50.86848635235732,79.75910186111521,59.330601456965894,66.53636486946017
2018-07-19,2455.5,2571.75,2447.25,2510.25,528981,2457.014990234375,49.62779156327544,77.94689621821205,55.16609816199573,77.68567528711249
2018-07-20,2473.5,2517.0,2449.5,2457.0,455061,2471.414990234375,55.583126550868485,75.82323696609674,57.404066536000094,61.859316786381314
2018-07-23,2412.75,2481.0,2376.75,2481.0,701169,2469.464990234375,35.483870967741936,72.47364308902245,48.56357778424717,-2.147959158336045
2018-07-24,2434.5,2480.25,2405.25,2422.5,515618,2473.814990234375,42.67990074441688,68.71307483979993,57.421657596586954,13.72495584260222
2018-07-25,2461.5,2495.25,2428.5,2433.75,346990,2478.239990234375,51.61290322580645,65.16620925166364,62.113327190648384,32.73089724394337
2018-07-26,2417.25,2473.5,2379.75,2461.5,354655,2466.314990234375,36.9727047146402,61.084711027798946,57.41820703547457,-18.290603329418374
2018-07-27,2420.25,2465.25,2403.75,2427.0,227640,2455.289990234375,37.96526054590571,56.79071314193028,48.77974423089527,-13.820240076778406
2018-07-30,2421.75,2457.0,2385.0,2415.0,366320,2447.775,38.46153846153846,52.4831171504935,53.401923521544,-28.57065246533135
2018-07-31,2430.0,2451.0,2342.25,2426.25,596735,2438.625,33.05084745762712,48.40481372115654,51.469062594938855,-46.27435855535958
2018-08-01,2220.75,2414.25,2127.0,2370.0,1970105,2414.775,19.50078003120125,41.235231932232196,19.868319276827734,-220.6957756957513
2018-08-02,2003.9998779296875,2189.25,2003.9998779296875,2189.25,1929276,2369.6249877929686,0.0,28.951833039796306,14.1690557623659,-346.6132814175628
2018-08-03,1993.4998779296875,2018.9998779296875,1895.2498779296875,2009.9998779296875,1446419,2321.6249755859376,14.523278975814925,13.873600273902987,14.629014265376597,-308.09081814300737
2018-08-06,1932.7498779296875,1979.9998779296875,1892.9998779296875,1979.9998779296875,1110301,2273.624963378906,5.8563525379200225,-3.1668058523530753,10.631893951402716,-228.8701389904452
2018-08-07,1852.4998779296875,1943.9998779296875,1789.4998779296875,1938.7498779296875,1443694,2215.424951171875,8.0536900183874,-21.816902069420514,10.381976797478075,-195.10087044628406
2018-08-08,1924.4998779296875,1924.4998779296875,1778.2498779296875,1839.7498779296875,1139683,2161.7249389648437,19.796951043492385,-39.29980890736807,18.165464967069568,-150.42964317709047
2018-08-09,2032.4998779296875,2069.25,1958.2498779296875,1982.2498779296875,1203326,2123.2499267578123,35.46024500886585,-53.32201205200937,26.136360183470075,-88.16914381028913
2018-08-10,2051.25,2060.25,2004.7498779296875,2018.9998779296875,523094,2086.3499267578127,38.07532435029918,-64.01936720911749,29.506808393674163,-72.30403860484589
2018-08-13,2091.75,2109.75,2033.2498779296875,2060.25,586297,2053.3499267578127,43.72385895348135,-71.27993209296247,30.97419333330261,-53.54553794159287
2018-08-14,2036.2498779296875,2122.5,2025.7498779296875,2097.75,507076,2013.9749145507812,37.10894709830885,-76.72878325583517,27.11864651696129,-51.987505114110554
2018-08-15,2052.0,2066.25,2012.9998779296875,2047.4998779296875,326582,1997.0999145507812,39.84717226037042,-80.33028515885269,29.72523996645593,-51.497274714449304
2018-08-16,2094.75,2116.5,2042.2498779296875,2068.5,451075,2006.1749267578125,46.62984385254017,-81.71996740286522,32.69538378470986,-34.05252957259961
2018-08-17,2058.0,2111.25,2036.9998779296875,2079.75,480199,2012.6249389648438,41.583065226270506,-82.05054294547253,31.36050125679502,-34.62976575343572
2018-08-20,2082.0,2148.0,2057.25,2057.25,399851,2027.549951171875,47.75944398902673,-81.13004584235475,32.450840715002954,-21.07554116449254
2018-08-21,2143.5,2163.75,2060.25,2079.0,462405,2056.6499633789062,88.86861644479676,-78.30754625480384,45.422224871397646,-5.683443499977325
2018-08-22,2169.0,2202.75,2122.5,2123.25,803868,2081.0999755859375,92.04947225093854,-73.85555210552013,62.64368041879167,21.137209470582068
2018-08-23,2210.25,2241.0,2131.5,2168.25,417890,2098.8749877929686,93.35494502682644,-67.78915182256469,65.86169088150888,45.96999610392152
2018-08-24,2139.0,2262.75,2138.25,2202.0,601738,2107.6499877929687,74.45821076964745,-62.01113072576463,64.86486581598439,51.87840257100568
2018-08-28,2181.0,2205.75,2149.5,2149.5,445518,2116.574987792969,83.1269392357065,-55.9053321490634,75.05720355040981,68.09303792697956
2018-08-29,2133.0,2191.5,2127.75,2160.0,296472,2126.25,57.38917964373122,-50.55255745416781,66.50831363102235,67.00795216989894
2018-08-30,2145.75,2178.75,2100.75,2120.25,306344,2135.625,54.6511842470702,-45.633726526850616,60.55944473012861,68.87545250363685
2018-08-31,2227.5,2250.0,2127.75,2130.75,566996,2148.9,85.88589278443835,-39.8364543935745,64.70587636161561,108.91885542885397
2018-09-03,2232.0,2240.25,2164.5,2214.75,275877,2166.3,87.68769370557388,-33.62990470595768,62.45006118141905,107.32738472206728
2018-09-04,2201.25,2271.75,2187.0,2229.0,394660,2178.225,72.7536360424045,-27.906134301909,65.32034212322503,104.23235922942894
2018-09-05,2245.5,2250.0,2170.5,2212.5,293210,2188.425,88.81789718851026,-22.01542347158675,67.06349206349206,100.23985334630791
2018-09-06,2235.0,2261.25,2206.5,2261.25,343248,2195.025,84.34505606391437,-16.446222176080703,63.11360448807854,108.10549787014895
2018-09-07,2253.0,2260.5,2222.25,2257.5,333147,2199.3,91.25874125874125,-11.0458198086545,68.8953488372093,111.56044218519655
2018-09-10,2235.0,2265.75,2206.5,2262.0,354862,2208.9,82.62411347517731,-6.2963191845082065,65.0,93.30436188504781
2018-09-11,2190.0,2274.75,2173.5,2226.75,426014,2209.8,51.293103448275865,-2.907365966795714,54.7112462006079,60.836500705468794
2018-09-12,2158.5,2179.5,2116.5,2150.25,473363,2212.35,33.189655172413794,-1.0447696603308756,48.94894894894895,-22.58844865956503
2018-09-13,2175.0,2211.75,2154.0,2167.5,241940,2215.275,42.672413793103445,0.029124433070770728,46.287519747235386,8.557219410565045
2018-09-14,2169.0,2183.25,2148.75,2178.0,298938,2209.425,39.224137931034484,0.45658707992275327,53.663003663003664,-21.65087458491472
2018-09-17,2175.0,2187.0,2153.25,2156.25,276749,2203.725,42.672413793103445,0.5511565626524185,49.196787148594375,-25.76088085592622
2018-09-18,2187.75,2234.25,2167.5,2188.5,369136,2202.375,50.0,0.6342801768941249,58.093126385809306,17.23376049491825
2018-09-19,2193.75,2229.0,2173.5,2202.0,318123,2197.2,48.81516587677725,0.8001531081987439,57.23981900452489,15.302727877578178
2018-09-20,2160.0,2205.0,2114.25,2205.0,670337,2189.7,28.50467289719626,0.46891112591729445,38.095238095238095,-86.87068114511354
2018-09-21,2201.25,2215.5,2163.0,2165.25,720432,2184.525,54.205607476635514,0.5005023133917176,45.19906323185011,1.4504219409287487
2018-09-24,2109.75,2208.75,2106.0,2203.5,463872,2172.0,2.2222222222222223,-0.7031155656694094,37.99212598425197,-119.90145086230523
2018-09-25,2091.75,2142.0,2045.2498779296875,2122.5,424010,2162.175,20.26148032115911,-2.903419864133823,28.32980972515857,-194.0758130927366
2018-09-26,2135.25,2135.25,2054.25,2100.0,331487,2159.85,39.21571860547375,-4.9124497389106745,37.13733075435203,-147.28540187699437
2018-09-27,2130.0,2146.5,2112.0,2130.0,374550,2155.35,36.92813812288405,-6.768840061840519,33.60000000000001,-102.96558862919764
2018-09-28,2143.5,2159.25,2114.25,2159.25,499214,2152.8,42.810487935257555,-8.201431651443578,37.65182186234818,-76.08272543688189
2018-10-01,2083.5,2151.75,2078.25,2151.75,564772,2143.65,20.238146754255826,-10.231867822523117,36.186770428015556,-121.99222810278134
2018-10-02,2033.2498779296875,2097.75,2016.7498779296875,2089.5,486610,2128.199987792969,7.586202638849992,-13.308973428681579,34.508338373670625,-184.67746885361288
2018-10-03,2051.25,2054.25,2020.4998779296875,2037.7498779296875,363521,2113.949987792969,15.862116187300092,-16.563288921527665,34.750471282882245,-167.41284865529718
2018-10-04,2019.7498779296875,2076.75,2004.7498779296875,2039.9998779296875,533950,2099.9249755859373,6.535944235970565,-20.222894506850714,32.69565271542173,-155.5504865098948
2018-10-05,2012.2498779296875,2043.7498779296875,1983.7498779296875,2039.2498779296875,416739,2081.0249633789062,11.377239964777493,-24.01825155077641,31.19584236342594,-158.98064901146748
2018-10-08,2003.9998779296875,2037.7498779296875,1981.4998779296875,2025.7498779296875,484264,2070.449951171875,9.090904607153268,-27.776617569185586,28.54641390081086,-142.86809626055495
2018-10-09,1908.7498779296875,2009.2498779296875,1898.9998779296875,2003.9998779296875,598456,2052.149938964844,3.080567532240628,-32.77112816193184,22.46377580782773,-188.5613218804697
2018-10-10,1884.7498779296875,1919.9998779296875,1855.4998779296875,1919.9998779296875,589533,2027.0999267578125,8.124997244941797,-38.58682368037059,22.895133082389165,-196.13512390334816
2018-10-11,1864.4998779296875,1889.2498779296875,1772.9998779296875,1844.9998779296875,746840,2000.5499145507813,20.998272947181317,-44.84748337877733,15.408333979107994,-191.0151267807541
2018-10-12,1864.4998779296875,1930.4998779296875,1847.2498779296875,1879.4998779296875,568121,1972.64990234375,23.6893129015875,-50.956627391825904,18.97534537141614,-137.00598005001922
2018-10-15,1836.7498779296875,1874.2498779296875,1793.9998779296875,1833.7498779296875,513678,1947.9748901367188,16.50484915274539,-56.97714746603582,18.518531914425466,-147.9901455214519
2018-10-16,1947.7498779296875,1963.4998779296875,1823.2498779296875,1844.9998779296875,497120,1939.4248901367187,45.24270414811383,-60.72571154627766,30.158732619203178,-85.27381520232098
2018-10-17,1976.2498779296875,1996.4998779296875,1933.4998779296875,1964.2498779296875,480865,1931.9248779296875,52.62134259287059,-62.26064466644413,34.493191276343595,-39.54234834540282
2018-10-18,1856.2498779296875,1988.2498779296875,1853.9998779296875,1988.2498779296875,499908,1915.5748779296875,21.980190935633594,-64.10027836677926,26.151934628321712,-80.12656006639102
2018-10-19,1801.4998779296875,1855.4998779296875,1794.7498779296875,1855.4998779296875,376189,1894.4998779296875,8.775978225446021,-66.76186262226402,26.38191381186911,-122.92955270578847
2018-10-22,1801.4998779296875,1824.7498779296875,1780.4998779296875,1808.9998779296875,229087,1874.2498779296875,9.382712278681087,-69.64694112770373,28.806593825645052,-119.00888458557988
2018-10-23,1773.7498779296875,1802.2498779296875,1757.2498779296875,1789.4998779296875,412089,1860.7498779296875,5.164317275712602,-72.80485649236803,25.067379946122358,-120.85826582784978
2018-10-24,1816.4998779296875,1862.2498779296875,1731.7498779296875,1763.9998779296875,243927,1853.9248779296875,27.16346153846154,-75.12024929613688,32.10039630118891,-94.69471247738034
2018-10-25,1829.9998779296875,1831.4998779296875,1770.7498779296875,1790.9998779296875,343670,1850.4748779296874,32.1078431372549,-76.39958970553748,34.11764705882352,-83.03073142476555
2018-10-26,1803.7498779296875,1841.2498779296875,1770.7498779296875,1818.7498779296875,354243,1844.3998779296876,25.945945945945947,-77.2071607073643,33.07984790874525,-81.82727506615568
2018-10-29,1897.4998779296875,1914.7498779296875,1807.4998779296875,1817.2498779296875,379264,1850.4748779296874,62.60623229461756,-76.00500434547101,49.04701397712833,-23.276072661780425
2018-10-30,1871.2498779296875,1921.4998779296875,1859.2498779296875,1880.2498779296875,340350,1842.8248779296875,52.69121813031161,-73.85178146951515,48.860759493670884,-7.541317370687112
2018-10-31,1929.7498779296875,1958.9998779296875,1883.2498779296875,1890.7498779296875,1131972,1838.1748779296875,74.78753541076487,-70.11366754697299,55.17241379310345,41.60282879533237
2018-11-01,1936.4998779296875,2003.9998779296875,1916.2498779296875,1931.9998779296875,445271,1846.1998779296875,75.20661157024793,-65.31063719106393,55.64705882352941,82.56128796194663
2018-11-02,1905.7498779296875,1973.2498779296875,1876.4998779296875,1941.7498779296875,456420,1856.6248779296875,63.91184573002755,-60.43366277092457,55.3864168618267,52.62323664606118
2018-11-05,1905.7498779296875,1922.9998779296875,1862.9998779296875,1862.9998779296875,307482,1867.0498779296875,63.91184573002755,-55.628260159854015,46.03399433427762,35.96344356076473
2018-11-06,1895.2498779296875,1922.9998779296875,1854.7498779296875,1922.9998779296875,340990,1879.1998779296875,60.05509641873278,-51.16035782773203,42.08211143695014,31.87236516935595
2018-11-07,1944.7498779296875,2018.9998779296875,1916.9998779296875,1943.2498779296875,377287,1892.0248779296876,74.1514360313316,-46.231860561187126,60.034013605442176,119.53551912568307
2018-11-08,1959.7498779296875,1987.4998779296875,1907.9998779296875,1940.2498779296875,277181,1904.9998779296875,79.3733681462141,-40.92834328234142,69.7196261682243,97.87673056443033
2018-11-09,1895.2498779296875,1953.7498779296875,1891.4998779296875,1948.4998779296875,267343,1914.1498779296876,56.91906005221932,-36.60356572030119,60.06441223832528,43.63689433741979
2018-11-12,1854.7498779296875,1911.7498779296875,1817.9998779296875,1904.2498779296875,386888,1909.8748779296875,42.819843342036556,-33.68168215331082,58.46394984326019,-26.355421686746993
2018-11-13,1892.9998779296875,1923.7498779296875,1853.9998779296875,1874.9998779296875,372141,1912.0498779296875,49.244712990936556,-31.105251551622313,58.06962025316456,13.78958120531154
2018-11-14,1886.2498779296875,1949.9998779296875,1816.4998779296875,1900.4998779296875,454841,1907.6998779296875,46.52567975830816,-28.917202072999824,56.01926163723917,12.215638943749417
2018-11-15,1610.9998779296875,1831.4998779296875,1590.7498779296875,1822.4998779296875,1713746,1875.1498779296876,4.728546409807356,-31.412828365952187,36.544502617801044,-221.7037037037037
2018-11-16,1604.9998779296875,1729.4998779296875,1596.7498779296875,1655.9998779296875,1110389,1845.0748779296875,3.327495621716287,-36.737397346264615,26.730310262529827,-210.7136434944907
2018-11-19,1574.2498779296875,1651.4998779296875,1574.2498779296875,1613.2498779296875,3552794,1811.9248779296875,0.0,-43.962836423740725,26.540284360189574,-204.14682971860074
2018-11-20,1607.9998779296875,1619.9998779296875,1510.4998779296875,1579.4998779296875,464470,1783.1998779296875,19.174041297935105,-51.36227286079361,23.551171393341562,-183.5002614536824
2018-11-21,1643.9998779296875,1649.9998779296875,1575.7498779296875,1629.7498779296875,426190,1753.1248779296875,26.253687315634217,-57.79145280319263,27.058823529411768,-129.49640287769776
2018-11-22,1652.2498779296875,1664.2498779296875,1612.4998779296875,1649.2498779296875,260123,1722.3748779296875,27.876106194690266,-63.01212419286641,29.390243902439025,-101.11603851285987
2018-11-23,1627.4998779296875,1684.4998779296875,1595.2498779296875,1649.9998779296875,342164,1695.5998779296874,23.008849557522122,-67.45290403119026,28.25322391559203,-91.69105258490728
2018-11-26,1663.4998779296875,1714.4998779296875,1640.9998779296875,1657.4998779296875,267046,1676.4748779296874,30.088495575221238,-70.44397215000667,32.58173618940248,-63.97395283350928
2018-11-27,1637.9998779296875,1666.4998779296875,1615.4998779296875,1665.7498779296875,250563,1650.9748779296874,26.729559748427672,-72.61587386028222,26.081871345029242,-71.70581360848217
2018-11-28,1646.9998779296875,1652.9998779296875,1614.7498779296875,1646.9998779296875,278570,1627.0498779296875,30.795262267343485,-73.85138725022641,25.383707201889024,-65.30501581563483
2018-11-29,1639.4998779296875,1670.9998779296875,1608.7498779296875,1642.4998779296875,247473,1629.8998779296876,29.351535836177476,-74.3865587978685,27.88586251621271,-58.65754807856108
2018-11-30,1549.4998779296875,1670.2498779296875,1549.4998779296875,1651.4998779296875,671363,1624.3498779296874,8.873720136518772,-75.72107049131861,25.686977299880525,-76.94255580456054
2018-12-03,1646.2498779296875,1662.7498779296875,1544.9998779296875,1618.4998779296875,494782,1631.5498779296875,30.887372013651877,-75.77046241418536,32.021857923497265,-58.11755279877372
2018-12-04,1574.9998779296875,1667.2498779296875,1537.4998779296875,1661.9998779296875,534744,1628.2498779296875,20.093457943925234,-75.97583288166624,29.270729270729262,-67.29700448834299
2018-12-05,1643.2498779296875,1659.7498779296875,1511.2498779296875,1553.2498779296875,932850,1628.1748779296875,60.61643835616438,-75.00614863948363,52.96551724137931,-58.674463937621816
2018-12-06,1595.9998779296875,1617.7498779296875,1562.2498779296875,1617.7498779296875,573369,1622.5498779296875,41.911764705882355,-73.93368728909195,49.23076923076923,-67.35456412540519
2018-12-07,1596.7498779296875,1654.4998779296875,1592.2498779296875,1596.7498779296875,400643,1619.4748779296874,42.279411764705884,-72.67255179399926,52.027027027027025,-46.94210801984161
2018-12-10,1589.9998779296875,1610.9998779296875,1553.9998779296875,1580.2498779296875,459320,1612.1248779296875,38.745387453874535,-71.3013266688219,48.29545454545455,-79.29273946000123
2018-12-11,1637.9998779296875,1679.2498779296875,1595.9998779296875,1595.9998779296875,427105,1612.1248779296875,62.361623616236166,-69.00465927113623,49.44444444444445,3.902325037971896
2018-12-12,1740.7498779296875,1745.2498779296875,1635.7498779296875,1649.2498779296875,393993,1621.4998779296875,98.07692307692308,-64.45174586988556,56.973995271867615,200.0
2018-12-13,1717.4998779296875,1775.2498779296875,1715.9998779296875,1766.9998779296875,1790050,1629.2998779296875,78.125,-58.9473740330303,57.10900473933649,238.78380271822905
2018-12-14,1626.7498779296875,1681.4998779296875,1613.2498779296875,1664.9998779296875,247733,1637.0248779296876,43.75,-54.44870500739643,47.32824427480916,24.626655395886065
2018-12-17,1598.9998779296875,1659.7498779296875,1583.9998779296875,1619.9998779296875,311577,1632.2998779296875,33.23863636363637,-51.13485411433935,47.173913043478265,-37.04345315432345
2018-12-18,1562.9998779296875,1606.4998779296875,1556.9998779296875,1583.2498779296875,369094,1631.0998779296874,19.602272727272727,-49.1951541110477,44.14225941422594,-125.21863799283176
2018-12-19,1630.4998779296875,1658.9998779296875,1545.7498779296875,1574.9998779296875,283957,1629.8248779296875,45.17045454545455,-47.029378758810516,49.420849420849414,-39.9550119499509
2018-12-20,1640.2498779296875,1676.9998779296875,1556.2498779296875,1596.7498779296875,287617,1634.2498779296875,48.86363636363637,-44.57269225758785,56.512378902045214,-9.357427995021023
2018-12-21,1612.4998779296875,1664.9998779296875,1607.2498779296875,1645.4998779296875,435122,1635.8248779296875,38.35227272727273,-42.40359671089405,47.31182795698925,0.0870814647100252
2018-12-24,1601.9998779296875,1625.2498779296875,1570.4998779296875,1612.4998779296875,144272,1637.0248779296876,34.375,-40.59934016900595,52.38095238095238,-61.99411331861682
2018-12-27,1533.7498779296875,1644.7498779296875,1525.4998779296875,1644.7498779296875,237029,1626.5998779296874,3.3033033033033035,-40.11469453678394,40.34391534391534,-123.75774582017999
2018-12-28,1640.2498779296875,1640.2498779296875,1529.2498779296875,1571.2498779296875,310521,1616.5498779296875,45.945945945945944,-38.69198658014594,53.53293413173653,-37.91328155224227
2018-12-31,1683.7498779296875,1700.9998779296875,1631.9998779296875,1660.4998779296875,78648,1613.1748779296875,63.36336336336336,-35.97369607583416,56.502242152466366,113.8967292047154
2019-01-02,1712.9998779296875,1724.9998779296875,1601.2498779296875,1650.7498779296875,366529,1621.7998779296875,75.07507507507508,-32.037198813489496,58.89370932754881,111.7266851338875
2019-01-03,1626.7498779296875,1706.2498779296875,1610.2498779296875,1706.2498779296875,338352,1624.5748779296875,40.54054054054054,-28.84655996655537,49.22918807810894,41.660456103741446
2019-01-04,1712.2498779296875,1719.7498779296875,1596.7498779296875,1631.9998779296875,366415,1639.4998779296875,74.77477477477477,-24.860819576033357,47.99999999999999,86.24791815369976
2019-01-07,1744.4998779296875,1765.4998779296875,1709.9998779296875,1723.4998779296875,228211,1650.8998779296876,91.25,-20.014471287891553,51.87110187110187,171.16325762329015
2019-01-08,1774.4998779296875,1802.2498779296875,1737.7498779296875,1737.7498779296875,320298,1664.3248779296875,89.97289972899729,-14.358514720533663,61.180476730987515,181.85460372960384
2019-01-09,1805.9998779296875,1820.2498779296875,1727.2498779296875,1802.2498779296875,507223,1683.6748779296875,95.16539440203562,-7.956315895726766,65.57562076749436,163.80101960039275
2019-01-10,1825.4998779296875,1871.9998779296875,1788.7498779296875,1788.7498779296875,289194,1706.0248779296876,86.58008658008659,-1.0927555581594595,70.25462962962963,182.28537947295234
2019-01-11,1813.4998779296875,1846.4998779296875,1798.4998779296875,1829.2498779296875,241925,1733.9998779296875,83.11688311688312,5.511215682663085,65.44303797468355,145.3981806169639
2019-01-14,1795.4998779296875,1815.7498779296875,1760.9998779296875,1789.4998779296875,186442,1749.5248779296876,77.92207792207792,11.30654975920898,62.92134831460674,103.86089006778663
2019-01-15,1685.9998779296875,1802.2498779296875,1679.9998779296875,1743.7498779296875,468601,1749.7498779296875,46.32034632034632,14.518466277473696,55.38461538461538,40.872845342119035
2019-01-16,1778.9998779296875,1815.7498779296875,1697.2498779296875,1697.2498779296875,428525,1756.3498779296874,73.16017316017316,17.39344291032558,61.568627450980394,70.85181394290912
2019-01-17,1793.9998779296875,1805.2498779296875,1706.2498779296875,1775.9998779296875,287301,1773.0748779296875,77.24288840262582,20.10619418943511,68.28240252897787,66.748244128937
2019-01-18,1762.4998779296875,1835.9998779296875,1746.7498779296875,1793.9998779296875,310801,1778.0998779296874,60.217983651226156,22.026668668799694,59.59952885747939,70.81907369381693
2019-01-21,1784.2498779296875,1806.7498779296875,1747.4998779296875,1763.2498779296875,212612,1782.0748779296875,68.11989100817439,23.64669026696984,58.170731707317074,62.55948523014587
2019-01-22,1746.7498779296875,1781.2498779296875,1726.4998779296875,1766.2498779296875,934660,1779.2998779296875,54.49591280653951,24.341283422169386,52.70758122743682,32.14558537246491
2019-01-23,1724.9998779296875,1765.4998779296875,1693.4998779296875,1718.9998779296875,339436,1771.1998779296875,46.59400544959128,24.016936981223843,58.791946308724825,4.4229995979091274
2019-01-24,1748.2498779296875,1824.7498779296875,1707.7498779296875,1724.9998779296875,423724,1763.4748779296874,35.546875,23.38714243137941,53.625377643504535,33.87752661164937
2019-01-25,1749.7498779296875,1778.2498779296875,1743.7498779296875,1769.2498779296875,231695,1757.0998779296874,36.328125,22.56954139097739,50.56360708534621,22.934287573194474
2019-01-28,1686.7498779296875,1778.9998779296875,1678.4998779296875,1748.9998779296875,222061,1746.2248779296874,4.263565891472868,20.62051812296266,41.20300751879699,-54.47742262810774
2019-01-29,1700.9998779296875,1736.2498779296875,1678.4998779296875,1678.4998779296875,337853,1747.7248779296874,11.627906976744185,18.24486443773512,39.096573208722745,-77.21242877492867
2019-01-30,1721.9998779296875,1734.7498779296875,1679.9998779296875,1688.9998779296875,215125,1742.0248779296876,25.892857142857142,16.019801762397016,39.285714285714285,-71.35812905043665
2019-01-31,1741.4998779296875,1756.4998779296875,1704.7498779296875,1709.9998779296875,419472,1736.7748779296876,40.0,14.280366819229794,42.6605504587156,-44.24477571302158
2019-02-01,1752.7498779296875,1761.7498779296875,1703.9998779296875,1741.4998779296875,307321,1735.7998779296875,47.142857142857146,13.083437319300433,45.58139534883721,-44.710211591536115
2019-02-04,1752.7498779296875,1763.2498779296875,1724.2498779296875,1754.2498779296875,204993,1732.6498779296876,47.142857142857146,12.25946494317616,58.91783567134269,-28.101226517621487
2019-02-05,1739.9998779296875,1772.2498779296875,1720.4998779296875,1754.9998779296875,275241,1731.9748779296874,39.04761904761905,11.48108825651988,43.36734693877552,-30.999066293184057
2019-02-06,1781.2498779296875,1783.4998779296875,1723.4998779296875,1723.4998779296875,440183,1737.5998779296874,65.23809523809524,11.404045792405553,48.00936768149883,18.523925385239373
2019-02-07,1685.2498779296875,1765.4998779296875,1684.4998779296875,1756.4998779296875,310524,1731.2998779296875,4.615384615384615,10.213008666368157,39.96101364522418,-106.42169728783915
2019-02-08,1679.9998779296875,1748.9998779296875,1665.7498779296875,1679.9998779296875,263284,1724.3248779296875,8.962264150943396,8.279139205752179,35.84521384928716,-133.74531008607389
2019-02-11,1724.9998779296875,1727.2498779296875,1676.9998779296875,1701.7498779296875,144782,1728.1498779296876,37.264150943396224,6.680132346570547,47.10578842315369,-90.6060606060609
2019-02-12,1739.9998779296875,1763.2498779296875,1721.9998779296875,1744.4998779296875,196561,1732.0498779296875,46.698113207547166,5.5989243268397,52.032520325203244,3.6223324671236807
2019-02-13,1775.9998779296875,1793.9998779296875,1721.2498779296875,1721.2498779296875,298696,1737.4498779296875,85.96491228070175,5.460539192524112,53.63457760314341,72.99730150288536
2019-02-14,1726.4998779296875,1777.4998779296875,1703.2498779296875,1757.9998779296875,226754,1735.9498779296875,47.36842105263158,5.1181622915667635,47.29493891797557,-10.637413778775189
2019-02-15,1754.9998779296875,1837.4998779296875,1751.2498779296875,1796.2498779296875,353787,1736.1748779296875,51.96506550218341,5.108910793695396,58.63377609108159,140.85444486043525
2019-02-18,1749.7498779296875,1765.4998779296875,1718.9998779296875,1718.9998779296875,201550,1735.8748779296875,48.90829694323144,5.213535898686652,56.310679611650485,27.29836435420192
2019-02-19,1754.9998779296875,1760.9998779296875,1715.9998779296875,1750.4998779296875,256160,1737.3748779296875,51.96506550218341,5.455930012165078,54.453441295546554,26.42766862001608
2019-02-20,1746.7498779296875,1775.2498779296875,1733.9998779296875,1748.9998779296875,249539,1733.9248779296875,47.161572052401745,5.627909271425411,50.73068893528183,51.208127402525946
2019-02-21,1748.2498779296875,1760.2498779296875,1738.4998779296875,1757.9998779296875,321793,1740.2248779296874,48.03493449781659,5.757842907564578,49.35622317596567,43.35585585585571
2019-02-22,1727.9998779296875,1767.7498779296875,1727.9998779296875,1754.9998779296875,275619,1745.0248779296876,36.24454148471616,5.518411614023817,46.65314401622719,17.912772585669444
2019-02-25,1730.2498779296875,1750.4998779296875,1712.9998779296875,1750.4998779296875,216618,1745.5498779296875,37.55458515283843,5.083340781965488,48.64300626304802,-25.72845629262204
2019-02-26,1765.4998779296875,1782.7498779296875,1715.2498779296875,1723.4998779296875,377278,1748.0998779296874,58.07860262008734,5.099261209765972,47.77070063694267,66.15559341283361
2019-02-27,1829.9998779296875,1874.2498779296875,1745.9998779296875,1776.7498779296875,555071,1753.4998779296875,78.77697841726619,6.414457228249093,72.49417249417249,288.45572680568216
2019-02-28,1859.9998779296875,1871.2498779296875,1812.7498779296875,1844.9998779296875,941350,1766.8498779296874,92.77566539923954,8.939081900371777,75.97402597402598,290.36837779272275
2019-03-01,1889.9998779296875,1922.2498779296875,1860.7498779296875,1870.4998779296875,524746,1780.3498779296874,85.27397260273973,12.547666527803132,74.8868778280543,282.4199818927414
2019-03-04,1860.7498779296875,1910.9998779296875,1856.2498779296875,1904.9998779296875,431906,1791.4498779296875,71.91780821917808,16.151222949539125,67.46203904555314,190.63857165835594
2019-03-05,1868.2498779296875,1890.7498779296875,1847.9998779296875,1879.4998779296875,249449,1802.7748779296876,75.34246575342466,19.64556962263535,64.53900709219857,143.32784184514006
2019-03-06,1811.9998779296875,1874.9998779296875,1789.4998779296875,1856.9998779296875,303836,1809.2998779296875,47.31182795698925,21.94607418979474,63.19444444444445,70.04502772580072
2019-03-07,1769.9998779296875,1817.2498779296875,1760.2498779296875,1817.2498779296875,201226,1811.4748779296874,27.240143369175627,22.657600390305525,52.22222222222223,6.700883946392995
2019-03-08,1760.2498779296875,1778.2498779296875,1724.9998779296875,1763.2498779296875,232922,1814.6998779296875,22.580645161290324,22.128689545048946,51.53508771929824,-39.11106118475243
2019-03-11,1769.9998779296875,1786.4998779296875,1726.4998779296875,1769.2498779296875,378195,1818.6748779296875,27.240143369175627,20.95514296716521,52.16450216450217,-34.60518102372029
2019-03-12,1820.9998779296875,1823.9998779296875,1766.2498779296875,1784.9998779296875,797843,1824.2248779296874,51.61290322580645,20.204984655610083,59.53757225433526,27.342604001642744
2019-03-13,1796.2498779296875,1805.9998779296875,1731.7498779296875,1754.9998779296875,942657,1820.8498779296874,39.784946236559136,19.318599403315424,55.81818181818182,-14.229029991787073
2019-03-14,1784.9998779296875,1913.9998779296875,1718.9998779296875,1790.2498779296875,976918,1813.3498779296874,34.40860215053763,18.169777348048903,57.0631970260223,25.080906148867314
2019-03-15,1862.2498779296875,1862.2498779296875,1762.4998779296875,1791.7498779296875,1791076,1810.5748779296875,71.01449275362319,18.10775417393524,63.793103448275865,56.117246000990576
2019-03-18,1859.9998779296875,1905.7498779296875,1843.4998779296875,1843.4998779296875,644361,1810.4998779296875,69.37269372693727,18.652998170528605,60.6060606060606,106.17423174513667
2019-03-19,1892.9998779296875,1893.7498779296875,1850.9998779296875,1869.7498779296875,332247,1812.9748779296874,85.60885608856088,20.034264644278096,57.60869565217391,108.36565096952896
2019-03-20,1904.9998779296875,1932.7498779296875,1889.9998779296875,1889.9998779296875,665859,1822.2748779296876,87.01754385964912,22.01291638908724,55.68181818181818,133.77112336923207
2019-03-21,1868.2498779296875,1901.9998779296875,1837.4998779296875,1886.2498779296875,395287,1832.0998779296874,69.82456140350877,23.625776778960144,47.299813780260706,70.43957999644051
2019-03-22,1850.2498779296875,1883.9998779296875,1835.2498779296875,1880.9998779296875,275688,1841.0998779296874,61.40350877192982,24.583790015890564,48.65900383141762,46.74025851495438
2019-03-25,1829.9998779296875,1847.9998779296875,1802.2498779296875,1844.9998779296875,228714,1847.0998779296874,51.92982456140351,24.702028753619896,45.26901669758812,-6.009805472086036
2019-03-26,1850.9998779296875,1862.2498779296875,1800.7498779296875,1847.2498779296875,272821,1850.0998779296874,61.75438596491228,24.566456649180132,55.28455284552845,6.484365985923702
2019-03-27,1868.2498779296875,1883.9998779296875,1846.4998779296875,1874.9998779296875,234091,1857.2998779296875,69.82456140350877,24.49812949096583,64.27015250544662,53.39623286500515
2019-03-28,1848.7498779296875,1868.2498779296875,1820.9998779296875,1853.2498779296875,228535,1863.6748779296875,60.70175438596491,24.108584681150347,62.5,16.700364392355837
2019-03-29,1859.9998779296875,1892.2498779296875,1811.9998779296875,1868.9998779296875,291546,1863.4498779296875,65.96491228070175,23.66266629128761,62.65822784810126,37.69072559429864
2019-04-01,1883.2498779296875,1897.4998779296875,1839.7498779296875,1870.4998779296875,236948,1865.7748779296876,76.84210526315789,23.521797980427884,59.496567505720826,74.04208354327127
2019-04-02,1827.7498779296875,1888.4998779296875,1816.4998779296875,1884.7498779296875,222333,1859.2498779296875,50.87719298245614,22.640432677876284,54.39330543933054,20.94565284749334
2019-04-03,1865.2498779296875,1875.7498779296875,1840.4998779296875,1840.4998779296875,347707,1855.2748779296876,60.352422907488986,21.88782930481876,60.42884990253412,48.854775828460035
2019-04-04,1862.2498779296875,1862.2498779296875,1823.9998779296875,1856.2498779296875,212559,1854.6748779296875,46.59090909090909,21.157634088767242,50.0,22.794978189169242
2019-04-05,1838.2498779296875,1857.7498779296875,1816.4998779296875,1848.7498779296875,170057,1853.4748779296874,28.40909090909091,20.04863340048111,46.72686230248307,-13.757115749525617
2019-04-08,1835.9998779296875,1844.2498779296875,1809.7498779296875,1844.2498779296875,289420,1854.0748779296875,26.704545454545453,18.678748102657813,40.54726368159204,-48.63661658319435
2019-04-09,1835.9998779296875,1870.4998779296875,1818.7498779296875,1830.7498779296875,204451,1852.5748779296875,34.81481481481482,17.174584391443233,38.08290155440415,-21.195542046605585
2019-04-10,1827.7498779296875,1847.2498779296875,1809.7498779296875,1826.2498779296875,241602,1848.5248779296876,27.906976744186046,15.494340035861455,42.24137931034483,-82.69160249358254
2019-04-11,1878.7498779296875,1883.9998779296875,1838.2498779296875,1845.7498779296875,315635,1851.5248779296876,80.62015503875969,14.570173407781748,54.8469387755102,52.33830845771181
2019-04-12,1883.2498779296875,1900.4998779296875,1857.7498779296875,1878.7498779296875,282219,1853.8498779296874,82.70676691729324,14.206934492753007,59.56873315363881,95.82089552238826
2019-04-15,1895.9998779296875,1905.7498779296875,1871.9998779296875,1874.9998779296875,166119,1855.1248779296875,89.84375,14.385354111381082,58.33333333333333,125.52301255230127
2019-04-16,1941.7498779296875,1941.7498779296875,1892.2498779296875,1892.2498779296875,813535,1866.5248779296876,100.0,15.591049152039458,62.311557788944725,213.31377821233625
2019-04-17,1898.9998779296875,1946.9998779296875,1892.9998779296875,1940.9998779296875,340495,1869.8998779296876,65.02732240437159,16.659829562432673,57.80885780885781,171.05289692863067
2019-04-18,1876.4998779296875,1890.7498779296875,1859.9998779296875,1890.7498779296875,197524,1871.3248779296875,48.63387978142077,17.189821819379958,52.47747747747748,48.964218455743875
2019-04-23,1913.2498779296875,1919.2498779296875,1861.4998779296875,1901.9998779296875,297256,1878.8248779296875,75.40983606557377,17.901474735183534,54.329004329004334,103.66974146243822
2019-04-24,1940.9998779296875,1940.9998779296875,1892.2498779296875,1898.2498779296875,263472,1889.3248779296875,95.62841530054645,19.09161697152687,67.76470588235294,157.19463821638664
2019-04-25,1908.7498779296875,1941.7498779296875,1892.9998779296875,1941.7498779296875,164072,1896.5998779296874,72.1311475409836,19.961234250014954,56.9377990430622,112.77352697499893
2019-04-26,1931.2498779296875,1931.2498779296875,1860.7498779296875,1874.2498779296875,218931,1906.9498779296875,88.52459016393442,20.89784458818293,60.36036036036035,84.59538014379685
2019-04-29,1928.9998779296875,1958.2498779296875,1903.4998779296875,1927.4998779296875,182975,1911.9748779296874,80.3030303030303,21.743818365771865,64.57831325301206,122.06247473872601
2019-04-30,1911.7498779296875,1935.7498779296875,1883.9998779296875,1935.7498779296875,300440,1914.8248779296875,68.68686868686869,22.163863324193706,61.609195402298845,68.76506451155537
2019-05-01,1892.9998779296875,1938.7498779296875,1890.7498779296875,1904.9998779296875,112073,1914.5248779296876,56.06060606060606,21.945263672612516,58.260869565217384,56.190867955573744
2019-05-02,1872.7498779296875,1905.7498779296875,1870.4998779296875,1904.2498779296875,215274,1907.6248779296875,28.75,20.964738688980983,56.30252100840336,-1.933216168717154
2019-05-03,1859.9998779296875,1886.9998779296875,1858.4998779296875,1886.9998779296875,207700,1903.7248779296874,2.2388059701492535,19.30685272442799,47.05882352941176,-37.37373737373716
2019-05-07,1840.4998779296875,1879.4998779296875,1824.7498779296875,1870.4998779296875,204512,1900.1248779296875,11.797752808988765,16.956203807639945,43.59550561797753,-85.16377649325605
2019-05-08,1844.2498779296875,1859.9998779296875,1816.4998779296875,1838.9998779296875,173422,1893.2248779296874,19.576719576719576,14.315751835384884,42.032332563510394,-104.97467977360728
2019-05-09,1779.7498779296875,1862.9998779296875,1779.7498779296875,1847.9998779296875,157657,1877.0998779296874,0.0,10.570385454635366,26.41921397379913,-173.3676975945016
2019-05-10,1780.4998779296875,1797.7498779296875,1776.7498779296875,1797.7498779296875,173039,1864.2748779296876,2.0661157024793386,6.316692188339682,30.34825870646766,-197.2636043865097
2019-05-13,1733.2498779296875,1780.4998779296875,1711.4998779296875,1780.4998779296875,194322,1844.4748779296874,8.814589665653495,1.1991319349472134,28.045977011494244,-239.26312037779576
2019-05-14,1752.7498779296875,1767.7498779296875,1727.9998779296875,1727.9998779296875,342019,1826.8498779296874,16.717325227963524,-3.883234398350764,24.029126213592235,-178.6378654524254
2019-05-15,1724.9998779296875,1768.4998779296875,1715.9998779296875,1742.2498779296875,287469,1808.1748779296875,5.47112462006079,-9.111000188993078,15.048543689320383,-158.49884436087282
2019-05-16,1729.4998779296875,1733.2498779296875,1695.7498779296875,1726.4998779296875,163863,1791.8248779296875,12.857142857142858,-14.06329073723289,18.13333333333334,-148.2153161322231
2019-05-17,1703.2498779296875,1725.7498779296875,1692.7498779296875,1715.9998779296875,146798,1774.8748779296875,3.9548022598870056,-18.970061821068306,10.0,-137.50283940334677
2019-05-20,1651.4998779296875,1698.7498779296875,1651.4998779296875,1698.7498779296875,173314,1754.0248779296876,0.0,-24.373485555706047,8.520179372197305,-148.66335623426966
2019-05-21,1658.9998779296875,1684.4998779296875,1631.2498779296875,1676.2498779296875,262204,1735.8748779296875,9.024390243902438,-29.62973492571304,11.08545034642033,-133.3497924606909
2019-05-22,1612.4998779296875,1647.7498779296875,1598.9998779296875,1640.2498779296875,379037,1712.6998779296875,4.400977995110025,-35.192545160200204,10.21276595744682,-142.57747218641072
2019-05-23,1589.9998779296875,1596.7498779296875,1562.9998779296875,1589.9998779296875,490971,1693.7248779296874,8.333333333333334,-40.93465353070705,10.147991543340382,-148.50450450450447
2019-05-24,1590.7498779296875,1619.2498779296875,1577.9998779296875,1601.9998779296875,203781,1674.7498779296875,8.76777251184834,-46.38286752253138,10.72210065645514,-123.85441214977745
2019-05-28,1620.7498779296875,1623.7498779296875,1559.2498779296875,1559.2498779296875,323840,1663.4998779296875,20.246913580246915,-50.776921415273804,18.895966029723994,-109.08205502800095
2019-05-29,1641.7498779296875,1649.9998779296875,1579.4998779296875,1596.7498779296875,403706,1652.3998779296876,27.160493827160494,-53.82913100443592,22.672064777327932,-86.63990460325691
2019-05-30,1653.7498779296875,1653.7498779296875,1613.2498779296875,1637.2498779296875,329479,1645.2748779296876,39.62264150943396,-55.56615624023108,30.188679245283026,-67.73257197240073
2019-05-31,1682.2498779296875,1682.2498779296875,1604.2498779296875,1623.7498779296875,462903,1640.5498779296875,55.59322033898305,-55.8064443048822,35.791757049891544,-49.51326980223391
2019-06-03,1602.7498779296875,1680.7498779296875,1589.2498779296875,1680.7498779296875,329331,1630.4998779296875,20.788530465949822,-56.23719210319379,32.73809523809524,-69.07905460472706
2019-06-04,1631.2498779296875,1634.9998779296875,1571.2498779296875,1571.2498779296875,188169,1628.4748779296874,34.40860215053763,-56.1818590702627,34.30232558139535,-72.87872714915561
2019-06-05,1616.2498779296875,1657.4998779296875,1610.9998779296875,1610.9998779296875,333873,1624.1998779296875,32.758620689655174,-55.936027056352486,35.47094188376754,-53.154821616894225
2019-06-06,1604.9998779296875,1621.4998779296875,1579.4998779296875,1606.4998779296875,205843,1623.4498779296875,27.47747747747748,-55.63567855126125,33.66141732283465,-77.05779334500875
2019-06-07,1598.2498779296875,1600.4998779296875,1585.4998779296875,1592.9998779296875,1140792,1624.2748779296876,27.956989247311828,-55.29779227293024,35.47717842323652,-82.47711256010007
2019-06-10,1617.7498779296875,1643.2498779296875,1598.9998779296875,1617.7498779296875,189822,1626.9748779296874,46.706586826347305,-54.51694463730634,44.874715261959,-43.7765497537686
2019-06-11,1577.2498779296875,1624.4998779296875,1575.7498779296875,1624.4998779296875,447552,1622.6248779296875,14.634146341463415,-54.02128942954911,38.716356107660445,-81.31695412995832
2019-06-12,1545.7498779296875,1571.9998779296875,1526.2498779296875,1564.4998779296875,276291,1613.0248779296876,12.5,-54.109809032076114,40.38876889848812,-152.9732079529595
2019-06-13,1521.7498779296875,1550.9998779296875,1516.4998779296875,1537.4998779296875,271022,1599.8248779296875,3.167420814479638,-54.81941652733923,40.215053763440864,-182.68498758221318
2019-06-14,1507.4998779296875,1546.4998779296875,1505.2498779296875,1508.2498779296875,346640,1582.3498779296874,1.271186440677966,-55.98351697208163,38.50931677018634,-182.63473053892216
2019-06-17,1498.4998779296875,1523.9998779296875,1479.89990234375,1521.7498779296875,282874,1571.9248779296875,9.191983113453917,-57.38745270777707,32.08791208791209,-194.8271042667997
2019-06-18,1529.9998779296875,1535.2498779296875,1484.099853515625,1489.7999267578125,219169,1561.7998779296875,24.759071722576103,-58.23475421072794,34.11513859275054,-141.21670397360742
2019-06-19,1567.4998779296875,1576.4998779296875,1518.7498779296875,1531.4998779296875,418134,1556.9248779296875,43.29132006676918,-57.95773183269112,38.56858846918489,-61.97568909433316
2019-06-20,1562.9998779296875,1612.4998779296875,1561.4998779296875,1564.4998779296875,287628,1552.7248779296874,41.374152694572565,-56.93022447594329,33.12101910828025,-13.31657121571932
2019-06-21,1598.2498779296875,1651.4998779296875,1551.7498779296875,1578.7498779296875,533881,1552.7248779296874,66.63850892742383,-54.794042647591404,49.271844660194176,24.901628183381145
2019-06-24,1562.9998779296875,1613.2498779296875,1562.2498779296875,1590.7498779296875,307742,1547.2498779296875,46.79053322601775,-52.51245377585122,39.19239904988124,-12.315837937384897
2019-06-25,1549.4998779296875,1562.2498779296875,1534.4998779296875,1561.4998779296875,246967,1544.4748779296874,40.55943210264721,-50.35502935617347,39.37947494033413,-61.75508620211764
2019-06-26,1508.2498779296875,1557.7498779296875,1505.2498779296875,1557.7498779296875,314111,1540.7248779296874,16.52096714415894,-48.93187492307938,35.947712418300654,-94.4229112833764
2019-06-27,1562.2498779296875,1562.2498779296875,1499.9998779296875,1499.9998779296875,1405528,1544.7748779296876,47.9895030898163,-47.0704866970476,45.40229885057471,-56.41532213807486
2019-06-28,1581.7498779296875,1586.9998779296875,1550.2498779296875,1550.2498779296875,425481,1552.1998779296875,59.35314107019257,-44.6136047945345,45.40229885057471,6.8924365859300005
2019-07-01,1614.7498779296875,1621.4998779296875,1578.7498779296875,1580.2498779296875,266161,1563.8248779296875,78.58391303698319,-41.28409364514026,54.8828125,72.96351824087957
2019-07-02,1628.2498779296875,1628.2498779296875,1583.9998779296875,1591.4998779296875,231060,1573.6498779296876,86.45104702339752,-37.27269444993088,61.27049180327869,89.73399211458809
2019-07-03,1652.9998779296875,1659.7498779296875,1598.2498779296875,1601.9998779296875,257381,1582.1998779296875,96.24687188418625,-32.564361407292964,67.89366053169734,134.19160716707984
2019-07-04,1652.9998779296875,1688.9998779296875,1644.7498779296875,1644.7498779296875,191376,1591.1998779296875,82.78335523515905,-27.591801562445436,70.63829787234042,164.84018264840182
2019-07-05,1634.2498779296875,1669.4998779296875,1628.9998779296875,1669.4998779296875,218495,1594.7998779296875,73.27965179283676,-22.950557282866075,68.73706004140787,119.65702036441601
2019-07-08,1641.7498779296875,1661.2498779296875,1627.4998779296875,1627.4998779296875,197043,1602.6748779296875,75.0,-18.588309793249554,66.5188470066519,112.94215563878473
2019-07-09,1636.4998779296875,1654.4998779296875,1607.9998779296875,1654.4998779296875,181126,1611.3748779296875,72.22222222222223,-14.671002473907041,61.27450980392157,87.66092295504066
2019-07-10,1685.9998779296875,1703.9998779296875,1623.7498779296875,1673.2498779296875,267227,1629.1498779296876,91.17647058823529,-10.414744984071788,67.52136752136752,127.87667663274529
2019-07-11,1684.4998779296875,1684.4998779296875,1652.9998779296875,1676.2498779296875,215022,1641.3748779296875,90.44117647058823,-6.16935445810351,63.593380614657214,116.72823218997368
2019-07-12,1682.2498779296875,1713.7498779296875,1674.7498779296875,1674.7498779296875,203751,1651.4248779296875,85.26315789473684,-2.175161750260768,70.97625329815304,126.15432775082166
2019-07-15,1670.9998779296875,1721.2498779296875,1663.4998779296875,1671.7498779296875,242617,1657.0498779296875,77.28813559322033,1.2776733039873323,71.54255319148936,109.3095987557102
2019-07-16,1679.9998779296875,1688.9998779296875,1643.2498779296875,1667.9998779296875,310489,1662.2248779296874,81.35593220338983,4.350870217403,84.38438438438439,81.00438719312977
2019-07-17,1717.4998779296875,1730.2498779296875,1655.2498779296875,1655.2498779296875,512670,1668.6748779296875,92.91666666666667,7.613389323514106,83.27974276527331,114.25821022622101
2019-07-18,1745.2498779296875,1765.4998779296875,1706.9998779296875,1709.9998779296875,288296,1677.8998779296876,89.1566265060241,11.248927858063217,83.85093167701864,152.51739809686126
2019-07-19,1769.9998779296875,1777.4998779296875,1745.2498779296875,1769.9998779296875,226583,1691.4748779296874,96.12403100775194,15.29692001920553,83.27974276527331,163.81442279157193
2019-07-22,1781.9998779296875,1797.7498779296875,1752.7498779296875,1763.2498779296875,229599,1705.4998779296875,92.10526315789474,19.547815901345313,83.1715210355987,158.57031857031853
2019-07-23,1778.9998779296875,1808.2498779296875,1758.7498779296875,1802.2498779296875,235608,1719.7498779296875,85.3932584269663,23.610632244074857,80.0,148.62310286027335
2019-07-24,1772.2498779296875,1790.9998779296875,1759.4998779296875,1780.4998779296875,259781,1728.3748779296875,82.02247191011236,27.18107871452026,77.50865051903114,128.18912257114496
2019-07-25,1738.4998779296875,1780.4998779296875,1723.4998779296875,1780.4998779296875,223577,1733.7748779296876,65.1685393258427,29.6553358689248,72.49190938511327,83.86319245314384
2019-07-26,1771.4998779296875,1771.4998779296875,1720.4998779296875,1720.4998779296875,142649,1742.6998779296875,81.64794007490637,31.77172336559384,75.21865889212827,82.61370178468617
2019-07-29,1780.4998779296875,1793.324951171875,1752.7498779296875,1755.7498779296875,117660,1753.6498779296876,84.95934959349593,33.62403612342244,77.58620689655173,98.2834248259645
2019-07-30,1781.2498779296875,1801.1248779296875,1759.4998779296875,1793.9998779296875,183878,1763.7748779296876,83.63636363636364,35.14906048755391,72.43816254416961,93.29573460619835
2019-07-31,1748.2498779296875,1798.4998779296875,1724.2498779296875,1762.4998779296875,450401,1766.8498779296874,63.63636363636363,35.782394984724064,63.07692307692307,55.4202037254208
2019-08-01,2051.25,2132.25,1747.4998779296875,1747.4998779296875,976565,1797.4498901367188,83.4355869571024,40.576269772853024,83.88430113360587,283.43981774770475
2019-08-02,2052.0,2131.5,2033.2498779296875,2064.0,1295507,1825.64990234375,83.58896115194405,47.646072059817,85.67416057820168,312.6635795700769
2019-08-05,2044.4998779296875,2101.5,1994.9998779296875,2029.4998779296875,303028,1851.89990234375,81.60375270147674,55.54351578957861,84.22533642104221,228.74736438272467
2019-08-06,2065.5,2149.5,2042.7298583984375,2053.5,792814,1880.5499145507813,81.0169543893024,63.75416186620617,83.72091812896625,193.6678053493413
2019-08-07,2070.0,2111.25,2031.7498779296875,2062.5,650035,1910.3249267578126,81.46853674158861,71.65718771208617,82.9528037256996,144.92459456455998
2019-08-08,2075.25,2088.059814453125,2018.9998779296875,2074.5,286944,1943.9999389648438,82.69231261714407,78.87355294116178,82.25038413750072,115.44404644217587
2019-08-09,2033.9998779296875,2071.5,2014.3648681640625,2071.5,202885,1970.2499389648438,73.07690228316947,84.4433484213524,75.0746025005806,90.12374351899861
2019-08-12,1964.2498779296875,2032.4998779296875,1949.9998779296875,2032.4998779296875,332658,1988.6249389648438,56.81816565078966,87.38384401457071,66.271395792679,54.70976287053863
2019-08-13,1949.9998779296875,1985.324951171875,1886.1148681640625,1970.2498779296875,289741,2005.4999389648438,53.49648827428196,88.09568385490931,65.40960984096479,29.274998474623025
2019-08-14,1878.7498779296875,1960.4998779296875,1871.9998779296875,1938.7498779296875,1861783,2018.5499389648437,36.88810139174344,86.03578960470743,61.41635234124413,6.388129006177651
2019-08-15,1826.9998779296875,1872.2999267578125,1813.4998779296875,1859.2498779296875,235706,1996.1249267578125,24.16225055968612,81.32487519097577,54.38388287430046,-32.35395896774446
2019-08-16,1821.7498779296875,1859.2498779296875,1797.7498779296875,1850.2498779296875,217804,1973.0999145507812,22.927683012840845,74.93019009087183,53.27770901796765,-41.33879402574985
2019-08-19,1846.4998779296875,1854.224853515625,1804.64990234375,1805.2498779296875,251399,1953.2999145507813,28.74778716225429,68.0394608391078,54.99425573884204,-38.910420874117314
2019-08-20,1805.2498779296875,1856.9998779296875,1783.4998779296875,1844.2498779296875,274509,1927.27490234375,14.365667279548521,60.385848784483244,54.3083868424724,-52.071176364375354
2019-08-21,1859.2498779296875,1922.9998779296875,1843.4998779296875,1853.2498779296875,356791,1906.1998901367188,20.69671440859455,53.379198456776614,26.727278592023026,-20.730727051927392
2019-08-22,1852.4998779296875,1869.7498779296875,1831.4998779296875,1862.9998779296875,156126,1883.9248779296875,18.852452728620776,46.91599709541277,26.16488082476873,-40.24591390960545
2019-08-23,1823.9998779296875,1874.2498779296875,1801.4998779296875,1856.2498779296875,133980,1862.9248779296875,11.06557007984263,40.57059881088135,24.914689702715208,-56.11864403826625
2019-08-27,1871.2498779296875,1901.9998779296875,1816.4998779296875,1837.4998779296875,205181,1853.6248779296875,26.773445405818926,35.29305102860009,29.146530203057324,-40.82644080818871
2019-08-28,1863.7498779296875,1882.4998779296875,1838.2498779296875,1882.4998779296875,189980,1844.9998779296875,26.34949327743386,30.761370906906098,27.999992708335228,-46.544285313423515
2019-08-29,1874.9998779296875,1874.9998779296875,1833.5849609375,1866.7498779296875,139358,1844.6248779296875,31.770819867104482,27.044120138040753,28.909945173152096,-53.13846177341235
2019-08-30,1886.2498779296875,1896.7498779296875,1869.7498779296875,1882.4998779296875,163264,1850.5498779296875,41.265060240963855,24.15005049640896,33.38954468802699,-32.649490069035814
2019-09-02,1915.4998779296875,1925.9998779296875,1860.4049072265625,1873.4998779296875,132223,1859.9248779296875,65.40317210320131,22.335270567028708,43.970315398886825,-15.214176736851138
2019-09-03,1891.4998779296875,1928.9998779296875,1874.2498779296875,1925.2498779296875,161400,1864.4248779296875,61.016949152542374,20.85828970016218,42.93478260869565,-12.270199388804647
2019-09-04,1968.7498779296875,1986.7498779296875,1897.4998779296875,1911.7498779296875,251361,1880.7748779296876,91.14391143911439,20.85539889011398,60.714285714285715,50.05795744565776
2019-09-05,2018.9998779296875,2038.4998779296875,1964.9998779296875,1973.2498779296875,230243,1896.7498779296875,92.3529411764706,22.530766439874384,72.93906810035843,122.8339144445436
2019-09-06,2059.5,2059.5,1999.4998779296875,2021.2498779296875,278645,1917.4498901367188,100.0,25.765011900415836,76.19835351068744,165.01451624833268
2019-09-09,2052.75,2089.514892578125,2030.9998779296875,2070.0,283888,1940.32490234375,87.98591872351035,29.64037136203286,73.66610032033819,181.94979373864606
2019-09-10,2082.0,2108.25,2039.9998779296875,2039.9998779296875,782112,1961.3999145507812,91.44254619270109,34.113526177077944,82.65487225327473,178.69980334134257
2019-09-11,2110.5,2156.25,2088.75,2100.0,249294,1986.0749267578126,87.10359851802046,39.10382659957511,81.54426177752099,178.21513597453304
2019-09-12,2173.5,2187.75,2103.0,2118.0,295909,2015.9249389648437,96.31068077762161,45.07266675023713,85.3135352976487,165.857953883663
2019-09-13,2192.25,2220.75,2138.25,2161.5,274876,2046.524951171875,92.9499093645189,51.53835575566808,91.3996650924015,154.4657614455571
2019-09-16,2182.5,2202.0,2142.0,2190.0,238345,2073.224963378906,90.12049226019468,57.703496002536895,88.21363152551426,127.37644958739169
2019-09-17,2145.75,2177.25,2138.25,2160.75,199208,2098.6499755859377,80.62841619646015,62.63922854505222,82.30241044753788,100.53607733593978
2019-09-18,2106.75,2152.5,2098.5,2139.75,388903,2112.449987792969,68.36365964565081,65.78066320558442,74.95961886200786,72.76331378670042
2019-09-19,2127.0,2145.75,2094.0,2094.75,351004,2123.25,73.98327273491022,67.80593700470754,75.43582250091247,67.76767252553594
2019-09-20,2190.0,2256.0,2116.5,2118.0,431400,2136.3,82.71120395664371,69.87603935933609,77.07101143776885,96.34436636071688
2019-09-23,2175.0,2189.25,2139.19482421875,2180.25,238176,2148.525,77.40586543395555,71.46714333048469,78.46386070064911,78.91301367185358
2019-09-24,2164.5,2190.75,2142.0,2181.0,282831,2156.775,68.55671422093376,72.34420265177826,72.69565990272308,72.02668119606484
2019-09-25,2160.0,2165.25,2121.75,2152.5,162082,2161.725,62.57311722694455,72.49105377762646,68.28794778495492,56.3414196316924
2019-09-26,2163.0,2193.75,2136.0,2178.75,137529,2160.675,58.66668909142302,72.05516784724769,64.87068965517241,62.6301960875268
2019-09-27,2172.75,2180.159912109375,2149.5,2175.75,138462,2158.725,61.45835511477146,71.26821073302632,67.09401709401709,61.30667907957892
2019-09-30,2172.75,2190.0,2160.0,2176.5,1287742,2157.75,50.224215246636774,70.14002792612646,64.1025641025641,65.16813951362873
2019-10-01,2196.75,2228.159912109375,2170.5,2185.5,399227,2162.85,63.425925925925924,69.08015534406078,63.593380614657214,91.71730917200063
2019-10-02,2169.75,2200.635009765625,2148.75,2181.75,247936,2169.15,46.75925925925926,67.53044168136337,49.333333333333336,55.434883365888254
2019-10-03,2193.0,2208.0,2162.25,2182.5,241116,2175.75,61.111111111111114,65.97196830444824,50.131233595800516,78.54777614036789
2019-10-04,2195.25,2262.75,2178.75,2178.75,228019,2176.275,60.0,64.3752362334128,52.291105121293796,129.62533127721102
2019-10-07,2184.0,2240.1748046875,2147.25,2211.75,139901,2177.175,53.333333333333336,62.51201632310067,57.566765578635014,78.53899726174735
2019-10-08,2153.25,2211.0,2134.094970703125,2211.0,147420,2176.05,35.111111111111114,59.94636424370132,59.50920245398773,-1.7210873155564634
2019-10-09,2158.5,2187.0,2146.5,2180.25,81276,2175.9,28.71794871794872,57.0220678043783,56.86274509803922,-19.896038433516587
2019-10-10,2220.0,2232.0,2156.25,2159.25,228702,2181.6,69.68085106382979,54.87750823416304,56.57894736842105,121.28062584072903
2019-10-11,2415.0,2470.5,2216.25,2216.25,557593,2205.825,84.08602150537635,56.32012815314534,79.41176470588235,439.5421605329884
2019-10-14,2439.75,2465.25,2225.9248046875,2430.0,316156,2232.525,91.18279569892474,60.20200499119228,82.59325044404973,306.8460229010893
2019-10-15,2531.25,2622.75,2451.0,2481.0,780917,2265.975,81.27513388501103,66.73188292434239,86.45066273932254,332.15266873193826
2019-10-16,2569.5,2621.25,2500.5,2562.75,392122,2305.95,89.10274185111297,75.03733060282931,87.32782369146005,241.65514090213773
2019-10-17,2592.0,2685.0,2531.25,2565.75,478403,2345.85,83.11868742264039,84.20823481182249,87.61776581426649,198.25579345129884
2019-10-18,2559.75,2632.5,2556.75,2612.25,546142,2382.3,77.26468386758827,92.73437893938105,82.82442748091603,149.02983244675394
2019-10-21,2596.5,2625.75,2544.75,2549.25,803868,2423.55,83.9355251279965,100.78440975350878,83.18804483188045,126.4640841095794
2019-10-22,2594.25,2625.0,2565.0,2608.5,311838,2467.65,83.52710627531845,107.84842055698832,86.75324675324676,110.59505587744346
2019-10-23,2571.0,2600.25,2522.25,2559.0,333325,2508.9,79.30677813097854,113.30735746425069,82.72727272727272,87.09306279660609
2019-10-24,2474.25,2610.75,2449.5,2558.25,427817,2534.325,61.74476746582218,115.67225852469592,70.75892857142857,59.96601169890873
2019-10-25,2435.25,2503.5,2378.25,2450.25,362521,2536.35,54.66550735273589,115.08804313889692,67.95284030010718,27.747177258483884
2019-10-28,2479.5,2501.909912109375,2389.5,2427.75,192003,2540.325,61.83844011142061,113.12967821011748,72.87066246056781,30.40790774567883
2019-10-29,2398.5,2484.75,2375.25,2477.25,211116,2527.05,45.815602836879435,108.86253058238006,65.20912547528516,10.777103519574228
2019-10-30,2390.25,2422.7998046875,2321.25,2415.0,246386,2509.125,37.12,102.99222995781558,61.56982670744138,-12.921534534578381
2019-10-31,2341.5,2406.0,2341.5,2406.0,301262,2484.075,25.17565673175308,95.4123170489884,43.76590330788804,-26.062447207509905
2019-11-01,2349.0,2367.75,2330.25,2343.0,198085,2463.0,7.628865979381444,87.06039799014818,42.070773263433814,-38.90519870764654
2019-11-04,2366.25,2379.14990234375,2320.5,2325.0,249677,2439.975,12.551440329218106,78.73920724836697,33.433734939759034,-42.821660066488604
2019-11-05,2357.25,2373.0,2337.75,2367.75,178867,2416.275,10.08230452674897,70.55043466499903,27.36,-52.23985964855383
2019-11-06,2328.0,2367.0,2307.75,2367.0,134647,2391.975,6.235565819861431,62.24646282992993,22.239747634069403,-77.0032100854172
2019-11-07,2396.25,2396.25,2325.0,2343.0,223258,2384.175,27.830188679245282,55.252610869866686,34.01759530791789,-61.50594583842938
2019-11-08,2325.0,2404.5,2325.0,2376.0,151293,2373.15,5.4373522458628845,48.18386192937762,25.137362637362642,-75.86830079093144
2019-11-11,2316.75,2333.25,2269.60498046875,2311.5,321620,2356.875,13.81964174532859,41.19727981301341,24.86413043478261,-102.71461918338935
2019-11-12,2285.25,2322.659912109375,2277.0,2312.25,605893,2345.55,4.5860319323280825,34.03198541288327,24.497991967871485,-101.08086589534727
2019-11-13,2286.0,2299.5,2253.75,2283.0,210639,2335.125,12.912912912912914,27.0646942213104,29.725363489499202,-103.00176909151688
2019-11-14,2321.25,2339.25,2297.25,2307.75,126851,2333.1,27.200203057071434,21.08745177170473,37.62214983713355,-70.1740696796417
2019-11-15,2367.0,2377.5,2310.75,2311.5,205941,2334.9,49.02597402597402,16.72594158103963,37.824675324675326,-40.703379485326
2019-11-18,2382.75,2429.25,2373.0,2383.5,209997,2336.55,73.5042735042735,13.81893888670032,48.01512287334594,5.450370566572915
2019-11-19,2406.75,2437.5,2383.5,2404.5,198560,2341.5,83.26530612244898,12.32739302329596,51.99999999999999,36.10504198176145
2019-11-20,2404.5,2419.5,2385.75,2406.75,158617,2349.15,82.04081632653062,11.73722332021545,58.60655737704918,47.49143343909054
2019-11-21,2380.5,2389.5,2336.25,2389.5,199580,2347.575,68.9795918367347,11.333298913863576,54.117647058823536,6.68891617613324
2019-11-22,2383.5,2413.5,2373.75,2397.75,370910,2353.425,70.61224489795919,11.089316203312492,52.34215885947046,55.71466248638002
2019-11-25,2439.0,2439.0,2384.25,2415.0,230188,2365.65,100.0,11.81856711665797,59.85533453887884,128.21635382252336
2019-11-26,2414.25,2441.25,2396.25,2420.25,282382,2378.55,85.6,12.69778477290466,60.51188299817185,121.39445327740918
2019-11-27,2406.0,2435.25,2373.75,2409.75,391833,2390.55,81.2,13.464343884265388,51.391862955032124,88.31520039604433
2019-11-28,2430.0,2455.5,2384.25,2400.0,212099,2401.425,87.36059479553903,14.472324526590885,67.32673267326733,109.5271396455895
2019-11-29,2376.0,2442.375,2376.0,2441.25,161822,2402.325,60.594795539033456,14.684259679948244,58.49462365591398,56.558923001038615
2019-12-02,2352.0,2397.19482421875,2327.474853515625,2382.75,200293,2399.25,48.698884758364315,13.969764570802184,59.78021978021978,-16.64416468593215
2019-12-03,2349.75,2382.75,2304.75,2370.0,198462,2393.55,33.175355450236964,12.644318580177208,59.29978118161926,-39.57243197251261
2019-12-04,2400.0,2410.5,2342.25,2352.0,213205,2393.1,63.18407960199005,11.778312924133362,61.0062893081761,27.4384991895375
2019-12-05,2400.75,2422.5,2384.25,2387.25,187208,2395.125,63.681592039801,11.230793670766868,55.39568345323742,57.0526261870584
2019-12-06,2438.25,2438.25,2382.0,2382.0,209740,2400.6,88.55721393034825,11.484290736244677,58.29596412556054,80.29292664628491
2019-12-09,2460.75,2464.5,2409.75,2409.75,217329,2402.775,97.65258215962442,12.559359914406176,58.10810810810811,119.94130438815463
2019-12-10,2390.25,2455.69482421875,2383.5,2440.5,237801,2400.375,53.521126760563384,12.939606026985624,48.22429906542056,49.36292907447509
2019-12-11,2355.0,2401.5,2307.75,2401.5,367187,2395.275,31.455399061032864,12.272532231527732,46.90909090909091,-94.96703345324967
2019-12-12,2397.0,2399.25,2327.25,2345.25,251014,2391.975,57.74647887323944,11.62610160496723,51.49501661129568,-58.15795938676181
2019-12-13,2632.5,2707.5,2525.5498046875,2550.0,997716,2417.625,81.3780260707635,14.757263398355871,65.3206650831354,464.82628720539884
2019-12-16,2745.0,2778.75,2595.0,2595.0,584004,2456.925,92.87974683544304,21.853243267732577,72.99270072992701,374.32122539708723
2019-12-17,2721.0,2721.0,2620.0498046875,2700.0,513110,2494.05,87.81645569620254,30.62959736077496,71.42857142857143,234.20571955085722
2019-12-18,2670.75,2721.0,2670.75,2700.75,260428,2521.125,77.21518987341773,39.12758602933256,65.81280788177341,175.3923163174472
2019-12-19,2535.0,2605.5,2493.0,2605.5,405429,2534.55,48.575949367088604,44.750630385321564,59.430604982206404,59.515706514670406
2019-12-20,2460.75,2586.599853515625,2437.5,2578.5,383502,2536.8,32.91139240506329,46.99033494295284,56.08732157850546,20.915409099668995
2019-12-23,2466.0,2553.0,2440.619873046875,2454.75,167806,2537.325,33.59872611464968,46.96867885256863,56.48535564853556,12.742520453200742
2019-12-24,2525.25,2526.0,2452.5,2478.75,78843,2550.825,46.17834394904459,46.36902899129431,56.91797845898923,20.130977892534943
2019-12-27,2497.5,2521.5,2465.369873046875,2505.0,141569,2565.075,40.28662420382165,44.89011902933219,55.18905872888174,12.686752051348732
2019-12-30,2484.0,2539.5,2466.0,2474.25,155390,2573.775,37.4203821656051,42.61993449735677,52.51857968620974,11.501511213279851
2019-12-31,2461.5,2489.010009765625,2453.25,2472.75,49736,2556.675,32.64331210191083,39.5166874080809,50.04128819157721,-12.356556367776706
2020-01-02,2525.25,2548.5,2437.949951171875,2462.25,272138,2534.7,46.17834394904459,36.98099768037228,57.48752079866889,10.056129274625853
2020-01-03,2475.0,2526.75,2475.0,2514.75,208704,2510.1,32.72425249169435,34.047970381126184,56.54664484451718,-5.731780329593895
2020-01-06,2465.25,2496.75,2441.25,2496.75,252898,2489.55,8.131868131868131,30.786495960122256,53.85920271416455,-32.00753554331873
2020-01-07,2490.75,2602.5,2430.0,2430.0,314727,2485.125,17.419354838709676,27.82679807983524,39.48832035595106,-0.45375979956420404
2020-01-08,2448.75,2508.75,2435.010009765625,2482.5,314279,2483.925,6.443298969072165,24.477891770747984,25.465838509316782,-44.39871346297849
2020-01-09,2454.75,2478.0,2419.5,2447.25,213720,2482.8,11.691542288557214,21.100528790249243,27.272727272727266,-57.66421058466438
2020-01-10,2511.75,2522.25,2470.5,2475.0,235017,2481.45,49.596774193548384,18.74368600376323,36.58227848101266,-13.751348056596315
2020-01-13,2500.5,2574.75,2472.929931640625,2490.0,201586,2481.75,44.26229508196721,16.92782726614073,46.31410256410256,-7.7633393784576095
2020-01-14,2550.0,2559.77978515625,2490.0,2490.0,224331,2488.35,71.31147540983606,16.297398812590366,60.06768189509307,2.1602098444835165
2020-01-15,2586.75,2648.25,2576.969970703125,2616.75,504715,2500.875,73.11475409836065,16.99220291457032,62.7172195892575,84.50785779144259
2020-01-16,2553.75,2622.75,2553.75,2580.0,462540,2503.725,58.68852459016394,17.915989935093187,53.17725752508361,71.8777761807218
2020-01-17,2585.25,2609.25,2543.25,2590.5,241398,2514.75,72.45901639344262,19.396602508190874,59.701492537313435,97.75420528948132
2020-01-20,2469.75,2549.25,2469.389892578125,2535.0,275989,2515.2,21.9672131147541,19.261662569080357,48.714479025710425,-28.612582290878226
2020-01-21,2419.5,2468.8798828125,2383.5,2466.0,310191,2508.075,13.597733711048159,17.275588761418724,46.391752577319586,-175.48470878120065
2020-01-22,2378.25,2435.25,2368.5,2392.5,350722,2501.025,3.485254691689008,13.535879158801544,36.8632707774799,-202.3441215186754
2020-01-23,2358.0,2393.25,2358.0,2362.5,262939,2491.35,0.0,8.539138440716757,38.95184135977337,-200.7344592985256
2020-01-24,2388.0,2429.25,2372.25,2385.0,242496,2478.975,10.335917312661499,3.4756224321969755,42.97407912687586,-130.94492738484544
2020-01-27,2313.75,2403.75,2306.25,2403.75,380825,2460.3,2.192982456140351,-2.5568461896694847,35.21303258145363,-171.3896273404181
2020-01-28,2303.25,2370.75,2294.25,2302.5,318429,2435.625,2.542372881355932,-9.042097362368429,37.169312169312164,-162.51609477912987
2020-01-29,2259.0,2334.75,2259.0,2334.75,410866,2402.85,0.0,-16.156550420296963,33.82899628252788,-166.90611590556819
2020-01-30,2202.75,2280.75,2190.75,2280.75,367515,2367.75,2.622950819672131,-24.153035495742266,24.44168734491315,-180.63389942208715
2020-01-31,2181.75,2254.5,2181.75,2235.0,360195,2327.4,0.0,-32.56316527223859,24.053724053724054,-162.03939949656024
2020-02-03,2200.5,2214.75,2156.25,2189.25,436954,2300.475,8.99390243902439,-40.41832329410779,20.051413881748076,-146.19504471364164
2020-02-04,2274.75,2291.25,2212.5,2212.5,352122,2286.0,25.40192926045016,-46.23711848903791,24.8792270531401,-91.04179520474216
2020-02-05,2308.5,2331.0,2256.75,2295.0,387207,2279.025,33.609271523178805,-49.8306847714195,30.277442702050664,-60.70289242324036
2020-02-06,2283.75,2332.5,2270.25,2316.0,230090,2271.6,32.44274809160305,-52.12243758322088,25.48780487804879,-56.97361257610372
2020-02-07,2241.0,2283.75,2223.75,2280.0,179254,2256.9,27.108732932874773,-54.04135516615799,28.9073305670816,-76.77751854289036
2020-02-10,2254.5,2265.75,2212.5,2265.0,177699,2250.975,35.215053763440864,-55.28743822485263,33.67952522255193,-73.37530814022806
2020-02-11,2298.0,2306.25,2265.0,2265.0,187852,2250.45,51.92307692307692,-55.226451556501075,42.097488921713435,-40.85764167293649
2020-02-12,2257.5,2313.75,2225.699951171875,2298.75,204192,2250.3,37.08791208791209,-54.86969751921017,40.48295454545454,-52.0355538432515
2020-02-13,2265.0,2297.25,2235.0,2250.0,212425,2256.525,43.93939393939394,-54.101546601874105,37.83382789317507,-47.20943801850916
2020-02-14,2245.5,2283.0,2245.5,2282.25,219918,2262.9,41.60839160839161,-53.30361057339148,42.42928452579036,-49.46765541642006
2020-02-17,2265.0,2279.25,2216.25,2271.0,152340,2269.35,60.924369747899156,-52.09623411759579,45.84013050570963,-50.031830404772165
2020-02-18,2228.25,2280.0,2228.25,2280.0,158405,2264.7,40.851063829787236,-51.16310793383342,46.60033167495854,-55.514591499723224
2020-02-19,2253.0,2289.0,2242.5,2289.0,136939,2259.15,54.8936170212766,-49.93930965685594,55.97147950089126,-25.076623587454492
2020-02-20,2262.0,2286.75,2250.0,2284.5,362155,2256.975,60.0,-48.3400657390339,59.81651376146789,-9.479051904246047
2020-02-21,2273.25,2304.75,2234.25,2280.75,175804,2260.2,50.625,-46.29967080842245,59.06542056074766,15.936179147930806
2020-02-24,2159.25,2233.5,2130.0,2232.0,254820,2250.675,14.444444444444445,-45.80300894693583,36.904761904761905,-208.5349928805379
2020-02-25,2142.75,2187.10498046875,2125.5,2166.75,516454,2235.15,8.333333333333334,-46.458818442432936,30.442477876106196,-215.15710842036032
2020-02-26,2139.75,2156.25,2088.75,2127.75,694536,2223.375,22.666666666666668,-47.7445702429595,32.08955223880598,-204.43339761863018
2020-02-27,2027.2498779296875,2114.25,2027.2498779296875,2097.75,526408,2199.599987792969,0.0,-51.04381065139539,27.34498497506972,-242.31371129733003
2020-02-28,1939.4998779296875,1988.2498779296875,1901.9998779296875,1982.2498779296875,731454,2168.9999755859376,9.107465423798056,-56.715775907989915,21.153841424439506,-275.34575175138
2020-03-02,1929.7498779296875,2018.9998779296875,1865.9998779296875,1997.2498779296875,395004,2135.474963378906,14.237852064725738,-63.60387417070184,14.05563354655817,-211.63801182741045
2020-03-03,1925.9998779296875,1987.27490234375,1925.9998779296875,1973.2498779296875,300117,2105.249951171875,13.675209870456655,-70.80799851311559,15.141951948721754,-163.69368200535828
2020-03-04,1897.4998779296875,1940.2498779296875,1886.2498779296875,1898.9998779296875,533686,2069.6999389648436,7.179485181989744,-78.12586488066749,12.990933361918835,-156.02546603975003
2020-03-05,1168.4998779296875,1778.39990234375,1088.9998779296875,1739.9998779296875,1900604,1960.3499267578125,6.53917269320267,-96.58411248030743,5.34825816512145,-323.8491833415571
2020-03-06,1034.39990234375,1152.52490234375,869.9998779296875,1149.89990234375,1621675,1836.4649169921875,11.45844296404986,-122.97667543186478,3.407541774369406,-305.57647875662065
2020-03-09,835.4998779296875,994.1248779296875,775.7999267578125,899.9998779296875,1575979,1704.0899047851562,3.904637058898813,-155.85181677512134,3.0349011158514116,-251.45133545380793
2020-03-10,779.6998901367188,857.0999145507812,768.14990234375,838.7999267578125,1510228,1567.784893798828,0.7516586658158977,-191.60178183256153,1.337693125271926,-203.99611229737863
2020-03-11,749.8499145507812,809.4899291992188,704.5499267578125,774.89990234375,1288054,1428.7948852539062,2.830895245566751,-227.31909816600938,0.7330661306226602,-163.94257615475874
2020-03-12,614.6998901367188,718.64990234375,608.9998779296875,713.6998901367188,1289885,1287.5398864746094,0.35087791804946006,-262.7817236686087,0.0,-144.68818042045768
2020-03-13,534.2999267578125,656.6998901367188,493.34991455078125,638.39990234375,2519970,1147.0198913574218,2.4177056666004697,-296.9095062195058,0.0,-129.5363575145051
2020-03-16,419.84991455078125,527.6848754882812,297.59991455078125,517.4998779296875,3410733,996.0298950195313,6.577354229128787,-329.560866591123,0.0,-124.44716567247976
2020-03-17,498.14990234375,568.1248779296875,359.9999084472656,449.9999084472656,1604709,853.2448974609375,11.039549630350361,-357.5748294265782,4.354353498150658,-103.44405930134361
2020-03-18,653.39990234375,662.0548706054688,419.69989013671875,489.89990234375,1437316,728.8348999023438,20.669222456271875,-377.92171466183606,12.68638442040752,-83.51706967039759
2020-03-19,628.1998901367188,701.39990234375,584.9998779296875,636.14990234375,1318834,674.8049011230469,19.205297003551024,-391.93709829099066,13.132590677140527,-70.50996081297626
2020-03-20,510.2998962402344,666.1049194335938,486.14990234375,644.9998779296875,1485262,622.3949005126954,12.58821863530566,-402.23703142176447,12.37974042999997,-72.16708153734115
2020-03-23,450.14990234375,551.0999145507812,414.14990234375,509.9999084472656,1727314,583.8599029541016,9.286822585085366,-409.71113110932714,12.020381052641369,-74.78621177114428
2020-03-24,521.39990234375,549.14990234375,445.8749084472656,479.39990234375,2080892,558.0299041748046,15.113451488240985,-412.95168180359906,15.349750480332588,-66.70004717811811
2020-03-25,576.2999267578125,596.2498779296875,521.39990234375,524.9998779296875,1654551,540.6749053955078,32.59935271356486,-411.5517527444231,27.424521111807792,-56.216308119222695
2020-03-26,562.4998779296875,619.994873046875,509.59490966796875,580.9498901367188,1339627,535.4549041748047,38.0316538970624,-406.59880949770366,30.19390560429055,-52.898408617869954
2020-03-27,470.9999084472656,567.89990234375,470.9999084472656,567.2999267578125,2560168,529.12490234375,30.99195601367013,-400.21165490050987,33.18571955277487,-59.678609599596264
2020-03-30,494.9999084472656,567.2999267578125,419.9999084472656,486.7499084472656,1907573,536.6399017333985,38.56297021774439,-391.96532031346874,36.46991825692273,-59.66932153267208
2020-03-31,490.64990234375,567.2999267578125,445.2298889160156,562.4998779296875,1363976,535.8899017333985,45.84965999046457,-382.16200776792067,37.375803479408056,-56.57046827720669
2020-04-01,428.69989013671875,500.5498962402344,428.69989013671875,477.44989013671875,1904139,513.4199005126953,32.46656254312554,-372.0140691885025,40.245437631789905,-75.18966089282792
2020-04-02,388.94989013671875,451.2449035644531,382.139892578125,433.4999084472656,1775465,489.4949005126953,22.62258007614733,-361.9683901163752,42.0377963899421,-101.16741422015694
2020-04-03,361.94989013671875,419.9999084472656,350.5498962402344,412.34991455078125,1443592,474.65989990234374,3.2492500208538955,-352.1191864699972,46.492183388558075,-123.60377138990786
2020-04-06,412.4999084472656,455.5498962402344,374.9999084472656,374.9999084472656,1900926,470.8949005126953,17.65712159878184,-341.3003944733148,44.63043161084316,-93.14356003929322
2020-04-07,441.89990234375,472.4999084472656,431.8049011230469,449.9999084472656,1751181,462.9449005126953,26.0367691361999,-329.19406986772356,34.25636616510076,-61.792154341355086
2020-04-08,495.44989013671875,501.2998962402344,434.9999084472656,457.94989013671875,1703550,454.8598968505859,45.91908961870511,-315.3107196531527,40.51853505172795,-28.502065626527635
2020-04-09,594.5999145507812,594.5999145507812,507.7499084472656,520.3499145507812,2404722,458.0699005126953,90.57508557143461,-298.74081473069384,56.18670251671669,81.19852971138594
2020-04-14,620.5499267578125,644.9998779296875,575.5499267578125,594.7498779296875,1814109,473.02490234375,91.69639915357116,-280.26074312645136,63.16643476266185,129.98692812263525
2020-04-15,548.6998901367188,649.9498901367188,536.39990234375,649.9498901367188,1201901,478.3949005126953,66.18236404005856,-262.05972638859816,52.10745577684866,78.99255855141871
2020-04-16,490.7998962402344,577.3499145507812,481.0498962402344,577.3499145507812,1387156,478.40989990234374,46.843688329696676,-245.31421666866964,43.43015084648395,5.880416231140925
2020-04-17,540.7498779296875,572.3248901367188,509.84991455078125,548.39990234375,1665894,489.6148986816406,63.52704928752054,-229.00277433334014,48.41668495010953,38.112895216500725
2020-04-20,529.64990234375,617.369873046875,515.2498779296875,565.0499267578125,1751039,503.6848999023438,59.81964253661218,-213.4736197683708,54.835517335689055,64.47307941675305
2020-04-21,481.19989013671875,515.7149047851562,467.09991455078125,504.2998962402344,2030615,515.6098999023437,43.637273400097584,-199.53529405245942,48.90632294270111,-19.13031329434374
2020-04-22,464.5498962402344,761.0698852539062,444.89990234375,498.2998962402344,1205509,520.8148986816407,27.769658737909438,-187.13559873695795,47.971081749858456,67.66769416779597
2020-04-23,500.69989013671875,514.3948974609375,449.9999084472656,473.9999084472656,1021483,526.6948974609375,36.57556219302242,-175.34702774363743,55.83090355951402,-22.39263272525133
2020-04-24,501.44989013671875,522.5999145507812,481.8149108886719,491.2499084472656,1150320,527.2948974609375,36.75825731629814,-164.14785684992376,59.72510332394661,-0.39799467403090155
2020-04-27,521.0999145507812,566.1149291992188,507.2998962402344,515.8499145507812,1836969,519.9448974609375,37.84288208888317,-153.2175587315923,63.93485778879283,45.057502842119305
2020-04-28,533.2498779296875,548.4899291992188,505.7998962402344,505.7998962402344,944571,511.214892578125,30.80952475843088,-142.4857097701105,61.334832522863834,38.7211604767395
2020-04-29,590.2498779296875,593.6998901367188,537.5399169921875,554.9998779296875,1154471,515.3698913574219,47.61246987620852,-131.20667068778,63.239622988481706,90.29493121127172
2020-04-30,584.6998901367188,650.8499145507812,530.39990234375,600.89990234375,1742705,524.7598907470704,44.21671738290687,-119.96542957587272,58.711566617862374,97.45214689139584
2020-05-01,575.0999145507812,588.9749145507812,530.9998779296875,583.1998901367188,811274,528.1948944091797,41.180383731756486,-109.21690045705024,47.693399307719446,62.57063857497183
2020-05-04,553.1998901367188,581.9398803710938,533.0999145507812,577.4998779296875,642863,530.5498931884765,34.253722252862815,-99.4411240180514,41.956282991462075,46.07212012796037
2020-05-05,525.4498901367188,576.0299072265625,523.1998901367188,566.9998779296875,974421,534.9748931884766,25.476797971633523,-91.00360107427859,46.89627492371215,17.243679418408956
2020-05-06,511.34991455078125,545.8499145507812,503.69989013671875,542.6998901367188,895892,539.6548950195313,21.017179301905415,-83.86471965055418,53.10657959166501,-33.40811343071108
2020-05-07,518.2498779296875,542.0999145507812,498.7499084472656,521.2498779296875,997012,541.4098937988281,23.199538081001457,-77.61280398741337,46.089675253385096,-47.40813044097148
2020-05-11,521.5499267578125,544.7999267578125,504.7499084472656,524.9998779296875,752241,543.4198974609375,24.243295871589297,-72.0150113980696,48.55305883427852,-47.2501041725703
2020-05-12,495.7499084472656,521.2498779296875,478.0498962402344,514.4998779296875,1133338,540.884896850586,16.083122640382122,-67.36814346200183,52.82799223257849,-99.0453005651716
2020-05-13,473.39990234375,500.9999084472656,467.7298889160156,500.9999084472656,564402,534.8998992919921,11.650482044010646,-63.76392883976441,51.682830713022746,-132.59293709098597
2020-05-14,458.9999084472656,492.2998962402344,430.4999084472656,492.2998962402344,1352309,521.77490234375,12.933968327920681,-61.08658060168753,41.35572453252874,-163.5405745314126
2020-05-15,471.44989013671875,501.2998962402344,460.4999084472656,466.4999084472656,823494,510.44990234375,18.584061971941,-58.79266441533042,44.06880103911825,-108.61376795500264
2020-05-18,522.14990234375,531.14990234375,478.7998962402344,485.69989013671875,1089585,505.1549011230469,41.59291643197378,-55.91643742930289,50.18488958857633,-29.370963755668587
2020-05-19,535.3499145507812,554.0999145507812,515.9998779296875,532.4998779296875,886305,503.3699035644531,47.583391513163555,-52.487962529636036,50.368427477384856,30.631345710527967
2020-05-20,514.1998901367188,541.7999267578125,505.94989013671875,527.9998779296875,705709,502.2449035644531,37.985014463822026,-49.11088125916651,34.73811351778532,-8.615304791300748
2020-05-21,504.44989013671875,532.4998779296875,492.44989013671875,511.34991455078125,663766,501.5549011230469,46.66349824347009,-45.98666662343407,34.162228458640286,-31.728262158521098
2020-05-22,513.14990234375,514.7999267578125,478.4999084472656,499.4999084472656,865754,501.04490356445314,54.57607581838168,-42.94110386029853,37.730244754653,-55.38026841492886
2020-05-26,537.4498901367188,557.39990234375,525.4498901367188,527.5499267578125,901888,502.63489990234376,73.48999009588933,-39.61892842503807,46.909947471693556,43.48687512967391
2020-05-27,564.89990234375,574.3499145507812,528.89990234375,534.4498901367188,1746557,509.5498992919922,93.43064872709776,-35.769282987048,57.74896967976391,79.5188176531417
2020-05-28,538.7999267578125,580.7999267578125,533.0999145507812,569.0999145507812,846772,516.0899017333984,72.05589162789026,-32.12571878082463,55.14912908996152,60.46582022799695
2020-05-29,507.44989013671875,553.0499267578125,500.84991455078125,553.0499267578125,1288844,520.9348999023438,51.19758637052234,-29.22927446758315,48.14433277276096,-9.549253316041993
2020-06-01,536.39990234375,538.3499145507812,510.2998962402344,524.9998779296875,511843,527.4299011230469,70.4590691916457,-26.424446860570228,52.34485576797972,23.776882286708524
2020-06-02,540.89990234375,568.4998779296875,532.4998779296875,546.2999267578125,1434678,529.3049011230469,73.45308080294316,-23.692054996722174,57.64347107381657,90.76914211848266
2020-06-03,584.2498779296875,603.89990234375,544.6348876953125,549.7498779296875,1510837,534.1948974609375,88.66780559070084,-20.402678422083348,67.52014584381214,178.63415015436323
2020-06-04,573.5999145507812,599.8499145507812,562.9498901367188,584.9998779296875,1061196,540.1348999023437,78.87030050026272,-17.060041291272437,68.33013497535994,160.92585401996746
2020-06-05,686.9998779296875,719.02490234375,565.4998779296875,565.4998779296875,2303137,558.3898986816406,86.68536525237572,-12.011134567567417,76.06093509315703,278.71171527825044
2020-06-08,709.4998779296875,790.7999267578125,687.89990234375,702.14990234375,2713814,578.0248962402344,73.96732498834459,-5.7710929880943524,74.30906804925388,303.6310718975691
2020-06-09,710.2498779296875,749.9998779296875,655.0499267578125,749.9998779296875,1964838,595.3048950195313,74.20747867263103,0.9135348523392395,73.45132482638368,203.7725278703269
2020-06-10,660.4498901367188,758.4598999023438,648.7498779296875,749.9998779296875,2093232,604.8598937988281,58.261277944762895,6.729789660364986,68.21068692265109,148.794177710735
2020-06-11,596.5499267578125,650.5499267578125,586.3499145507812,649.4998779296875,1436542,610.6348937988281,37.80019576981246,10.662042239765174,60.10533890994158,51.628847763560316
2020-06-12,616.7999267578125,629.4899291992188,564.2999267578125,583.4998779296875,1715332,621.5698974609375,39.98965591497895,13.506079515602973,61.091498287096385,36.12384733433589
2020-06-15,612.5999145507812,631.64990234375,586.3499145507812,591.869873046875,1341275,629.1898986816407,38.541126158052315,15.421163558873829,58.403224961043406,37.4904919061073
2020-06-16,659.2498779296875,703.0499267578125,634.3499145507812,644.5499267578125,1346061,641.0248962402344,54.630093709327,17.36273081158589,60.115793419325726,91.01364974667281
2020-06-17,632.9998779296875,682.3348999023438,623.0999145507812,658.9498901367188,1053849,645.8998962402344,45.57680904132813,18.76074046879337,60.096460431022145,61.140861497610985
2020-06-18,623.2498779296875,645.4498901367188,602.6998901367188,631.4998779296875,1507834,650.864892578125,40.26736877034845,19.546457701275322,63.01416375564033,30.87545032071535
2020-06-19,646.0499267578125,663.14990234375,617.3098754882812,618.2999267578125,1853443,646.7698974609375,43.96052162718798,20.22642444019372,62.49573275455528,47.03797042826271
2020-06-22,731.2498779296875,755.6998901367188,646.64990234375,649.4998779296875,2180058,648.9448974609375,75.80889266204632,22.117679186035964,68.32226761101893,119.70589787375572
2020-06-23,728.6998901367188,778.7999267578125,722.0999145507812,749.9998779296875,923587,650.7898986816406,72.74521543116369,24.577908858403255,65.08931997262502,139.5349452853338
2020-06-24,698.2498779296875,744.5999145507812,693.89990234375,731.9998779296875,671678,654.5698974609375,59.13905129001104,26.723961500621982,62.50376074360416,92.31512411481116
2020-06-25,651.4498901367188,733.619873046875,624.14990234375,731.8499145507812,1578747,660.0598937988282,38.47680502379967,27.753018655403025,45.883988094573496,37.97630318686754
2020-06-26,679.1998901367188,688.3198852539062,633.14990234375,652.4998779296875,765474,666.2998901367188,53.56641649366259,28.407500101327695,46.53397463780006,28.473858262490793
2020-06-29,669.89990234375,689.0999145507812,638.6998901367188,675.5999145507812,841658,672.0298889160156,49.23075784892191,28.579773438206495,45.47290649299708,20.068562812100986
2020-06-30,661.4998779296875,682.4998779296875,651.2999267578125,655.9498901367188,659320,672.2548889160156,45.314662550990676,28.2416206529828,50.12986863964129,11.283693563902048
2020-07-01,648.7498779296875,670.4998779296875,633.2999267578125,670.4998779296875,424190,673.8298889160156,39.37060660693473,27.333482021215453,57.39166734368275,-22.752842272703315
2020-07-02,668.0999145507812,674.39990234375,640.9498901367188,655.7999267578125,390678,678.314892578125,42.47856316686335,26.362113429465403,57.28279188173529,-12.054176302139036
2020-07-03,648.2999267578125,676.3499145507812,633.2999267578125,668.0999145507812,399541,678.539892578125,25.894393604931057,25.026052440301708,54.85318289721185,-30.557365660055343
2020-07-06,641.2498779296875,673.3499145507812,637.3499145507812,651.5999145507812,470784,669.539892578125,21.89095955494601,23.361928999228812,47.25777026461579,-28.72170973838762
2020-07-07,614.9998779296875,654.5999145507812,612.5999145507812,654.5999145507812,1262185,658.1698913574219,6.984659418006857,21.1073684889147,47.25777026461579,-77.83808465223862
2020-07-08,593.39990234375,621.0899047851562,591.14990234375,607.1998901367188,618790,647.6848937988282,1.1990406113858116,18.208198292231156,45.610943787715065,-126.8226358988424
2020-07-09,584.39990234375,629.6998901367188,570.4498901367188,629.6998901367188,549338,640.9798950195312,6.695469044913489,14.871888614020289,40.551720396312255,-138.22941533463782
2020-07-10,568.7999267578125,587.8499145507812,560.0698852539062,577.4998779296875,470297,629.9398986816407,3.9912402722011744,11.153698702107452,18.351853551786775,-178.5073946118637
2020-07-13,607.4998779296875,608.8499145507812,578.4149169921875,579.5999145507812,352676,623.6998962402344,25.703129651312786,7.98308090006806,29.303275741130037,-116.37345761472767
2020-07-14,590.6998901367188,601.9498901367188,565.4998779296875,599.6998901367188,380402,616.6198974609375,17.649096535432573,5.035650663182525,30.73616301231877,-122.89534854307604
2020-07-15,586.64990234375,599.9998779296875,577.4998779296875,578.9998779296875,284136,610.4098999023438,20.59986906512118,2.3065267753607164,36.29441670236087,-103.08244251779534
2020-07-16,562.7999267578125,593.8649291992188,556.0499267578125,581.39990234375,490108,599.8799011230469,5.073281186995129,-0.528471210385868,24.967743239599926,-119.89482940707877
2020-07-17,587.39990234375,587.39990234375,563.9998779296875,563.9998779296875,391313,593.7898986816406,24.79239833262218,-2.8875310148109703,33.35350597568346,-91.92367701802299
2020-07-20,600.5999145507812,601.3499145507812,571.1998901367188,571.1998901367188,345706,589.72490234375,37.032412563197774,-4.607436421904523,37.945371342027265,-66.6312358274904
2020-07-21,610.3499145507812,621.4498901367188,597.89990234375,605.39990234375,628479,589.2599060058594,45.137151540211924,-5.670515116630588,42.307697010229994,-28.990588317789854
2020-07-22,583.7999267578125,618.5999145507812,572.9998779296875,610.64990234375,316542,588.2999084472656,23.067334011501806,-6.676844508916524,33.586442392455794,-56.0107694581358
2020-07-23,596.39990234375,602.2498779296875,572.2498779296875,572.2498779296875,258738,589.4999084472656,34.39895974853305,-7.378607957489424,39.60335439243085,-54.01474189789247
2020-07-24,581.2498779296875,587.5499267578125,569.8499145507812,575.5499267578125,232130,590.7449035644531,25.570729876511404,-8.077580224529983,38.35854874076123,-72.27271576029062
2020-07-27,558.7498779296875,580.9498901367188,545.8048706054688,572.2498779296875,342643,585.8699035644531,15.430006925973565,-9.078725671541248,38.92497778025598,-107.84286836344626
2020-07-28,573.7498779296875,575.0999145507812,548.1149291992188,553.4998779296875,138680,584.17490234375,33.30949498594435,-9.956777223485037,46.027888406891414,-96.46562162409906
2020-07-29,551.6998901367188,578.9998779296875,551.0999145507812,573.4498901367188,200166,580.6799011230469,7.793004176322126,-11.040748161158811,43.7211919863885,-107.08655685938099
2020-07-30,534.2999267578125,553.4998779296875,514.409912109375,547.4998779296875,372395,577.8299011230469,18.581856064429054,-12.44940398772247,43.42104834350664,-182.9336326318752
2020-07-31,513.4498901367188,550.6649169921875,512.8499145507812,524.9998779296875,542525,570.4348999023438,0.5524638313226198,-14.291997393303092,30.75506022462244,-188.8456518631824
2020-08-03,521.9998779296875,551.9998779296875,498.89990234375,508.19989013671875,416037,562.5748962402344,18.849431160255776,-16.14099826089448,35.451072200143685,-172.54034554753773
2020-08-04,522.7498779296875,535.619873046875,509.09991455078125,524.9998779296875,739346,553.814892578125,19.461426325254912,-17.848333108742203,36.275763634466415,-155.41481435348868
2020-08-05,558.89990234375,560.9998779296875,527.0399169921875,533.6998901367188,256992,551.3248901367188,48.95961319993087,-18.759940638214566,49.20440130507172,-64.61843412068832
2020-08-06,548.5499267578125,556.0499267578125,522.14990234375,545.9998779296875,420589,546.539892578125,40.51409984466041,-19.24738384342997,41.58544949218004,-75.965179724509
2020-08-07,555.7498779296875,565.7399291992188,524.9998779296875,524.9998779296875,246146,543.989892578125,46.38921358521689,-19.284676792378317,40.02667252271413,-50.80285088415075
2020-08-10,562.9498901367188,596.6998901367188,554.9998779296875,596.6998901367188,331791,544.4098937988281,53.508756274969215,-18.879043654623885,39.33872244013308,21.52754551816259
2020-08-11,578.2498779296875,593.9998779296875,569.9998779296875,569.9998779296875,592230,544.8598937988281,76.77793355641043,-17.929925457313164,48.685133675859106,51.72701888403263
2020-08-12,593.8499145507812,593.8499145507812,565.4998779296875,581.2498779296875,440359,549.0748962402344,97.08591417008091,-16.40016029784905,49.404347596731675,64.35839609793183
2020-08-13,568.9498901367188,593.9998779296875,566.9998779296875,585.7498779296875,256763,552.539892578125,71.62576332959925,-14.946535753031274,47.25201330119215,38.24825422956861
2020-08-14,554.39990234375,574.64990234375,533.2498779296875,574.64990234375,552210,556.6348937988281,56.74847334080151,-13.81490645005122,48.9923613440008,-29.106687747341876
2020-08-17,538.1998901367188,554.8499145507812,536.2498779296875,540.2999267578125,506645,558.2548950195312,40.18404161374976,-13.171394171511231,41.810645060510716,-57.966018459499715
2020-08-18,430.4999084472656,501.14990234375,412.31988525390625,442.4999084472656,3298761,549.029898071289,9.860083909268882,-14.55582819902732,29.98018020797322,-294.6386277118772
2020-08-19,495.44989013671875,502.34991455078125,436.64990234375,449.9999084472656,2652928,542.6848968505859,45.086236403805245,-16.069350663027414,44.453956228252146,-177.73406791840344
2020-08-20,452.2499084472656,489.59991455078125,445.4999084472656,479.9999084472656,1033455,533.0548950195313,21.65637386696998,-18.237047086057096,41.787440859898005,-180.07837983167377
2020-08-21,454.34991455078125,487.19989013671875,449.84991455078125,487.19989013671875,619254,522.9148986816406,22.79532931110848,-20.626062554540425,40.76198687081399,-148.0204771937087
2020-08-24,472.4999084472656,482.39990234375,449.84991455078125,479.69989013671875,374510,513.8699005126953,32.63912658620893,-22.691976853553,43.449357961166164,-118.50197117617437
2020-08-25,465.14990234375,491.84991455078125,463.4399108886719,479.9999084472656,480422,502.5599029541016,28.652790807452924,-24.51262440701415,36.78646707120494,-95.48878855464878
2020-08-26,478.0498962402344,478.0498962402344,462.89990234375,472.64990234375,231882,490.9799011230469,35.64920774793587,-25.82242106488864,40.134335439726925,-84.27999602865916
2020-08-27,465.59991455078125,478.7998962402344,455.264892578125,478.0498962402344,379839,480.6449035644531,28.89685859957456,-26.883142238646517,37.56723673779495,-83.58495820225089
2020-08-28,464.2499084472656,471.7499084472656,451.4999084472656,465.2998962402344,511596,471.62990417480466,28.5832371680197,-27.69240940752111,36.16484626352148,-79.79614162572842
2020-09-01,449.9999084472656,463.09490966796875,438.89990234375,451.4999084472656,662927,462.8099060058594,20.73977582143655,-28.46588078007767,31.96963704718206,-86.84674556369853
2020-09-02,439.4999084472656,455.5498962402344,432.7499084472656,432.7499084472656,553058,463.70990600585935,14.960383250270018,-29.279011260699555,27.984592081656004,-88.0559937090918
2020-09-03,453.7499084472656,507.59991455078125,444.89990234375,497.9999084472656,1848678,459.53990783691404,25.52209624325325,-29.780290441954964,33.05383871075193,-47.7857132290909
2020-09-04,460.19989013671875,469.19989013671875,442.7998962402344,454.19989013671875,684784,460.33490600585935,33.59292432550021,-29.889048390702605,35.804696654470675,-58.88333781295408
2020-09-07,470.9999084472656,472.19989013671875,456.44989013671875,464.69989013671875,314863,461.9999053955078,61.586907168681954,-29.50564919226993,39.7058830404228,-42.28865197624007
2020-09-08,459.59991455078125,487.4999084472656,447.14990234375,487.4999084472656,653518,460.70990600585935,35.87174871620285,-28.948504749785947,56.3233405151119,-41.68624336070153
2020-09-09,446.2499084472656,464.06988525390625,432.89990234375,460.4999084472656,529911,458.8199066162109,18.03607067356795,-28.458678639012152,36.218490167781745,-71.01368323493539
2020-09-10,446.84991455078125,453.14990234375,432.89990234375,448.19989013671875,292074,455.6999084472656,18.83768196894424,-27.962288016339734,48.01324718947465,-83.75694123986625
2020-09-11,438.14990234375,451.19989013671875,436.4999084472656,436.4999084472656,268682,452.9549072265625,7.214420115098352,-27.56287640445301,44.315785190515356,-101.34417943899146
2020-09-14,439.4999084472656,447.89990234375,432.14990234375,442.4999084472656,290541,450.4799072265625,9.74155720922557,-27.16082724478372,36.87350962796721,-115.72097175625584
2020-09-15,436.0498962402344,449.9999084472656,429.89990234375,440.39990234375,297171,449.08490600585935,7.915048816334482,-26.771338913004165,38.05418648241869,-116.4749316875441
2020-09-16,442.4999084472656,442.4999084472656,423.82489013671875,432.14990234375,852270,449.38490600585936,22.29186853858091,-26.2462176124232,34.59038729664876,-120.23793595066027
2020-09-17,444.89990234375,446.2499084472656,432.59991455078125,440.09991455078125,315550,448.4999053955078,25.1566768907961,-25.565500981027792,40.170938932412724,-81.71885354775836
2020-09-18,444.89990234375,449.39990234375,432.89990234375,449.39990234375,845121,446.96990661621095,25.1566768907961,-24.764675553204118,40.69264158227486,-67.60252234275258
2020-09-21,408.59991455078125,449.2499084472656,398.39990234375,440.9999084472656,1129719,440.7299072265625,9.340669475103304,-24.453250250325734,33.57143497250634,-171.0630076144813
2020-09-22,420.44989013671875,429.59991455078125,398.84991455078125,410.9999084472656,474208,436.8149047851563,20.19229425649183,-24.220103550237702,42.52060565467811,-163.08214307298644
2020-09-23,418.94989013671875,443.09991455078125,413.39990234375,434.9999084472656,509168,434.08490295410155,23.06395778367731,-24.0169714058628,34.81674674645619,-111.30296879979605
2020-09-24,411.89990234375,423.2998962402344,402.2998962402344,413.2499084472656,355197,430.58990173339845,15.15151411360827,-23.901039227953206,29.036465852899994,-161.53388714924313
2020-09-25,427.19989013671875,427.19989013671875,399.59991455078125,399.59991455078125,308299,429.4949005126953,32.323216408660144,-23.54726198358468,31.70425020440662,-122.49067686827944
2020-09-28,446.9999084472656,446.9999084472656,430.0498962402344,434.5498962402344,299912,430.2449005126953,74.00642416795779,-22.693386945909847,45.08196506511727,3.2670872292571773
2020-09-29,453.7499084472656,459.2998962402344,428.2499084472656,434.9999084472656,427149,432.01490173339846,90.8867186384248,-21.411406713389145,53.086419753086425,36.4700108618708
2020-09-30,458.5498962402344,464.57989501953125,441.14990234375,460.34991455078125,378523,433.6199005126953,90.88848678355389,-19.802920031868318,54.653931341994316,72.94309717828926
2020-10-01,436.7998962402344,469.94989013671875,429.14990234375,464.9999084472656,408132,432.8098999023438,53.668763728647285,-18.37597864987586,49.51351120704691,30.722571429730895
2020-10-02,441.14990234375,441.14990234375,419.9999084472656,419.9999084472656,390119,432.4348999023438,59.74843786654155,-17.026344590462656,50.58200855439655,-28.514190474966433
2020-10-05,435.14990234375,456.44989013671875,431.2499084472656,435.89990234375,380897,435.08989868164065,51.36269220106204,-15.852835323038812,49.68815171068735,22.099838353407794
2020-10-06,457.94989013671875,458.84991455078125,433.64990234375,433.64990234375,379172,438.83989868164065,83.22850866904096,-14.451342650655437,54.808586413412776,91.6450425670885
2020-10-07,450.59991455078125,464.9999084472656,442.3049011230469,464.9999084472656,301380,442.00490112304686,72.95600435051503,-13.064749993205059,51.721019066493334,105.20977423985983
2020-10-08,451.7998962402344,455.2799072265625,440.69989013671875,447.59991455078125,295360,445.9949005126953,74.63312789234608,-11.711261639819762,52.0683447807865,79.29808435209405
2020-10-09,464.9999084472656,473.09991455078125,452.2499084472656,457.4999084472656,497527,449.77490234375,89.09090087068603,-10.21218369932728,69.6242258310523,154.87813964166085
2020-10-12,449.9999084472656,475.4999084472656,446.9999084472656,475.4999084472656,337578,450.07490234375,66.40315935363844,-8.91647777587759,60.06129702561046,105.91851463069585
2020-10-13,442.64990234375,461.09991455078125,437.9999084472656,461.09991455078125,469531,448.96490173339845,56.719356066987494,-7.913107136473123,57.76032082038951,42.90644726617627
2020-10-14,418.7998962402344,460.4999084472656,416.69989013671875,460.4999084472656,415356,444.9899017333984,25.296420597396718,-7.508042282611387,52.03539679610383,-41.795341184638644
2020-10-15,387.59991455078125,420.89990234375,382.45489501953125,412.19989013671875,1224891,440.0699035644531,5.529602653285662,-7.979883211556798,39.32039282418678,-185.88097624424051
2020-10-16,387.7499084472656,397.19989013671875,382.4999084472656,393.2998962402344,445243,434.7299041748047,5.690808386896385,-8.956036182483457,32.12669025097887,-179.6787786270732
2020-10-19,397.4999084472656,402.70489501953125,383.9999084472656,383.9999084472656,1002844,430.96490478515625,16.16960745501901,-10.021142445788573,33.33332730516757,-141.2555329875716
2020-10-20,377.09991455078125,403.34991455078125,377.09991455078125,399.89990234375,555303,422.8799072265625,0.0,-11.388798056507156,27.908867382832568,-152.77195373197077
2020-10-21,367.34991455078125,392.09991455078125,367.34991455078125,384.89990234375,424978,414.5549072265625,0.0,-13.00398915083979,29.852044147183477,-153.89230963370846
2020-10-22,355.7998962402344,373.0498962402344,353.534912109375,365.9999084472656,564323,404.9549072265625,1.8570771933485615,-14.844294779297107,26.23223992957925,-165.0406603954444
2020-10-23,372.7499084472656,379.19989013671875,352.4999084472656,359.9999084472656,513009,395.7299072265625,16.463414634146343,-16.42496527886839,33.622046222363764,-125.22664877229195
2020-10-26,379.7998962402344,386.09991455078125,351.1048889160156,371.2499084472656,637914,388.70990600585935,23.067649679503536,-17.61012589407854,27.63948281995394,-100.05037929166981
2020-10-27,359.5498962402344,384.14990234375,346.19989013671875,379.7998962402344,861398,380.3999053955078,10.32482924437968,-18.768200382238607,25.739402805210347,-103.65932068768969
2020-10-28,359.5498962402344,362.5498962402344,334.1549072265625,345.44989013671875,754156,374.4749053955078,17.966669351128218,-19.80581310732473,25.26146581916899,-111.16063242328177
2020-10-29,363.89990234375,374.5498962402344,348.59991455078125,359.2499084472656,364963,372.1049041748047,21.044249786196673,-20.598986098270114,21.537161422002242,-83.38894021521243
2020-10-30,370.34991455078125,374.909912109375,352.19989013671875,370.4999084472656,444126,370.3649047851562,28.512351991737933,-21.04751412687262,26.44188545718866,-70.52941793678883
2020-11-02,368.2499084472656,368.9999084472656,348.19488525390625,360.14990234375,344716,367.4399047851563,26.985635277445592,-21.242045618257094,27.289381691206486,-72.47224937542568
2020-11-03,374.09991455078125,378.2998962402344,361.7998962402344,369.14990234375,358724,367.13990478515626,46.04877465294147,-21.125430989118115,34.6707900974867,-50.525125784943846
2020-11-04,373.0498962402344,382.34991455078125,358.0498962402344,382.34991455078125,446280,367.70990295410155,56.21068703906091,-20.788512429519766,43.70946329461442,-46.937098539277486
2020-11-05,373.0498962402344,376.0498962402344,356.09991455078125,373.19989013671875,416926,369.4349029541016,56.21068703906091,-20.28379223702095,43.636361714754074,-49.31806267670149
2020-11-06,361.34991455078125,372.59991455078125,352.7398986816406,372.14990234375,439608,368.29490356445314,39.301979110710064,-19.84079100741443,34.61048073807561,-61.96852585320385
2020-11-09,389.69989013671875,394.7998962402344,359.69989013671875,367.4999084472656,954383,369.28490295410154,91.5903915781634,-18.96216840565374,55.02391273239837,8.68942422674703
2020-11-10,494.5498962402344,494.9999084472656,374.9999084472656,374.9999084472656,2991560,382.78490295410154,99.72021996107061,-16.140526388207192,78.84352927092063,281.61274809970365
2020-11-11,533.8499145507812,533.8499145507812,483.44989013671875,483.44989013671875,2419153,400.21490478515625,100.0,-11.585156216972894,85.86102646983149,376.51402860949173
2020-11-12,542.2498779296875,557.0999145507812,521.8198852539062,532.3499145507812,719301,418.04990234375,93.33914816065021,-6.021497434405128,85.35669220492892,290.2558873361095
2020-11-13,587.5499267578125,619.7999267578125,533.5499267578125,539.9998779296875,1310392,439.7699035644531,88.70976288929421,0.618940961493518,87.37182921094478,244.3318373537814
2020-11-16,585.89990234375,615.7349243164062,574.4998779296875,587.9998779296875,1592764,461.53490295410154,88.13211430407812,7.558445337336078,93.63793088638157,191.40060029393
2020-11-17,584.9998779296875,607.619873046875,462.2998962402344,599.9998779296875,745622,482.62489929199216,87.18725961954411,14.290031599456537,93.31410228222154,122.39564061892499
2020-11-18,610.4998779296875,611.2498779296875,578.6998901367188,599.0999145507812,938660,506.3698974609375,96.57589241472483,20.912685674906207,93.81661348685674,137.2161643163387
2020-11-19,653.0999145507812,656.9998779296875,602.9998779296875,602.9998779296875,1045216,534.3748992919922,98.73707891018431,27.7518871591375,94.52053254236564,139.9053577858749
2020-11-20,638.5499267578125,662.2048950195312,626.2498779296875,654.89990234375,598291,562.0949005126953,92.35617322099623,34.072905399078685,90.95453686675003,123.00538150477861
2020-11-23,699.5999145507812,704.9998779296875,644.9998779296875,649.64990234375,1008070,593.0849029541016,98.46705169561604,40.634136054867795,92.25077078260935,128.81268194685373
2020-11-24,758.39990234375,758.6998901367188,705.7498779296875,707.6998901367188,1406622,619.4699035644531,99.9261040991026,47.84748269418043,93.49813398066372,142.27892204039188
2020-11-25,694.4998779296875,779.39990234375,681.7349243164062,770.6998901367188,1365303,635.5348999023438,80.1012460307157,53.96288578744668,81.71055924922132,116.50656851545655
2020-11-26,673.0499267578125,714.14990234375,616.1998901367188,714.14990234375,998467,648.6149047851562,74.66047831957728,58.604325825901654,80.16840786982476,80.76035037387233
2020-11-27,668.2498779296875,715.5748901367188,657.2999267578125,695.6998901367188,1252086,656.6848999023438,72.51483034331747,61.868449331979775,78.2476346947989,81.2550018607107
2020-11-30,636.7498779296875,667.4998779296875,605.6998901367188,654.89990234375,1198479,661.7698974609375,55.0141842736215,63.45461195743019,66.94066553898779,50.64063599877305
2020-12-01,691.0499267578125,696.2999267578125,639.89990234375,646.9498901367188,687854,672.37490234375,72.13813500933958,64.62761161372154,68.08143129152288,69.4272820910065
2020-12-02,719.0999145507812,726.5999145507812,682.2149047851562,692.39990234375,631760,683.2349060058593,80.98392096111026,65.78037991804395,69.46186583608194,86.68807041286796
2020-12-03,763.4998779296875,763.4998779296875,634.3499145507812,712.4998779296875,973606,694.27490234375,94.98580129043832,67.41848627579864,69.40124851164157,89.57063611196942
2020-12-04,749.9998779296875,775.4998779296875,707.6998901367188,775.4998779296875,1748621,705.4198974609375,90.72846930048149,68.90587589780344,67.63378018111423,104.13695384179806
2020-12-07,744.89990234375,760.1998901367188,729.3298950195312,742.7999267578125,651166,709.9498962402344,82.8101654700391,69.98241020667615,67.02875659361688,102.87970900951832
2020-12-08,737.8499145507812,758.6998901367188,729.7199096679688,731.0999145507812,387540,707.8948974609375,76.44558841134922,70.47301215093837,64.11706463447985,94.00804200699395
2020-12-09,723.89990234375,757.4998779296875,721.4998779296875,757.4998779296875,283331,710.8348999023438,68.048361485519,70.18745832862263,58.38068109980621,80.49521583185313
2020-12-10,701.39990234375,726.5999145507812,680.0999145507812,712.9498901367188,549560,713.6698974609375,55.09499452018886,68.91144853770452,57.302193464791635,37.042794259975985
2020-12-11,680.39990234375,704.4298706054688,658.1998901367188,685.1998901367188,508431,714.8848999023437,43.0051853525474,66.58942481012033,47.54035193344462,1.0640556128282617
2020-12-14,673.64990234375,729.2999267578125,673.64990234375,682.64990234375,594447,718.57490234375,39.11917526294836,63.47404105596327,37.472283813747225,11.56922959953278
2020-12-15,644.9998779296875,681.4498901367188,638.4149169921875,675.89990234375,763255,713.9698974609375,23.144870799923652,59.42294358575758,41.831683168316836,-68.67200609051378
2020-12-16,617.9998779296875,667.784912109375,613.1998901367188,642.7498779296875,905351,703.8598937988281,7.243809586114753,54.43151797040226,41.07923511320037,-120.00568646530607
2020-12-17,613.9498901367188,646.2299194335938,613.9498901367188,625.4998779296875,1077252,688.9048950195313,4.8586575931082745,48.92369603986935,41.17933886509902,-132.87459969318297
2020-12-18,583.1998901367188,617.9998779296875,582.14990234375,612.7498779296875,2401775,672.2248962402343,0.5430503881817488,42.77883073996563,41.27992347795251,-175.7685591858749
2020-12-21,548.8499145507812,617.9998779296875,489.14990234375,569.2498779296875,1140116,652.6198974609375,20.848617879177876,35.91126758360444,25.235100221202018,-204.96865707138923
2020-12-22,583.4998779296875,613.27490234375,552.8848876953125,553.64990234375,663176,637.1848937988282,32.94918233985384,29.421711306193096,26.91520474216533,-135.33871477081644
2020-12-23,584.9998779296875,601.4998779296875,573.4498901367188,584.8499145507812,688314,623.2948913574219,33.47301685282373,23.466149273307025,14.413865205716277,-113.29349388234529
2020-12-24,584.9998779296875,627.2999267578125,584.9998779296875,599.8499145507812,508770,611.6548889160156,35.36247183274137,18.104000789657494,15.233870432585846,-84.51448839975194
2020-12-29,610.3499145507812,629.9998779296875,590.0999145507812,599.9998779296875,856003,604.6498901367188,44.963835168162,13.758067455231858,23.878859605862885,-63.35612647231533
2020-12-30,596.6998901367188,627.5999145507812,593.534912109375,624.5999145507812,442708,596.9548889160156,40.07825510627874,10.027763509694402,23.282223856090596,-64.81990676912802
2020-12-31,588.14990234375,596.6998901367188,581.39990234375,596.6998901367188,277104,591.2698913574219,41.224230662290466,6.719607472148136,23.768115942028984,-77.13773066433018
2021-01-04,580.64990234375,613.7999267578125,570.5999145507812,605.8499145507812,1068025,587.5348937988281,38.10118288484422,3.714491106599571,25.230769230769226,-70.57272572228436
2021-01-05,569.39990234375,576.1049194335938,551.39990234375,569.9998779296875,855477,583.0798950195312,33.41661121867485,0.8688940461231285,26.282051282051285,-89.40764779437689
2021-01-06,577.0499267578125,588.14990234375,554.8499145507812,578.39990234375,962263,582.4648986816406,45.70984399057589,-1.6074772180271588,29.43806608217737,-75.99708553009187
2021-01-07,578.5499267578125,593.0999145507812,565.8298950195312,583.3499145507812,1413915,585.4348999023438,50.04619448973539,-3.6950140427855804,34.00723196826114,-64.67179876358415
2021-01-08,587.39990234375,595.0499267578125,578.909912109375,590.8499145507812,428237,585.82490234375,62.54773956626499,-5.279786967950719,41.93038514604981,-48.916769813756915
2021-01-11,568.0499267578125,606.5999145507812,566.8499145507812,599.9998779296875,630955,584.1299072265625,56.017066446648286,-6.763044662270641,38.79942128295386,-57.06315002513836
2021-01-12,575.5499267578125,583.9498901367188,557.6998901367188,562.7999267578125,459540,583.184912109375,61.3418810011414,-7.969847290803531,47.894311885175256,-71.08407393883559
2021-01-13,560.6998901367188,581.9998779296875,559.4998779296875,562.64990234375,405506,578.2199096679688,11.832049213298523,-9.158869419072404,53.65401597340426,-81.61591276635365
2021-01-14,559.9498901367188,580.4998779296875,553.4998779296875,580.4998779296875,325898,574.5449096679688,10.877850443630987,-10.265507465422504,40.81872257880908,-91.79250198419508
2021-01-15,555.7498779296875,567.4348754882812,548.0999145507812,551.39990234375,314592,571.3049072265625,9.34061880286083,-11.3061085440007,38.83162136690708,-118.0736260934316
2021-01-18,562.1998901367188,570.3599243164062,547.4998779296875,547.4998779296875,194491,569.4599060058594,17.818196614583332,-12.122093816452871,41.70306637058267,-99.07788689001649
2021-01-19,551.2498779296875,577.1998901367188,551.2498779296875,562.4998779296875,245328,567.6449035644531,4.681645799663049,-12.901591302424626,25.97560679087728,-92.14821795173842
2021-01-20,561.14990234375,570.89990234375,552.5999145507812,569.2498779296875,223812,566.0549011230469,20.5882569550568,-13.430001960680526,35.09435236997983,-75.63810637285037
2021-01-21,550.1998901367188,569.9998779296875,549.14990234375,569.8499145507812,316649,563.2198974609375,4.072413602636569,-13.91742745819979,34.40197881206052,-103.11837285158944
2021-01-22,527.0999145507812,556.4998779296875,521.9998779296875,556.4998779296875,653301,557.1898986816407,6.028409472132702,-14.690438587622946,30.491816400995233,-175.5721879674262
2021-01-25,502.4999084472656,532.6798706054688,492.70489501953125,522.4498901367188,793911,550.634896850586,8.600036654848514,-15.960922986410955,27.788856549817083,-237.05656552621465
2021-01-26,518.9998779296875,518.9998779296875,488.2499084472656,506.2499084472656,531335,544.9798919677735,25.982228894459208,-17.17698755281114,31.796787587337292,-205.860750233429
2021-01-27,544.1998901367188,547.0499267578125,509.2499084472656,529.4998779296875,467353,543.3298919677734,47.27501377610078,-17.853993402548326,40.62243187491044,-106.56153897765714
2021-01-28,539.5499267578125,551.5499267578125,522.14990234375,524.9998779296875,309411,541.2898956298828,43.34602084065545,-18.191132514105515,36.63035140489993,-81.1629760911136
2021-01-29,525.2999267578125,540.7498779296875,523.3499145507812,531.2999267578125,506966,538.2449005126953,38.71476008300017,-18.48346550582356,37.70492062271645,-96.31881109036318
2021-02-01,535.0499267578125,545.9998779296875,520.9498901367188,526.0499267578125,260016,535.5299041748046,49.920035781261646,-18.53470719891801,38.5008541800755,-69.98286771243214
2021-02-02,551.2498779296875,554.4149169921875,533.6998901367188,536.8499145507812,343341,535.5299041748046,68.292672437606,-18.131446256195485,47.33727393424918,-22.326760310035482
2021-02-03,574.4998779296875,581.6998901367188,548.39990234375,551.2498779296875,621016,536.8649017333985,92.29533053205097,-17.05218606692424,53.63840743838485,56.74368030515823
2021-02-04,578.5499267578125,599.9548950195312,571.7999267578125,574.4998779296875,832701,539.6999053955078,80.8379474197679,-15.502317703723751,55.70571827355422,109.87944376729234
2021-02-05,587.9998779296875,611.5499267578125,578.5499267578125,578.5499267578125,726711,545.7899017333984,80.90020654432412,-13.552626545346541,56.36094603322505,140.2993756581034
2021-02-08,571.4998779296875,602.2498779296875,569.9998779296875,602.2498779296875,364123,552.6898986816407,67.51821339778407,-11.686898922977855,54.8596132241428,99.5929088963592
2021-02-09,581.2498779296875,595.9498901367188,571.8748779296875,580.3499145507812,432377,558.9148986816406,75.42575480255773,-9.78941018105099,54.82708602121222,101.69145651024479
2021-02-10,571.4998779296875,589.4998779296875,563.8499145507812,563.8499145507812,250477,561.6448974609375,67.51821339778407,-8.104727189562329,55.14492762169739,71.44250340514374
2021-02-11,587.6998901367188,589.1998901367188,550.9498901367188,566.39990234375,438779,566.4598937988281,80.65690747829058,-6.36480654003598,65.14242915145235,71.27868660602189
2021-02-12,597.7498779296875,605.39990234375,574.1998901367188,605.39990234375,529830,573.7048889160156,88.80774794909777,-4.506625144955031,75.6669422652493,112.25216864744102
2021-02-15,608.6998901367188,615.14990234375,569.9998779296875,569.9998779296875,586655,581.0698852539062,93.90933656395104,-2.4867565851223445,74.91667850636071,114.45471187882353
2021-02-16,605.0999145507812,629.39990234375,595.4849243164062,608.8499145507812,531845,586.4548889160156,77.59337477382664,-0.5231981770523086,69.22350440655605,129.3078902870983
2021-02-17,588.89990234375,611.9998779296875,588.89990234375,604.9498901367188,364437,587.8948913574219,62.65560586320135,1.0448638836843651,64.5189731581707,84.39732598298866
2021-02-18,590.5499267578125,596.8499145507812,580.9498901367188,591.7498779296875,258699,589.0948913574218,64.17706665466036,2.3067798113182283,70.73403562886585,61.04945087848664
2021-02-19,597.89990234375,602.9998779296875,583.4998779296875,596.9998779296875,443419,590.0848937988281,67.08464369695697,3.422664505564949,70.28073423405681,68.71710981428784
2021-02-22,599.39990234375,605.0999145507812,580.7999267578125,605.0999145507812,350602,592.8748962402344,62.96296296296296,4.404653811424882,67.16578410483513,65.90818089216366
2021-02-23,628.9498901367188,629.5499267578125,603.7498779296875,609.5999145507812,772519,597.6448974609375,99.23659498533526,5.712656279445971,68.5772830919484,136.18059518257365
2021-02-24,677.8499145507812,677.8499145507812,619.3499145507812,629.9998779296875,936650,608.2799011230469,100.0,7.923580861310545,75.94044064585029,231.0864441233414
2021-02-25,704.9998779296875,727.3499145507812,677.8499145507812,697.9498901367188,955313,620.0098999023437,87.32991296609366,10.99964157699872,77.97704774286653,301.24834397297286
2021-02-26,678.5999145507812,719.5499267578125,668.6998901367188,691.3499145507812,873698,628.0949035644531,72.36394940310808,14.010434270148602,74.45206997027671,209.8662527838976
2021-03-01,714.14990234375,731.9998779296875,682.64990234375,686.6998901367188,447132,638.6399047851562,90.14085789039157,17.357734181851534,77.1446209511215,197.70177518974708
2021-03-02,731.2498779296875,749.9998779296875,715.7999267578125,733.4998779296875,621479,651.2549011230469,90.58025563935135,20.973737642392376,81.6775851418369,187.43780723089765
2021-03-03,718.1998901367188,757.4998779296875,693.4498901367188,749.9998779296875,797130,664.1848999023438,79.04000651041666,24.31259408104105,76.20483212382348,140.43971440069848
2021-03-04,736.3499145507812,753.2999267578125,712.1998901367188,727.4998779296875,608065,678.7648986816406,88.72001953125,27.536871483127054,76.9545084959019,129.63508220929555
2021-03-05,731.0999145507812,750.3148803710938,722.39990234375,736.3499145507812,517267,692.0848999023438,85.05943934685801,30.373788231570128,74.34368972958065,111.70580642108119
2021-03-08,730.7999267578125,755.9998779296875,707.0999145507812,746.9998779296875,725682,705.22490234375,84.88966692135409,32.745184825600994,75.33253839176612,94.9477472174008
2021-03-09,708.4498901367188,747.8549194335938,708.4498901367188,733.4998779296875,831645,713.17490234375,72.24108582505599,34.26927519672744,73.51032772705983,75.49205282149492
2021-03-10,691.1998901367188,719.5499267578125,686.39990234375,713.39990234375,611774,714.5098999023437,62.47877412910027,34.82907482134367,68.64924870301665,44.87874030550506
2021-03-11,679.4998779296875,701.5499267578125,668.0999145507812,699.89990234375,672778,711.9598999023438,55.85737320089587,34.489080697978025,64.87964808841062,21.39823732303637
2021-03-12,708.4498901367188,709.0499267578125,669.14990234375,674.9998779296875,513661,714.9448974609375,68.09756891514228,33.98620928434146,68.07558445747094,32.460746052074676
2021-03-15,699.7498779296875,726.2098999023438,695.5499267578125,707.5499267578125,475989,713.5048950195312,58.197600211005415,33.19134583185723,62.60683598126951,43.60039660185404
2021-03-16,692.6998901367188,727.4998779296875,684.89990234375,727.4998779296875,774975,709.6498962402344,27.51676248643947,32.06700725308555,53.10734015912311,31.98639770281167
2021-03-17,704.6998901367188,762.5999145507812,690.2999267578125,712.3499145507812,1308770,708.2998962402344,38.730132895171955,30.913465529766007,49.93297859487681,56.02694960416653
2021-03-18,702.14990234375,718.8298950195312,691.9498901367188,712.7999267578125,502096,704.8798950195312,36.031733114252646,29.69094879745533,55.8889688310158,24.064357526539
2021-03-19,710.6998901367188,726.119873046875,680.8499145507812,703.4998779296875,669182,702.839892578125,45.0793392443783,28.55802459648117,49.00259844940011,19.937870247767634
2021-03-22,701.39990234375,723.7498779296875,697.4998779296875,722.39990234375,471061,699.8998901367188,35.238082320601855,27.3271796287667,40.962769853700436,12.772493373953932
2021-03-23,675.14990234375,712.1998901367188,672.4498901367188,712.1998901367188,446587,696.5698913574219,7.460304542824074,25.618395159684894,37.93104038312343,-94.1868857518382
2021-03-24,666.89990234375,690.2999267578125,659.9998779296875,672.89990234375,355028,694.139892578125,6.725167593793929,23.50961133961321,29.38557222492966,-168.45688687265587
2021-03-25,653.2498779296875,678.89990234375,649.0499267578125,669.7498779296875,391496,691.514892578125,3.698768492633048,20.98930028102614,27.989816086979474,-188.19078367699058
2021-03-26,648.2999267578125,670.64990234375,641.5499267578125,655.4998779296875,508154,685.4998962402344,5.57620874075964,18.216358351263278,27.272727272727266,-186.65107082338653
2021-03-29,614.6998901367188,668.2498779296875,610.9498901367188,654.14990234375,623167,676.9948974609375,2.47279881060953,14.85284675793865,25.680933852140086,-208.90889735744878
2021-03-30,630.5999145507812,633.8549194335938,600.6749267578125,617.5499267578125,432442,670.7848999023438,18.480771992541214,11.515321337394619,34.16928739391396,-191.63730696535856
2021-03-31,653.0999145507812,674.8499145507812,628.7999267578125,633.89990234375,605635,665.62490234375,32.37609494835805,8.701770756394257,43.4718195387952,-96.76834649304251
2021-04-01,674.2498779296875,677.39990234375,655.64990234375,655.64990234375,329837,662.8348999023438,45.43767591074034,6.681730641794971,41.203698906986986,-48.06899885951776
2021-04-06,679.7999267578125,697.4998779296875,672.6448974609375,674.9998779296875,403909,659.7449035644531,48.86521906128922,5.338260127312276,44.78432649101307,-5.617465227305439
2021-04-07,689.8499145507812,699.5999145507812,671.0999145507812,676.4998779296875,321514,658.5899047851562,55.071789109525554,4.637451986136985,49.26641555059524,11.225533234733948
2021-04-08,680.5499267578125,705.89990234375,667.9498901367188,692.9998779296875,425270,659.1299072265625,63.67335023281386,4.217244126146094,43.69617203917338,11.248817616174259
2021-04-09,673.1998901367188,697.4998779296875,666.14990234375,697.4998779296875,215705,659.7599060058594,57.81417707476804,3.8680615826946747,42.627958541485405,-4.375051403655177
2021-04-12,664.9498901367188,680.8499145507812,658.1099243164062,663.5999145507812,302070,660.9299072265625,52.224244468028125,3.441261031186374,38.33206105444316,-37.01063833771445
2021-04-13,665.9998779296875,671.8499145507812,649.7999267578125,665.0999145507812,230191,662.69990234375,58.574286144289836,2.9970932181137204,40.57507582267439,-48.72236742383565
2021-04-14,669.7498779296875,673.0499267578125,649.0499267578125,659.9998779296875,229077,668.2049011230469,65.64501515655978,2.618322030801461,48.36659926831682,-38.82417640039574
2021-04-15,660.7498779296875,676.7999267578125,648.5999145507812,671.6998901367188,175674,671.2198974609375,57.09191267315775,2.1508385639712024,48.148141341280706,-40.1711216529275
2021-04-16,670.3499145507812,679.4998779296875,644.9998779296875,644.9998779296875,374998,672.9448974609375,66.21525679144968,1.8005189960659407,55.27778709212424,-23.596558955784754
2021-04-19,674.39990234375,689.6998901367188,660.5999145507812,674.9998779296875,377720,672.9598999023438,70.0641413080929,1.6025112636499057,58.100546171495424,22.967787463698055
2021-04-20,646.3499145507812,678.14990234375,645.2999267578125,665.9998779296875,461540,669.6148986816406,43.4069835023776,1.0591759113835824,60.173582281878346,-49.36754957545771
2021-04-21,636.89990234375,655.64990234375,631.64990234375,644.8499145507812,287170,664.3198974609375,10.505808237136302,0.1746949324111189,52.112671443863846,-112.8153956813481
2021-04-22,658.4998779296875,658.7999267578125,632.39990234375,638.2498779296875,192040,662.114892578125,36.1615832807239,-0.5330267318232436,51.821849842820065,-62.48672924177842
2021-04-23,643.7999267578125,679.1998901367188,629.9998779296875,656.9998779296875,322579,659.1748962402344,18.181876665599827,-1.3261734026466245,39.25927648258377,-50.70878100160758
2021-04-26,657.14990234375,661.64990234375,638.0999145507812,652.9498901367188,273921,658.3948974609375,35.77077164817385,-1.9152710726240516,42.42726997427992,-40.558852455225484
2021-04-27,640.3499145507812,659.9998779296875,639.14990234375,659.9998779296875,345255,655.8299011230469,13.63640749919987,-2.6092620117434535,34.16505975824913,-65.73847551114609
2021-04-28,641.9998779296875,650.0999145507812,637.7999267578125,650.0999145507812,250965,653.0549011230469,17.77777777777778,-3.30034663006561,37.03327475487378,-88.30357788540397
2021-04-29,645.14990234375,695.909912109375,638.9998779296875,664.9498901367188,381743,651.4949035644531,22.98591497124654,-3.8956028678312853,40.290754888626076,-15.679484114007503
2021-04-30,655.7999267578125,659.9998779296875,637.0499267578125,637.4998779296875,409108,650.0399047851563,39.14434144850769,-4.220797631208551,46.88458675413728,-69.35433568577548
2021-05-04,645.4498901367188,667.4998779296875,639.2999267578125,659.9998779296875,385506,647.1449035644531,23.441062350097695,-4.515184585359529,43.4197910302729,-63.86603220156194
2021-05-05,636.5999145507812,666.7498779296875,634.64990234375,646.4998779296875,235352,646.1699035644531,10.013705353422171,-4.905734723632447,39.720937697181476,-84.19689594034112
2021-05-06,624.5999145507812,650.9998779296875,619.9498901367188,650.9998779296875,392755,644.9399047851563,6.1216733398739605,-5.5163566288104775,38.99544084864353,-157.16326110164738
2021-05-07,630.2999267578125,641.8499145507812,618.9149169921875,640.4998779296875,299812,642.1199096679687,14.786688080565302,-6.129392186414219,37.51169032263958,-154.8679133954686
2021-05-10,648.89990234375,649.3499145507812,621.5999145507812,629.9998779296875,276764,642.6299072265625,38.94407072294104,-6.401082365793932,42.710115998269096,-87.94401984323551
2021-05-11,626.6998901367188,653.5499267578125,617.4298706054688,632.6998901367188,337491,639.5849060058594,11.811945245707593,-6.784180294338528,44.18810028761092,-128.55389680014315
2021-05-12,618.89990234375,645.89990234375,616.64990234375,636.5999145507812,266473,637.4399047851563,2.838758166512141,-7.326005545778311,44.62365277757522,-144.0020502932761
2021-05-13,619.9498901367188,622.3198852539062,594.2999267578125,614.9998779296875,264349,635.2349060058593,25.243545986311688,-7.905465242611827,36.8743581121942,-203.8265877960412
2021-05-14,632.9998779296875,632.9998779296875,614.3549194335938,623.9998779296875,162887,634.0199035644531,38.08675991633719,-8.251914158049797,46.2809736708035,-102.79778647979971
2021-05-17,634.4998779296875,644.2498779296875,616.4998779296875,616.4998779296875,162335,631.8898986816406,39.562992783422175,-8.391415599762647,41.50730087705728,-66.24782602307387
2021-05-18,628.3499145507812,646.1998901367188,620.2498779296875,640.1998901367188,248591,630.1799011230469,33.510474069215235,-8.472886818384389,45.11002250392475,-59.34231670443191
2021-05-19,612.14990234375,629.0999145507812,599.9998779296875,629.0999145507812,315608,627.7348999023437,17.567147091083616,-8.752865271769616,39.12569195412113,-152.04029200441957
2021-05-20,616.1998901367188,620.0999145507812,602.2498779296875,620.0999145507812,177616,626.8948974609375,29.918002714898925,-9.058022540675184,39.52225121926759,-134.68150905850717
2021-05-21,618.7498779296875,622.1998901367188,603.14990234375,612.14990234375,228536,625.739892578125,33.40159491973705,-9.301635923522191,35.75545186691184,-111.80031913441961
2021-05-24,612.5999145507812,621.5999145507812,605.39990234375,617.6998901367188,137740,622.1098937988281,25.25879934626207,-9.570822938864314,36.948743018656366,-110.19120070518014
2021-05-25,603.2999267578125,619.4998779296875,602.9398803710938,619.4998779296875,234685,619.7698974609375,15.189873417721518,-9.968489815620014,36.8170929547571,-124.23434506398183
2021-05-26,614.6998901367188,622.0499267578125,601.4998779296875,607.4998779296875,303126,619.3498962402343,34.43031793908228,-10.221239063328174,46.06203744077348,-90.32386042141378
2021-05-27,610.0499267578125,626.0999145507812,601.4998779296875,601.4998779296875,322595,618.3598999023437,26.582278481012658,-10.420798394007605,41.87724199931253,-82.05715932787223
2021-05-28,603.89990234375,616.0499267578125,603.89990234375,604.1998901367188,210477,615.44990234375,16.202490440400844,-10.650927025464046,29.946493519492662,-96.86101644225926
2021-06-01,607.0499267578125,629.6998901367188,601.4998779296875,629.6998901367188,330241,612.7049072265625,24.566491322770364,-10.813619762370687,39.45249766244454,-63.015074729704
2021-06-02,588.5999145507812,615.2999267578125,586.3499145507812,611.39990234375,472176,608.7299072265625,3.759400029778234,-11.195229107224447,35.404611276700706,-144.72285982433266
2021-06-03,581.2498779296875,599.5499267578125,581.2498779296875,584.9998779296875,333671,605.6399047851562,0.0,-11.785795898218963,32.42504893626338,-186.56854752890797
2021-06-04,581.5499267578125,589.7999267578125,574.8599243164062,581.2498779296875,315266,602.1749084472656,9.377636174170156,-12.444725364542817,23.574748805942647,-197.40092540627737
2021-06-07,597.2999267578125,598.3048706054688,577.64990234375,581.6998901367188,312991,600.0299133300781,31.45502269783391,-12.83231496220701,33.33335156367073,-134.22054159995582
2021-06-08,591.14990234375,606.4498901367188,588.5999145507812,604.3499145507812,191240,597.884912109375,29.704573632885104,-13.098388505873562,33.33333333333333,-96.44676603916864
2021-06-09,594.7498779296875,600.5999145507812,586.3499145507812,590.39990234375,137884,597.0299072265625,36.26908462790123,-13.187060741366636,41.21210888178662,-92.25932914798723
2021-06-10,602.39990234375,615.14990234375,585.7349243164062,615.14990234375,264852,595.7999084472656,50.21880961337699,-13.007785278161474,43.274862150423644,-42.323136870063784
2021-06-11,610.7999267578125,614.6998901367188,598.7999267578125,614.6998901367188,266717,595.8749084472656,65.53615033088555,-12.50629844705912,46.334741446360574,2.2001467373181027
2021-06-14,594.7498779296875,624.2999267578125,593.39990234375,609.2999267578125,317207,594.9599060058594,36.26908462790123,-12.056709312352083,42.458803258710844,-16.259283327038396
2021-06-15,585.5999145507812,628.4998779296875,585.5999145507812,624.14990234375,312042,592.8149047851563,19.584239475213078,-11.781719496042673,42.5126936973269,-36.52852661794689
2021-06-16,578.2498779296875,595.7999267578125,567.4498901367188,592.4998779296875,446669,591.7799011230469,17.349377980672692,-11.72099319012888,34.03418924981166,-155.52565918037965
2021-06-17,568.0499267578125,590.159912109375,567.89990234375,572.9998779296875,280057,590.4599060058594,0.9639142507530121,-11.933766224175894,32.45616897685461,-163.57284699269815
2021-06-18,564.5999145507812,576.5999145507812,547.64990234375,576.5999145507812,737354,588.7649047851562,20.658153234343047,-12.334652894533324,33.20515970580057,-199.82354532405049
2021-06-21,616.1998901367188,622.4998779296875,560.6998901367188,570.14990234375,755900,590.6549011230469,84.7866524339333,-11.981069763343275,52.76517254545354,15.034077807479612
2021-06-22,597.2999267578125,628.7999267578125,586.4998779296875,624.7498779296875,606231,591.2699035644531,61.18300613284676,-11.447365584816046,52.622063811321624,46.00515168992848
2021-06-23,599.9998779296875,617.909912109375,591.7498779296875,591.7498779296875,305986,591.7949035644531,64.51011686555422,-10.759575672500699,55.81395348837209,42.44178636573556
2021-06-24,587.2498779296875,603.6149291992188,583.4998779296875,596.5499267578125,290920,590.2799011230469,48.7984764907541,-10.190158445128995,51.640746336835456,-27.239581686441024
2021-06-25,578.8499145507812,588.14990234375,576.14990234375,577.4998779296875,306420,587.0848999023438,38.44732325382344,-9.835575792791504,44.4544569629463,-86.15262103124805
2021-06-28,580.4998779296875,594.14990234375,577.7999267578125,584.9998779296875,224377,585.6598999023438,40.48054923350698,-9.585493629782878,46.70990606950585,-58.065202331269205
2021-06-29,581.5499267578125,590.39990234375,571.4998779296875,571.4998779296875,238071,585.2549011230469,41.774509199270135,-9.375419874496142,45.85688724391468,-70.427540860099
2021-06-30,559.64990234375,590.0999145507812,559.64990234375,584.9998779296875,469545,583.3949035644531,14.787426235105997,-9.52946864802777,37.68365945217099,-128.2764969542516
2021-07-01,565.3499145507812,584.39990234375,554.4749145507812,584.39990234375,325799,583.12490234375,21.811468739329193,-9.791006924776658,36.6988484230344,-120.84655640651351
2021-07-02,574.64990234375,579.4498901367188,560.2498779296875,566.0999145507812,192144,584.1299011230469,33.2717090289885,-9.935515712167073,43.87568752947618,-93.39368715104503
2021-07-05,593.2498779296875,595.64990234375,568.4998779296875,568.4998779296875,334030,581.8348999023438,56.192189608307096,-9.679700496144868,52.203966954123544,-12.59460333585416
2021-07-06,580.9498901367188,599.8499145507812,574.64990234375,599.8499145507812,363372,580.1998962402344,41.0350927598713,-9.360557332737283,50.75630671616503,-13.663040199153071
2021-07-07,581.2498779296875,590.6998901367188,572.9998779296875,583.4998779296875,389629,578.3248962402344,41.4047633732011,-8.992330717122021,53.91457966796267,-30.38194872621578
2021-07-08,561.5999145507812,581.2498779296875,558.7498779296875,581.2498779296875,429469,575.7598999023437,9.586274913959537,-8.905650940793969,49.18831083044891,-105.05896870233862
2021-07-09,557.0999145507812,564.89990234375,552.89990234375,562.7999267578125,420506,573.5848999023438,5.533611141043435,-9.05148025784194,28.5402872423511,-144.43036134748692
2021-07-12,528.14990234375,569.9998779296875,528.044921875,569.9998779296875,711435,568.34990234375,0.1168202082659806,-9.776647538599715,26.598957175798745,-205.3054109458061
2021-07-13,529.64990234375,569.2498779296875,523.919921875,553.4998779296875,334943,563.1598999023438,7.189886369467337,-10.780703582945327,25.997949251043494,-177.6160407484947
2021-07-14,521.39990234375,545.6998901367188,509.9999084472656,524.8499145507812,327870,559.3348999023438,12.687805366813793,-12.013979951812363,26.821538353128417,-202.04511414957722
2021-07-15,510.2998962402344,545.6998901367188,504.89990234375,511.94989013671875,304816,553.8298980712891,5.687196632171148,-13.475988618188765,26.321232206245327,-182.8517623487758
2021-07-16,509.5498962402344,524.9998779296875,500.84991455078125,524.9998779296875,298872,547.3198974609375,8.787860292376894,-14.985972655209583,25.338902092782348,-176.3826141982596
2021-07-19,483.59991455078125,503.69989013671875,477.7499084472656,501.7499084472656,531025,536.3549011230468,4.791159550439356,-16.826731605613183,20.97776366383235,-196.0322183485889
2021-07-20,490.4999084472656,495.59991455078125,478.64990234375,485.09991455078125,457714,527.3099029541015,10.442259920274394,-18.62988133992557,27.512183716128206,-162.27544208618792
2021-07-21,509.9999084472656,518.5648803710938,487.94989013671875,502.19989013671875,291579,520.1849060058594,26.41277509245876,-19.961361878444936,33.482530474338716,-105.51181678254858
2021-07-22,500.5498962402344,533.39990234375,499.94989013671875,512.8499145507812,317400,514.0799041748047,18.673207742216707,-21.032684336831498,27.906964471298636,-82.06440006530198
2021-07-23,505.34991455078125,515.3848876953125,500.39990234375,509.9999084472656,166382,508.9049041748047,22.60442647326038,-21.76026502635182,21.442500229030614,-82.10595989288176
2021-07-26,519.14990234375,520.1549072265625,498.89990234375,517.4998779296875,221760,508.00490417480466,36.6533869924037,-21.96448726145775,30.115829357602863,-63.23152322911348
2021-07-27,513.4498901367188,518.6998901367188,507.14990234375,509.39990234375,209934,506.38490295410156,34.49274610222596,-21.870851745717804,28.91791264304642,-55.998328847361726
2021-07-28,536.9998779296875,546.2999267578125,513.7498779296875,529.64990234375,515161,507.9449005126953,64.22763044242728,-21.169858894554274,42.531865574432686,-8.402576915729453
2021-07-29,554.5499267578125,558.7498779296875,535.3499145507812,536.9998779296875,559396,512.3699035644531,83.25207991009799,-19.796682265940813,49.28270410200748,36.40797799208398
2021-07-30,529.0499267578125,560.6998901367188,528.4348754882812,548.0999145507812,570770,514.3199066162109,56.06561248132674,-18.435895019420634,50.25818249051382,16.180138819846476
2021-08-02,527.8499145507812,548.2498779296875,523.9498901367188,542.39990234375,230420,518.744906616211,60.39785070848992,-17.131334273585168,49.482762309892216,7.919425136332245
2021-08-03,522.7498779296875,559.9498901367188,522.2698974609375,552.14990234375,186553,521.9699035644531,54.24952310525164,-15.972724768585227,50.395076035792975,22.90002678106085
2021-08-04,520.64990234375,559.1998901367188,518.0999145507812,559.1998901367188,412684,523.0349029541015,51.717906409060724,-14.963429711853646,53.197405563832056,26.55957784614335
2021-08-05,539.8499145507812,542.4448852539062,512.6998901367188,512.6998901367188,400676,526.9649047851562,74.86440001398033,-13.760201309065199,58.40266360960672,32.62181334940868
2021-08-06,600.89990234375,605.9998779296875,527.5798950195312,540.89990234375,1200955,536.5199035644531,95.99530697789889,-11.493115281749468,77.22839862118406,213.32690232796583
2021-08-09,644.9998779296875,650.9998779296875,585.14990234375,604.1998901367188,1535502,549.1049011230468,96.32014691861342,-7.948283812838179,80.58193357438911,313.58083062941745
2021-08-10,688.4998779296875,694.0499267578125,638.2799072265625,653.9998779296875,1160284,566.6098999023437,97.15600915511591,-3.0762793377350777,82.2667979312044,318.29644997737455
2021-08-11,711.14990234375,725.744873046875,681.14990234375,697.4998779296875,1360315,584.02490234375,93.56610346798227,2.740552314602322,86.3353948313262,261.9839794458793
2021-08-12,719.5499267578125,731.6248779296875,701.6998901367188,712.4998779296875,911481,600.52490234375,94.81149320502726,8.972426620659391,86.50305893385718,205.3568949544191
2021-08-13,722.2498779296875,731.2498779296875,707.4448852539062,731.2498779296875,779397,619.8448974609375,95.82358791864044,15.16038264139694,85.97235927323422,163.70877894805284
2021-08-16,719.6998901367188,726.4498901367188,704.5499267578125,718.0499267578125,521771,639.0298950195313,94.55293435747687,20.921191507417657,86.9425007991527,132.95075473787728
2021-08-17,719.9998779296875,726.14990234375,701.0999145507812,707.9998779296875,778586,658.7548950195312,94.68996201977937,26.069384194698248,85.75615133664355,111.8680066573316
2021-08-18,747.2999267578125,747.2999267578125,718.0499267578125,720.14990234375,803635,681.4198974609375,100.0,30.939863096545654,86.27893511870435,112.41392202015993
2021-08-19,756.5999145507812,760.2598876953125,728.2498779296875,737.6998901367188,749983,703.0948974609375,98.52158136184138,35.45881549290614,95.6103380752921,106.10904549254998
2021-08-20,749.9998779296875,762.8549194335938,745.0499267578125,750.2999267578125,729363,718.0048950195312,94.8611700751975,39.334429391338986,93.58444800013795,97.80502675716947
2021-08-23,754.4998779296875,763.1998901367188,742.8748779296875,763.1998901367188,429080,728.9548950195312,96.52694123471807,42.585788848779465,95.57522123893806,88.73439062522226
2021-08-24,746.8499145507812,762.89990234375,740.0999145507812,753.89990234375,465169,734.7898986816406,93.47306363834831,45.05632375625947,93.53349169271077,78.54471011911122
2021-08-25,709.3499145507812,753.4498901367188,706.9799194335938,746.9998779296875,1021015,734.6098999023437,77.14541350399622,46.20696036660574,80.47465208202107,53.120493802552524
2021-08-26,708.7498779296875,729.89990234375,698.0999145507812,727.4998779296875,483930,733.5298950195313,69.41869365902787,46.35510377931327,74.77600815260217,40.19630954815257
2021-08-27,720.5999145507812,729.659912109375,707.0999145507812,718.4998779296875,391508,733.3648986816406,65.89818971030772,45.95054570991348,70.38834999399195,42.25174356879808
2021-08-31,734.39990234375,745.2598876953125,706.4998779296875,719.9998779296875,504005,734.8348999023438,64.89946120938149,45.33621281853659,64.73988529943277,47.6262636977738
2021-09-01,728.0999145507812,754.7399291992188,727.7249145507812,727.7999267578125,421476,735.6449035644531,46.082966590974294,44.41875845271787,56.08181117781834,54.05083064458356
2021-09-02,720.4498901367188,728.744873046875,716.2498779296875,720.14990234375,205788,732.9598999023438,34.33177260786163,43.13611688596734,50.324662027819876,30.14785902421088
2021-09-03,713.0999145507812,725.4899291992188,707.6998901367188,717.2999267578125,275531,728.6098999023437,23.041483295487147,41.47624074324299,46.80629686549988,6.712543023709048
2021-09-06,716.0999145507812,724.1998901367188,709.9348754882812,712.4998779296875,248879,725.2199035644531,27.649779954584577,39.62026523219184,48.74739952989787,-11.08087538169816
2021-09-07,717.7498779296875,739.64990234375,703.7999267578125,739.64990234375,259172,721.5449035644531,30.184286863466834,37.67469334252977,49.22440563854408,-19.152971570533712
2021-09-08,736.64990234375,750.8098754882812,709.7999267578125,714.2999267578125,621357,720.52490234375,59.21659331819486,35.99062487600191,46.103175078186624,28.127950747580122
2021-09-09,735.7498779296875,738.1049194335938,715.3649291992188,723.7498779296875,258538,723.1648986816406,57.83406681805141,34.46235406261958,41.87133462050428,7.463961252839826
2021-09-10,742.4998779296875,745.7999267578125,721.9498901367188,724.1998901367188,325076,726.5398986816406,68.20273430102063,33.14099431307817,47.07943980765373,43.22678327893785
2021-09-13,748.4548950195312,752.39990234375,736.9498901367188,741.89990234375,12361,729.3253967285157,77.70831783121704,32.03806406122686,47.67241115934093,86.30573153854768
2021-09-14,747.14990234375,764.0999145507812,743.5499267578125,745.9498901367188,600468,730.6003967285156,74.31816332267992,31.036016988556547,50.12144264472676,105.38421293535686
2021-09-15,728.5499267578125,749.9998779296875,726.2999267578125,749.9998779296875,261053,730.6453979492187,46.13638213186553,29.782241393620865,59.17694469614005,9.049787094038141
2021-09-16,737.2498779296875,748.3499145507812,730.7999267578125,731.5499267578125,283252,732.3253967285157,55.472567070362516,28.507335113488715,62.64307065806004,31.007703964799887
2021-09-17,741.14990234375,762.89990234375,718.9498901367188,718.9498901367188,827984,735.1303955078125,61.94027055888173,27.28326585170177,59.808131849052685,47.456067381775114
2021-09-20,740.5499267578125,741.5999145507812,717.5999145507812,735.4498901367188,463961,737.5753967285157,60.945285969502656,26.083471639744495,53.35846913376148,7.373313295657759
2021-09-21,731.39990234375,749.2498779296875,723.4049072265625,745.1998901367188,317443,738.9403991699219,45.77111305676878,24.756354950385507,51.74769025085774,25.051698235828688
2021-09-22,746.5499267578125,748.64990234375,731.39990234375,734.9998779296875,193459,739.9304016113281,70.8955367400337,23.6042896992438,62.80543788588681,84.7677551320449
2021-09-23,743.0999145507812,760.7249145507812,740.8348999023438,749.6998901367188,243825,740.6654052734375,65.17412230314133,22.513494581748915,65.3045592341742,117.04510089862063
2021-09-24,745.0499267578125,754.4998779296875,736.9498901367188,741.89990234375,209940,740.92041015625,68.40797404740094,21.498082177240327,64.92883954543423,91.71830109113232
2021-09-27,791.9998779296875,795.5399169921875,736.6798706054688,752.39990234375,986660,745.2749084472656,95.87119259889917,21.28320836509825,76.09658192851516,263.65620167553385
2021-09-28,783.5999145507812,839.6998901367188,783.5999145507812,793.4998779296875,1069109,748.9199096679688,54.87996685490775,21.398835427172973,67.81649608223259,318.23795459470017
2021-09-29,774.5999145507812,806.6998901367188,765.1049194335938,785.9998779296875,643329,753.5249084472656,46.68305601738778,21.523190654614588,63.88890949676299,172.53558240978282
2021-09-30,764.39990234375,794.5798950195312,763.1998901367188,777.89990234375,390569,756.2399108886718,38.32923599565306,21.434706677818944,57.64079063369094,117.8503458978886
2021-10-01,758.6998901367188,767.9699096679688,735.14990234375,755.39990234375,456297,757.9949096679687,33.66092039634369,21.077663289454126,53.580790609485746,29.375535330043355
2021-10-04,745.3499145507812,770.9998779296875,741.5399169921875,768.5999145507812,328936,758.4749084472656,22.727277271622995,20.309977547493524,49.41973282248991,17.18024603207995
2021-10-05,748.7999267578125,763.7399291992188,742.4998779296875,743.8499145507812,231779,760.2149108886719,25.55284065971969,19.3339048715796,57.23472921227768,6.422475246231946
2021-10-06,728.39990234375,756.89990234375,703.3048706054688,747.89990234375,839084,758.3999084472656,18.398788918045227,17.908850290113158,47.08210545295605,-97.19334769111032
2021-10-07,709.3499145507812,739.0499267578125,699.89990234375,735.14990234375,607225,755.0249084472656,6.759665974381822,15.932336942848185,40.46762886084898,-151.39272380959346
2021-10-08,699.4498901367188,713.2498779296875,694.5899047851562,712.1998901367188,344646,750.4649047851562,3.349173621503759,13.519529894275426,38.33048606641497,-187.5185845501877
2021-10-11,690.2999267578125,700.64990234375,686.3399047851562,689.8499145507812,248517,740.2949096679688,2.58217419855531,10.782949673533816,38.33049935152303,-189.10679928002128
2021-10-12,683.5499267578125,692.0999145507812,674.9998779296875,674.9998779296875,188804,730.2899108886719,5.191286092545893,7.854621926996385,31.21645249155989,-184.3283583894137
2021-10-13,686.9998779296875,710.1448974609375,674.9998779296875,674.9998779296875,378993,721.5299072265625,7.285973959076431,4.996758009182928,33.27368116480049,-138.99816936128937
2021-10-14,715.4998779296875,715.4998779296875,690.4498901367188,691.7999267578125,281294,716.6399047851562,24.590162111882954,2.7761856355281354,42.39380504557609,-81.58709820170432
2021-10-15,739.3499145507812,743.6998901367188,715.5598754882812,718.4998779296875,381486,714.7049072265625,39.071057590575315,1.4456472446649618,34.618762885053826,-12.247801737647587
2021-10-18,718.9498901367188,741.14990234375,715.0499267578125,741.14990234375,203287,712.0649047851563,33.37130458115845,0.41394853497431017,32.35052803817737,-31.315337946501643
2021-10-19,727.7999267578125,740.4448852539062,715.0499267578125,730.64990234375,189521,709.9649047851562,44.1545754157694,-0.23610620786046155,37.21312235410185,-23.046851072984886
2021-10-20,713.6998901367188,735.89990234375,710.9998779296875,727.4998779296875,263087,708.4949035644531,40.312512715657554,-0.8372966775766734,36.436600046176395,-38.96278124698305
2021-10-21,707.8499145507812,717.5999145507812,691.64990234375,705.2999267578125,190991,708.3449035644531,34.218788146972656,-1.4677691450430865,36.40738778083344,-69.0097060835558
2021-10-22,709.1998901367188,715.64990234375,702.9749145507812,709.1998901367188,203106,709.3199035644532,38.539545242266236,-2.058661178054758,39.67437465568581,-55.26817971537388
2021-10-25,708.14990234375,719.6998901367188,700.1998901367188,719.6998901367188,225778,711.1049011230468,40.47620821999478,-2.605829261524328,38.227622743749954,-50.590759913877086
2021-10-26,718.3499145507812,722.8499145507812,706.034912109375,719.6998901367188,199675,714.5848999023438,63.10047877496155,-2.9282341159235163,46.90674452515253,-26.244851370658786
2021-10-27,725.9998779296875,730.3499145507812,712.7999267578125,712.7999267578125,194243,718.4848999023437,74.2357946695973,-2.9641360018581966,55.511408382808646,6.9903894334180405
2021-10-28,715.3499145507812,727.9498901367188,708.2999267578125,720.2999267578125,145643,718.4699035644531,58.733667323808774,-2.981739421573516,55.237164718606884,-4.909226364684821
2021-10-29,710.0999145507812,717.4498901367188,698.1898803710938,703.7999267578125,286720,715.5449035644531,51.0917472842914,-3.063915613288038,56.693709498170385,-36.73301338586714
2021-11-01,715.3499145507812,726.7498779296875,698.1898803710938,704.9998779296875,181340,715.1849060058594,58.733667323808774,-3.091512988539994,60.86065428536527,-3.721057424649079
2021-11-02,691.0499267578125,726.5999145507812,679.9498901367188,697.3499145507812,225986,711.5099060058594,17.411822150735293,-3.4641006484740084,51.21077692918535,-76.9410953442402
2021-11-03,685.9498901367188,700.1998901367188,685.4998779296875,691.0499267578125,229535,708.7349060058593,9.411764705882353,-4.106862594010902,39.7288911122058,-119.56345583202715
2021-11-04,676.7999267578125,696.4498901367188,676.7999267578125,685.4998779296875,477695,705.6299072265625,0.0,-5.021891855449266,25.783969984777826,-141.16815317143525
2021-11-05,703.0499267578125,710.5499267578125,674.9998779296875,674.9998779296875,376854,705.0149108886719,42.86048695687857,-5.629356323735212,44.111122012045186,-63.5436529939823
2021-11-08,694.4998779296875,705.89990234375,689.6998901367188,689.9998779296875,205118,703.6499084472656,32.01969159719619,-6.13578144064941,37.63917561275332,-63.18651867558183
2021-11-09,689.9998779296875,705.14990234375,681.2999267578125,704.9998779296875,338019,700.8149047851563,27.100253072431645,-6.61013959287551,40.527566588620324,-95.44350959553114
2021-11-10,687.89990234375,700.7249145507812,678.4498901367188,679.64990234375,305631,697.0049072265625,23.306261750776034,-7.057970193462311,41.779964460262235,-112.57859644917018
2021-11-11,689.39990234375,703.4998779296875,683.9998779296875,703.4998779296875,158062,694.4099060058594,26.0162870580192,-7.425679652834822,41.85185278212448,-82.91464008881545
2021-11-12,698.39990234375,702.89990234375,676.1998901367188,676.1998901367188,199158,693.2399047851562,42.27643890147819,-7.563380426048166,46.23406578691768,-73.73975484494264
2021-11-15,710.5499267578125,718.9498901367188,694.64990234375,698.2498779296875,213960,692.7599060058594,64.22768799863263,-7.338612691450325,47.03196728811992,21.68054212925455
2021-11-16,703.0499267578125,719.9998779296875,702.7498779296875,719.9998779296875,180144,693.9599060058594,52.974584252126434,-7.001371351282616,41.257161458333336,33.59991832539932
2021-11-17,691.1998901367188,705.7498779296875,680.6998901367188,680.6998901367188,106488,694.4849060058593,31.30437141455314,-6.784415354222643,40.88334803337417,-65.99821814952779
2021-11-18,689.9998779296875,720.2999267578125,683.2498779296875,720.2999267578125,181770,695.8049011230469,28.985507246376812,-6.657907510739902,42.17288814459429,-26.963848893209054
2021-11-19,678.2999267578125,693.14990234375,673.4998779296875,690.5999145507812,331993,693.3299011230469,9.039633743337575,-6.76621373751634,36.262522161164455,-124.02643624459603
2021-11-22,671.9998779296875,683.39990234375,659.5499267578125,671.5499267578125,224067,691.0799011230469,20.493746784979425,-7.101111312816501,41.84850966741744,-169.414356768179
2021-11-23,663.5999145507812,669.5999145507812,656.9998779296875,666.7498779296875,164980,688.4399047851563,10.426590094763515,-7.678307711938056,40.69913814211358,-197.20265095961796
2021-11-24,667.4998779296875,671.0999145507812,650.2498779296875,659.9998779296875,148633,686.39990234375,24.625250501002004,-8.297392676317301,45.952982222784115,-181.87425607956564
2021-11-25,731.8499145507812,737.8499145507812,700.2598876953125,712.3499145507812,570637,690.6449035644531,93.15068779485507,-7.864700437827412,59.41175696209399,177.49699903193172
2021-11-26,653.9998779296875,712.3499145507812,629.9998779296875,704.9998779296875,995026,686.2049011230469,22.253121790137605,-8.019583690177605,40.89069025996633,-141.80349887676854
2021-11-29,676.64990234375,700.7999267578125,658.514892578125,669.4498901367188,467065,682.8148986816407,43.25452811662606,-8.154982476632295,47.223961006555605,-60.01179695647421
2021-11-30,660.7498779296875,675.14990234375,650.39990234375,674.9998779296875,436268,678.5848937988281,28.511812293613808,-8.506159697758411,44.660764723929184,-129.60623434659246
2021-12-01,679.9498901367188,692.0999145507812,643.4998779296875,643.4998779296875,418935,677.4598937988281,46.31432104424694,-8.64846113153814,48.262546876076584,-71.06171184514164
2021-12-02,674.5499267578125,681.14990234375,659.8499145507812,679.7999267578125,197805,675.9148986816406,41.307402597035114,-8.718825261667984,45.55618280107937,-65.27447527738491
2021-12-03,677.9998779296875,685.7999267578125,650.7899169921875,652.64990234375,219603,675.8848937988281,44.50624358027521,-8.66549795712775,43.73193803821532,-60.17487808948054
2021-12-06,707.0999145507812,708.4498901367188,680.9699096679688,684.7498779296875,249765,679.3948974609375,71.4881877063862,-8.053414251824831,50.71999767361161,63.59064580407442
2021-12-07,707.9998779296875,716.639892578125,702.2999267578125,709.3499145507812,251128,683.8348937988281,72.32264581794722,-7.0904855484776,53.107656039895275,100.02252200672226
2021-12-08,708.14990234375,719.9998779296875,683.3848876953125,719.9998779296875,175260,687.8998962402344,72.46175046618167,-5.9395781084189805,53.3704780713208,71.42079535433638
2021-12-09,690.2999267578125,720.7498779296875,680.5499267578125,703.0499267578125,165490,683.7448974609375,55.91101377181292,-5.002430143047226,52.178649044336694,42.57880475156428
2021-12-10,677.9998779296875,726.4498901367188,671.02490234375,726.4498901367188,327229,686.1448974609375,44.50624358027521,-4.43322786518833,51.066097988529556,21.083380140777457
2021-12-13,551.39990234375,673.9498901367188,516.7498779296875,644.9998779296875,3156186,673.6198974609375,15.671650237418714,-6.134209787199883,35.96096072015368,-328.08771540533803
2021-12-14,541.4998779296875,583.3499145507812,537.3449096679688,573.14990234375,941107,661.6948974609375,11.194027996664184,-9.312898904355249,34.46745936106922,-316.3865277011755
2021-12-15,519.14990234375,540.89990234375,514.9498901367188,532.64990234375,589883,645.6148986816406,1.9858213744828606,-13.586508954085387,20.750826349794195,-275.57203282095696
2021-12-16,504.14990234375,535.9498901367188,501.7499084472656,525.5999145507812,566333,628.5748962402344,1.0680881584589044,-18.530714368739016,25.08728585437447,-210.7259196704057
2021-12-17,539.6998901367188,545.3248901367188,493.4248962402344,509.2499084472656,554620,614.7448974609375,19.858382194418553,-23.026638009939465,28.16833601195289,-150.52732704631055
2021-12-20,521.0999145507812,527.8499145507812,505.64990234375,513.7498779296875,213465,596.1448974609375,11.876416279551893,-27.250172955172687,27.927927754112076,-130.6558517033962
2021-12-21,537.89990234375,545.9998779296875,518.8499145507812,524.9998779296875,259235,579.1348999023437,19.085938104679258,-30.751432612343695,27.376964882658683,-97.00066386952935
2021-12-22,553.3499145507812,566.4448852539062,521.0999145507812,521.0999145507812,227479,563.6549011230469,25.71613341063624,-33.29985763841816,31.296290889088368,-74.4689930878652
2021-12-23,556.0499267578125,565.4998779296875,524.9998779296875,554.9998779296875,249479,550.2299011230468,26.874812641513362,-34.99849749699656,31.13689850396365,-64.63858344765404
2021-12-24,564.7498779296875,569.9998779296875,559.1998901367188,562.4998779296875,86339,538.9049011230469,30.608296774009357,-35.85689167236393,26.498253791446118,-45.08431779521082
2021-12-29,559.3499145507812,580.544921875,553.64990234375,575.2498779296875,211522,539.69990234375,28.290964504791464,-36.14806584331761,25.817471171877315,-40.71836415154837
2021-12-30,557.39990234375,584.9998779296875,554.9998779296875,584.9998779296875,102654,541.2899047851563,27.454139160683745,-36.01717622500679,25.618624030426176,-35.77448189448394
2021-12-31,547.4998779296875,586.1998901367188,534.14990234375,556.4998779296875,90671,544.12490234375,23.205657378313077,-35.70446532771442,26.294808768637807,-41.372503885008335
2022-01-04,575.0999145507812,584.6998901367188,546.2999267578125,549.5999145507812,697053,551.2199035644531,45.243052802638786,-34.77246503382358,33.74407847984827,-25.04255838636665
2022-01-05,567.89990234375,576.2999267578125,532.64990234375,532.64990234375,278779,554.0399047851563,80.27487038868756,-33.536781647306654,54.18569306032355,-32.13446959292425
2022-01-06,554.9998779296875,570.0899047851562,539.9998779296875,539.9998779296875,198237,557.4299011230469,66.37023523618518,-32.3049073927985,53.37331375490401,-33.081203266997704
2022-01-07,559.3499145507812,561.5999145507812,542.5499267578125,554.9998779296875,177409,559.57490234375,71.05903815429413,-30.99696580020634,61.037892400504504,-29.150547462317483
2022-01-10,559.1998901367188,568.7999267578125,551.6998901367188,568.7999267578125,321574,560.1598999023438,70.89733034083967,-29.64165633013213,66.45738944794678,-10.243745746956819
2022-01-11,559.3499145507812,568.64990234375,554.744873046875,555.4498901367188,304738,560.4898986816406,66.66669192433913,-28.257752271512214,57.451653340937455,11.632648611782013
2022-01-12,565.0499267578125,579.4498901367188,555.89990234375,572.0999145507812,169500,560.5199035644531,68.59692495074593,-26.773126717228397,68.47413307855439,71.77134583759992
2022-01-13,564.2999267578125,567.14990234375,555.7498779296875,567.14990234375,158117,561.0149047851562,66.35949064221009,-25.254141846075598,62.82798193978822,58.32263794240324
2022-01-14,558.7498779296875,573.7498779296875,554.2498779296875,573.7498779296875,160582,561.14990234375,55.14704782382784,-23.82423740762557,52.90320040164991,54.50523867683163
2022-01-17,558.2999267578125,582.7498779296875,556.4998779296875,582.7498779296875,237464,562.2299072265625,47.89921617392117,-22.47800326404302,51.239667753976526,68.33581901940012
2022-01-18,558.7498779296875,564.89990234375,547.64990234375,553.1998901367188,269817,560.5949035644531,48.73946131760742,-21.196373234246877,46.36364174413805,14.699144094540001
2022-01-19,547.64990234375,564.7498779296875,538.9498901367188,564.7498779296875,237742,558.5699035644532,28.011210867109735,-20.151203780733102,43.36735011636106,-44.52527110588202
2022-01-20,539.9998779296875,555.7498779296875,510.2998962402344,510.2998962402344,317189,557.0699035644532,39.13041380472206,-19.385155747221997,40.73482573482573,-193.8222685508729
2022-01-21,526.9498901367188,537.2999267578125,513.14990234375,537.2999267578125,436635,553.8299011230469,22.379025890311446,-18.998235358326404,39.41269215361094,-258.08710961724717
2022-01-24,479.5498962402344,527.9998779296875,472.19989013671875,518.2498779296875,794911,545.8649017333985,6.64858156047947,-19.582166235826065,9.114264693937713,-349.62750116828045
2022-01-25,498.44989013671875,503.09991455078125,467.9999084472656,485.39990234375,815944,539.7748992919921,26.535938812704995,-20.39782717501232,22.987170039939897,-254.6914174082885
2022-01-26,491.5498962402344,525.5999145507812,484.7998962402344,516.2999267578125,468908,532.4248962402344,20.522870637082203,-21.37956833177785,24.112618437694465,-162.01751682632087
2022-01-27,485.9999084472656,495.4049072265625,476.09991455078125,485.69989013671875,345956,524.5948944091797,15.686278681544533,-22.45375931064639,20.36362658904143,-166.56744098382518
2022-01-28,477.2998962402344,515.1149291992188,467.9999084472656,467.9999084472656,551508,516.4498962402344,8.104566680859449,-23.61721213499169,19.04761135863241,-135.31484924759837
2022-01-31,473.69989013671875,509.9999084472656,461.84991455078125,509.9999084472656,505541,507.989892578125,9.801471609051784,-24.779230026313133,18.453015497766103,-124.9533630953568
2022-02-01,479.84991455078125,488.96990966796875,473.9999084472656,473.9999084472656,296395,500.0998962402344,14.888341978720987,-25.724836706223268,18.722451265964608,-109.63320554465861
2022-02-02,473.69989013671875,514.1998901367188,473.69989013671875,475.4999084472656,224102,492.70489501953125,9.801471609051784,-26.524718707879682,18.008456129249723,-85.00595281719445
2022-02-03,476.39990234375,487.19989013671875,465.14990234375,477.14990234375,280914,486.3448974609375,12.034733002663032,-27.087799850926476,20.324320068060274,-95.3760688670021
2022-02-04,466.34991455078125,478.9049072265625,458.84991455078125,468.44989013671875,424415,480.28489990234374,7.072136599055091,-27.571544269852772,19.009090886649446,-99.2870176069449
2022-02-07,467.84991455078125,471.4349060058594,450.89990234375,458.9999084472656,374227,479.1149017333984,14.88802445481146,-27.893430534845635,19.578330480396446,-97.97484834695024
2022-02-08,464.5498962402344,472.19989013671875,454.4999084472656,472.19989013671875,274618,475.72490234375,13.018595207298373,-28.086068529097645,20.656791418702483,-89.87661846218319
2022-02-09,472.0498962402344,473.2499084472656,460.58990478515625,472.19989013671875,361689,473.77490234375,24.47915268533419,-28.00392585816304,25.98092571037759,-75.83083869358272
2022-02-10,470.9999084472656,479.39990234375,463.57489013671875,464.9999084472656,334930,472.27490234375,26.070055082068958,-27.706787374573842,28.389353718298693,-67.03189096901876
2022-02-11,467.39990234375,471.2998962402344,451.64990234375,451.64990234375,274729,471.28490295410154,22.088349804107413,-27.28475679296202,42.90718849732112,-82.76882072854349
2022-02-14,458.69989013671875,464.09991455078125,445.19989013671875,462.89990234375,354797,469.78490295410154,16.791039677394377,-26.883185938021672,23.658077260968113,-103.53803809611878
2022-02-15,464.2499084472656,465.2998962402344,455.9999084472656,465.14990234375,184940,468.22490234375,27.24738277485229,-26.365670331825324,31.578979882311856,-85.1651623039776
2022-02-16,454.34991455078125,466.94989013671875,451.34991455078125,454.4999084472656,256701,466.28990478515624,13.087347925076473,-25.900467749653327,29.827946440067947,-98.0717078352171
2022-02-17,444.89990234375,460.7998962402344,440.4898986816406,452.2499084472656,391382,463.13990478515626,5.982911644749017,-25.584177665934245,29.54548519610408,-129.58149356921166
2022-02-18,445.19989013671875,452.84991455078125,439.4999084472656,444.89990234375,262241,461.02490234375,7.63049944663896,-25.314705854086103,31.22531757947226,-137.40404621729425
2022-02-21,440.84991455078125,472.4999084472656,435.7499084472656,472.4999084472656,238083,458.32490234375,6.500965320430755,-25.10040897029378,23.68422353188282,-108.34235316016691
2022-02-22,423.7499084472656,440.2499084472656,422.9999084472656,433.34991455078125,503026,454.2449035644531,1.1682246322559484,-25.147540160112598,20.634937721548425,-190.57078332159088
2022-02-23,426.59991455078125,435.89990234375,420.2998962402344,426.59991455078125,373258,449.6999053955078,10.659928358572728,-25.253272193219185,20.7746592383358,-179.8775075650784
2022-02-24,407.5498962402344,422.2499084472656,399.6148986816406,419.9999084472656,533361,443.3549041748047,9.945474956921199,-25.63656605224781,18.789813353669743,-215.6083528192177
2022-02-25,426.7499084472656,429.07489013671875,397.84490966796875,416.9999084472656,636255,439.28990478515624,35.44234121166265,-25.808981488186838,31.6353950279008,-153.94291998898396
2022-02-28,419.9999084472656,427.34991455078125,409.64990234375,418.7998962402344,453332,435.41990661621094,27.165717330603197,-25.889052530132876,30.68921818407901,-127.87672679121786
2022-03-01,396.14990234375,439.4999084472656,393.44989013671875,439.4999084472656,434174,428.6099060058594,3.1413750128709954,-26.22855296896015,21.184521915761792,-140.2212141982146
2022-03-02,393.44989013671875,408.8848876953125,388.0498962402344,400.19989013671875,758563,422.5199035644531,6.394308011757487,-26.696158493894718,20.922392476225028,-156.1565464666147
2022-03-03,370.34991455078125,398.69989013671875,366.14990234375,397.4999084472656,745763,415.0649047851563,3.9492355110381228,-27.527245824444496,18.253201000680818,-176.12304503009187
2022-03-04,335.09991455078125,370.4999084472656,333.14990234375,370.4999084472656,975333,404.0549072265625,1.3993628429285399,-29.042242538736936,15.551850957203953,-214.33655499784678
2022-03-07,311.69989013671875,331.31988525390625,298.27490234375,298.94989013671875,1266407,391.13990478515626,7.705545887593372,-31.213622351514182,11.330799820344694,-233.62934457304385
2022-03-08,312.2998962402344,323.5498962402344,305.9999084472656,314.9999084472656,1190217,379.9949035644531,8.049931643079661,-33.60186815019073,12.210698052704544,-190.88479096635385
2022-03-09,328.0498962402344,345.0299072265625,315.89990234375,318.14990234375,1795124,370.13990173339846,17.089965764612224,-35.67297805052554,19.92278307700404,-137.692832581414
2022-03-10,304.64990234375,363.89990234375,302.44488525390625,344.84991455078125,2912737,359.84990234375,3.6590614301441318,-37.7287696134773,17.66736505363707,-125.40145149577187
2022-03-11,325.7998962402344,371.84991455078125,301.64990234375,311.9999084472656,2256843,349.75490112304686,19.387210926700423,-39.24376465080603,25.432416972070456,-96.3917759613189
2022-03-14,319.4999084472656,338.69989013671875,316.4999084472656,324.44989013671875,1646259,339.70490112304685,15.029212381805841,-40.351448507496784,26.662193215383965,-94.73923799863938
2022-03-15,314.9999084472656,328.94989013671875,307.4999084472656,322.4999084472656,879939,331.58990173339845,11.84280784612356,-41.12559674735146,25.200002007378203,-93.56299220209542
2022-03-16,318.59991455078125,325.7998962402344,313.46990966796875,314.9999084472656,1065429,324.1049041748047,14.391935796507134,-41.49893964562543,28.775954684567978,-81.53637157097036
2022-03-17,324.89990234375,334.4999084472656,317.84991455078125,328.4999084472656,889871,319.5599029541016,18.85289350278683,-41.40639716545745,24.103735249254825,-65.2397040541673
2022-03-18,315.2998962402344,352.4999084472656,312.7499084472656,352.4999084472656,4120150,317.57990112304685,12.055226171493548,-41.08548692125864,23.759395436834282,-57.75857246276115
2022-03-21,311.69989013671875,359.9999084472656,311.69989013671875,359.9999084472656,727314,317.57990112304685,12.13722951892526,-40.6020566914449,26.443511239321822,-51.312675992267984
2022-03-22,309.7499084472656,316.46990966796875,303.89990234375,313.4999084472656,1455725,317.32490234375,11.42644510664212,-39.980674813486054,26.55462296936257,-75.52734633683329
2022-03-23,310.64990234375,320.2499084472656,302.5498962402344,320.09991455078125,484148,315.58490295410155,16.81956907486231,-39.19991845772499,30.90210592783012,-70.69196878578558
2022-03-24,302.9999084472656,317.09991455078125,300.9148864746094,301.4999084472656,644546,315.41990356445314,6.422025578765825,-38.392904446361776,37.52913338365059,-75.9715555721001
2022-03-25,310.4999084472656,313.94989013671875,301.4999084472656,313.7998962402344,721779,313.88990478515626,13.512396107552963,-37.40457433818808,49.46809302129278,-71.83695521334094
2022-03-28,314.84991455078125,323.9999084472656,301.4999084472656,313.0498962402344,672172,313.42490539550784,19.644776993967042,-36.1997543127547,51.09395935020446,-59.91424767795938
2022-03-29,344.2499084472656,344.69989013671875,317.08489990234375,320.69989013671875,1320557,316.3499053955078,61.09114657165142,-34.370834963675534,56.22120517758331,31.845319217141814
2022-03-30,320.69989013671875,353.6698913574219,320.39990234375,322.4999084472656,936917,316.5599029541016,27.89172599024522,-32.54400592624624,56.15649819680529,40.337605598371496
2022-03-31,313.94989013671875,335.09991455078125,313.94989013671875,316.0498962402344,459231,315.46490173339845,22.061434906704104,-30.847770387707772,44.89003537091826,-8.00978713991168
2022-04-01,317.39990234375,334.4999084472656,314.9999084472656,314.9999084472656,615239,315.67490234375,27.900498838385246,-29.196956555709303,49.07161538895339,13.52359151268864
2022-04-04,322.19989013671875,328.7998962402344,313.7998962402344,328.7998962402344,694721,316.72490234375,36.02436446915394,-27.518023786566626,53.1745952720357,3.7341113203784193
2022-04-05,317.09991455078125,324.2998962402344,314.6849060058594,316.4999084472656,863940,317.45990295410155,27.392776605316467,-25.928127031761548,49.3472582775969,-27.566131648208213
2022-04-06,315.89990234375,324.2998962402344,308.39990234375,308.39990234375,711715,317.9849029541016,25.36178437248528,-24.43743138857086,45.901638888626394,-46.681032062144936
2022-04-07,311.09991455078125,332.39990234375,310.7998962402344,330.2998962402344,682099,318.79490356445314,17.237918741716587,-23.107940961675446,48.0000081380232,-24.502243326921086
2022-04-08,328.19989013671875,328.514892578125,310.4999084472656,310.4999084472656,622106,320.5649017333984,51.72021824795392,-21.62369713133059,56.9620289023504,27.17074957475085
2022-04-11,312.2998962402344,341.39990234375,312.2998962402344,341.39990234375,483737,320.3098999023438,21.580909320196497,-20.324653716469257,50.96262315327687,24.879503388638742
2022-04-12,313.4999084472656,320.09991455078125,305.9999084472656,311.9999084472656,1472279,317.2348999023437,23.85559815720239,-19.14431884550328,51.07344887333215,-70.83672529913818
2022-04-13,308.9999084472656,314.44488525390625,305.69989013671875,308.09991455078125,338458,316.0649017333984,14.376082915181344,-18.128424391079612,52.31481525087997,-96.36739015225442
2022-04-14,316.7998962402344,322.9198913574219,307.4999084472656,307.4999084472656,303334,316.34990234375,29.32718574839749,-17.103090274112407,52.42493824828581,-30.62496403427614
2022-04-19,312.59991455078125,317.9999084472656,306.2998962402344,314.9999084472656,411542,315.8699035644531,14.384040522151485,-16.153616120775588,49.132947569012096,-60.66914635039523
2022-04-20,305.69989013671875,342.4798889160156,305.69989013671875,305.9999084472656,416819,314.21990356445315,0.0,-15.374731027957893,32.02795837771069,6.31454514304222
2022-04-21,321.89990234375,325.19989013671875,305.9999084472656,305.9999084472656,445774,314.69990234375,44.04571164953406,-14.450094441807755,50.60060693039485,-1.3253446684883605
2022-04-22,316.4999084472656,329.9999084472656,314.9999084472656,329.9999084472656,275196,314.75990295410156,29.363835424122165,-13.535793681637362,51.29376936380654,29.125758011386953
2022-04-25,313.19989013671875,320.39990234375,304.4999084472656,304.4999084472656,299223,314.9699005126953,22.90675661776995,-12.69769942658501,47.865846661518376,-80.65267773870347
2022-04-26,313.4999084472656,323.59490966796875,308.9999084472656,308.9999084472656,785224,313.49990234375,23.69669465050204,-11.917576975916136,45.36742158948167,-51.58929648417858
2022-04-27,317.39990234375,319.3648986816406,304.4999084472656,304.4999084472656,3141942,314.00990295410156,33.96524626203669,-11.125300743639356,50.161805692268295,-75.55563976983855
2022-04-28,343.4999084472656,343.4999084472656,314.9999084472656,314.9999084472656,914078,317.00990295410156,100.0,-9.925172021178968,61.73469586354491,226.2585761021657
2022-04-29,359.69989013671875,361.7998962402344,341.69989013671875,342.59991455078125,798163,322.07990112304685,96.33506710140466,-8.25123926901772,68.83719983951066,393.23227924396093
2022-05-03,377.09991455078125,382.7998962402344,356.06988525390625,367.4999084472656,855304,328.1099029541016,92.72032876362086,-6.0716721805932625,68.90951506099736,355.3214693421338
2022-05-04,401.69989013671875,404.4898986816406,373.34991455078125,377.09991455078125,1200596,337.0199005126953,97.20971215380446,-3.283122982263906,82.39129497333582,299.70389824423313
2022-05-05,361.7998962402344,419.9999084472656,358.4999084472656,404.9999084472656,1359583,342.62990112304686,49.61037904153139,-0.8881541500447621,63.66722819927649,180.56250663015416
2022-05-06,346.4999084472656,362.39990234375,338.09991455078125,352.4999084472656,753208,345.08990173339845,36.36363636363637,0.892499823548548,60.0,61.745613502893775
2022-05-09,339.59991455078125,344.69989013671875,327.89990234375,329.9999084472656,532339,347.39990234375,30.3896156740395,2.082648760985297,56.1093294653749,19.50849594827007
2022-05-10,326.69989013671875,351.59991455078125,325.7998962402344,344.69989013671875,491922,348.74990234375,19.220763367491884,2.629731874687528,53.60982387627211,7.823336922222835
2022-05-11,350.39990234375,357.59991455078125,325.4999084472656,329.9999084472656,639132,352.4399017333984,39.74025445583063,3.1172009494892157,60.53748337792266,37.06286621827027
2022-05-12,345.2998962402344,350.69989013671875,328.4999084472656,350.69989013671875,350659,355.2299011230469,35.324664755817096,3.453278814963982,55.82089312032168,23.81075379881836
2022-05-13,365.69989013671875,396.89990234375,348.2998962402344,348.2998962402344,528594,357.4498992919922,52.98699713372565,3.994449113463488,61.38888304125708,106.50672847924764
2022-05-16,353.09991455078125,389.69989013671875,342.2998962402344,376.7998962402344,575023,356.78990173339844,42.07792736235119,4.42566892535624,58.85486608430871,70.00957740326555
2022-05-17,359.09991455078125,371.9999084472656,355.19989013671875,363.89990234375,250774,354.9899017333984,47.27273255715639,4.851008148267231,59.87013249518754,63.91966832830083
2022-05-18,350.9999084472656,363.83990478515625,347.39990234375,353.9999084472656,376085,349.91990356445314,34.285714285714285,5.110077251588897,57.14285899645169,32.791783896481135
2022-05-19,342.59991455078125,350.69989013671875,333.71990966796875,349.7998962402344,295183,347.9999053955078,18.095244553984788,5.105686738294178,49.7931048223533,-11.513848595472915
2022-05-20,350.39990234375,356.69989013671875,337.4999084472656,337.7998962402344,1083105,348.38990478515626,26.349199890459655,5.049202356164718,47.776186303487506,4.247409462762419
2022-05-23,353.39990234375,362.9999084472656,344.9999084472656,362.69989013671875,256391,349.7699035644531,29.52380306506283,4.9993826452677625,43.91370874404852,20.619900716589555
2022-05-24,341.9999084472656,353.09991455078125,330.2998962402344,330.2998962402344,379649,351.29990539550784,17.46031746031746,4.763077003929576,33.55372128719971,-37.44101776910834
2022-05-25,347.39990234375,373.19989013671875,338.4898986816406,369.59991455078125,219137,350.9999053955078,30.672262981191512,4.497570859231617,45.10204187552355,4.6669026064754915
2022-05-26,371.09991455078125,376.19989013671875,345.8848876953125,352.4999084472656,566498,353.5799072265625,63.86556022627461,4.595549654691162,57.91506018973922,53.65444096828287
2022-05-27,370.4999084472656,380.09991455078125,366.14990234375,374.9999084472656,365929,354.0599090576172,63.02521547164408,4.896170624209839,60.362170567260556,84.67051484177672
2022-05-30,372.89990234375,395.264892578125,352.4999084472656,382.4999084472656,328116,356.03990783691404,66.38655174845648,5.335175872289217,66.66667400615285,81.04098165009832
2022-05-31,363.59991455078125,389.9999084472656,363.59991455078125,389.9999084472656,582287,356.4899078369141,51.31580297599953,5.677368506067288,55.31401666525792,74.98093617826204
2022-06-01,370.4999084472656,392.9999084472656,366.8699035644531,369.2998962402344,361058,358.4399078369141,60.36037315754721,6.038088066932692,60.000009688124734,108.6252140610453
2022-06-06,381.89990234375,390.59991455078125,367.5599060058594,380.9999084472656,511169,362.3699066162109,79.42739784843194,6.559628651746975,56.92308575130925,126.15362427155077
2022-06-07,375.59991455078125,395.9999084472656,361.4999084472656,361.4999084472656,372675,364.88990783691406,68.94978674859188,7.03916537315997,60.1626061085908,100.42333327683221
2022-06-08,382.19989013671875,389.39990234375,371.9999084472656,376.4999084472656,412649,367.76990661621096,78.99540982266365,7.5564918534346095,60.377354351814986,107.9909589684936
2022-06-09,384.2998962402344,398.69989013671875,366.9299011230469,386.09991455078125,290773,371.9999053955078,78.94737546573889,8.086666710944145,65.81197101378712,110.15921015932041
2022-06-10,374.9999084472656,388.4999084472656,372.59991455078125,388.4999084472656,323020,374.75990600585936,65.3509008709557,8.43029501746827,65.25424581151674,78.05275261965085
2022-06-13,361.4999084472656,373.19989013671875,353.69989013671875,365.09991455078125,418776,373.79990539550784,45.61405700452097,8.404387033192382,54.95979122582285,-16.35887195479413
2022-06-14,357.2998962402344,374.39990234375,352.4999084472656,373.19989013671875,283167,372.4799041748047,39.47368773286944,8.062054960451373,51.72413607014891,-22.249747623150224
2022-06-15,364.4999084472656,367.7998962402344,349.4999084472656,358.7998962402344,344173,371.63990478515626,43.198826535344594,7.635836947730658,60.33058198638395,-26.636310973497693
2022-06-16,348.59991455078125,368.9999084472656,343.4999084472656,368.9999084472656,339871,370.13990478515626,9.239144556618696,6.908305172217995,50.50251782876311,-63.48827532130709
2022-06-17,365.9999084472656,385.7998962402344,344.39990234375,353.9999084472656,610546,369.6899047851563,40.76088308612428,6.291915500801464,47.74535429684201,1.4016736214024037
2022-06-20,374.9999084472656,388.4999084472656,358.69488525390625,370.4999084472656,244314,368.9999053955078,57.065236320573995,5.906748907603093,51.851852782124475,47.57113691349532
2022-06-21,365.69989013671875,380.39990234375,358.94989013671875,361.7998962402344,181189,368.00990295410156,40.21737147368439,5.524860493486487,47.19625612906753,4.208548409495345
2022-06-22,361.7998962402344,374.5049133300781,354.89990234375,365.9999084472656,231739,365.96990356445315,33.152162795853364,5.090231600744892,49.26828505806901,-34.484064543538246
2022-06-23,360.89990234375,403.7998962402344,356.1748962402344,375.2998962402344,334347,363.62990417480466,28.855717112621527,4.6193694180546965,45.89743221900672,33.43239494320673
2022-06-24,375.59991455078125,381.59991455078125,363.5549011230469,377.9999084472656,577056,363.6899047851563,53.23385174425961,4.374481916839551,47.381550942544244,27.066010801526875
2022-06-27,382.4999084472656,400.4999084472656,355.70989990234375,381.59991455078125,333089,365.78990478515624,64.6766300084518,4.384183419139238,52.853595634749254,80.76095036187823
2022-06-28,423.59991455078125,424.5299072265625,375.2998962402344,391.4999084472656,1164061,372.41990661621094,98.85228595607623,5.198681960115065,63.32046908298816,290.4637610244021
2022-06-29,405.2998962402344,419.39990234375,397.4999084472656,401.9999084472656,682542,376.4999053955078,76.26803495492415,6.171099382138299,56.118879813053205,223.0233387831712
2022-06-30,382.7998962402344,407.9999084472656,374.9999084472656,407.9999084472656,534121,379.91990356445314,48.50054101569341,6.8184820285475585,52.11038575001222,82.95394467292387
2022-07-01,383.9999084472656,392.71490478515625,374.9999084472656,374.9999084472656,301760,381.71990356445315,49.98148909061533,7.231807100619308,56.521736822868256,48.23305175147071
2022-07-04,376.7998962402344,392.9999084472656,369.2998962402344,392.9999084472656,231565,381.89990234375,41.09587596523188,7.345407495425401,55.55555362345252,21.78964675667017
2022-07-05,364.4999084472656,386.39990234375,363.59991455078125,386.39990234375,274088,381.7799041748047,25.916327676615353,7.052210357753321,50.0,-27.798772931056856
2022-07-06,370.4999084472656,415.7998962402344,366.2998962402344,374.9999084472656,207816,382.6499053955078,32.57207601782382,6.5990633679495065,56.41475934830774,49.86830468793091
2022-07-07,381.2998962402344,385.4999084472656,371.09991455078125,374.9999084472656,267375,384.6899047851563,37.91468051871552,6.22668452085132,54.66178683076603,21.37882321658903
2022-07-08,387.89990234375,389.9999084472656,371.09991455078125,380.9999084472656,207804,385.91990356445314,47.39336160544451,6.015557664479205,53.98886533334265,42.330922100910094
2022-07-11,383.69989013671875,397.19989013671875,382.4999084472656,395.9999084472656,178640,386.03990173339844,41.361461688016846,5.835848636101458,55.74712509280966,64.6324858771607
2022-07-12,390.2998962402344,394.7998962402344,360.89990234375,379.4999084472656,175105,382.70989990234375,50.26154120404737,5.777250501033448,58.94538332211993,23.820514310417273
2022-07-13,383.69989013671875,397.19989013671875,375.59991455078125,389.9999084472656,157727,380.5498992919922,40.67129795919816,5.67916737346652,56.90908465425077,41.78311636908422
2022-07-14,378.89990234375,397.7998962402344,375.89990234375,386.09991455078125,195819,380.15989990234374,33.696599786971184,5.471952524127715,51.063825600838044,24.460733019459383
2022-07-15,392.09991455078125,394.4999084472656,374.9999084472656,374.9999084472656,226773,380.9699005126953,49.033490197733556,5.4053253693134025,52.973978573793424,42.78632567841158
2022-07-18,409.19989013671875,409.19989013671875,382.4999084472656,382.4999084472656,254087,384.20989990234375,82.56408169738248,5.690808856749141,44.75981737431602,137.27874258765684
2022-07-19,427.4999084472656,428.69989013671875,389.9999084472656,389.9999084472656,386384,390.50989990234376,98.23011518362313,6.4610185566631095,58.07860562678297,211.13671609236818
2022-07-20,439.19989013671875,441.4798889160156,423.014892578125,434.9999084472656,540741,397.37989807128906,97.17051481852491,7.66660999698278,72.2748780321418,254.44285824018402
2022-07-21,423.59991455078125,440.09991455078125,417.8548889160156,427.4999084472656,537730,401.6098999023437,77.81089929917117,8.815528927640147,64.04255839518194,167.08621321189162
2022-07-22,433.7998962402344,440.69989013671875,421.34991455078125,427.4999084472656,421317,406.1998992919922,90.46910653317907,10.01134077530328,69.79167505547208,154.47546739779784
2022-07-25,446.69989013671875,452.39990234375,426.89990234375,427.19989013671875,474363,412.49989929199216,93.77047846226093,11.35685175955997,78.42324098069098,161.2335625391066
2022-07-26,438.89990234375,453.89990234375,428.909912109375,450.59991455078125,433098,417.3598999023437,83.87096774193549,12.575328541229734,73.36066436631283,135.2725166207993
2022-07-27,433.19989013671875,439.7998962402344,420.2998962402344,432.2998962402344,290229,422.3098999023438,77.74192235803092,13.53070609627782,68.36518386036465,93.00033652237711
2022-07-28,434.69989013671875,443.9399108886719,423.2998962402344,437.9999084472656,163613,427.8898986816406,79.35482558383737,14.264188090794068,67.18061841810442,88.78630883400109
2022-07-29,430.19989013671875,446.69989013671875,427.45489501953125,446.69989013671875,272727,431.69989624023435,74.51611590641801,14.715834066823883,67.03297464915948,80.74052609869939
2022-08-01,442.7998962402344,446.69989013671875,415.82989501953125,428.9999084472656,151777,435.0598968505859,85.93155011129828,15.134640034022535,68.42106052163022,73.43650978403855
2022-08-02,436.7998962402344,451.4999084472656,428.9999084472656,442.4999084472656,188662,435.9898956298828,78.32698678538482,15.380686617270973,68.7103704113122,77.26263241383293
2022-08-03,437.69989013671875,450.89990234375,400.9198913574219,438.2998962402344,146034,435.8398956298828,79.46766354850999,15.484855978085447,71.30435282581841,46.28078726562561
2022-08-04,440.09991455078125,449.09991455078125,393.7348937988281,434.9999084472656,273073,437.4898956298828,80.67228435204636,15.4976365832356,68.86793177111423,35.22184089138578
2022-08-05,402.89990234375,448.19989013671875,371.0549011230469,446.9999084472656,923224,434.3998962402344,38.43925493569188,14.823639789505748,47.86151109468406,-36.20579335729058
2022-08-08,398.39990234375,416.0098876953125,383.9999084472656,402.89990234375,664680,429.5698974609375,33.00742448884117,13.648935307512147,39.10111881810308,-67.98508436517368
2022-08-09,382.7998962402344,446.09991455078125,380.9999084472656,389.9999084472656,352102,423.95989685058595,14.177071572367124,11.941979226159457,29.475983842118836,-62.36775873526495
2022-08-10,389.09991455078125,419.09991455078125,374.9999084472656,389.9999084472656,257157,419.5498992919922,21.7816563001328,10.064194538527634,36.53396169509018,-101.40118695033908
2022-08-11,383.09991455078125,395.9999084472656,382.4999084472656,395.9999084472656,228634,414.38990173339846,14.539215704331841,8.059109535340818,29.539968034144195,-131.95641017750424
2022-08-12,389.39990234375,394.7998962402344,380.9999084472656,385.7998962402344,165702,410.3099029541016,22.14376359513973,6.161489314629473,25.575462940800605,-127.94124909219379
2022-08-15,384.59991455078125,395.69989013671875,381.59991455078125,389.9999084472656,201432,404.4899047851562,16.837606059433494,4.3400780429590515,26.2467346472351,-123.91664135447328
2022-08-16,386.69989013671875,396.9898986816406,381.2698974609375,383.9999084472656,272010,399.4799041748047,19.448054682396428,2.685526420959924,28.997292288895295,-104.95678996878006
2022-08-17,381.2998962402344,392.39990234375,377.02490234375,385.4999084472656,227864,393.83990478515625,12.735402056583746,1.130018918092952,26.701574584450995,-106.14835198953685
2022-08-18,380.09991455078125,388.5448913574219,374.09991455078125,374.9999084472656,132380,387.83990478515625,11.24372254859785,-0.30358792475574803,27.493269954741848,-101.45954855971956
2022-08-19,380.69989013671875,389.9999084472656,374.39990234375,374.9999084472656,230198,385.6199035644531,11.989543334615568,-1.5753735575375247,18.731101297812046,-89.4620105837913
2022-08-22,378.59991455078125,383.9999084472656,373.4999084472656,382.4999084472656,165062,383.63990478515626,9.449575192414196,-2.708976975439845,19.49684347574346,-91.43159293122271
2022-08-23,379.7998962402344,390.2998962402344,373.4999084472656,374.9999084472656,214282,383.33990478515625,11.20506581152031,-3.6712257802248636,19.749194408613803,-77.62621018677763
2022-08-24,366.59991455078125,383.09991455078125,366.59991455078125,382.4999084472656,239247,381.08990478515625,0.0,-4.677860693109339,15.492918194457644,-100.05063852789158
2022-08-25,374.09991455078125,380.39990234375,362.39990234375,368.9999084472656,212959,380.1899047851563,13.97850716925987,-5.529226582718366,31.249975164687925,-93.62508295347823
2022-08-26,374.9999084472656,386.39990234375,373.1698913574219,383.9999084472656,243646,378.7499053955078,15.053768537511822,-6.21168174703995,34.01636695873823,-68.60499319533949
2022-08-30,376.19989013671875,386.69989013671875,347.9999084472656,376.4999084472656,362620,377.90990295410154,39.66241809936883,-6.719188827471728,44.38773418284544,-96.91568189049192
2022-08-31,389.9999084472656,392.9999084472656,371.9999084472656,374.09991455078125,428545,378.2399047851562,85.73179908602981,-6.854951855662071,50.67873011576916,-26.38059072991731
2022-09-01,373.7998962402344,389.69989013671875,372.59991455078125,377.9999084472656,286099,377.4899047851562,52.663794521162345,-6.99343390283539,43.921544535607296,-58.66615212277925
2022-09-02,386.9999084472656,392.39990234375,367.7698974609375,369.89990234375,232527,378.1799041748047,79.6080991513134,-6.899822784842398,48.5611525270167,-23.438994986370577
2022-09-05,389.69989013671875,392.09991455078125,375.2998962402344,380.09991455078125,136874,379.0799041748047,85.11939171645993,-6.6068446940450585,53.13652153088137,18.297894047298264
2022-09-06,410.09991455078125,413.09991455078125,387.2998962402344,389.9999084472656,245374,382.2299041748047,95.39170550117969,-5.863736832249782,61.74701028590338,196.29695403271967
2022-09-07,398.39990234375,414.59991455078125,388.09490966796875,389.9999084472656,192630,384.08990478515625,75.67565957598899,-5.050753511568642,58.07366239122523,170.1491853253506
2022-09-08,392.39990234375,410.69989013671875,387.5398864746094,399.2998962402344,248635,386.66990356445314,66.66665139260495,-4.3208063428430235,55.555552492462944,129.83250784675258
2022-09-09,389.9999084472656,397.4999084472656,384.59991455078125,389.9999084472656,181917,388.25990295410156,63.06305728368836,-3.7096121714986188,54.133342592595106,63.225731195439565
2022-09-12,401.09991455078125,403.7998962402344,395.8049011230469,395.8049011230469,202127,390.8699035644531,79.72973158738588,-3.019340815708971,59.25925925925927,138.3675032663737
2022-09-13,391.4999084472656,404.9999084472656,387.59991455078125,400.4999084472656,268145,392.3999053955078,65.31530932953437,-2.4619713798500804,54.50346805545505,80.35004526122904
2022-09-14,384.59991455078125,409.19989013671875,380.09991455078125,383.9999084472656,218819,391.8599060058594,54.95495908307974,-2.1215945614299327,57.28155124062807,48.9791790363517
2022-09-15,382.7998962402344,392.69989013671875,373.4999084472656,385.4999084472656,173160,392.75990600585936,52.25222913475342,-1.9589503247344986,53.68955794570981,-19.890779817436567
2022-09-16,431.09991455078125,437.69989013671875,385.4999084472656,389.9999084472656,973723,397.16990661621094,92.64216618372674,-1.1411680798788977,66.96914070627574,210.36728417126395
2022-09-20,436.4999084472656,440.09991455078125,410.69989013671875,424.4999084472656,490098,401.84990844726565,95.0228048487201,0.13312718142715108,67.78760641311703,222.51906744613615
2022-09-21,433.4999084472656,439.7998962402344,428.09991455078125,435.89990234375,201423,404.1899078369141,90.87514925467595,1.5785886224082069,63.7050976446671,200.60634428543557
2022-09-22,429.2998962402344,437.9999084472656,419.9999084472656,437.9999084472656,186960,407.2799072265625,85.0684145461603,2.9849535669708773,68.91614597505173,149.67472590889255
2022-09-23,416.09991455078125,439.3648986816406,416.09991455078125,427.4999084472656,255620,409.6499084472656,63.9639672664638,4.0756882992642804,59.91819960071286,110.96906355749418
2022-09-26,413.2348937988281,420.59991455078125,389.9999084472656,412.4999084472656,365188,411.97340698242186,59.66213469981199,4.856414961404444,58.0124572075699,38.175042220045725
2022-09-27,396.2998962402344,419.39990234375,396.2998962402344,404.9999084472656,405849,411.4934051513672,34.23421276798532,5.120650842022284,45.18827997760342,16.292949344268486
2022-09-28,378.59991455078125,397.69488525390625,366.89990234375,392.9999084472656,504998,410.2034057617187,15.983620568177175,4.753244756050843,43.37349914411894,-93.70573456320764
2022-09-29,354.2998962402344,383.9999084472656,343.4999084472656,374.9999084472656,508709,407.17340393066405,11.180110880526849,3.6106715503880387,38.64043041238755,-171.17481777359893
2022-09-30,375.59991455078125,384.59991455078125,332.9999084472656,332.9999084472656,550806,406.4534057617187,39.77591379625258,2.373734088174937,46.141482123427366,-144.65199988563538
2022-10-03,390.89990234375,392.9999084472656,359.9999084472656,359.9999084472656,208756,402.43340454101565,54.06161587005155,1.3811853930095328,47.32704151029344,-73.59438883751628
2022-10-04,418.19989013671875,420.2998962402344,382.4999084472656,388.4999084472656,369669,400.60340270996096,79.55179909803607,1.0262532450457016,56.402872369652265,29.621388975990836
2022-10-05,416.39990234375,423.2998962402344,401.9999084472656,418.4999084472656,539770,398.8934020996094,77.87113832269587,1.05851613317937,57.81710520551201,54.97085693063599
2022-10-06,407.69989013671875,419.9999084472656,399.5098876953125,419.9999084472656,109885,396.7334014892578,69.7478780881237,1.1905579088739182,55.920112156080485,32.42984752424662
2022-10-07,402.89990234375,413.69989013671875,396.32989501953125,412.4999084472656,116218,395.4134002685547,65.26609702423711,1.2989227860581918,41.546758312107016,11.857851813751589
2022-10-10,390.2998962402344,419.69989013671875,386.9999084472656,404.9999084472656,101505,393.1199005126953,53.651680095736054,1.1827805298493386,36.72413442326689,-11.584580902784095
2022-10-11,383.09991455078125,404.69989013671875,378.89990234375,389.9999084472656,140591,391.79990234375,47.10197029409807,0.8144426220249213,35.85858611806262,-49.26873262147014
2022-10-12,365.39990234375,391.7998962402344,363.19488525390625,374.9999084472656,269507,390.4799011230469,30.461144992436953,0.02309261075763036,33.33333333333333,-99.7508914320013
2022-10-13,392.09991455078125,392.69989013671875,359.9999084472656,388.4999084472656,338712,394.25990295410156,65.44852059007418,-0.5659788485989673,44.152047131511424,-65.58021670159951
2022-10-14,381.89990234375,410.39990234375,374.9999084472656,374.9999084472656,265094,394.88990173339846,54.15282448165735,-1.1588311883201818,42.628275127589134,-40.210015689419706
2022-10-17,395.39990234375,398.39990234375,376.7998962402344,384.2998962402344,133024,395.33990173339845,69.10299261562379,-1.5049491852456327,49.78479343132137,-31.648272351616956
2022-10-18,389.9999084472656,402.2998962402344,388.19989013671875,388.19989013671875,171957,392.5199035644531,63.12293212119164,-1.7609984639762706,52.896339643245206,-13.443155869262325
2022-10-19,377.69989013671875,404.69989013671875,372.2998962402344,391.19989013671875,246204,388.64990234375,49.50164754389226,-2.139397825431643,56.33116655247346,-42.347233330616824
2022-10-20,382.4999084472656,388.4999084472656,371.9999084472656,388.4999084472656,325984,386.12990417480466,35.545030551331735,-2.4931899195059706,52.0499088371317,-54.10902174400116
2022-10-21,387.2998962402344,395.9999084472656,377.09991455078125,386.9999084472656,277609,384.5699035644531,43.12795111786922,-2.73074880295059,48.85931378777444,-18.659540314528055
2022-10-24,391.7998962402344,397.19989013671875,380.9999084472656,380.9999084472656,146974,384.71990356445315,50.23695722813557,-2.8049829318759096,40.2222266931092,4.898385765757259
2022-10-25,394.4999084472656,398.39990234375,382.19989013671875,392.9999084472656,137612,385.8599029541016,57.5,-2.72348655176605,41.942610358950795,20.286832081531365
2022-10-26,399.89990234375,404.69989013671875,389.9999084472656,394.4999084472656,185954,389.3099029541016,66.83418112929387,-2.4562923549740097,47.05882894464904,56.97988392412385
2022-10-27,383.69989013671875,400.7998962402344,383.09991455078125,383.09991455078125,182645,388.4699005126953,39.698473967271035,-2.3395764716471823,43.33333192048309,-12.470916873329195
2022-10-28,374.09991455078125,402.89990234375,369.59991455078125,390.2998962402344,293316,387.6899017333984,27.97620597430105,-2.47112555504256,44.25532688539613,-77.20880663335492
2022-10-31,364.4999084472656,380.69989013671875,364.4999084472656,376.4999084472656,237424,384.59990234375,8.928572509834957,-2.8989165851047902,43.51464470763894,-163.00622512493473
2022-11-01,372.59991455078125,385.4999084472656,367.7998962402344,374.9999084472656,234711,382.8599029541016,25.000015137689395,-3.354122731593774,52.69058653942651,-114.44797159046776
2022-11-02,366.89990234375,384.59991455078125,365.39990234375,374.9999084472656,184806,381.7799041748047,5.2287455678032195,-3.8859451250701893,38.82978665841322,-126.42142360652981
2022-11-03,358.4999084472656,374.39990234375,347.9999084472656,370.4999084472656,480579,379.37990417480466,18.51852449884146,-4.5630702308472415,39.45946510673314,-194.73857198148897
2022-11-04,364.7998962402344,370.4999084472656,348.89990234375,361.4999084472656,352207,377.12990417480466,29.629617668983744,-5.184859458944922,35.26011526704788,-161.28465761966433
2022-11-07,381.89990234375,393.2998962402344,358.7998962402344,365.69989013671875,552021,376.13990478515626,59.78836833167828,-5.454732058457701,46.493504777783215,-31.005243305912455
2022-11-08,376.4999084472656,397.19989013671875,375.2998962402344,379.7998962402344,113270,374.33990478515625,50.264566496855394,-5.563604276357461,49.447522273475144,11.472592300706548
2022-11-09,373.7998962402344,390.59991455078125,371.9999084472656,376.7998962402344,161589,371.7299041748047,45.50263866799071,-5.5962538508785045,45.91548722674589,-26.162144624729212
2022-11-10,391.4999084472656,396.59991455078125,365.6698913574219,374.9999084472656,361987,372.50990600585936,76.71960149520034,-5.284268652879365,51.75879872204472,21.649255934148293
2022-11-11,392.69989013671875,404.39990234375,387.89990234375,397.19989013671875,782046,374.3699035644531,78.83597200132404,-4.74143891159106,50.387594250288814,103.60098440603834
2022-11-14,392.69989013671875,401.69989013671875,377.9999084472656,389.9999084472656,225094,377.1899017333984,78.83597200132404,-4.071569616419037,49.206341090198826,68.82739565326438
2022-11-15,391.4999084472656,397.7998962402344,378.89990234375,386.69989013671875,111655,379.07990112304685,77.12766792109798,-3.367055121658834,46.15384830357729,60.41657762720418
2022-11-16,385.19989013671875,390.08990478515625,371.9999084472656,387.59991455078125,411464,380.90989990234374,65.95742148080612,-2.7705964138955643,50.75528710191152,3.4880067195662736
2022-11-17,388.4999084472656,390.1199035644531,374.9999084472656,389.69989013671875,156606,383.90989990234374,71.80851840929812,-2.214167716650789,57.74192966192769,19.718335775328626
2022-11-18,392.69989013671875,400.4999084472656,380.9999084472656,380.9999084472656,216123,386.6998992919922,79.25529526030577,-1.6399431752724332,66.0958788382558,73.71733425555682
2022-11-21,387.59991455078125,393.89990234375,382.4999084472656,383.9999084472656,117081,387.2699005126953,70.21278437759555,-1.1622957125066347,58.8652507853048,47.0823929886765
2022-11-22,390.59991455078125,395.9999084472656,374.9999084472656,374.9999084472656,102637,388.6799011230469,75.5319338893954,-0.719707605979148,64.46887839093668,43.22672675566909
2022-11-23,400.19989013671875,404.69989013671875,389.9999084472656,389.9999084472656,237506,391.3199005126953,91.93548210674155,-0.1674928617493795,75.09025827583281,137.16792404926838
2022-11-24,413.09991455078125,423.89990234375,393.20989990234375,398.9999084472656,266565,393.4799011230469,83.41015855544518,0.6306798312234614,76.92309262546146,204.3490875368668
2022-11-25,409.4999084472656,421.7998962402344,407.39990234375,421.7998962402344,55937,395.15990295410154,75.27049428195134,1.482299228264993,68.1102445772213,186.37790954381026
2022-11-28,387.89990234375,419.69989013671875,385.7998962402344,404.9999084472656,177299,394.6799041748047,38.17620950054007,1.9747807461818874,56.16882827354717,78.07465191490212
2022-11-29,370.19989013671875,395.09991455078125,365.39990234375,385.4999084472656,810356,392.54990234375,8.20510733840812,1.9294506222372054,48.324019409635426,-62.14189233071075
2022-11-30,353.69989013671875,376.19989013671875,351.59991455078125,367.4999084472656,654101,389.39990234375,2.9045310380283698,1.2817613888145902,32.20337814130676,-158.84229001693302
2022-12-01,356.9999084472656,374.1899108886719,353.39990234375,355.4999084472656,535580,386.24990234375,7.46887248715349,0.34020654638298087,33.518016780438316,-153.60293105703718
2022-12-02,366.59991455078125,374.5498962402344,357.89990234375,359.9999084472656,222309,383.63990478515626,20.746891469681223,-0.5837926149621858,38.931310355681134,-127.4739188816183
2022-12-05,358.4999084472656,374.9999084472656,356.39990234375,374.69989013671875,168303,380.7299041748047,9.543561634121613,-1.5762509377886835,36.77885132663381,-133.01358463450492
2022-12-06,352.7998962402344,374.69989013671875,349.19989013671875,356.9999084472656,202679,376.94990234375,4.819284491598475,-2.6469396024813685,36.95652868319644,-135.943603901887
2022-12-07,346.4999084472656,356.39990234375,346.4999084472656,353.69989013671875,290333,371.5799041748047,0.0,-3.805013975831754,33.490567622100286,-155.45201328672852
2022-12-08,339.59991455078125,362.39990234375,337.4999084472656,346.4999084472656,134661,364.2299041748047,2.430562791510885,-5.058564822329423,29.56121416240893,-141.23793080118128
2022-12-09,350.69989013671875,356.9999084472656,340.4848937988281,356.9999084472656,246070,358.34990234375,15.277757664274828,-6.117622145686727,36.42383451616062,-112.34365303619317
2022-12-12,344.69989013671875,354.95989990234375,341.69989013671875,353.39990234375,346368,354.0299011230469,8.333312729257141,-7.081040359194448,33.47731593004116,-106.41651516532467
2022-12-13,374.9999084472656,389.69989013671875,344.9999084472656,344.9999084472656,669469,354.50990295410156,43.40278084386055,-7.434451637882025,42.10527221534388,-19.618520414772576
2022-12-14,374.39990234375,383.9999084472656,368.9999084472656,380.9999084472656,260774,356.5799041748047,43.77224109107417,-7.379624112242246,36.863543999164655,3.774642256562938
2022-12-15,367.7998962402344,389.69989013671875,367.4999084472656,367.4999084472656,149359,357.65990295410154,36.86130722928916,-7.160274149023115,36.127744956784035,2.6141135080472457
2022-12-16,352.4999084472656,368.69989013671875,348.08990478515625,366.59991455078125,291000,356.24990234375,26.041663907192664,-7.077086052975441,37.708338057552325,-63.83740848533407
2022-12-19,359.9999084472656,365.39990234375,347.9999084472656,347.9999084472656,112174,356.39990234375,43.10346339555531,-6.947814204513573,46.18834817130623,-53.514684450383186
2022-12-20,358.7998962402344,363.2998962402344,354.59991455078125,356.9999084472656,113566,356.99990234375,40.80458862933348,-6.799744616668065,52.1519007553163,-45.003302556642055
2022-12-21,371.69989013671875,374.9999084472656,357.2998962402344,362.39990234375,176823,359.5199005126953,65.51722928355575,-6.426345160555627,55.73769749767782,-0.6826865061774255
2022-12-22,363.89990234375,374.09991455078125,357.19488525390625,374.09991455078125,183417,361.9498992919922,50.574718691555454,-6.041084834032722,48.931111453685524,-4.7881324109526755
2022-12-23,372.89990234375,374.09991455078125,362.59490966796875,367.19989013671875,33932,364.16990051269534,67.81610404977758,-5.51122772873628,55.66037577412575,44.854040286114284
2022-12-28,368.69989013671875,374.32489013671875,365.69989013671875,371.9999084472656,98340,366.5699005126953,59.770100830815046,-4.972963687780765,56.32458083238467,63.17362929297079
2022-12-29,373.19989013671875,375.8699035644531,359.9999084472656,365.9999084472656,182207,366.3898986816406,68.39079350992611,-4.37451777092315,60.7748115434777,70.65283681742552
2022-12-30,363.89990234375,374.69989013671875,362.2499084472656,374.09991455078125,64975,365.33989868164065,47.57697914709517,-3.9081280067595587,59.61994859128623,41.799903144823766
2023-01-03,377.9999084472656,380.69989013671875,360.2549133300781,373.19989013671875,224145,366.3598999023437,75.62503814697266,-3.315092626266054,60.556850133222305,86.39091646771284
2023-01-04,401.9999084472656,403.4999084472656,375.2998962402344,382.4999084472656,556179,371.3098999023438,97.43589743589743,-2.2833043720047073,69.4501056305857,217.77353950882497
2023-01-05,410.9999084472656,414.89990234375,398.09991455078125,404.9999084472656,405637,376.40989990234374,94.17041217893247,-0.8818085056404583,64.28571428571428,255.77200671432328
2023-01-06,410.39990234375,419.9999084472656,406.7998962402344,419.9999084472656,210716,381.5699005126953,86.66665818956163,0.6703812733914949,64.28571428571428,229.9402624917524
2023-01-09,413.9999084472656,419.39990234375,396.59991455078125,413.9999084472656,474196,385.79990234375,91.66666666666667,2.291562784656159,68.78049276708587,176.7794934223808
2023-01-10,398.9999084472656,421.7998962402344,397.4999084472656,407.9999084472656,333383,389.3099029541016,69.10570248747248,3.6264627889584355,68.9486533715827,133.10018271887563
2023-01-11,405.89990234375,407.02490234375,386.9999084472656,389.09991455078125,144670,392.6099029541016,76.33928834986597,4.813769357301329,68.79606535710188,90.64949945106939
2023-01-12,419.39990234375,420.89990234375,386.77490234375,417.59991455078125,268950,397.6799041748047,96.28512733015049,6.050739708395182,72.54464615161743,108.4283868071982
2023-01-13,409.4999084472656,427.7998962402344,405.2998962402344,423.2998962402344,224492,401.3099060058594,74.08117704774192,7.0822548462641155,64.38356927943443,109.84263357318467
2023-01-16,416.69989013671875,432.89990234375,406.889892578125,407.69989013671875,119203,406.58990478515625,77.77775917233308,8.029650520137768,70.18348345587806,109.06658538302699
2023-01-17,412.4999084472656,422.6098937988281,404.9999084472656,404.9999084472656,642286,410.03990478515624,72.01646693489207,8.78934824428126,65.71429194236438,81.60406585770855
2023-01-18,412.19989013671875,419.69989013671875,405.2998962402344,405.2998962402344,123847,411.0599029541016,71.60491914934232,9.366756600335398,67.81327137505586,71.73311442082336
2023-01-19,404.9999084472656,427.4999084472656,401.9999084472656,427.4999084472656,231002,410.45990295410155,61.594055866353614,9.663420576126695,62.74039631294711,63.53424681633636
2023-01-20,413.09991455078125,414.59991455078125,398.09991455078125,404.39990234375,147677,410.7299041748047,72.74417952043139,9.875773773873549,69.9029214907988,49.165811202186404
2023-01-23,418.4999084472656,424.7998962402344,405.2998962402344,415.19989013671875,128943,411.1799041748047,75.00001324547522,10.08779556647195,67.6240265048836,71.8907776239901
2023-01-24,415.19989013671875,420.2998962402344,405.89990234375,412.19989013671875,169687,412.79990234375,61.6259897950542,10.212853116595394,57.006361069670476,59.42832453445483
2023-01-25,412.4999084472656,421.19989013671875,404.9999084472656,404.9999084472656,74646,413.45990295410155,55.77237095613144,10.21049365184427,50.85324267629898,52.158507788253885
2023-01-26,419.09991455078125,425.39990234375,406.19989013671875,417.2998962402344,180810,413.4299041748047,70.08132727811653,10.210422819962739,54.63259616615869,70.39241277836301
2023-01-27,422.39990234375,425.09991455078125,405.2998962402344,416.09991455078125,135285,414.71990356445315,77.23577235772358,10.241167930880597,54.48717886017432,76.64912339180822
2023-01-30,423.59991455078125,424.7998962402344,405.2998962402344,416.09991455078125,149797,415.4099060058594,79.83742483909214,10.285419968834484,65.41354591119685,85.53920750762731
2023-01-31,419.69989013671875,424.7998962402344,413.06988525390625,416.09991455078125,181081,416.12990417480466,71.38208735602981,10.250152957659482,58.98436848074095,109.17964254172753
2023-02-01,420.2998962402344,428.7298889160156,404.9999084472656,404.9999084472656,193634,416.9399047851563,63.79307320888939,10.153104276999649,50.704220643543664,91.56583007126318
2023-02-02,427.19989013671875,429.2998962402344,412.4399108886719,415.7998962402344,190949,419.15990295410154,83.62064883200067,10.109363889320417,64.5320061275695,157.73471083500087
2023-02-03,438.59991455078125,438.59991455078125,421.9198913574219,424.19989013671875,213929,421.70990295410155,100.0,10.260168496502498,66.8202857868796,250.4489904706166
2023-02-06,435.2998962402344,437.9999084472656,418.7998962402344,433.4999084472656,160930,423.38990173339846,91.851806640625,10.448969846593624,67.75697958081635,183.1567775185506
2023-02-07,422.39990234375,434.09991455078125,419.3699035644531,431.39990234375,204504,424.1099029541016,59.9999698591821,10.422062355946078,56.64062872528792,106.56718402728295
2023-02-08,434.9999084472656,446.9999084472656,415.4999084472656,415.4999084472656,330377,426.3599029541016,75.46011963641016,10.438635028148505,68.24815892293094,173.38859844347783
2023-02-09,449.69989013671875,450.89990234375,433.4999084472656,446.9999084472656,191253,429.41990051269534,97.38559397254481,10.69232931886058,70.60808302976149,238.25937062639034
2023-02-10,437.9999084472656,450.59991455078125,429.59991455078125,449.9999084472656,285405,430.9799011230469,71.89543439683894,10.870311416430189,60.25236198262135,151.71569517584066
2023-02-13,432.59991455078125,447.59991455078125,432.59991455078125,437.39990234375,130434,431.87990112304686,60.1307402475049,10.88057907513917,58.95062871854445,115.94897149755154
2023-02-14,436.19989013671875,449.69989013671875,427.4999084472656,427.4999084472656,156506,433.5299011230469,67.97382535565616,10.8178247923996,62.079500619217484,102.39469256159269
2023-02-15,434.09991455078125,449.09991455078125,429.89990234375,429.89990234375,84886,434.90990295410154,63.39871453827031,10.654431559712892,58.01282260283709,89.89812885151882
2023-02-16,432.89990234375,437.9999084472656,427.6048889160156,436.4999084472656,120921,435.4799041748047,60.78430851081512,10.393096027555874,55.73770491803279,49.894864389808745
2023-02-17,433.4999084472656,449.9999084472656,426.2998962402344,449.9999084472656,156342,434.96990356445315,62.09151152454272,10.069956578777388,55.44554156282911,68.95471582562195
2023-02-20,425.9999084472656,449.9999084472656,416.09991455078125,449.9999084472656,270835,434.03990478515624,45.75164007071569,9.582409548625055,53.33334409791463,21.500457675077588
2023-02-21,419.09991455078125,446.9999084472656,416.9999084472656,446.9999084472656,157421,433.70990600585935,17.31670603694326,8.885447430134665,49.40477073508339,-7.618665519428354
2023-02-22,428.69989013671875,436.4999084472656,411.2998962402344,417.89990234375,227201,433.0799041748047,43.939371754136246,8.226674168860782,50.72463810848696,-34.5481944092329
2023-02-23,432.59991455078125,438.89990234375,411.59991455078125,434.9999084472656,217181,431.3699066162109,53.78791673634589,7.669843283594685,46.87499801317724,-20.90632924394975
2023-02-24,428.69989013671875,436.1698913574219,420.2998962402344,427.4999084472656,92606,430.4399047851563,43.939371754136246,7.126394163755888,46.583845829909585,-21.301148074881425
2023-02-27,435.89990234375,449.69989013671875,419.9999084472656,419.9999084472656,212122,430.7699035644531,62.12121795943783,6.718450471915411,57.42574556588475,48.23384646117588
2023-02-28,432.2998962402344,440.39990234375,430.4999084472656,437.9999084472656,283306,430.37990417480466,53.03029485678704,6.344075337146938,48.35164016219411,32.53390774094976
2023-03-01,436.7998962402344,440.96990966796875,413.09991455078125,432.59991455078125,376453,430.64990234375,64.88546595194998,6.067701127637342,41.00418605937948,-34.447265077322584
2023-03-02,522.89990234375,524.369873046875,430.19989013671875,455.69989013671875,1870700,439.64990234375,98.69994604700523,7.227085785049411,79.0554381757967,507.97247075196015
2023-03-03,586.7999267578125,596.6998901367188,513.5999145507812,524.6998901367188,1941755,454.9799041748047,94.66021375144501,10.22861500404864,87.68328069574099,468.9639932643939
2023-03-06,639.5999145507812,647.39990234375,577.5748901367188,600.89990234375,1299496,476.33990478515625,96.69632037639639,15.04649950953498,90.07091908634862,349.3608080706172
2023-03-07,634.4998779296875,673.7999267578125,625.0499267578125,629.9998779296875,1133236,497.87990112304686,85.02855456792288,20.63461673137593,89.0186677656793,256.3165197620583
2023-03-08,620.9998779296875,643.7999267578125,612.3298950195312,634.4998779296875,707434,517.1098999023437,79.88569802296108,26.150147478376518,84.94981555640635,174.00292556164874
2023-03-09,583.7999267578125,621.119873046875,573.2999267578125,600.5999145507812,1158570,532.2299011230468,65.71428970025464,30.677944223226433,74.58292399486922,113.4340315165439
2023-03-10,580.4998779296875,587.39990234375,555.2999267578125,569.6998901367188,738639,547.4098999023438,64.45712838807566,34.2267222518528,75.62187770603028,82.29945303261182
2023-03-13,569.9998779296875,584.39990234375,554.39990234375,569.9998779296875,728130,560.8198974609375,60.45712885310537,36.73030651666893,74.72958293656826,68.57526747213588
2023-03-14,554.0999145507812,580.4249267578125,554.0999145507812,561.2999267578125,337523,572.9998992919922,54.34782355672929,38.11015112722274,70.13487315412314,55.4236371186632
2023-03-15,507.59991455078125,563.0999145507812,503.909912109375,554.9998779296875,751759,580.0799011230469,36.248559867712686,37.88458267317917,60.59321851254592,18.530688121504838
2023-03-16,548.6998901367188,556.034912109375,505.7998962402344,517.4998779296875,374901,582.6598999023438,52.013797175526285,37.233976562399654,65.33742283429345,25.255700886251688
2023-03-17,534.2999267578125,570.5999145507812,527.6998901367188,539.9998779296875,441312,577.4098999023438,46.490221147662226,36.03646416040829,62.34940178953746,28.013712470002
2023-03-20,578.9998779296875,586.4998779296875,508.64990234375,530.6998901367188,464839,571.3498962402343,63.636346609435186,35.18996429221809,66.68942118870262,36.878550470375174
2023-03-21,569.9998779296875,596.0999145507812,562.1998901367188,578.6998901367188,254990,564.8998962402344,57.38914892300276,34.38405241142725,65.00000103099947,50.34964503829395
2023-03-22,575.6998901367188,581.9998779296875,566.0999145507812,570.2999267578125,167053,560.3698974609375,42.2567377935087,33.658399682387525,57.260726100307515,44.45914208871463
2023-03-23,564.2999267578125,575.9998779296875,548.9998779296875,566.0999145507812,169329,558.4198974609375,35.54653566509238,32.76249769104521,46.38379771868489,26.2090517770653
2023-03-24,556.4998779296875,592.4998779296875,545.6998901367188,592.4998779296875,226834,556.0198974609375,30.955301245420298,31.607733840283526,34.385557439697095,22.717790795630258
2023-03-27,569.9998779296875,579.89990234375,544.7999267578125,563.9998779296875,204242,556.0198974609375,47.24423396938338,30.494599216614493,38.251360895591816,15.733045929545069
2023-03-28,560.0999145507812,575.39990234375,547.1998901367188,568.7999267578125,248715,556.6198974609375,47.93961365738234,29.238457848617056,38.75969009713585,-3.4855594355649218
2023-03-29,562.4998779296875,562.4998779296875,539.9998779296875,539.9998779296875,173119,562.1098937988281,63.553491993397955,27.93018128421472,45.48918635252026,-39.56856307251086
2023-03-30,579.5999145507812,579.5999145507812,543.89990234375,577.1998901367188,215914,565.1998962402344,82.10218075383283,26.86697197231006,49.81993518399339,-15.487587290256124
2023-03-31,548.9998779296875,578.9998779296875,545.6998901367188,562.4998779296875,667483,566.6698913574219,48.90982170107935,25.46366027930157,46.111109352895944,-45.82426212213927
2023-04-03,556.1998901367188,562.4998779296875,539.9998779296875,542.9998779296875,273302,564.389892578125,56.719792431481935,23.97757807758781,50.401832409980706,-58.9213532722379
2023-04-04,554.9998779296875,567.5999145507812,549.2999267578125,567.5999145507812,213493,562.889892578125,54.48501850824836,22.443724564691514,60.97221684553834,-34.84314471188003
2023-04-05,545.0999145507812,557.9998779296875,539.9998779296875,539.9998779296875,229860,559.8298950195312,41.68096868956247,20.75123413328668,49.02598024547504,-77.81559358256963
2023-04-06,536.6998901367188,555.5999145507812,536.39990234375,548.9998779296875,299998,557.0698913574219,32.075453261873236,18.866722556128565,50.671130744618715,-98.61258106032123
2023-04-11,535.7999267578125,544.1998901367188,524.0999145507812,543.5999145507812,172869,554.9998962402344,16.250016954210068,16.903285588620612,34.00001808449073,-130.93031144788245
2023-04-12,536.6998901367188,538.4998779296875,521.39990234375,535.4998779296875,198708,551.6698974609375,21.518977562061014,14.96913870879401,36.87943364745526,-125.68127861820395
2023-04-13,550.1998901367188,554.0999145507812,518.39990234375,535.1998901367188,112277,550.6798950195313,42.91497742275055,13.336008384271318,40.534517726935775,-67.27381353792227
2023-04-14,559.1998901367188,560.6998901367188,549.2999267578125,549.2999267578125,169589,550.3498962402343,55.060730412321035,12.0903550780696,48.07254834026342,12.517824869470756
2023-04-17,506.09991455078125,554.9998779296875,499.19989013671875,545.0999145507812,1091332,542.9998962402344,8.550214833129,10.278128602412114,35.810814293918085,-197.11004997500052
2023-04-18,513.5999145507812,523.3198852539062,505.7998962402344,505.7998962402344,506842,539.4598999023438,17.91047268829416,8.302017132423853,33.566436053726605,-191.1454511224547
2023-04-19,503.09991455078125,515.9998779296875,499.19989013671875,509.9999084472656,317371,534.14990234375,4.850775161431866,6.140333407703608,33.449472658936,-183.9628500225045
2023-04-20,498.89990234375,525.89990234375,494.9999084472656,525.89990234375,309286,528.5399047851563,4.6099215308712695,3.894651818049681,31.72414494656968,-154.10094033438656
2023-04-21,513.89990234375,516.5999145507812,494.9999084472656,495.2998962402344,491676,525.4199035644531,22.500000908261583,1.9444838737227654,30.89004473426978,-127.80922761015977
2023-04-24,518.9998779296875,528.2999267578125,500.69989013671875,506.9999084472656,145633,523.64990234375,33.05780642525275,0.35870444315603867,39.7540915261134,-88.0437826977598
2023-04-25,507.89990234375,517.1998901367188,493.7998962402344,493.7998962402344,163861,520.8598999023437,19.105694586935584,-1.0934653358041408,33.93212543446472,-107.96635093476836
2023-04-26,509.09991455078125,511.4999084472656,497.69989013671875,497.9999084472656,140276,518.09990234375,22.86998461348275,-2.364128311589605,34.73053746315247,-97.38996313703137
2023-04-27,506.9999084472656,514.7999267578125,497.39990234375,497.39990234375,108684,513.7799041748046,19.730961750842425,-3.482532130900786,36.63156821689638,-86.45798280800456
2023-04-28,521.0999145507812,531.5999145507812,505.7998962402344,516.5999145507812,175972,509.96990661621095,40.80720598089846,-4.213979526895519,44.736846440457526,-36.84558115735363
2023-05-02,501.2998962402344,520.4998779296875,493.7998962402344,509.09991455078125,156726,509.4899047851562,11.210763354634818,-4.970839668478907,39.67682769031899,-79.9917836854169
2023-05-03,487.4999084472656,513.4498901367188,485.39990234375,487.4999084472656,219770,506.87990417480466,2.7888531792188633,-5.912793363709628,36.33333610252144,-108.02384962993779
2023-05-04,486.89990234375,507.59991455078125,464.4898986816406,468.59991455078125,544788,505.25990295410156,23.29280288167673,-6.917477638139454,31.059246845785935,-134.59738871990476
2023-05-05,500.09991455078125,509.09991455078125,475.19989013671875,491.9999084472656,100107,505.37990417480466,39.34374547976604,-7.682448198336824,32.7495680684563,-96.34732976596896
2023-05-09,514.7999267578125,552.89990234375,467.69989013671875,506.09991455078125,495882,505.46990661621095,56.905356851301285,-8.005029862930732,53.273141688795164,-17.936032584912848
2023-05-10,494.69989013671875,539.39990234375,490.4999084472656,537.2999267578125,275239,503.03990783691404,34.170331640903974,-8.335859737001833,43.5051489739596,-30.129126645316234
2023-05-11,481.4999084472656,502.4999084472656,477.1199035644531,502.4999084472656,137440,500.3999084472656,19.23991523700742,-8.846115668262126,42.71255064897197,-135.51779601607197
2023-05-12,498.2998962402344,517.7999267578125,476.39990234375,476.39990234375,280078,499.3199066162109,38.24227593950885,-9.153887836762303,49.813430959206464,-72.96055683110853
2023-05-15,466.7998962402344,507.89990234375,465.2998962402344,498.2998962402344,301957,495.29990539550784,2.612823733637922,-9.800313720427603,36.717427738496234,-174.52517543863866
2023-05-16,478.7998962402344,485.09991455078125,451.4999084472656,464.9999084472656,283130,491.0699035644531,26.923066505150217,-10.411324590134342,39.08795538404011,-196.39407441376977
2023-05-17,478.4999084472656,493.19989013671875,468.20989990234375,475.4999084472656,148764,488.78990478515624,26.627220537669196,-10.949164431051987,41.52249579503458,-123.49500806260902
2023-05-18,483.59991455078125,494.39990234375,469.70989990234375,494.39990234375,140289,488.3999053955078,31.656812658475474,-11.306624656211763,42.80880062680644,-95.11591520757524
2023-05-19,481.4999084472656,489.89990234375,460.7998962402344,475.7998962402344,136612,487.8599060058594,29.58580059741022,-11.540022063266267,42.80880062680644,-110.04681151038268
2023-05-22,483.89990234375,489.89990234375,465.2998962402344,489.89990234375,280343,486.2399047851562,31.952658625956495,-11.61883167617864,38.768114740171264,-86.92968519679758
2023-05-23,476.9999084472656,491.39990234375,476.69989013671875,488.09991455078125,99496,482.45990295410155,25.147930507798687,-11.680221029519824,42.043226637067086,-68.89346364686425
2023-05-24,471.2998962402344,497.39990234375,464.9999084472656,497.39990234375,157880,480.1199035644531,19.526616355797664,-11.791792349609214,44.39833744666284,-80.39215847886302
2023-05-25,486.89990234375,488.639892578125,457.4999084472656,464.39990234375,179663,480.65990295410154,34.91123868569752,-11.653203135042148,50.0,-74.23455817143856
2023-05-26,492.59991455078125,496.4999084472656,479.69989013671875,491.9999084472656,160929,480.08990478515625,40.53255283769854,-11.247582846561135,47.534517358899876,-5.391064005128336
2023-05-30,493.19989013671875,502.34991455078125,475.6648864746094,481.19989013671875,171146,482.7299041748047,47.44025550054213,-10.66064816346042,42.17389977496603,4.301624277185633
2023-05-31,501.59991455078125,517.7999267578125,487.4999084472656,502.19989013671875,565779,485.00990600585936,75.56559919614051,-9.8325219592862,52.73160137805121,93.8208368528731
2023-06-01,517.1998901367188,518.9998779296875,502.3799133300781,509.9999084472656,243629,488.87990417480466,97.333350212199,-8.62533452055915,63.869458729060064,157.93088403351277
2023-06-02,523.7999267578125,538.9498901367188,510.46490478515625,524.39990234375,333193,492.8999053955078,82.67585300051194,-7.118882992306124,60.75950377658151,192.09715381577578
2023-06-05,511.19989013671875,533.5949096679688,505.4999084472656,524.9998779296875,156760,495.8699035644531,68.26757483089699,-5.688630059803584,72.28913853776164,125.03436714568171
2023-06-06,496.4999084472656,509.09991455078125,482.9999084472656,506.9999084472656,183586,497.12990417480466,47.882147044178,-4.602677236806026,58.651028230088706,19.791952284285365
2023-06-07,492.59991455078125,502.4999084472656,480.2998962402344,497.69989013671875,281207,498.6899047851563,43.09393983333539,-3.841184186073766,56.65722322458534,2.841557588394658
2023-06-08,500.39990234375,502.7998962402344,490.7549133300781,496.4999084472656,184555,501.5999053955078,52.670354255020605,-3.1897758733539074,57.734798401396496,42.295055858681636
2023-06-09,497.69989013671875,516.2999267578125,479.9999084472656,479.9999084472656,135514,502.6799041748047,49.35542139558096,-2.677321415270704,57.417571131500246,38.39295817963686
2023-06-12,494.39990234375,502.7998962402344,492.2998962402344,492.2998962402344,152658,502.8599029541016,45.303870094377835,-2.325371471595491,54.76839078452602,30.193684699040787
2023-06-13,494.39990234375,521.9998779296875,481.7998962402344,518.39990234375,124682,502.9799041748047,45.303870094377835,-2.087172453721146,58.43022611091183,41.76001098852251
2023-06-14,486.59991455078125,512.9998779296875,484.7998962402344,512.9998779296875,175586,501.4799041748047,35.72745567269263,-2.052444260014108,57.264964696124096,8.887159826425904
2023-06-15,482.9999084472656,507.2998962402344,475.139892578125,490.4999084472656,153580,498.0599060058594,12.317843864393097,-2.1998262054885305,47.9099715267454,-35.267538477988225
2023-06-16,479.9999084472656,501.2998962402344,477.59991455078125,479.9999084472656,2198999,493.6799041748047,7.61638623270264,-2.4964746519851895,43.046354715959176,-51.84696546679396
2023-06-19,468.59991455078125,500.09991455078125,459.89990234375,468.89990234375,342526,489.41990661621094,11.005709741305095,-3.0473199215817837,37.86983744427685,-118.6529103718268
2023-06-20,454.19989013671875,472.19989013671875,447.59991455078125,455.9999084472656,355280,485.1899047851563,7.224934154173443,-3.951413136770653,27.932954544162968,-210.19822970911127
2023-06-21,449.69989013671875,459.59991455078125,442.4999084472656,450.59991455078125,363151,480.89990234375,7.464990208744071,-5.092310062390902,14.9532887981848,-214.3436191192627
2023-06-22,437.9999084472656,464.9999084472656,434.09991455078125,464.9999084472656,186628,474.65990295410154,3.919789022443664,-6.496883233807484,7.692296116833575,-202.24959625733692
2023-06-23,426.89990234375,468.59991455078125,421.4999084472656,459.2998962402344,375504,467.5799041748047,5.3731298867994886,-8.155379924636511,7.807798450720668,-190.35072253134166
2023-06-26,418.7998962402344,433.19989013671875,416.8049011230469,433.19989013671875,692777,460.0199035644531,1.896473745941795,-9.996732927144926,8.360116627535689,-191.43958404816885
2023-06-27,407.09991455078125,428.9999084472656,403.64990234375,428.9999084472656,288181,451.28990478515624,2.915093298457076,-12.020051754275931,7.7151233200235225,-173.7395733446993
2023-06-28,411.59991455078125,429.59991455078125,407.2348937988281,429.59991455078125,579359,443.78990478515624,6.7173754516396205,-13.952166517573145,4.601227568173101,-139.02474094906478
2023-06-29,424.7998962402344,427.19989013671875,398.39990234375,418.4999084472656,551425,437.96990356445315,21.359222581827126,-15.483433883824487,16.343479845005575,-117.8305839693367
2023-06-30,411.59991455078125,429.89990234375,404.9999084472656,422.9999084472656,1757487,431.12990417480466,10.679623636214595,-16.858494422340115,14.97460998415771,-106.49986098096514
2023-07-03,412.4999084472656,428.81988525390625,411.9299011230469,413.9999084472656,317575,425.5199035644531,12.303672868535784,-18.010781805959073,15.617115167653296,-91.67891395310076
2023-07-04,414.59991455078125,417.2998962402344,404.3548889160156,410.69989013671875,2597322,421.5599060058594,14.876045101003662,-18.888479897383426,18.253958001986064,-93.62083378058466
2023-07-05,410.39990234375,416.09991455078125,402.59991455078125,415.19989013671875,500329,417.6299072265625,11.661808271895326,-19.57201843119081,18.15788353578897,-89.46158082370907
2023-07-06,405.2998962402344,407.6098937988281,397.4999084472656,397.4999084472656,240015,414.3599060058594,7.602326831344585,-20.13478832607212,17.8294453422438,-94.0090649519638
2023-07-07,404.9999084472656,418.4999084472656,392.8049011230469,407.39990234375,175690,412.16990661621094,15.359920664664065,-20.551256324515286,19.71427400549723,-82.8919061708373
2023-07-10,406.4999084472656,412.4999084472656,396.2998962402344,404.39990234375,122409,410.9399078369141,18.06848063596697,-20.7834210937637,24.104229023128767,-77.81766536772255
2023-07-11,410.09991455078125,411.89990234375,397.7998962402344,399.59991455078125,124813,411.2399078369141,22.8181415182729,-20.78309209312119,28.289475445382877,-69.27392940882036
2023-07-12,431.69989013671875,436.33489990234375,409.7549133300781,415.19989013671875,305131,413.2499053955078,51.31602628549663,-20.245073882450395,46.88426224846756,-14.026853224038733
2023-07-13,443.9999084472656,445.21490478515625,426.89990234375,426.89990234375,180751,415.16990661621094,97.68174727534121,-19.155864068432297,58.35777773468788,35.4029477161734
2023-07-14,432.2998962402344,445.4848937988281,428.09991455078125,435.2998962402344,283685,417.2399047851562,74.97152735054321,-17.92128298645453,56.373939881214824,39.02288888443811
2023-07-17,417.2998962402344,437.9999084472656,414.2998962402344,437.9999084472656,179174,417.71990356445315,46.49771929153792,-16.85877480068218,54.670322069494574,0.7073226947499679
2023-07-18,420.59991455078125,422.9999084472656,411.8848876953125,417.2998962402344,183188,418.3199035644531,52.76199182258556,-15.86874258472121,54.166666666666664,-15.321200734415049
2023-07-19,430.4999084472656,434.9999084472656,423.284912109375,426.2998962402344,277423,420.3299041748047,71.5546935555069,-14.781919332418628,52.72206854940962,63.68321019729364
2023-07-20,428.69989013671875,439.7998962402344,422.9999084472656,430.19989013671875,245468,422.66990356445314,68.13780183035978,-13.686429661085688,59.16396925870781,82.27061047521669
2023-07-21,421.19989013671875,434.09991455078125,416.69989013671875,427.4999084472656,203621,424.28990173339844,53.90089780085713,-12.731399402963511,54.354342795610236,44.53578201444669
2023-07-24,419.69989013671875,422.9999084472656,407.534912109375,414.2998962402344,146249,425.6098999023437,51.0535169949566,-11.909384837529212,52.56796227500597,-12.249998703002609
2023-07-25,416.9999084472656,426.59991455078125,415.0049133300781,420.59991455078125,149649,426.2998992919922,45.92826630240213,-11.229766027041451,53.37423561750186,8.538646907115796
2023-07-26,426.59991455078125,428.09991455078125,415.4248962402344,416.9999084472656,296608,425.78990173339844,64.15151504618768,-10.496267459288426,60.41056427081348,37.31363548070231
2023-07-27,422.9999084472656,433.7998962402344,422.09991455078125,430.4999084472656,196544,423.6899017333984,54.28487045307608,-9.800962188574028,58.52272431712608,55.846514666909776
2023-07-28,419.69989013671875,422.9999084472656,413.39990234375,415.4999084472656,257043,422.4299011230469,45.92638149886531,-9.196356277169725,56.1452397290927,-6.781462184109289
2023-07-31,414.2998962402344,433.46990966796875,413.69989013671875,431.9999084472656,443264,422.12990112304686,17.826053741521214,-8.745486800570653,51.923067786724694,6.828624339717599
2023-08-01,404.39990234375,421.19989013671875,403.7998962402344,415.7998962402344,782055,420.50989990234376,1.4393814049580727,-8.552627553049735,36.000015024029054,-79.34808971753385
2023-08-02,400.4999084472656,407.9999084472656,390.89990234375,404.9999084472656,277024,417.50989990234376,17.587263179139917,-8.574323075698183,25.589235622322008,-146.9679212983342
2023-08-03,402.59991455078125,405.2998962402344,395.9999084472656,398.9999084472656,370711,414.89990234375,23.9264083177573,-8.676313068945735,31.32077340342265,-132.87395601862286
2023-08-04,329.09991455078125,418.7998962402344,327.2998962402344,392.9999084472656,3012263,405.6899047851563,1.6000162760416667,-9.97615809695366,18.04349196204764,-327.2238888641349
2023-08-07,305.09991455078125,343.4999084472656,303.2998962402344,343.4999084472656,1993411,394.2299072265625,1.3186947330013736,-12.318823730814499,13.610588810376058,-351.4554358712948
2023-08-08,299.09991455078125,309.59991455078125,292.31988525390625,296.9999084472656,1173680,382.4399078369141,4.597253045704974,-15.259952118635315,7.558146526546054,-276.0606137068288
2023-08-09,292.94989013671875,313.7998962402344,292.4999084472656,311.09991455078125,1055925,369.0749053955078,0.4443537541477896,-18.48534608639667,7.351561679055223,-205.3696906788263
2023-08-10,304.4999084472656,305.69989013671875,286.94989013671875,299.84991455078125,647294,357.2249053955078,11.950982350096561,-21.493426091684906,14.24633849931719,-160.3254125010849
2023-08-11,313.4999084472656,323.09991455078125,302.57989501953125,311.39990234375,1130748,346.6049072265625,18.079684853285997,-24.01503178154653,18.892807525307518,-113.53662100606229
2023-08-14,303.59991455078125,314.9999084472656,300.46490478515625,314.9999084472656,685427,335.5349090576172,11.338116256070006,-26.20275156345307,18.128173445460945,-105.16985317050188
2023-08-15,297.44989013671875,307.9798889160156,294.59991455078125,304.4999084472656,476136,324.83990783691405,7.150152920387674,-28.104912917242206,12.983671484400972,-98.67800418667424
2023-08-16,287.2499084472656,302.69989013671875,286.4999084472656,299.9999084472656,631217,313.51490783691406,0.5103082219300888,-29.827055308158393,12.51036636591283,-95.89341697330126
2023-08-17,283.7998962402344,294.70489501953125,279.56988525390625,286.94989013671875,430781,301.63490600585936,2.7485447142928527,-31.33314878821401,12.500010526204093,-92.6797982559331
2023-08-18,282.14990234375,292.94989013671875,274.7398986816406,283.19989013671875,705836,296.9399047851563,5.0594046800707035,-32.57978519239326,12.764169603054896,-86.66074638107418
2023-08-21,282.2998962402344,287.9999084472656,276.2998962402344,287.9999084472656,535649,294.65990295410154,5.247811805299289,-33.52179920197442,13.595714073840881,-80.03276369980789
2023-08-22,275.69989013671875,290.09991455078125,274.19989013671875,278.39990234375,439464,292.3199005126953,1.037344354554305,-34.25239614668446,13.380288122379739,-76.42664140236556
2023-08-23,282.14990234375,286.0649108886719,274.94989013671875,277.4999084472656,324251,291.2399017333984,5.497933521067786,-34.63120755483885,15.536489231097008,-70.50823147934771
2023-08-24,269.39990234375,284.84991455078125,269.39990234375,282.59991455078125,537555,287.7299011230469,0.0,-34.894155960155196,23.81579813864289,-76.25183221265078
2023-08-25,263.69989013671875,270.659912109375,261.59991455078125,269.9999084472656,694461,282.74989929199216,3.4145944486788617,-35.0821090159247,28.36990975477535,-89.27083110058585
2023-08-29,269.9999084472656,275.84991455078125,266.09991455078125,275.84991455078125,348049,279.3898986816406,13.658526660950203,-35.03273129426325,34.84376127520122,-80.68908681581466
2023-08-30,265.4999084472656,272.39990234375,264.59991455078125,266.9999084472656,324955,276.1949005126953,6.341453490218496,-34.829135891713904,35.45312021394311,-88.9700477145379
2023-08-31,270.59991455078125,274.34991455078125,262.64990234375,262.64990234375,660636,274.5299011230469,14.634146341463415,-34.37880237725149,30.716739072092622,-85.69263646448586
2023-09-01,262.7998962402344,275.84991455078125,261.9299011230469,275.84991455078125,570413,272.4299011230469,2.2471569786679817,-33.843513913166554,20.761263335149607,-93.0093218474503
2023-09-04,263.39990234375,271.7998962402344,261.14990234375,267.89990234375,374873,270.5549011230469,4.804613805575015,-33.196329077320904,24.031028535875464,-97.88723318361284
2023-09-05,256.7998962402344,265.0649108886719,254.39990234375,264.14990234375,611607,268.00490112304686,4.968932718516656,-32.54257435574885,23.892126628435776,-122.54822147537243
2023-09-06,249.4499053955078,256.34991455078125,243.74989318847656,256.19989013671875,1228660,265.3799026489258,11.186364443534098,-31.96206636142177,24.800023600236415,-148.9738197085006
2023-09-07,243.4499053955078,253.64990234375,243.4499053955078,243.5998992919922,1430838,261.50990295410156,0.0,-31.48077766624106,23.984553514034232,-143.68959053997722
2023-09-08,245.39990234375,247.9499053955078,242.39990234375,247.9499053955078,515750,259.1099029541016,6.289306566587803,-30.98404553163123,26.396937503895543,-135.755977175162
2023-09-11,248.8498992919922,250.9499053955078,245.39990234375,245.39990234375,298257,257.6249038696289,13.522002720350294,-30.37801167413523,29.39003819112712,-114.14186696483422
2023-09-12,253.79989624023438,253.79989624023438,246.4499053955078,250.3498992919922,402816,256.0049026489258,26.10784762530446,-29.58702696676317,36.2264295075196,-94.03190216425128
2023-09-13,253.9499053955078,262.0498962402344,246.14990234375,246.14990234375,514210,254.84990234375,27.208479930294853,-28.65175524742521,30.737722260658686,-73.28287439394977
2023-09-14,256.0498962402344,265.19989013671875,249.4499053955078,254.39990234375,525413,253.3949005126953,40.807141749308904,-27.576268439981593,39.32854062176772,-50.15322154853624
2023-09-15,256.94989013671875,265.4999084472656,253.1999053955078,256.4999084472656,2641063,252.80989990234374,43.497705480389385,-26.392065556473632,44.15584724414525,-33.578255650679814
2023-09-18,245.99989318847656,260.08489990234375,245.99989318847656,257.39990234375,552050,251.0698989868164,10.762300541013968,-25.316347364667585,30.76922136415999,-75.70356814199343
2023-09-19,247.3498992919922,252.4499053955078,245.99989318847656,247.49989318847656,417801,250.1248992919922,14.798191754326742,-24.285776565545962,34.68354052231143,-82.44484074035591
2023-09-20,253.3498992919922,255.29989624023438,247.49989318847656,253.49989318847656,428757,250.51489868164063,32.735404939375414,-23.18644880870916,35.66083737887783,-53.46824765849308
2023-09-21,261.14990234375,262.0498962402344,252.53990173339844,257.9999084472656,651236,252.28489837646484,63.775523444044346,-21.924363000281602,48.62843386208489,5.366945161478478
2023-09-22,266.9999084472656,269.69989013671875,258.34490966796875,262.4999084472656,678244,254.4448989868164,90.10995275921508,-20.483120733008434,52.75229850113882,70.67928484408135
2023-09-25,261.59991455078125,269.2348937988281,255.74989318847656,267.7499084472656,384059,255.71990051269532,70.3297464915948,-19.044607542674576,53.73833308377363,46.675283547351476
2023-09-26,255.14990234375,262.94989013671875,255.14990234375,260.39990234375,488149,255.8549011230469,46.70331758640503,-17.74271378810718,54.502367040631526,11.166068746707268
2023-09-27,251.24989318847656,265.64990234375,251.24989318847656,256.4999084472656,470423,255.58489990234375,32.417563377101295,-16.616481005595926,56.37253777546846,-0.8038902364933854
2023-09-28,247.3498992919922,254.99989318847656,244.49989318847656,254.99989318847656,541135,254.71490020751952,11.309549399427311,-15.68373790418551,51.543940352761894,-74.59573429558566
2023-09-29,255.29989624023438,261.44989013671875,242.99989318847656,242.99989318847656,685067,254.5499008178711,46.067432425559105,-14.758582351705664,54.76718113477107,-15.883384911681246
2023-10-02,251.0998992919922,262.64990234375,247.49989318847656,251.8498992919922,399330,255.05990142822264,30.337104978766277,-13.920051414494043,47.98206533725911,-1.4175751100388463
2023-10-03,247.49989318847656,253.79989624023438,243.74989318847656,253.79989624023438,343508,255.07490081787108,16.853934510641434,-13.205481667173572,45.41576997339527,-77.18153271360352
2023-10-04,245.99989318847656,258.89990234375,243.014892578125,248.39990234375,264029,254.33990020751952,11.235956340427624,-12.599900979092457,42.79569831313304,-61.58135723313006
2023-10-05,245.99989318847656,247.58990478515625,244.49989318847656,248.0998992919922,306554,252.82489929199218,11.235956340427624,-12.065660339188193,42.047934966773084,-110.55629519658368
2023-10-06,251.99989318847656,264.2998962402344,238.49989318847656,248.99989318847656,516604,251.32489776611328,43.26923500151365,-11.480913460257712,54.694833887011455,-32.284268376987846
2023-10-09,252.5998992919922,257.5498962402344,248.24989318847656,253.64990234375,282692,250.42489624023438,45.19233167524403,-10.859423575739358,54.15676798917509,-17.044200571375892
2023-10-10,261.59991455078125,262.19989013671875,252.5998992919922,253.49989318847656,472336,251.0698974609375,74.03853724929978,-10.07914260385917,56.23583545799061,76.26076140368622
2023-10-11,263.9999084472656,266.39990234375,259.34991455078125,263.9999084472656,367384,252.34489898681642,81.73082613146133,-9.17897516690659,52.34568285746866,126.45544461079231
2023-10-12,259.7998962402344,269.69989013671875,256.34991455078125,265.7998962402344,414900,253.58989868164062,68.26924722810865,-8.296941481378093,43.908622888685784,97.72875750066945
2023-10-13,250.64990234375,259.7998962402344,249.20989990234375,259.7998962402344,280084,253.1248992919922,38.94234084519028,-7.599583743890141,41.28877818079409,-19.829857830848823
2023-10-16,253.9499053955078,256.4999084472656,239.99989318847656,250.1999053955078,246816,253.40989990234374,49.51927473794739,-6.984563347865848,48.99497789265741,-62.95980354741955
2023-10-17,258.7499084472656,262.5448913574219,251.8498992919922,254.8498992919922,290308,254.53490142822267,64.90390140865047,-6.360890309792305,56.18812922024342,38.828332383125186
2023-10-18,258.44989013671875,261.44989013671875,254.24989318847656,261.14990234375,286485,255.77990112304687,63.94230416540529,-5.754776795767045,59.73682625473324,39.32560361760518
2023-10-19,259.19989013671875,260.2499084472656,252.65989685058594,256.19989013671875,101934,257.0999008178711,66.34615055437827,-5.166360610836001,53.91565268333815,30.74718377849227
2023-10-20,250.9499053955078,262.34991455078125,247.64990234375,260.5498962402344,367796,256.9949020385742,39.903889182055465,-4.739731024952181,49.860729995840316,-17.33047418924458
2023-10-23,255.4499053955078,257.20489501953125,244.49989318847656,248.54989624023438,206205,257.27990264892577,54.32696751589335,-4.354273095338126,57.26028107370535,-32.87616020163614
2023-10-24,248.6999053955078,260.69989013671875,248.39990234375,255.89990234375,259525,255.98990173339843,32.692350015136526,-4.112595142384973,52.25000902811227,-25.594899826562717
2023-10-25,238.04989624023438,254.00990295410156,235.49989318847656,247.49989318847656,481145,253.3949005126953,7.4561499394779265,-4.1342460907291505,44.37367835527409,-187.58651320678644
2023-10-26,232.04989624023438,238.0198974609375,229.1999053955078,235.79989624023438,322292,250.61990051269532,7.037017082691742,-4.406115227002937,35.88111412207154,-278.1372890562255
2023-10-27,241.49989318847656,241.9049072265625,228.9449005126953,230.24989318847656,449427,249.70489959716798,30.80602594088402,-4.659752836625212,43.01886676567922,-172.3754780730144
2023-10-30,249.74989318847656,252.5998992919922,237.74989318847656,244.04989624023438,408004,249.28489837646484,51.048946074366164,-4.746422725023321,42.476178370656164,-54.18804438444907
2023-10-31,251.54989624023438,256.94989013671875,249.4499053955078,250.49989318847656,324771,248.5648971557617,55.465590682457986,-4.684361046795493,42.03454362274584,12.994082797878585
2023-11-01,253.64990234375,257.95489501953125,246.89990234375,248.6999053955078,190621,248.08489837646485,73.52681119831935,-4.488149702483797,45.95661248142561,13.349749349343517
2023-11-02,258.7499084472656,262.0498962402344,248.6999053955078,248.6999053955078,294467,248.03990020751954,88.70540492795443,-4.1265446494974825,55.62500185436594,54.22579737745891
2023-11-03,266.5498962402344,273.7499084472656,254.99989318847656,254.99989318847656,408078,249.5998992919922,83.93034051562812,-3.546380478865325,58.23528649118731,144.22352124294537
2023-11-06,269.39990234375,275.84991455078125,254.99989318847656,254.99989318847656,200453,250.9948989868164,86.24877885806842,-2.8060877506684005,57.14285129489879,139.27856260847506
2023-11-07,271.7998962402344,277.19989013671875,265.19989013671875,265.19989013671875,286044,253.30489807128907,88.80946004017785,-1.9595507703738266,58.708419547655005,163.91310457365088
2023-11-08,268.7998962402344,284.9999084472656,268.64990234375,269.9999084472656,176634,256.37989807128906,71.09979499790533,-1.1341958537819345,56.08365452861168,170.35276270322038
2023-11-09,274.7998962402344,284.9999084472656,257.39990234375,269.9999084472656,130192,260.65489807128904,81.80356656280003,-0.26707235541469077,65.5577221109084,139.72274440884112
2023-11-10,266.39990234375,281.09991455078125,263.9999084472656,271.4999084472656,237637,263.14489898681643,66.81829726038696,0.447366549461486,56.79701833233093,108.40516764658543
2023-11-13,266.5498962402344,277.0498962402344,258.14990234375,266.69989013671875,202861,264.8248992919922,67.08588066106982,1.0300270673376257,62.068959825123336,75.40370470722057
2023-11-14,285.2998962402344,286.7998962402344,257.9999084472656,257.9999084472656,421674,268.1998992919922,97.40731119043883,1.7963450771716096,78.79342293092277,124.30505702995352
2023-11-15,285.59991455078125,296.84991455078125,272.69989013671875,285.14990234375,416289,271.3949005126953,83.43274033683255,2.6382967716981978,85.06877146672625,148.80605697659018
2023-11-16,282.14990234375,293.84991455078125,279.7499084472656,284.9999084472656,146926,273.7348999023437,75.1268918890658,3.422461553621784,78.89125572963559,128.54129237268072
2023-11-17,275.09991455078125,291.44989013671875,273.2998962402344,277.19989013671875,333869,274.58990173339845,56.45646709784318,4.00902048470899,68.32973102388337,90.46691300919467
2023-11-20,287.9999084472656,294.59991455078125,278.09991455078125,283.4999084472656,200981,276.44990234375,82.28227439297834,4.637650008150995,72.71028797945871,113.33700169649342
2023-11-21,308.9999084472656,323.9999084472656,292.64990234375,296.2499084472656,921986,280.16990356445314,80.07968208223089,5.584167358032332,77.91225895651729,191.84157525597794
2023-11-22,314.69989013671875,323.9999084472656,302.9999084472656,302.9999084472656,492666,284.75990295410156,86.52171557402336,6.758525067324911,78.04511218387528,190.54227859439345
2023-11-23,304.4999084472656,315.59991455078125,298.19989013671875,311.9999084472656,364808,287.7299041748047,71.73913668444278,7.835988131901513,68.57563671670775,141.35809015446733
2023-11-24,298.4999084472656,307.4999084472656,297.7499084472656,304.4999084472656,164365,290.9399047851563,61.71171522061778,8.682650818326417,63.817672322226336,107.09224645212475
2023-11-27,284.69989013671875,318.89990234375,282.14990234375,289.4999084472656,280026,292.75490417480466,40.99096890552336,9.100308092166376,55.526990540072305,71.58655230074552
2023-11-28,283.94989013671875,299.69989013671875,264.7799072265625,283.94989013671875,297774,292.6199035644531,39.86484288260036,9.194471545262527,56.618609139489486,9.170200022478475
2023-11-29,289.34991455078125,291.14990234375,279.0299072265625,284.09991455078125,255999,292.9949035644531,47.500009247750945,9.146137309988124,56.38999452372343,20.709288153002994
2023-11-30,286.4999084472656,292.9198913574219,283.19989013671875,290.9999084472656,435281,293.4299041748047,43.18181818181818,8.944705964912718,59.27977964227092,19.622854273224064
2023-12-01,299.9999084472656,302.9999084472656,284.39990234375,284.9999084472656,299957,295.91990356445314,63.63636363636363,8.852873502518893,63.748460951054476,60.934619610465944
2023-12-04,307.4999084472656,318.2998962402344,298.4999084472656,298.4999084472656,542012,297.8699035644531,72.13779186105175,8.934030136125013,60.054351131195695,118.304907450883
2023-12-05,307.4999084472656,319.19989013671875,286.19989013671875,286.19989013671875,441858,297.71990356445315,72.13779186105175,9.098996157060864,59.94550076404814,84.14581180672194
2023-12-06,310.4999084472656,317.39990234375,296.2499084472656,296.2499084472656,253159,297.29990539550784,77.20364788631507,9.33496928199008,62.92750008279964,93.0920187295447
2023-12-07,314.09991455078125,316.7998962402344,302.47491455078125,311.9999084472656,194293,298.25990600585936,83.28268542314152,9.639237894480377,68.36157981035424,98.8161094992111
2023-12-08,310.4999084472656,316.4999084472656,307.19989013671875,311.9999084472656,437245,299.45990600585935,77.20364788631507,9.890956764230921,61.609904195614796,92.27369460608935
2023-12-11,307.19989013671875,315.2998962402344,299.9999084472656,308.09991455078125,193895,301.70990600585935,71.63117533899401,10.021349598207655,48.86362541696738,63.44793732019012
2023-12-12,302.09991455078125,314.69989013671875,294.3598937988281,311.09991455078125,372981,303.5249084472656,68.57776377076705,9.96465440091594,41.98475208944363,34.76222408511131
2023-12-13,311.09991455078125,314.9999084472656,299.9999084472656,299.9999084472656,310933,305.6999084472656,85.11580645052753,9.914546386616752,54.26356680841165,62.254522268862864
2023-12-14,314.9999084472656,322.19989013671875,301.7998962402344,310.19989013671875,699374,308.54990844726564,87.46084320380454,9.910818704034025,60.956168194300794,86.41660700442955
2023-12-15,321.59991455078125,325.0498962402344,310.4999084472656,310.4999084472656,697234,310.7099090576172,94.27578842154672,10.019067208213707,77.09251436924546,126.37766426145106
2023-12-18,326.09991455078125,341.09991455078125,315.2998962402344,317.69989013671875,408009,312.5699096679688,75.833738956001,10.240785042434,79.33194358434613,180.9178553573841
2023-12-19,329.09991455078125,334.4999084472656,319.4999084472656,328.7998962402344,197565,314.7299102783203,79.27462013800897,10.54652286647006,78.6177055530997,160.03440395790415
2023-12-20,328.7998962402344,345.2998962402344,324.2998962402344,344.69989013671875,414190,316.5599090576172,72.9064012255139,10.860071234565854,81.61432911530987,174.4963447364728
2023-12-21,328.19989013671875,329.9999084472656,320.77490234375,326.9999084472656,177362,317.96990661621095,71.06598250842073,11.127753330732403,76.11107940047685,115.07919719444887
2023-12-22,334.19989013671875,334.7998962402344,322.7998962402344,330.89990234375,101464,320.33990478515625,81.21826572390941,11.423019093399,75.42853920867094,122.96333632574773
2023-12-27,335.09991455078125,344.69989013671875,315.59991455078125,335.9999084472656,210537,323.1299072265625,79.97647977896024,11.708419437378923,75.8426757602098,115.09468062498604
2023-12-28,331.7998962402344,344.69989013671875,315.59991455078125,331.7998962402344,104464,326.0999053955078,73.49823448570035,11.893339449366637,69.83236381904521,96.88711318312158
2023-12-29,329.9999084472656,334.7998962402344,325.4999084472656,332.9999084472656,140793,327.9899047851562,69.96468971400705,11.949761442952708,65.3178969824086,83.34462584525251
2024-01-02,326.69989013671875,344.39990234375,324.89990234375,336.59991455078125,224930,329.15990295410154,63.48644442074716,11.842799845587866,65.69763625105051,85.98608019294636
2024-01-03,324.89990234375,338.69989013671875,319.4999084472656,332.69989013671875,330247,329.4899017333984,59.95289964905386,11.583329791998565,67.66466992918221,53.33529931105643
2024-01-04,340.4999084472656,340.4999084472656,299.9999084472656,299.9999084472656,194035,330.9299011230469,89.40399760170844,11.464360476194894,81.6831281792256,43.79278432439678
2024-01-05,335.9999084472656,344.69989013671875,327.2998962402344,340.7998962402344,239118,331.6199005126953,79.47022009040751,11.341766400683728,72.19248136988404,97.72318690106951
2024-01-08,333.89990234375,347.9999084472656,324.2998962402344,329.9999084472656,224046,332.12990112304686,70.62498728434245,11.163972429313642,67.40328386645348,88.05772140030747
2024-01-09,326.69989013671875,329.9999084472656,324.89990234375,344.9999084472656,171343,331.9799011230469,55.624961853027344,10.820583545355017,54.644779278763465,23.358796928228507
2024-01-10,300.59991455078125,326.39990234375,296.9999084472656,314.9999084472656,755807,328.6199035644531,7.0588354970894605,9.950331825435782,33.33334663074238,-126.78237717882119
2024-01-11,293.5498962402344,304.4999084472656,285.89990234375,300.59991455078125,523946,324.46490173339845,12.31882954042301,8.66031497655863,27.93297126501014,-204.88797166398976
2024-01-12,298.4999084472656,302.39990234375,292.4999084472656,292.4999084472656,279006,321.13490295410156,20.289862906796575,7.234058236019727,32.218332308917866,-172.7843976662313
2024-01-15,299.9999084472656,303.2998962402344,292.7998962402344,299.159912109375,140217,318.13490295410156,22.705321606590616,5.8046194478213184,33.623716782918095,-152.37802899174883
2024-01-16,293.09991455078125,302.09991455078125,293.09991455078125,299.9999084472656,183384,314.7749053955078,11.594221416064629,4.3248044825265834,26.379340947054487,-146.96333424165985
2024-01-17,281.9999084472656,293.69989013671875,280.19989013671875,293.69989013671875,299215,310.4849060058594,2.6548935463441707,2.70403783242992,22.685194051837783,-165.4949868703766
2024-01-18,289.7998962402344,294.2998962402344,277.4999084472656,277.4999084472656,315877,305.41490478515624,17.446791195700353,1.1981698634729596,29.35103492686885,-129.5193745306017
2024-01-19,286.7998962402344,293.2499084472656,283.34991455078125,289.7998962402344,124671,300.4949035644531,13.191472046764185,-0.20733587018837296,29.008745404569865,-108.8293369371359
2024-01-22,285.89990234375,304.4999084472656,284.5498962402344,292.34991455078125,280886,295.6949035644531,11.914884959552305,-1.4901438826524323,29.701498610463318,-83.28639046639822
2024-01-23,283.4999084472656,299.84991455078125,281.69989013671875,283.4999084472656,150869,291.3749053955078,8.51063829787234,-2.663694586345695,29.525226806566565,-85.27505990639543
2024-01-24,291.2998962402344,292.4999084472656,284.9999084472656,284.9999084472656,128215,290.4449035644531,19.57445077016844,-3.576730110018363,23.633430522946412,-73.4565502426853
2024-01-25,283.7998962402344,320.39990234375,282.44989013671875,292.64990234375,191575,289.46990356445315,8.936152897828014,-4.39012296324054,22.897186488094974,-47.534125609338915
2024-01-26,284.2499084472656,289.4999084472656,280.1098937988281,284.9999084472656,238926,288.04490356445314,12.857142857142858,-5.081236663390447,23.771792341167526,-81.5325797489313
2024-01-29,280.34991455078125,287.9999084472656,262.64990234375,284.2499084472656,188467,286.0799041748047,27.764725030637255,-5.710119795822235,24.630548454644227,-103.67870839292866
2024-01-30,278.5498962402344,284.9999084472656,274.0649108886719,279.2998962402344,174882,284.62490234375,27.532456963609306,-6.282734643831451,33.5570378158432,-91.53503507569678
2024-01-31,285.89990234375,289.19989013671875,269.84991455078125,277.34991455078125,268248,285.01490173339846,40.25974025974026,-6.6584795269657695,44.320717740747874,-79.0054251750134
2024-02-01,290.39990234375,293.9999084472656,283.4999084472656,285.7499084472656,415964,285.07490234375,48.05194805194805,-6.8041620689498865,43.94618322682591,-39.06874471904627
2024-02-02,292.0498962402344,295.4999084472656,289.7998962402344,293.9999084472656,369591,285.59990234375,50.909080340232684,-6.756176322327094,44.07157818463844,-13.05182238988471
2024-02-05,291.7499084472656,297.44989013671875,288.44989013671875,290.9999084472656,259861,286.1849029541016,50.38962095846861,-6.578705974072114,48.88336930319438,2.8921743715740713
2024-02-06,280.19989013671875,297.7499084472656,278.5498962402344,291.7499084472656,320613,285.8549011230469,30.389589251893938,-6.498660069716328,48.522152306282265,-55.232595768185696
2024-02-07,271.19989013671875,292.4999084472656,269.5498962402344,283.4999084472656,214763,283.8449005126953,14.805173667478355,-6.612652040694426,35.024151147013626,-139.60091349066502
2024-02-08,269.9999084472656,278.7898864746094,268.64990234375,274.4999084472656,237411,282.46490173339845,12.727283296130953,-6.846360980720509,36.069659043175044,-175.8590181777386
2024-02-09,269.5498962402344,274.64990234375,267.14990234375,269.69989013671875,145948,280.9949005126953,11.948041379193723,-7.134430229204922,36.34084842427843,-170.33612502131567
2024-02-12,271.64990234375,275.09991455078125,269.09991455078125,271.7998962402344,141788,280.12489929199216,15.584415584415584,-7.391705219357901,40.05037576838421,-135.19588157499305
2024-02-13,259.4999084472656,272.9999084472656,257.69989013671875,272.9999084472656,412812,278.2199005126953,2.8708420416304463,-7.793191049947062,25.11738995050328,-184.19977059672485
2024-02-14,262.0498962402344,266.9999084472656,260.9999084472656,264.59991455078125,146163,275.83489990234375,10.861433494950695,-8.205573066098992,31.55216666994535,-153.14931599077198
2024-02-15,265.4999084472656,266.9999084472656,258.44989013671875,262.4999084472656,719679,273.3449005126953,19.47569224579555,-8.529421762918616,34.866831069105174,-129.33842971732503
2024-02-16,265.94989013671875,267.89990234375,262.4999084472656,262.4999084472656,448081,270.7348999023437,20.599241518517417,-8.754183333966557,37.692286825587615,-102.53842089653958
2024-02-19,268.0498962402344,272.84991455078125,264.59991455078125,269.09991455078125,84483,268.3648986816406,25.842700053872456,-8.851599715772583,41.071426717833795,-73.1458829381298
2024-02-20,267.2998962402344,277.0498962402344,255.4499053955078,267.59991455078125,135521,267.0748992919922,28.014160732392963,-8.855883098059897,32.18389595022242,-78.77385036522995
2024-02-21,275.9999084472656,278.2499084472656,264.2998962402344,265.34991455078125,177414,267.5549011230469,48.58156399330056,-8.64258001605653,37.23404658259902,-29.11518739960356
2024-02-22,272.9999084472656,278.5498962402344,268.19989013671875,271.0498962402344,308901,267.8549011230469,41.489365923410986,-8.332244713403783,33.50650407535173,-19.65176198893985
2024-02-23,273.89990234375,274.7998962402344,269.84991455078125,269.9999084472656,305195,268.28990173339844,43.61701091526395,-7.944010035921726,34.70436654980902,-19.108983210697183
2024-02-26,283.19989013671875,285.44989013671875,271.4999084472656,271.4999084472656,227953,269.4449005126953,74.89873807147868,-7.36081956337944,52.67379795504938,42.23416071015963
2024-02-27,300.2998962402344,302.09991455078125,281.2499084472656,281.2499084472656,687779,273.5248992919922,96.14144060603384,-6.3964089767378285,72.6635626192836,143.73384306841325
2024-02-28,310.7998962402344,315.7499084472656,292.4999084472656,292.4999084472656,734813,278.3998992919922,91.79102494773929,-5.061512927164492,77.75509373671343,192.2889746024807
2024-02-29,304.4999084472656,314.39990234375,302.09991455078125,309.59991455078125,800621,282.2998992919922,81.34328452629813,-3.653357637608422,72.02269877775812,172.16294853529084
2024-03-01,304.4999084472656,308.39990234375,299.09991455078125,305.39990234375,372527,286.1549011230469,81.34328452629813,-2.2647759617889385,71.26214827242786,141.41822697449075
2024-03-04,301.19989013671875,308.69989013671875,298.7998962402344,308.09991455078125,446974,289.4699005126953,75.87061762159775,-1.008742376074187,80.48244547547863,125.352826491079
2024-03-05,302.69989013671875,310.7998962402344,299.9999084472656,305.69989013671875,470551,293.00989990234376,78.35817968475799,0.12460003044017887,80.17816645332306,117.27787651663418
2024-03-06,234.74989318847656,292.19989013671875,232.79989624023438,288.44989013671875,4210019,288.88489837646483,2.3508097182376257,0.0372437969589452,38.33901501934806,-115.97533243537856
2024-03-07,237.29989624023438,240.14990234375,229.87489318847656,233.54989624023438,891068,285.31489715576174,8.646290227002766,-0.7700444138747131,39.30571433909115,-171.78934606289272
2024-03-08,235.9499053955078,238.04989624023438,229.64990234375,235.9499053955078,995869,281.5198974609375,7.317076196467972,-2.0060358872085535,37.950453611046356,-157.08843034867564
2024-03-11,219.29989624023438,234.29989624023438,217.5299072265625,232.49989318847656,1280106,275.12989807128906,1.8020657622419078,-3.7070065548457016,33.90342118206385,-172.30999952509578
2024-03-12,216.89990234375,224.8498992919922,210.14990234375,217.49989318847656,1311066,266.78989868164064,6.392045085095198,-5.640090963333674,29.30671878305803,-166.51374758574127
2024-03-13,200.0998992919922,218.99989318847656,200.0998992919922,213.5998992919922,1427194,255.71989898681642,0.0,-7.872503617377712,26.724133647122642,-168.5326835785326
2024-03-14,200.0998992919922,208.79989624023438,194.99989318847656,198.89990234375,1124244,245.27989807128907,4.223607005419744,-10.157559628384782,26.300576590155487,-150.82016909724254
2024-03-15,203.24989318847656,214.3498992919922,198.29989624023438,199.1999053955078,1555004,235.15489654541017,6.832297273270535,-12.282417617757421,23.26981099406187,-119.11825989844397
2024-03-18,205.64990234375,212.54989624023438,200.24989318847656,200.99989318847656,868639,225.5998977661133,8.819882243864356,-14.12919316517061,14.905454352064439,-101.86883934050036
2024-03-19,200.6999053955078,205.3498992919922,195.74989318847656,202.49989318847656,891725,215.3998992919922,4.773879204329611,-15.751632020488465,7.424598512710631,-99.06330249827775
2024-03-20,197.24989318847656,202.3498992919922,196.79989624023438,197.99989318847656,454449,211.6498992919922,1.9430051301417868,-17.16755183177259,7.591936748381116,-91.27336915369462
2024-03-21,204.4499053955078,204.4499053955078,192.14990234375,196.3498992919922,1217263,208.36490020751953,10.366627631257101,-18.22580433809991,12.570155872508494,-79.97847544009056
2024-03-22,199.79989624023438,205.79989624023438,194.99989318847656,194.99989318847656,659103,204.7498992919922,6.447529953653918,-19.037050447253804,12.444455194667071,-73.36553769704733
2024-03-25,195.29989624023438,202.49989318847656,194.99989318847656,199.49989318847656,504980,202.3498992919922,3.148420070777608,-19.67935645343224,11.086967338458663,-72.09509731393247
2024-03-26,199.9499053955078,209.99989318847656,193.79989624023438,209.99989318847656,433263,200.65489959716797,16.250006357828777,-20.063061919438137,26.706848802441073,-62.10066949446529
2024-03-27,199.79989624023438,202.49989318847656,194.99989318847656,199.49989318847656,437259,200.6248992919922,16.66665558548214,-20.221232634223274,24.06640755586021,-62.05867642237191
2024-03-28,197.99989318847656,202.64990234375,193.64990234375,197.99989318847656,648755,200.41489868164064,13.878983847763962,-20.21238068394246,23.917539265917583,-61.3202947095307
2024-04-02,193.1999053955078,202.49989318847656,192.29989624023438,202.49989318847656,581721,199.40989990234374,3.211018806575932,-20.12981909452811,28.57145004754274,-64.39285569948103
2024-04-03,187.49989318847656,195.89990234375,187.1999053955078,191.99989318847656,433316,197.59489898681642,0.9433582016502531,-20.050446182377573,27.102817288049792,-82.72125117848883
2024-04-04,196.79989624023438,197.39990234375,193.04989624023438,194.99989318847656,587818,197.20489807128905,35.35909024999691,-19.783157590870523,47.08994737472399,-66.22571281868055
2024-04-05,195.5998992919922,199.1999053955078,190.79989624023438,193.49989318847656,515013,197.03989868164064,30.93921099397404,-19.386154234300097,46.11399332408847,-71.62093932719444
2024-04-08,201.5998992919922,203.0998992919922,194.6999053955078,194.6999053955078,677608,196.75489807128906,56.80473016612523,-18.788748285306635,48.641981696504374,-32.671307999776026
2024-04-09,209.0998992919922,216.5998992919922,199.79989624023438,200.6999053955078,787874,197.68489837646484,74.48979062238226,-17.93456940326522,52.61958559617791,77.98652646832312
2024-04-10,210.5998992919922,223.1999053955078,210.5998992919922,217.49989318847656,764025,199.21489868164062,64.99998304578993,-16.899419554375932,57.93268043379916,180.44137286963033
2024-04-11,208.49989318847656,215.99989318847656,207.89990234375,209.99989318847656,421101,200.0698974609375,59.16663275824653,-15.800092050356216,59.213751844549925,143.4943460782967
2024-04-12,209.99989318847656,215.39990234375,207.9748992919922,214.49989318847656,574555,201.08989715576172,63.33329942491319,-14.65822456999742,55.01353579127864,134.7293336784734
2024-04-15,212.6999053955078,215.92489624023438,207.5998992919922,208.79989624023438,477338,202.55989837646484,70.83333333333333,-13.473066260090569,62.078651284066154,122.98035963607067
2024-04-16,200.0998992919922,217.1999053955078,200.0998992919922,213.5998992919922,676940,203.2498977661133,35.83331637912326,-12.493219948968129,53.90243860078745,45.1542158593338
2024-04-17,198.5998992919922,205.1549072265625,198.5998992919922,199.49989318847656,373734,204.35989837646486,31.666649712456596,-11.68888143242702,48.84318315660869,-13.535152445928938
2024-04-18,199.49989318847656,206.5198974609375,197.0998992919922,197.99989318847656,265073,204.62989807128906,34.16663275824653,-10.995712353338892,49.74619040328371,-10.577705425015283
2024-04-19,197.39990234375,209.99989318847656,190.49989318847656,199.49989318847656,549564,204.80989837646484,28.333324856228298,-10.417001867249834,49.49495727925044,-33.338192551925644
2024-04-22,198.5998992919922,206.39990234375,195.29989624023438,202.1999053955078,404085,204.50989837646483,31.666649712456596,-9.897481064921115,54.83870262051842,-22.84160703285273
2024-04-23,201.89990234375,204.29989624023438,194.0998992919922,194.99989318847656,451572,203.78989868164064,34.86240030461571,-9.367085365864027,63.4831523281222,-22.764139824907577
2024-04-24,198.89990234375,209.0998992919922,198.89990234375,206.6999053955078,248291,202.6198989868164,25.688091802813588,-8.884191476749155,52.22930555348577,2.5498962678542227
2024-04-25,197.99989318847656,209.39990234375,195.29989624023438,196.49989318847656,335334,201.5698989868164,22.93577125450531,-8.450495148418137,52.56409504004778,-15.60694360916421
2024-04-26,199.79989624023438,202.1999053955078,194.99989318847656,194.99989318847656,261233,200.54989929199218,28.440365688175795,-8.022391591041993,47.8873214212158,-40.45821913484216
2024-04-29,200.99989318847656,206.99989318847656,194.03990173339844,202.49989318847656,423216,199.37989807128906,32.11007975630743,-7.582805466380391,38.84297242742411,-20.4732497025461
2024-04-30,201.5998992919922,206.0998992919922,198.2248992919922,203.0998992919922,374232,199.52989807128907,41.57303756060651,-7.132210627582554,37.288144360114075,-7.446576475749977
2024-05-01,197.99989318847656,197.39990234375,197.39990234375,201.5998992919922,56513,199.4698974609375,28.089874797978297,-6.739516910156597,35.772367136973386,-76.85926309635616
2024-05-02,198.89990234375,206.6999053955078,194.99989318847656,194.99989318847656,165019,199.40989837646484,31.46069406313364,-6.373980304710109,34.71077055132098,-43.52907569960859
2024-05-03,203.0998992919922,205.79989624023438,194.99989318847656,194.99989318847656,224394,199.97989807128906,47.19101252020217,-5.963091195052153,37.3015853793422,-32.96913468842643
2024-05-07,212.6999053955078,213.89990234375,201.29989624023438,205.1999053955078,609021,201.38989868164063,94.87180991990444,-5.3785619188855165,68.10344751987807,79.86083119405171
2024-05-08,205.49989318847656,216.5998992919922,205.49989318847656,213.29989624023438,645702,201.7498977661133,57.47125092809663,-4.818453499909259,58.51850456444668,77.09427153761739
2024-05-09,200.0998992919922,217.49989318847656,200.0998992919922,203.99989318847656,358126,201.8698974609375,35.55557816116898,-4.378184928543918,50.66667299623414,40.552942674230216
2024-05-10,218.99989318847656,232.1999053955078,199.49989318847656,203.99989318847656,1115646,203.9698974609375,65.40877636199474,-3.724592124769397,67.47571125547421,199.49671126338765
2024-05-13,214.79989624023438,223.48489379882812,195.89990234375,209.99989318847656,554904,205.4698974609375,54.40249610732974,-3.0300736391423717,62.49999116968683,115.13050316625402
2024-05-14,210.89990234375,220.1999053955078,210.29989624023438,214.49989318847656,517348,206.45989837646485,44.18238729649951,-2.4016275097460715,56.88073137635159,146.5134897307381
2024-05-15,210.5998992919922,214.49989318847656,202.49989318847656,202.49989318847656,730377,207.35989837646486,43.39621585266473,-1.8468510163432148,59.33013701997197,72.52149683260542
2024-05-16,215.99989318847656,218.99989318847656,206.99989318847656,206.99989318847656,473449,209.15989837646484,57.54714189632821,-1.2769684282502787,63.392854710014944,119.06542052054034
2024-05-17,218.6999053955078,221.99989318847656,212.0998992919922,212.0998992919922,601756,211.13989868164063,64.62264490450062,-0.6815042324283301,63.87665435134146,139.95854609363812
2024-05-20,225.89990234375,231.7799072265625,205.49989318847656,205.49989318847656,595751,213.4198989868164,83.06451348269441,0.01520383459976049,66.80162076710297,153.17032490559097
2024-05-21,215.39990234375,229.1999053955078,198.62989807128906,217.49989318847656,1104620,213.6898986816406,54.838716293263985,0.571290990415185,58.214286038664675,74.26789199210236
2024-05-22,219.29989624023438,221.39990234375,211.79989624023438,218.6999053955078,329310,215.0698989868164,65.32256741347203,1.0710087128807284,62.63345331000772,96.69393934717891
2024-05-23,222.89990234375,226.6949005126953,215.99989318847656,223.49989318847656,342902,217.3498992919922,75.0,1.5641940871384141,63.793103448275865,128.11746850318423
2024-05-24,224.39990234375,224.6999053955078,217.49989318847656,217.49989318847656,586455,217.88990020751953,78.51239009364188,2.04779802902635,62.63345331000772,116.79316650963756
2024-05-28,215.6999053955078,224.24989318847656,214.49989318847656,218.99989318847656,627891,217.9799011230469,54.545458366838915,2.356574480927222,51.79856128270439,70.5636316994895
2024-05-29,207.89990234375,217.49989318847656,205.79989624023438,217.49989318847656,785597,217.67990112304688,33.05784846048079,2.409770274176487,51.4285771376432,-14.298514027315548
2024-05-30,206.39990234375,211.4398956298828,203.6999053955078,208.49989318847656,565341,217.25990142822266,28.925617402920693,2.2705604727862,53.932586624117306,-55.00960787305399
2024-05-31,213.89990234375,216.29989624023438,203.0998992919922,209.99989318847656,5092090,217.04990234375,50.16721725314617,2.1325352330672835,46.28821610533051,-19.978484345105972
2024-06-03,224.39990234375,226.45489501953125,209.99989318847656,209.99989318847656,1105200,217.61990203857422,77.73754798001767,2.165148853154855,56.400004069010414,92.7933164303669
2024-06-04,221.99989318847656,224.99989318847656,218.39990234375,218.99989318847656,405375,217.2299011230469,70.49770335725488,2.259780388330064,57.551012612476455,104.81332127389418
2024-06-05,214.79989624023438,227.99989318847656,214.79989624023438,220.49989318847656,509060,217.1699005126953,48.77826154800027,2.2683005669560825,52.61193810322266,59.9091925170084
2024-06-06,219.89990234375,219.89990234375,213.35989379882812,218.99989318847656,245396,217.2299011230469,64.16289109554393,2.2985988766321985,52.43446199448131,33.23284272729727
2024-06-07,217.1999053955078,223.49989318847656,215.39990234375,218.0998992919922,223998,216.65990142822267,56.01810617076306,2.2926431632926954,49.06367048333211,43.110309842715374
2024-06-10,218.99989318847656,223.49989318847656,213.5998992919922,219.29989624023438,331925,216.11990051269532,66.63392292042272,2.2877686954574648,45.381519787708775,40.77713762718162
2024-06-11,209.6999053955078,223.49989318847656,208.79989624023438,223.49989318847656,502883,215.5199005126953,26.50605510569012,2.1302372977707185,46.12245025062826,-43.48870909224105
2024-06-12,209.99989318847656,213.29989624023438,204.89990234375,206.99989318847656,430864,215.72989959716796,27.71082565389136,1.8852124384102176,43.347635268988085,-113.44706530699104
2024-06-13,215.6999053955078,223.1999053955078,210.5998992919922,217.49989318847656,1016852,216.65989990234374,50.602446554393,1.6848365655245146,45.00000105963835,-1.6517374383730372
2024-06-14,209.39990234375,218.6999053955078,204.5998992919922,213.5998992919922,1025888,216.20989990234375,25.3012232771965,1.4185968941866416,40.23437344779546,-97.99567563437674
2024-06-17,207.5998992919922,214.49989318847656,207.5998992919922,207.5998992919922,158955,214.52989959716797,18.07229358652716,1.0930805268030324,44.206003711880854,-99.73724890889977
2024-06-18,211.79989624023438,212.99989318847656,207.5998992919922,210.5998992919922,132308,213.50989990234376,34.9397553445607,0.8119919272784304,52.9411724091584,-75.65395808965742
2024-06-19,213.89990234375,218.6999053955078,209.39990234375,212.99989318847656,325129,213.4199005126953,43.37351686372366,0.6051385978338853,55.6053816773174,-24.073340085276183
2024-06-20,213.89990234375,217.1999053955078,209.99989318847656,213.89990234375,181657,212.8199005126953,39.743613151775435,0.45427885756633346,50.0,-25.8737148893535
2024-06-21,210.5998992919922,213.89990234375,209.99989318847656,213.89990234375,441786,212.15989990234374,25.641032329078694,0.2927381163414086,36.78160549947837,-55.12043803705821
2024-06-24,212.99989318847656,214.1549072265625,204.89990234375,212.99989318847656,178869,211.55989990234374,35.89741917730326,0.17059425476080972,41.379307320888934,-63.53640413149638
2024-06-25,206.39990234375,218.6999053955078,205.3948974609375,213.5998992919922,324618,211.22989959716796,9.523828746276127,-0.026141240892279066,41.860467179393765,-67.12105214751448
2024-06-26,203.39990234375,210.89990234375,202.79989624023438,206.99989318847656,577536,210.5699005126953,2.8985806375521066,-0.3071197946172103,33.333323058048165,-136.25363070241283
2024-06-27,203.6999053955078,209.6999053955078,201.5998992919922,203.0998992919922,285539,209.36990051269532,9.589071638292744,-0.6206845433898045,35.668782380398255,-142.43277011123658
2024-06-28,202.49989318847656,208.1999053955078,196.79989624023438,204.5998992919922,405039,208.67989959716797,21.348305617006638,-0.9559669339223188,32.25806451612904,-159.86602062177363
2024-07-01,197.99989318847656,205.79989624023438,197.99989318847656,202.49989318847656,288497,207.71989898681642,4.545441409449233,-1.3569014944099533,35.97121249156558,-167.52638122863283
2024-07-02,198.5998992919922,206.99989318847656,193.79989624023438,206.99989318847656,219647,206.3998992919922,16.326535908227235,-1.7653025110284657,36.4285885557712,-164.58790251260518
2024-07-03,212.39990234375,213.89990234375,197.0998992919922,198.89990234375,970966,206.2498992919922,74.6987922274576,-1.932779831192124,46.70658518497086,-40.584691181901
2024-07-04,209.99989318847656,217.49989318847656,209.99989318847656,217.49989318847656,292380,205.85989837646486,65.06020478635558,-1.974356956180562,50.64934035501434,38.86405933080739
2024-07-05,225.5998992919922,227.39990234375,208.1999053955078,214.49989318847656,1220070,207.35989837646486,94.64284903338314,-1.6814537911890324,64.99999237060935,164.673546207717
2024-07-08,232.49989318847656,243.29989624023438,219.89990234375,227.0998992919922,1249625,209.30989837646484,78.18181201665088,-1.080341582285789,66.50716736888702,295.45648245140296
2024-07-09,283.4999084472656,295.4999084472656,266.7598876953125,284.9999084472656,3293787,217.0198989868164,88.2005913867822,0.49857656317530075,81.18278820096748,481.8134995430596
2024-07-10,284.9999084472656,296.69989013671875,269.69989013671875,271.7998962402344,963210,225.17989959716797,88.62975472940931,2.630390295290808,81.43235326338308,300.42827895823746
2024-07-11,308.2499084472656,308.2499084472656,271.19989013671875,288.2998962402344,956784,235.63489990234376,100.0,5.361940050645102,86.69672473415251,239.67949255882542
2024-07-12,297.89990234375,332.3699035644531,290.9999084472656,304.4999084472656,1528238,245.1749008178711,75.12448625332605,8.148851126209689,80.10637645108602,200.7461803942859
2024-07-15,322.4999084472656,327.14990234375,295.6799011230469,297.59991455078125,1384619,257.62490234375,92.87725005737049,11.198272970818701,86.50942186677682,171.12867719035808
2024-07-16,322.4999084472656,328.4999084472656,305.2499084472656,321.7499084472656,870087,270.01490325927733,92.87725005737049,14.226852618482742,88.17306394408243,143.43096291657167
2024-07-17,316.4999084472656,335.9999084472656,313.4999084472656,320.9999084472656,724626,280.4249038696289,86.28692100841057,16.955453260620576,84.87939474435403,124.26367251282778
2024-07-18,309.7499084472656,321.34490966796875,309.7499084472656,317.9999084472656,433642,290.3999053955078,81.5400859728604,19.2066579037852,82.06277605513927,96.27450235167302
2024-07-19,307.4999084472656,314.2499084472656,301.4999084472656,307.4999084472656,216177,298.5899063110352,79.957807627677,20.960954821789233,83.18181359997921,77.810797727353
2024-07-22,299.69989013671875,311.2499084472656,298.7998962402344,308.2499084472656,376514,305.3099060058594,73.866079252761,22.13961746850239,79.35538815395563,64.33183495114244
2024-07-23,285.59991455078125,299.39990234375,280.7698974609375,297.2998962402344,997202,305.51990661621096,60.56338599923754,22.62027872023103,71.21739108897492,39.305373468713114
2024-07-24,287.69989013671875,289.72491455078125,280.4999084472656,280.4999084472656,475601,305.78990478515624,62.20655934492755,22.620196856223664,72.56097512347701,31.372773047358695
2024-07-25,288.59991455078125,292.7998962402344,281.09991455078125,288.89990234375,525819,303.8249053955078,59.173134018423575,22.28160217190173,70.00000290643572,29.542435896812048
2024-07-26,295.4999084472656,296.09991455078125,288.59991455078125,293.9999084472656,452242,303.58490600585935,41.507816490858616,21.80788499699607,70.00000290643572,35.13866514552357
2024-07-29,287.09991455078125,300.7499084472656,287.09991455078125,297.2998962402344,393761,300.04490661621094,26.244373466929403,21.09058712201045,51.566582373694004,27.550637443315953
2024-07-30,288.2998962402344,304.4999084472656,284.39990234375,287.9999084472656,208211,296.6249053955078,26.388890851181166,20.229294815815358,51.43978555671425,23.86201043144558
2024-07-31,290.69989013671875,296.69989013671875,287.9999084472656,288.59991455078125,431871,294.04490356445314,18.378345386402028,19.315083801744386,40.639987187495834,14.598748936238948
2024-08-01,286.7998962402344,299.9999084472656,284.9999084472656,296.9999084472656,575565,291.74990234375,11.35132935670045,18.3093837109341,43.64260507682708,-2.394831760197731
2024-08-02,251.0998992919922,287.2348937988281,250.49989318847656,281.9999084472656,2206196,286.10990142822266,0.7017613993395712,16.687757109894072,13.719488414711776,-147.49524690754757
2024-08-05,239.39990234375,249.74989318847656,224.99989318847656,243.89990234375,1304317,280.0799026489258,12.972979437616099,14.540386658741562,12.261558781014784,-275.104561426246
2024-08-06,245.0998992919922,254.6999053955078,238.79989624023438,241.49989318847656,596510,276.0299011230469,20.862528066300214,12.233858494938415,17.486317458857187,-201.30395592272953
2024-08-07,252.5998992919922,262.1249084472656,244.79989624023438,244.79989624023438,550615,272.51990203857423,30.924371299530577,10.040260059439786,24.15194973748106,-145.9018201827148
2024-08-08,267.2998962402344,272.5498962402344,248.75990295410156,252.5998992919922,689327,270.38990020751953,49.04347312268719,8.244081926798058,33.65852351417777,-93.46530912559184
2024-08-09,273.59991455078125,280.19989013671875,263.9999084472656,272.9999084472656,718243,268.1999008178711,61.13209060916721,6.872880948762462,39.25926391062239,-51.140207142739456
2024-08-12,268.7998962402344,277.4999084472656,266.9999084472656,273.59991455078125,289866,266.3698989868164,55.0943328868299,5.747681864490759,42.51335960239017,-48.77523495740159
2024-08-13,271.4999084472656,281.69989013671875,266.39990234375,272.9999084472656,327575,264.68990020751954,58.49057400482485,4.865633784909767,42.819158218195774,-34.326306383101816
2024-08-14,274.4999084472656,278.39990234375,269.09991455078125,274.4999084472656,258590,263.06990203857424,62.264158186204405,4.218999946549063,43.86422678306729,-24.207349525994253
2024-08-15,267.89990234375,278.39990234375,266.9999084472656,278.09991455078125,343597,261.1799026489258,53.962265309792706,3.6389016112008123,37.95811316162359,-29.501901103012333
2024-08-16,267.2998962402344,276.59991455078125,262.19989013671875,267.59991455078125,213668,262.79990234375,53.20754079614012,3.113049613643151,40.730330095556006,-34.16621685565069
2024-08-19,273.2998962402344,278.09991455078125,261.59991455078125,263.9999084472656,382127,266.1899017333984,64.39999096679871,2.73739542627945,43.27957209775466,-17.523344687918346
2024-08-20,273.89990234375,280.19989013671875,268.19989013671875,275.9999084472656,425359,269.06990203857424,65.1999989420575,2.4789083988269356,42.349735736790734,2.7019923823966763
2024-08-21,276.89990234375,280.8598937988281,264.89990234375,270.89990234375,213113,271.49990234375,83.39360270953527,2.3496231086009893,45.45455054972247,7.044799203826272
2024-08-22,283.7998962402344,291.22491455078125,267.2998962402344,281.39990234375,285787,273.14990234375,88.78819793816903,2.4128264191255613,70.41196989315235,49.33189449426369
2024-08-23,284.39990234375,291.59991455078125,281.09991455078125,290.9999084472656,170189,274.2299011230469,86.36361797322893,2.5974380609773418,82.60866680760763,84.50299729595092
2024-08-27,281.9999084472656,291.59991455078125,281.9999084472656,286.4999084472656,280201,275.54990234375,79.48717447114296,2.804257857851396,78.08217396444124,85.73850267633043
2024-08-28,277.7998962402344,289.4999084472656,269.9999084472656,289.4999084472656,638672,276.1799011230469,67.7870808241881,2.940755247878621,70.19228253376798,53.5937230002755
2024-08-29,277.4999084472656,284.69989013671875,274.4999084472656,274.4999084472656,334977,276.4799011230469,52.999979654947914,3.0145317908353895,60.62499920527242,59.51080564700949
2024-08-30,271.19989013671875,289.7998962402344,265.19989013671875,277.4999084472656,745432,276.8098999023438,31.999918619791668,2.93774479328607,47.49997774762758,41.748193453081015
2024-09-02,271.7998962402344,275.9999084472656,265.19989013671875,272.69989013671875,224584,277.25989990234376,33.99993896484375,2.7734898190661723,53.42465371645161,5.492134850832615
2024-09-03,268.4999084472656,275.69989013671875,267.59991455078125,273.59991455078125,211328,276.7799011230469,22.999979654947918,2.504051406562054,46.62162347927693,-14.53589784784954
2024-09-04,272.39990234375,274.19989013671875,261.659912109375,266.9999084472656,284858,276.62990112304686,35.999959309895836,2.2393253446636763,47.68211340543024,-49.65500073873895
2024-09-05,279.2998962402344,291.7948913574219,269.95489501953125,269.9999084472656,633984,276.8699005126953,58.618961037123434,2.096411767713363,62.49999163443694,88.82158282717887
2024-09-06,274.4999084472656,291.89990234375,273.2998962402344,275.9999084472656,392255,275.9399017333984,42.57425443411524,1.9559805139814785,57.22892969066934,71.40185600547146
2024-09-09,270.59991455078125,284.09991455078125,269.9999084472656,277.7998962402344,342924,274.5599029541016,29.56350968408645,1.7577865706348395,47.169829427785594,-8.485899950531147
2024-09-10,269.9999084472656,275.09991455078125,266.9999084472656,271.19989013671875,443739,273.3599029541016,27.579361875620645,1.5201986483883085,45.91195451407616,-74.75596363302034
2024-09-11,264.59991455078125,273.59991455078125,263.9999084472656,268.4999084472656,518402,272.03990478515624,9.722233435327741,1.180755505835037,37.724557098964716,-116.12415016709855
2024-09-12,272.39990234375,275.69989013671875,265.4999084472656,265.4999084472656,311290,271.5299041748047,35.515852191534194,0.9170187239411799,38.82352870778325,-55.48228210724038
2024-09-13,280.19989013671875,280.4999084472656,269.9999084472656,277.7998962402344,287727,272.4299041748047,61.30947094774065,0.8369129186666643,46.39173906295226,24.22610200376645
2024-09-16,276.89990234375,284.9999084472656,262.7998962402344,284.9999084472656,224691,272.9399047851563,50.39680937810323,0.8215458589697916,45.685270013689035,-10.804350077072987
2024-09-17,277.4999084472656,284.69989013671875,276.59991455078125,282.2998962402344,182441,273.83990478515625,52.380957186569034,0.8552616352216715,49.72974042984193,56.52109269645447
2024-09-18,281.69989013671875,283.4999084472656,275.9999084472656,275.9999084472656,224998,274.7699035644531,66.26979000993033,0.983033086056041,53.535342118364156,62.341371986400574
2024-09-19,284.9999084472656,289.19989013671875,280.4999084472656,284.9999084472656,459581,275.33990478515625,77.18255249751742,1.2134681545058255,62.234073349411,115.88387529847915
2024-09-20,293.09991455078125,301.1549072265625,283.4999084472656,283.4999084472656,4123721,277.1999053955078,79.60502931604145,1.6226361297134473,66.66669850559228,193.60303369634235
2024-09-23,304.4999084472656,307.4999084472656,289.4999084472656,293.9999084472656,594044,280.58990478515625,93.45549685936548,2.300563095403816,75.00002119278055,249.90971668015243
2024-09-24,290.09991455078125,314.2499084472656,284.9999084472656,314.2499084472656,670099,282.5999053955078,53.061247489492345,2.8764179968231467,60.72728806173655,181.11547960909618
2024-09-25,291.59991455078125,298.8749084472656,287.9999084472656,290.9999084472656,259843,285.29990539550784,55.97669869281589,3.3754845258117,57.97667125420211,123.00478559011023
2024-09-26,291.59991455078125,302.9248962402344,291.59991455078125,302.2499084472656,527910,287.21990661621095,55.97669869281589,3.792566286456065,61.82573735028755,123.95761863219977
2024-09-27,299.09991455078125,302.9999084472656,290.9999084472656,290.9999084472656,344039,289.1099090576172,70.55395470943358,4.247411561457295,68.77471261594876,119.9894563465919
2024-09-30,285.59991455078125,305.2499084472656,285.59991455078125,305.2499084472656,735749,289.9799102783203,44.31489387952173,4.477017209248616,58.783791446619816,69.63462032060791
2024-10-01,287.9999084472656,296.9999084472656,286.7398986816406,296.9999084472656,386408,291.0299102783203,48.97960394183808,4.581497187944127,63.6363668698446,51.687237106115866
2024-10-02,289.19989013671875,303.7499084472656,285.2998962402344,287.39990234375,490535,291.7799102783203,51.31192931549296,4.610776656387523,60.60605943841457,60.492417811256054
2024-10-03,288.89990234375,299.69989013671875,287.6249084472656,287.9999084472656,166712,292.16990966796874,50.72886280083088,4.5760920010686466,56.066958250903184,50.3905674786225
2024-10-04,290.09991455078125,299.39990234375,281.9999084472656,289.4999084472656,381598,291.8699096679687,36.86276105494281,4.511849753694743,59.482770716444236,35.18612483424142
2024-10-07,299.39990234375,301.4999084472656,288.2998962402344,288.2998962402344,592712,291.3599090576172,61.1764546313317,4.570541520387061,63.98467806276023,72.47570370842159
2024-10-08,306.7499084472656,311.2499084472656,292.19989013671875,304.4999084472656,625131,293.0249084472656,77.77777777777777,4.810057092067433,65.37754692570456,119.23004158546132
2024-10-09,304.4999084472656,310.4999084472656,298.4999084472656,304.4999084472656,368725,294.3149078369141,69.76744186046511,5.1034931905421175,62.12687119526476,128.4024483851286
2024-10-10,305.9999084472656,314.9999084472656,299.9999084472656,314.9999084472656,234217,295.7549072265625,72.72727272727273,5.427642956054916,58.73983832290511,149.08764286417642
2024-10-11,314.2499084472656,319.3948974609375,304.4999084472656,305.9999084472656,695094,297.26990661621096,86.24150147018139,5.873304222132122,56.90021589091936,181.45846020024246
2024-10-14,304.4999084472656,318.7499084472656,301.27490234375,315.7499084472656,361458,299.1599060058594,60.16848939780097,6.202822238780949,60.90909132944342,125.68264327917572
2024-10-15,318.7499084472656,320.2499084472656,302.9999084472656,302.9999084472656,603088,302.2349060058594,96.07843137254902,6.6554829785876075,67.23809804303775,159.53789645158625
2024-10-16,322.4999084472656,323.9999084472656,316.0498962402344,321.7499084472656,597829,305.5649078369141,96.42857142857143,7.2062578354865945,68.7272759555797,186.90449735317586
2024-10-17,324.7499084472656,328.4399108886719,320.9999084472656,324.7499084472656,489020,309.1499084472656,92.05425872648918,7.809129108696071,66.601944355668,183.4807394830703
2024-10-18,314.9999084472656,329.2499084472656,313.4999084472656,324.7499084472656,480643,311.63990783691406,69.84126984126983,8.23969575761579,70.00000415205318,121.66624532773285
2024-10-21,307.4999084472656,329.9999084472656,306.71990966796875,311.9999084472656,391900,312.4499084472656,53.125,8.401256137903145,62.40458400567798,79.15834848958959
2024-10-22,299.9999084472656,322.4999084472656,299.9999084472656,322.4999084472656,191465,311.7749084472656,37.5,8.246933056632871,56.36043526912084,25.57831989061794
2024-10-23,302.2499084472656,311.9999084472656,299.09991455078125,311.9999084472656,379430,311.54990844726564,42.1875,7.919811219543182,57.68566791325489,0.059920809638664356
2024-10-24,301.4999084472656,308.2499084472656,296.39990234375,304.4999084472656,367497,311.09990844726565,31.654696266025383,7.471514073469283,56.59721915613946,-21.13519002811784
2024-10-25,285.89990234375,307.4999084472656,283.7998962402344,307.4999084472656,690791,308.26490783691406,4.545466555517537,6.70484899028078,42.71844756079976,-91.37095886658103
2024-10-28,287.39990234375,291.2998962402344,281.9999084472656,283.4999084472656,378839,306.5549072265625,11.249987284342447,5.787476819266715,38.860100895990406,-126.84354470411019
2024-10-29,281.9999084472656,292.4999084472656,281.39990234375,292.4999084472656,173142,302.8799072265625,1.234580304861776,4.724389951242142,37.49999999999999,-132.39512056282877
2024-10-30,291.89990234375,302.2499084472656,278.09991455078125,281.9999084472656,637316,299.8199066162109,26.58957498240388,3.772881484609761,42.83536230787338,-91.99269457156944
2024-10-31,283.4999084472656,299.9999084472656,283.4999084472656,299.9999084472656,516191,295.6949066162109,10.40461374090867,2.798571687733266,34.398780411521315,-101.37168063642817
2024-11-01,283.4999084472656,288.7948913574219,283.4999084472656,287.9999084472656,228828,292.54490661621094,10.40461374090867,1.8546668773486155,38.17567405022617,-121.65792107196897
2024-11-04,284.09991455078125,289.3049011230469,271.7998962402344,281.9999084472656,301963,290.2049072265625,21.134047647263014,0.9846459593203424,26.946109972934167,-129.05436394640998
2024-11-05,285.59991455078125,288.6899108886719,282.2998962402344,287.9999084472656,200292,288.76490783691406,23.711366694317753,0.22822938443357232,24.69136009196299,-92.27078160908702
2024-11-06,285.2998962402344,295.0649108886719,283.58990478515625,287.09991455078125,185463,287.0699066162109,23.195871423492658,-0.42263638013285143,22.198727681739783,-69.90194262265514
2024-11-07,274.4999084472656,289.7998962402344,273.6148986816406,287.9999084472656,816984,284.3699066162109,4.63919525897463,-1.1445697065169904,21.875,-102.54645933534881
2024-11-08,261.2998962402344,284.69989013671875,261.2998962402344,274.7998962402344,1166792,281.9099060058594,0.0,-2.0811916454042496,20.270267085717066,-136.28050542072953
2024-11-11,260.39990234375,263.9999084472656,255.8249053955078,261.89990234375,710583,279.20990600585935,8.144186381310803,-3.112892397907322,22.15189683256753,-158.3776952541854
2024-11-12,260.69989013671875,263.9999084472656,250.21490478515625,257.9999084472656,1186410,277.0799041748047,18.06665751691521,-4.1382222090726986,19.956600160553805,-153.0770036189933
2024-11-13,258.59991455078125,272.9999084472656,257.9999084472656,266.9999084472656,1054157,273.7499053955078,14.637355729403899,-5.129881393156191,19.574459243432116,-123.91422805566464
2024-11-14,252.89990234375,259.4999084472656,236.41490173339844,253.49989318847656,1476067,270.6899047851563,25.039870781814983,-6.127700395757332,22.772266258422547,-172.99038568357753
2024-11-15,258.89990234375,262.4999084472656,248.99989318847656,248.99989318847656,721792,268.2299041748047,34.15356317661835,-6.96738016790098,28.110590869287208,-120.764112613398
2024-11-18,256.4999084472656,262.4999084472656,253.49989318847656,258.59991455078125,327635,265.46990356445315,30.508095489624324,-7.686334365052888,29.468590962075638,-103.05350957981676
2024-11-19,251.99989318847656,259.4999084472656,249.7799072265625,254.99989318847656,509439,262.10990142822266,24.510481732290533,-8.346207748049245,14.814804847612592,-104.98706171017227
2024-11-20,254.99989318847656,260.09991455078125,250.49989318847656,250.49989318847656,455309,259.07990112304685,31.687960023800066,-8.867572824607436,22.222209002566032,-87.56486467635321
2024-11-21,258.89990234375,263.69989013671875,250.49989318847656,258.89990234375,375142,257.5199005126953,38.33759096409255,-9.192359398731764,27.717390703418957,-68.6672278978545
2024-11-22,259.4999084472656,263.9999084472656,255.29989624023438,257.39990234375,340140,257.33990173339845,39.36061911388727,-9.346384533545526,27.717390703418957,-54.03524346787273
2024-11-25,263.69989013671875,266.09991455078125,252.29989624023438,262.4999084472656,374670,257.66990051269534,46.52171209570394,-9.296994898511214,31.088059825000897,-44.10584430430761
2024-11-26,259.7998962402344,266.9999084472656,258.2698974609375,266.9999084472656,211920,257.57990112304685,43.8044336669202,-9.163730305697879,29.268282395417685,-34.80564614963123
2024-11-27,257.9999084472656,266.39990234375,255.89990234375,266.39990234375,136916,257.5199005126953,44.703348654802404,-8.992712223404325,34.285705151195785,-38.852547520334966
2024-11-28,260.69989013671875,266.9999084472656,257.9999084472656,266.9999084472656,376287,258.2998992919922,66.37961991712667,-8.743423194640377,49.28570598159933,-22.947499832073934
2024-11-29,259.7998962402344,266.69989013671875,257.9999084472656,259.4999084472656,226384,258.3898986816406,63.91961245143652,-8.452574442715086,49.28570598159933,-20.51623726376806
2024-12-02,262.4999084472656,267.89990234375,259.4999084472656,259.4999084472656,140592,258.9898986816406,71.29971826403936,-8.088581388870669,52.027049318921335,1.5070547793604319
2024-12-03,260.69989013671875,266.69989013671875,260.69989013671875,266.39990234375,243390,259.85989837646486,77.1319292759866,-7.70810674869148,52.38092437108539,8.693617554412999
2024-12-04,262.4999084472656,263.69989013671875,251.41490173339844,259.4999084472656,510122,260.6098999023437,71.42861756245404,-7.290960303519787,61.940302473137706,-23.60350187132323
2024-12-05,264.59991455078125,264.59991455078125,259.4999084472656,260.9999084472656,285567,261.1799011230469,81.78814193035522,-6.822574243163778,57.85125252316351,70.17098662879447
2024-12-06,264.59991455078125,268.4999084472656,262.4999084472656,263.09991455078125,332342,261.6899017333984,79.16670062942501,-6.331075729176627,61.94690305319597,133.16384882207288
2024-12-09,262.19989013671875,268.7998962402344,259.7998962402344,263.9999084472656,266786,261.53990173339844,63.93439889136161,-5.874717126853064,66.03771412065083,86.6284265399133
2024-12-10,253.79989624023438,270.2998962402344,253.49989318847656,262.4999084472656,360287,260.9399017333984,16.666679510763224,-5.584933940391539,48.38710206686708,-12.905424629222162
2024-12-11,260.09991455078125,269.9999084472656,251.99989318847656,251.99989318847656,219562,261.14990234375,45.98896131126242,-5.3015056041555475,51.51516552688241,24.973207764661158
2024-12-12,257.9999084472656,269.9999084472656,257.09991455078125,257.9999084472656,248434,260.87990417480466,34.868989299856906,-5.05833931388174,48.17518410770691,41.795052773205114
2024-12-13,253.1999053955078,266.9999084472656,251.99989318847656,266.9999084472656,536475,260.219905090332,9.451968129846394,-4.918207939537997,37.41010774446504,-84.01663937184506
2024-12-16,261.59991455078125,263.59490966796875,250.49989318847656,251.99989318847656,393684,260.1299057006836,56.0607053104431,-4.704775941750885,51.94806867633187,-52.91610553349649
2024-12-17,223.1999053955078,262.4999084472656,217.49989318847656,262.4999084472656,2672926,256.3799072265625,10.795477040870145,-5.058515573929228,28.98552941395444,-491.33457424728016
2024-12-18,219.29989624023438,241.1999053955078,218.0998992919922,220.1999053955078,855732,252.05990600585938,3.4090964918947804,-5.799896767847474,25.35718230157427,-377.8595604974376
2024-12-19,213.89990234375,220.49989318847656,207.46490478515625,217.49989318847656,831032,246.98990478515626,10.241105170188884,-6.818314366383148,24.067835827380406,-300.65310312898947
2024-12-20,215.6999053955078,221.0998992919922,208.49989318847656,221.0998992919922,478810,242.09990386962892,13.105755916651812,-7.912727567824316,23.287703922740448,-205.8778635063277
2024-12-23,211.1999053955078,219.5998992919922,208.49989318847656,214.49989318847656,348386,236.99990539550782,5.944141192446541,-9.051162557523119,22.591399290323423,-165.83169332463336
2024-12-24,210.89990234375,221.0998992919922,210.20989990234375,211.49989318847656,78729,232.70990600585938,5.466695354052036,-10.141667851068217,20.945968470008765,-131.61383562939483
2024-12-27,206.99989318847656,220.79989624023438,206.99989318847656,211.79989624023438,233474,227.3999038696289,0.0,-11.18407310596269,18.211937650556195,-118.2111384917075
2024-12-30,205.49989318847656,220.49989318847656,203.24989318847656,206.99989318847656,204215,222.14990234375,3.355704545252833,-12.140126441546716,17.915326553533035,-107.04486819861945
2024-12-31,210.29989624023438,212.66990661621094,203.99989318847656,203.99989318847656,110006,217.85990142822266,10.51454545992446,-12.887687122241497,22.5397035049658,-96.12448855057858
2025-01-02,206.99989318847656,221.0998992919922,205.79989624023438,221.0998992919922,219685,212.3998992919922,5.61797624384248,-13.488656255334089,23.82552219921648,-80.05729043529284
2025-01-03,208.49989318847656,211.79989624023438,204.29989624023438,205.49989318847656,211093,210.92989807128907,7.865166741379472,-13.911565851316563,19.503552175377123,-81.05192266305224
2025-01-06,207.29989624023438,213.89990234375,201.5998992919922,208.49989318847656,417911,209.72989807128906,8.715590443893044,-14.18813953703921,19.71326981645346,-75.75645859824317
2025-01-07,202.1999053955078,214.79989624023438,201.5998992919922,204.5998992919922,408934,208.55989837646484,0.9678296686730308,-14.407523994916776,19.642868171739792,-73.81603413986062
2025-01-08,199.49989318847656,213.5998992919922,197.99989318847656,201.89990234375,546925,206.9398971557617,2.3255808451853093,-14.589802313229038,10.344830946136113,-76.75153691216714
2025-01-09,197.99989318847656,209.99989318847656,197.39990234375,197.99989318847656,204036,205.6198959350586,1.3698420158043418,-14.729946404726782,19.565220596257106,-78.9589069805009
2025-01-10,200.6999053955078,209.39990234375,196.49989318847656,197.99989318847656,269681,204.5998962402344,17.07321611774324,-14.7596853490282,26.86569883498086,-74.56462062500981
2025-01-13,200.39990234375,209.39990234375,197.99989318847656,197.99989318847656,208888,203.9398971557617,15.853691819678374,-14.689811586356067,30.769250833363756,-72.16643019864156
2025-01-14,202.49989318847656,208.79989624023438,198.89990234375,199.49989318847656,215532,203.63989715576173,24.39023785096757,-14.494180227386023,31.355927819942963,-70.46508092195278
2025-01-15,209.99989318847656,212.39990234375,199.49989318847656,209.39990234375,430569,203.60989685058593,54.87803516467703,-14.077288474221108,48.43748509884827,-45.04649419770447
2025-01-16,208.79989624023438,217.49989318847656,204.80990600585938,210.5998992919922,143683,203.7898971557617,50.0,-13.530629409563717,47.32823775434215,-2.6883137655922145
2025-01-17,211.79989624023438,217.49989318847656,207.29989624023438,217.49989318847656,215247,204.1198974609375,62.19511892548378,-12.852589190301485,56.25000248352627,42.313116820615754
2025-01-20,204.29989624023438,215.39990234375,197.0998992919922,197.0998992919922,473185,203.8198974609375,31.707321611774322,-12.218110266392868,48.64865236396054,-52.931459413327964
2025-01-21,208.79989624023438,209.99989318847656,200.0998992919922,207.29989624023438,174526,204.47989654541016,50.0,-11.544552735545789,48.29931996326819,-34.69650887377661
2025-01-22,207.89990234375,217.1999053955078,205.1999053955078,209.99989318847656,308698,205.3198974609375,54.285757882254465,-10.86985699578988,51.07914774716953,48.29060605598034
2025-01-23,209.6999053955078,217.49989318847656,205.79989624023438,207.89990234375,53884,206.48989868164062,62.857200985863095,-10.17632391405417,51.4285859607515,71.96672919785375
2025-01-24,213.5998992919922,217.49989318847656,207.5998992919922,217.49989318847656,285538,207.77989807128907,81.42860049293155,-9.421924075956142,57.04698376048274,117.11048882251374
2025-01-27,212.0998992919922,217.49989318847656,209.41490173339844,212.6999053955078,157772,208.94989776611328,74.2857433500744,-8.671378173358192,62.04378640668565,115.17632310468517
2025-01-28,212.99989318847656,216.89990234375,210.89990234375,212.0998992919922,499626,209.9998977661133,78.57142857142857,-7.928469997423548,67.17557785401567,116.61153188467937
2025-01-29,210.89990234375,223.04989624023438,209.99989318847656,217.1999053955078,375506,210.08989868164062,54.237316384489255,-7.244727015322678,66.16543366151856,121.74198032138877
2025-01-30,212.39990234375,222.29989624023438,209.0998992919922,211.49989318847656,275787,210.44989929199218,58.95955626612977,-6.593466745192829,65.1162882391697,111.93034017923483
2025-01-31,216.29989624023438,221.6999053955078,209.99989318847656,211.79989624023438,596974,210.8998992919922,73.98843624736058,-5.919456179870805,68.79433800957372,118.18088237399174
2025-02-03,215.0998992919922,218.99989318847656,210.29989624023438,216.29989624023438,173980,211.97989959716796,69.36417000703845,-5.2721725302921,65.21741213657144,88.23040834090716
2025-02-04,218.99989318847656,224.6999053955078,213.89990234375,214.49989318847656,587297,212.9998992919922,79.34778642565156,-4.601333999719757,61.90477536049939,139.04858381119948
2025-02-05,221.39990234375,224.99989318847656,215.99989318847656,218.6999053955078,381838,214.3498992919922,87.09680418539378,-3.9021200750580256,66.15386661929918,147.7710789912618
2025-02-06,225.5998992919922,231.61489868164062,219.5998992919922,223.1999053955078,594840,215.9398986816406,82.57279589739055,-3.1458727331424683,67.16419723329835,193.8644235944351
2025-02-07,214.79989624023438,230.39990234375,214.79989624023438,223.1999053955078,194246,216.05989837646484,46.64444624127334,-2.5586593462090605,62.06897398427257,107.07068751209839
2025-02-10,214.79989624023438,232.1999053955078,211.49989318847656,221.99989318847656,155119,216.32989807128905,35.555521647135414,-2.102344161380153,57.69231371155858,91.683991468222
2025-02-11,208.79989624023438,224.6999053955078,206.99989318847656,215.99989318847656,588543,215.90989837646484,11.36363242283477,-1.8429290578467945,51.020401808081004,-9.50251689276465
2025-02-12,205.79989624023438,224.99989318847656,204.5998992919922,211.49989318847656,595122,215.39989776611327,4.347814068379263,-1.7641889188255724,45.69535152330302,-45.02751410354289
2025-02-13,206.39990234375,217.1999053955078,201.7198944091797,206.39990234375,336288,214.79989776611328,15.354351206334998,-1.789226345148823,41.42857194757805,-101.94925387210208
2025-02-14,203.99989318847656,216.89990234375,202.1999053955078,206.0998992919922,201453,213.5698974609375,7.480308259467404,-1.912209771257969,40.55943210264721,-105.40948597834227
2025-02-17,204.5998992919922,217.49989318847656,202.49989318847656,202.49989318847656,303889,212.5198974609375,9.448831511590768,-2.0762057982668174,40.14085364674261,-102.19681307557505
2025-02-18,202.79989624023438,209.99989318847656,201.29989624023438,202.79989624023438,109600,210.89989776611327,4.854367493752046,-2.281296690666549,40.42552884487049,-158.6125202754497
2025-02-19,200.6999053955078,204.89990234375,197.6999053955078,202.49989318847656,185027,208.82989807128905,8.695652173913043,-2.5296984358975507,36.36364283059369,-192.18445631481143
2025-02-20,199.49989318847656,205.49989318847656,198.29989624023438,199.49989318847656,195399,206.2198974609375,5.217355921648551,-2.8056047541236637,29.104488092648864,-164.07728577559496
2025-02-21,201.89990234375,206.6999053955078,199.49989318847656,199.49989318847656,157193,204.92989807128907,12.173904197803441,-3.0396016556282293,34.0579899771229,-120.13657810489545
2025-02-24,201.29989624023438,216.29989624023438,199.79989624023438,202.1999053955078,294696,203.57989807128905,10.434756071671195,-3.237708922342936,26.771689177688557,-73.23361432722258
2025-02-25,199.79989624023438,215.99989318847656,198.29989624023438,200.99989318847656,183596,202.67989807128907,6.086929984714674,-3.4194883813676284,20.96776707567284,-76.66162290488442
2025-02-26,200.99989318847656,206.24989318847656,199.79989624023438,203.39990234375,381412,202.19989776611328,9.565182008605072,-3.55456575106723,14.035123725424242,-90.73625358109467
2025-02-27,200.0998992919922,207.014892578125,197.99989318847656,198.89990234375,274545,201.5698974609375,6.956504047780797,-3.659547479642805,19.75313448374814,-87.57233432962775
2025-02-28,195.89990234375,207.29989624023438,195.89990234375,198.5998992919922,301901,200.75989837646483,0.0,-3.7988301770883663,16.8421514762461,-97.96838112973582
2025-03-03,197.6999053955078,202.1999053955078,187.49989318847656,194.99989318847656,510236,200.0698989868164,27.200032552083332,-3.9149343283427163,27.160544216832747,-124.17402121664979
2025-03-04,193.1999053955078,200.0998992919922,188.99989318847656,196.1999053955078,489555,199.10989990234376,19.000040690104168,-4.073296188976496,25.58144486350203,-130.33936374310684
2025-03-05,208.79989624023438,217.1999053955078,192.73489379882812,194.99989318847656,1143798,199.9198989868164,71.00001017252605,-3.991670163986808,52.941167670829174,-5.393303805306436
2025-03-06,203.0998992919922,210.89990234375,196.37989807128906,209.99989318847656,642620,200.27989959716797,52.000020345052086,-3.8457456512524324,48.979598898045694,-28.63833442428969
2025-03-07,206.99989318847656,209.6999053955078,201.29989624023438,203.0998992919922,607074,200.78989868164064,65.65653867099599,-3.596182339056989,52.5316394573021,16.660830996986487
2025-03-10,203.99989318847656,217.1999053955078,199.49989318847656,205.79989624023438,394770,201.05989837646484,55.55553272161198,-3.3344095772652915,51.23456499413353,47.24909756942612
2025-03-11,203.0998992919922,206.99989318847656,200.99989318847656,206.99989318847656,597893,201.38989868164063,52.525251487346,-3.085465812807758,52.5316394573021,-2.264477659728972
2025-03-12,203.0998992919922,207.43490600585938,199.49989318847656,200.0998992919922,562923,201.5998992919922,52.525251487346,-2.850580658120285,53.89611204579488,-0.9853227198803387
2025-03-13,203.6999053955078,217.49989318847656,199.49989318847656,217.49989318847656,247269,201.95989990234375,54.000040690104164,-2.62075043873047,52.02703143896293,85.6936583433113
2025-03-14,208.1999053955078,210.5998992919922,203.0998992919922,206.0998992919922,273585,203.18990020751954,69.00004069010417,-2.3283685425636533,57.14287068216303,96.27145538115319
2025-03-17,208.49989318847656,217.49989318847656,205.49989318847656,217.49989318847656,434237,204.2698989868164,70.0,-2.0020146564363026,59.23567332946086,164.53162013209533
2025-03-18,212.39990234375,217.1999053955078,207.29989624023438,207.5998992919922,620259,206.1898986816406,83.00003051757812,-1.6046904304763197,61.44579863718716,174.24478104922318
2025-03-19,209.39990234375,217.49989318847656,209.39990234375,217.49989318847656,306323,206.2498992919922,73.00003051757812,-1.2279175966818758,58.95954420008485,146.25983076543568
2025-03-20,207.89990234375,217.1999053955078,207.764892578125,209.99989318847656,188652,206.72989959716796,68.00003051757812,-0.9049099832318509,62.195126489825924,111.23823074512899
2025-03-21,205.79989624023438,208.64990234375,203.3549041748047,206.99989318847656,362446,206.60989990234376,58.94737912897478,-0.6639758591161675,58.181811456179055,17.48149127472241
2025-03-24,208.49989318847656,217.49989318847656,208.49989318847656,217.49989318847656,401199,207.05989990234374,63.6583879595736,-0.44252376331910187,66.03772920981194,107.48167881522048
2025-03-25,207.5998992919922,211.1999053955078,207.5998992919922,209.0998992919922,325179,207.50989990234376,53.125018062017745,-0.25824178604744374,48.181821964990775,55.786629546015554
2025-03-26,208.1999053955078,216.5998992919922,205.79989624023438,206.99989318847656,474727,208.0199005126953,48.333401150173614,-0.09675635250474224,59.139797883895355,73.42187857053138
2025-03-27,212.39990234375,216.29989624023438,205.79989624023438,206.99989318847656,455432,208.88990020751953,71.66671752929688,0.10920434142144492,59.574485353995826,87.88990663172487
2025-03-28,206.99989318847656,214.1999053955078,205.49989318847656,211.79989624023438,313494,208.7698989868164,41.666666666666664,0.2458415760127529,54.90195980656248,38.49108240302804
2025-03-31,194.6999053955078,213.5998992919922,193.79989624023438,204.29989624023438,652408,207.38990020751953,3.797507473266534,0.1350660155283054,40.00000726609003,-127.14289588372982
2025-04-01,192.29989624023438,217.49989318847656,191.99989318847656,217.49989318847656,295937,205.37989959716796,1.1764825559129901,-0.1635746409268141,37.837836909009866,-149.79994331638716
2025-04-02,199.49989318847656,207.4049072265625,190.1999053955078,193.49989318847656,569651,204.38989868164063,34.065904583898785,-0.4490656974157642,45.88234097349878,-158.00230163197588
2025-04-03,194.6999053955078,205.1999053955078,182.99989318847656,182.99989318847656,308056,203.0698989868164,33.91307886096015,-0.78690641672733,36.84210213218576,-209.94873714333903
2025-04-04,183.29989624023438,207.6898956298828,180.5998992919922,196.49989318847656,1073331,200.8198989868164,7.317066110678756,-1.3199356908018358,29.807697715608,-210.37406388186926
2025-04-07,179.39990234375,187.49989318847656,167.99989318847656,167.99989318847656,858504,197.90989990234374,23.030321525804926,-2.0065768186442834,23.55768972129721,-269.6664227049305
2025-04-08,181.49989318847656,187.79989624023438,179.99989318847656,179.99989318847656,310043,195.29989929199218,27.272727272727273,-2.7154264960344845,27.31706009954688,-175.66016397202262
2025-04-09,174.89990234375,192.61489868164062,172.79989624023438,179.6999053955078,277205,191.96989898681642,13.939412434895834,-3.500146983596104,25.22521614334653,-162.14527635722095
2025-04-10,182.39990234375,197.6999053955078,181.1999053955078,197.6999053955078,1340236,188.96989898681642,29.090927586410984,-4.163649817823541,33.749997350903556,-96.90262525207352
2025-04-11,183.5998992919922,187.79989624023438,180.29989624023438,183.5998992919922,154159,186.62989959716796,31.51516384548611,-4.687758809749779,32.34042221628704,-103.54553658114281
2025-04-14,192.29989624023438,197.6999053955078,187.1999053955078,197.6999053955078,259168,186.38989868164063,49.090915256076386,-4.947536061745358,40.229879681580336,-43.34587185767221
2025-04-15,195.5998992919922,197.6999053955078,190.79989624023438,193.49989318847656,163179,186.71989898681642,55.75758808791036,-4.964091290491061,42.222215524260164,-23.63320497011546
2025-04-16,195.89990234375,197.99989318847656,193.1999053955078,193.49989318847656,97761,186.35989990234376,56.36365485913826,-4.811231272951499,39.29960750661412,-12.149573564043418
2025-04-17,195.5998992919922,196.4398956298828,192.29989624023438,194.99989318847656,276265,186.44989929199218,55.75758808791036,-4.554018840059948,42.08333421636548,-13.862346326061703
2025-04-22,185.6999053955078,197.99989318847656,184.1999053955078,187.49989318847656,269891,186.68990020751954,35.75760041824495,-4.392452926074471,43.5344804906667,-50.731862784618556
2025-04-23,193.1999053955078,197.6999053955078,187.49989318847656,194.0998992919922,257706,188.0699005126953,63.49209034248271,-4.169636540965946,50.60241603730092,-17.701596197293632
2025-04-24,190.1999053955078,197.99989318847656,188.99989318847656,197.99989318847656,114596,188.93990173339844,55.93351182027462,-3.958469753025952,43.404261121497676,-15.352143334135132
2025-04-25,189.29989624023438,197.99989318847656,188.2799072265625,197.99989318847656,154257,190.37990112304686,53.66591519666114,-3.771011386004136,45.945938515319625,-13.272242887749163
2025-04-28,191.0998992919922,197.99989318847656,187.40989685058594,193.79989624023438,326411,191.2499008178711,77.00002034505208,-3.5709269801121044,56.8421097717579,0.4538522215897018
2025-04-29,185.0,193.3489990234375,180.02000427246094,192.1999969482422,235085,191.38991088867186,48.413116020701096,-3.4625990385164576,54.7298209872661,-65.61271054054158
2025-04-30,182.5800018310547,192.5,180.02000427246094,187.0,333236,190.4179214477539,38.809947520658405,-3.448178694601284,50.90735089327649,-70.84018651723453
2025-05-01,188.0,190.63999938964844,180.02000427246094,183.0,178572,189.65793151855468,44.38289782997972,-3.399041749876905,61.227390329563185,-47.17055904204662
2025-05-02,194.10000610351562,197.39999389648438,187.0,189.0,180763,189.47794189453126,78.30972647730262,-3.2256518137716603,60.27407979496272,55.84591679938525
2025-05-06,204.8000030517578,207.8000030517578,192.5,195.0,407583,190.3979522705078,89.20086345635207,-2.805407781824168,65.95434391482627,173.0642733997708
2025-05-07,196.89999389648438,203.8000030517578,194.68600463867188,195.10000610351562,204278,191.51796112060546,60.76310426839651,-2.3721162118328287,53.504039492507516,112.68588601808013
2025-05-08,201.0,206.8000030517578,190.10000610351562,198.0,154361,192.2979705810547,75.52194618228157,-1.8825408223800735,54.06389728370746,117.45773781044709
2025-05-09,204.0,206.1999969482422,200.39999389648438,200.8000030517578,218503,193.6779800415039,86.3210827259295,-1.3311982369914641,55.85775720710442,164.9575327427619
2025-05-12,215.1999969482422,217.39999389648438,205.12100219726562,206.0,502194,196.2679901123047,94.11450626292232,-0.5883199791399268,62.24395176357012,244.59442020023582
2025-05-13,220.8000030517578,221.39999389648438,213.55999755859375,217.39999389648438,256230,199.23800048828124,98.55004592756535,0.32635194868419004,73.17146188764332,246.01252086072034
2025-05-14,219.60000610351562,222.8000030517578,216.1999969482422,218.0,210935,202.6980010986328,92.51987601787683,1.2808631342088792,69.00930932151714,201.13418778565483
2025-05-15,218.60000610351562,222.60000610351562,216.0,218.1999969482422,308511,206.3000015258789,90.18233504421055,2.1914339789162005,71.05585098500072,160.56020248787456
2025-05-16,221.0,224.66400146484375,218.0,219.0,435839,209.6000015258789,91.79284630573154,3.0600260205316254,72.99111164428163,145.7898576254257
2025-05-19,217.39999389648438,226.0,208.1999969482422,220.0,832609,211.93000030517578,81.2962007337361,3.7923631184374944,68.58928936967578,102.07500163587963
2025-05-20,221.8000030517578,221.8000030517578,208.60000610351562,215.0,251361,213.63000030517577,90.8655995247806,4.462463950124591,76.65120970727402,90.69326111622968
2025-05-21,222.60000610351562,224.60000610351562,218.0,220.0,195772,216.20000152587892,92.60549323094435,5.061021226423001,79.67961083088395,101.82321616147019
2025-05-22,221.1999969482422,223.8000030517578,217.22000122070312,221.0,223984,218.22000122070312,87.69229986728766,5.549487607222636,76.18294650883216,85.17969343242584
2025-05-23,216.1999969482422,224.8000030517578,208.39999389648438,220.0,436062,219.44000091552735,72.70193671894326,5.850924448129898,67.73674071951396,55.96113737896269
2025-05-27,225.0,225.6320037841797,216.39999389648438,218.0,238056,220.4200012207031,97.21448420608804,6.146396448246062,66.72184079485102,79.76160163529809
2025-05-28,231.0,238.33999633789062,222.35000610351562,224.8000030517578,697647,221.44000091552735,84.78441578816849,6.504358286154885,79.1452891578144,113.9475719754169
2025-05-29,220.0,233.23500061035156,217.60000610351562,223.0,453183,221.4800003051758,51.66052936813978,6.692399268986613,64.5259884611867,72.16172368774744
2025-05-30,227.39999389648438,227.8990020751953,217.0,221.1999969482422,259709,222.35999908447266,67.06702678866718,6.866888981744433,66.7621688810851,72.40233286099192
2025-06-02,228.0,233.0,221.60000610351562,226.0,307168,223.05999908447265,65.69344211253737,7.017659699810771,60.810808372638014,95.92753173686583
2025-06-03,229.0,230.8000030517578,224.58999633789062,228.0,259184,224.21999969482422,69.01129221290415,7.1456199113118775,57.50915177654435,102.57316337128445
2025-06-04,239.0,239.1510009765625,229.0,230.8000030517578,605657,225.93999938964845,99.51212898804725,7.3958328998357175,65.29967383749252,165.92885188345664
2025-06-05,244.39999389648438,247.39999389648438,232.60000610351562,240.39999389648438,490878,228.1199981689453,92.34693817971196,7.77885213182567,69.02653453189063,206.28824208361254
2025-06-06,245.60000610351562,250.0,243.1999969482422,250.0,307258,230.55999908447265,89.47369958074837,8.226449159678427,68.46846289550255,217.03138963867883
2025-06-09,249.0,251.9499969482422,244.0,250.0,359038,233.83999938964843,93.2261842904208,8.726553698271626,73.79517656986225,192.4502434117387
2025-06-10,251.0,256.0,248.0,249.0,300412,236.43999938964845,89.49579966623006,9.245371871890942,72.81249217689223,180.31003557446263
2025-06-11,260.0,262.0,250.14999389648438,251.5,318491,239.33999938964843,96.26865714131175,9.871239754381017,75.90026840247691,177.3651910296306
2025-06-12,259.0,262.5,256.0,262.0,513740,243.23999938964843,93.53049980566905,10.492942323794866,76.32312078351117,154.38414879209805
2025-06-13,249.5,265.0,246.0,265.0,743814,245.45,68.10699989011161,10.903960990037719,71.82175735246622,105.86248623223368
2025-06-16,249.5,252.0,245.0,248.0,328340,247.6,67.70833333333333,11.136528456997043,68.14814814814815,72.47942905342856
2025-06-17,265.0,269.5,236.5,253.5,1334749,251.2,91.42857142857143,11.466965644754016,72.07792207792208,101.33570900406166
2025-06-18,284.0,289.0,262.0,264.0,970094,255.7,93.05555555555556,12.11842198295245,87.6470588235294,177.27592803155164
2025-06-19,279.0,289.5,277.0,281.0,462547,259.1600006103516,84.53608108417863,12.829544072968282,81.23486821468856,167.6561322906396
2025-06-20,279.5,282.5,270.67498779296875,278.0,514998,262.55,84.59405417375226,13.519521387158363,81.21212121212122,134.06115930382666
2025-06-23,277.0,280.0,273.0,279.0,246862,265.35,79.33884297520662,14.089376050714572,78.57142857142857,119.64656380735202
2025-06-24,300.0,304.5,274.5,276.5,898040,270.25,93.74130684005519,14.88890646985637,81.44329896907217,164.379590857991
2025-06-25,299.5,302.0,295.9590148925781,300.0,312921,274.2,92.6470588235294,15.748568459769492,79.91313922476078,160.9800487826564
2025-06-26,319.5,320.0,298.5,300.0,620324,280.25,99.40119760479043,16.88404899722528,83.31830386098292,176.0080972633276
2025-06-27,335.5,336.3420104980469,316.0,318.0,986716,288.85,99.15665710871943,18.349671983035535,85.02024291497976,188.1878372257659
2025-06-30,333.5,343.5,332.25,335.0,724595,297.25,90.65420560747664,19.871660034693786,83.40080971659918,175.92205666126375
2025-07-01,332.5,349.0,322.5,349.0,505534,304.0,85.33333333333333,21.28794554022181,81.38528138528139,150.49459159430887
2025-07-02,333.5,345.20001220703125,330.07501220703125,340.0,513597,308.95,86.22222222222223,22.53116959309302,82.25108225108225,133.78410276392182
2025-07-03,344.5,345.0,332.5,345.0,282416,315.5,96.0,23.72489570342348,90.5982905982906,123.83961661987459
2025-07-04,340.5,348.0,337.3800048828125,342.0,603213,321.6,92.44444444444444,24.70712886688276,87.60330578512396,111.05345604241465
2025-07-07,343.5,347.0,337.0,343.0,1383459,328.25,93.67816091954023,25.496862766487848,86.17511520737327,99.71114335775108
2025-07-08,346.0,350.0,338.0,344.5,267195,332.85,94.95745429000331,26.106316233005074,83.69565217391305,93.3642640473451
2025-07-09,349.5,353.5,336.79998779296875,342.0,241514,337.85,95.17054100758656,26.56716373926688,88.95027624309392,87.5453673114466
2025-07-10,352.0,354.0,347.0,349.5,370201,341.1,97.53086419753086,26.890043620563375,89.1891891891892,88.26094354343965
2025-07-11,347.5,355.0,341.5,355.0,307965,342.3,90.6832298136646,26.9764394499947,87.3015873015873,75.97525705137193
2025-07-14,346.0,350.0,339.52398681640625,350.0,338040,343.55,84.75635190770447,26.82466625882241,81.5068493150685,64.68886011004807
2025-07-15,344.5,358.5,344.0,344.0,386857,344.75,76.66666666666667,26.446499076703454,80.4054054054054,70.3928525328059
2025-07-16,333.5,345.5,329.69500732421875,343.0,477829,344.75,41.1764705882353,25.71048117914676,60.76923076923077,31.053862901790207
2025-07-17,343.5,349.75,335.0,336.0,522654,344.65,58.333333333333336,24.889697432517202,56.77966101694915,48.265520119853555
2025-07-18,344.5,349.5,340.6000061035156,342.0,169028,345.05,61.111111111111114,24.01803669499289,59.48275862068966,53.86485655905274
2025-07-21,344.0,351.0,340.0,348.3999938964844,126826,345.1,49.661504298206765,23.097461969484552,60.0,54.00047224297122
2025-07-22,341.0,350.0,341.0,342.0,498131,344.6,39.24664311852541,22.093979916390115,56.30252100840336,42.73692677861911
2025-07-23,324.0,342.0,317.0,324.0,955459,342.05,16.867469879518072,20.769555623338082,34.35114503816794,-123.15569133210298
2025-07-24,304.0,331.5,303.0,318.0,772543,337.25,1.8018018018018018,18.946973124311164,27.607361963190172,-272.17964364766544
2025-07-25,309.5,313.0,290.0,290.0,277431,333.45,28.467153284671532,16.952262802401556,29.76190476190476,-278.1881480659163
2025-07-28,311.5,317.5,308.0329895019531,312.0,370044,330.0,31.386861313868614,14.947503302848128,29.34131736526946,-170.45433521216194
2025-07-29,306.0,316.0,301.75,309.5,371310,326.15,23.357664233576642,12.91972030776155,24.56140350877193,-162.4715490170312
2025-07-30,306.0,309.0,298.0,298.0,220602,323.4,23.357664233576642,10.954359711096878,22.289156626506028,-145.88180579339232
2025-07-31,304.0,308.5,300.5,303.0,335789,319.45,20.437956204379564,9.074275680992248,22.981366459627324,-121.68692627275772
2025-08-01,288.0,308.0,282.0,302.0,880080,313.8,7.8431372549019605,7.070245697190572,19.473684210526315,-142.43120972922853
2025-08-04,279.5,292.0,268.0,286.0,1314559,307.35,13.855421686746988,4.941856298377081,18.137254901960787,-158.63816037478156
2025-08-05,273.0,297.0199890136719,273.0,287.0,519558,300.55,6.024096385542169,2.732127322916476,18.974358974358964,-132.38232234049298
2025-08-06,260.5,274.0,252.54299926757812,274.0,1240547,294.2,8.081701324669375,0.3815966506689219,8.499999999999986,-162.25184060303957
2025-08-07,247.0,265.5,247.0,265.5,799265,288.5,0.0,-2.1502214467760976,6.666666666666657,-165.39939490273449
2025-08-08,253.0,256.5,241.5,250.0,448012,282.85,10.599078341013826,-4.562317616565938,11.440677966101703,-153.0575783648514
2025-08-11,247.5,255.58399963378906,244.5,252.5,435455,276.45,5.970149253731344,-6.850279177519522,11.203319502074692,-137.9702444464286
2025-08-12,243.0,250.5,238.0,248.0,435108,270.15,5.347593582887701,-8.996678544719439,12.5,-130.26495302760043
2025-08-13,240.5,251.0,238.0,251.0,322930,263.6,3.1446540880503147,-10.961212459446251,14.917127071823202,-115.04174966279483
2025-08-14,236.0,242.5,235.8800048828125,240.0,451751,256.8,0.14701681495473587,-12.755584569208356,8.938547486033528,-111.8572865266938
2025-08-15,230.5,238.5,230.5,238.0,376536,251.05,0.0,-14.407915335474096,6.451612903225794,-110.14088555177973
2025-08-18,230.0,234.5,228.0,230.0,257984,246.1,2.4691358024691357,-15.859738084825672,6.818181818181827,-104.86768129070727
2025-08-19,230.5,234.1300048828125,225.0,234.0,375258,241.85,6.586826347305389,-17.065654586949204,7.344632768361592,-97.08068962023403
2025-08-20,232.5,234.0,224.0,234.0,400844,239.05,10.119047619047619,-17.983420770842528,9.604519774011294,-88.67868891251317
2025-08-21,236.5,242.0,231.0,232.0,607717,238.0,17.118600220084346,-18.56766358034566,16.33986928104575,-68.37973959709737
2025-08-22,236.5,238.5,232.5,236.0,352682,236.35,17.118600220084346,-18.869913965561107,18.382352941176464,-65.10275674103856
2025-08-26,238.5,247.5,232.6999969482422,239.0,371818,235.45,29.0,-18.904655314868567,22.834645669291334,-51.14856475497563
2025-08-27,235.5,240.58599853515625,232.0,239.0,611297,234.7,27.710843373493976,-18.774681698424153,26.851851851851848,-58.30766710893373
2025-08-28,240.5,240.5,227.58999633789062,233.0,718928,234.7,50.76923076923077,-18.425717987160432,42.857142857142854,-54.84983983631688
2025-08-29,239.5,244.0,239.0,239.0,536029,235.05,49.07548182535392,-17.931747258908892,33.33333333333333,-30.30309201616551
2025-09-01,245.0,248.5,234.0,234.0,240332,236.5,77.77777777777777,-17.244164336513148,46.91358024691358,-13.105021029398422
2025-09-02,236.5,245.0,233.0,244.0,734789,237.15,46.2962962962963,-16.567582871642035,42.69662921348315,-34.21600148828221
2025-09-03,237.0,240.0,231.0,234.0,313169,237.8,53.06122448979592,-15.887626344980983,45.88235294117647,-45.38750552116009
2025-09-04,243.5,245.5,236.8800048828125,237.5,349932,238.9,79.59183673469387,-15.10128402179798,58.42696629213483,35.06050361006305
2025-09-05,245.0,247.0,240.4290008544922,244.0,381776,239.75,85.71428571428571,-14.231132001447737,67.90123456790124,76.89324624036895
2025-09-08,245.0,248.5,241.2050018310547,245.0,168387,240.6,85.71428571428571,-13.321628864848183,68.75,98.13331233688818
2025-09-09,245.0,254.0,241.5,254.0,371409,241.25,70.0,-12.404776181373146,68.35443037974684,133.82818416094568
2025-09-10,242.0,247.0,239.5,239.5,223704,241.9,54.56267195745797,-11.550970130713592,61.72839506172839,71.85380399850773
2025-09-11,252.5,254.0,241.0,242.0,218163,243.1,94.32033399468224,-10.587590047139432,67.02127659574468,156.7159132244512
2025-09-12,253.0,259.302001953125,250.60000610351562,252.5,431693,244.45,80.12739392901238,-9.573924591083331,67.36842105263158,189.38399505399502
2025-09-15,255.5,261.5,250.0,250.0,250000,245.5,82.30610630483557,-8.520172305319361,67.70833333333334,176.0849224836215
2025-09-16,252.0,260.39300537109375,251.5,255.0,300038,247.05,71.98466831598964,-7.5329550670712635,67.01030927835052,145.20964286749268
2025-09-17,253.5,255.0,251.0,252.0,98413,248.7,73.77049180327869,-6.598091514246528,64.44444444444444,115.11857775031379
2025-09-18,258.0,261.0,253.0,254.5,224086,250.15,88.52459016393442,-5.658216072401048,69.0721649484536,141.2646673554162
2025-09-19,258.5,268.5,255.0,259.5,438509,251.5,73.33333333333333,-4.743595672400211,65.51724137931035,149.49288034268335
2025-09-22,263.0,270.0,255.0,258.5,255473,253.3,82.05128205128206,-3.8101440701997147,83.54430379746836,145.03499908376702
2025-09-23,266.0,274.0,263.0,265.0,1096445,255.4,78.4482730271271,-2.857275173812334,84.52380952380952,160.09450739563866
2025-09-24,268.0,279.0,256.0,256.0,364536,258.0,72.15189873417721,-1.9037657156966423,82.66666666666667,139.6536536394063
2025-09-25,258.0,269.0,256.0,264.0,534791,258.55,46.835443037974684,-1.1550443996793653,64.13043478260869,78.7993138075018
2025-09-26,263.0,264.5,252.0,252.0,2323217,259.55,59.49367088607595,-0.4915248727122985,67.64705882352942,63.24367389255992
2025-09-29,321.5,322.739990234375,264.0,264.0,1480061,266.15,98.51034312848473,1.018262651436901,84.93150684931507,319.0118375609246
2025-09-30,323.0,341.32000732421875,317.0,322.0,1933606,273.25,81.73843103398974,3.000939801838446,87.5,338.20410441805615
2025-10-01,329.5,336.5,320.0,335.0,423659,280.85,87.05649761694227,5.2729437510053945,87.01923076923077,248.46346876056535
2025-10-02,331.0,340.0,320.0,320.0,638630,288.15,88.69907304367703,7.619103449639336,87.14285714285714,191.89337388474945
2025-10-03,334.0,336.5,325.70001220703125,334.0,396827,295.7,91.89547527610094,9.919250737071465,87.20379146919431,153.8525702362618
2025-10-06,325.0,334.0,323.0,334.0,402557,301.9,81.93090566784903,11.903783092472803,82.88288288288288,117.23409458853449
2025-10-07,317.0,328.6300048828125,316.5,326.0,533482,307.0,72.77204956338547,13.431695200409361,77.02127659574468,87.7094210119145
2025-10-08,321.0,324.0,316.5,318.0,160679,312.3,77.25032953651689,14.626515019489485,76.92307692307693,76.53597532684623
2025-10-09,323.5,328.0,320.0,321.5,219513,318.85,80.04925451972402,15.55647386923889,77.3109243697479,74.35460010751024
2025-10-10,350.5,367.0,322.0,324.0,1198466,327.6,85.65217391304348,16.666985895103554,80.91872791519435,108.15337652537353
2025-10-13,333.0,368.0,331.5,368.0,721977,328.75,69.82758620689656,17.51526056698921,71.47435897435898,93.78250438959981
2025-10-14,318.0,338.5,315.5,332.5,533159,328.25,56.89655172413793,17.87546492465359,64.79289940828403,48.555908316355726
2025-10-15,307.5,326.989990234375,302.0,320.0,929632,326.05,47.8448275862069,17.702610589299653,64.60176991150442,19.036665900197807
2025-10-16,305.0,310.0,297.5,307.0,400686,323.45,39.42307692307692,17.124472831823322,62.57485029940119,-5.125983264780296
2025-10-17,302.0,302.14300537109375,293.5,300.0,751157,320.25,11.409395973154362,16.2357248282079,41.255605381165914,-24.732298788782913
2025-10-20,311.0,313.70001220703125,295.0,295.0,1003104,318.85,23.48993288590604,15.305467221325689,44.957983193277315,-11.687762208646518
2025-10-21,327.0,331.5,310.0,314.0,698456,319.85,44.966442953020135,14.618344239716638,49.02723735408561,34.040005981333096
2025-10-22,334.0,338.5,327.0,328.0,517399,321.15,54.36241610738255,14.197996201212803,51.119402985074636,66.46363337643317
2025-10-23,329.0,337.5,317.5799865722656,328.0,991026,321.7,47.651006711409394,13.854760682454401,48.161764705882355,41.60106353862787
2025-10-24,329.0,338.0,326.5,335.0,229138,319.55,47.651006711409394,13.546272968092548,51.574803149606296,54.20294867915342
2025-10-27,330.0,338.5,324.0,338.5,255821,319.25,48.993288590604024,13.260815659819079,55.41666666666667,46.6976561086469
2025-10-28,331.5,333.0,315.0,315.0,216740,320.6,51.006711409395976,12.998465050359908,54.46808510638298,14.151128999239543
2025-10-29,324.0,330.5,317.0,317.5,513615,322.25,40.939597315436245,12.61506587370105,50.20408163265306,-4.352670594966742
2025-10-30,317.5,325.0,312.0,323.0,306492,323.5,32.214765100671144,12.043438228004103,33.82352941176471,-43.582565123497936
2025-10-31,313.0,322.5,308.5,308.5,299455,324.6,43.333333333333336,11.284553986609271,38.764044943820224,-63.02915926167517
2025-11-03,308.0,316.739990234375,303.2749938964844,312.5,485489,324.3,32.22222222222222,10.34259104378663,43.67088607594937,-91.21864652311228
2025-11-04,306.5,308.0,299.9620056152344,300.0,223473,322.25,28.88888888888889,9.287752690704135,49.285714285714285,-107.83472976995184
2025-11-05,306.5,314.5,300.8999938964844,303.0,353504,319.5,28.88888888888889,8.19629391963584,51.11111111111111,-81.3702544335235
2025-11-06,307.5,320.0,305.0,308.0,466578,317.35,28.735632183908045,7.136371656530723,54.198473282442755,-54.09734145499057
2025-11-07,300.0,309.5,293.77398681640625,298.5,538350,314.45,13.92034017885045,6.015855387920791,41.40624999999999,-103.83630758733207
2025-11-10,301.5,307.5,299.5,302.5,169415,311.6,17.274093158895237,4.926319557547399,24.24242424242425,-86.38373570927553
2025-11-11,305.0,312.5,300.5,302.5,234300,308.95,25.099516778999742,3.957929311347423,18.478260869565204,-59.556787622406496
2025-11-12,312.5,314.5,303.76300048828125,306.5,282434,307.8,41.86828167922368,3.2268725853729583,32.98969072164948,-29.440173364727944
2025-11-13,330.0,332.0,311.0,316.0,656652,309.05,80.99539977974621,2.954742697402036,50.75757575757576,59.14794785669157
2025-11-14,319.5,331.5,314.5,321.0,613346,309.7,65.58406296144732,2.8102689351904333,43.04635761589404,36.4616308776959
2025-11-17,320.0,325.0,313.0,325.0,286679,310.9,68.60776471151773,2.754953149456296,42.281879194630875,14.780462455793483
2025-11-18,315.0,321.0,306.5,314.5,220980,311.75,55.52766667465013,2.6723684257249696,43.75,-20.908927568954553
2025-11-19,314.5,323.0,311.5,313.5,400293,312.55,54.21965687096336,2.562953211442926,47.72727272727273,2.0965508843311005
2025-11-20,320.0,323.5,313.5,314.5,228792,313.8,68.60776471151773,2.524364690757678,55.223880597014926,29.93294851920547
2025-11-21,319.0,320.5,308.5,315.0,591851,315.7,65.99174510414421,2.5104838897855295,58.73015873015873,11.136655610011516
2025-11-24,326.0,329.0,315.0,325.0,359166,318.15,84.30388235575887,2.6187760744627866,64.23357664233578,92.24631632893531
2025-11-25,332.5,333.5,320.6000061035156,324.0,297941,320.9,97.48275772003976,2.8957020477019797,67.33333333333333,146.34486409436678
2025-11-26,329.5,338.0,317.0,334.0,465291,322.6,80.78054206533545,3.2093443569464783,64.28571428571428,132.606298747365
2025-11-27,338.0,339.5,328.0,330.0,158789,323.4,96.25,3.6578558968049757,74.35897435897436,171.96558473625174
2025-11-28,339.5,344.5870056152344,332.0,332.5,326036,325.4,88.46143995436935,4.182983771946192,74.35897435897436,167.58631254132027
2025-12-01,344.5,349.8999938964844,335.5,340.0,334416,327.85,88.29573949757146,4.798843424415175,74.84276729559748,171.29183064521564
2025-12-02,356.5,358.5,337.5,344.0,360643,332.0,96.15384615384616,5.619803073086854,76.19047619047619,187.34529192796057
2025-12-03,351.5,360.0,349.0,360.0,326762,335.7,84.11214953271028,6.433698616831371,65.03496503496504,172.02062020005923
2025-12-04,355.5,359.0,347.01300048828125,351.0,198289,339.25,91.58878504672897,7.249654730426771,77.6923076923077,146.55557686619397
2025-12-05,354.0,365.0,353.0,353.0,308621,342.75,81.19658119658119,7.983673547989976,75.75757575757575,142.71575264003175
2025-12-08,360.0,362.0,353.5,359.5,481485,346.15,91.15044247787611,8.705387265243663,83.58208955223881,127.90490661864322
2025-12-09,367.5,368.0,357.5,360.0,233620,349.65,99.15966386554622,9.481371739540787,85.8108108108108,134.7399770674497
2025-12-10,385.0,385.0,354.0,368.0,597703,355.2,100.0,10.508285999680798,87.79069767441861,155.35304738957996
2025-12-11,396.5,402.5,382.0,389.0,577652,361.05,93.14285714285714,11.798170919932241,90.15544041450777,191.35165695607807
2025-12-12,392.0,415.5,391.9419860839844,403.0,2884186,366.3,76.14213197969544,13.086577566553895,85.1063829787234,178.7591205736581
2025-12-15,402.5,410.0,392.5,394.0,820283,372.1,86.80203045685279,14.444211664601093,85.71428571428571,159.08014635929948
2025-12-16,394.0,403.5,381.51300048828125,392.0,626643,375.85,75.42857142857143,15.60553294947983,81.15942028985506,119.84314449987957
2025-12-17,389.5,398.0,384.0,395.0,905998,379.65,68.8622754491018,16.4755677474685,75.87939698492463,100.44079371356668
2025-12-18,395.0,395.0,384.0,390.0,1269408,383.6,74.375,17.167619293044684,76.81159420289855,91.17613329799788
2025-12-19,404.0,407.0,394.5,395.0,339764,388.6,85.25641025641026,17.816297165105816,77.67441860465117,107.56256337455224
2025-12-22,396.0,404.4570007324219,387.5920104980469,400.0,467546,392.2,71.52744296139974,18.235542220211613,69.08212560386474,80.96336972318143
2025-12-23,393.5,401.5,389.5,396.0,123111,394.8,67.87711513593817,18.407557182667016,70.79207920792079,69.8991824908216
2025-12-24,396.0,396.0,389.5,393.5,102514,395.9,68.8,18.413527297719575,70.35175879396985,60.88955066186317
2025-12-29,401.0,401.0,391.0769958496094,396.0,256672,396.35,76.61290322580645,18.352914682334045,72.81553398058253,66.72911211565932
2025-12-30,403.5,405.0,382.5,404.0,827961,397.5,80.48780487804878,18.251802749799925,71.85929648241206,59.366389201710334
2025-12-31,405.5,407.5,400.0,404.0,105326,397.8,83.73983739837398,18.120916365944154,70.2127659574468,81.51661852105678
2026-01-02,403.5,412.0,403.0,406.0,415592,398.75,64.69238187424463,17.905019147556835,61.78343949044586,85.91367064664054
2026-01-05,403.0,410.0,388.3389892578125,406.0,554402,400.1,63.22123111900482,17.598370105532315,54.81481481481482,59.218705849645936
2026-01-06,403.5,407.5,395.5,402.0,365236,400.95,72.11926350202903,17.21878159082585,59.055118110236215,68.27773048897971
2026-01-07,407.5,411.0,401.0,411.0,218470,401.3,85.2396100893095,16.837947262466713,54.385964912280706,98.95272479945274
2026-01-08,405.5,408.5,395.0,395.0,475166,402.25,77.96610169491525,16.40601012735044,61.38613861386139,71.1577405630496
2026-01-09,405.5,414.54998779296875,402.5,405.5,2963942,403.45,71.76289784748633,15.927292985674876,67.3913043478261,116.83075497745753
2026-01-12,398.0,409.5,396.5,405.0,496430,403.65,48.36195289721904,15.288390543643898,53.125,33.103305165728024
2026-01-13,395.5,405.0,391.5,400.0,1066084,403.1,40.561637913796616,14.507848005944151,39.75903614457832,-31.25094141824887
2026-01-14,395.0,398.0,374.75,394.5,795290,402.25,50.87941259011506,13.638402001696804,48.529411764705884,-135.05086641664155
2026-01-15,395.5,402.0,392.0,402.0,265999,401.25,52.13569438246358,12.735703354248084,53.125,-29.08015336508291
2026-01-16,392.5,397.0,387.5,397.0,228866,400.15,44.59800362837246,11.782593057014068,44.61538461538461,-87.72926289318382
2026-01-19,396.5,405.0,385.5,405.0,230011,399.5,54.648257967160625,10.88481208191888,42.857142857142854,-46.25158601763837
2026-01-20,388.5,405.0,381.0,405.0,421116,398.0,34.5477492895843,9.916329600119298,29.729729729729726,-108.97279295457642
2026-01-21,382.5,404.5,377.5,389.0,808816,395.5,19.47236778140206,8.835974418918147,21.951219512195124,-141.12384995981728
2026-01-22,393.0,395.8299865722656,383.0,389.0,273236,394.25,45.854285420720984,7.889515995354104,39.39393939393939,-97.9665882907046
2026-01-23,395.0,398.0,382.0,390.0,819323,393.2,50.87941259011506,7.0905234090477745,42.15686274509804,-79.31459331071699
2026-01-26,388.5,401.5,383.5,398.5,375819,392.25,34.5477492895843,6.3059796234750465,36.84210526315789,-82.21306868894486
2026-01-27,390.0,397.0,388.0,390.0,404358,391.7,38.31659466662986,5.581178168720413,33.94495412844036,-68.70172229062156
2026-01-28,388.0,395.0,387.0,390.0,348505,391.0,33.29146749723578,4.887187873545519,33.94495412844036,-80.30445858276266
2026-01-29,384.0,391.5,382.2650146484375,391.5,708181,389.85,26.618705035971225,4.173932980763577,31.623931623931625,-116.31435513329149
2026-01-30,376.5,400.0,376.5,400.0,398819,388.25,5.785123966942149,3.35682205427515,31.623931623931625,-123.52889789921977
2026-02-02,395.5,397.0,373.75,375.0,1561721,388.15,69.6,2.8129335095204575,50.0,-65.86332769471676
2026-02-03,389.0,400.5,386.5,395.5,152772,388.2,48.8,2.358692048518738,46.2962962962963,-22.78193052392223
2026-02-04,387.5,392.5,374.00299072265625,387.5,498065,388.7,44.0,1.9551441706203527,45.12195121951219,-117.66382828213787
2026-02-05,376.5,390.5,370.0,370.0,718476,387.05,18.571428571428573,1.4245699505554927,41.111111111111114,-194.1083657182958
2026-02-06,377.0,378.5,369.0,372.0,591445,385.25,22.22222222222222,0.8469219823770335,38.72832369942196,-228.55941259236212
2026-02-09,388.0,388.0,370.0,377.0,328741,385.2,53.521126760563384,0.44361863084697606,49.720670391061454,-105.8116905464166
2026-02-10,381.0,392.0,379.5,392.0,177366,384.3,36.92307692307692,0.05804092725459692,49.171270718232044,-63.2896949808807
2026-02-11,366.0,385.5,358.8290100097656,385.5,553923,382.1,16.805304943418275,-0.5356625895839882,35.78947368421052,-215.6743010946107
2026-02-12,350.0,372.5,347.0,368.0,786870,378.7,5.504587155963303,-1.4827421865726216,29.35779816513761,-288.62801849344095
2026-02-13,360.5,364.0,350.0,350.0,331821,377.1,25.233644859813083,-2.4307627502255396,37.610619469026545,-209.75758166606934
2026-02-16,356.5,368.0,356.5,358.0,174375,373.2,17.757009345794394,-3.3879537528948274,35.497835497835496,-155.86217913406804
2026-02-17,352.0,360.0,348.5,360.0,173420,369.5,9.345794392523365,-4.364788114915027,34.7457627118644,-164.80659603149155
2026-02-18,355.0,361.5,346.0,358.0,125617,366.25,16.513761467889907,-5.244915799738928,37.60683760683761,-133.80190653238617
2026-02-19,364.0,373.5,354.5,360.0,398827,365.0,33.027522935779814,-5.862747897600611,44.725738396624465,-69.53780598222822
2026-02-20,361.0,370.5,360.0,360.0,154831,363.4,27.522935779816514,-6.318291283067923,33.17073170731706,-62.658578045059635
2026-02-23,350.0,371.5,346.5,371.5,283167,359.6,8.602150537634408,-6.809332822250873,31.775700934579447,-93.14394879176122
2026-02-24,343.0,354.0,336.5,350.0,565472,355.8,11.711711711711711,-7.3930437723702145,30.222222222222214,-135.26263853914608
2026-02-25,340.0,359.5,340.0,359.5,192173,353.2,6.306306306306307,-8.035252027064798,32.535885167464116,-112.63813614213159
2026-02-26,347.0,358.5,335.6300048828125,358.5,223634,352.9,20.1702964379373,-8.55046476466116,36.48648648648649,-99.72832522874947
2026-02-27,341.0,352.0,341.0,346.5,237055,350.95,9.526335962995606,-9.035309126345512,27.830188679245282,-102.62082235173685
2026-03-02,335.5,343.5,335.5,340.0,308752,348.85,0.0,-9.542858826329837,28.229665071770327,-125.61822288221983
2026-03-03,338.0,338.5,325.0,330.0,219427,347.45,26.804123711340207,-9.976397053052679,34.78260869565217,-138.7633720504415
2026-03-04,360.0,360.5,337.0,350.0,421781,347.95,72.16494845360825,-9.967084154044278,55.102040816326536,-33.65002754423664
2026-03-05,362.5,367.5,353.5,359.0,378672,347.8,77.31958762886597,-9.618085905627451,51.11111111111111,25.051864948865177
2026-03-06,358.0,368.0,356.5,357.0,218982,347.5,68.04123711340206,-9.124347834351692,50.828729281767956,29.645049304116377
2026-03-09,351.5,358.0,341.0,345.0,476600,347.65,54.63917525773196,-8.648679681067469,49.72972972972973,-37.95368891664831
2026-03-10,275.5,340.0,272.7170104980469,340.0,5547198,340.9,2.7613682782243645,-9.4020962350018,25.981873111782477,-349.97755520333936
2026-03-11,293.0,301.0,271.8450012207031,285.5,1559258,336.2,21.228236454197603,-10.585752373003624,29.59770114942529,-289.54414304287286
2026-03-12,289.5,294.0,271.32000732421875,294.0,1671221,330.45,18.147328813067787,-12.008738521424853,29.512893982808023,-223.3863631825417
2026-03-13,268.0,289.5,268.0,281.0,1056790,323.15,0.0,-13.82278639732237,27.837837837837824,-196.39325262374692
2026-03-16,260.0,273.3179931640625,255.0,260.0,980622,315.6,4.424778761061947,-15.882979202024474,27.688172043010752,-180.95013651860472
2026-03-17,254.5,263.0,254.5,263.0,1747387,307.25,0.0,-18.041000933703415,27.32095490716179,-154.47480081579147
2026-03-18,247.0,259.0,242.5,253.0,606264,295.95,3.585657370517928,-20.22575190562467,23.544973544973544,-140.5672652686338
2026-03-19,246.0,256.0,239.5,246.0,2169298,284.3,5.058365758754864,-22.282583827532978,24.184782608695656,-123.44572748889891
2026-03-20,239.0,257.0,239.0,257.0,840805,272.4,0.0,-24.21231043483164,23.989218328840963,-111.18710871499523
2026-03-23,237.5,244.8000030517578,231.0,237.0,672158,261.0,4.744525547445256,-25.929957306699297,22.764227642276424,-109.24595998635989
2026-03-24,231.0,243.5,229.3509979248047,232.5,562165,256.55,1.1893356969861115,-27.46923890767652,11.834319526627226,-102.76240125107263
2026-03-25,240.5,243.67799377441406,226.0,226.0,791943,251.3,10.211267605633802,-28.601858023810376,15.340909090909093,-91.16497133735751
2026-03-26,276.5,288.0,258.0,270.0,1600662,250.0,38.25757575757576,-28.780666812817593,30.361445783132524,-28.63363960271292
2026-03-27,267.5,274.0,260.43798828125,270.0,1372162,249.95,36.40350877192982,-28.430265097164277,30.0,-35.76813884719703
2026-03-30,260.0,265.5,251.0,265.0,447936,249.95,45.333333333333336,-27.821392921297203,44.52296819787986,-46.309259989802385
2026-03-31,266.0,272.0,259.0,260.0,855240,251.1,58.8235294117647,-26.923297476062306,39.61538461538462,-29.409374075509124
2026-04-01,275.5,277.5,260.0,260.0,698422,253.95,77.95275590551181,-25.678071543507034,44.852941176470594,-12.288063368388745
2026-04-02,274.5,279.10699462890625,269.5,274.0,598339,256.8,78.2258064516129,-24.237976644324217,52.81385281385281,7.180421134943159
2026-04-07,268.0,280.0,266.5,278.5,705886,259.7,67.74193548387096,-22.799694258450344,53.50877192982456,15.13407252539565
2026-04-08,275.5,285.0,274.5,275.0,714363,263.5,79.83870967741936,-21.266321825343674,59.05172413793103,66.68226643570483
2026-04-09,261.5,280.5,261.1199951171875,270.0,426836,266.55,57.25806451612903,-19.92862228374035,55.91836734693878,26.585589573468095
2026-04-10,263.5,273.0,257.0,257.0,3175342,268.85,60.483870967741936,-18.706360946892694,57.08502024291498,17.811736523951513
2026-04-13,264.5,272.0,259.0,272.0,311916,267.65,62.096774193548384,-17.56193700288474,60.851063829787236,28.64245722877923
2026-04-14,274.0,275.0,263.0,270.0,658826,268.3,77.41935483870968,-16.334698464552485,64.5418326693227,62.84467710726182
2026-04-15,279.0,280.0,271.3869934082031,278.0,201450,270.2,85.48387096774194,-15.002885053235397,69.35483870967742,90.35809164394917
2026-04-16,297.5,302.0,280.0,284.0,673459,273.35,91.17647058823529,-13.34599069225729,71.42857142857143,159.88688607918544
2026-04-17,292.5,300.0,292.5,300.0,348101,275.05,81.37254901960785,-11.621552897554876,57.843137254901954,156.4526093563168
2026-04-20,289.5,294.5,285.5,292.5,233930,276.55,75.49019607843137,-9.966553443835743,61.458333333333336,120.37582566483704
2026-04-21,293.0,298.0,284.0,284.0,366994,279.05,80.0,-8.36327815595617,67.93478260869566,119.7432701740375
2026-04-22,295.5,297.0,284.0,284.0,670541,281.05,85.55555555555556,-6.817521270517969,66.66666666666666,114.298534717592
2026-04-23,282.5,288.5,268.0,288.0,968716,283.15,56.666666666666664,-5.580715832979352,53.80434782608696,35.273902292413986
2026-04-24,280.0,287.0,272.0,272.0,338927,284.8,51.111111111111114,-4.629557021999802,52.94117647058823,24.757546281708155
2026-04-27,280.0,283.3399963378906,270.5,280.0,317580,286.35,51.111111111111114,-3.89674560232345,56.896551724137936,10.503685597548513
2026-04-28,281.0,281.0,273.0,275.0,348386,287.05,53.333333333333336,-3.314369395544214,53.41614906832298,9.703457734145353
2026-04-29,283.5,291.5,275.5,281.0,231800,287.5,58.888888888888886,-2.809372030718449,65.94202898550725,44.16175716673062
2026-04-30,289.0,291.5,278.5,283.5,267875,286.65,69.76744186046511,-2.285194606399761,67.58620689655172,60.55459935343181
2026-05-01,309.0,315.67401123046875,286.0,295.0,774736,288.3,87.32959371317399,-1.4521769992716638,74.31693989071039,172.3623963263989
2026-05-05,302.5,313.0,292.5,305.0,574865,289.6,72.3664720243864,-0.5696464068263988,66.10169491525424,140.36872276764103
2026-05-06,300.5,314.0,299.5,306.5,217819,290.35,68.17131422587124,0.2670437611010543,62.57309941520468,134.0405013826498
2026-05-07,304.0,306.5,292.5,300.0,541624,291.2,75.51284037327277,1.0863731669411358,54.60992907801418,97.47950909056112
2026-05-08,310.5,322.5,298.5,298.5,547609,294.0,77.98165137614679,1.953098221612475,62.50000000000001,139.3192694681555
2026-05-11,315.5,317.0,305.0350036621094,311.5,1974662,297.55,87.1559633027523,2.8794153650576932,67.56756756756758,138.52311564027525
2026-05-12,310.0,313.0,304.5,305.5,438007,300.55,77.06422018348624,3.7002125421177743,61.184210526315795,109.37497199447931
2026-05-13,314.0,315.0,306.0,306.0,294548,303.85,84.40366972477064,4.467228435142731,61.935483870967744,112.42071157270084
2026-05-14,321.0,322.5,308.0,308.0,610441,307.6,97.11538461538461,5.2618262151548505,76.92307692307692,129.61704015950292
2026-05-15,315.0,323.5,310.0,310.0,571772,310.2,83.9622641509434,5.9243383969129315,73.33333333333333,107.86410512674561
2026-05-18,343.0,343.0,318.3290100097656,330.0,932386,313.6,100.0,6.9025527824380575,80.58252427184466,178.29557771537716
2026-05-19,354.5,359.0,335.0,348.0,1644911,318.8,94.61077844311377,8.195107048046186,82.37885462555066,212.08040044370162
2026-05-20,374.0,374.4989929199219,348.0,349.0,454723,326.15,99.4802102556033,9.909358434715946,84.67432950191571,227.92885289423418
2026-05-21,370.5,378.0,366.7720031738281,374.0,556710,332.8,91.84782608695652,11.719631628710685,81.71206225680933,205.15939816819667
2026-05-22,377.5,382.5010070800781,362.0,362.0,435920,339.5,94.44338764384214,13.580161419682689,79.65367965367966,174.50872552909337
2026-05-26,394.0,399.5,381.7149963378906,384.5,852431,347.35,94.85981308411215,15.606954954373697,86.45418326693228,179.127061802454
2026-05-27,390.0,401.5,385.0,385.0,406933,355.35,89.44954128440367,17.532322445236687,85.09803921568627,148.0964039696105
2026-05-28,401.5,408.0,389.5,408.0,543782,364.1,94.06392694063926,19.436703185586204,85.97785977859779,139.47891565993262
2026-05-29,398.5,406.5,393.5,400.0,355413,371.85,90.82125603864735,21.13593562598168,83.33333333333333,120.38758741776397
2026-06-01,400.0,416.0,395.0,401.0,738727,380.35,85.65022421524664,22.5932670652548,82.87937743190662,112.73860538142623
2026-06-02,401.0,410.0,397.0,410.0,265760,386.15,86.36363636363636,23.78704371141752,86.69354838709677,98.91045194614834
2026-06-03,368.0,401.0,368.0,401.0,864006,387.5,55.55555555555556,24.17233836401096,67.64705882352942,49.888715874685275
2026-06-04,365.5,377.5,362.0,362.5,296817,386.65,52.35849056603774,23.935714694997085,64.98316498316498,25.324226638440457
2026-06-05,370.0,392.5,360.0,368.5,298781,386.6,52.90310868703255,23.3389294105993,68.70748299319727,32.02178298813221
2026-06-08,373.0,378.0,363.0,378.0,129806,386.15,46.91358024691358,22.542355380674387,62.295081967213115,21.3415837598592
2026-06-09,360.0,382.16900634765625,360.0,374.0,243485,382.75,17.647058823529413,21.403529367359482,52.226720647773284,6.427156937134451
2026-06-10,354.0,373.5,347.0,369.0,238552,379.15,10.144927536231885,19.965376114173658,40.90909090909091,-28.1576637510742
2026-06-11,343.5,369.5,342.5,369.5,228288,373.35,1.3605442176870748,18.20197421767069,38.46153846153846,-59.83767742067605
2026-06-12,349.0,352.0,342.3800048828125,347.0,240704,368.4,8.992115670002239,16.373416520574388,37.662337662337656,-86.19703575095751
2026-06-15,347.5,366.0,340.0,366.0,307050,363.15,9.868421052631579,14.53862649379028,26.86567164179104,-88.5208664083605
2026-06-16,337.5,363.0,337.5,363.0,205275,356.8,0.0,12.603432258363664,25.352112676056336,-115.66183878590245
2026-06-17,328.0,354.0,324.0,354.0,322408,352.8,4.3478260869565215,10.526459966594619,14.832535885167474,-151.7477318165532
2026-06-18,316.5,329.0,311.0,315.0,492465,347.9,5.238095238095238,8.262034540352468,13.716814159292042,-183.0396459616767
2026-06-19,319.5,329.42999267578125,313.0,320.0,516497,342.85,8.585858585858587,6.027854443530517,14.8471615720524,-147.97337494793064
2026-06-22,306.0,329.0,306.0,320.0,226107,336.15,0.0,3.7006276307517068,12.5984251968504,-142.55451033083227
2026-06-23,302.0,313.0,296.0,313.0,349434,330.35,6.217616580310881,1.3648258713632648,16.326530612244895,-147.70163668930778
2026-06-24,303.0,312.5,296.8080139160156,310.0,700547,325.25,7.253886010362694,-0.8410602087615313,17.61658031088082,-129.96451393589197
2026-06-25,304.5,313.5,300.0,308.0,237801,321.35,9.864335635606636,-2.824032894358389,14.973262032085557,-113.86336988331405
2026-06-26,297.0,315.0,292.0,315.0,673827,316.15,5.54514261887501,-4.676558655377988,11.224489795918359,-112.28381446662165
2026-06-29,290.5,310.5,287.0,305.0,463930,310.45,4.046242774566474,-6.4432552302606725,12.021857923497265,-111.51079436548635
2026-06-30,274.5,297.5,273.0,285.0,589437,304.15,1.5544041450777202,-8.304127753541728,10.83743842364531,-132.48269617220825
